listing_id,pf_id,title,description,property_type,property_type_id,category_id,category_name,offering_type,bedrooms,bedrooms_value,bathrooms,bathrooms_value,rooms,rooms_value,completion_status,furnished,utilities_price_type,listed_date,last_refreshed_at,rental_availability_date,age,share_url,share_url_translated,video_id,view_360,plot_size,images_count,zone_name,agent_license_no,payment_methods,price_value,price_currency,price_period,price_is_hidden,price_per_area_price,price_per_area_unit,price_per_area_plot,mortgage_cashback,size_value,size_unit,location_id,location_full_name,latitude,longitude,location_slug,location_type,location_name,location_path_name,region_id,region_name,region_slug,area_id,area_name,area_slug,agent_id,agent_image,agent_is_super_agent,agent_name,agent_email,agent_slug,agent_whatsapp_response_time,agent_total_properties,agent_position,agent_years_experience,agent_transactions_count,agent_languages,contact_phone,contact_whatsapp,contact_email,broker_id,broker_name,broker_address,broker_email,broker_phone,broker_slug,broker_total_properties,broker_license_number,broker_is_exclusive,broker_total_agents,broker_total_super_agents,rera_number,rera_authority_name,rera_permit_url,is_verified,is_direct_from_developer,is_new_construction,is_available,is_featured,is_premium,is_new_insert,is_community_expert,is_cts,is_exclusive,is_broker_project_property,is_smart_ad,is_spotlight_listing,is_claimed_by_agent,is_under_offer_by_competitor,is_pf_exclusive,is_fhm,is_great_value,is_high_demand,is_luxe,listing_level,listing_level_label,lead_value,qs,amenity_codes,amenity_names,image_url_first,has_price_trends,scraped_at,detail_scraped_at
993429,993429,New building | Services available | Quiet area,"New building for sale in Al Hidd area with good income.

Building details:

● Consists of 5 fully rented shops
● Consists of 6 apartments (5 with separate meters, 1 with an entrance meter)
● New commercial investment building with good income
● Corner building in a prime location on a commercial street

Monthly income and price:

Complete building monthly income: 2,600 BD

Shops monthly income: 1,250 BD
Apartments monthly income: 1,350 BD

Building price: 290,000 BD (negotiable)
....................................................................................................................
للبيع مبنى جديد في منطقة الحد بمدخول جيد

تفاصيل المبنى:- 
● يتكون من 5 محلات تجارية مؤجرة بالكامل 
● يتكون من 6 شقق  (5 شقق عداد منفصل) ، (شقة مع عداد المدخل)
● المبنى جديد تجاري إستثماري بمدخول جيد 
● المبنى زاوية وموقع مميز شارع تجاري 


الدخل الشهري والسعر:- 
الدخل الشهري للمبنى كامل: 2600 دينار 
دخل المحلات الشهري: 1250 دينار 
دخل الشقق الشهري 1350 دينار 

سعر المبنى: 290 ألف دينار قابل للتفاوض",,,,commercial_sale,,,,7+,7+,,,,YES,,,,,,,,,,,3,,,,290000,BHD,sell,,,,,,375,sqm,32,Hidd,26.21263313293457,50.67418670654297,hidd,AREA,Hidd,3.32,,,,,,,5673,https://www.propertyfinder.bh/images/pf_agent/picture/2425539d123a9c5f63524753581eeaaa3e1221f4/desktop,,Al Lagoon Real Estate ,allagoonbh@gmail.com,al-lagoon-real-estate,,,,,,,,,allagoonbh@gmail.com,996,Al Lagoon Real Estate,"Office 0, Building 0, Sanad, 0, Central Governorate, PO Box 0",harm_1960@yahoo.ca,+97337222529,al-lagoon-real-estate-996,,,,,,,,,,,,,,,,,,,,,,,,,,,,,,,,100,AN|AC,AN|AC,,,2026-06-05T09:09:08.616835+00:00,
52355115,52355115,Good income | Fully renovated.,"Building for sale in Jurdab.

Renovated building with a stone facade.

Three floors.

7 apartments.

7 electricity meters. (Apartment 7 has its own meter).

6 apartments are currently rented.

Monthly income: 1200 BD (excluding apartment 7).

6 apartments are fully renovated to a deluxe standard.
6 parking spaces.

Asking price: 195,000 BD 
..........
للبيع بناية في جرداب 
المبنى مجدّد مع واجهة حجر
يتكوّن من ثلاثة طوابق.
فيه 7 شقق.
7 عدّادات. ( الشقة السابعه مع عدّاد المبنى ).
6 شقق مؤجّرة حاليّاً.
المدخول الشهري 1200/- دب ( بدون الشقة السابعه ).
6 شقق *صيانة ديلوكس بالكامل*
6 مواقف.

المطلوب: 195000 الف دينار
......................................................................................................................................",,,,commercial_sale,,,,7+,7+,14,14,,NO,,,,,,,,,,,3,,,,195000,BHD,sell,,,,,,355,sqm,83,Jurdab,26.168216705322266,50.57180404663086,jurdab,AREA,Jurdab,2.83,,,,,,,7503,https://www.propertyfinder.bh/images/pf_agent/picture/0fab1df89475b4ecb070e88e4de28ec3de09d530/desktop,,Al Lagoon Real Estate ,allagoonbh@gmail.com,al-lagoon-real-estate,,,,,,,,,allagoonbh@gmail.com,1265,Al Lagoon Properties,"Office 21, Building 603, Nuwaidrat, 46, Central Governorate, PO Box 646",allagoonbh@gmail.com,+97337222529,al-lagoon-properties-v2-1265,,,,,,,,,,,,,,,,,,,,,,,,,,,,,,,,100,AN|CP,AN|CP,,,2026-06-05T09:09:08.616835+00:00,
956889,956889,FREEHOLD AREA! COMMERCIAL LAND FOR SALE! 2 ROADS,"This commercial land parcel classified as B3 (Multi-Storey Commercial) represents an exceptional investment opportunity in the heart of Diyar Al Muharraq. Designed for strategic business development, this plot allows for a versatile mix of retail units and residential apartments, making it a high-yield asset in one of Bahrain's most prestigious master-planned communities.

Property Details:
- Total Land Area: 610 sqm (6,566 sqft)
- Land Classification: B3 (Commercial Buildings 3 Storeys)
- Strategic layout with access from two roads
- Maximum Building Height: 18 meters
- Development Potential: Retail shops on Ground Floor plus 2 floors of apartments
- Prime location with direct visibility from the main road
- Situated directly facing the high-traffic Dragon Mall area
- Freehold status for all nationalities
- Clear boundaries and ready for immediate development

Exclusive Amenities:
- Direct main road exposure for maximum business branding
- Easy access and egress with dual-road frontage
- Located in a rapidly growing commercial hub
- Advanced infrastructure and utility connections available in the area
- High footfall and vehicle traffic area due to proximity to retail landmarks

Prime Location - Diyar Al Muharraq
Diyar Al Muharraq is a visionary city offering a cohesive mix of residential and commercial growth. This specific plot is positioned in a high-demand sector, ensuring long-term capital appreciation and immediate commercial viability.

Nearby Amenities:
- Dragon City Mall and Thai Mart
- Marassi Galleria and high-end beachfront developments
- International schools and medical centers
- 10 minutes from Bahrain International Airport
- Integrated parks and community walkways

_______________________________________________________________

**Asking Price BD 229,810",,,,commercial_sale,,,,,,,,,,,,,,,,,,,,3,,,,219962,BHD,sell,,,,,,610,sqm,276,Al Naseem,26.31142234802246,50.64306640625,diyar-al-muharraq-al-naseem,COMMUNITY,Al Naseem,3.129.276,,,,,,,3026,https://www.propertyfinder.bh/images/pf_agent/picture/efed8613e1503368af098ff9cb396d0af266497b/desktop,,Violeta Abboud,violeta@icarlton.com,violeta-abboud,,,,,,English,,,violeta@icarlton.com,32,Carlton Real Estate,"Office 141, Building 1012, Seef, Road 3621 Block 436, Capital Governorate, PO Box 0",info@icarlton.com,+97336667000,carlton-real-estate-32,,,,,,,,,,,,,,,,,,,,,,,,,,,,,,,,100,,,,,2026-06-05T09:09:08.616835+00:00,
53655337,53655337,Prestigious Campound with 8 luxurious Villa,"This luxurious Campound with 8 luxurious Villa :
Each Villa consists of :
4 master bedrooms, each offering comfort and privacy. The spacious living room is perfect for entertaining, while the well-appointed closed kitchen caters to your culinary desires. Step outside to discover the amazing swimming pool, inviting you to relax and unwind. With a laundry room, storage space, and six bathrooms, every convenience is at your fingertips. Near to all the services needed such as malls, supermarkets with easy access to main roads and highways.

The Villa Features:

- 4 Bedrooms (en-suite with bathrooms)
- 6 Bathrooms
- 2 Living rooms
- Closed Kitchen with Appliances
- Maids room with Bathroom
- Powder room
- Dining Area
- Balcony
- Laundry room
- Private Pool
- Big Garden
- 2 Car Park Garage

Income : each Villa rented 1200 BHD monthly .

For more information or personal viewings, please contact us on +97332225528 or +97317000287.

---------------------------------------------------------------------------------

Underhill Real Estate is a real estate brokerage company certified by the Real Estate Regulatory Authority (RERA) in Bahrain. We offer a comprehensive range of residential and commercial properties for sale and leasing across many areas in Bahrain.",,,,commercial_sale,,,,7+,7+,,,,YES,,,,,,,,,,,3,,,,1900000,BHD,sell,,,,,,4497,sqm,78,Hamala,26.140336990356445,50.478271484375,hamala,AREA,Hamala,4.78,,,,,,,4873,https://www.propertyfinder.bh/images/pf_agent/picture/35a2bd364245f51f3a8a22f8400f0c2cede50c8a/desktop,,Ahmed Alkuwaiti,a.alkuwaiti@underhill.bh,ahmed-alkuwaiti,,,,,,English|Arabic,,,a.alkuwaiti@underhill.bh,449,Underhill Real Estate,"Office 1805, Building 1565, Manama, 1722 Diplomatic Area, Capital Governorate, PO Box 11155",m.abul@underhill.bh,+97317000287,underhill-real-estate-449,,,,,,,,,,,,,,,,,,,,,,,,,,,,,,,,100,BA|AN|AC|CP|PG|PP|SE,BA|AN|AC|CP|PG|PP|SE,,,2026-06-05T09:09:08.616835+00:00,
53376881,53376881,"Land for sale in Al-Ghaynah, between Jaw and Askar","Land for sale in Al-Ghaynah, between Jaw and Askar. Classification: B4* Commercial. Area: 1248.2 sq m. Asking price: 10 dinars per foot. Total price: 134,356 dinars. Contact: Nizar Al-Saghir (36459593) or Abdul-Fattah Hassan (39993932). Masar Al-Mustaqbal Real Estate. All properties wanted directly from owners.",,,,commercial_sale,,,,,,,,,,,,,,,,,,,,1,,,,134356,BHD,sell,,,,,,1248,sqm,79,Askar,26.05678367614746,50.61648178100586,askar,AREA,Askar,1.79,,,,,,,6368,https://www.propertyfinder.bh/images/pf_agent/picture/95a2e2429d6b104ab5fc520845493addf1bb5974/desktop,,Abdulfattah Ali,Future7366@gmail.com,abdulfattah-ali,,,,,,English|Arabic,,,Future7366@gmail.com,1125,Masar Al Mustaqbal Real Estate,"Office 22, Building 584, Saar, 5314, Northern Governorate, PO Box 000",future7366@gmail.com,+97339993932,abdulfattah-hasan-abdulla-ali-1125,,,,,,,,,,,,,,,,,,,,,,,,,,,,,,,,92,,,,,2026-06-05T09:09:08.616835+00:00,
53765999,53765999,Luxury meet Business under One Roof,"Bahrain Bay, uniquely, combines relaxation and luxury
in the heart of the capital. Upon completion Bahrain Bay
will offer a unique lifestyle proposition with residential,
commercial, tourist, retail and public facilities

ONYX Bahrain Bay is a bespoke architectural masterpiece
designed to attract attention. The striking towers are the
height of design elegance and style 

* Available units 
98 Sqm  from    145,500 BD 
120 Sqm  from  177,000 BD 
127 Sqm from   187,500 
Down payment 40%


· 100% Freehold Ownership for expatriates
· Bahrain Golden Visa eligibility for investors

* Near by area 
Four Seasons Hotel 
City Centre Mall 5 min
Avenues Mall Walking distance
Seef Mall 
Water Garden Park
Restaurants
Beach all around
Coffee Shops
Supper Market
Bahrain International Airport 15 min",,,,commercial_sale,,,,2,2,,,,NO,,,,,,,,,,,3,,,,145000,BHD,sell,,,,,,98,sqm,43,Bahrain Bay,26.249584197998047,50.580360412597656,bahrain-bay,AREA,Bahrain Bay,5.43,,,,,,,5189,https://www.propertyfinder.bh/images/pf_agent/picture/715a1027e57d354aea60e90ee804683383499e6c/desktop,,Maher Alimadi,alimadi4@gmail.com,maher-alimadi,,,,,,English|Arabic,,,alimadi4@gmail.com,918,Khawla Real Estate,"Office 17, Building 94, Al Riffa, 917, Southern Governorate, PO Box 0",mohdjamal@live.com,+97336634994,khawla-real-estate-918,,,,,,,,,,,,,,,,,,,,,,,,,,,,,,,,100,AN|AC|CP|SP|VW|SE|SY|LB,AN|AC|CP|SP|VW|SE|SY|LB,,,2026-06-05T09:09:08.616835+00:00,
992415,992415,Top Floor Amazing View With Balcony,"Specious office in prime location with Balcony

Currently Rented for 650 Monthly exclusive 
Price 85,000 BD 
Service charge 850 BD per year

-Central AC
-161sqm
-24 Hours Reception
-Address card
-Covered parking.
-GYM
-Swimming Pool

Located at Sanabis closed to most of the business area in Manama and Seef District, malls, markets, prime residential areas and hotels. with easy access to the main roads in Bahrain ..



////////////////////////////////////////////////////////////////////////////////////////////////////////////////////////
/////////////////////////////////////////////////////////////////////////////////////////
//////////////////////////////////////////////////////////////////////
//////////////////////////////////////////////
////////////////////////////
//////////////",,,,commercial_sale,,,,2,2,3,3,,PARTLY,,,,,,,,,,,3,,,,85000,BHD,sell,,,,,,160,sqm,37,Seef,26.239999771118164,50.5369987487793,seef,AREA,Seef,5.37,,,,,,,5189,https://www.propertyfinder.bh/images/pf_agent/picture/715a1027e57d354aea60e90ee804683383499e6c/desktop,,Maher Alimadi,alimadi4@gmail.com,maher-alimadi,,,,,,English|Arabic,,,alimadi4@gmail.com,918,Khawla Real Estate,"Office 17, Building 94, Al Riffa, 917, Southern Governorate, PO Box 0",mohdjamal@live.com,+97336634994,khawla-real-estate-918,,,,,,,,,,,,,,,,,,,,,,,,,,,,,,,,100,BA|AN|AC|CP|SP|SE|SY,BA|AN|AC|CP|SP|SE|SY,,,2026-06-05T09:09:08.616835+00:00,
53682268,53682268,Commercial Building in Budaiya with 10% ROI,"For Sale: Commercial Building in Budaiya

A great investment opportunity in the vibrant Budaiya area! This commercial building offers reliable and steady rental income.

Property Details:
- Land area: 100 sqm
- Ground floor: 2 retail shops
- First floor: 1 residential apartment + office
- Monthly Income: BHD 450
- Annual Return: 10 %
- Price: BHD 62,000



Budaiya  Area Highlights:
- A strategic location close to essential services and amenities.
- Nearby schools, shops, and health centers.
- Easy access to major roads, making it an ideal investment



For more information and viewing of this property, please call our  Property Consultant Mr. Abdulla Hasan on mobile:  3231 9900 or office line:  +973 1759 1999


For our latest properties please follow us on our social media accounts:
Facebook, Instagram, Twitter & Youtube: @iCarltonBahrain

And visit our website 
For all our property updates.",,,,commercial_sale,,,,3,3,,,,PARTLY,,,,,,,,,,,3,,,,62000,BHD,sell,,,,,,100,sqm,29,Budaiya,26.213165283203125,50.447471618652344,budaiya,AREA,Budaiya,4.29,,,,,,,4941,https://www.propertyfinder.bh/images/pf_agent/picture/2d6cb847c1a65afd45df8d0679f3fcad8e166f7f/desktop,,Abdulla Hasan,abdulla@icarlton.com,abdulla-hasan,,,,,,English|Arabic,,,abdulla@icarlton.com,32,Carlton Real Estate,"Office 141, Building 1012, Seef, Road 3621 Block 436, Capital Governorate, PO Box 0",info@icarlton.com,+97336667000,carlton-real-estate-32,,,,,,,,,,,,,,,,,,,,,,,,,,,,,,,,100,LB,LB,,,2026-06-05T09:09:08.616835+00:00,
53960959,53960959,Pre-School | Ready | Prime area Near Causeway,"For SALE  :
License
CR
Fittings and equipment's 

Asking Price : BHD 65,000 negotiable

Plus Rent : BHD 5,000 PER MONTH


Fully Equipped Preschool / educational property located in a very prime location in Hamala Kingdom of Bahrain. The property is suitable for use as a preschool, daycare, kindergarten, or other educational institution. The building located in an active commercial area, near by the Saudi causeway. 

Land area : 2785.9 Sqm

Building Features : 

Upstairs 
4 rooms
3 toilets 

Ground Floor 
2 rooms 
2 Toilets 

Outside 
Large play ground
Security room with kitchen and toilet. 
Car Parking

For more details and viewing please don't hesitate to  contact me 
on +973 36309005

!@#$%^&*()(*&^%$#@!@#$%^&*",,,,commercial_sale,,,,5,5,,,,YES,,,,,,,,,,,3,,,,65000,BHD,sell,,,,,,2786,sqm,78,Hamala,26.140336990356445,50.478271484375,hamala,AREA,Hamala,4.78,,,,,,,5271,https://www.propertyfinder.bh/images/pf_agent/picture/34663a5fa0f68577e019e1b4b1ea5809e51bfe80/desktop,,Haytham Gomaa,haytham@highbridgebh.com,haytham-gomaa,,,,,,English|Arabic,,,haytham@highbridgebh.com,217,HighBridge,"Office 11, Building 456, Al Muharraq, Muharraq, Muharraq Governorate, ",linasabrawi@highbridgebh.com,+97366747710,highbridge-217,,,,,,,,,,,,,,,,,,,,,,,,,,,,,,,,97,BA|AN|CP|PG|SE|DN|CR|LB|AC,BA|AN|CP|PG|SE|DN|CR|LB|AC,,,2026-06-05T09:09:08.616835+00:00,
53295321,53295321,Prime Location Bright Rented 550 BD,"Specious office in prime location with Balcony

Currently Rented for 550 Monthly Exclusive
Price 76,000 BD 


-Central AC
-161sqm
-24 Hours Reception
-Address card
-Covered parking.
-GYM
-Swimming Pool

Located at Sanabis closed to most of the business area in Manama and Seef District, malls, markets, prime residential areas and hotels. with easy access to the main roads in Bahrain ..

///////////////////////////////////////////////////////////////////////////////////////////////////////////////////////////////////
////////////////////////////////////////////////////////////////////////////////////////////////////////////
//////////////////////////////////////////////////////////////////////////////////////
///////////////////////////////////////////////////////////////",,,,commercial_sale,,,,2,2,3,3,,YES,,,,,,,,,,,3,,,,76000,BHD,sell,,,,,,161,sqm,37,Seef,26.239999771118164,50.5369987487793,seef,AREA,Seef,5.37,,,,,,,5189,https://www.propertyfinder.bh/images/pf_agent/picture/715a1027e57d354aea60e90ee804683383499e6c/desktop,,Maher Alimadi,alimadi4@gmail.com,maher-alimadi,,,,,,English|Arabic,,,alimadi4@gmail.com,918,Khawla Real Estate,"Office 17, Building 94, Al Riffa, 917, Southern Governorate, PO Box 0",mohdjamal@live.com,+97336634994,khawla-real-estate-918,,,,,,,,,,,,,,,,,,,,,,,,,,,,,,,,100,BA|AN|AC|CP|SP|SE|SY,BA|AN|AC|CP|SP|SE|SY,,,2026-06-05T09:09:08.616835+00:00,
53905697,53905697,Investment Building for Sale in Muharraq City 60K,"For sale: an investment building in Muharraq City, strategically located near the Islamic Education Society and Muharraq Secondary Girls School, making it an excellent opportunity for investors seeking stable rental income in one of Bahrain’s active and high-demand areas.

The property is situated in a vibrant and well-connected location close to schools, supermarkets, restaurants, public transportation, and daily services, with easy access to various parts of Bahrain. Its prime location increases the property’s investment value and ensures continuous rental demand.

The building consists of:

* One commercial shop
* Two residential apartments

Each apartment includes:

* One bedroom
* One bathroom
* Kitchen

The units are designed with a practical layout suitable for residential use, making them attractive for tenants looking for affordable accommodation in a central location. The commercial shop also provides an additional source of stable rental income.

The property currently generates a monthly income of 580 BHD, making it a strong investment opportunity for buyers looking for consistent returns and long-term value appreciation.

Property Details:

* Location: Muharraq City
* Near Islamic Education Society & Muharraq Secondary Girls School
* One commercial shop
* Two residential apartments
* Each apartment includes 1 bedroom, 1 bathroom, and kitchen
* Monthly income: 580 BHD
* Land area: 22.5 sqm
* Built-up area: 72 sqm
* 3 electricity meters
* Building age: 4 years

Asking price: 60,000 BHD (negotiable).

This property is an excellent investment opportunity with steady rental income and a prime location in Muharraq City. For more information or to arrange a viewing, please contact directly.",,,,commercial_sale,,,,2,2,4,4,,PARTLY,,,,,,,,,,,3,,,,60000,BHD,sell,,,,,,22,sqm,12,Muharraq,26.25,50.616668701171875,muharraq,AREA,Muharraq,3.12,,,,,,,6751,https://www.propertyfinder.bh/images/pf_agent/picture/591507f46d0836beda7bd64aae4d95ec1843e708/desktop,,Ahmed Zekrait,mr.ahmedy@hotmail.com,ahmed-zekrait,,,,,,English|Arabic|Hindi,,,mr.ahmedy@hotmail.com,600,DAMAC REALESTATE ESTABLISHMENT,"Office 24, Building 1495, Tubli, 1127, Central Governorate, ",ammarzikrat@gmail.com,+97339922003,damac-realestate-establishment-600,,,,,,,,,,,,,,,,,,,,,,,,,,,,,,,,100,VW,VW,,,2026-06-05T09:09:08.616835+00:00,
988713,988713,Building – Prime Location - in Central Manama,"An excellent investment opportunity in the heart of Manama, strategically located on two roads and just steps away from the entrance to the city center and the main souq.
Property Details:
•	Land size: 120 sqm
•	Consists of 5 flats (each approx. 60 sqm) 
o	2 bedrooms
o	1 bathroom
o	Kitchen
•	3 shops directly on the main road
Investment Highlights:
•	All flats and shops are currently rented
•	Monthly gross rental income: BD 855
•	High demand area with continuous rental occupancy
•	Walking distance to Manama’s main souq and central business district
Key Features:
•	Prime central location
•	Dual road access
•	Strong rental yield and long-term demand
Asking Price: BD 140,000 (Negotiable)
Contact us today to arrange a viewing or for more details about this rare investment opportunity",,,,commercial_sale,,,,7+,7+,,,,YES,,,,,,,,,,,3,,,,140000,BHD,sell,,,,,,120,sqm,136,Manama Downtown,26.23276138305664,50.57925033569336,manama-manama-downtown,COMMUNITY,Manama Downtown,5.34.136,,,,,,,5801,https://www.propertyfinder.bh/images/pf_agent/picture/59197c3ebfbbbaa269437d80540525df8c61ef9a/desktop,,Khalil Aryan,k.aryan@underhill.bh,khalil-aryan,,,,,,English|Arabic,,,k.aryan@underhill.bh,449,Underhill Real Estate,"Office 1805, Building 1565, Manama, 1722 Diplomatic Area, Capital Governorate, PO Box 11155",m.abul@underhill.bh,+97317000287,underhill-real-estate-449,,,,,,,,,,,,,,,,,,,,,,,,,,,,,,,,100,AN,AN,,,2026-06-05T09:09:08.616835+00:00,
53489668,53489668,Prime Investment Building for Sale in Tubli Bay,"Investment Opportunity for Sale – Prime Residential & Commercial Building in Tubli Bay

An exceptional investment opportunity in the highly demanded area of Tubli Bay, offering a well-designed mixed-use building with strong rental income and excellent long-term investment potential.

Strategically located in one of Bahrain’s growing and vibrant areas, this property combines residential comfort with commercial value, making it an ideal choice for investors seeking stable monthly returns and high occupancy demand.

The building consists of 3 floors with commercial shops on the ground level and multiple residential apartments with attractive layouts and sea views.

Property Details:

Ground Floor:
The ground floor consists of 2 spacious commercial shops, each featuring a mezzanine floor. The total area of each shop including the mezzanine reaches approximately 280 sqm, making them suitable for various business activities such as restaurants, showrooms, offices, retail stores, or service centers.

First Floor:
The first floor includes 4 residential apartments.
- 2 apartments overlooking the main road
- 2 apartments with beautiful sea views

Each apartment consists of:
- 2 bedrooms
- 2 bathrooms
- Living hall
- Kitchen

Second Floor:
The second floor also includes 4 apartments with the same layout and distribution as the first floor, offering both road-facing and sea-view units.

Third Floor:
The top floor includes:
- 1 sea-view apartment consisting of:
  - 1 bedroom
  - 1 bathroom
  - Kitchen

In addition, there is a separate caretaker room with a bathroom.

Property Features:
- Prime location in Tubli Bay
- Excellent investment opportunity
- Stable monthly rental income
- Mixed-use residential and commercial building
- Sea-view apartments
- High rental demand area
- Spacious commercial units
- Functional and practical layout
- Suitable for long-term investment

Land Area:
620.9 sqm

Built-up Area:
1547.6 sqm

Current Monthly Income:
BD 3,000

Asking Price:
BD 475,000",,,,commercial_sale,,,,7+,7+,,,,PARTLY,,,,,,,,,,,3,,,,475000,BHD,sell,,,,,,1547,sqm,98,Tubli,26.188888549804688,50.54999923706055,tubli,AREA,Tubli,2.98,,,,,,,6751,https://www.propertyfinder.bh/images/pf_agent/picture/591507f46d0836beda7bd64aae4d95ec1843e708/desktop,,Ahmed Zekrait,mr.ahmedy@hotmail.com,ahmed-zekrait,,,,,,English|Arabic|Hindi,,,mr.ahmedy@hotmail.com,600,DAMAC REALESTATE ESTABLISHMENT,"Office 24, Building 1495, Tubli, 1127, Central Governorate, ",ammarzikrat@gmail.com,+97339922003,damac-realestate-establishment-600,,,,,,,,,,,,,,,,,,,,,,,,,,,,,,,,100,AN|CP|DN|CR|LB,AN|CP|DN|CR|LB,,,2026-06-05T09:09:08.616835+00:00,
53851224,53851224,New Building For Sale In Umm Alhassum,"New Building For Sell In Umm Alhassum

in good location

the land size is :173.6 sqm

the build size :347.2 sqm
.............................................................................................................................................................
.............................................................................................................................................................
2 floors
4 flats
all flats
3 bedrooms
2 bathrooms
kitchen
hall
AC
Certain

All ACs are new
.............................................................................................................................................................
.............................................................................................................................................................

for:110,000 bd


.............................................................................................................................................................
.............................................................................................................................................................



مبني جديد للبيع في منطقة أم الحصم
موقع جيد
مساحة الأرض 173.6 متر
مربع مساحة البناء 347.2 متر مربع
المبنى مكون من طابقين
4 شقق
كلهم 3 غرف وحمامين ومطبخ وصالة
المبنى مجهز به مكيفات جديدة وستائر
الدخل المتوقع للمبني 1000 دينار
مطلوب 110 ألف دينار",,,,commercial_sale,,,,7,7,,,,YES,,,,,,,,,,,3,,,,110000,BHD,sell,,,,,,347,sqm,90,Um Al Hasam,26.203079223632812,50.594947814941406,manama-um-al-hasam,AREA,Um Al Hasam,5.34.90,,,,,,,3775,https://www.propertyfinder.bh/images/pf_agent/picture/8430653086b9f35abc193debae1e6b6e0b6bc107/desktop,,Eman Abbas,eman@blackswan.one,eman-abbas,,,,,,English|Arabic,,,eman@blackswan.one,474,Black Swan,"Office 0, Building 0, Seef, 0, Capital Governorate, ",hatem@blackswan.one,+97339775064,black-swan-474,,,,,,,,,,,,,,,,,,,,,,,,,,,,,,,,100,SE,SE,,,2026-06-05T09:09:08.616835+00:00,
53601033,53601033,Restaurant for Sale - Rady to Move / MY,"Key Features:
•	5 Visas Available
•	Kitchen Appliances
•	Chiller
•	Deep Freezer
•	SOP Scan System
•	Delivery Access for Talabat, Jahez and Keeta
•	Parking
•	Prime Location
•	Business Developed Area
•	Price is Negotiable
Price is BD 7000 

Wise Rise Real Estate is committed to providing our clients with the best properties that meet their needs and preferences.

Our company has a team of experienced professionals who are dedicated to helping you find your dream home. We offer a wide range of properties, including apartments, villas, and commercial spaces, that are located in prime locations across the Country.

We understand that buying or renting a property can be a daunting task, which is why we provide our clients with personalized assistance throughout the entire process. Our team will work closely with you to understand your requirements and help you find the perfect property that meets your needs.",,,,commercial_sale,,,,1,1,,,,YES,,,,,,,,,,,3,,,,7000,BHD,sell,,,,,,70,sqm,35,Bu Kowarah,26.1314754486084,50.568843841552734,riffa-bu-kowarah,AREA,Bu Kowarah,1.49.35,,,,,,,5272,https://www.propertyfinder.bh/images/pf_agent/picture/9de5b3d4442898a419b166a77e5522a183843e91/desktop,,Nayla Tabussam,wiserise.bh@gmail.com,nayla-tabussam,,,,,,English|Arabic|Urdu,,,wiserise.bh@gmail.com,934,Wise Rise Real Estate,"Office No 1, Building Bldg 993, Al Muharraq, Road 1615, Block 216, Muharraq Governorate, ",wiserise.bh@gmail.com,+97317097786,wise-rise-real-estate-934,,,,,,,,,,,,,,,,,,,,,,,,,,,,,,,,100,LB,LB,,,2026-06-05T09:09:08.616835+00:00,
53627856,53627856,High Demand street Commercial B3 Land on highway,"Prime Commercial Land for Sale in Galali – Main Road Frontage

An outstanding opportunity to acquire a commercial plot in one of Galali’s most prominent and high-visibility locations. Positioned directly on the main commercial road and opposite Amwaj Islands, this property offers excellent exposure and easy accessibility — ideal for a wide range of business developments.

Property Details:

Price: BD 45 per sq. ft.

Land Area: 1,231 sqm

Zoning: Commercial B3

Frontage: Directly on the main commercial road

Location Landmark: Opposite Amwaj Islands

This plot is perfectly suited for showrooms, retail outlets, mixed-use developments, or long-term commercial investment in a thriving, high-traffic area.

For more information or to arrange a private viewing, please contact:
+973 32083778

Viewings by prior appointment only.",,,,commercial_sale,,,,,,,,,,,,,,,,,,,,3,,,,596328,BHD,sell,,,,,,1231,sqm,93,Galali,26.266666412353516,50.650001525878906,galali,AREA,Galali,3.93,,,,,,,4496,https://www.propertyfinder.bh/images/pf_agent/picture/1b566594513ba166c0f1397c31f51fbc41974d05/desktop,,Muhammad Jahengir Akram,ag2@alforsa.net,muhammad-jahengir-akram,,,,,,English|Arabic|Hindi|Urdu,,,ag2@alforsa.net,116,Alforsa Real Estate,"Office 0, Building Zawia 3, Amwaj Islands, Amwaj, Muharraq Governorate, ",jawad@alforsa.com,+97338821400,alforsa-real-estate-116,,,,,,,,,,,,,,,,,,,,,,,,,,,,,,,,93,,,,,2026-06-05T09:09:08.616835+00:00,
1002938,1002938,Office for sale in an iconic tower in Seef,"In the heart of Seef district in a state-of-the-art technological advances commercial tower that will optimize productivity and efficiency. Special attention has been given to the needs of the most advanced business requirements, dynamic business world of today. The strategic location at Seef, dynamic infrastructure, and designer office spaces all guarantee to put you in the forefront of the business world.
Nearby to the leading malls, banks and other government offices, restaurants, gas station and 15 minutes’ drive to the King Fahad Saudi causeway.

Office Features:
 Fully fitted with glass partitions
 Five executive  offices
 One meeting room
 Reception and waiting area
 Pantry
 Toilets for gents and ladies
 Central air-condition
 Full sea and city view


Building Features:
* Private entrances and access roads
*Smart technology features and security measures
* High-speed 5G fiber Internet access
* Customized and serviced offices
* Gymnasium, Outdoor Pool and Relaxation Area.
* Four high-speed passenger and one service elevators
* Five level of car parks
* Ample car park behind the building with back door access
* Ladies & gents health club with sauna and steam room
* Reception and lobby area


CENTURY 21 Real Estate is recognized as a leader in e-marketing and has received numerous awards. The Sales & Management team is committed to providing the highest standards of service and quality to all our owners, clients & tenants.

Call Century 21 Bahrain today for an appointment. # 17212000 / 39975430",,,,commercial_sale,,,,2,2,,,,YES,,,,,,,,,,,3,,,,110000,BHD,sell,,,,,,166,sqm,37,Seef,26.239999771118164,50.5369987487793,seef,AREA,Seef,5.37,,,,,,,4819,https://www.propertyfinder.bh/images/pf_agent/picture/87114e868f796e76723efd1269f8dd6ecfcd2f72/desktop,,Minguel Jacob Fernandes,michael@century21.bh,minguel-jacob-fernandes,,,,,,English|Arabic|Hindi,,,michael@century21.bh,5,Century 21 Bahrain,"Office 4th Floor, Building Zamil Tower, Manama, Government Avenue, Capital Governorate, PO Box 424",info@century21.bh,+97332166900,century-21-bahrain-5,,,,,,,,,,,,,,,,,,,,,,,,,,,,,,,,100,AN|AC|CP|SP|VW|SE|SY|DN|CR|LB,AN|AC|CP|SP|VW|SE|SY|DN|CR|LB,,,2026-06-05T09:09:08.616835+00:00,
53627797,53627797,LAND FOR SALE IN PRIME LOCATION OF RAMLI DISTRICT,"Land for sale in a prime location of Ramli district in Salmabad, zoning commercial, showroom, shutter space 
Land size - 1398.8sqm.

Close by to Salmabed service station on the main road towards Shaikh Isa Bin Salman Highway. 

CENTURY 21 Real Estate is recognized as a leader in e-marketing and has received numerous awards. The Sales & Management team is committed to providing the highest standards of service and quality to all our owners, clients & tenants.
Call Century 21 Bahrain today for an appointment on 17212000 / 39975430.",,,,commercial_sale,,,,,,,,,,,,,,,,,,,,3,,,,27,BHD,sell,,,,,,13988,sqm,6,Salmabad,26.183332443237305,50.516666412353516,salmabad,AREA,Salmabad,2.6,,,,,,,4819,https://www.propertyfinder.bh/images/pf_agent/picture/87114e868f796e76723efd1269f8dd6ecfcd2f72/desktop,,Minguel Jacob Fernandes,michael@century21.bh,minguel-jacob-fernandes,,,,,,English|Arabic|Hindi,,,michael@century21.bh,5,Century 21 Bahrain,"Office 4th Floor, Building Zamil Tower, Manama, Government Avenue, Capital Governorate, PO Box 424",info@century21.bh,+97332166900,century-21-bahrain-5,,,,,,,,,,,,,,,,,,,,,,,,,,,,,,,,95,,,,,2026-06-05T09:09:08.616835+00:00,
996059,996059,Freehold land for tower in prime location,"A rare investment opportunity to acquire a strategically located freehold plot in Umm Al Hassam, directly next to Ibn Al-Nafees, offering a full sea view and exceptional development potential.
	•	Land Size: 1,599 sqm
	•	Classification: Tower (High-Rise Zoning)
	•	View: Full Sea View
	•	Ownership: Freehold – Open to all nationalities
	•	Location: Prime central location with high visibility and accessibility

Perfectly suited for developing a commercial or mixed-use tower, hotel, serviced apartments, or other high-value business ventures in one of Bahrain’s most established and central districts.

Price: BHD 1,160,000

For investment details and further information, please contact us.",,,,commercial_sale,,,,,,,,,,,,,,,,,,,,1,,,,1160000,BHD,sell,,,,,,1599,sqm,90,Um Al Hasam,26.203079223632812,50.594947814941406,manama-um-al-hasam,AREA,Um Al Hasam,5.34.90,,,,,,,2490,https://www.propertyfinder.bh/images/pf_agent/picture/2f374a174d50f7bf9ab84b1472e91eb062f28a8d/desktop,,Yusuf Alsobaiei,ysubaie@icloud.com,yusuf-alsobaiei,,,,,,English|Arabic|Spanish,,,ysubaie@icloud.com,403,Aqaratcom For Real Estate,"Office Shop 952,, Building Block 905, Al Riffa, Road 525, Southern Governorate, ",ysubaie@icloud.com,+97337733373,aqaratcom-for-real-estate-403,,,,,,,,,,,,,,,,,,,,,,,,,,,,,,,,82,,,,,2026-06-05T09:09:08.616835+00:00,
53681579,53681579,"3 Shops, 2 Floors, Prime Location, Great Deal","Commercial Shops for Sale – Sanad

A great investment opportunity to own commercial shops in a prime location in Sanad. The property features a practical design suitable for various business activities and is located close to residential areas and essential services, making it an ideal choice for commercial investment and stable rental income.

Details:
- Two floors
- Consists of 3 commercial shops, each with an area of 48 sqm
- Bathroom

Features:
- Suitable for commercial investment
- Practical design for multiple uses
- Located in a lively area close to services

Sale Price:
BD 550 for each shop
BD 1,500 for all three shops together

-------------------------------

For more information or to schedule a private viewing, please contact us at +973 17007999

Viewings are conducted by appointment only.

Website: www .M2bh.com

-------------------------------

M² Square Meter Real Estate
A company licensed by the Real Estate Regulatory Authority (RERA), specializing in real estate brokerage, investment consultancy, and property management in the Kingdom of Bahrain.

M² Square Meter Real Estate is the dedicated real estate arm of Jobar, a well-known Bahraini company with over 25 years of distinguished experience and a long-standing reputation for delivering professional and reliable services across multiple sectors.

The company is managed and supervised by a team of expert real estate consultants, ensuring high-level professional standards in providing comprehensive real estate and investment solutions",,,,commercial_sale,,,,1,1,,,,NO,,,,,,,,,,,3,,,,1500,BHD,sell,,,,,,48,sqm,38,Sanad,26.149999618530273,50.58333206176758,sanad,AREA,Sanad,2.38,,,,,,,7359,https://www.propertyfinder.bh/images/pf_agent/picture/497e635adbeb2af6117863d35feaa6ca2762e2a3/desktop,,MOHAMED NADER,Mohammed.m2bh@gmail.com,mohamed-nader,,,,,,,,,Mohammed.m2bh@gmail.com,1163,M2 SQUARE METER,"Office 163, Building 58, Manama, 1701 R 1701, Capital Governorate, PO Box 317",abdulla@m2bh.com,+97317007999,m2-square-meter-1163,,,,,,,,,,,,,,,,,,,,,,,,,,,,,,,,100,CP,CP,,,2026-06-05T09:09:08.616835+00:00,
53460361,53460361,"Prime on 2 roads & corner, S, spacious area","For Sale – Commercial Land in Aali

A distinctive investment opportunity to own commercial land in a prime location in Aali village. It features close proximity to various services and commercial activities and is located on two roads and a corner, giving it high investment value and making it suitable for various commercial and service projects.

Land Details:
Location: Aali
Classification: S
Area: 420 square meters
Located on two roads and a corner

Features:
Prime and high-demand commercial location
Close to Al Mousa Building Materials and Aali Furniture
Suitable for commercial and service projects
Easy access from main roads

An excellent opportunity for investors looking for commercial land in an active location in Aali, suitable for developing a distinctive investment project with a good future return.

Sale price: Negotiable.",,,,commercial_sale,,,,,,,,,,,,,,,,,,,,3,,,,132073,BHD,sell,,,,,,420,sqm,85,A'Ali,26.1634578704834,50.515289306640625,a-ali,AREA,A'Ali,2.85,,,,,,,7359,https://www.propertyfinder.bh/images/pf_agent/picture/497e635adbeb2af6117863d35feaa6ca2762e2a3/desktop,,MOHAMED NADER,Mohammed.m2bh@gmail.com,mohamed-nader,,,,,,,,,Mohammed.m2bh@gmail.com,1163,M2 SQUARE METER,"Office 163, Building 58, Manama, 1701 R 1701, Capital Governorate, PO Box 317",abdulla@m2bh.com,+97317007999,m2-square-meter-1163,,,,,,,,,,,,,,,,,,,,,,,,,,,,,,,,100,,,,,2026-06-05T09:09:08.616835+00:00,
53709904,53709904,Premium 24/7 Cafe & Restaurant | Seef Area,"Turn-Key Commercial Investment in Seef District.

Seize a rare investment opportunity to acquire a fully operational, 24/7 restaurant and cafe situated in the bustling heart of Seef District. This premium commercial asset guarantees a continuous flow of patrons, making it an exceptional addition to any business portfolio.

Spanning a massive 700 square meters, the venue comfortably accommodates up to 200 guests. It features elegant outdoor seating areas and 4 exclusive private VIP rooms, catering to high-end clientele seeking privacy. The facility is sold completely turn-key, boasting a state-of-the-art, fully equipped commercial kitchen and luxurious, high-quality furniture throughout.

What sets this property apart is its active Shisha license, a diverse international menu setup, and its strategic round-the-clock operating hours in one of Bahrain's most vibrant commercial hubs. It offers effortless accessibility from all main road networks.

Key Specs:

Type: 24/7 Restaurant & Cafe (Fully Equipped)

Location: Seef District (Prime Commercial Hub)

Size: 700 SQM (200 Pax Capacity)

Facilities: Outdoor seating, 4 VIP private rooms, premium kitchen

Licenses: Active Shisha License & 24/7 Operational License

Full Sale Price: 70,000 BHD (Negotiable for serious buyers)

Partnership Option: 35,000 BHD

Whether you are looking for full ownership or a strategic partnership, this is a ready-to-generate income asset in a location that never sleeps.

Contact us today for more details or to schedule a private site viewing!",,,,commercial_sale,,,,2,2,,,,YES,,,,,,,,,,,3,,,,58000,BHD,sell,,,,,,700,sqm,37,Seef,26.239999771118164,50.5369987487793,seef,AREA,Seef,5.37,,,,,,,7707,https://www.propertyfinder.bh/images/pf_agent/picture/d35295af7cf12089aa5057d151127029cbc1f2d0/desktop,,Sr Pegasus Agent Dridi,wafa@pegasusbahrain.com,sr-pegasus-agent-dridi,,,,,,English|Arabic|French,,,wafa@pegasusbahrain.com,31,Pegasus Real Estate,"Office 1, Building Elite residence, Manama, Seef, Capital Governorate, PO Box 3134",aziz@pegasusbahrain.com,+97339657733,pegasus-real-estate-31,,,,,,,,,,,,,,,,,,,,,,,,,,,,,,,,100,AN|AC|DN,AN|AC|DN,,,2026-06-05T09:09:08.616835+00:00,
53792792,53792792,9%  ROI Prime Location On 3 Roads,"Residential Building for Sale in Al Busaiteen

Prime location, close to all services and amenities.
The building is situated on a corner plot with access from two streets.
Land size : 414 SQM

The building consists of 8 residential apartments:

Ground Floor (2 apartments):
1- 2 bedrooms, 2 bathrooms, living room, kitchen
2- 2 bedrooms, 2 bathrooms, living room, kitchen

First Floor (2 apartments):
11- 1 bedroom, 1 bathroom, living room, kitchen
12- 4 bedrooms, 3 bathrooms, living room, kitchen, balcony

Second Floor (2 apartments):
21- 2 bedrooms, 2 bathrooms, living room, kitchen, balcony
22- 3 bedrooms, 2 bathrooms, living room, kitchen, balcony

Third Floor (2 apartments):
31- 1 bedroom, 1 bathroom, living room, kitchen
32- 2 bedrooms, 2 bathrooms, living room, kitchen, balcony

Additional Details:
	•	All apartments are fully furnished and fully rented
	
The Building is in strategic location near by  the airport   makes commuting effortless, while the mix of modern and traditional commercial building adds to its charming residential appeal.
 Rental & EWA Details

| Flat No. | Type            | Rent (BD) | Terms                 | EWA Limit |
| 1        | 2BR / 2BA        220       | Exclusive             | —          |
| 2        | 2BR / 2BA        250       | Inclusive             | 50 BD      |
| 11       | 1BR / 1BA        200       | Inclusive             | 40 BD      |
| 12       | 4BR / 3BA        412       | Exclusive             | —          |
| 21       | 2BR / 2BA        300       | Inclusive             | 30 BD      |
| 22       | 3BR / 2BA        310       | Inclusive             | 40 BD      |
| 31       | 1BR / 1BA        260       | Inclusive             | 60 BD      |
| 32       | 2BR / 2BA        200       | Inclusive             | 30
Total Income                  2237  Gross 


**Asking Price BD 300,000 (Negotiable)



___________________________________

For more information and viewing of this property, please call 36787000",,,,commercial_sale,,,,7+,7+,,,,YES,,,,,,,,,,,3,,,,300000,BHD,sell,,,,,,414,sqm,96,Busaiteen,26.27199935913086,50.60900115966797,busaiteen,AREA,Busaiteen,3.96,,,,,,,7299,https://www.propertyfinder.bh/images/pf_agent/picture/4940e91ff0762749c3eb2c9590e86a089d575e77/desktop,,Najeeb Abdulwahed,najeeb@icarlton.com,najeeb-abdulwahed,,,,,,English|Arabic,,,najeeb@icarlton.com,32,Carlton Real Estate,"Office 141, Building 1012, Seef, Road 3621 Block 436, Capital Governorate, PO Box 0",info@icarlton.com,+97336667000,carlton-real-estate-32,,,,,,,,,,,,,,,,,,,,,,,,,,,,,,,,100,BA|CP|SE,BA|CP|SE,,,2026-06-05T09:09:08.616835+00:00,
53461166,53461166,LUXURIOUS FITTED OFFICE IN PRIME LOCATION AT SEEF,"Experience a premium business environment with this luxurious fully fitted office located in the heart of Seef, one of Bahrain’s most prestigious commercial districts. Designed to meet the needs of modern businesses, this elegant office space combines sophistication, comfort, and functionality in a prime strategic location surrounded by leading corporate towers, financial institutions, hotels, restaurants, and retail destinations.

The office features a contemporary interior design with high-quality finishes, spacious working areas, modern lighting, and large glass windows that allow abundant natural light throughout the day, creating a productive and inspiring atmosphere. The layout has been carefully planned to maximize efficiency and provide flexibility for different business operations, making it ideal for corporate headquarters, consulting firms, startups, and professional companies seeking a prestigious address.

This fully fitted office is ready for immediate occupancy and includes dedicated workspaces, meeting rooms, reception area, pantry, and advanced infrastructure to support daily business activities. The building offers excellent facilities including 24/7 security, professional management, high-speed elevators, central air conditioning, and secure parking spaces for both employees and visitors.

Located in a highly accessible area with direct connections to major roads and business hubs across Bahrain, this office provides the perfect opportunity to establish and elevate your business presence in one of the kingdom’s most desirable",,,,commercial_sale,,,,2,2,5,5,,YES,,,,,,,,,,,3,,,,175000,BHD,sell,,,,,,156,sqm,37,Seef,26.239999771118164,50.5369987487793,seef,AREA,Seef,5.37,,,,,,,7694,https://www.propertyfinder.bh/images/pf_agent/picture/ec5c44066b45e0e52a2d2764a4920846a6ff3fcb/desktop,,Mohamed Al Awady,Mohd@haven-re.com,mohamed-al-awady,,,,,,English|Arabic,,,Mohd@haven-re.com,180495,In-Haven Real Estate,"Office 0, Building 0, Manama, 0, Capital Governorate, PO Box 0",mohd@haven-re.com,+97333620231,in-haven-real-estate-v2-180495,,,,,,,,,,,,,,,,,,,,,,,,,,,,,,,,100,AN|AC|CP|SP|SE|CR,AN|AC|CP|SP|SE|CR,,,2026-06-05T09:09:08.616835+00:00,
54014351,54014351,SERVICE-ZONED PLOT | HIGH VISIBILITY | EASY ACCESS,"An excellent opportunity to acquire a service-zoned land in Sitra, a strategic area known for its accessibility and suitability for operational and service-based businesses.

The plot offers direct road frontage, providing high visibility, smooth access, and convenience for service activities. Its regular shape allows efficient planning and optimal use of space, making it ideal for a variety of commercial purposes.

Land Features:
• Land Area: 639.4 SQM
• Classification: S (Service – suitable for workshops, car repair, oil change services, administrative offices, warehouses, and labor accommodation)
• Direct road frontage for high visibility and easy access
• Regular-shaped plot allowing efficient layout and planning
• Located in a well-connected, service-friendly area close to populated regions and main roads
• Ideal for income-generating projects and long-term commercial use

Price:
• 170,000 BHD

This property presents a rare chance to secure a prime service land in a thriving area. Its strategic location, versatile classification, and operational advantages make it a strong investment for businesses seeking accessibility, visibility, and functional space in Sitra.

------------
At Instant Homz real estate, we have a professional and knowledgeable team whose aim is to make the search for your new home an enjoyable experience by properly understanding your needs and doing our best to find that property for you.

For more properties, kindly visit our website: instanthomz
Follow us on Instagram: @instanthomz for more updates and offers!

For more information, please feel free to contact us.",,,,commercial_sale,,,,,,,,,,,,,,,,,,,,1,,,,170000,BHD,sell,,,,,,639,sqm,69,Sitra,26.162988662719727,50.6124267578125,sitra,AREA,Sitra,2.69,,,,,,,5164,https://www.propertyfinder.bh/images/pf_agent/picture/8ae45ea2eed4a317a2049e9b01a1a5693f210eb7/desktop,,Rolin Faouri,Rolin@instanthomz.com,rolin-faouri,,,,,,English|Arabic|Swedish,,,Rolin@instanthomz.com,858,Instant Homz,"Office 32, Building Building 742, Road 831, Block 408, Sanabis, 0, Capital Governorate, PO Box 1234",rouleenfaouri@yahoo.com,+97337766344,instant-homz-858,,,,,,,,,,,,,,,,,,,,,,,,,,,,,,,,100,,,,,2026-06-05T09:09:08.616835+00:00,
53377479,53377479,"Restaurant | Indian and Chinese cuisine, Clientele","Running Restaurant for Sale – Prime Location in Adliya

A fully operational restaurant is available for sale in the vibrant and highly sought-after area of Adliya. Specializing in both Indian and Chinese cuisine, this business offers a turn-key opportunity for investors or entrepreneurs looking to enter the food and beverage industry in Bahrain.

Property Features:

Cuisine Type: Serves popular Indian and Chinese dishes, attracting a diverse customer base.

Dining Capacity: Accommodates up to 60 guests at one time in a comfortable and well-laid-out dining area.

Commercial Registration: Comes with 10 valid CR (Commercial Registration) residence permits, ideal for business operations and staffing.

Staff Accommodation: Includes a 3-bedroom, hall, and kitchen (3 BHK) flat provided for staff convenience.

Size: Spacious premises covering approximately 300 square meters.

Location: Located in a high-traffic, prime commercial zone in Adliya, known for its dining and nightlife scene.

Rent Details: Affordable monthly rent of BHD 850, covering both the restaurant and staff accommodation.

Fully Equipped: Comes with all necessary kitchen equipment, furniture, and fittings – ready for immediate operation.

Clientele: Established business with regular customers and strong delivery potential.

Price: Asking BHD 20,000 (negotiable) – offering excellent value for a running business in a prime location.

Reference Code: ADLYA-20000-REST

This is a rare opportunity to own a functioning restaurant in one of Bahrain’s most popular dining hubs. Serious inquiries only.

We provide Real Estate services all over Bahrain,
Rental of all kinds of Properties; Furnished / Unfurnished Flats, Apartments, Villas, Houses, Buildings, and Staff Accommodation.

If you have any queries please call us anytime, we are ready to serve you.
contact: +97337999600",,,,commercial_sale,,,,3,3,,,,YES,,,,,,,,,,,3,,,,20000,BHD,sell,,,,,,300,sqm,95,Adliya,26.214487075805664,50.584754943847656,manama-adliya,AREA,Adliya,5.34.95,,,,,,,5916,https://www.propertyfinder.bh/images/pf_agent/picture/28f0434ba16d6c5708bcdbe13e31ddf214b03f5a/desktop,,ABDUL JABBAR TAHIR,tahir.abduljabbar@yahoo.com,abdul-jabbar-tahir,,,,,,English|Arabic|Hindi|Urdu,,,tahir.abduljabbar@yahoo.com,905,Luxury Homes,"Office 543, Building 986, Manama, 1234, Capital Governorate, PO Box 85670",company8877@gmail.com,+97333003300,luxury-homes-905,,,,,,,,,,,,,,,,,,,,,,,,,,,,,,,,100,SE|AC|CP,SE|AC|CP,,,2026-06-05T09:09:08.616835+00:00,
53820984,53820984,INVESTMENT OPPORTUNITY | HighROI | Prime Location,"Fully Fitted Men’s Barber Shop for Sale – Prime Juffair Location

A ready-to-operate, fully equipped men’s barber shop available for sale in one of Juffair’s most strategic and high-footfall locations, situated inside a mall. This business benefits from consistent daily traffic, especially from expats, making it a proven and high-demand grooming destination.

The salon is 100% operational, professionally set up, and sold as a complete running business—ideal for investors or owner-operators looking for immediate cash flow.

Key Features & Highlights:

Prime location inside a mall in Juffair

Fully fitted & equipped barber shop (walk-in and operate)

Men-only salon (Can be coverted to ladies salon) 

Mezzanine floor dedicated to:

Manicure & Pedicure

Additional men’s grooming & salon services

Licensed and fully compliant

Sold with all equipment & fixtures

4 employee visas included

Established client base & repeat customers

Excellent opportunity for barbering, hair styling & grooming services

No setup time, no fit-out cost, no delays",,,,commercial_sale,,,,2,2,,,,YES,,,,,,,,,,,3,,,,10000,BHD,sell,,,,,,200,sqm,26,Al Juffair,26.211111068725586,50.601112365722656,al-juffair,AREA,Al Juffair,5.26,,,,,,,6613,https://www.propertyfinder.bh/images/pf_agent/picture/9d4c23d524cbb7bf4ec49f8ad48338762da72c73/desktop,,Mohammad Saiyed,ag3@alforsa.net,mohammad-saiyed,,,,,,English|Arabic|Hindi|Urdu|Gujarati,,,ag3@alforsa.net,116,Alforsa Real Estate,"Office 0, Building Zawia 3, Amwaj Islands, Amwaj, Muharraq Governorate, ",jawad@alforsa.com,+97338821400,alforsa-real-estate-116,,,,,,,,,,,,,,,,,,,,,,,,,,,,,,,,100,BA|AN|AC|CP|SE|DN|LB,BA|AN|AC|CP|SE|DN|LB,,,2026-06-05T09:09:08.616835+00:00,
881387,881387,Great Investment Opportunity fully rented,"A very luxury building in Prime location
fully rented
Yield rental around 7%
BD 2.9 million
",,,,commercial_sale,,,,none,none,,,,YES,,,,,,,,,,,3,,,,2900000,BHD,sell,,,,,,500,sqm,37,Seef,26.239999771118164,50.5369987487793,seef,AREA,Seef,5.37,,,,,,,1649,https://www.propertyfinder.bh/images/pf_agent/picture/bfbb5ac8cbb333dfdbcd2f281296a02ceb573184/desktop,,Maytham Alhayki,m@maytham.co,maytham-alhayki,,,,,,English|Arabic,,,m@maytham.co,238,Maytham Alhayki Real Estate,"Office 21, Building 962, Sanabis, 838, Capital Governorate, ",m@maytham.co,+97339441166,maytham-alhayki-real-estate-238,,,,,,,,,,,,,,,,,,,,,,,,,,,,,,,,72,AC|CP|AN|SE|LB,AC|CP|AN|SE|LB,,,2026-06-05T09:09:08.616835+00:00,
53822471,53822471,Brand New Warehouse |10 Units | 60 and 110 sqm,"Brand new commercial warehouse suitable for storage available for sale in Sitra area.

*total land area: 1342 sqm,
*total 10 shutters,
*front side 6 shutters - 60 sqm,
*back side 4 shutters - 110 sqm,         
*rented units,
*height 12 meters,                          
*single phase EWA connection,
*bathroom provision,                                                         
*drainage,                                                                                         
*no water connection - possible to put water tank and use,
*prime location.

Sale: BD 400,000/-
Ref: ABST10849

More variety of properties are available in different locations in Bahrain,
For more information and viewing please call or WhatsApp:
Abijeet: +973 38000131, office: +973 17280288",,,,commercial_sale,,,,7+,7+,,,,PARTLY,,,,,,,,,,,3,,,,400000,BHD,sell,,,,,,1342,sqm,69,Sitra,26.162988662719727,50.6124267578125,sitra,AREA,Sitra,2.69,,,,,,,4011,https://www.propertyfinder.bh/images/pf_agent/picture/5623964f6786db4fd9660e40a7ed368363eb41a9/desktop,,Abijeet    ,abijeet@agaterealestate.bh,abijeet,,,,,,English|Hindi|Tamil|Malayalam,,,abijeet@agaterealestate.bh,151,Agate Real Estate,"Office 52, Building Matrook Building, Manama, Dimplomatic Area, Capital Governorate, PO Box 0",ivana@agaterealestate.bh,+97366663360,agate-real-estate-151,,,,,,,,,,,,,,,,,,,,,,,,,,,,,,,,100,AN,AN,,,2026-06-05T09:09:08.616835+00:00,
1001952,1001952,Investment Building for Sale with Monthly Income,"Investment Building for Sale | 5 Floors | 30 Apartments | Monthly Income BHD 6,400

Excellent investment opportunity to acquire a fully rented residential building generating stable monthly income.

Total Monthly Income: BHD 6,400

Building Details:

5 Floors

Total 30 Apartments:
 20 One-Bedroom Apartments
 10 Two-Bedroom Apartments

Each Floor Includes:

4 One-Bedroom Apartments

2 Two-Bedroom Apartments

Additional Features:

Elevator

Watchman Room

Parking Spaces for 14 Cars

Zoning: Mixed-Use Buildings (BB)

The building is currently rented on a monthly basis only, providing steady and reliable income.

For Sale Only
Not available for rent.
Not operated on a daily rental basis.

Asking Price: BHD 600,000

For more information or to arrange a viewing, please contact us.

-----------------------------------------------------------------------------------------------------

للبيع مبنى استثماري بعائد شهري ثابت | 5 طوابق | 30 شقة | تصنيف BB

فرصة استثمارية مميزة لامتلاك مبنى قائم ومؤجر بالكامل بنظام الإيجار الشهري، مع دخل ثابت وقائم.

 إجمالي الدخل الشهري الحالي: 6,400 دينار بحريني

تفاصيل المبنى:

عدد الطوابق: 5 طوابق

إجمالي عدد الشقق: 30 شقة
 20 شقة غرفة نوم واحدة
 10 شقق غرفتين نوم

توزيع كل طابق:

4 شقق غرفة نوم واحدة

2 شقة غرفتين نوم

مميزات المبنى:

مصعد

غرفة حارس

مواقف سيارات تتسع لـ 14 سيارة

تصنيف: مباني متعددة الاستخدام (BB)

المبنى مؤجر حالياً بنظام الإيجار الشهري فقط، ويوفر عائد استثماري ثابت، مما يجعله فرصة مثالية للمستثمرين الباحثين عن دخل منتظم.

 العقار للبيع فقط
غير متاح للإيجار، وغير متاح بنظام الإيجار اليومي.

 السعر المطلوب: 600,000 دينار بحريني

للمزيد من التفاصيل أو لترتيب موعد معاينة، يرجى التواصل معنا.",,,,commercial_sale,,,,7+,7+,,,,YES,,,,,,,,,,,3,,,,600000,BHD,sell,,,,,,657,sqm,122,Exhibition Road,26.231962203979492,50.59507369995117,hoora-exhibition-road,COMMUNITY,Exhibition Road,5.14.122,,,,,,,7486,https://www.propertyfinder.bh/images/pf_agent/picture/7daddd47c7323e2235aec5502cdd93891524fa90/desktop,,Ebrahim Alsaleem,e.alsaleem@underhill.bh,ebrahim-alsaleem,,,,,,English|Arabic|Turkish,,,e.alsaleem@underhill.bh,449,Underhill Real Estate,"Office 1805, Building 1565, Manama, 1722 Diplomatic Area, Capital Governorate, PO Box 11155",m.abul@underhill.bh,+97317000287,underhill-real-estate-449,,,,,,,,,,,,,,,,,,,,,,,,,,,,,,,,100,SE|LB|CP|AC,SE|LB|CP|AC,,,2026-06-05T09:09:08.616835+00:00,
1001933,1001933,Investment Building for Sale in Riffa,"Investment Building for Sale in Riffa | Prime Location Behind Kingdom University

A rare investment opportunity to own a well-located building on a busy road in Riffa, directly behind Kingdom University, ensuring high visibility and strong commercial potential.

Property Details:

Land Size: 1,148 sqm

Land Classification: WS**

Consists of:
 One large commercial shop
 9 residential apartments (ideal for staff accommodation or rental income)
 Large basement with dedicated parking spaces

Additional Features:

Located on a busy road

Directly behind Kingdom University

Ample parking spaces available in front of the building

Additional parking available in the basement

Suitable for company headquarters, corporate offices, or staff housing

 Asking Price: BD 550,000

A strong investment opportunity combining prime location, multiple income streams, and excellent parking facilities.

---------------------------------------------------------------------------------------------------

للبيع مبنى استثماري مميز في الرفاع | موقع حيوي خلف جامعة المملكة

فرصة استثمارية نادرة لامتلاك مبنى قائم في شارع حيوي جداً بمنطقة الرفاع، خلف جامعة المملكة مباشرة، مما يمنحه قيمة استراتيجية عالية وحركة نشطة طوال اليوم.

تفاصيل العقار:

مساحة الأرض: 1148 متر مربع

تصنيف الأرض: WS**

يتكون من:
 محل تجاري كبير مناسب لمختلف الأنشطة
 9 شقق سكنية (مناسبة لسكن موظفين أو التأجير)
 سرداب كبير يحتوي على مواقف سيارات خاصة بالمبنى

مميزات إضافية:

يقع على شارع حيوي

خلف جامعة المملكة مباشرة

توفر عدد كبير من مواقف السيارات أمام المبنى

مواقف إضافية في السرداب

مناسب لفتح شركة، مقر إداري، أو سكن عمال

 السعر المطلوب: 550,000 دينار بحريني

عقار يجمع بين الموقع الاستراتيجي، المساحة الكبيرة، وتوفر المواقف، مما يعزز من قيمته الاستثمارية وفرص التأجير.",,,,commercial_sale,,,,7+,7+,,,,PARTLY,,,,,,,,,,,3,,,,550000,BHD,sell,,,,,,1148,sqm,291,Alhajiyat,26.128984451293945,50.58171463012695,riffa-alhajiyat,COMMUNITY,Alhajiyat,1.49.291,,,,,,,7486,https://www.propertyfinder.bh/images/pf_agent/picture/7daddd47c7323e2235aec5502cdd93891524fa90/desktop,,Ebrahim Alsaleem,e.alsaleem@underhill.bh,ebrahim-alsaleem,,,,,,English|Arabic|Turkish,,,e.alsaleem@underhill.bh,449,Underhill Real Estate,"Office 1805, Building 1565, Manama, 1722 Diplomatic Area, Capital Governorate, PO Box 11155",m.abul@underhill.bh,+97317000287,underhill-real-estate-449,,,,,,,,,,,,,,,,,,,,,,,,,,,,,,,,100,LB|CR|SE|CP,LB|CR|SE|CP,,,2026-06-05T09:09:08.616835+00:00,
54014209,54014209,New Prime Location Bright City View,"Key Features:
• Open pantry area for staff convenience
• One well-maintained washroom
• Located in a high-rise commercial tower
• Prime location in a safe and highly accessible district
• Easy access to major highways and main roads
• Tower amenities include:
• Meeting room
• Prayer room
• Reception area

Property info:
- Price: BHD 87,000
- Size: 109 Sqm
- Yearly maintenance charge: 500 BD per Sqm
- Move In Immediately

Nearby Landmarks:
• Bahrain City Center
• Seef Mall
• Bahrain Financial Harbor


////////////////////////////////////////////////////////////////////////////////////////////////////////////////////////////////
////////////////////////////////////////////////////////////////////////////////
//////////////////////////////////////.",,,,commercial_sale,,,,1,1,,,,NO,,,,,,,,,,,3,,,,87000,BHD,sell,,,,,,109,sqm,37,Seef,26.239999771118164,50.5369987487793,seef,AREA,Seef,5.37,,,,,,,5189,https://www.propertyfinder.bh/images/pf_agent/picture/715a1027e57d354aea60e90ee804683383499e6c/desktop,,Maher Alimadi,alimadi4@gmail.com,maher-alimadi,,,,,,English|Arabic,,,alimadi4@gmail.com,918,Khawla Real Estate,"Office 17, Building 94, Al Riffa, 917, Southern Governorate, PO Box 0",mohdjamal@live.com,+97336634994,khawla-real-estate-918,,,,,,,,,,,,,,,,,,,,,,,,,,,,,,,,90,AC|CP|SE|CR|LB,AC|CP|SE|CR|LB,,,2026-06-05T09:09:08.616835+00:00,
53710441,53710441,HIGH-VALUE LAND | SEEF COMMERCIAL | BD ZONING,"COMMERCIAL LAND FOR SALE | BD ZONING

An exceptional opportunity to own a premium commercial plot in Seef, one of Bahrain’s most prestigious business districts. With 958 sqm of land, this property is ideal for offices, retail, showrooms, or mixed-use commercial developments.

Property Highlights:
• Location: Seef Area
• Land Area: 958 sqm
• Zoning: BD (Commercial)
• Suitable For: Offices, retail, showrooms, or mixed-use projects
• Development Use: High-value commercial construction
• Layout Potential: Modern and flexible architectural planning
• Asking Price: BD 391,800
• Investment Potential: Strong demand and high visibility

Location Advantages:
• Prime business district with high foot traffic
• Close to major landmarks, shopping malls, luxury hotels, and residential communities
• Excellent road connectivity and access to main highways
• Prestigious and well-established commercial area

Additional Benefits:
• Large plot size allows flexible design and optimal space utilization
• Secure and lucrative investment with long-term capital growth potential
• Rare opportunity in Seef’s limited commercial land market

Secure this prime commercial land in Seef today. Contact us for more information or to schedule a viewing.

-----------
At Instant Homz real estate, we have a professional and knowledgeable team whose aim is to make the search for your new home an enjoyable experience by properly understanding your needs and doing our best to find that property for you.

For more properties, kindly visit our website: instanthomz
Follow us on Instagram: @instanthomz for more updates and offers!

For more information, please feel free to contact us.",,,,commercial_sale,,,,,,,,,,,,,,,,,,,,1,,,,391800,BHD,sell,,,,,,958,sqm,37,Seef,26.239999771118164,50.5369987487793,seef,AREA,Seef,5.37,,,,,,,6698,https://www.propertyfinder.bh/images/pf_agent/picture/36d63f9f57ab6a9bbcf30299880f9161659fd5e9/desktop,,Loai Bitar,loai@instanthomz.com,loai-bitar,,,,,,English|Arabic,,,loai@instanthomz.com,858,Instant Homz,"Office 32, Building Building 742, Road 831, Block 408, Sanabis, 0, Capital Governorate, PO Box 1234",rouleenfaouri@yahoo.com,+97337766344,instant-homz-858,,,,,,,,,,,,,,,,,,,,,,,,,,,,,,,,100,,,,,2026-06-05T09:09:08.616835+00:00,
53601547,53601547,Investment Opportunity | Permit Ready | High ROI,"Prime Commercial Land for Sale in Adliya – Block 338

Exceptional investment opportunity in the heart of Adliya, Bahrain’s most vibrant dining and lifestyle destination.

This prime commercial plot is located in Block 338, one of the most sought-after areas for restaurants, cafes, boutique concepts, lounges, and upscale commercial developments. 

The property comes with approved building permit plans, making it ideal for investors and restaurant operators looking to establish a presence in a high-demand location.

Property Features:

* Prime location in Block 338, Adliya
* Land Size: 457 SQM
* Approx. 4,919 SQ FT
* Commercial / Special Projects zoning
* Approved building permit available
* Ideal for restaurants, cafes, lounges, and retail concepts
* Surrounded by premium dining destinations
* High visibility and strong foot traffic
* Excellent investment opportunity

 Asking Price:

BD 442,755
(At BD 90 per SQ FT)

The property details also show:

- Road 3846, Block 338, Adliya / Al Qudaybiyah Area
- Special Projects (SP) Zone 
- Existing building permit approved for 3 Floors (Can be used for 3 Commercial Registrations) 


For viewing and more information, contact us today 33114005.",,,,commercial_sale,,,,,,,,,,,,,,,,,,,,3,,,,442755,BHD,sell,,,,,,457,sqm,95,Adliya,26.214487075805664,50.584754943847656,manama-adliya,AREA,Adliya,5.34.95,,,,,,,6613,https://www.propertyfinder.bh/images/pf_agent/picture/9d4c23d524cbb7bf4ec49f8ad48338762da72c73/desktop,,Mohammad Saiyed,ag3@alforsa.net,mohammad-saiyed,,,,,,English|Arabic|Hindi|Urdu|Gujarati,,,ag3@alforsa.net,116,Alforsa Real Estate,"Office 0, Building Zawia 3, Amwaj Islands, Amwaj, Muharraq Governorate, ",jawad@alforsa.com,+97338821400,alforsa-real-estate-116,,,,,,,,,,,,,,,,,,,,,,,,,,,,,,,,100,,,,,2026-06-05T09:09:08.616835+00:00,
53601539,53601539,High ROI| Investment Opportunity | Prime Location,"Restaurant for Sale in the Heart of Adliya, Block 338 – Prime Investment Opportunity

Looking to own a restaurant in one of Bahrain’s most popular and vibrant locations?

This property in Adliya Block 338 is an excellent investment opportunity for entrepreneurs who want to establish a successful business in Bahrain’s busiest dining and entertainment area.

Located in a high foot traffic zone surrounded by well-known restaurants, clubs, and cafés, this property is ideal for any type of dining concept – from fine dining and family restaurants to casual or themed outlets.
________________________________________

Property Highlights

•	Prime location in Adliya, Block 338 – Bahrain’s top food and nightlife destination
•	Property Type: Restaurant / Commercial Building
•	Selling Price: BHD 550,000 (Negotiable)  Also available for Lease.  
•	Land Area: 369 sqm
•	Built-up Area: 409.71 sqm
•	High visibility with excellent foot traffic
________________________________________

Property Features

•	Two floors for dine-in areas: spacious ground floor and first floor
•	Internal kitchen suitable for professional food operations
•	Extra storage space available
•	Toilets:

Two on the ground floor (male & female)
Two on the first floor (male & female)
Two on the terrace floor (male & female)

•	Terrace floor suitable for outdoor dining or lounge area
•	Built-in modern elevator for easy access to all levels
•	Excellent exposure and visibility from the main road
________________________________________


Why This Property

•	Prime investment in one of Bahrain’s busiest commercial and entertainment districts
•	Ready to operate for any restaurant concept
•	Perfect for investors or entrepreneurs looking to establish a thriving business in Adliya
________________________________________

Contact us today for consultation, viewing appointments, and more information about this exceptional investment opportunity.",,,,commercial_sale,,,,6,6,,,,NO,,,,,,,,,,,3,,,,550000,BHD,sell,,,,,,410,sqm,95,Adliya,26.214487075805664,50.584754943847656,manama-adliya,AREA,Adliya,5.34.95,,,,,,,6613,https://www.propertyfinder.bh/images/pf_agent/picture/9d4c23d524cbb7bf4ec49f8ad48338762da72c73/desktop,,Mohammad Saiyed,ag3@alforsa.net,mohammad-saiyed,,,,,,English|Arabic|Hindi|Urdu|Gujarati,,,ag3@alforsa.net,116,Alforsa Real Estate,"Office 0, Building Zawia 3, Amwaj Islands, Amwaj, Muharraq Governorate, ",jawad@alforsa.com,+97338821400,alforsa-real-estate-116,,,,,,,,,,,,,,,,,,,,,,,,,,,,,,,,100,BA|AN|AC|CP|SE|DN|LB,BA|AN|AC|CP|SE|DN|LB,,,2026-06-05T09:09:08.616835+00:00,
53626945,53626945,Prime Area | 5 story building potential,"An excellent opportunity to acquire prime land for sale in Amwaj Islands, strategically located directly in front of Ramada Hotel. This plot offers strong visibility and is suitable for a 5 storey building, making it ideal for residential or mixed-use development.

The land spans 560 sqm and is positioned in one of Bahrain’s most sought-after waterfront communities, known for its strong rental demand, tourism activity, and long-term capital appreciation.

Land Highlights

Land for sale in Amwaj Islands
Plot size: 560 sqm
Suitable for 5 storey building
Prime frontage location
Ideal for residential or mixed-use development

Nearby Landmarks

Located in Amwaj Islands directly opposite Ramada Hotel & Suites by Wyndham Amwaj Islands, with easy access to beaches, restaurants, cafes, and retail outlets. The location also offers convenient connectivity to the airport and main highways.",,,,commercial_sale,,,,,,,,,,,,,,,,,,,,2,,,,375000,BHD,sell,,,,,,560,sqm,113,Amwaj Avenue,26.29302978515625,50.66474151611328,amwaj-islands-amwaj-avenue,COMMUNITY,Amwaj Avenue,3.44.113,,,,,,,4986,https://www.propertyfinder.bh/images/pf_agent/picture/25611686b9b18c554f253c9c5695426788cc138b/desktop,,Bilal Mohamed,bilal4488@gmail.com,bilal-mohamed,,,,,,English|Hindi|Gujarati,,,bilal4488@gmail.com,14,River West Properties,"Office 41, Building 0, Seef, Road 2831, Block 428, Capital Governorate, PO Box 0",bilal@riverwestproperty.com,+97333184488,river-west-properties-14,,,,,,,,,,,,,,,,,,,,,,,,,,,,,,,,100,,,,,2026-06-05T09:09:08.616835+00:00,
53792784,53792784,Luxurious Prime Locations Bright Fitted,"The office boasts a modern interior with premium finishes, generous workstations, contemporary lighting, and expansive glass windows that flood the space with natural light all day, fostering a motivating and productive environment. Its thoughtfully designed layout enhances efficiency while offering adaptability for a range of business activities, making it perfectly suited for corporate headquarters, consulting firms, and similar professional settings.


* Near by area 
Four Seasons Hotel 10 min
City Centre Mall 5 min
Avenues Mall 10 min
Seef Mall 5 min
Water Garden Park
Restaurants
Coffee Shops
Supper Market
Bahrain International Airport 15 min",,,,commercial_sale,,,,2,2,5,5,,YES,,,,,,,,,,,3,,,,175000,BHD,sell,,,,,,156,sqm,37,Seef,26.239999771118164,50.5369987487793,seef,AREA,Seef,5.37,,,,,,,5189,https://www.propertyfinder.bh/images/pf_agent/picture/715a1027e57d354aea60e90ee804683383499e6c/desktop,,Maher Alimadi,alimadi4@gmail.com,maher-alimadi,,,,,,English|Arabic,,,alimadi4@gmail.com,918,Khawla Real Estate,"Office 17, Building 94, Al Riffa, 917, Southern Governorate, PO Box 0",mohdjamal@live.com,+97336634994,khawla-real-estate-918,,,,,,,,,,,,,,,,,,,,,,,,,,,,,,,,97,AN|AC|CP|SE,AN|AC|CP|SE,,,2026-06-05T09:09:08.616835+00:00,
53405265,53405265,PRIME LOCATION | HIGH INVESTMENT POTENTIAL | SP,"Rare investment land for sale in Adhari, one of Bahrain’s most strategic and sought-after areas. Ideal for investors seeking high potential and long-term value, this large plot offers excellent accessibility and flexibility for a variety of development projects.

Details:
• Total area: 12,217.5 sqm, providing substantial space for diverse projects
• Zoning: SP, suitable for a wide range of investment and commercial uses
• Prime location close to main roads, commercial zones, and essential services
• Strong long-term investment potential with high-value growth opportunities
• Clear municipal and planning approvals available for strategic development
• Ideal for large-scale real estate, commercial, or mixed-use projects
• Easily accessible and highly visible, enhancing commercial viability

Price: BHD 3,160,000

Combine location, size, and strategic zoning to create a valuable investment in Bahrain’s growing real estate market. Contact us today to explore this exceptional opportunity and secure a prime piece of Adhari land.

----------------
At Instant Homz real estate, we have a professional and knowledgeable team whose aim is to make the search for your new home an enjoyable experience by properly understanding your needs and doing our best to find that property for you.

For more properties, kindly visit our website: instanthomz
Follow us on Instagram: @instanthomz for more updates and offers!

For more information, please feel free to contact us.",,,,commercial_sale,,,,,,,,,,,,,,,,,,,,1,,,,3160000,BHD,sell,,,,,,12217,sqm,74,Adhari,26.203187942504883,50.54228591918945,manama-adhari,AREA,Adhari,5.34.74,,,,,,,5164,https://www.propertyfinder.bh/images/pf_agent/picture/8ae45ea2eed4a317a2049e9b01a1a5693f210eb7/desktop,,Rolin Faouri,Rolin@instanthomz.com,rolin-faouri,,,,,,English|Arabic|Swedish,,,Rolin@instanthomz.com,858,Instant Homz,"Office 32, Building Building 742, Road 831, Block 408, Sanabis, 0, Capital Governorate, PO Box 1234",rouleenfaouri@yahoo.com,+97337766344,instant-homz-858,,,,,,,,,,,,,,,,,,,,,,,,,,,,,,,,100,,,,,2026-06-05T09:09:08.616835+00:00,
53432567,53432567,Prime Office | For Sale | Al Burhama | Investment,"أكيد، هذا نص مرتب واحترافي مع تعديل المنطقة إلى البرهامة:


---

Rented Office for Sale | Prime Al Burhama | High ROI Investment

Seize a great investment opportunity in one of Al Burhama’s well-located commercial areas. This well-maintained office is fully rented, offering immediate rental income and strong long-term value. Ideal for investors looking for a stable and income-generating commercial asset.

Property Details:

Location: Al Burhama
Type: Commercial Office
Status: Rented (Income-generating)
Total Area: Approx. 34.4 SQM
Condition: Excellent
Building: Well-maintained
Usage: Suitable for various commercial activities

Selling Price:
BHD 26,500
An attractive price for a ready investment in a strategic commercial location.

This office represents a smart investment opportunity with consistent rental income, a strategic location, and strong demand.


---

For inquiries or to schedule a viewing:
Mohamed Salman
WhatsApp: +973 3886 6624
Email: m.salman@bestlocationbh.com",,,,commercial_sale,,,,4,4,1,1,,PARTLY,,,,,,,,,,,3,,,,26500,BHD,sell,,,,,,34,sqm,37,Seef,26.239999771118164,50.5369987487793,seef,AREA,Seef,5.37,,,,,,,6480,https://www.propertyfinder.bh/images/pf_agent/picture/a67774625161740ae87a9cdc2ab1b11b12dbccd4/desktop,,Mohammed Salman,m.salman@bestlocationbh.com,mohammed-salman,,,,,,English|Arabic,,,m.salman@bestlocationbh.com,219,Best Location Properties,"Office 4th Floor, Building Maryam plaza, Seef, 0, Capital Governorate, PO Box 0",hussam@bestlocationbh.com,+97338866638,best-location-properties-219,,,,,,,,,,,,,,,,,,,,,,,,,,,,,,,,100,BA|AN|AC|SE|LB,BA|AN|AC|SE|LB,,,2026-06-05T09:09:08.616835+00:00,
53059498,53059498,Luxury Building | Prime Investment | Sea View,"Luxury Residential Building for Sale – Prime Seafront Location in Amwaj Islands

An exceptional investment opportunity to own a fully renovated residential building in one of Bahrain’s most prestigious locations, Amwaj Islands. The property offers stunning sea views and is ideally situated near Art Rotana Hotel and all essential amenities.

Property Details:

5 Floors
16 Apartments (4 apartments per floor)
Fully renovated inside and out, including all facilities

Apartment Features:

3 Bedrooms (2 Master Bedrooms)
3 Bathrooms
Spacious Living Room
Dining Area
Fully Equipped Kitchen
Private Balcony
Central Air Conditioning
Fully furnished with brand-new modern furniture

Building Amenities:

Swimming Pool
Fully Equipped Gym
Sauna
Ice Bath

Parking:

20 Parking Spaces

Asking Price:
BHD 1,100,000

Location:
Prime seafront location in Amwaj Islands, close to Art Rotana Hotel and all major services and facilities.

Contact:
+973 32225510",,,,commercial_sale,,,,none,none,3,3,,YES,,,,,,,,,,,3,,,,1100000,BHD,sell,,,,,,675,sqm,113,Amwaj Avenue,26.29302978515625,50.66474151611328,amwaj-islands-amwaj-avenue,COMMUNITY,Amwaj Avenue,3.44.113,,,,,,,7486,https://www.propertyfinder.bh/images/pf_agent/picture/7daddd47c7323e2235aec5502cdd93891524fa90/desktop,,Ebrahim Alsaleem,e.alsaleem@underhill.bh,ebrahim-alsaleem,,,,,,English|Arabic|Turkish,,,e.alsaleem@underhill.bh,449,Underhill Real Estate,"Office 1805, Building 1565, Manama, 1722 Diplomatic Area, Capital Governorate, PO Box 11155",m.abul@underhill.bh,+97317000287,underhill-real-estate-449,,,,,,,,,,,,,,,,,,,,,,,,,,,,,,,,100,BA|AC|CP|SP|VW|SE|SY,BA|AC|CP|SP|VW|SE|SY,,,2026-06-05T09:09:08.616835+00:00,
52650145,52650145,Building for Sale in Malkiya Excellent Investment,"A fantastic chance to own a modern residential building in the peaceful area of Malkiya, perfect for investors seeking steady rental income.

Location: Malkiya

Land Size: 461 SQM

Property Age: Only 2 Years

Property Details:

Total of 9 Apartments
8 Apartments with 2 Bedrooms
1 Apartment with 1 Bedroom
Dedicated Car Park for Each Flat
Well-maintained and modern construction

Ideal for Investment:

High rental demand area
Ready income-generating property
Minimal maintenance due to recent construction

Contact now for more details or to arrange a viewing!


**********************************************************************************

Mission:
To the most trusted and innovative real estate firm delivering exceptional service and creating lasting value for our client and communities.

Vision:
To empower our clients, throw transparency, professionalism and market expertise while helping them achieve their real estate goals.",,,,commercial_sale,,,,7+,7+,,,,YES,,,,,,,,,,,3,,,,270000,BHD,sell,,,,,,461,sqm,25,Malkiyah,26.100860595703125,50.48801040649414,malkiyah,AREA,Malkiyah,4.25,,,,,,,5789,https://www.propertyfinder.bh/images/pf_agent/picture/d7f5b3a7eeb61a98f5baef688be11e7be7a1568f/desktop,,Duaa Alsayegh,diyarnaproperties@hotmail.com,duaa-alsayegh,,,,,,English|Arabic,,,diyarnaproperties@hotmail.com,1008,Diyarna Properties,"Office Office 17, Building Building 962 Block 408, Sanabis, Road 838, Capital Governorate, ",info@diyarnaproperties.com,+97336064447,diyarna-properties-1008,,,,,,,,,,,,,,,,,,,,,,,,,,,,,,,,100,CP,CP,,,2026-06-05T09:09:08.616835+00:00,
51931041,51931041,Prime Office | Spacious | Opposite Seef Mall,"Looking for the perfect office space in a prestigious location. This spacious and fully fitted office in Seef District is the ideal choice for businesses seeking convenience and accessibility.
Location: Opposite Seef Mall, a prime business hub 
Size: 92.3 sqm 
Layout:
•	One closed private office. 
•	Open workspace.
•	Kitchenette & toilet.
Amenities:
•	One assigned parking space
•	Meeting room available in the building.
•	Prayer room.
•	Two elevators for easy access
Price: BD 82,000 (negotiable)
Currently Rented 
This office offers a modern and functional setup in one of Bahrain’s most sought-after business locations. 
Don’t miss this opportunity—schedule a viewing today.
For more information, please contact us on +97332225531 or +97317000287.

----------------------------------------------------------------------------------------------------------

Underhill Real Estate is a real estate brokerage company certified by the Real Estate Regulatory Authority (RERA) in Bahrain. We offer a comprehensive range of residential and commercial properties for sale and leasing across many areas in Bahrain.",,,,commercial_sale,,,,1,1,,,,YES,,,,,,,,,,,3,,,,82000,BHD,sell,,,,,,92,sqm,37,Seef,26.239999771118164,50.5369987487793,seef,AREA,Seef,5.37,,,,,,,5801,https://www.propertyfinder.bh/images/pf_agent/picture/59197c3ebfbbbaa269437d80540525df8c61ef9a/desktop,,Khalil Aryan,k.aryan@underhill.bh,khalil-aryan,,,,,,English|Arabic,,,k.aryan@underhill.bh,449,Underhill Real Estate,"Office 1805, Building 1565, Manama, 1722 Diplomatic Area, Capital Governorate, PO Box 11155",m.abul@underhill.bh,+97317000287,underhill-real-estate-449,,,,,,,,,,,,,,,,,,,,,,,,,,,,,,,,100,CP|CR|AN|LB,CP|CR|AN|LB,,,2026-06-05T09:09:08.616835+00:00,
983964,983964,Commercial | Service Areas (S) | Industrial Sitra,"Commercial Land for Sale located in Industrial Sitra area

Classification: Service Areas (S)
Area: 893.4 sqm
Price per feet: 20 BHD
Price: 192,332 BHD | Negotiable
Roads: 1
Features & Amenities: Electricity & Water

Service Zones (S) are designated areas permitted for industrial and service-related activities such as:  
-Workshops of various types.  
- Maintenance services for vehicles and equipment.  
- Garages for repair and service.  
- Oil change and tire repair/replacement centers. 
- Administrative offices connected to these activities.  
- Warehouses for storage of goods and materials. 
- Labor accommodation associated with service operations.  
- Other specified commercial uses as defined by planning regulations.  

For more information, please contact us on +97332225531 or +97317000287.

-------------------------------------------------------------------------------------------------

Underhill Real Estate is a real estate brokerage company certified by the Real Estate Regulatory Authority (RERA) in Bahrain. We offer a comprehensive range of residential and commercial properties for sale and leasing across many areas in Bahrain.
",,,,commercial_sale,,,,,,,,,,,,,,,,,,,,1,,,,192332,BHD,sell,,,,,,893,sqm,69,Sitra,26.162988662719727,50.6124267578125,sitra,AREA,Sitra,2.69,,,,,,,5801,https://www.propertyfinder.bh/images/pf_agent/picture/59197c3ebfbbbaa269437d80540525df8c61ef9a/desktop,,Khalil Aryan,k.aryan@underhill.bh,khalil-aryan,,,,,,English|Arabic,,,k.aryan@underhill.bh,449,Underhill Real Estate,"Office 1805, Building 1565, Manama, 1722 Diplomatic Area, Capital Governorate, PO Box 11155",m.abul@underhill.bh,+97317000287,underhill-real-estate-449,,,,,,,,,,,,,,,,,,,,,,,,,,,,,,,,100,,,,,2026-06-05T09:09:08.616835+00:00,
989326,989326,Brand New Building for Sale in A’ali | 9 Flats |,"Excellent investment opportunity to own a brand new residential building in A’ali with high-end finishing and an elevator.

Building Details:

Total Units: 9 Flats

8 Flats: 3 Bedrooms + 2 Bathrooms

1 Flat: 1 Bedroom + 1 Bathroom

High-Quality Modern Finishing

Elevator Installed

Brand New – Never Occupied

Ideal for Rental Income

Located in a well-connected residential area with strong rental demand.

***************************************************************************************

Mission:
To the most trusted and innovative real estate firm delivering exceptional service and creating lasting value for our client and communities.

Vision:
To empower our clients, throw transparency, professionalism and market expertise while helping them achieve their real estate goals.",,,,commercial_sale,,,,7+,7+,,,,YES,,,,,,,,,,,3,,,,300000,BHD,sell,,,,,,500,sqm,85,A'Ali,26.1634578704834,50.515289306640625,a-ali,AREA,A'Ali,2.85,,,,,,,5789,https://www.propertyfinder.bh/images/pf_agent/picture/d7f5b3a7eeb61a98f5baef688be11e7be7a1568f/desktop,,Duaa Alsayegh,diyarnaproperties@hotmail.com,duaa-alsayegh,,,,,,English|Arabic,,,diyarnaproperties@hotmail.com,1008,Diyarna Properties,"Office Office 17, Building Building 962 Block 408, Sanabis, Road 838, Capital Governorate, ",info@diyarnaproperties.com,+97336064447,diyarna-properties-1008,,,,,,,,,,,,,,,,,,,,,,,,,,,,,,,,100,CP,CP,,,2026-06-05T09:09:08.616835+00:00,
932188,932188,Commercial Land for sale in West Eker,"Commercial Land for sale in West Eker

Size 307.3 sqm

price per feet 26 BHD

Price 86,000 BHD

• يسمح فيها بالاستعمالات السكنية أو التجارية أو الإدارية أو جميعها وذلك حسبما تبينه خرائط تحديد مناطق التعمير المعتمدة.
• يجب ألا يزيد ارتفاع المبنى عن ثلاثة طوابق.
• ألا تزيد نسبة البناء الكلية عن 180٪ وألا تزيد مساحة البناء لأي دور عن 60٪ من مساحة الأرض.
• يسمح ببناء طابق واحد يستخدم للمرافق والأنشطة الترفيهية والخدمات السكنية بحيث لا تزيد نسبة البناء عن 60٪ من مساحة الأرض ولا تحتسب هذه المساحة من ضمن نسبة البناء الكلية.
• ألا تقل مساحة الشقة الواحدة عن 80 متراً مربعاً
• يجب توفير موقف سيارة واحد لكل وحدة سكنية (شقة).
• ارتداد البناء يكون من جميع الجوانب.
• الارتداد الأمامي: 3 متر / الارتداد الخلفي: 2 متر / الارتداد الجانبي: 2 متر

*************************",,,,commercial_sale,,,,,,,,,,,,,,,,,,,,2,,,,86000,BHD,sell,,,,,,307,sqm,19,Eker,26.143688201904297,50.60297393798828,eker,AREA,Eker,2.19,,,,,,,5789,https://www.propertyfinder.bh/images/pf_agent/picture/d7f5b3a7eeb61a98f5baef688be11e7be7a1568f/desktop,,Duaa Alsayegh,diyarnaproperties@hotmail.com,duaa-alsayegh,,,,,,English|Arabic,,,diyarnaproperties@hotmail.com,1008,Diyarna Properties,"Office Office 17, Building Building 962 Block 408, Sanabis, Road 838, Capital Governorate, ",info@diyarnaproperties.com,+97336064447,diyarna-properties-1008,,,,,,,,,,,,,,,,,,,,,,,,,,,,,,,,100,,,,,2026-06-05T09:09:08.616835+00:00,
950769,950769,Prime Commercial Land for Sale in Al Ramli," فرصة ذهبية للاستثمار – أرض تجارية للبيع في الرملي 
 الموقع: الرملي – موقع مميز وحيوي
 المساحة: ٥٥٧ متر]
 الاستعمال: تجاري]

مميزات العقار:
 تقع على شارع رئيسي حيوي
 محاطة بمنشآت تجارية وسكنية
 مناسبة لمختلف المشاريع الاستثمارية
 جميع الخدمات متوفرة (كهرباء، مياه، صرف صحي)
سهولة الوصول إلى الطرق الرئيسية
 السعر المطلوب: ٢٣ دينار للقدم
 للتواصل: ٣٧٠٤٩٤٩٩




Location: Al Ramli
Lot Size: 557.1 sqm
Zoning: [Commercial]

Key Features:
Strategic location with high visibility
Easy access to major highways and transportation hubs
Surrounded by thriving businesses and residential areas
Ideal for retail, office space, gas station, warehouse, or development
Utilities available: [Water, Electricity, Sewer, etc.]
Price Per Feet: 23 BHD
Contact: 37049499",,,,commercial_sale,,,,,,,,,,,,,,,,,,,,1,,,,137922,BHD,sell,,,,,,557,sqm,6,Salmabad,26.183332443237305,50.516666412353516,salmabad,AREA,Salmabad,2.6,,,,,,,5789,https://www.propertyfinder.bh/images/pf_agent/picture/d7f5b3a7eeb61a98f5baef688be11e7be7a1568f/desktop,,Duaa Alsayegh,diyarnaproperties@hotmail.com,duaa-alsayegh,,,,,,English|Arabic,,,diyarnaproperties@hotmail.com,1008,Diyarna Properties,"Office Office 17, Building Building 962 Block 408, Sanabis, Road 838, Capital Governorate, ",info@diyarnaproperties.com,+97336064447,diyarna-properties-1008,,,,,,,,,,,,,,,,,,,,,,,,,,,,,,,,100,,,,,2026-06-05T09:09:08.616835+00:00,
932425,932425,Commercial Land for Sale Prime Investment ,"Looking for the perfect location to expand your business or invest in a high-potential property?

Location: Um Alhassam
Plot Size: 648 sqm
Classification: BD
Zoning: Commercial – Ideal for offices, retail, showroom, or mixed-use development

Key Features:

Strategic location with high visibility
Easy access to main roads and highways
Surrounded by residential and commercial developments
Utilities available (water, electricity)
Asking Price: 313,878 
Perfect for developers, investors, or business owners.

Mission:
To the most trusted and innovative real estate firm delivering exceptional service and creating lasting value for our client and communities.

Vision:
To empower our clients, throw transparency, professionalism and market expertise while helping them achieve their real estate goals.


",,,,commercial_sale,,,,,,,,,,,,,,,,,,,,1,,,,313878,BHD,sell,,,,,,648,sqm,90,Um Al Hasam,26.203079223632812,50.594947814941406,manama-um-al-hasam,AREA,Um Al Hasam,5.34.90,,,,,,,5789,https://www.propertyfinder.bh/images/pf_agent/picture/d7f5b3a7eeb61a98f5baef688be11e7be7a1568f/desktop,,Duaa Alsayegh,diyarnaproperties@hotmail.com,duaa-alsayegh,,,,,,English|Arabic,,,diyarnaproperties@hotmail.com,1008,Diyarna Properties,"Office Office 17, Building Building 962 Block 408, Sanabis, Road 838, Capital Governorate, ",info@diyarnaproperties.com,+97336064447,diyarna-properties-1008,,,,,,,,,,,,,,,,,,,,,,,,,,,,,,,,100,,,,,2026-06-05T09:09:08.616835+00:00,
932189,932189,Commercial land for sale in Karzakkan  ,"Commercial land for sale in Karzakkan 

Land size 316 sqm

Price per feet 30 BHD

Total Price 102,075 BHD

• يسمح فيها بالاستعمالات السكنية أو التجارية أو الإدارية أو جميعها وذلك حسبما تبينه خرائط تحديد مناطق التعمير المعتمدة.
• يجب ألا يزيد ارتفاع المبنى عن خمسة طوابق.
• ألا تزيد نسبة البناء الكلية عن 300٪ وألا تزيد مساحة بناء الدورالواحد عن 60٪ من مساحة الأرض.
• ارتداد البناء يكون من جميع الجوانب.
• الارتداد الأمامي: 6 متر / الارتداد الخلفي : 3 متر / الارتداد الجانبي: 3 متر
• يسمح ببناء ميزانين لاتزيد مساحته عن 70٪ من مساحة الدور الارضي.
• يسمح ببناء ملحقات السكن على سطح المبنى بنسبة إضافية لا تزيد عن 30٪ من مساحة السطح المبني بارتفاع 3 أمتار.
• لا يحسب القبو كجزء من نسبة البناء المسموح بها بشرط ألا تقل المساحة عن 70٪ كمواقف للسيارات.
• يسمح ببناء صالات العرض بعمق لا يزيد عن 100 متر مقاسة من خط التخطيط المعتمد أو عمق العقار أيهما أقل.
• ألا تقل مساحة صالة العرض عن 100 متر مربع من المساحة المبنية.
• يسمح ببناء مخزن يتبع المعارض التجارية بمساحة لا تزيد عن 30٪ من إجمالي الأسطح المبنية المسموح بها.
• يسمح بمساكن العمال بحيث لاتزيد نسبة البناء عن 30٪ من مساحة الأرض ويجب أن تكون في الجانب الخلفي للأرض بحيث لا تطل على الطريق الأمامي.
• يجب توفير موقف سيارة واحد على الأقل لكل 100 متر مربع للأسطح المبنية في الاستخدامات السكنية والتجارية.
• يجب توفير مساحة ومناطق خاصة للتحميل والتفريغ ضمن محيط الملكية بما لا يتعارض مع المبنى ومرافقه.
• المجمعات التجارية الخاصة يمكن استخدام السرداب للأغراض التجارية على أن تحتسب مساحة البناء من إجمالي المساحة الكلية للبناء وألا يؤثر على عدد مواقف السيارات الخاصة بالمشروع حيث سيتم النظر في كل مشروع على حدة وفق آلية المشاريع ذات الطبيعة الخاصة .",,,,commercial_sale,,,,,,,,,,,,,,,,,,,,1,,,,102075,BHD,sell,,,,,,316,sqm,28,Karzakkan,26.113693237304688,50.48170471191406,karzakkan,AREA,Karzakkan,4.28,,,,,,,5789,https://www.propertyfinder.bh/images/pf_agent/picture/d7f5b3a7eeb61a98f5baef688be11e7be7a1568f/desktop,,Duaa Alsayegh,diyarnaproperties@hotmail.com,duaa-alsayegh,,,,,,English|Arabic,,,diyarnaproperties@hotmail.com,1008,Diyarna Properties,"Office Office 17, Building Building 962 Block 408, Sanabis, Road 838, Capital Governorate, ",info@diyarnaproperties.com,+97336064447,diyarna-properties-1008,,,,,,,,,,,,,,,,,,,,,,,,,,,,,,,,100,,,,,2026-06-05T09:09:08.616835+00:00,
53821620,53821620,Residential Land for Sale in Seef,"Residential Land for Sale in Seef

Classified as BD (Investment Buildings Area - D)

Located on a single street

Land Area: 958 sq m

Price: BD 38.00 per sq ft

Total Price: BD 391,852.580 (Negotiable)

Features:

- Water and Electricity Available

- Paved Roads

- Close to the Diplomatic Area

- Close to Sanabis

- Close to Al Daih

- Close to Budaiya

- Close to City Centre

- Close to Seef Mall and Al Aali Mall

- Close to Car Dealerships

- Close to Petrol Stations

- Close to Karbabad Beach

- Close to Reef Island

- Close to Dana Mall

- Close to Government and Private Hospitals

- Close to

- Close to the Ministry of Health

- Close to the Ministry of Commerce

- Close to Bahrain Fort

- Close to Bahrain Financial Harbour",,,,commercial_sale,,,,,,,,,,,,,,,,,,,,2,,,,391852,BHD,sell,,,,,,958,sqm,37,Seef,26.239999771118164,50.5369987487793,seef,AREA,Seef,5.37,,,,,,,5851,https://www.propertyfinder.bh/images/pf_agent/picture/4061d5bd1443b7c45b478fe8c01db60aa9c0ff7a/desktop,,Hussain Alkhayaat,Hussainyusufe@gmail.com,hussain-alkhayaat,,,,,,English|Arabic,,,Hussainyusufe@gmail.com,787,Fajar AlKhalij Real Estate,"Office 0, Building 0, Seef, 0, Capital Governorate, PO Box 0",fajar.alkhalij@gmail.com,+97338100114,fajar-alkhalij-real-estate-787,,,,,,,,,,,,,,,,,,,,,,,,,,,,,,,,98,,,,,2026-06-05T09:09:08.616835+00:00,
912646,912646,B3 PLOT FOR SALE IN THE CORNER | GOOD LOCATION,"_____________________________________________________________________________

EXCELLENT INVESTMENT OPPORTUNITY!!

B3 suitable for Commercial Plot for Sale in Janabiya area in a prestigious area.

Classification of the Plot: B3

Total area of the Plot : 408 SQM

Total Price For Sale: BD 144,926

Do not hesitate to contact us for more details or viewing on (+973 66661661) we have variety of plots for sale in all areas of Bahrain.

Instagram:@perfecthomebh

..............................................................................................................................................................................................................................................................................................................................
",,,,commercial_sale,,,,,,,,,,,,,,,,,,,,2,,,,144926,BHD,sell,,,,,,408,sqm,48,Janabiya,26.185943603515625,50.46711349487305,janabiya,AREA,Janabiya,4.48,,,,,,,4832,https://www.propertyfinder.bh/images/pf_agent/picture/924dfd8b0d68360cee143d519c2fe6cb943d88ec/desktop,,Hedia Al Sebaie,hedia@perfecthomebh.com,hedia-al-sebaie,,,,,,English|Arabic|French,,,hedia@perfecthomebh.com,807,Perfect Home,"Office 0, Building 0, Manama, 0, Capital Governorate, PO Box 0",hedia@perfecthomebh.com,+97366661661,perfect-home-807,,,,,,,,,,,,,,,,,,,,,,,,,,,,,,,,100,,,,,2026-06-05T09:09:08.616835+00:00,
949615,949615,| Commercial - Residential | Newly Constructed |,"For Sale – Whole Building | Prime Commercial & Residential Investment | BHD 340,000

A newly built mixed-use building offering an excellent investment opportunity with both residential apartments and commercial shops. Strategically located, this property is ideal for generating steady rental income.

Land Area: 450 sqm

Built-up Area: 550 sqm

Price: BHD 340,000

Status: New Construction

Land Classification: B3

Property Layout & Features:

3 floors designed for functionality and income generation

7 spacious flats suitable for residential rental

4 commercial shops with street access, perfect for businesses

5 garages plus outdoor parking for tenants and visitors

Open space providing flexibility for use

City view enhancing overall appeal

Accessibility & Roads:

Single road access with easy connectivity to main areas

Ideal location close to shops, services, and public facilities

Investment Highlights:

Versatile property for both commercial and residential usage

Newly built structure reduces maintenance costs

Potential for attractive rental yield from both flats and shops

Prime opportunity for investors looking for steady cash flow and long-term value growth
---------------------------------------------------------
For more information or viewings kindly contact (Ali Albanna) on 38866603 or WhatsApp
_______________________________________________
We offer a good collection of modernly designed fully as well as semi furnished apartments, villas & commercial properties all over Bahrain which suits the budgets of our client.
",,,,commercial_sale,,,,7,7,,,,YES,,,,,,,,,,,3,,,,340000,BHD,sell,,,,,,450,sqm,93,Galali,26.266666412353516,50.650001525878906,galali,AREA,Galali,3.93,,,,,,,6073,https://www.propertyfinder.bh/images/pf_agent/picture/92617460e60f27479cb255b50f0cb011dba4fb6a/desktop,,Ali AlBanna,a.albanna@bestlocationbh.com,ali-albanna,,,,,,English|Arabic,,,a.albanna@bestlocationbh.com,219,Best Location Properties,"Office 4th Floor, Building Maryam plaza, Seef, 0, Capital Governorate, PO Box 0",hussam@bestlocationbh.com,+97338866638,best-location-properties-219,,,,,,,,,,,,,,,,,,,,,,,,,,,,,,,,100,CP,CP,,,2026-06-05T09:09:08.616835+00:00,
53432264,53432264,| Prime location | Building permit | EWA services,"Commercial Land for Sale in Prime Location – With building permit

An excellent opportunity to invest in a commercial plot located in a prestigious area classified under BB zoning. With access from two roads.

Type: Land

Usage: Commercial 

Land Classification: BB

Area: 1254 sqm

Foot Price: BHD 46

Total Price: BHD 620,910.76

Road Access: 2 roads

Features:

Prime location

Building permit

Electricity and water services available

View of the city

This plot combines serenity and convenience, offering a great location with essential infrastructure already in place. Ideal for investors.
Close to all stores and restaurants
Close to the most attractions, restaurants and markets close to the plot.
----------------------------------------------------------
For more information or viewings kindly contact (Ali Albanna) on 38866603 or WhatsApp
_______________________________________________
We offer a good collection of modernly designed fully as well as semi furnished apartments, villas & commercial properties all over Bahrain which suits the budgets of our client.
",,,,commercial_sale,,,,,,,,,,,,,,,,,,,,1,,,,620910,BHD,sell,,,,,,1254,sqm,56,Al Burhama,26.21672821044922,50.55367660522461,manama-al-burhama,AREA,Al Burhama,5.34.56,,,,,,,6073,https://www.propertyfinder.bh/images/pf_agent/picture/92617460e60f27479cb255b50f0cb011dba4fb6a/desktop,,Ali AlBanna,a.albanna@bestlocationbh.com,ali-albanna,,,,,,English|Arabic,,,a.albanna@bestlocationbh.com,219,Best Location Properties,"Office 4th Floor, Building Maryam plaza, Seef, 0, Capital Governorate, PO Box 0",hussam@bestlocationbh.com,+97338866638,best-location-properties-219,,,,,,,,,,,,,,,,,,,,,,,,,,,,,,,,100,,,,,2026-06-05T09:09:08.616835+00:00,
937677,937677,Fitted Office in Seef | Sea View | For Sale,"Looking for a prime commercial investment in Seef?
This fully fitted office on the 13th floor of the prestigious Ewan Tower offers an excellent opportunity with high ROI.

Location: Ewan Tower, Seef
Landmark: Next to Le Chocolat and near CrediMax Head Office
View: Stunning sea view
Size: 95 sqm
Parking: 1 allocated car park

Office Layout:

2 private partitioned offices

1 manager’s office

Spacious open area

Kitchenette

2 toilets

Status: Fully fitted and ready for use
Sale Price: BHD 84,500
Investment Highlights: Great location with strong rental demand and high return on investment


------------------------------------------------------------------------------
---------------------------------------------------------------------------------

For inquiries:
WhatsApp: +973 3886 6624
m.salman@bestlocationbh.com
Mohamed Salman
Best Location Real Estate",,,,commercial_sale,,,,2,2,2,2,,PARTLY,,,,,,,,,,,3,,,,84500,BHD,sell,,,,,,95,sqm,37,Seef,26.239999771118164,50.5369987487793,seef,AREA,Seef,5.37,,,,,,,6480,https://www.propertyfinder.bh/images/pf_agent/picture/a67774625161740ae87a9cdc2ab1b11b12dbccd4/desktop,,Mohammed Salman,m.salman@bestlocationbh.com,mohammed-salman,,,,,,English|Arabic,,,m.salman@bestlocationbh.com,219,Best Location Properties,"Office 4th Floor, Building Maryam plaza, Seef, 0, Capital Governorate, PO Box 0",hussam@bestlocationbh.com,+97338866638,best-location-properties-219,,,,,,,,,,,,,,,,,,,,,,,,,,,,,,,,100,BA|AN|AC|LB|CR|SE|VW,BA|AN|AC|LB|CR|SE|VW,,,2026-06-05T09:09:08.616835+00:00,
923079,923079,For sale residential investment land in Janabiyah,"For sale residential investment land in Janabiyah

************************************************

Location: Janabiyah

Area: 464.6 square meters

Edges in feet: 81 x 41 square meters

Area in feet: 5,001 square meters

Classification: B3

************************************************

Price: 165,031 Bahraini Dinars

********************************************

Reference Number: AL1486

********************************************

Features Land Plot:

*Investment Area
*Located in a high-end residential area
Close to public services and amenities
*Wide Street
*Excellent Location for Construction
*You'll find our properties at reasonable prices. Seize this opportunity now.
*Quiet and comfortable living area In it

************************************************

Book your appointment now and see it for yourself

33557713
32124448
32124447
33663652",,,,commercial_sale,,,,,,,,,,,,,,,,,,,,1,,,,165031,BHD,sell,,,,,,465,sqm,48,Janabiya,26.185943603515625,50.46711349487305,janabiya,AREA,Janabiya,4.48,,,,,,,5187,https://www.propertyfinder.bh/images/pf_agent/picture/d4813ea56f2de83c80332f2d5df23647230caa11/desktop,,Hussain Mahfoodh,hussain@aryafbh.com,hussain-mahfoodh,,,,,,English|Arabic,,,hussain@aryafbh.com,920,Aryaf Albahrain Real Estate Est,"Office 321, Building 321, Manama, 321, Capital Governorate, PO Box 321",hussain@aryafbh.com,+97333334841,aryaf-albahrain-real-estate-est-920,,,,,,,,,,,,,,,,,,,,,,,,,,,,,,,,100,,,,,2026-06-05T09:09:08.616835+00:00,
919502,919502,For sale Industrial land in Askar,"For sale Industrial land in Askar
************************************************

Location: Askar

Area: 453.5 square meters

Square feet: 78 x 64 square meters

Area feet: 4,881 square meters

Classification: WS

************************************************

Price: 75,000 Bahraini Dinars

************************************************

Reference Number: AL1467

********************************************

Plot Features Land:

*Located in an industrial area
Close to public services and facilities
*Wide street
*Excellent location for investment
*Our properties are available at reasonable prices. Seize this opportunity now.

********************************************

Book your appointment now and see it for yourself

33557713
32124448
32124447
33663652",,,,commercial_sale,,,,,,,,,,,,,,,,,,,,1,,,,75000,BHD,sell,,,,,,454,sqm,79,Askar,26.05678367614746,50.61648178100586,askar,AREA,Askar,1.79,,,,,,,5187,https://www.propertyfinder.bh/images/pf_agent/picture/d4813ea56f2de83c80332f2d5df23647230caa11/desktop,,Hussain Mahfoodh,hussain@aryafbh.com,hussain-mahfoodh,,,,,,English|Arabic,,,hussain@aryafbh.com,920,Aryaf Albahrain Real Estate Est,"Office 321, Building 321, Manama, 321, Capital Governorate, PO Box 321",hussain@aryafbh.com,+97333334841,aryaf-albahrain-real-estate-est-920,,,,,,,,,,,,,,,,,,,,,,,,,,,,,,,,100,,,,,2026-06-05T09:09:08.616835+00:00,
923368,923368,For sale investment land in Al Ramli,"For sale investment land in Al Ramli

********************************************

Location: Al-Ramli

Area: 273.7 square meters

Edges in feet: 66 x 59 square meters

Area in feet: 2,946 square meters

Classification: B3

********************************************

Price: 100,000 dinars Bahraini

************************************************

Reference Number: AL1393

********************************************

Land Features:

*Located in a high-end residential area
Close to public services and facilities
*Wide street
*Excellent location for construction
*You will find our properties at reasonable prices, seize this opportunity now
*Area Quiet and comfortable to live in.

********************************************

Book your appointment now and see it for yourself.

33557713
32124448
32124447
33663652",,,,commercial_sale,,,,,,,,,,,,,,,,,,,,1,,,,100000,BHD,sell,,,,,,274,sqm,85,A'Ali,26.1634578704834,50.515289306640625,a-ali,AREA,A'Ali,2.85,,,,,,,5187,https://www.propertyfinder.bh/images/pf_agent/picture/d4813ea56f2de83c80332f2d5df23647230caa11/desktop,,Hussain Mahfoodh,hussain@aryafbh.com,hussain-mahfoodh,,,,,,English|Arabic,,,hussain@aryafbh.com,920,Aryaf Albahrain Real Estate Est,"Office 321, Building 321, Manama, 321, Capital Governorate, PO Box 321",hussain@aryafbh.com,+97333334841,aryaf-albahrain-real-estate-est-920,,,,,,,,,,,,,,,,,,,,,,,,,,,,,,,,100,,,,,2026-06-05T09:09:08.616835+00:00,
916867,916867,For sale Commercial land in Diyar Al Muharraq,"For sale Commercial land in Diyar Al Muharraq

************************************************

Location: Diyar Al Muharraq

Area: 189 square meters

Square feet: 59 x 35 square meters

Area feet: 2,034 square meters

Classification: SP

************************************************

Price: 63,000 Bahraini Dinars

************************************************

Reference Number: AL1457

********************************************

Land Features:

*Located in an upscale residential area
Close to public services and amenities
*Wide street
*Excellent location for construction
*You'll find our properties at reasonable prices. Seize this opportunity now
*Quiet and comfortable living area In it

************************************************

Book your appointment now and see it for yourself

32124448
32124447
33663652",,,,commercial_sale,,,,,,,,,,,,,,,,,,,,1,,,,63000,BHD,sell,,,,,,189,sqm,297,Al Thurya villa Diyar Al Muharraq,26.307880401611328,50.631385803222656,diyar-al-muharraq-al-thurya-villa-diyar-al-muharraq,COMMUNITY,Al Thurya villa Diyar Al Muharraq,3.129.297,,,,,,,5187,https://www.propertyfinder.bh/images/pf_agent/picture/d4813ea56f2de83c80332f2d5df23647230caa11/desktop,,Hussain Mahfoodh,hussain@aryafbh.com,hussain-mahfoodh,,,,,,English|Arabic,,,hussain@aryafbh.com,920,Aryaf Albahrain Real Estate Est,"Office 321, Building 321, Manama, 321, Capital Governorate, PO Box 321",hussain@aryafbh.com,+97333334841,aryaf-albahrain-real-estate-est-920,,,,,,,,,,,,,,,,,,,,,,,,,,,,,,,,100,,,,,2026-06-05T09:09:08.616835+00:00,
53601402,53601402,Residential Investment - Opportunity - Corner,"Residential Investment Land for Sale in Al Hidd – B4 Classification

An excellent opportunity to own a residential investment plot in the growing area of Al Hidd, strategically located close to major services, facilities, and main roads, making it ideal for investors and real estate developers.

The land is classified as B4 and offers a suitable size for developing a residential investment project in one of Bahrain’s rapidly developing areas with increasing demand for residential properties.

Location: Al Hidd
Classification: B4
Land Size: 542 sqm
Price per sq ft: BHD 27
Selling Price: BHD 157,600

An ideal investment opportunity to develop a residential project in a prime and fast-growing location in the Kingdom of Bahrain.

For more information or personal viewings, please contact us on +97332225528 or +97317000287.

--------------------------------------------------------------------------------------------------------

Underhill Real Estate is a real estate brokerage company certified by the Real Estate Regulatory Authority (RERA) in Bahrain. We offer a comprehensive range of residential and commercial properties for sale and leasing across many areas in Bahrain.


--------------------------------------------------------------------------------------------------------",,,,commercial_sale,,,,,,,,,,,,,,,,,,,,2,,,,157600,BHD,sell,,,,,,542,sqm,32,Hidd,26.21263313293457,50.67418670654297,hidd,AREA,Hidd,3.32,,,,,,,4873,https://www.propertyfinder.bh/images/pf_agent/picture/35a2bd364245f51f3a8a22f8400f0c2cede50c8a/desktop,,Ahmed Alkuwaiti,a.alkuwaiti@underhill.bh,ahmed-alkuwaiti,,,,,,English|Arabic,,,a.alkuwaiti@underhill.bh,449,Underhill Real Estate,"Office 1805, Building 1565, Manama, 1722 Diplomatic Area, Capital Governorate, PO Box 11155",m.abul@underhill.bh,+97317000287,underhill-real-estate-449,,,,,,,,,,,,,,,,,,,,,,,,,,,,,,,,100,,,,,2026-06-05T09:09:08.616835+00:00,
53601397,53601397,Commercial Land RB** - Corner - Investment,"Commercial Corner Plot for Sale on Two Roads – West Eker

An excellent investment opportunity to own a commercial plot in a prime location in West Eker, featuring access from two roads, offering higher commercial visibility and flexible development potential.

The land is classified as RB, making it suitable for a variety of commercial and investment projects in a vibrant area close to major services and residential communities.

Location: West Eker – Commercial Road
Land Size: 329 sqm
Classification: RB
Asking Price: BHD 140,000
Negotiable for serious buyers

An ideal opportunity for investors and developers looking to establish a commercial project in a strategic and growing location in Bahrain.

For more information or personal viewings, please contact us on +97332225528 or +97317000287.

--------------------------------------------------------------------------------------------------------

Underhill Real Estate is a real estate brokerage company certified by the Real Estate Regulatory Authority (RERA) in Bahrain. We offer a comprehensive range of residential and commercial properties for sale and leasing across many areas in Bahrain.


--------------------------------------------------------------------------------------------------------",,,,commercial_sale,,,,,,,,,,,,,,,,,,,,2,,,,140000,BHD,sell,,,,,,330,sqm,19,Eker,26.143688201904297,50.60297393798828,eker,AREA,Eker,2.19,,,,,,,4873,https://www.propertyfinder.bh/images/pf_agent/picture/35a2bd364245f51f3a8a22f8400f0c2cede50c8a/desktop,,Ahmed Alkuwaiti,a.alkuwaiti@underhill.bh,ahmed-alkuwaiti,,,,,,English|Arabic,,,a.alkuwaiti@underhill.bh,449,Underhill Real Estate,"Office 1805, Building 1565, Manama, 1722 Diplomatic Area, Capital Governorate, PO Box 11155",m.abul@underhill.bh,+97317000287,underhill-real-estate-449,,,,,,,,,,,,,,,,,,,,,,,,,,,,,,,,100,,,,,2026-06-05T09:09:08.616835+00:00,
53575336,53575336,An outstanding opportunity for investors,"Commercial Investment Land for Sale in the Heart of Adliya – Block 338

A rare investment opportunity to own a prime commercial investment plot in one of Bahrain’s most vibrant and sought-after destinations, Block 338 – Adliya, the island’s famous hub for upscale restaurants, trendy cafés, and premium commercial concepts.

Location: Adliya – Block 338
Land Size: 182.7 sqm
Asking Price: BHD 180,000

This strategically located plot offers exceptional potential in a high-demand area known for its strong commercial activity, continuous visitor traffic, and thriving lifestyle atmosphere, making it an ideal choice for investors and business owners seeking a prestigious address with excellent growth potential.

Ideal for:
• Boutique restaurant or café
• Premium commercial project
• Lounge .

About Block 338 – Adliya:
Block 338 is widely recognized as Bahrain’s premier dining and entertainment district, famous for its European-style ambiance, world-class restaurants, stylish cafés, and vibrant cultural scene. The area attracts both locals and tourists year-round, offering a unique blend of luxury, lifestyle, and commercial success.

An outstanding opportunity for investors looking to secure a premium commercial location in one of Bahrain’s most prestigious and high-value districts.",,,,commercial_sale,,,,,,,,,,,,,,,,,,,,2,,,,180000,BHD,sell,,,,,,183,sqm,95,Adliya,26.214487075805664,50.584754943847656,manama-adliya,AREA,Adliya,5.34.95,,,,,,,4873,https://www.propertyfinder.bh/images/pf_agent/picture/35a2bd364245f51f3a8a22f8400f0c2cede50c8a/desktop,,Ahmed Alkuwaiti,a.alkuwaiti@underhill.bh,ahmed-alkuwaiti,,,,,,English|Arabic,,,a.alkuwaiti@underhill.bh,449,Underhill Real Estate,"Office 1805, Building 1565, Manama, 1722 Diplomatic Area, Capital Governorate, PO Box 11155",m.abul@underhill.bh,+97317000287,underhill-real-estate-449,,,,,,,,,,,,,,,,,,,,,,,,,,,,,,,,100,,,,,2026-06-05T09:09:08.616835+00:00,
53295894,53295894,Prime Fitted | Balcony | High demand location,"This fitted office space for sale in Seef District offers 75 sqm of versatile commercial space designed for productivity and professional operations. The office includes a spacious open layout, a private balcony, pantry facilities, and storage space.

Located in one of Manama’s most established commercial areas, the property is suitable for small businesses, startups, or investors seeking a commercial unit in a high-demand business district.

Property Details

Office space
rented
Built-up area: 75 sqm
Private balcony
Pantry area
Storage space
Fully fitted office
Air conditioning installed

Building Facilities

Reception and lobby
Elevator access
Security services
Covered parking
Well-maintained commercial tower

Nearby Landmarks

Bahrain City Centre Mall
Seef Mall
Bahrain Financial Harbour
Major corporate offices
Luxury hotels and restaurants",,,,commercial_sale,,,,1,1,,,,YES,,,,,,,,,,,3,,,,52000,BHD,sell,,,,,,75,sqm,37,Seef,26.239999771118164,50.5369987487793,seef,AREA,Seef,5.37,,,,,,,909,https://www.propertyfinder.bh/images/pf_agent/picture/bf6925fc966ced1d31c5d17f58b0d6e1ca8806cf/desktop,,Iqbal Mayoddin,iqbalriverwest@gmail.com,iqbal-mayoddin,,,,,,English|Hindi|Gujarati,,,iqbalriverwest@gmail.com,14,River West Properties,"Office 41, Building 0, Seef, Road 2831, Block 428, Capital Governorate, PO Box 0",bilal@riverwestproperty.com,+97333184488,river-west-properties-14,,,,,,,,,,,,,,,,,,,,,,,,,,,,,,,,100,BA|CP|SE|LB,BA|CP|SE|LB,,,2026-06-05T09:09:08.616835+00:00,
929277,929277,LAND FOR SAL IN BUSAITEEN Al Sayah   FREEHOLD  B10,"Reference:
Plot size (SQM):669
Property type: 
Property classification:BC

**************************

The Ideal thing about investing in Bahrain property is that the demand is always at a peak due to the nation’s small geographic surface area, an indication that property prices, in general, will always rise.


Why Grnata? Your decision to select Grnata as a licensed group of companies in the field of real estate will lead you to many benefits such as:

         Qualified consultants in the Bahrain market
         Study and analysis of the investment’s opportunity
         A group of professional teams that are able to provide all real estate services.

Grnata is the leading real estate company in the Kingdom of Bahrain. Grnata and as seen by observers of the movement of the real estate market has taken its place in the real estate market, knocked off the pioneer, and gained the confidence of the stakeholders in the nation.",,,,commercial_sale,,,,,,,,,,,,,,,,,,,,2,,,,324050,BHD,sell,,,,,,669,sqm,96,Busaiteen,26.27199935913086,50.60900115966797,busaiteen,AREA,Busaiteen,3.96,,,,,,,3807,https://www.propertyfinder.bh/images/pf_agent/picture/8bc555d4dccf228d960067ee8cb01f7f54d463e4/desktop,,Ali Saleh,ali.saleh@grnata.com,ali-saleh,,,,,,English|Arabic,,,ali.saleh@grnata.com,670,Grnata,"Office 0, Building 0, Seef, 0, Capital Governorate, ",husain.jalil@grnata.com,+97337334334,grnata-670,,,,,,,,,,,,,,,,,,,,,,,,,,,,,,,,100,,,,,2026-06-05T09:09:08.616835+00:00,
919000,919000,LAND FOR SALE IN AKER COMMERCIAL ,"Reference:L013099
Plot size (SQM):498
Property type: COMMERCIAL
Property classification:SP

**************************

The Ideal thing about investing in Bahrain property is that the demand is always at a peak due to the nation’s small geographic surface area, an indication that property prices, in general, will always rise.


Why Grnata? Your decision to select Grnata as a licensed group of companies in the field of real estate will lead you to many benefits such as:

         Qualified consultants in the Bahrain market
         Study and analysis of the investment’s opportunity
         A group of professional teams that are able to provide all real estate services.

Grnata is the leading real estate company in the Kingdom of Bahrain. Grnata and as seen by observers of the movement of the real estate market has taken its place in the real estate market, knocked off the pioneer, and gained the confidence of the stakeholders in the nation.",,,,commercial_sale,,,,,,,,,,,,,,,,,,,,2,,,,155453,BHD,sell,,,,,,498,sqm,19,Eker,26.143688201904297,50.60297393798828,eker,AREA,Eker,2.19,,,,,,,3807,https://www.propertyfinder.bh/images/pf_agent/picture/8bc555d4dccf228d960067ee8cb01f7f54d463e4/desktop,,Ali Saleh,ali.saleh@grnata.com,ali-saleh,,,,,,English|Arabic,,,ali.saleh@grnata.com,670,Grnata,"Office 0, Building 0, Seef, 0, Capital Governorate, ",husain.jalil@grnata.com,+97337334334,grnata-670,,,,,,,,,,,,,,,,,,,,,,,,,,,,,,,,100,,,,,2026-06-05T09:09:08.616835+00:00,
929621,929621,LAND FOR SALE IN TUBLI COMMERCIAL,"Reference:L013413
Plot size (SQM):918
Property type: COMMERCIAL
Property classification:SP

**************************

The Ideal thing about investing in Bahrain property is that the demand is always at a peak due to the nation’s small geographic surface area, an indication that property prices, in general, will always rise.


Why Grnata? Your decision to select Grnata as a licensed group of companies in the field of real estate will lead you to many benefits such as:

         Qualified consultants in the Bahrain market
         Study and analysis of the investment’s opportunity
         A group of professional teams that are able to provide all real estate services.

Grnata is the leading real estate company in the Kingdom of Bahrain. Grnata and as seen by observers of the movement of the real estate market has taken its place in the real estate market, knocked off the pioneer, and gained the confidence of the stakeholders in the nation.",,,,commercial_sale,,,,,,,,,,,,,,,,,,,,2,,,,247033,BHD,sell,,,,,,918,sqm,98,Tubli,26.188888549804688,50.54999923706055,tubli,AREA,Tubli,2.98,,,,,,,3807,https://www.propertyfinder.bh/images/pf_agent/picture/8bc555d4dccf228d960067ee8cb01f7f54d463e4/desktop,,Ali Saleh,ali.saleh@grnata.com,ali-saleh,,,,,,English|Arabic,,,ali.saleh@grnata.com,670,Grnata,"Office 0, Building 0, Seef, 0, Capital Governorate, ",husain.jalil@grnata.com,+97337334334,grnata-670,,,,,,,,,,,,,,,,,,,,,,,,,,,,,,,,100,,,,,2026-06-05T09:09:08.616835+00:00,
929279,929279,LAND FOR SALE IN TUBLI COMMERCIAL   SP,"Reference:
Plot size (SQM):917.9
Property type: COMMERCIAL
Property classification:SP

**************************

The Ideal thing about investing in Bahrain property is that the demand is always at a peak due to the nation’s small geographic surface area, an indication that property prices, in general, will always rise.


Why Grnata? Your decision to select Grnata as a licensed group of companies in the field of real estate will lead you to many benefits such as:

         Qualified consultants in the Bahrain market
         Study and analysis of the investment’s opportunity
         A group of professional teams that are able to provide all real estate services.

Grnata is the leading real estate company in the Kingdom of Bahrain. Grnata and as seen by observers of the movement of the real estate market has taken its place in the real estate market, knocked off the pioneer, and gained the confidence of the stakeholders in the nation.",,,,commercial_sale,,,,,,,,,,,,,,,,,,,,2,,,,247006,BHD,sell,,,,,,917,sqm,98,Tubli,26.188888549804688,50.54999923706055,tubli,AREA,Tubli,2.98,,,,,,,3807,https://www.propertyfinder.bh/images/pf_agent/picture/8bc555d4dccf228d960067ee8cb01f7f54d463e4/desktop,,Ali Saleh,ali.saleh@grnata.com,ali-saleh,,,,,,English|Arabic,,,ali.saleh@grnata.com,670,Grnata,"Office 0, Building 0, Seef, 0, Capital Governorate, ",husain.jalil@grnata.com,+97337334334,grnata-670,,,,,,,,,,,,,,,,,,,,,,,,,,,,,,,,100,,,,,2026-06-05T09:09:08.616835+00:00,
53683137,53683137,Freehold - Commercial land B4 - Main Road,"A rare investment opportunity in one of Bahrain’s fastest-growing master communities. This strategically located commercial plot in Diyar Al Muharraq is ideal for a mixed-use development combining retail units and administrative offices.

Property Details:

* Land Area: 695 sqm
* Zoning: B4 — Commercial Building, up to 4 floors
* Strategic planning with direct access from Shara’een
* Development potential: Ground-floor retail shops + up to 3 floors of office spaces
* Excellent visibility from the main road
* Freehold for all nationalities
* Clear boundaries and ready for immediate development

Key Features:

* Direct exposure on the main road, ideal for business visibility
* Easy access with frontage on Shara’een
* Located in a fast-growing commercial hub
* Developed infrastructure and nearby facilities
* High footfall and vehicle traffic due to proximity to key commercial landmarks

Prime Location — Diyar Al Muharraq

Diyar Al Muharraq is a vibrant and rapidly developing city offering a strong mix of residential and commercial growth. This plot is located in a high-demand area, making it a valuable opportunity for both long-term capital appreciation and immediate commercial development.

Nearby Facilities:

* Al Liwan & Mall of Dilmunia
* Marassi Galleria and waterfront destinations
* International schools and medical centers
* 10 minutes from Bahrain International Airport
* Parks and community facilities

Asking Price: BHD 261000 BD — Negotiable

For more details or viewing, please contact us.",,,,commercial_sale,,,,,,,,,,,,,,,,,,,,3,,,,261000,BHD,sell,,,,,,695,sqm,129,Diyar Al Muharraq,26.31142234802246,50.64306640625,diyar-al-muharraq,COMMUNITY,Diyar Al Muharraq,3.129,,,,,,,2859,https://www.propertyfinder.bh/images/pf_agent/picture/9be28fa2f5f90f87430423aed44deee94aa2ba8d/desktop,,Odai Ajamieh,odai.abj@gmail.com,odai-ajamieh,,,,,,English|Arabic,,,odai.abj@gmail.com,274,Asmara Real Estate,"Office 32, Building 1849, AL Hidd, 1121, Muharraq Governorate, PO Box 111",odai.abj@gmail.com,+97336600768,asmara-real-estate-274,,,,,,,,,,,,,,,,,,,,,,,,,,,,,,,,94,,,,,2026-06-05T09:09:08.616835+00:00,
52675653,52675653,FITTED OFFICE SPACE | HUGE SPACE | PRIME LOCATION,"Property Overview:
- Selling Price: BHD 103,000
- Fully Fitted
- Size: 166 sqm
Yearly maintenance charge 1600 BHD
Availability to move in: Immediately

Office Space for sale in the Seef District.

Seef - Platinum Tower

This fully fitted office is located in the Seef District, in the prestigious Platinum Tower.

Platinum Tower is one of the most prestigious commercial towers in Bahrain, housing many corporate offices.

The tower has many amenities which is unique to the Platinum tower.

Building Facilities:
• Swimming Pool.
• GYM.
• Reception Desk.
• Lobby Area.
• 24-hour security service.
• Parking spaces.

Nearby Landmarks:
• Bahrain City Center
• Seef Mall
• Bahrain Financial Harbor
• International Schools

It has an easy access from the main road and highway.
It has an easy access from the main road and highway.


Why Choose Masafa Real Estate?

- Experienced team with strong knowledge of the Bahrain real estate market

- Professional guidance from inquiry to handover

- Transparent and reliable service

- Complete real estate solutions under one roof

- Suitable for professionals and families.

Contact Masafa Real Estate for more details and viewing arrangements.",,,,commercial_sale,,,,2,2,,,,YES,,,,,,,,,,,3,,,,99000,BHD,sell,,,,,,166,sqm,37,Seef,26.239999771118164,50.5369987487793,seef,AREA,Seef,5.37,,,,,,,7662,https://www.propertyfinder.bh/images/pf_agent/picture/b39a683383763cce0fb39560fc20bb7824e861b1/desktop,,Yusuf Meshaal,yshymm5@gmail.com,yusuf-meshaal,,,,,,English|Arabic,,,yshymm5@gmail.com,180398,Masafa Real Estate,"Office 501, Building 1025, Seef, 3621, Capital Governorate, PO Box 436",yshymm5@gmail.com,+97366971161,masafa-real-estate-v2-180398,,,,,,,,,,,,,,,,,,,,,,,,,,,,,,,,100,AN|AC|CP|SP|VW|SE|SY|DN|CR|LB,AN|AC|CP|SP|VW|SE|SY|DN|CR|LB,,,2026-06-05T09:09:08.616835+00:00,
53033546,53033546,Prime Commercial B3* Land in  Karzakan,"Exceptional Commercial Land for Sale in Karzakan – Prime Investment Opportunity

This exceptional commercial land parcel offers a premium investment opportunity in the heart of Karzakan, one of Bahrain’s rapidly developing areas. Strategically located in a high-traffic zone, the plot provides excellent visibility and strong potential for commercial success.

Property Details:

Location: Karzakan
Total Land Area: 450 sqm (4,844 sq ft)
Land Classification: B3 (Commercial Buildings – up to 3 storeys)

Key Features:

Strategic location near Salam Gas and Ajeeb
High visibility from main access roads
Level land, ready for immediate development
Ideal for multi-storey commercial or mixed-use projects
Suitable for retail showrooms, office spaces, or clinics

Infrastructure & Services:

Direct access via paved asphalt road
Fully installed street lighting
Electricity and water connections available
Located within a fully serviced and developed area

Prime Location – Karzakan:
Karzakan is a fast-growing area known for its active commercial environment and excellent connectivity. The plot’s proximity to popular landmarks ensures continuous foot traffic and strong business exposure.

Nearby Amenities:

Close to retail outlets and local businesses
Minutes from essential community services
Easy access to main highways դեպի Hamad Town and Zallaq
Surrounded by established residential and commercial communities

Asking Price: BD 230,000 (Negotiable)",,,,commercial_sale,,,,,,,,,,,,,,,,,,,,1,,,,230000,BHD,sell,,,,,,450,sqm,28,Karzakkan,26.113693237304688,50.48170471191406,karzakkan,AREA,Karzakkan,4.28,,,,,,,4637,https://www.propertyfinder.bh/images/pf_agent/picture/4cb3d47e1acec023815c50ef0511a2a0a9a49547/desktop,,Husain Mansoor,hmansoor@icarlton.com,husain-mansoor,,,,,,English|Arabic,,,hmansoor@icarlton.com,32,Carlton Real Estate,"Office 141, Building 1012, Seef, Road 3621 Block 436, Capital Governorate, PO Box 0",info@icarlton.com,+97336667000,carlton-real-estate-32,,,,,,,,,,,,,,,,,,,,,,,,,,,,,,,,100,,,,,2026-06-05T09:09:08.616835+00:00,
52090922,52090922,Fitted Office /  close to City Center / Balcony,"In the heart of Seef district in a state-of-the-art technological advances commercial tower that will optimize productivity and efficiency. Special attention has been given to the needs of the most advanced business requirements, dynamic business world of today. The strategic location at Seef, dynamic infrastructure, and designer office spaces all guarantee to put you in the forefront of the business world.
Nearby to the leading malls, banks and other government offices, restaurants, gas stations, and a 15 minutes’ drive to the King Fahad Saudi Causeway.

Office Features:
 Fully fitted and furnished
 Reception and waiting area
 Pantry
 Glass partitions
 Central air-condition



Building Features:

* Private entrances and access roads
*Smart technology features and security measures
* High-speed 5G fiber Internet access
* Customized and serviced offices
* Gymnasium
* High-speed passenger and two service elevators
* Board room
* Reception and lobby area


For More information contact us on whatsapp : +97338755315",,,,commercial_sale,,,,3,3,6,6,,YES,,,,,,,,,,,3,,,,66000,BHD,sell,,,,,,165,sqm,37,Seef,26.239999771118164,50.5369987487793,seef,AREA,Seef,5.37,,,,,,,6116,https://www.propertyfinder.bh/images/pf_agent/picture/27a746b6ec166c1d38d64eaea3b5ce79e06f028b/desktop,,Moueen Charfi,REALESTATE.AMC.BH@GMAIL.COM,moueen-charfi,,,,,,English|Arabic|French,,,REALESTATE.AMC.BH@GMAIL.COM,1090,Moueen AMC,"Office 543, Building 33, Adliya, 1802, Capital Governorate, PO Box 318",amc.contracting.bh@gmail.com,+97338110026,moueen-amc-1090,,,,,,,,,,,,,,,,,,,,,,,,,,,,,,,,100,BA|AN|AC|CP|SP|SE|SY|LB,BA|AN|AC|CP|SP|SE|SY|LB,,,2026-06-05T09:09:08.616835+00:00,
51584129,51584129,Prime | Plot | SP | Diyar Al Muharraq | Al Sidra,"• Location: Diyar Al Muharraq
• Governorate: Muharraq Governorate
• SP (Special Purpose) zoned plot – ideal for residential or commercial projects
• Land Area: 189 sqm (2,034.40 sq ft)
• Prime road-facing plot with easy accessibility
• Located in an upscale and developing neighborhood
• Surrounded by modern villas, residential compounds, and commercial facilities
• Close to schools, shops, restaurants, and essential services
• Suitable for building a private villa, townhouse, or small commercial property
• Family-friendly and quiet environment
• High potential for rental income and long-term appreciation
• Clear title deed, ready for immediate sale

• Total Price: BHD 64,000
• Price Per Sq Ft: Approx. BHD 31.46

An excellent opportunity to invest in a premium plot in Diyar Al Muharraq’s Al Sidra 2 area, offering strategic location, development flexibility, and strong long-term value in one of Bahrain’s fastest-growing communities.",,,,commercial_sale,,,,,,,,,,,,,,,,,,,,1,,,,64000,BHD,sell,,,,,,189,sqm,278,Al Sidra,26.31142234802246,50.64306640625,diyar-al-muharraq-al-sidra,COMMUNITY,Al Sidra,3.129.278,,,,,,,6695,https://www.propertyfinder.bh/images/pf_agent/picture/1a8ed43d8c9f68043d78e99a854cb8f234b90d4c/desktop,,Husain Ali,husain.ali@housemeonline.com,husain-ali,,,,,,English|Arabic,,,husain.ali@housemeonline.com,7,House Me,"Office 21, Building 853, block 332, Manama, 3218, Capital Governorate, PO Box 0000",mohammed@housemeonline.com,+97339522370,house-me-7,,,,,,,,,,,,,,,,,,,,,,,,,,,,,,,,100,,,,,2026-06-05T09:09:08.616835+00:00,
51584100,51584100,Prime | Plot | Diyar Al Muharraq | Al Sidra,"• Location: Diyar Al Muharraq
• Governorate: Muharraq Governorate
• SP (Special Purpose) zoned plot – ideal for residential or commercial projects
• Land Area: 201.60 sqm (2,170.02 sq ft)
• Road-facing plot with excellent exposure and accessibility
• Prime location in a modern, upscale community
• Close to schools, supermarkets, restaurants, and essential services
• Surrounded by villas, residential compounds, and commercial establishments
• Suitable for building a private villa, townhouse, or small commercial property
• Growing neighborhood with strong demand and high investment potential
• Available for immediate sale
• Quiet and family-friendly environment
• High potential for rental income or future resale appreciation

• Selling Price: BHD 68,000
• Price Per Sq Ft: Approx. BHD 31.34

This is a rare opportunity to secure a premium plot in Diyar Al Muharraq’s Al Sidra area, offering strategic location, development flexibility, and long-term value in one of Bahrain’s fastest-growing communities.",,,,commercial_sale,,,,,,,,,,,,,,,,,,,,1,,,,68000,BHD,sell,,,,,,201,sqm,278,Al Sidra,26.31142234802246,50.64306640625,diyar-al-muharraq-al-sidra,COMMUNITY,Al Sidra,3.129.278,,,,,,,6695,https://www.propertyfinder.bh/images/pf_agent/picture/1a8ed43d8c9f68043d78e99a854cb8f234b90d4c/desktop,,Husain Ali,husain.ali@housemeonline.com,husain-ali,,,,,,English|Arabic,,,husain.ali@housemeonline.com,7,House Me,"Office 21, Building 853, block 332, Manama, 3218, Capital Governorate, PO Box 0000",mohammed@housemeonline.com,+97339522370,house-me-7,,,,,,,,,,,,,,,,,,,,,,,,,,,,,,,,100,,,,,2026-06-05T09:09:08.616835+00:00,
51584074,51584074,Premium | Land | Dilmunia | SP,"• Location: Dilmunia Island
• Governorate: Muharraq Governorate
• Zone: SP 
• Land Area: 658.40 sqm (7,087.02 sq ft)
• Excellent location with views of the main complex and water fountain
• High-end residential and commercial surroundings
• Road-facing with easy access to main streets and amenities
• Close to luxury hotels, restaurants, and retail areas
• Ideal for premium villa, mixed-use development, or investment purposes
• Clear title deed, ready for immediate sale
• High potential for appreciation due to location and development plans

• Total Price: BHD 191,300
• Price Per Sq Ft: Approx. BHD 27

A unique opportunity to invest in one of Bahrain’s most prestigious waterfront islands, offering scenic views, strategic location, and long-term value.",,,,commercial_sale,,,,,,,,,,,,,,,,,,,,1,,,,191300,BHD,sell,,,,,,658,sqm,264,Essence of Dilmunia,26.27286720275879,50.672889709472656,dilmunia-island-essence-of-dilmunia,COMMUNITY,Essence of Dilmunia,3.67.264,,,,,,,6695,https://www.propertyfinder.bh/images/pf_agent/picture/1a8ed43d8c9f68043d78e99a854cb8f234b90d4c/desktop,,Husain Ali,husain.ali@housemeonline.com,husain-ali,,,,,,English|Arabic,,,husain.ali@housemeonline.com,7,House Me,"Office 21, Building 853, block 332, Manama, 3218, Capital Governorate, PO Box 0000",mohammed@housemeonline.com,+97339522370,house-me-7,,,,,,,,,,,,,,,,,,,,,,,,,,,,,,,,100,,,,,2026-06-05T09:09:08.616835+00:00,
51584011,51584011,Land | Commercial | Diyar Al Muharraq | Seafront,"• Location: Diyar Al Muharraq - Al Wasm
• Governorate: Muharraq Governorate
• Prime seafront commercial/residential plot
• Land Area: 364.62 sqm (3,924.77 sq ft)
• SP (Special Purpose) Zone – suitable for commercial or high-end residential development
• Direct access to waterfront and scenic views
• High visibility location with potential for premium development
• Easy access to main roads and nearby amenities
• Surrounded by luxury villas and waterfront properties
• Ideal for investors, developers, or private buyers seeking seafront property
• Clear title deed and ready for immediate sale

• Total Price: BHD 210,000
• Price Per Sq Ft: Approx. BHD 53.51

Excellent investment opportunity in one of Bahrain’s most prestigious waterfront communities, offering both lifestyle and high-value potential.",,,,commercial_sale,,,,,,,,,,,,,,,,,,,,1,,,,210000,BHD,sell,,,,,,364,sqm,294,Mozoon,26.31910514831543,50.63341522216797,diyar-al-muharraq-mozoon,COMMUNITY,Mozoon,3.129.294,,,,,,,6695,https://www.propertyfinder.bh/images/pf_agent/picture/1a8ed43d8c9f68043d78e99a854cb8f234b90d4c/desktop,,Husain Ali,husain.ali@housemeonline.com,husain-ali,,,,,,English|Arabic,,,husain.ali@housemeonline.com,7,House Me,"Office 21, Building 853, block 332, Manama, 3218, Capital Governorate, PO Box 0000",mohammed@housemeonline.com,+97339522370,house-me-7,,,,,,,,,,,,,,,,,,,,,,,,,,,,,,,,100,,,,,2026-06-05T09:09:08.616835+00:00,
51583902,51583902,Commercial | Land | Diyar Al Muharraq | SP,"• Location: Diyar Al Muharraq, Muharraq Governorate
• Prime position directly opposite Al Baraha Souq
• Plot Area: 786.20 sqm (8,462.66 sq ft)
• Zoning: Commercial (SP)
• Road-facing plot with excellent visibility
• Easy access and convenient entry/exit
• Close to main highways and key facilities
• Surrounded by residential villas, compounds & retail outlets
• High foot traffic and strong commercial activity
• Ideal for restaurants, cafés, retail shops, showrooms, clinics, offices or mixed-use development
• Suitable for investors and developers
• High-demand and rapidly growing area
• Strong rental income potential
• Available for immediate sale
• Total Price: BHD 236,950
• Price Per Sq Ft: Approx. BHD 28

Excellent opportunity to secure a premium commercial plot in one of Bahrain’s fastest-growing investment destinations.",,,,commercial_sale,,,,,,,,,,,,,,,,,,,,1,,,,236950,BHD,sell,,,,,,786,sqm,294,Mozoon,26.31910514831543,50.63341522216797,diyar-al-muharraq-mozoon,COMMUNITY,Mozoon,3.129.294,,,,,,,6695,https://www.propertyfinder.bh/images/pf_agent/picture/1a8ed43d8c9f68043d78e99a854cb8f234b90d4c/desktop,,Husain Ali,husain.ali@housemeonline.com,husain-ali,,,,,,English|Arabic,,,husain.ali@housemeonline.com,7,House Me,"Office 21, Building 853, block 332, Manama, 3218, Capital Governorate, PO Box 0000",mohammed@housemeonline.com,+97339522370,house-me-7,,,,,,,,,,,,,,,,,,,,,,,,,,,,,,,,100,,,,,2026-06-05T09:09:08.616835+00:00,
53268869,53268869,Residential & Commercial Building in Qalali,"Residential & Commercial Building for Sale in Qalali

A great investment opportunity! This fully rented building is located on two streets in the well-connected area of Qalali.

Property Details:
- Land Size: 325 sqm  
- Built-up Area: 750 sqm  
- Total Units: 6 Apartments + 4 Shops  

Unit Breakdown:
- Ground Floor:  
  - 1 Apartment with 3 Bedrooms  
- First Floor:  
  - 2 Apartments with 2 Bedrooms each  
  - 1 Studio Apartment  
- Second Floor:  
  - 1 Apartment with 2 Bedrooms  
  - 1 Studio Apartment  

Income Details:
- Apartment Rental Income: BHD 1,050  
- Shops Rental Income: BHD 550  
- Total Monthly Income: BHD 1,600  

Status: Fully Rented  
Asking Price: BHD 270,000

This property offers a solid rental return and is ideally located close to shops, schools, and main roads.",,,,commercial_sale,,,,7+,7+,,,,YES,,,,,,,,,,,3,,,,270000,BHD,sell,,,,,,325,sqm,93,Galali,26.266666412353516,50.650001525878906,galali,AREA,Galali,3.93,,,,,,,4637,https://www.propertyfinder.bh/images/pf_agent/picture/4cb3d47e1acec023815c50ef0511a2a0a9a49547/desktop,,Husain Mansoor,hmansoor@icarlton.com,husain-mansoor,,,,,,English|Arabic,,,hmansoor@icarlton.com,32,Carlton Real Estate,"Office 141, Building 1012, Seef, Road 3621 Block 436, Capital Governorate, PO Box 0",info@icarlton.com,+97336667000,carlton-real-estate-32,,,,,,,,,,,,,,,,,,,,,,,,,,,,,,,,100,LB,LB,,,2026-06-05T09:09:08.616835+00:00,
972743,972743,Corner Opportunity | Commercial Visibility,"Prime Commercial Land for Sale - Corner Plot on Two Roads in A'ali  

A rare opportunity to own a commercial plot in a prime location in A'ali. This property is uniquely positioned on a corner, with access to two roads, offering excellent visibility and flexible development potential for a variety of commercial uses.

Property Details:  
Location: A'ali
Land Size: 423.1 SQM
Classification: S (Commercial)
Price per SQFT: BHD 29
Total Price: BHD 132,073

Why A'ali?  
A'ali is one of the most active commercial hubs in the Northern Governorate, known for its strategic location and accessibility through major highways. It is surrounded by residential communities, shopping centers, schools, health facilities, and more.

This plot is ideal for developing a retail space, office building, or mixed-use property.

Don’t miss this opportunity – contact us today for more informationCorner Opportunity | Commercial Visibility |",,,,commercial_sale,,,,,,,,,,,,,,,,,,,,1,,,,132073,BHD,sell,,,,,,423,sqm,85,A'Ali,26.1634578704834,50.515289306640625,a-ali,AREA,A'Ali,2.85,,,,,,,4637,https://www.propertyfinder.bh/images/pf_agent/picture/4cb3d47e1acec023815c50ef0511a2a0a9a49547/desktop,,Husain Mansoor,hmansoor@icarlton.com,husain-mansoor,,,,,,English|Arabic,,,hmansoor@icarlton.com,32,Carlton Real Estate,"Office 141, Building 1012, Seef, Road 3621 Block 436, Capital Governorate, PO Box 0",info@icarlton.com,+97336667000,carlton-real-estate-32,,,,,,,,,,,,,,,,,,,,,,,,,,,,,,,,100,,,,,2026-06-05T09:09:08.616835+00:00,
957296,957296,GREAT LOCATION| FITTEDI PRIVATE TOILETSI MODERN,"Property Overview:
- Selling Price: BHD 104,000
- Fully Fitted
- Size: 166 sqm
Yearly maintenance charge 1600 BHD 
Availability to move in: Immediately

Office Space for sale in the Seef District.

Seef - Platinum Tower

This fully fitted office is located in the Seef District, in the prestigious Platinum Tower.

Platinum Tower is one of the most prestigious commercial towers in Bahrain, housing many corporate offices.

The tower has many amenities which is unique to the Platinum tower.

Building Facilities:
• Swimming Pool.
• GYM.
• Reception Desk.
• Lobby Area.
• 24-hour security service.
• Parking spaces.

Nearby Landmarks:
• Bahrain City Center
• Seef Mall
• Bahrain Financial Harbor
• International Schools

It has an easy access from the main road and highway.
It has an easy access from the main road and highway.
________________________________________________________________________________

For more information and viewing of this property, please call our  Property Consultant Ms. Hana Adel, on mobile:  3650-4411 or office line: 1729-2827

For our latest properties, please follow us on our social media accounts:
Facebook, Instagram, Twitter & YouTube: @iCarltonBahrain



Carlton Real Estate is a leading real estate agency based in the Kingdom of Bahrain, established in 1996. With nearly three decades of industry experience, we offer a comprehensive range of real estate services tailored to both corporate and individual clients. Our expertise spans property buying, selling, and renting, as well as project marketing, property valuation, and real estate development. Committed to delivering exceptional service, we operate across all regions of Bahrain, helping our clients make informed property decisions with confidence.",,,,commercial_sale,,,,2,2,5,5,,YES,,,,,,,,,,,3,,,,104000,BHD,sell,,,,,,166,sqm,37,Seef,26.239999771118164,50.5369987487793,seef,AREA,Seef,5.37,,,,,,,3669,https://www.propertyfinder.bh/images/pf_agent/picture/f629328b1ac0296a823c5d310a5c5a4911c13226/desktop,,Hanaa Adel,hanaa@icarlton.com,hanaa-adel,,,,,,English|Arabic,,,hanaa@icarlton.com,32,Carlton Real Estate,"Office 141, Building 1012, Seef, Road 3621 Block 436, Capital Governorate, PO Box 0",info@icarlton.com,+97336667000,carlton-real-estate-32,,,,,,,,,,,,,,,,,,,,,,,,,,,,,,,,100,AC|CP|SP|AN|VW|SE|SY|DN|CR|LB,AC|CP|SP|AN|VW|SE|SY|DN|CR|LB,,,2026-06-05T09:09:08.616835+00:00,
51930761,51930761,Commercial land for sale in Busaiteen (Al Sayah),"Commercial land for sale in Busaiteen (Al Sayah)
Category BC (Investment Buildings Areas - C)
Located on two streets (corner)
Land area 669 square meters
Price BD 69.50 per square foot
Total price BD 500,477,840 (negotiable)
Note:
- All services are available
- Prime location overlooking the sea

- BC classification details
- Permitted uses: residential, commercial, administrative, or a combination thereof, according to the zoning maps.
- Permitted height: Not to exceed 10 floors.
- Building ratio:
- Not to exceed 500% of the land area.
- Not to exceed 60% of the land area per floor.
- Setbacks:
- Front setback: 0 meters
- Rear setback: 5 meters
- Side setback: 3.5 meters
- Parking:
- One parking space per apartment.
- At least one parking space per 100 square meters of the total building area.
- Lands overlooking approved commercial roads: A minimum of 6 meters of frontage is required to provide pedestrian walkways and parking spaces.
- Mezzanine floors: Permitted, provided their building area does not exceed 70% of the ground floor area.",,,,commercial_sale,,,,,,,,,,,,,,,,,,,,2,,,,500000,BHD,sell,,,,,,669,sqm,96,Busaiteen,26.27199935913086,50.60900115966797,busaiteen,AREA,Busaiteen,3.96,,,,,,,5851,https://www.propertyfinder.bh/images/pf_agent/picture/4061d5bd1443b7c45b478fe8c01db60aa9c0ff7a/desktop,,Hussain Alkhayaat,Hussainyusufe@gmail.com,hussain-alkhayaat,,,,,,English|Arabic,,,Hussainyusufe@gmail.com,787,Fajar AlKhalij Real Estate,"Office 0, Building 0, Seef, 0, Capital Governorate, PO Box 0",fajar.alkhalij@gmail.com,+97338100114,fajar-alkhalij-real-estate-787,,,,,,,,,,,,,,,,,,,,,,,,,,,,,,,,100,,,,,2026-06-05T09:09:08.616835+00:00,
51000367,51000367,Staff Accommodation with Showroom & Workshops,"Key Property Details

Location: Ras Zuwaid

Land Size: 1,124 sq.m

Property Type: Purpose-built staff accommodation

Floors: Ground floor + 3 floors

Total Rooms: 38 rooms

Room Size: 7 m x 4 m

Occupancy: Up to 8 persons per room

Ground Floor: Showroom, two workshops, kitchen, dining room, watchman room, 3 toilets

Compliance: Built in line with safety and accommodation requirements applicable to Aluminium Bahrain and BAPCO

Property Description

This purpose-built staff accommodation is located in Ras Zuwaid, a well-established industrial zone suitable for labor housing and corporate staff accommodation. The property is developed on a land area of 1,124 square meters and designed for high-capacity occupancy with efficient operational layout.

The ground floor includes a showroom suitable for administrative or commercial use, two workshops for operational support, a central kitchen with dining area, a watchman room for on-site security, and three toilets serving common areas.

The first floor consists of 12 rooms with 15 showers, 15 WC units, 15 wash basins, and a laundry area. The second and third floors follow a typical layout, each providing 13 rooms per floor, supported bȳ by 15 showers, 15 WC units, 15 wash basins, and laundry facilities on each level.

In total, the building offers 38 rooms, each measuring approximately 7 meters by 4 meters, designed to accommodate up to 8 persons per room. The layout and specifications make this property suitable for companies seeking organized and compliant staff housing, as well as investors targeting stable long-term rental demand in an industrial area.",,,,commercial_sale,,,,7+,7+,,,,PARTLY,,,,,,,,,,,3,,,,1000000,BHD,sell,,,,,,1128,sqm,269,Ras Zuwayed,26.085487365722656,50.61517333984375,ras-zuwayed,AREA,Ras Zuwayed,1.269,,,,,,,3549,https://www.propertyfinder.bh/images/pf_agent/picture/a44815eeec71c6de7c6ab1388aefc98ca5a08eb8/desktop,,Sayed Ahmed AlSharaf,S.ahmed@theonebh.com,sayed-ahmed-alsharaf,,,,,,English|Arabic,,,S.ahmed@theonebh.com,639,The one real estate and property management,"Office 703, Building 1848, Manama, 5133, Capital Governorate, PO Box 0",s.ahmed@theonebh.com,+97333699989,the-one-real-estate-and-property-management-639,,,,,,,,,,,,,,,,,,,,,,,,,,,,,,,,100,CR|LB,CR|LB,,,2026-06-05T09:09:08.616835+00:00,
963879,963879,Commercial Land-Hidd overlooking Khalifa Bridge,"For Sale: Commercial Lands in Hidd

Location: Hidd, directly overlooking Prince Khalifa bin Salman Bridge

Classification: SP (Special Projects) – Commercial

Available Lands: 5 plots in the same prime location

Land Size: 1,576 sq.m

Price per sqf 26 BHD

Total Price: 441,000 BHD


Located in one of Hidd’s most strategic and visible areas, these commercial plots offer a rare opportunity for investors and developers seeking high-potential properties. The lands are directly facing Prince Khalifa bin Salman Bridge, ensuring maximum exposure and easy access to major roads, industrial zones, and Bahrain’s main commercial hubs. The area continues to grow rapidly, supported by ongoing infrastructure development and the expansion of nearby industrial and residential projects.

With an SP (Special Projects) classification, the plots are suitable for a variety of developments such as commercial complexes, showrooms, offices, or mixed-use projects, making them an ideal long-term investment choice.

For inquiries and viewing, please contact us via the number provided or through WhatsApp using the link in our bio.
",,,,commercial_sale,,,,,,,,,,,,,,,,,,,,2,,,,441000,BHD,sell,,,,,,1576,sqm,32,Hidd,26.21263313293457,50.67418670654297,hidd,AREA,Hidd,3.32,,,,,,,3549,https://www.propertyfinder.bh/images/pf_agent/picture/a44815eeec71c6de7c6ab1388aefc98ca5a08eb8/desktop,,Sayed Ahmed AlSharaf,S.ahmed@theonebh.com,sayed-ahmed-alsharaf,,,,,,English|Arabic,,,S.ahmed@theonebh.com,639,The one real estate and property management,"Office 703, Building 1848, Manama, 5133, Capital Governorate, PO Box 0",s.ahmed@theonebh.com,+97333699989,the-one-real-estate-and-property-management-639,,,,,,,,,,,,,,,,,,,,,,,,,,,,,,,,100,,,,,2026-06-05T09:09:08.616835+00:00,
955777,955777,Commercial Land in Al Hidd–Waterfront & Park ,"Location: Al Hidd – opposite Prince Khalifa bin Salman Park

Nearby landmarks: Waterfront views, park access, cafés, and restaurants

Plot classification: SP (Special / Commercial)

Plot size: 365.9 sq. ft.

Price per sq. ft.: 55 BHD

Total price: 216,620 BHD


A prime selection of commercial plots is now available in the prestigious Al Hidd area, directly opposite Prince Khalifa bin Salman Park. These plots offer unmatched visibility and accessibility, making them ideal for retail shops, offices, or mixed-use developments. Some plots feature stunning waterfront views, while others face the park, providing both commercial potential and aesthetic appeal.

The area is highly sought-after for business development due to its strategic location, easy access to main roads, and proximity to popular landmarks, dining, and leisure facilities. With a plot size of 365.9 sq. ft. and a competitive price of 55 BHD per sq. ft., these plots offer an excellent investment opportunity for entrepreneurs or developers seeking prime commercial land in a thriving area of Al Hidd.",,,,commercial_sale,,,,,,,,,,,,,,,,,,,,2,,,,216620,BHD,sell,,,,,,366,sqm,32,Hidd,26.21263313293457,50.67418670654297,hidd,AREA,Hidd,3.32,,,,,,,3549,https://www.propertyfinder.bh/images/pf_agent/picture/a44815eeec71c6de7c6ab1388aefc98ca5a08eb8/desktop,,Sayed Ahmed AlSharaf,S.ahmed@theonebh.com,sayed-ahmed-alsharaf,,,,,,English|Arabic,,,S.ahmed@theonebh.com,639,The one real estate and property management,"Office 703, Building 1848, Manama, 5133, Capital Governorate, PO Box 0",s.ahmed@theonebh.com,+97333699989,the-one-real-estate-and-property-management-639,,,,,,,,,,,,,,,,,,,,,,,,,,,,,,,,100,,,,,2026-06-05T09:09:08.616835+00:00,
955778,955778,Commercial Land in Al Hidd–Waterfront & Park,"Prime Commercial Land for Sale – Al Hidd Area

Location: Al Hidd

Nearby Landmarks: Opposite Prince Khalifa Bin Salman Park

Plot Size: 365.9 sqm

Classification: SP (Commercial)

Available Services: All essential utilities

Price per Sqft: 55 BHD

Total Price: 216,620 BHD


A rare investment opportunity awaits in Al Hidd, offering multiple commercial plots in a highly sought-after area. These plots feature prominent sea-facing frontages as well as prime views facing the park, providing excellent visibility for any commercial project. The location benefits from easy access to major roads and nearby amenities, ensuring convenience for both businesses and clients. Ideal for developing retail, offices, or mixed-use commercial establishments, these plots combine strategic positioning with versatile development potential. Don’t miss this chance to secure a prime piece of Al Hidd’s thriving commercial hub.",,,,commercial_sale,,,,,,,,,,,,,,,,,,,,2,,,,216620,BHD,sell,,,,,,366,sqm,32,Hidd,26.21263313293457,50.67418670654297,hidd,AREA,Hidd,3.32,,,,,,,3549,https://www.propertyfinder.bh/images/pf_agent/picture/a44815eeec71c6de7c6ab1388aefc98ca5a08eb8/desktop,,Sayed Ahmed AlSharaf,S.ahmed@theonebh.com,sayed-ahmed-alsharaf,,,,,,English|Arabic,,,S.ahmed@theonebh.com,639,The one real estate and property management,"Office 703, Building 1848, Manama, 5133, Capital Governorate, PO Box 0",s.ahmed@theonebh.com,+97333699989,the-one-real-estate-and-property-management-639,,,,,,,,,,,,,,,,,,,,,,,,,,,,,,,,100,,,,,2026-06-05T09:09:08.616835+00:00,
963135,963135,Commercial Land for Sale in Askar–Special Project,"• Location: Askar
• Nearby Landmarks: Behind Alba
• Plot Size: 1,124.4 sqm
• Classification: SP – Special Projects
• Services: Full infrastructure available
• Price per sqf 10 BHD
• Total Price: 121,095 BHD

For sale: a strategically located commercial land in Askar, classified as SP (Special Projects), offering excellent potential for various investment opportunities. The plot is situated behind Alba, providing a prime position close to Bahrain’s major industrial and commercial hubs. The area benefits from convenient access roads, full infrastructure, and proximity to key developments, making it an ideal choice for investors or developers looking to establish specialized facilities, warehouses, or commercial projects. This plot offers exceptional value at just 10 BHD per square foot, making it a strong opportunity in a fast-developing industrial zone.
",,,,commercial_sale,,,,,,,,,,,,,,,,,,,,1,,,,121095,BHD,sell,,,,,,1125,sqm,79,Askar,26.05678367614746,50.61648178100586,askar,AREA,Askar,1.79,,,,,,,3549,https://www.propertyfinder.bh/images/pf_agent/picture/a44815eeec71c6de7c6ab1388aefc98ca5a08eb8/desktop,,Sayed Ahmed AlSharaf,S.ahmed@theonebh.com,sayed-ahmed-alsharaf,,,,,,English|Arabic,,,S.ahmed@theonebh.com,639,The one real estate and property management,"Office 703, Building 1848, Manama, 5133, Capital Governorate, PO Box 0",s.ahmed@theonebh.com,+97333699989,the-one-real-estate-and-property-management-639,,,,,,,,,,,,,,,,,,,,,,,,,,,,,,,,100,,,,,2026-06-05T09:09:08.616835+00:00,
953895,953895,Investment Opportunity–Hospital Land in Dilmunia,"Land for Sale - Medical License With Final Approvals.

Land Size: 5050

Location Facilities:  

- Near to international Schools
- Mall of Dilmunia
- Dilmunia Fountain
- Markets 
- Few minutes to Amwaj Island
- Few minutes to Diyar Muharraq
- Easy access to highway


Start your medical project now with this prime land for sale on Dilmunia Island. The property comes with a final license for constructing a fully equipped hospital, making it a rare opportunity in Bahrain’s growing healthcare sector. The plot is fully serviced, with all necessary utilities in place, ensuring a smooth and ready development process.

The location is highly strategic, situated close to Dilmunia Commercial Complex and Nadine International School, providing excellent access for staff, patients, and visitors. With its premium position on Dilmunia Island, the land offers not only convenience and visibility but also a high-potential investment opportunity in the healthcare sector.

This is an ideal choice for investors or healthcare developers looking to establish a modern hospital in a thriving, well-connected location. Secure your piece of Dilmunia today and take advantage of this exceptional opportunity to contribute to Bahrain’s healthcare infrastructure.",,,,commercial_sale,,,,,,,,,,,,,,,,,,,,2,,,,1630800,BHD,sell,,,,,,5050,sqm,289,Breeze of Dilmunia,26.26974105834961,50.6783332824707,dilmunia-island-breeze-of-dilmunia,COMMUNITY,Breeze of Dilmunia,3.67.289,,,,,,,3549,https://www.propertyfinder.bh/images/pf_agent/picture/a44815eeec71c6de7c6ab1388aefc98ca5a08eb8/desktop,,Sayed Ahmed AlSharaf,S.ahmed@theonebh.com,sayed-ahmed-alsharaf,,,,,,English|Arabic,,,S.ahmed@theonebh.com,639,The one real estate and property management,"Office 703, Building 1848, Manama, 5133, Capital Governorate, PO Box 0",s.ahmed@theonebh.com,+97333699989,the-one-real-estate-and-property-management-639,,,,,,,,,,,,,,,,,,,,,,,,,,,,,,,,100,,,,,2026-06-05T09:09:08.616835+00:00,
954764,954764,Hidd Commercial Land Near Prince Khalifa Park,"Commercial Land for Sale – Hidd Area

Location: Near Prince Khalifa Park, Hidd Bridge

Plot Size: 365 sqm, equal to 3929 square feet

Classification: SP Special Projects

Building Permission: Up to 3 floors of commercial shops

Price per square foot: 37 BHD

Total Price: 145000 BHD

Nearby Landmarks: Prince Khalifa Park, Hidd Bridge, main commercial areas

Services: All infrastructure and utilities available


This commercial land in Hidd provides an excellent investment opportunity in a prime and strategic location. The plot measures 365 square meters and is classified as SP, which permits the construction of commercial buildings up to three floors. The land is suitable for retail shops, offices, or a mixed use commercial project.

Located near Prince Khalifa Park and directly accessible from Hidd Bridge, the property benefits from strong visibility, continuous traffic flow, and convenient access to Muharraq, Manama, and other major destinations through the main highway. The surrounding area is active with both residential and commercial developments, which further enhances its potential.

With all necessary infrastructure and utilities available, this land is ready for immediate development. The total price is 145000 BHD, offering a competitive value for investors and developers seeking to establish projects in Bahrains commercial sector.",,,,commercial_sale,,,,,,,,,,,,,,,,,,,,2,,,,145000,BHD,sell,,,,,,365,sqm,32,Hidd,26.21263313293457,50.67418670654297,hidd,AREA,Hidd,3.32,,,,,,,3549,https://www.propertyfinder.bh/images/pf_agent/picture/a44815eeec71c6de7c6ab1388aefc98ca5a08eb8/desktop,,Sayed Ahmed AlSharaf,S.ahmed@theonebh.com,sayed-ahmed-alsharaf,,,,,,English|Arabic,,,S.ahmed@theonebh.com,639,The one real estate and property management,"Office 703, Building 1848, Manama, 5133, Capital Governorate, PO Box 0",s.ahmed@theonebh.com,+97333699989,the-one-real-estate-and-property-management-639,,,,,,,,,,,,,,,,,,,,,,,,,,,,,,,,100,,,,,2026-06-05T09:09:08.616835+00:00,
52830683,52830683,Premium Residential - Prime Location - Hot Deal,"For Sale: Premium Residential Building in Juffair

Location:
	•	Situated in Juffair on a main road
	•	Close to the petrol station, Bahrain Specialist Hospital, and the main entrance to Juffair
	•	Surrounded by all essential services and amenities

Property Details:
	•	Land Area: 434 sqm
	•	The building consists of 3 apartments:

Apartment No. 1:
	•	2 bedrooms
	•	3 bathrooms
	•	Living room
	•	Kitchen

Apartments No. 2 & 3:
	•	3 spacious bedrooms
	•	3 bathrooms
	•	Large kitchen
	•	Spacious living room
	•	Laundry room
Building Facilities:
	•	4 car parking spaces
	•	Large swimming pool
	•	Maid’s / guard room
	•	Gym (small fitness area)

The building is sold fully furnished

Property Advantages:
	•	Suitable for personal residential use
	•	Or ideal for rental as a steady income investment

For more information or personal viewings, please contact us on +97332225528 or +97317000287.

--------------------------------------------------------------------------------------------------------

Underhill Real Estate is a real estate brokerage company certified by the Real Estate Regulatory Authority (RERA) in Bahrain. We offer a comprehensive range of residential and commercial properties for sale and leasing across many areas in Bahrain.


--------------------------------------------------------------------------------------------------------",,,,commercial_sale,,,,7+,7+,,,,YES,,,,,,,,,,,3,,,,280000,BHD,sell,,,,,,434,sqm,26,Al Juffair,26.211111068725586,50.601112365722656,al-juffair,AREA,Al Juffair,5.26,,,,,,,4873,https://www.propertyfinder.bh/images/pf_agent/picture/35a2bd364245f51f3a8a22f8400f0c2cede50c8a/desktop,,Ahmed Alkuwaiti,a.alkuwaiti@underhill.bh,ahmed-alkuwaiti,,,,,,English|Arabic,,,a.alkuwaiti@underhill.bh,449,Underhill Real Estate,"Office 1805, Building 1565, Manama, 1722 Diplomatic Area, Capital Governorate, PO Box 11155",m.abul@underhill.bh,+97317000287,underhill-real-estate-449,,,,,,,,,,,,,,,,,,,,,,,,,,,,,,,,100,CP|SP|SE|SY,CP|SP|SE|SY,,,2026-06-05T09:09:08.616835+00:00,
52830647,52830647,Service classification Land @ sitra-mahza,"Service classification Land for sale @ Sitra -  Alqarya 

Service uses, maintenance and repair service workshops, oil exchange, tire repair, in addition to administrative offices, warehouses and workers, housing, and specific commercial uses are also allowed according to controls set by the Bahrain planning affairs, as shown in the approved classification maps.

----------------------------------------------------------------------------------------------------

- Land Classification: 

- Plot Size: 1,244 sqm
- Plot Size in ft2: 13,390.416 ft2
- Asking Price per ft: 24 BD  
- Total Price: BD 321,370/-

For more information, please contact us on +97332225528 or +97317000287.

---------------------------------------------------------------------------------------------------

Underhill Real Estate is a real estate brokerage company certified by the Real Estate Regulatory Authority (RERA) in Bahrain. We offer a comprehensive range of residential and commercial properties for sale and leasing across many areas in Bahrain.",,,,commercial_sale,,,,,,,,,,,,,,,,,,,,3,,,,321370,BHD,sell,,,,,,1244,sqm,69,Sitra,26.162988662719727,50.6124267578125,sitra,AREA,Sitra,2.69,,,,,,,4873,https://www.propertyfinder.bh/images/pf_agent/picture/35a2bd364245f51f3a8a22f8400f0c2cede50c8a/desktop,,Ahmed Alkuwaiti,a.alkuwaiti@underhill.bh,ahmed-alkuwaiti,,,,,,English|Arabic,,,a.alkuwaiti@underhill.bh,449,Underhill Real Estate,"Office 1805, Building 1565, Manama, 1722 Diplomatic Area, Capital Governorate, PO Box 11155",m.abul@underhill.bh,+97317000287,underhill-real-estate-449,,,,,,,,,,,,,,,,,,,,,,,,,,,,,,,,100,,,,,2026-06-05T09:09:08.616835+00:00,
52830611,52830611,Bahrain Bay Main Road - Prime Location,"Commercial retail shop available for Sale in Bahrain Bay located near Wyndham Hotel and opposite of the Four Seasons Hotel. The retail shop is in Waterbay Building that is a residential/commercial building located near the business district and main shopping malls in Bahrain, with easy access to Seef District, Diplomatic Area and Bahrain Financial Harbour. 

------------------------------------------------------------------------------------

Shop features:

- Fitted 
- Visitors Parking
- High Ceiling
- Outdoor Seating Area
- 24/7 Security
- CCTV Cameras

This unit is suitable for all kind of business, such as:

- Coffee shops
- Restaurants
- Banks
- Telecom Companies
- Insurance Companies
- Travel Agencies
- Salons
- Fashion & Clothing stores 

For more information or personal viewing, please contact us on +97332225528 or +97317000287.

---------------------------------------------------------------------------------",,,,commercial_sale,,,,2,2,,,,NO,,,,,,,,,,,3,,,,175000,BHD,sell,,,,,,86,sqm,43,Bahrain Bay,26.249584197998047,50.580360412597656,bahrain-bay,AREA,Bahrain Bay,5.43,,,,,,,4873,https://www.propertyfinder.bh/images/pf_agent/picture/35a2bd364245f51f3a8a22f8400f0c2cede50c8a/desktop,,Ahmed Alkuwaiti,a.alkuwaiti@underhill.bh,ahmed-alkuwaiti,,,,,,English|Arabic,,,a.alkuwaiti@underhill.bh,449,Underhill Real Estate,"Office 1805, Building 1565, Manama, 1722 Diplomatic Area, Capital Governorate, PO Box 11155",m.abul@underhill.bh,+97317000287,underhill-real-estate-449,,,,,,,,,,,,,,,,,,,,,,,,,,,,,,,,100,CP|AN|DN|LB,CP|AN|DN|LB,,,2026-06-05T09:09:08.616835+00:00,
52830588,52830588,Strategic - Prime Location - Bargain Price !!,"Strategic Commercial Building with 4 Shops Sale as Land in Salmaniya – Prime Location & Investment Opportunity

A rare opportunity to own a strategically located plot in the heart of Salmaniya, Bahrain. This 237 sqm land is classified BD (6 Floors), making it ideal for residential or mixed-use development.

Located in one of Bahrain’s most central and high-demand areas, this plot is surrounded by key amenities including hospitals, schools, commercial centers, and easy road access.

Property Details:
	•	Location: Salmaniya, Bahrain
	•	Land Size: 237 sqm
	•	Classification: BD – Up to 6 Floors
	•	Usage: Ideal for residential or investment development

This is a limited-time opportunity at a highly competitive price — perfect for investors and developers seeking a high-return project in a strategic area.


For more information or personal viewings, please contact us on +97332225528 or +97317000287.

--------------------------------------------------------------------------------------------------

Underhill Real Estate is a real estate brokerage company certified by the Real Estate Regulatory Authority (RERA) in Bahrain. We offer a comprehensive range of residential and commercial properties for sale and leasing across many areas in Bahrain.",,,,commercial_sale,,,,,,,,,,,,,,,,,,,,2,,,,127550,BHD,sell,,,,,,237,sqm,58,Salmaniya,26.219327926635742,50.579288482666016,manama-salmaniya,AREA,Salmaniya,5.34.58,,,,,,,4873,https://www.propertyfinder.bh/images/pf_agent/picture/35a2bd364245f51f3a8a22f8400f0c2cede50c8a/desktop,,Ahmed Alkuwaiti,a.alkuwaiti@underhill.bh,ahmed-alkuwaiti,,,,,,English|Arabic,,,a.alkuwaiti@underhill.bh,449,Underhill Real Estate,"Office 1805, Building 1565, Manama, 1722 Diplomatic Area, Capital Governorate, PO Box 11155",m.abul@underhill.bh,+97317000287,underhill-real-estate-449,,,,,,,,,,,,,,,,,,,,,,,,,,,,,,,,100,,,,,2026-06-05T09:09:08.616835+00:00,
52804098,52804098,Prime Commercial - Good Opportunity - Investment,"For Sale – Prime Commercial Building in Galali

An excellent investment opportunity to own a modern commercial building in the vibrant area of Galali, offering a strategic location close to essential services and strong rental demand, making it ideal for generating stable and consistent income.

Property Features:
	•	7 residential apartments (2 bedrooms, living room, kitchen, and bathroom)
	•	5 commercial shops with mezzanine floors
	•	Elevator serving all levels
	•	Separate electricity meters for each unit
	•	Ample parking spaces available around the building

Income Details:
	•	All commercial shops are currently rented
	•	3 apartments are currently rented
	•	Current monthly income: BHD 1,200
	•	Expected total monthly income (fully rented): BHD 1,800

Additional Information:
	•	Building age: 6 years
	•	Land size: 210 sqm
	•	Built-up area: 945 sqm

This property presents a solid investment opportunity with strong income potential and room for growth, located in a high-demand area for both residential and commercial rentals.",,,,commercial_sale,,,,7+,7+,,,,PARTLY,,,,,,,,,,,3,,,,250000,BHD,sell,,,,,,210,sqm,93,Galali,26.266666412353516,50.650001525878906,galali,AREA,Galali,3.93,,,,,,,4873,https://www.propertyfinder.bh/images/pf_agent/picture/35a2bd364245f51f3a8a22f8400f0c2cede50c8a/desktop,,Ahmed Alkuwaiti,a.alkuwaiti@underhill.bh,ahmed-alkuwaiti,,,,,,English|Arabic,,,a.alkuwaiti@underhill.bh,449,Underhill Real Estate,"Office 1805, Building 1565, Manama, 1722 Diplomatic Area, Capital Governorate, PO Box 11155",m.abul@underhill.bh,+97317000287,underhill-real-estate-449,,,,,,,,,,,,,,,,,,,,,,,,,,,,,,,,100,AN|CP|SE|LB,AN|CP|SE|LB,,,2026-06-05T09:09:08.616835+00:00,
948476,948476,Corner (2 Roads) - Prime Location - Hot Deal!!,"3 Storey Building, Prime Location @Hala in Muharraq, it will be sold as a land. It&#39;s a great opportunity for people seeking real-estate investment, the Building is at a prime location in Muharraq, Near Supermarket and restaurants.
It&#39;s a corner land with 2 road.

Commercial/Investment land available for sale in Muharraq, close to all the services needed such as restaurants, supermarkets and shops.

************************************************************************

- Land Classification: RHB
- Building Percentage: 300% of Land Area
- Plot Size: 250 sqm
- Plot Size in ft: 2,691 ft 
- Asking Price per ft: BD 49 (Negotiable)
- Total Price: BD 132,000

Nearby Landmark:

- Muharraq Market 
- Hala Medical Center
- Hala Club


For more information or personal viewings, please contact us on +97332225561 or +97317000287.

*** Viewing via appointment only ***

----------------------------------------------------------------------------------

Underhill Real Estate is a real estate brokerage company certified by the Real Estate Regulatory Authority (RERA) in Bahrain. We offer a comprehensive range of residential and commercial properties for sale and leasing across many areas in Bahrain.
Underhill specializes in providing the best and cost-effective real estate solutions to its clients.",,,,commercial_sale,,,,,,,,,,,,,,,,,,,,3,,,,132000,BHD,sell,,,,,,250,sqm,12,Muharraq,26.25,50.616668701171875,muharraq,AREA,Muharraq,3.12,,,,,,,4050,https://www.propertyfinder.bh/images/pf_agent/picture/561e1a65f2178ac9f8533a9146ac5edb2f8ab775/desktop,,Sonali Fernandes,s.fernandes@underhill.bh,sonali-fernandes,,,,,,English,,,s.fernandes@underhill.bh,449,Underhill Real Estate,"Office 1805, Building 1565, Manama, 1722 Diplomatic Area, Capital Governorate, PO Box 11155",m.abul@underhill.bh,+97317000287,underhill-real-estate-449,,,,,,,,,,,,,,,,,,,,,,,,,,,,,,,,100,,,,,2026-06-05T09:09:08.616835+00:00,
52570761,52570761,Investment Opportunity: Ras Zuwayed Area,"Prime Investment Opportunity: Industrial Building for Sale in Ras Zuwayed

We are pleased to offer a modern industrial building located in the strategically positioned Ras Zuwayed area, near key regions such as Jaw and Riffa. This property is ideal for commercial and residential purposes.

Property Features:
- A spacious commercial shop occupying half of the ground floor with a mezzanine.
- Five additional commercial shops, each equipped with a mezzanine.
- Twelve residential apartments designated for labor accommodation, providing a comfortable living environment.

Location Advantages:
- Situated in the Ras Zuwayed industrial area, known for its ongoing development and infrastructure upgrades.
- Proximity to neighboring areas such as Jaw and Riffa enhances the property's investment value.
- Well-served by public transportation, with bus lines passing nearby.

Asking Price:
600,000 Bahraini Dinars

This property represents an excellent opportunity for investors seeking steady rental income or businesses looking to expand in a vital location.",,,,commercial_sale,,,,7+,7+,,,,PARTLY,,,,,,,,,,,3,,,,600000,BHD,sell,,,,,,1198,sqm,269,Ras Zuwayed,26.085487365722656,50.61517333984375,ras-zuwayed,AREA,Ras Zuwayed,1.269,,,,,,,4941,https://www.propertyfinder.bh/images/pf_agent/picture/2d6cb847c1a65afd45df8d0679f3fcad8e166f7f/desktop,,Abdulla Hasan,abdulla@icarlton.com,abdulla-hasan,,,,,,English|Arabic,,,abdulla@icarlton.com,32,Carlton Real Estate,"Office 141, Building 1012, Seef, Road 3621 Block 436, Capital Governorate, PO Box 0",info@icarlton.com,+97336667000,carlton-real-estate-32,,,,,,,,,,,,,,,,,,,,,,,,,,,,,,,,100,SE,SE,,,2026-06-05T09:09:08.616835+00:00,
946346,946346,Commercial Land on One Road | B3 classification,"Commercial Land on One Road for sale located in Hidd Area. B3 category, you will be able to build your investment property in no time.

___________________________________

Size in M2 is 464.4
(Size in F2 is 4,998.8016)

**Asking Price BD 27 per F2
**Total Price BD 134,968

_________________________________________________________________________

Hidd is one of Muharraq Governorate’s large residential area. It comprises mostly of villas and has been following trend and setting apartments in New Hidd (as referred to). It still relives many traditional neighborhood. Family oriented area that is surrounded by many establishments from large scale supermarkets to variety of restaurants. The area is also easily accessible from Prince Khalifa Causeway or Sheikh Hamad Causeway.

___________________________________________________________________________

For more information and viewing of this property, please call our Key Account Manager Ms. Violeta Abboud.",,,,commercial_sale,,,,,,,,,,,,,,,,,,,,2,,,,134968,BHD,sell,,,,,,464,sqm,32,Hidd,26.21263313293457,50.67418670654297,hidd,AREA,Hidd,3.32,,,,,,,3026,https://www.propertyfinder.bh/images/pf_agent/picture/efed8613e1503368af098ff9cb396d0af266497b/desktop,,Violeta Abboud,violeta@icarlton.com,violeta-abboud,,,,,,English,,,violeta@icarlton.com,32,Carlton Real Estate,"Office 141, Building 1012, Seef, Road 3621 Block 436, Capital Governorate, PO Box 0",info@icarlton.com,+97336667000,carlton-real-estate-32,,,,,,,,,,,,,,,,,,,,,,,,,,,,,,,,100,,,,,2026-06-05T09:09:08.616835+00:00,
51203432,51203432,B3* Commercial Land (Shops and Apartments),"Commercial/Investment land available for sale in Galali, close to all the services needed such as restaurants, supermarkets and shops.

The land classification allows the owner to build a 3 Storey building with Shops and Basement 

----------------------------------------------------

- Land Classification: B3*

- Plot Size: 515.5 sqm
- Plot Size in ft2: 5,548.8 ft2
- Asking Price per ft: BD 36
- Total Price: BD 199,700

Nearby Landmark:

- Close to Amwaj
- Diar Al Muhaaq 
- Dargon City 
- Canadian School
- Kano School 
- Galali Petrol Station

For more information or personal viewings, please contact us on +97332225528 or +97317000287.

-----------------------------------------------------------

Underhill Real Estate is a real estate brokerage company certified by the Real Estate Regulatory Authority (RERA) in Bahrain. We offer a comprehensive range of residential and commercial properties for sale and leasing across many areas in Bahrain.",,,,commercial_sale,,,,,,,,,,,,,,,,,,,,2,,,,199000,BHD,sell,,,,,,515,sqm,93,Galali,26.266666412353516,50.650001525878906,galali,AREA,Galali,3.93,,,,,,,4873,https://www.propertyfinder.bh/images/pf_agent/picture/35a2bd364245f51f3a8a22f8400f0c2cede50c8a/desktop,,Ahmed Alkuwaiti,a.alkuwaiti@underhill.bh,ahmed-alkuwaiti,,,,,,English|Arabic,,,a.alkuwaiti@underhill.bh,449,Underhill Real Estate,"Office 1805, Building 1565, Manama, 1722 Diplomatic Area, Capital Governorate, PO Box 11155",m.abul@underhill.bh,+97317000287,underhill-real-estate-449,,,,,,,,,,,,,,,,,,,,,,,,,,,,,,,,100,,,,,2026-06-05T09:09:08.616835+00:00,
1002217,1002217,Great Opportunity- Easy Access - Main Highway,"Residential/Commercial/Investment lands for sale in Saar, close to all the services needed such malls, schools, restaurants and supermarkets .

- Total Price for both lands: BD 500,000


- Land Classification: B4

- Price : 13.2 BHD Per FT

- Plot Size: 3,526 sqm

--------------------------------------------------------------------------------------------

The land is located in close proximity to:

- Saar Mall
- Nakheel Centre
- St. Christopher School
- Easy Access to Sh. Khalifa bin Salman Highway

For more information or personal viewing, please contact us on +97332225528 or +97317000287.

-----------------------------------------------------------------------------------------------

Underhill Real Estate is a real estate brokerage company certified by the Real Estate Regulatory Authority (RERA) in Bahrain. We offer a comprehensive range of residential and commercial properties for sale and leasing across many areas in Bahrain. We provide the best and cost-effective real estate solutions to our clients.",,,,commercial_sale,,,,,,,,,,,,,,,,,,,,3,,,,500000,BHD,sell,,,,,,3526,sqm,72,Saar,26.19164276123047,50.48757553100586,saar,AREA,Saar,4.72,,,,,,,4873,https://www.propertyfinder.bh/images/pf_agent/picture/35a2bd364245f51f3a8a22f8400f0c2cede50c8a/desktop,,Ahmed Alkuwaiti,a.alkuwaiti@underhill.bh,ahmed-alkuwaiti,,,,,,English|Arabic,,,a.alkuwaiti@underhill.bh,449,Underhill Real Estate,"Office 1805, Building 1565, Manama, 1722 Diplomatic Area, Capital Governorate, PO Box 11155",m.abul@underhill.bh,+97317000287,underhill-real-estate-449,,,,,,,,,,,,,,,,,,,,,,,,,,,,,,,,100,,,,,2026-06-05T09:09:08.616835+00:00,
1002213,1002213,Building with Shops and Flats @Prime Location,"Commercial Building  located at a prime location in Muharraq, great opportunity for people seeking real estate investment.

Plot (Land) size: 212 sqm

The Building consists of 2 floors that features:
 
- Ground Floor is Big shop Lady Salon 
- First Floor with 2 Apartments 

For more information or personal viewing, please contact us on +97332225571 or +97317000287.

---------------------------------------------------------------------------------------------------------------------

Underhill Real Estate is a real estate brokerage company certified by the Real Estate Regulatory Authority (RERA) in Bahrain. We offer a comprehensive range of residential and commercial properties for sale and leasing across many areas in Bahrain. Underhill specializes in providing the best and cost-effective real estate solutions to its clients.",,,,commercial_sale,,,,7+,7+,,,,YES,,,,,,,,,,,3,,,,140000,BHD,sell,,,,,,212,sqm,12,Muharraq,26.25,50.616668701171875,muharraq,AREA,Muharraq,3.12,,,,,,,4873,https://www.propertyfinder.bh/images/pf_agent/picture/35a2bd364245f51f3a8a22f8400f0c2cede50c8a/desktop,,Ahmed Alkuwaiti,a.alkuwaiti@underhill.bh,ahmed-alkuwaiti,,,,,,English|Arabic,,,a.alkuwaiti@underhill.bh,449,Underhill Real Estate,"Office 1805, Building 1565, Manama, 1722 Diplomatic Area, Capital Governorate, PO Box 11155",m.abul@underhill.bh,+97317000287,underhill-real-estate-449,,,,,,,,,,,,,,,,,,,,,,,,,,,,,,,,100,CR|AN|DN|LB,CR|AN|DN|LB,,,2026-06-05T09:09:08.616835+00:00,
1002216,1002216,Prime Location - Easy Access - On Main Highway,"Residential/Commercial/Investment lands for sale in Saar, close to all the services needed such malls, schools, restaurants and supermarkets .

- Total Price for both lands: BD 1,000,000


- Land Classification: BC 

- Price : 30 BHD Per FT

- Plot Size: 3,474 sqm

--------------------------------------------------------------------------------------------

The land is located in close proximity to:

- Saar Mall
- Nakheel Centre
- St. Christophers School
- Easy Access to Sh. Khalifa bin Salman Highway

For more information or personal viewing, please contact us on +97332225528 or +97317000287.

-----------------------------------------------------------------------------------------------

Underhill Real Estate is a real estate brokerage company certified by the Real Estate Regulatory Authority (RERA) in Bahrain. We offer a comprehensive range of residential and commercial properties for sale and leasing across many areas in Bahrain. We provide the best and cost-effective real estate solutions to our clients.",,,,commercial_sale,,,,,,,,,,,,,,,,,,,,3,,,,1000000,BHD,sell,,,,,,3128,sqm,72,Saar,26.19164276123047,50.48757553100586,saar,AREA,Saar,4.72,,,,,,,4873,https://www.propertyfinder.bh/images/pf_agent/picture/35a2bd364245f51f3a8a22f8400f0c2cede50c8a/desktop,,Ahmed Alkuwaiti,a.alkuwaiti@underhill.bh,ahmed-alkuwaiti,,,,,,English|Arabic,,,a.alkuwaiti@underhill.bh,449,Underhill Real Estate,"Office 1805, Building 1565, Manama, 1722 Diplomatic Area, Capital Governorate, PO Box 11155",m.abul@underhill.bh,+97317000287,underhill-real-estate-449,,,,,,,,,,,,,,,,,,,,,,,,,,,,,,,,100,,,,,2026-06-05T09:09:08.616835+00:00,
1001043,1001043,Commercial Building - Shop and Flats - Main Road,"Commercial Building at a prime location in Muharraq on Sh. Khalifa bin Salman Avenue near Baskin Robbins, KFC, Midway and Pizza Hut. The Building consists of 6 Apartments and 6 Shops. Its a great opportunity for people seeking real estate investment.

Plot (Land) size: 270 sqm
Built-up Area: Almost 750 sqm

The Building consists of a total of 6 Shops and 6 Apartments.

6 Apartments:

5 Apartments of 2 Bedrooms
1 Apartment of 3 Bedrooms

For more information or personal viewings, please contact us on +97332225528 or +97317000287.

------------------------------------------------------------------------------------------------------------------

Underhill Real Estate is a real estate brokerage company certified by the Real Estate Regulatory Authority (RERA) in Bahrain. We offer a comprehensive range of residential and commercial properties for sale and leasing across many areas in Bahrain.",,,,commercial_sale,,,,7+,7+,,,,YES,,,,,,,,,,,3,,,,300000,BHD,sell,,,,,,270,sqm,12,Muharraq,26.25,50.616668701171875,muharraq,AREA,Muharraq,3.12,,,,,,,4873,https://www.propertyfinder.bh/images/pf_agent/picture/35a2bd364245f51f3a8a22f8400f0c2cede50c8a/desktop,,Ahmed Alkuwaiti,a.alkuwaiti@underhill.bh,ahmed-alkuwaiti,,,,,,English|Arabic,,,a.alkuwaiti@underhill.bh,449,Underhill Real Estate,"Office 1805, Building 1565, Manama, 1722 Diplomatic Area, Capital Governorate, PO Box 11155",m.abul@underhill.bh,+97317000287,underhill-real-estate-449,,,,,,,,,,,,,,,,,,,,,,,,,,,,,,,,100,AN|DN,AN|DN,,,2026-06-05T09:09:08.616835+00:00,
979561,979561,B4 Land - Prime Location - Easy Access,"Commercial / Residential Land for Sale in Hidd - a great opportunity for investment it could be divided to many plots .

Classification: Apartment Blocks - B4 four Stories
Land Size: 3,676 sqm
Price per foot: 18 BHD
Price: 712,232 BHD
Roads: 1
Features & Amenities: Asphalt Road, Street Lighting

For more information or personal viewings, please contact us on +97332225528 or +97317000287.

--------------------------------------------------------------------------------------------------------

Underhill Real Estate is a real estate brokerage company certified by the Real Estate Regulatory Authority (RERA) in Bahrain. We offer a comprehensive range of residential and commercial properties for sale and leasing across many areas in Bahrain.


--------------------------------------------------------------------------------------------------------",,,,commercial_sale,,,,,,,,,,,,,,,,,,,,1,,,,712232,BHD,sell,,,,,,3676,sqm,32,Hidd,26.21263313293457,50.67418670654297,hidd,AREA,Hidd,3.32,,,,,,,4873,https://www.propertyfinder.bh/images/pf_agent/picture/35a2bd364245f51f3a8a22f8400f0c2cede50c8a/desktop,,Ahmed Alkuwaiti,a.alkuwaiti@underhill.bh,ahmed-alkuwaiti,,,,,,English|Arabic,,,a.alkuwaiti@underhill.bh,449,Underhill Real Estate,"Office 1805, Building 1565, Manama, 1722 Diplomatic Area, Capital Governorate, PO Box 11155",m.abul@underhill.bh,+97317000287,underhill-real-estate-449,,,,,,,,,,,,,,,,,,,,,,,,,,,,,,,,100,,,,,2026-06-05T09:09:08.616835+00:00,
979562,979562,Commercial Building @Adliya 338 - Prime Location,"Commercial Building consisting of 2 retail units available for sale in Adliya (Block 338) located near Gulf Hotel. The retail shops are within easy access to Adliya main roads and Fateh Highway. 

------------------------------------------------------------------------------------

The Building consists of:

2 Retail Units featuring:

- Shell and Core
- 3 Floors (Ground, First & Rooftop floors)
- Kitchen & Bathrooms space
- Storage Area
- Covered Car Parking

This units are suitable for all kind of businesses, such as:

- Coffee shops
- Restaurants
- Banks
- Telecom Companies
- Insurance Companies
- Travel Agencies
- Salons
- Fashion & Clothing stores 

---------------------------------------------------------------------------------------------------------------------------

For more information or personal viewing, please contact us on +97332225528 or +97317000287.",,,,commercial_sale,,,,4,4,,,,NO,,,,,,,,,,,3,,,,495000,BHD,sell,,,,,,660,sqm,95,Adliya,26.214487075805664,50.584754943847656,manama-adliya,AREA,Adliya,5.34.95,,,,,,,4873,https://www.propertyfinder.bh/images/pf_agent/picture/35a2bd364245f51f3a8a22f8400f0c2cede50c8a/desktop,,Ahmed Alkuwaiti,a.alkuwaiti@underhill.bh,ahmed-alkuwaiti,,,,,,English|Arabic,,,a.alkuwaiti@underhill.bh,449,Underhill Real Estate,"Office 1805, Building 1565, Manama, 1722 Diplomatic Area, Capital Governorate, PO Box 11155",m.abul@underhill.bh,+97317000287,underhill-real-estate-449,,,,,,,,,,,,,,,,,,,,,,,,,,,,,,,,100,CP|DN,CP|DN,,,2026-06-05T09:09:08.616835+00:00,
948398,948398,Freehold - Commercial - B3* @Prime Location,"For sale Freehold Commercial B3* Land in Sharq Al Hidd ( Bahrain Investment Gate )Area , Prime Location :

- Land Classification: B3*
- Land Size : 454 Sqm
- land Size : 4,887 sqf
- Price per feet : 35 BHD Negotiable
- Price : 171,100 BHD


For more information or personal viewings, please contact us on +97332225528 or +97317000287.

--------------------------------------------------------------------------------------------------------

Underhill Real Estate is a real estate brokerage company certified by the Real Estate Regulatory Authority (RERA) in Bahrain. We offer a comprehensive range of residential and commercial properties for sale and leasing across many areas in Bahrain.


--------------------------------------------------------------------------------------------------------",,,,commercial_sale,,,,,,,,,,,,,,,,,,,,2,,,,171100,BHD,sell,,,,,,454,sqm,286,Bahrain Investment Gateway,26.258808135986328,50.66783905029297,bahrain-investment-gateway,AREA,Bahrain Investment Gateway,3.286,,,,,,,4873,https://www.propertyfinder.bh/images/pf_agent/picture/35a2bd364245f51f3a8a22f8400f0c2cede50c8a/desktop,,Ahmed Alkuwaiti,a.alkuwaiti@underhill.bh,ahmed-alkuwaiti,,,,,,English|Arabic,,,a.alkuwaiti@underhill.bh,449,Underhill Real Estate,"Office 1805, Building 1565, Manama, 1722 Diplomatic Area, Capital Governorate, PO Box 11155",m.abul@underhill.bh,+97317000287,underhill-real-estate-449,,,,,,,,,,,,,,,,,,,,,,,,,,,,,,,,100,,,,,2026-06-05T09:09:08.616835+00:00,
948381,948381,Freehold - Commercial B3* @Prime Location,"For sale Commercial B3* Land in Sharq Al Hidd ( Bahrain Investment Gate Area) , Prime Location :

- Land Classification: B3*
- Land Size : 1,318.2 sqm
- land Size : 14,189 sqft
- Price per feet : 34 BHD Negotiable
- Price : BD 482,430/-

For more information or personal viewings, please contact us on +97332225528 or +97317000287.

--------------------------------------------------------------------------------------------------

Underhill Real Estate is a real estate brokerage company certified by the Real Estate Regulatory Authority (RERA) in Bahrain. We offer a comprehensive range of residential and commercial properties for sale and leasing across many areas in Bahrain.

--------------------------------------------------------------------------------------------------",,,,commercial_sale,,,,,,,,,,,,,,,,,,,,2,,,,482430,BHD,sell,,,,,,1318,sqm,286,Bahrain Investment Gateway,26.258808135986328,50.66783905029297,bahrain-investment-gateway,AREA,Bahrain Investment Gateway,3.286,,,,,,,4873,https://www.propertyfinder.bh/images/pf_agent/picture/35a2bd364245f51f3a8a22f8400f0c2cede50c8a/desktop,,Ahmed Alkuwaiti,a.alkuwaiti@underhill.bh,ahmed-alkuwaiti,,,,,,English|Arabic,,,a.alkuwaiti@underhill.bh,449,Underhill Real Estate,"Office 1805, Building 1565, Manama, 1722 Diplomatic Area, Capital Governorate, PO Box 11155",m.abul@underhill.bh,+97317000287,underhill-real-estate-449,,,,,,,,,,,,,,,,,,,,,,,,,,,,,,,,100,,,,,2026-06-05T09:09:08.616835+00:00,
948393,948393,Freehold - Commercial B3* @Prime Location,"This Freehold plot is located at Bahrain Investment Gateway (Galali), close to Dilmunia and Amwaj, with easy access to main roads, Hidd Bridge, dry dock, Bahrain Airport &amp; Khalif port.

An irreplaceable investment opportunity

Freehold B3* star commercial investment land for sale in Bahrain Investment Gateway on 2 Roads and a waterfront .

- In the (Hidd Bay - Dilmunia Investment) area

- Land size (453.6 sqm) 

- All services are available

- The possibility of building 8 commercial Shops and 6 residential apartments or offices, a total of 4 floors.

-  Modern area which located in the center of Muharraq and is characterized by wide streets and multiple parking lots. It is surrounded by many projects, including the new Galali Marine Corniche, the Amwaj Delmunia projects, and the new Hidd housing, and it is close to the airport and the industrial areas in Arad, Hidd, and Salman Port.

- Note that it has a building permit and maps according to the old law, which has more features.

For more information or personal viewings, please contact us on +97332225528 or +97317000287.

----------------------------------------------------------------------------------------------

Underhill Real Estate is a real estate brokerage company certified by the Real Estate Regulatory Authority (RERA) in Bahrain. We offer a comprehensive range of residential and commercial properties for sale and leasing across many areas in Bahrain.",,,,commercial_sale,,,,,,,,,,,,,,,,,,,,2,,,,132000,BHD,sell,,,,,,454,sqm,286,Bahrain Investment Gateway,26.258808135986328,50.66783905029297,bahrain-investment-gateway,AREA,Bahrain Investment Gateway,3.286,,,,,,,4873,https://www.propertyfinder.bh/images/pf_agent/picture/35a2bd364245f51f3a8a22f8400f0c2cede50c8a/desktop,,Ahmed Alkuwaiti,a.alkuwaiti@underhill.bh,ahmed-alkuwaiti,,,,,,English|Arabic,,,a.alkuwaiti@underhill.bh,449,Underhill Real Estate,"Office 1805, Building 1565, Manama, 1722 Diplomatic Area, Capital Governorate, PO Box 11155",m.abul@underhill.bh,+97317000287,underhill-real-estate-449,,,,,,,,,,,,,,,,,,,,,,,,,,,,,,,,100,,,,,2026-06-05T09:09:08.616835+00:00,
51878323,51878323,Prime Office Space for Sale in Seef District,"Located in the prime commercial hub of Seef District, this property offers excellent visibility and accessibility near Manama and major highway connections. Surrounded by prominent office towers, retail centres, hotels, and business facilities, Seef is a highly sought-after destination for companies and investors. Its strategic location and vibrant business environment make it an ideal choice for commercial investment.

Property features:

- Fully Fitted office space 
- kitchen
- men and ladies bathrooms
- Size: 166 sqm
- Partial sea view

Building Facilities:
-Swimming Pool
- Sauna and steam 
- GYM
- Reception area
- 24-hour security service.
- Parking space

Asking Price: 105,000 BD 

For more information and viewing of this property, please call us on +973 6666 0353
For our latest properties please follow us on our Instagram account
@homeandco.bahrain

Who we are ? 
Home & Co is a Bahrain-based boutique real estate advisory specializing in high-quality residential and commercial developments. 
We partner with developers and property owners on carefully selected properties, ensuring each listing is supported by strategic pricing, strong market positioning, and data-driven sales planning.
 Our approach goes beyond traditional brokerage.
 We work closely to align sales strategies with their broader investment and capital objectives, delivering sustainable value rather than short-term volume.",,,,commercial_sale,,,,2,2,5,5,,YES,,,,,,,,,,,3,,,,105000,BHD,sell,,,,,,166,sqm,37,Seef,26.239999771118164,50.5369987487793,seef,AREA,Seef,5.37,,,,,,,7609,https://www.propertyfinder.bh/images/pf_agent/picture/9812274346e1671b9bda0fe0158c46c68ddff3f2/desktop,,Linda Mehdi,lin@homeandcobh.com,linda-mehdi,,,,,,Arabic,,,lin@homeandcobh.com,1224,Home & Co,"Office 2919, Building united Towers, Manama, 0, Capital Governorate, PO Box 17100",info@homeandcobh.com,+97366660353,home-co-v2-1224,,,,,,,,,,,,,,,,,,,,,,,,,,,,,,,,100,BA|AC|CP|SP|VW|SE|SY|CR|LB,BA|AC|CP|SP|VW|SE|SY|CR|LB,,,2026-06-05T09:09:08.616835+00:00,
53934021,53934021,Commercial Building Located at AL Zebara Road,"Commercial Building Located at AL Zebara Road

BUILDING DETAILS:

3 RETAIL SHOPS
4 APARTMENTS EACH IS FOUR BEDROOMS.

LAND DETAILS:

Land Size in SQM   = 381.4
Land Size in SQF    = 4105
Land Classification   =  BR5* 
Number of Roads     = TWO

CURRENT MONTHLY INCOME IS 2330 BHD.

FOR MORE DETAILS CALL: 39465789.                                                                               
                                                                                                                                                       
                                                                                                                                                  
                                                                                                                                              
                                                                                                                      ...",,,,commercial_sale,,,,7+,7+,,,,PARTLY,,,,,,,,,,,3,,,,330000,BHD,sell,,,,,,381,sqm,80,Gudaibiya,26.218677520751953,50.59382247924805,manama-gudaibiya,AREA,Gudaibiya,5.34.80,,,,,,,1427,https://www.propertyfinder.bh/images/pf_agent/picture/2076ec7ad89fbfde143427415d99ae210c7231ef/desktop,,Ehab Naser,boon.realestate@gmail.com,ehab-naser,,,,,,English|Arabic,,,boon.realestate@gmail.com,195,Boon Real Estate,"Office 222, Building 333, Seef, 111, Capital Governorate, PO Box 1234",boon.realestate@gmail.com,+97339465789,boon-real-estate-195,,,,,,,,,,,,,,,,,,,,,,,,,,,,,,,,93,BA,BA,,,2026-06-05T09:09:08.616835+00:00,
997626,997626,Prime Commercial Land | Adliya Block 338,"Commercial Land for Sale in Adliya / Qudaibiya – Prime Investment Opportunity

A rare opportunity to own a prime commercial plot in Adliya / Qudaibiya, Block 338, perfect for shops, offices, or investment projects

Land Details:

Category: SP (Commercial)

Size: 928 sqm

Price per sq ft: BD 50

Total Price: BD 500,000

Why this plot is unique:

Located in Block 338, one of the most sought-after areas for commercial development

Ideal for retail shops, restaurants, offices, or mixed-use projects

High visibility and excellent accessibility from main roads

About Adliya / Qudaibiya:

A vibrant and prestigious area in the heart of Manama, known for its bustling commercial activity and high foot traffic

Surrounded by popular cafes, restaurants, galleries, and boutiques

Close to key landmarks, banks, corporate offices, and residential neighborhoods

Well-connected to major roads, providing easy access to Muharraq, Seef, and other business hubs

This is an excellent investment opportunity for entrepreneurs and developers looking to establish a commercial presence in one of Bahrain’s most dynamic districts

For more information or to schedule a viewing, contact us today",,,,commercial_sale,,,,,,,,,,,,,,,,,,,,3,,,,500000,BHD,sell,,,,,,928,sqm,95,Adliya,26.214487075805664,50.584754943847656,manama-adliya,AREA,Adliya,5.34.95,,,,,,,6936,https://www.propertyfinder.bh/images/pf_agent/picture/92055355ef2c8abe9b8096c3e1632471d2913751/desktop,,Masoud Ali Ebrahim,masoud@icarlton.com,masoud-ali-ebrahim,,,,,,English|Arabic,,,masoud@icarlton.com,32,Carlton Real Estate,"Office 141, Building 1012, Seef, Road 3621 Block 436, Capital Governorate, PO Box 0",info@icarlton.com,+97336667000,carlton-real-estate-32,,,,,,,,,,,,,,,,,,,,,,,,,,,,,,,,100,,,,,2026-06-05T09:09:08.616835+00:00,
984829,984829,Commercial Building for Sale in Al-Hajiyat,"*Commercial Building for Sale in Al-Hajiyat – Fully Renovated and Income-Generating*

Located in the lively and well-connected area of Al-Hajiyat, this fully renovated commercial building offers a great investment opportunity with stable rental income.

*Property Details:*
- Total floors: 3.5  
- Land area: 330 SQM  
- Built-up area: 1,100 SQM  
- Fully occupied with a current rental income of BHD 1,250/month  
- Asking price: BHD 180,000 (negotiable for serious buyers)

*Building Layout:*
- One spacious apartment with 4 bedrooms, 3 bathrooms, a large kitchen, a living room, and a maid’s room  
- Two apartments, each with 3 bedrooms, 2 bathrooms, a living room, and a maid’s room  
- Three studio units, each with 1 bedroom, a living space, a kitchen, and a bathroom  
- Two retail shops with a shared electricity meter  
- Shaded parking for 3 cars

This property is ideal for investors seeking consistent rental returns in a high-demand area.",,,,commercial_sale,,,,7+,7+,,,,YES,,,,,,,,,,,3,,,,180000,BHD,sell,,,,,,330,sqm,291,Alhajiyat,26.128984451293945,50.58171463012695,riffa-alhajiyat,COMMUNITY,Alhajiyat,1.49.291,,,,,,,6936,https://www.propertyfinder.bh/images/pf_agent/picture/92055355ef2c8abe9b8096c3e1632471d2913751/desktop,,Masoud Ali Ebrahim,masoud@icarlton.com,masoud-ali-ebrahim,,,,,,English|Arabic,,,masoud@icarlton.com,32,Carlton Real Estate,"Office 141, Building 1012, Seef, Road 3621 Block 436, Capital Governorate, PO Box 0",info@icarlton.com,+97336667000,carlton-real-estate-32,,,,,,,,,,,,,,,,,,,,,,,,,,,,,,,,100,LB,LB,,,2026-06-05T09:09:08.616835+00:00,
976131,976131,Strategic Industrial Land | Prime Location ,"For Sale: Industrial Land in West Al Eker

Land Classification: LD
Land Area: 6,548 sqm
Price per Sqm: BHD 17
Total Price: BHD 1,198,205 (Negotiable)

An excellent investment opportunity in a strategic location in West Al Eker, ideal for large industrial projects.

West Al Eker is a strategic industrial hub known for its excellent infrastructure and easy access to major highways, ports, and logistic centres . The area offers a supportive business environment with proximity to key commercial zones, making it ideal for large-scale industrial projects. Its well-planned layout ensures smooth transportation and operational efficiency, attracting investors looking for growth and expansion opportunities.

For more information or to arrange a viewing, feel free to contact me directly:  
Masoud Ali – Property Consultant  
 Mobile: +973 36504499  

Stay updated with our latest property listings by following us on:  
Facebook, Instagram, Twitter & YouTube: @iCarltonBahrain  
Or visit our website for more details.



",,,,commercial_sale,,,,,,,,,,,,,,,,,,,,2,,,,1198205,BHD,sell,,,,,,6548,sqm,19,Eker,26.143688201904297,50.60297393798828,eker,AREA,Eker,2.19,,,,,,,6936,https://www.propertyfinder.bh/images/pf_agent/picture/92055355ef2c8abe9b8096c3e1632471d2913751/desktop,,Masoud Ali Ebrahim,masoud@icarlton.com,masoud-ali-ebrahim,,,,,,English|Arabic,,,masoud@icarlton.com,32,Carlton Real Estate,"Office 141, Building 1012, Seef, Road 3621 Block 436, Capital Governorate, PO Box 0",info@icarlton.com,+97336667000,carlton-real-estate-32,,,,,,,,,,,,,,,,,,,,,,,,,,,,,,,,100,,,,,2026-06-05T09:09:08.616835+00:00,
972388,972388,High-Exposure Block 338 Restaurant,"Discover a rare commercial leasing opportunity in the heart of Adliya’s iconic Block 338, right next to The Terminal multi-storey parking building. 
Amakin
+2
Amakin
+2

This brand new, shell & core restaurant building spans 500 sqm and is ready for you to bring your own concept to life. It features a spacious layout that accommodates a restaurant, lounge, or rooftop terrace, and even includes a fitted lift for easy access.

Key Features:

Large rooftop terrace — ideal for al fresco dining or lounge seating

Outdoor seating area on ground level

High visibility and foot traffic in one of Bahrain’s most vibrant dining districts 
Culture Bahrain

Convenient access to The Terminal parking building with 330 spaces 
Amakin
+2
Amakin
+2

Utilities and infrastructure are ready for connection

Flexible layout — perfect for F&B investors, restaurant operators, or lifestyle/entertainment concepts

Ideal For:

Upscale restaurants or fine dining

Rooftop lounge or bar

Boutique entertainment venue

Franchise or independent concept

Contact us today to schedule a viewing.",,,,commercial_sale,,,,6,6,,,,NO,,,,,,,,,,,3,,,,425000,BHD,sell,,,,,,500,sqm,95,Adliya,26.214487075805664,50.584754943847656,manama-adliya,AREA,Adliya,5.34.95,,,,,,,6936,https://www.propertyfinder.bh/images/pf_agent/picture/92055355ef2c8abe9b8096c3e1632471d2913751/desktop,,Masoud Ali Ebrahim,masoud@icarlton.com,masoud-ali-ebrahim,,,,,,English|Arabic,,,masoud@icarlton.com,32,Carlton Real Estate,"Office 141, Building 1012, Seef, Road 3621 Block 436, Capital Governorate, PO Box 0",info@icarlton.com,+97336667000,carlton-real-estate-32,,,,,,,,,,,,,,,,,,,,,,,,,,,,,,,,100,BA,BA,,,2026-06-05T09:09:08.616835+00:00,
954371,954371,GOOD OPPORTTUNITY FOR INVESTMENT IN AL DAIR,"FOR SALE BRAND NEW BUILDING LOCATED IN AL DAIR, THE BUILDING CAN BE USED FOR FAMILIES OR STAFF ACCOMMODATION.

THE BUILDING CONSISTS OF:
- THREE STORY BUILDING ( EACH FLOOR WITH TWO APARTMENTS )
- EACH FLAT IS TWO BEDROOMS, TWO BATHROOMS, HALL & OPEN KITCHEN
- ROOF TOP ONE FLAT WITH ONE BEDROOM, ONE BATHROOM, HALL & KITCHEN

ASKING PRICE: BD150,000 ( NEGOTIABLE )

______________________________________________________________________________________________________________________________________________________________________________

For more information and viewing of this property, please call our Property Consultant,, Mr. Masoud Ali, on mobile: 36504499.

For our latest properties, please follow us on our social media accounts:
Facebook, Instagram, Twitter & YouTube: @iCarltonBahrain

And visit our website
For all our property updates.",,,,commercial_sale,,,,7+,7+,,,,PARTLY,,,,,,,,,,,3,,,,150000,BHD,sell,,,,,,300,sqm,15,Al Dair,26.285566329956055,50.623756408691406,al-dair,AREA,Al Dair,3.15,,,,,,,6936,https://www.propertyfinder.bh/images/pf_agent/picture/92055355ef2c8abe9b8096c3e1632471d2913751/desktop,,Masoud Ali Ebrahim,masoud@icarlton.com,masoud-ali-ebrahim,,,,,,English|Arabic,,,masoud@icarlton.com,32,Carlton Real Estate,"Office 141, Building 1012, Seef, Road 3621 Block 436, Capital Governorate, PO Box 0",info@icarlton.com,+97336667000,carlton-real-estate-32,,,,,,,,,,,,,,,,,,,,,,,,,,,,,,,,100,SE|BA,SE|BA,,,2026-06-05T09:09:08.616835+00:00,
51958520,51958520,Commercial Building Located at AL Zebara Road,"Commercial Building Located at AL Zebara Road

BUILDING DETAILS:

3 RETAIL SHOPS
4 APARTMENTS EACH IS FOUR BEDROOMS.

LAND DETAILS:

Land Size in SQM   = 381.4
Land Size in SQF    = 4105
Land Classification   =  BR5* 
Number of Roads     = TWO

CURRENT MONTHLY INCOME IS 2330 BHD.

FOR MORE DETAILS CALL: 39465789.                                                                               
                                                                                                                                                       
                                                                                                                                                  
                                                                                                                                              
                                                                                                                      ...",,,,commercial_sale,,,,7+,7+,,,,PARTLY,,,,,,,,,,,3,,,,330000,BHD,sell,,,,,,381,sqm,80,Gudaibiya,26.218677520751953,50.59382247924805,manama-gudaibiya,AREA,Gudaibiya,5.34.80,,,,,,,1427,https://www.propertyfinder.bh/images/pf_agent/picture/2076ec7ad89fbfde143427415d99ae210c7231ef/desktop,,Ehab Naser,boon.realestate@gmail.com,ehab-naser,,,,,,English|Arabic,,,boon.realestate@gmail.com,195,Boon Real Estate,"Office 222, Building 333, Seef, 111, Capital Governorate, PO Box 1234",boon.realestate@gmail.com,+97339465789,boon-real-estate-195,,,,,,,,,,,,,,,,,,,,,,,,,,,,,,,,100,BA,BA,,,2026-06-05T09:09:08.616835+00:00,
51263369,51263369,SPECIOUS OFFICE | FULLY FITTED  | BALCONY | RENTED,"Specious office in prime location with Balcony
Fully fitted office with glass partition .

The office is currently Rented for 550 Monthly Exclusive

-Central AC
-161sqm
-24 Hours Reception
-Address card
-Covered parking.
-GYM
-Swimming Pool

Located at Sanabis closed to most of the business area in Manama and Seef District, malls, markets, 

prime residential areas and hotels. with easy access to the main roads in Bahrain and cuseway to KSA.                                                                                                                                                     
                                                                                                                                                       
                                                                                                                    .....",,,,commercial_sale,,,,2,2,4,4,,YES,,,,,,,,,,,3,,,,75000,BHD,sell,,,,,,161,sqm,100,Sanabis,26.226558685302734,50.5459098815918,manama-sanabis,COMMUNITY,Sanabis,5.34.100,,,,,,,1427,https://www.propertyfinder.bh/images/pf_agent/picture/2076ec7ad89fbfde143427415d99ae210c7231ef/desktop,,Ehab Naser,boon.realestate@gmail.com,ehab-naser,,,,,,English|Arabic,,,boon.realestate@gmail.com,195,Boon Real Estate,"Office 222, Building 333, Seef, 111, Capital Governorate, PO Box 1234",boon.realestate@gmail.com,+97339465789,boon-real-estate-195,,,,,,,,,,,,,,,,,,,,,,,,,,,,,,,,100,BA|AC|CP|SY|SE|LB,BA|AC|CP|SY|SE|LB,,,2026-06-05T09:09:08.616835+00:00,
826523,826523,BB LAND FOR HIGH RAISE BUILDING 20 FLOOR,"BB LAND FOR HIGH RAISE BUILDING 20 FLOOR

Land Size in SQM   = 552.8
Land Size in SQF    = 5950
Price per SQF          = 45.378 BHD
Land Classification   =  Mixed-use Buildings - BB
Number of Roads     = ONE   &amp; TWO CORRIDORS
Total Price in BHD    = 270000

For More Details call: 39465789....                                                                                                 
                                                                                                                                                
                                                                                                                                                       
                                                                                                                                                   
                                                    ...",,,,commercial_sale,,,,,,,,,,,,,,,,,,,,2,,,,270000,BHD,sell,,,,,,553,sqm,122,Exhibition Road,26.231962203979492,50.59507369995117,hoora-exhibition-road,COMMUNITY,Exhibition Road,5.14.122,,,,,,,1427,https://www.propertyfinder.bh/images/pf_agent/picture/2076ec7ad89fbfde143427415d99ae210c7231ef/desktop,,Ehab Naser,boon.realestate@gmail.com,ehab-naser,,,,,,English|Arabic,,,boon.realestate@gmail.com,195,Boon Real Estate,"Office 222, Building 333, Seef, 111, Capital Governorate, PO Box 1234",boon.realestate@gmail.com,+97339465789,boon-real-estate-195,,,,,,,,,,,,,,,,,,,,,,,,,,,,,,,,100,,,,,2026-06-05T09:09:08.616835+00:00,
727879,727879,RHB Commercial Land in Manama Center    .,"RHB Commercial Land in Manama Center


Land Size in SQM   = 1491.6
Land Size in SQF    = 16055.6
Price per SQF          = 80 BHD
Land Classification   = RHB  ( Commercial)
Number of Roads     = 2 CORNER 
Total Price in BHD    = 1123891

.

For more details:  call 39465789.                                                                                                     
                                                                                                                                                       
                                                                                                                                                         
                                                                                                                                                       
                                                                                                                                                       
             **",,,,commercial_sale,,,,,,,,,,,,,,,,,,,,3,,,,1123891,BHD,sell,,,,,,1491,sqm,136,Manama Downtown,26.23276138305664,50.57925033569336,manama-manama-downtown,COMMUNITY,Manama Downtown,5.34.136,,,,,,,1427,https://www.propertyfinder.bh/images/pf_agent/picture/2076ec7ad89fbfde143427415d99ae210c7231ef/desktop,,Ehab Naser,boon.realestate@gmail.com,ehab-naser,,,,,,English|Arabic,,,boon.realestate@gmail.com,195,Boon Real Estate,"Office 222, Building 333, Seef, 111, Capital Governorate, PO Box 1234",boon.realestate@gmail.com,+97339465789,boon-real-estate-195,,,,,,,,,,,,,,,,,,,,,,,,,,,,,,,,100,,,,,2026-06-05T09:09:08.616835+00:00,
53488932,53488932,Modern | Freehold | Commercial | Salmabad,"An outstanding investment opportunity to own a fully commercial building located in the highly active industrial and commercial area of Salmabad, Bahrain. The property enjoys a strategic location on a main road with excellent accessibility, making it ideal for companies, showrooms, offices, workshops, and long-term commercial investment.

The building is designed to accommodate multiple business activities and offers a practical layout with spacious showrooms, office spaces, workshop areas, and ample parking facilities. Its location within a thriving commercial district enhances its business potential and investment value.

Property Details:
Location: Salmabad – Block 704
Property Type: Commercial Building
Land Area: 761.38 sqm
Built-up Area: 1,827 sqm
Parking Spaces: 21 parking spaces
Property Status: Available for Sale
Tenure: Freehold
Building Composition:
Showrooms:
Showroom 1: 116 sqm
Showroom 2: 86 sqm
Showroom 3: 145 sqm
Office Spaces:
Office 1: 105 sqm
Office 2: 89 sqm
Office 3: 105 sqm
Office 4: 110 sqm
Additional Spaces:
Workshop Area: 89.82 sqm
Parking Facilities:
Internal parking for up to 6 vehicles
Customer parking for up to 15 vehicles
Property Features:
Modern commercial design suitable for multiple business activities
Strategic location with easy access from major roads
Spacious and flexible commercial units
Central air conditioning
Suitable for offices, showrooms, workshops, and retail activities
High visibility and excellent exposure for businesses
Located in a busy commercial district
Pet-friendly property
Location Advantages:

The property is situated in one of Bahrain’s key commercial and industrial hubs, providing strong business visibility and accessibility.

Easy access to major highways and surrounding areas
Located in a high-traffic commercial zone
Close to major companies and industrial facilities
Surrounded by active businesses and commercial establishments
Ideal environment for business growth and investment returns

The proximity to we",,,,commercial_sale,,,,2,2,,,,YES,,,,,,,,,,,3,,,,550000,BHD,sell,,,,,,761,sqm,6,Salmabad,26.183332443237305,50.516666412353516,salmabad,AREA,Salmabad,2.6,,,,,,,3818,https://www.propertyfinder.bh/images/pf_agent/picture/cabc59c4c1f919d864e88d5b8e7aea96ba15c8da/desktop,,Mohamed Abdali,m.abdali@housemeonline.com,mohamed-abdali,,,,,,English|Arabic,,,m.abdali@housemeonline.com,7,House Me,"Office 21, Building 853, block 332, Manama, 3218, Capital Governorate, PO Box 0000",mohammed@housemeonline.com,+97339522370,house-me-7,,,,,,,,,,,,,,,,,,,,,,,,,,,,,,,,100,CP,CP,,,2026-06-05T09:09:08.616835+00:00,
939492,939492,Land for Sale in Quiet Area in Dumistan,"A great opportunity to own land in a quiet and comfortable neighborhood in Dumistan, just minutes from all essential services. Perfect for building your project in a well-planned location.

Classification: SP

Land Size: 521.5 sqm

Price per foot: BHD 23.0

Price: BHD 129.1K (Negotiable)





Best home proudly stands as a Bahraini company operating in the fields of contracting and real estate since 2021. The company is committed to empowering Bahraini youth in the world of real estate and construction, aiming to deliver better solutions for our partners and clients. We uphold the highest standards of quality and efficiency, backed by a team with more than 15 years of experience in specialized areas of construction, real estate, and development.",,,,commercial_sale,,,,,,,,,,,,,,,,,,,,2,,,,129100,BHD,sell,,,,,,521,sqm,86,Dumistan,26.123769760131836,50.469722747802734,dumistan,AREA,Dumistan,4.86,,,,,,,6727,https://www.propertyfinder.bh/images/pf_agent/picture/ed781ff3c5a4aa29d8bdc92d02f137d26e199285/desktop,,Ali Almalek,ali@bestspot.bh,ali-almalek,,,,,,English|Arabic,,,ali@bestspot.bh,1150,Best Home Real Estate,"Office 21, Building 582, Manama, 5341, Capital Governorate, PO Box 453",ali@bestspot.bh,+97338991113,best-spot-real-estate-1150,,,,,,,,,,,,,,,,,,,,,,,,,,,,,,,,100,,,,,2026-06-05T09:09:08.616835+00:00,
861823,861823,Building For Sale In Muharraq !!,"Great Building and cozy is up for sale located in Muharraq close to all Services, It provides easy access to the highway and other parts of Bahrain!     
_________________

Features:
• two apartments
• Three shops
• villa

Each apartment consists of:
three rooms
two bathroom
 kitchen
hall

Villa details:

seven rooms
two halls
ten bathrooms
two kitchens
Maid&#39;s room
driver room

Facilities: 
• All services are available
• current intake 1250


Location
Located in a calm, quit &amp; elegant residential area at Muharraq
• 10 min drive to airport .
• 5 min drive to Muharraq petrol station , 
• 2 min drive to Muharraq Bridge
A short distance walk to the most attractions &amp; restaurants
 Markets opposite the Building .

Price: BD 280,000
Area: 327.7 sqm

For more information or viewings kindly contact (Mohamed Zainal) on 32263888 or Whatsapp
_______________________________________________
We offer a good collection of modernly designed fully as well as semi furnished apartments, villas &amp; commercial properties all over Bahrain which suits the budgets of our client.",,,,commercial_sale,,,,7+,7+,,,,YES,,,,,,,,,,,3,,,,240000,BHD,sell,,,,,,327,sqm,12,Muharraq,26.25,50.616668701171875,muharraq,AREA,Muharraq,3.12,,,,,,,2810,https://www.propertyfinder.bh/images/pf_agent/picture/4dcea1037ca37f2e54d280bb0fdf06b55499332b/desktop,,Mohammed Zainal,m.zainal@bestlocationbh.com,mohammed-zainal,,,,,,English|Arabic,,,m.zainal@bestlocationbh.com,219,Best Location Properties,"Office 4th Floor, Building Maryam plaza, Seef, 0, Capital Governorate, PO Box 0",hussam@bestlocationbh.com,+97338866638,best-location-properties-219,,,,,,,,,,,,,,,,,,,,,,,,,,,,,,,,100,CP|AN,CP|AN,,,2026-06-05T09:09:08.616835+00:00,
52195384,52195384,Residential land for sale in Al-Muqsha,"Residential land for sale in Al-Muqsha

Classified as B3 STAR (Apartment Buildings - 3 floors)

Located on a single street

Land area: 500 sq m

Price: BD 33.00 per sq ft

Total price: BD 177,606.00 (negotiable)

Features:

- Electricity and water available

- Shops nearby

- Close to Karbabad and Karana

- Close to Seef and Daih

- Close to the highway

- Close to Jawad Petrol Station

- Close to restaurants and shops

- Close to service establishments such as garages and maintenance shops

- Close to Ibn Al-Haytham Private School

- Close to government schools",,,,commercial_sale,,,,,,,,,,,,,,,,,,,,2,,,,177606,BHD,sell,,,,,,500,sqm,89,Al Maqsha,26.221059799194336,50.51625442504883,al-maqsha,AREA,Al Maqsha,4.89,,,,,,,5851,https://www.propertyfinder.bh/images/pf_agent/picture/4061d5bd1443b7c45b478fe8c01db60aa9c0ff7a/desktop,,Hussain Alkhayaat,Hussainyusufe@gmail.com,hussain-alkhayaat,,,,,,English|Arabic,,,Hussainyusufe@gmail.com,787,Fajar AlKhalij Real Estate,"Office 0, Building 0, Seef, 0, Capital Governorate, PO Box 0",fajar.alkhalij@gmail.com,+97338100114,fajar-alkhalij-real-estate-787,,,,,,,,,,,,,,,,,,,,,,,,,,,,,,,,96,,,,,2026-06-05T09:09:08.616835+00:00,
52195368,52195368,Residential land for sale in Al-Muqsha,"Residential land for sale in Al-Muqsha

Classified as B3 STAR (Apartment Buildings - 3 floors)

Located on a single street

Land area: 492.8 sq m

Price: BD 33.00 per sq ft

Total price: BD 175,048,473 (negotiable)

Features:

- Electricity and water available

- Shops nearby

- Close to Karbabad and Karana

- Close to Seef and Daih

- Close to the highway

- Close to Jawad Petrol Station

- Close to restaurants and shops

- Close to service establishments such as garages and maintenance shops

- Close to Ibn Al-Haytham Private School

- Close to government schools",,,,commercial_sale,,,,,,,,,,,,,,,,,,,,2,,,,175048,BHD,sell,,,,,,492,sqm,89,Al Maqsha,26.221059799194336,50.51625442504883,al-maqsha,AREA,Al Maqsha,4.89,,,,,,,5851,https://www.propertyfinder.bh/images/pf_agent/picture/4061d5bd1443b7c45b478fe8c01db60aa9c0ff7a/desktop,,Hussain Alkhayaat,Hussainyusufe@gmail.com,hussain-alkhayaat,,,,,,English|Arabic,,,Hussainyusufe@gmail.com,787,Fajar AlKhalij Real Estate,"Office 0, Building 0, Seef, 0, Capital Governorate, PO Box 0",fajar.alkhalij@gmail.com,+97338100114,fajar-alkhalij-real-estate-787,,,,,,,,,,,,,,,,,,,,,,,,,,,,,,,,96,,,,,2026-06-05T09:09:08.616835+00:00,
958534,958534,"Luxury Office Designed for Personal Use, Sea View","For Sale – Luxury Office Designed for Personal Use with Stunning Sea View in the Heart of the Diplomatic Area

A rare opportunity to own a prestigious office in one of the most elegant buildings in the Diplomatic Area, featuring breathtaking sea views and high-end interiors finished with the finest natural marble – fully ready for immediate use.

Office Features:

Open spaces with flexible, customizable layouts

Premium finishing with natural marble

Elegant reception area

Dedicated meeting room

Building Features:

Prestigious building hosting some of the most renowned companies and offices in Bahrain

Luxurious lobby with elegant reception and a fully integrated 24/7 security system

Sauna and private restrooms for both men and women within the building facilities

3 modern high-speed elevators for easy access to higher floors

Dedicated parking spaces for the office

Additional Advantages:

Prime location in the heart of the Diplomatic Area

Direct sea view adding exceptional value to the office

Professional business environment ideal for elite companies and institutions

For inquiries or to schedule a viewing, please contact us.",,,,commercial_sale,,,,2,2,,,,YES,,,,,,,,,,,3,,,,145000,BHD,sell,,,,,,150,sqm,116,Diplomatic Area,26.240070343017578,50.587345123291016,manama-diplomatic-area,COMMUNITY,Diplomatic Area,5.34.116,,,,,,,6826,https://www.propertyfinder.bh/images/pf_agent/picture/c9b2b0e47507e4afe05b90d561112b81fa0bbcc0/desktop,,Abdulla Murad,abdulla@m2bh.com,abdulla-murad,,,,,,English|Arabic,,,abdulla@m2bh.com,1163,M2 SQUARE METER,"Office 163, Building 58, Manama, 1701 R 1701, Capital Governorate, PO Box 317",abdulla@m2bh.com,+97317007999,m2-square-meter-1163,,,,,,,,,,,,,,,,,,,,,,,,,,,,,,,,100,LB|CR|DN|SY|SE|VW|CP|AC|AN|BA,LB|CR|DN|SY|SE|VW|CP|AC|AN|BA,,,2026-06-05T09:09:08.616835+00:00,
961316,961316,"Spacious Villa, Prime Location, Multiple Parking","Rare Development Opportunity – Not Yet Marketed Commercially

For Sale: Villa in Busaiteen – Strategic Location on Sheikh Duaij Bin Khalifa Avenue

A luxurious villa currently designated for private residential use and not yet marketed commercially, making it a unique investment opportunity for development or commercial conversion.
Its exceptional corner location on a main road makes it ideal for conversion into an institute, nursery, administrative office, or other commercial activity.

Property Details:

Land area: 448 sqm

Built-up Area: Over 750 sqm

7 bedrooms

3 living rooms

3 kitchens

Majlis + dining room for guests

Spacious maid’s room

Storage room

Large backyard

Private covered parking for 4 cars (2 inside + 2 outside)

Additional open space in front of the villa suitable for up to 12 extra parking spots

Key Features:

Prime location on Sheikh Duaij Bin Khalifa Avenue

Corner plot on two main roads in a well-known area

High flexibility for commercial redevelopment

Ample parking spaces

Attractive development potential in one of Busaiteen’s most desirable areas

Contact us to learn more about this exceptional investment opportunity.",,,,commercial_sale,,,,7+,7+,,,,PARTLY,,,,,,,,,,,3,,,,275000,BHD,sell,,,,,,488,sqm,96,Busaiteen,26.27199935913086,50.60900115966797,busaiteen,AREA,Busaiteen,3.96,,,,,,,6826,https://www.propertyfinder.bh/images/pf_agent/picture/c9b2b0e47507e4afe05b90d561112b81fa0bbcc0/desktop,,Abdulla Murad,abdulla@m2bh.com,abdulla-murad,,,,,,English|Arabic,,,abdulla@m2bh.com,1163,M2 SQUARE METER,"Office 163, Building 58, Manama, 1701 R 1701, Capital Governorate, PO Box 317",abdulla@m2bh.com,+97317007999,m2-square-meter-1163,,,,,,,,,,,,,,,,,,,,,,,,,,,,,,,,100,BA|AC|CP|PG,BA|AC|CP|PG,,,2026-06-05T09:09:08.616835+00:00,
955582,955582,"Modern Commercial, Prime Location, Stunning Views","A unique investment opportunity to own a modern commercial building in one of the most sought-after areas, offering exceptional views and combining contemporary design with high-end specifications.

Property Details:

Location: Prime area with easy access to all services and amenities.

Ground Floor: Retail shops directly facing the main road, perfect for businesses and commercial projects.

Parking: 4 floors of shaded parking accommodating approximately 40 cars.

Upper Floors: Commercial office spaces with various layouts on each floor to meet the needs of companies and institutions.

Features & Amenities:

Advanced security system with 24/7 surveillance cameras.

Dedicated reception area for visitors and clients.

Storage rooms and restrooms on each floor for convenience and privacy.

Premium quality finishes with the highest standards of craftsmanship.

Modern air conditioning and elevator systems ensuring comfort and accessibility.

Fully equipped with integrated security and fire protection systems meeting international standards.

Additional Highlights:

Modern design tailored to meet the needs of major companies and investors seeking a strategic location.

Fully ready for immediate use with no additional work required.

Contact us to learn more about this ideal investment opportunity offering long-term returns in a high-demand commercial area.",,,,commercial_sale,,,,7+,7+,,,,PARTLY,,,,,,,,,,,3,,,,2000000,BHD,sell,,,,,,7200,sqm,96,Busaiteen,26.27199935913086,50.60900115966797,busaiteen,AREA,Busaiteen,3.96,,,,,,,6826,https://www.propertyfinder.bh/images/pf_agent/picture/c9b2b0e47507e4afe05b90d561112b81fa0bbcc0/desktop,,Abdulla Murad,abdulla@m2bh.com,abdulla-murad,,,,,,English|Arabic,,,abdulla@m2bh.com,1163,M2 SQUARE METER,"Office 163, Building 58, Manama, 1701 R 1701, Capital Governorate, PO Box 317",abdulla@m2bh.com,+97317007999,m2-square-meter-1163,,,,,,,,,,,,,,,,,,,,,,,,,,,,,,,,100,SE|LB|CP|AN,SE|LB|CP|AN,,,2026-06-05T09:09:08.616835+00:00,
958531,958531,"Luxury Office, Sea View, high-end interiors finish","For Sale – Luxury Office Designed for Personal Use with Stunning Sea View in the Heart of the Diplomatic Area

A rare opportunity to own a prestigious office in one of the most elegant buildings in the Diplomatic Area, featuring breathtaking sea views and high-end interiors finished with the finest natural marble – fully ready for immediate use.

Office Features:

Open spaces with flexible, customizable layouts

Premium finishing with natural marble

Elegant reception area

Dedicated meeting room

Building Features:

Prestigious building hosting some of the most renowned companies and offices in Bahrain

Luxurious lobby with elegant reception and a fully integrated 24/7 security system

Sauna and private restrooms for both men and women within the building facilities

3 modern high-speed elevators for easy access to higher floors

Dedicated parking spaces for the office

Additional Advantages:

Prime location in the heart of the Diplomatic Area

Direct sea view adding exceptional value to the office

Professional business environment ideal for elite companies and institutions

For inquiries or to schedule a viewing, please contact us.",,,,commercial_sale,,,,1,1,,,,YES,,,,,,,,,,,3,,,,70000,BHD,sell,,,,,,80,sqm,116,Diplomatic Area,26.240070343017578,50.587345123291016,manama-diplomatic-area,COMMUNITY,Diplomatic Area,5.34.116,,,,,,,6826,https://www.propertyfinder.bh/images/pf_agent/picture/c9b2b0e47507e4afe05b90d561112b81fa0bbcc0/desktop,,Abdulla Murad,abdulla@m2bh.com,abdulla-murad,,,,,,English|Arabic,,,abdulla@m2bh.com,1163,M2 SQUARE METER,"Office 163, Building 58, Manama, 1701 R 1701, Capital Governorate, PO Box 317",abdulla@m2bh.com,+97317007999,m2-square-meter-1163,,,,,,,,,,,,,,,,,,,,,,,,,,,,,,,,100,BA|AN|AC|CP|SE|SY|DN|CR|LB|VW,BA|AN|AC|CP|SE|SY|DN|CR|LB|VW,,,2026-06-05T09:09:08.616835+00:00,
966911,966911,"High ROI, Prime location, Smart investment ","Prime investment building for sale in Al-Sahla Al-Shamaliya, ideally located with easy access to the highway leading to Saudi Arabia and close to key services and facilities.

Property Details:
• Land area: 485 sqm
• Consists of 12 offices and 5 retail shops
• Fully finished building with excellent rental yield
• Fully rented with a monthly income of BHD 3,390
• Investment return exceeds 10%

Building Features:
• Practical design suitable for commercial and office use
• Ample parking spaces in front of the building
• Located on a vibrant and active street

-----------------

For more information or to schedule a private viewing, please contact us at +973 17007999
Viewings are available by appointment only.
Website: www .M2bh.com

-----------------

M² Square Meter Real Estate
A licensed company by the Real Estate Regulatory Authority (RERA), specializing in real estate brokerage, investment consultancy, and property management in the Kingdom of Bahrain.
Square Meter Real Estate is the dedicated real estate arm of Joubar Group, a well-established name in Bahrain for over 25 years, managed by a team of expert real estate consultants providing high-standard investment and residential solutions.
We proudly stand by our motto: “Every Meter Matters.”",,,,commercial_sale,,,,7+,7+,,,,YES,,,,,,,,,,,3,,,,380000,BHD,sell,,,,,,485,sqm,76,Sehla,26.20176887512207,50.53025436401367,sehla,AREA,Sehla,4.76,,,,,,,6826,https://www.propertyfinder.bh/images/pf_agent/picture/c9b2b0e47507e4afe05b90d561112b81fa0bbcc0/desktop,,Abdulla Murad,abdulla@m2bh.com,abdulla-murad,,,,,,English|Arabic,,,abdulla@m2bh.com,1163,M2 SQUARE METER,"Office 163, Building 58, Manama, 1701 R 1701, Capital Governorate, PO Box 317",abdulla@m2bh.com,+97317007999,m2-square-meter-1163,,,,,,,,,,,,,,,,,,,,,,,,,,,,,,,,100,SE|AN,SE|AN,,,2026-06-05T09:09:08.616835+00:00,
963709,963709,"Good investment, High ROI, Prime business location","Location:
Prime investment building for sale in Al Sayyah area, ideally positioned on two streets — one main road and another leading directly to the petrol station.
A strategic location suitable for both commercial and residential investment.

⸻——————————————————————————
Property Details:
• Total land area: 700.2 sqm
• All apartments are rented
• Ground floor: 6 commercial shops of various sizes
 ————————————————————————————

• Total monthly income: BD 3,510
• Total annual income: BD 42,120

⸻

Building Features:
• Independent electricity meters for each unit
• Rear parking dedicated for tenants
• Storage room on the ground floor
• Rooftop with two separate entrances and water tanks

⸻

Investment Return (ROI): 8.42%
Price available upon request",,,,commercial_sale,,,,7+,7+,,,,YES,,,,,,,,,,,3,,,,480000,BHD,sell,,,,,,700,sqm,96,Busaiteen,26.27199935913086,50.60900115966797,busaiteen,AREA,Busaiteen,3.96,,,,,,,6826,https://www.propertyfinder.bh/images/pf_agent/picture/c9b2b0e47507e4afe05b90d561112b81fa0bbcc0/desktop,,Abdulla Murad,abdulla@m2bh.com,abdulla-murad,,,,,,English|Arabic,,,abdulla@m2bh.com,1163,M2 SQUARE METER,"Office 163, Building 58, Manama, 1701 R 1701, Capital Governorate, PO Box 317",abdulla@m2bh.com,+97317007999,m2-square-meter-1163,,,,,,,,,,,,,,,,,,,,,,,,,,,,,,,,100,CP,CP,,,2026-06-05T09:09:08.616835+00:00,
53709287,53709287,Prime Commercial Building for Sale in Al Hoora,"This commercial building represents a strategic investment opportunity in the heart of Al Hoora. The property is situated on land classified as RA — Private Residential Area - A, offering versatile potential for investors seeking a presence in a high-demand urban district.

Property Details:

• Location: Al Hoora
• Property Type: Building
• Bedrooms: 3
• Bathrooms: 2
• Size: 467.2 sqm (5029 sq ft)
• Price: 820000 BHD

Key Features:

• Strategic location in the vibrant commercial hub of Al Hoora
• Spacious layout across 467.2 square meters of land
• Excellent visibility for commercial or residential redevelopment
• Proximity to major highways and central business districts
• Strong capital appreciation potential in a high-traffic area

This property offers a rare chance to secure a significant asset in one of Bahrain's most established commercial neighborhoods, perfect for long-term growth.",,,,commercial_sale,,,,2,2,,,,YES,,,,,,,,,,,3,,,,820000,BHD,sell,,,,,,467,sqm,80,Gudaibiya,26.218677520751953,50.59382247924805,manama-gudaibiya,AREA,Gudaibiya,5.34.80,,,,,,,7626,https://www.propertyfinder.bh/images/pf_agent/picture/af635ae48579ec38d8ad1935d2d25cbb1d2b6550/desktop,,Mohamed Khaled,mohamedk@icarlton.com,mohamed-khaled,,,,,,English|Arabic,,,mohamedk@icarlton.com,32,Carlton Real Estate,"Office 141, Building 1012, Seef, Road 3621 Block 436, Capital Governorate, PO Box 0",info@icarlton.com,+97336667000,carlton-real-estate-32,,,,,,,,,,,,,,,,,,,,,,,,,,,,,,,,100,BA,BA,,,2026-06-05T09:09:08.616835+00:00,
929278,929278,LAND FOR SALE IN Diyar Al Muharraq,"Reference:L013382
Plot size (SQM):1998.1
Property type: 
Property classification:SP

**************************

The Ideal thing about investing in Bahrain property is that the demand is always at a peak due to the nation’s small geographic surface area, an indication that property prices, in general, will always rise.


Why Grnata? Your decision to select Grnata as a licensed group of companies in the field of real estate will lead you to many benefits such as:

         Qualified consultants in the Bahrain market
         Study and analysis of the investment’s opportunity
         A group of professional teams that are able to provide all real estate services.

Grnata is the leading real estate company in the Kingdom of Bahrain. Grnata and as seen by observers of the movement of the real estate market has taken its place in the real estate market, knocked off the pioneer, and gained the confidence of the stakeholders in the nation.",,,,commercial_sale,,,,,,,,,,,,,,,,,,,,2,,,,451658,BHD,sell,,,,,,19881,sqm,129,Diyar Al Muharraq,26.31142234802246,50.64306640625,diyar-al-muharraq,COMMUNITY,Diyar Al Muharraq,3.129,,,,,,,3807,https://www.propertyfinder.bh/images/pf_agent/picture/8bc555d4dccf228d960067ee8cb01f7f54d463e4/desktop,,Ali Saleh,ali.saleh@grnata.com,ali-saleh,,,,,,English|Arabic,,,ali.saleh@grnata.com,670,Grnata,"Office 0, Building 0, Seef, 0, Capital Governorate, ",husain.jalil@grnata.com,+97337334334,grnata-670,,,,,,,,,,,,,,,,,,,,,,,,,,,,,,,,94,,,,,2026-06-05T09:09:08.616835+00:00,
929078,929078,LAND FOR SALE IN DIYAR AL MUHARRAQ   ,"Reference: L013380
Plot size (SQM): 1998.1
Property type: 
Property classification: SP

**************************

The Ideal thing about investing in Bahrain property is that the demand is always at a peak due to the nation’s small geographic surface area, an indication that property prices, in general, will always rise.


Why Grnata? Your decision to select Grnata as a licensed group of companies in the field of real estate will lead you to many benefits such as:

         Qualified consultants in the Bahrain market
         Study and analysis of the investment’s opportunity
         A group of professional teams that are able to provide all real estate services.

Grnata is the leading real estate company in the Kingdom of Bahrain. Grnata and as seen by observers of the movement of the real estate market has taken its place in the real estate market, knocked off the pioneer, and gained the confidence of the stakeholders in the nation.",,,,commercial_sale,,,,,,,,,,,,,,,,,,,,2,,,,451658,BHD,sell,,,,,,19981,sqm,129,Diyar Al Muharraq,26.31142234802246,50.64306640625,diyar-al-muharraq,COMMUNITY,Diyar Al Muharraq,3.129,,,,,,,3807,https://www.propertyfinder.bh/images/pf_agent/picture/8bc555d4dccf228d960067ee8cb01f7f54d463e4/desktop,,Ali Saleh,ali.saleh@grnata.com,ali-saleh,,,,,,English|Arabic,,,ali.saleh@grnata.com,670,Grnata,"Office 0, Building 0, Seef, 0, Capital Governorate, ",husain.jalil@grnata.com,+97337334334,grnata-670,,,,,,,,,,,,,,,,,,,,,,,,,,,,,,,,94,,,,,2026-06-05T09:09:08.616835+00:00,
54096607,54096607,A nail salon for sale in a prime spot in Tubli,"A fully equipped and furnished nail salon for sale in mall in a prime location in Tubli next to McDonald's and Alromansiah Restaurants with easy access to the main highway towards Manama, Isa Town, Saudi Causeway, and Salmaniya. 

The salon consists of a ground and mezzanine floor with floor-to-ceiling glass windows and high-end interior fixtures. professional salon equipments and setup

Key Features:
* 24 X7 security and CCTV
* Ample car parks
* Cleaning facilities
* Central aircondition 
* Common toilets for ladies and gents

***Monthly rent BD. 605 inclusive of service charges***
***Sale price BD. 10,000 negotiable***

CENTURY 21 Real Estate is recognized as a leader in e-marketing and has received numerous awards. The Sales & Management team is committed to providing the highest standards of service and quality to all our owners, clients & tenants.
Call Century 21 Bahrain today for an appointment ON 17212000 / 39975430. .",,,,commercial_sale,,,,2,2,,,,YES,,,,,,,,,,,3,,,,10000,BHD,sell,,,,,,47,sqm,98,Tubli,26.188888549804688,50.54999923706055,tubli,AREA,Tubli,2.98,,,,,,,4819,https://www.propertyfinder.bh/images/pf_agent/picture/87114e868f796e76723efd1269f8dd6ecfcd2f72/desktop,,Minguel Jacob Fernandes,michael@century21.bh,minguel-jacob-fernandes,,,,,,English|Arabic|Hindi,,,michael@century21.bh,5,Century 21 Bahrain,"Office 4th Floor, Building Zamil Tower, Manama, Government Avenue, Capital Governorate, PO Box 424",info@century21.bh,+97332166900,century-21-bahrain-5,,,,,,,,,,,,,,,,,,,,,,,,,,,,,,,,100,AN|AC|CP|SE|DN|LB,AN|AC|CP|SE|DN|LB,,,2026-06-05T09:09:08.616835+00:00,
51798824,51798824,Investment Land with Commercial Interfaces,"Investment Land for Sale in Jid Ali with Commercial Interfaces
On Two Roads
Opposite to Avenue 77
And Closed to Modern Institute
Land Classification: B3**
Land Size: 928 sqm
Per Foot: BD 60.1
Total price: BD 600,000

Ref: MPM3414


 Majestic Properties is a well-established brokerage company in Kingdom of Bahrain for more than 15 years. We offer a complete portfolio of real estate services, including sales and leasing of residential and commercial properties. 

Our professional and committed team of sales and leasing property advisors all of which are certified by Bahrain Real Estate Regulatory Authority (RERA) with license No. B201803/46. 

Our aim is to provide superior full-service real estate brokerage with in-depth market knowledge and ethical practices.

Our vision is to be recognized as the leading agency in property services as well as reliable source of market information and advice.",,,,commercial_sale,,,,,,,,,,,,,,,,,,,,3,,,,600000,BHD,sell,,,,,,928,sqm,53,Jid Ali,26.179166793823242,50.56222152709961,jid-ali,AREA,Jid Ali,2.53,,,,,,,743,https://www.propertyfinder.bh/images/pf_agent/picture/10135956b3ddb45033b72829fc51de004c5141fd/desktop,,Mahmood Al-Shaikh,info@majestic-bh.com,mahmood-al-shaikh,,,,,,English|Arabic,,,info@majestic-bh.com,114,Majestic Properties,"Office 25, Building bldg49, block 327, road 270, Adliya, 0, Capital Governorate, ",admin@majestic-bh.com,+97337602277,majestic-properties-114,,,,,,,,,,,,,,,,,,,,,,,,,,,,,,,,100,,,,,2026-06-05T09:09:08.616835+00:00,
996756,996756,Light Industrial Land for Sale in Ras Zawid,"Light Industrial Land for Sale in Ras Zawid
Corner Land
Closed to Alba

Suitable for:
Workshops – Warehouses – Labor Accommodation 

Land Classification: LD
Land Size: 1315.4 sqm
Per Foot: BD 18
Total price: BD 254,861

Ref: MPM3387


 Majestic Properties is a well-established brokerage company in Kingdom of Bahrain for more than 15 years. We offer a complete portfolio of real estate services, including sales and leasing of residential and commercial properties. 

Our professional and committed team of sales and leasing property advisors all of which are certified by Bahrain Real Estate Regulatory Authority (RERA) with license No. B201803/46. 

Our aim is to provide superior full-service real estate brokerage with in-depth market knowledge and ethical practices.

Our vision is to be recognized as the leading agency in property services as well as reliable source of market information and advice.",,,,commercial_sale,,,,,,,,,,,,,,,,,,,,3,,,,254861,BHD,sell,,,,,,1315,sqm,269,Ras Zuwayed,26.085487365722656,50.61517333984375,ras-zuwayed,AREA,Ras Zuwayed,1.269,,,,,,,743,https://www.propertyfinder.bh/images/pf_agent/picture/10135956b3ddb45033b72829fc51de004c5141fd/desktop,,Mahmood Al-Shaikh,info@majestic-bh.com,mahmood-al-shaikh,,,,,,English|Arabic,,,info@majestic-bh.com,114,Majestic Properties,"Office 25, Building bldg49, block 327, road 270, Adliya, 0, Capital Governorate, ",admin@majestic-bh.com,+97337602277,majestic-properties-114,,,,,,,,,,,,,,,,,,,,,,,,,,,,,,,,100,,,,,2026-06-05T09:09:08.616835+00:00,
981208,981208,Services Land for Sale in Sitra ,"Services Land for Sale in Sitra 
Opposite to Salman Ahmed Al Fateh Road
Behind Olympic Gym
Suitable for: 
Workshops
Warehouses 
Labor Accommodation
Administrative Offices 

Land Classification: S
Land Size: 2254.8 sqm
Per Foot: BD 17
Total price: BD 412,601

Ref: MPM3308


 Majestic Properties is a well-established brokerage company in Kingdom of Bahrain for more than 15 years. We offer a complete portfolio of real estate services, including sales and leasing of residential and commercial properties. 

Our professional and committed team of sales and leasing property advisors all of which are certified by Bahrain Real Estate Regulatory Authority (RERA) with license No. B201803/46. 

Our aim is to provide superior full-service real estate brokerage with in-depth market knowledge and ethical practices.

Our vision is to be recognized as the leading agency in property services as well as reliable source of market information and advice.


",,,,commercial_sale,,,,,,,,,,,,,,,,,,,,3,,,,412601,BHD,sell,,,,,,2254,sqm,69,Sitra,26.162988662719727,50.6124267578125,sitra,AREA,Sitra,2.69,,,,,,,743,https://www.propertyfinder.bh/images/pf_agent/picture/10135956b3ddb45033b72829fc51de004c5141fd/desktop,,Mahmood Al-Shaikh,info@majestic-bh.com,mahmood-al-shaikh,,,,,,English|Arabic,,,info@majestic-bh.com,114,Majestic Properties,"Office 25, Building bldg49, block 327, road 270, Adliya, 0, Capital Governorate, ",admin@majestic-bh.com,+97337602277,majestic-properties-114,,,,,,,,,,,,,,,,,,,,,,,,,,,,,,,,100,,,,,2026-06-05T09:09:08.616835+00:00,
981180,981180,Services Land for Sale in Sitra ,"Services Land for Sale in Sitra 
Behind Nada Diary
Near Salman Ahmed Al Fateh Road
Suitable for: 
Workshops
Warehouses 
Labor Accommodation
Administrative Offices 

Land Classification: S
Land Size: 1363 sqm
Per Foot: BD 18
Total price: BD 264,083

Ref: MPM3307

 Majestic Properties is a well-established brokerage company in Kingdom of Bahrain for more than 15 years. We offer a complete portfolio of real estate services, including sales and leasing of residential and commercial properties. 

Our professional and committed team of sales and leasing property advisors all of which are certified by Bahrain Real Estate Regulatory Authority (RERA) with license No. B201803/46. 

Our aim is to provide superior full-service real estate brokerage with in-depth market knowledge and ethical practices.

Our vision is to be recognized as the leading agency in property services as well as reliable source of market information and advice.

",,,,commercial_sale,,,,,,,,,,,,,,,,,,,,3,,,,264083,BHD,sell,,,,,,1363,sqm,69,Sitra,26.162988662719727,50.6124267578125,sitra,AREA,Sitra,2.69,,,,,,,743,https://www.propertyfinder.bh/images/pf_agent/picture/10135956b3ddb45033b72829fc51de004c5141fd/desktop,,Mahmood Al-Shaikh,info@majestic-bh.com,mahmood-al-shaikh,,,,,,English|Arabic,,,info@majestic-bh.com,114,Majestic Properties,"Office 25, Building bldg49, block 327, road 270, Adliya, 0, Capital Governorate, ",admin@majestic-bh.com,+97337602277,majestic-properties-114,,,,,,,,,,,,,,,,,,,,,,,,,,,,,,,,100,,,,,2026-06-05T09:09:08.616835+00:00,
981128,981128,Services Land for Sale in Sitra ,"Services Land for Sale in Sitra 
Behind Nada Diary
Near Salman Ahmed Al Fateh Road

Suitable for: 
Workshops
Warehouses 
Labor Accommodation
Administrative Offices 

Land Classification: S
Land Size: 2727.1 sqm
Per Foot: BD 15
Total price: BD 440,317

Ref: MPM3306


 Majestic Properties is a well-established brokerage company in Kingdom of Bahrain for more than 15 years. We offer a complete portfolio of real estate services, including sales and leasing of residential and commercial properties. 

Our professional and committed team of sales and leasing property advisors all of which are certified by Bahrain Real Estate Regulatory Authority (RERA) with license No. B201803/46. 

Our aim is to provide superior full-service real estate brokerage with in-depth market knowledge and ethical practices.

Our vision is to be recognized as the leading agency in property services as well as reliable source of market information and advice.


",,,,commercial_sale,,,,,,,,,,,,,,,,,,,,3,,,,440317,BHD,sell,,,,,,2727,sqm,69,Sitra,26.162988662719727,50.6124267578125,sitra,AREA,Sitra,2.69,,,,,,,743,https://www.propertyfinder.bh/images/pf_agent/picture/10135956b3ddb45033b72829fc51de004c5141fd/desktop,,Mahmood Al-Shaikh,info@majestic-bh.com,mahmood-al-shaikh,,,,,,English|Arabic,,,info@majestic-bh.com,114,Majestic Properties,"Office 25, Building bldg49, block 327, road 270, Adliya, 0, Capital Governorate, ",admin@majestic-bh.com,+97337602277,majestic-properties-114,,,,,,,,,,,,,,,,,,,,,,,,,,,,,,,,100,,,,,2026-06-05T09:09:08.616835+00:00,
976882,976882,WS - Service Land for Sale in Ras Zwaid ,"Service Land for Sale in Ras Zwaid 
Near Alba Company
Land Classification: WS
Per Foot: BD 18

Suitable for:
-	Workshops
-	Maintenance Service 
-	Labor Accommodation
-	Administrative Offices
 
Land Size: 438.3 sqm
Total price: BD 84,921

Land Size: 440.1 sqm
Total price: BD 85,270


Ref: Ref: MPM3294


 Majestic Properties is a well-established brokerage company in Kingdom of Bahrain for more than 15 years. We offer a complete portfolio of real estate services, including sales and leasing of residential and commercial properties. 

Our professional and committed team of sales and leasing property advisors all of which are certified by Bahrain Real Estate Regulatory Authority (RERA) with license No. B201803/46. 

Our aim is to provide superior full-service real estate brokerage with in-depth market knowledge and ethical practices.

Our vision is to be recognized as the leading agency in property services as well as reliable source of market information and advice.



",,,,commercial_sale,,,,,,,,,,,,,,,,,,,,3,,,,84921,BHD,sell,,,,,,438,sqm,269,Ras Zuwayed,26.085487365722656,50.61517333984375,ras-zuwayed,AREA,Ras Zuwayed,1.269,,,,,,,743,https://www.propertyfinder.bh/images/pf_agent/picture/10135956b3ddb45033b72829fc51de004c5141fd/desktop,,Mahmood Al-Shaikh,info@majestic-bh.com,mahmood-al-shaikh,,,,,,English|Arabic,,,info@majestic-bh.com,114,Majestic Properties,"Office 25, Building bldg49, block 327, road 270, Adliya, 0, Capital Governorate, ",admin@majestic-bh.com,+97337602277,majestic-properties-114,,,,,,,,,,,,,,,,,,,,,,,,,,,,,,,,100,,,,,2026-06-05T09:09:08.616835+00:00,
972399,972399,Industrial Land for Sale in Asker,"Industrial Land for Sale in Asker
Closed to Asker Factories 
Behind Alba 
Land Classification: SP
Land Size: 1001.8 sqm
Per Foot: BD 12
Total price: BD 129,400
Ref: Ref: MPM3244



 Majestic Properties is a well-established brokerage company in Kingdom of Bahrain for more than 15 years. We offer a complete portfolio of real estate services, including sales and leasing of residential and commercial properties. 

Our professional and committed team of sales and leasing property advisors all of which are certified by Bahrain Real Estate Regulatory Authority (RERA) with license No. B201803/46. 

Our aim is to provide superior full-service real estate brokerage with in-depth market knowledge and ethical practices.

Our vision is to be recognized as the leading agency in property services as well as reliable source of market information and advice.

",,,,commercial_sale,,,,,,,,,,,,,,,,,,,,3,,,,129400,BHD,sell,,,,,,1001,sqm,79,Askar,26.05678367614746,50.61648178100586,askar,AREA,Askar,1.79,,,,,,,743,https://www.propertyfinder.bh/images/pf_agent/picture/10135956b3ddb45033b72829fc51de004c5141fd/desktop,,Mahmood Al-Shaikh,info@majestic-bh.com,mahmood-al-shaikh,,,,,,English|Arabic,,,info@majestic-bh.com,114,Majestic Properties,"Office 25, Building bldg49, block 327, road 270, Adliya, 0, Capital Governorate, ",admin@majestic-bh.com,+97337602277,majestic-properties-114,,,,,,,,,,,,,,,,,,,,,,,,,,,,,,,,100,,,,,2026-06-05T09:09:08.616835+00:00,
974921,974921,Services Land for Sale in Hidd,"Services Land for Sale in Hidd
(Bahrain Investment Gateway)
Corner Land
Closed to Dilmunia Island 
Suitable for: 
Warehouses
Administrative Offices
Labor Accommodation 

Land Classification: S 
Land Size: 413.9 sqm
Per Foot: BD 27
Total price: BD 120,000
Ref: Ref: MPM3271


 Majestic Properties is a well-established brokerage company in Kingdom of Bahrain for more than 15 years. We offer a complete portfolio of real estate services, including sales and leasing of residential and commercial properties. 

Our professional and committed team of sales and leasing property advisors all of which are certified by Bahrain Real Estate Regulatory Authority (RERA) with license No. B201803/46. 

Our aim is to provide superior full-service real estate brokerage with in-depth market knowledge and ethical practices.

Our vision is to be recognized as the leading agency in property services as well as reliable source of market information and advice.



",,,,commercial_sale,,,,,,,,,,,,,,,,,,,,3,,,,120000,BHD,sell,,,,,,413,sqm,32,Hidd,26.21263313293457,50.67418670654297,hidd,AREA,Hidd,3.32,,,,,,,743,https://www.propertyfinder.bh/images/pf_agent/picture/10135956b3ddb45033b72829fc51de004c5141fd/desktop,,Mahmood Al-Shaikh,info@majestic-bh.com,mahmood-al-shaikh,,,,,,English|Arabic,,,info@majestic-bh.com,114,Majestic Properties,"Office 25, Building bldg49, block 327, road 270, Adliya, 0, Capital Governorate, ",admin@majestic-bh.com,+97337602277,majestic-properties-114,,,,,,,,,,,,,,,,,,,,,,,,,,,,,,,,100,,,,,2026-06-05T09:09:08.616835+00:00,
960186,960186,Services Two Lands for Sale in Sitra,"Services Two Lands for Sale in Sitra
Closed to Nada Diary Company 
Land Classification: S

Suitable for the following:
-	Maintenance Workshops
-	Labor Accommodation
-	Warehouses 
-	Administrative Offices


Land Size: 440.1 sqm
Per Foot: BD 26
Total price: BD 123,168

Land Size: 516.9 sqm
Per Foot: BD 27
Total price: BD 150,225

Ref: Ref: MPM3196


 Majestic Properties is a well-established brokerage company in Kingdom of Bahrain for more than 15 years. We offer a complete portfolio of real estate services, including sales and leasing of residential and commercial properties. 

Our professional and committed team of sales and leasing property advisors all of which are certified by Bahrain Real Estate Regulatory Authority (RERA) with license No. B201803/46. 

Our aim is to provide superior full-service real estate brokerage with in-depth market knowledge and ethical practices.

Our vision is to be recognized as the leading agency in property services as well as reliable source of market information and advice.




",,,,commercial_sale,,,,,,,,,,,,,,,,,,,,3,,,,123168,BHD,sell,,,,,,440,sqm,69,Sitra,26.162988662719727,50.6124267578125,sitra,AREA,Sitra,2.69,,,,,,,743,https://www.propertyfinder.bh/images/pf_agent/picture/10135956b3ddb45033b72829fc51de004c5141fd/desktop,,Mahmood Al-Shaikh,info@majestic-bh.com,mahmood-al-shaikh,,,,,,English|Arabic,,,info@majestic-bh.com,114,Majestic Properties,"Office 25, Building bldg49, block 327, road 270, Adliya, 0, Capital Governorate, ",admin@majestic-bh.com,+97337602277,majestic-properties-114,,,,,,,,,,,,,,,,,,,,,,,,,,,,,,,,100,,,,,2026-06-05T09:09:08.616835+00:00,
965628,965628,Commercial Corner Land for Sale in Jid Ali,"Commercial Land for Sale in Jid Ali
Corner Land
Opposite Avenue 77
Land Classification: RB
Land Size: 528.6 sqm
Per foot: BD 55
Total price: BD 312,941
Ref: MPM2508



Majestic Properties is a well-established brokerage company in Kingdom of Bahrain for more than 15 years. We offer a complete portfolio of real estate services, including sales and leasing of residential and commercial properties. 

Our professional and committed team of sales and leasing property advisors all of which are certified by Bahrain Real Estate Regulatory Authority (RERA) with license No. B201803/46. 

Our aim is to provide superior full-service real estate brokerage with in-depth market knowledge and ethical practices.

Our vision is to be recognized as the leading agency in property services as well as reliable source of market information and advice.",,,,commercial_sale,,,,none,none,,,,,,,,,,,,,,,3,,,,312941,BHD,sell,,,,,,528,sqm,53,Jid Ali,26.179166793823242,50.56222152709961,jid-ali,AREA,Jid Ali,2.53,,,,,,,743,https://www.propertyfinder.bh/images/pf_agent/picture/10135956b3ddb45033b72829fc51de004c5141fd/desktop,,Mahmood Al-Shaikh,info@majestic-bh.com,mahmood-al-shaikh,,,,,,English|Arabic,,,info@majestic-bh.com,114,Majestic Properties,"Office 25, Building bldg49, block 327, road 270, Adliya, 0, Capital Governorate, ",admin@majestic-bh.com,+97337602277,majestic-properties-114,,,,,,,,,,,,,,,,,,,,,,,,,,,,,,,,100,,,,,2026-06-05T09:09:08.616835+00:00,
917668,917668,Light Industrial Land for Sale in Sitra - Wadiyan,"Light Industrial Land for Sale in Sitra - Wadiyan
Corner Land
Suitable for Warehouses – Workshops – Labor Accommodation 
Land Classification: LD
Land Size: 1729 sqm
Per Foot: BD 30
Total price: BD 558,328

Ref: MPM2006


Majestic Properties is a well-established brokerage company in Kingdom of Bahrain for more than 15 years. We offer a complete portfolio of real estate services, including sales and leasing of residential and commercial properties. 

Our professional and committed team of sales and leasing property advisors all of which are certified by Bahrain Real Estate Regulatory Authority (RERA) with license No. B201803/46. 

Our aim is to provide superior full-service real estate brokerage with in-depth market knowledge and ethical practices.

Our vision is to be recognized as the leading agency in property services as well as reliable source of market information and advice.
",,,,commercial_sale,,,,,,,,,,,,,,,,,,,,3,,,,558328,BHD,sell,,,,,,1729,sqm,69,Sitra,26.162988662719727,50.6124267578125,sitra,AREA,Sitra,2.69,,,,,,,743,https://www.propertyfinder.bh/images/pf_agent/picture/10135956b3ddb45033b72829fc51de004c5141fd/desktop,,Mahmood Al-Shaikh,info@majestic-bh.com,mahmood-al-shaikh,,,,,,English|Arabic,,,info@majestic-bh.com,114,Majestic Properties,"Office 25, Building bldg49, block 327, road 270, Adliya, 0, Capital Governorate, ",admin@majestic-bh.com,+97337602277,majestic-properties-114,,,,,,,,,,,,,,,,,,,,,,,,,,,,,,,,100,,,,,2026-06-05T09:09:08.616835+00:00,
900763,900763,Investment Land for Sale in Galali,"Investment Land for Sale in Galali
On a Commercial Road
Closed to Gas Al Salam 
Lands Classification: B3*
Land Size: 515.6 sqm
Per Foot: BD 45
Total Price: BD 249,746
Ref: MPM2513



Majestic Properties is a well-established brokerage company in Kingdom of Bahrain for more than 15 years. We offer a complete portfolio of real estate services, including sales and leasing of residential and commercial properties. 

Our professional and committed team of sales and leasing property advisors all of which are certified by Bahrain Real Estate Regulatory Authority (RERA) with license No. B201803/46. 

Our aim is to provide superior full-service real estate brokerage with in-depth market knowledge and ethical practices.

Our vision is to be recognized as the leading agency in property services as well as reliable source of market information and advice.",,,,commercial_sale,,,,,,,,,,,,,,,,,,,,3,,,,249746,BHD,sell,,,,,,515,sqm,93,Galali,26.266666412353516,50.650001525878906,galali,AREA,Galali,3.93,,,,,,,743,https://www.propertyfinder.bh/images/pf_agent/picture/10135956b3ddb45033b72829fc51de004c5141fd/desktop,,Mahmood Al-Shaikh,info@majestic-bh.com,mahmood-al-shaikh,,,,,,English|Arabic,,,info@majestic-bh.com,114,Majestic Properties,"Office 25, Building bldg49, block 327, road 270, Adliya, 0, Capital Governorate, ",admin@majestic-bh.com,+97337602277,majestic-properties-114,,,,,,,,,,,,,,,,,,,,,,,,,,,,,,,,100,,,,,2026-06-05T09:09:08.616835+00:00,
900821,900821,Services Lands for Sale in Sitra – Al Quriyah,"Services Lands for Sale in Sitra – Al Quriyah 
Suitable for: Workshops – Admin Offices – Warehouses – Labor Accommodation
Behind Natiomal Motor Company
Land Classification: S
Lands Size: 252.6 – 381.2 sqm
Per foot: BD 28
Total price: Starting from BD 76,132
Ref: MPM2783


Majestic Properties is a well-established brokerage company in Kingdom of Bahrain for more than 15 years. We offer a complete portfolio of real estate services, including sales and leasing of residential and commercial properties. 

Our professional and committed team of sales and leasing property advisors all of which are certified by Bahrain Real Estate Regulatory Authority (RERA) with license No. B201803/46. 

Our aim is to provide superior full-service real estate brokerage with in-depth market knowledge and ethical practices.

Our vision is to be recognized as the leading agency in property services as well as reliable source of market information and advice.",,,,commercial_sale,,,,,,,,,,,,,,,,,,,,3,,,,76132,BHD,sell,,,,,,252,sqm,69,Sitra,26.162988662719727,50.6124267578125,sitra,AREA,Sitra,2.69,,,,,,,743,https://www.propertyfinder.bh/images/pf_agent/picture/10135956b3ddb45033b72829fc51de004c5141fd/desktop,,Mahmood Al-Shaikh,info@majestic-bh.com,mahmood-al-shaikh,,,,,,English|Arabic,,,info@majestic-bh.com,114,Majestic Properties,"Office 25, Building bldg49, block 327, road 270, Adliya, 0, Capital Governorate, ",admin@majestic-bh.com,+97337602277,majestic-properties-114,,,,,,,,,,,,,,,,,,,,,,,,,,,,,,,,100,,,,,2026-06-05T09:09:08.616835+00:00,
917905,917905,Services Land for Sale in Sitra – Al Qarryah,"Services Land for Sale in Sitra – Al Qarryah
Near Al Bayan Health Center
And Avenue 6
Land Classification: S
Land Size: 470.1 sqm
Per Foot: BD 29.644
Total price: BD 150,000
Ref: MPM3037


Majestic Properties is a well-established brokerage company in Kingdom of Bahrain for more than 15 years. We offer a complete portfolio of real estate services, including sales and leasing of residential and commercial properties. 

Our professional and committed team of sales and leasing property advisors all of which are certified by Bahrain Real Estate Regulatory Authority (RERA) with license No. B201803/46. 

Our aim is to provide superior full-service real estate brokerage with in-depth market knowledge and ethical practices.

Our vision is to be recognized as the leading agency in property services as well as reliable source of market information and advice.
",,,,commercial_sale,,,,,,,,,,,,,,,,,,,,3,,,,150000,BHD,sell,,,,,,470,sqm,69,Sitra,26.162988662719727,50.6124267578125,sitra,AREA,Sitra,2.69,,,,,,,743,https://www.propertyfinder.bh/images/pf_agent/picture/10135956b3ddb45033b72829fc51de004c5141fd/desktop,,Mahmood Al-Shaikh,info@majestic-bh.com,mahmood-al-shaikh,,,,,,English|Arabic,,,info@majestic-bh.com,114,Majestic Properties,"Office 25, Building bldg49, block 327, road 270, Adliya, 0, Capital Governorate, ",admin@majestic-bh.com,+97337602277,majestic-properties-114,,,,,,,,,,,,,,,,,,,,,,,,,,,,,,,,100,,,,,2026-06-05T09:09:08.616835+00:00,
900786,900786,Commercial Two Lands for Sale in Tubli,"Commercial Lands for Sale in Tubli
Opposite to the Sea
Closed to Tubli Walkway

Land Classification: CB
Per Foot: BD 23 

Land Size No.1: 917.9 sqm
Total Price: BD 227,246

Land Size No.1: 918 sqm
Total Price: BD 227,271

Ref: MPM1412


Majestic Properties is a well-established brokerage company in Kingdom of Bahrain for more than 15 years. We offer a complete portfolio of real estate services, including sales and leasing of residential and commercial properties. 

Our professional and committed team of sales and leasing property advisors all of which are certified by Bahrain Real Estate Regulatory Authority (RERA) with license No. B201803/46. 

Our aim is to provide superior full-service real estate brokerage with in-depth market knowledge and ethical practices.

Our vision is to be recognized as the leading agency in property services as well as reliable source of market information and advice.


",,,,commercial_sale,,,,,,,,,,,,,,,,,,,,3,,,,227246,BHD,sell,,,,,,917,sqm,98,Tubli,26.188888549804688,50.54999923706055,tubli,AREA,Tubli,2.98,,,,,,,743,https://www.propertyfinder.bh/images/pf_agent/picture/10135956b3ddb45033b72829fc51de004c5141fd/desktop,,Mahmood Al-Shaikh,info@majestic-bh.com,mahmood-al-shaikh,,,,,,English|Arabic,,,info@majestic-bh.com,114,Majestic Properties,"Office 25, Building bldg49, block 327, road 270, Adliya, 0, Capital Governorate, ",admin@majestic-bh.com,+97337602277,majestic-properties-114,,,,,,,,,,,,,,,,,,,,,,,,,,,,,,,,100,,,,,2026-06-05T09:09:08.616835+00:00,
940084,940084,Investment Corner Land for Sale in West Eker,"Investment Land for Sale in West Eker
Corner Land
Opposite to GPIC Club
Land Classification: B3
Land Size: 1462 sqm
Per foot: BD 35
Total price: BD 550,780
Including Building Permit for 7 Shops & 31 Apartments
Ref: Ref: MPM3109

Majestic Properties is a well-established brokerage company in Kingdom of Bahrain for more than 15 years. We offer a complete portfolio of real estate services, including sales and leasing of residential and commercial properties. 

Our professional and committed team of sales and leasing property advisors all of which are certified by Bahrain Real Estate Regulatory Authority (RERA) with license No. B201803/46. 

Our aim is to provide superior full-service real estate brokerage with in-depth market knowledge and ethical practices.

Our vision is to be recognized as the leading agency in property services as well as reliable source of market information and advice.
",,,,commercial_sale,,,,,,,,,,,,,,,,,,,,3,,,,550780,BHD,sell,,,,,,1462,sqm,19,Eker,26.143688201904297,50.60297393798828,eker,AREA,Eker,2.19,,,,,,,743,https://www.propertyfinder.bh/images/pf_agent/picture/10135956b3ddb45033b72829fc51de004c5141fd/desktop,,Mahmood Al-Shaikh,info@majestic-bh.com,mahmood-al-shaikh,,,,,,English|Arabic,,,info@majestic-bh.com,114,Majestic Properties,"Office 25, Building bldg49, block 327, road 270, Adliya, 0, Capital Governorate, ",admin@majestic-bh.com,+97337602277,majestic-properties-114,,,,,,,,,,,,,,,,,,,,,,,,,,,,,,,,100,,,,,2026-06-05T09:09:08.616835+00:00,
900822,900822,Services Lands for Sale in Sitra – Al Quriyah,"Services Lands for Sale in Sitra – Al Quriyah 
Suitable for: Workshops – Admin Offices – Warehouses – Labor Accommodation
Behind Chaise Café
Near Salman Bin Ahmed Highway
Land Classification: S
Lands Size: 344.2 - 462 sqm
Total price: Starting from BD 96,329
Ref: MPM2784


Majestic Properties is a well-established brokerage company in Kingdom of Bahrain for more than 15 years. We offer a complete portfolio of real estate services, including sales and leasing of residential and commercial properties. 

Our professional and committed team of sales and leasing property advisors all of which are certified by Bahrain Real Estate Regulatory Authority (RERA) with license No. B201803/46. 

Our aim is to provide superior full-service real estate brokerage with in-depth market knowledge and ethical practices.

Our vision is to be recognized as the leading agency in property services as well as reliable source of market information and advice.",,,,commercial_sale,,,,,,,,,,,,,,,,,,,,2,,,,96329,BHD,sell,,,,,,344,sqm,69,Sitra,26.162988662719727,50.6124267578125,sitra,AREA,Sitra,2.69,,,,,,,743,https://www.propertyfinder.bh/images/pf_agent/picture/10135956b3ddb45033b72829fc51de004c5141fd/desktop,,Mahmood Al-Shaikh,info@majestic-bh.com,mahmood-al-shaikh,,,,,,English|Arabic,,,info@majestic-bh.com,114,Majestic Properties,"Office 25, Building bldg49, block 327, road 270, Adliya, 0, Capital Governorate, ",admin@majestic-bh.com,+97337602277,majestic-properties-114,,,,,,,,,,,,,,,,,,,,,,,,,,,,,,,,100,,,,,2026-06-05T09:09:08.616835+00:00,
915095,915095,Light Industrial Land for Sale in Galali,"Light Industrial Land for Sale in Galali
Closed To Dry Dock Highway 
Land Classification: LD
Land Size: 1040 sqm
Per Foot: BD 20
Total Price: BD 223,891
Ref: MPM3019

Majestic Properties is a well-established brokerage company in Kingdom of Bahrain for more than 15 years. We offer a complete portfolio of real estate services, including sales and leasing of residential and commercial properties. 

Our professional and committed team of sales and leasing property advisors all of which are cمؤسertified by Bahrain Real Estate Regulatory Authority (RERA) with license No. B201803/46. 

Our aim is to provide superior full-service real estate brokerage with in-depth market knowledge and ethical practices.

Our vision is to be recognized as the leading agency in property services as well as reliable source of market information and advice.
",,,,commercial_sale,,,,,,,,,,,,,,,,,,,,3,,,,223891,BHD,sell,,,,,,1040,sqm,93,Galali,26.266666412353516,50.650001525878906,galali,AREA,Galali,3.93,,,,,,,743,https://www.propertyfinder.bh/images/pf_agent/picture/10135956b3ddb45033b72829fc51de004c5141fd/desktop,,Mahmood Al-Shaikh,info@majestic-bh.com,mahmood-al-shaikh,,,,,,English|Arabic,,,info@majestic-bh.com,114,Majestic Properties,"Office 25, Building bldg49, block 327, road 270, Adliya, 0, Capital Governorate, ",admin@majestic-bh.com,+97337602277,majestic-properties-114,,,,,,,,,,,,,,,,,,,,,,,,,,,,,,,,100,,,,,2026-06-05T09:09:08.616835+00:00,
918115,918115,Commercial Land for Sale in Tubli,"Commercial Land for Sale in Tubli
Behind Lebanese Restaurant  
Land Classification: RB
Land Size: 575.3 sqm
Per Foot: BD 43
Total price: BD 266,278
Including Building Permit
Ref: MPM2996


Majestic Properties is a well-established brokerage company in Kingdom of Bahrain for more than 15 years. We offer a complete portfolio of real estate services, including sales and leasing of residential and commercial properties. 

Our professional and committed team of sales and leasing property advisors all of which are certified by Bahrain Real Estate Regulatory Authority (RERA) with license No. B201803/46. 

Our aim is to provide superior full-service real estate brokerage with in-depth market knowledge and ethical practices.

Our vision is to be recognized as the leading agency in property services as well as reliable source of market information and advice.",,,,commercial_sale,,,,,,,,,,,,,,,,,,,,3,,,,266278,BHD,sell,,,,,,575,sqm,98,Tubli,26.188888549804688,50.54999923706055,tubli,AREA,Tubli,2.98,,,,,,,743,https://www.propertyfinder.bh/images/pf_agent/picture/10135956b3ddb45033b72829fc51de004c5141fd/desktop,,Mahmood Al-Shaikh,info@majestic-bh.com,mahmood-al-shaikh,,,,,,English|Arabic,,,info@majestic-bh.com,114,Majestic Properties,"Office 25, Building bldg49, block 327, road 270, Adliya, 0, Capital Governorate, ",admin@majestic-bh.com,+97337602277,majestic-properties-114,,,,,,,,,,,,,,,,,,,,,,,,,,,,,,,,100,,,,,2026-06-05T09:09:08.616835+00:00,
916578,916578,Two Lands for Sale in Asker – Madinat Khalifa,"Two Lands for Sale in Asker – Madinat Khalifa
Suitable for Workshops & Maintenance Services 
Closed Alba
Land Classification: WS
Land Size: 453.2 sqm
Per Foot: BD 16.388
Total price for Each Land: BD 80,000
Ref: MPM3029


Majestic Properties is a well-established brokerage company in Kingdom of Bahrain for more than 15 years. We offer a complete portfolio of real estate services, including sales and leasing of residential and commercial properties. 

Our professional and committed team of sales and leasing property advisors all of which are cمؤسertified by Bahrain Real Estate Regulatory Authority (RERA) with license No. B201803/46. 

Our aim is to provide superior full-service real estate brokerage with in-depth market knowledge and ethical practices.

Our vision is to be recognized as the leading agency in property services as well as reliable source of market information and advice.
",,,,commercial_sale,,,,,,,,,,,,,,,,,,,,3,,,,80000,BHD,sell,,,,,,453,sqm,79,Askar,26.05678367614746,50.61648178100586,askar,AREA,Askar,1.79,,,,,,,743,https://www.propertyfinder.bh/images/pf_agent/picture/10135956b3ddb45033b72829fc51de004c5141fd/desktop,,Mahmood Al-Shaikh,info@majestic-bh.com,mahmood-al-shaikh,,,,,,English|Arabic,,,info@majestic-bh.com,114,Majestic Properties,"Office 25, Building bldg49, block 327, road 270, Adliya, 0, Capital Governorate, ",admin@majestic-bh.com,+97337602277,majestic-properties-114,,,,,,,,,,,,,,,,,,,,,,,,,,,,,,,,100,,,,,2026-06-05T09:09:08.616835+00:00,
954539,954539,Light Industrial Land for Sale in Salmabad,"Light Industrial Land for Sale in Salmabad
Closed to Nisan Service Center
Land Classification: LD
Land Size: 900 sqm
Per Foot: BD 35
Total price: BD 339,066
Ref: Ref: MPM3179


 Majestic Properties is a well-established brokerage company in Kingdom of Bahrain for more than 15 years. We offer a complete portfolio of real estate services, including sales and leasing of residential and commercial properties. 

Our professional and committed team of sales and leasing property advisors all of which are certified by Bahrain Real Estate Regulatory Authority (RERA) with license No. B201803/46. 

Our aim is to provide superior full-service real estate brokerage with in-depth market knowledge and ethical practices.

Our vision is to be recognized as the leading agency in property services as well as reliable source of market information and advice.

",,,,commercial_sale,,,,,,,,,,,,,,,,,,,,3,,,,339066,BHD,sell,,,,,,900,sqm,6,Salmabad,26.183332443237305,50.516666412353516,salmabad,AREA,Salmabad,2.6,,,,,,,743,https://www.propertyfinder.bh/images/pf_agent/picture/10135956b3ddb45033b72829fc51de004c5141fd/desktop,,Mahmood Al-Shaikh,info@majestic-bh.com,mahmood-al-shaikh,,,,,,English|Arabic,,,info@majestic-bh.com,114,Majestic Properties,"Office 25, Building bldg49, block 327, road 270, Adliya, 0, Capital Governorate, ",admin@majestic-bh.com,+97337602277,majestic-properties-114,,,,,,,,,,,,,,,,,,,,,,,,,,,,,,,,100,,,,,2026-06-05T09:09:08.616835+00:00,
51173986,51173986,Prime Location | Investment Land | Below Market,"Investment Land for sale located in Gudaibiya near the iconic Kuwaiti Building and directly facing a T-Junction. It is priced below market at BD62/sqft and an investment opportunity not to miss

A perfect plot of land for investment purposes.    

Land Area: 11,227 sqft (1,083 sqm)    
Asking Price BD62/sqft versus BD75+ for surrounding plots
Total Price BD700,000 (Slightly negotiable for serious buyers)    

-------------------------------------------------

Gudaibiya features:   

* Central Manama   
* Located near many offices
* American Mission Hospital   
* Restaurants and coffee shops
* 5-10 mins to Adliya
* easy access to the highway

For more information please do not hesitate to contact us on the Display phone number (call/whatsapp)

For more properties please follow us on our social media accounts:
Facebook & Instagram: kensingtonbahrain",,,,commercial_sale,,,,,,,,,,,,,,,,,,,,3,,,,700000,BHD,sell,,,,,,1083,sqm,80,Gudaibiya,26.218677520751953,50.59382247924805,manama-gudaibiya,AREA,Gudaibiya,5.34.80,,,,,,,2796,https://www.propertyfinder.bh/images/pf_agent/picture/9c090ddee18e7d4d03fe7a66330e86b812d886d0/desktop,,Tariq Al Alaiwat,info@kensingtonbh.com,tariq-al-alaiwat,,,,,,English|Arabic,,,info@kensingtonbh.com,485,Kensington Real Estate,"Office Block 724, Building 540B, Salmabad, 412, Central Governorate, PO Box 000",tariq.alalaiwat@gmail.com,+97339944321,kensington-real-estate-485,,,,,,,,,,,,,,,,,,,,,,,,,,,,,,,,100,,,,,2026-06-05T09:09:08.616835+00:00,
920720,920720,Commercial Land for Sale in Diyar Al Muharraq,"Area: Diyar AlMuharraq
Reference:L013297
Plot size (SQM): 2,365.800
Property type: Land
Property classification: SP
******************************************************************************

The Ideal thing about investing in Bahrain property is that the demand is always at a peak due to the nation’s small geographic surface area, an indication that property prices, in general, will always rise.

Why Grnata? Your decision to select Grnata as a licensed group of companies in the field of real estate will lead you to many benefits such as:

	Qualified consultants in the Bahrain market
	Study and analysis of the investment’s opportunity
	A group of professional teams that are able to provide all real estate services.
Grnata is the leading real estate company in the Kingdom of Bahrain. Grnata and as seen by observers of the movement of the real estate market has taken its place in the real estate market, knocked off the pioneer, and gained the confidence of the stakeholders in the nation
",,,,commercial_sale,,,,,,,,,,,,,,,,,,,,2,,,,891291,BHD,sell,,,,,,2365,sqm,129,Diyar Al Muharraq,26.31142234802246,50.64306640625,diyar-al-muharraq,COMMUNITY,Diyar Al Muharraq,3.129,,,,,,,6004,https://www.propertyfinder.bh/images/pf_agent/picture/ebbf5071a86f507e33d03c9788ab8807acbb792a/desktop,,Talal Al Halal ,talal.alhalal@grnata.com,talal-al-halal,,,,,,English|Arabic,,,talal.alhalal@grnata.com,670,Grnata,"Office 0, Building 0, Seef, 0, Capital Governorate, ",husain.jalil@grnata.com,+97337334334,grnata-670,,,,,,,,,,,,,,,,,,,,,,,,,,,,,,,,94,,,,,2026-06-05T09:09:08.616835+00:00,
51719052,51719052,Investment Land | Prime Location | Near Mercado,"*Golden Investment Opportunity in the Heart of Al Janabiya!*

Prime commercial land for sale directly on the vibrant Al Janabiya Street – a strategic, high-traffic location perfect for upscale residential or commercial projects.

- *Land Classification:* B6  
- *Allowed Building Height:* Up to 10 floors  
- *Plot Size:* 553 SQM  
- *Price per SQFT:* BHD 40  
- *Total Price:* BHD 238,099  

*Unmatched Location Close To:*  
- Mercado Complex & Atrium Mall  
- Saar Green  
- Bahrain University College  
- Top restaurants, cafes, and retail outlets  

Situated in one of the most sought-after areas with high investment returns, ideal for commercial, residential, or mixed-use developments.

*Invest in your future today – Contact us now to schedule a viewing or for more details!*",,,,commercial_sale,,,,,,,,,,,,,,,,,,,,1,,,,238099,BHD,sell,,,,,,553,sqm,48,Janabiya,26.185943603515625,50.46711349487305,janabiya,AREA,Janabiya,4.48,,,,,,,6307,https://www.propertyfinder.bh/images/pf_agent/picture/5c12db1887944d22fd624c12b38deead802765e6/desktop,,Ali Hasan,alihasan@icarlton.com,ali-hasan,,,,,,English|Arabic,,,alihasan@icarlton.com,32,Carlton Real Estate,"Office 141, Building 1012, Seef, Road 3621 Block 436, Capital Governorate, PO Box 0",info@icarlton.com,+97336667000,carlton-real-estate-32,,,,,,,,,,,,,,,,,,,,,,,,,,,,,,,,100,,,,,2026-06-05T09:09:08.616835+00:00,
996403,996403,Golden Opportunity | Prime Location | Strong ROI,"For Sale: Prime Investment Land in Juffair
A rare investment opportunity in the heart of Juffair, one of Bahrain’s most vibrant and high-demand areas. Ideal for investors looking for a strategic location with high return potential.

Land Details:
-	Land Area: 754 sqm
-	Classification: BB
-	Price per sq. ft.: BHD 45
-	Total Price: BHD 365,222

Land Features:
-	Strategically located in central Juffair
-	Surrounded by hotel towers and major investment projects
-	Wide frontage suitable for various developments
-	Fully serviced infrastructure
-	Excellent location for long-term investment


Nearby Services & Amenities:
-	Retail shops
-	Cafés and restaurants
-	Shopping malls and commercial centers
-	Educational institutions
-	Bahrain Specialist Hospital
-	Private clinics
-	Easy access to all essential services
-	For more information or to arrange a viewing, please contact us.",,,,commercial_sale,,,,,,,,,,,,,,,,,,,,3,,,,365222,BHD,sell,,,,,,754,sqm,26,Al Juffair,26.211111068725586,50.601112365722656,al-juffair,AREA,Al Juffair,5.26,,,,,,,6307,https://www.propertyfinder.bh/images/pf_agent/picture/5c12db1887944d22fd624c12b38deead802765e6/desktop,,Ali Hasan,alihasan@icarlton.com,ali-hasan,,,,,,English|Arabic,,,alihasan@icarlton.com,32,Carlton Real Estate,"Office 141, Building 1012, Seef, Road 3621 Block 436, Capital Governorate, PO Box 0",info@icarlton.com,+97336667000,carlton-real-estate-32,,,,,,,,,,,,,,,,,,,,,,,,,,,,,,,,100,,,,,2026-06-05T09:09:08.616835+00:00,
918366,918366,Building for sale in Buri facing 2 roads ,"Building for sale in Buri 

facing 2 roads and corner

consist 2 floors 

Classification RB

plot size 382

build up are 630

5 flats

total income 680 BD monthly 

selling price 190,000 BHD 

Mission:

To the most trusted and innovative real estate firm delivering exceptional service and creating lasting value for our client and communities.

Vision:

To empower our clients, throw transparency, professionalism and market expertise while helping them achieve their real estate goals.

please dont hesitate to contact us 

****************************************************************
****************************************************************
*********************************************************************************************

",,,,commercial_sale,,,,6,6,,,,YES,,,,,,,,,,,3,,,,190000,BHD,sell,,,,,,382,sqm,36,Buri,26.14974594116211,50.50010299682617,buri,AREA,Buri,4.36,,,,,,,5789,https://www.propertyfinder.bh/images/pf_agent/picture/d7f5b3a7eeb61a98f5baef688be11e7be7a1568f/desktop,,Duaa Alsayegh,diyarnaproperties@hotmail.com,duaa-alsayegh,,,,,,English|Arabic,,,diyarnaproperties@hotmail.com,1008,Diyarna Properties,"Office Office 17, Building Building 962 Block 408, Sanabis, Road 838, Capital Governorate, ",info@diyarnaproperties.com,+97336064447,diyarna-properties-1008,,,,,,,,,,,,,,,,,,,,,,,,,,,,,,,,90,SE,SE,,,2026-06-05T09:09:08.616835+00:00,
948025,948025,B3* - Prime Location – Commercial Land,"Prime Investment Opportunity – Commercial Land for Sale in Al Shurooq Masterplan

A strategically located plot for sale in the fast-developing Al Shurooq area, nestled between Dilmunia Island and Amwaj Islands — two of Bahrain’s most prestigious destinations.

Plot Size: 450 sqm

Zoning Classification: B3* (Commercial – 3 Floors)

Key Features:

Commercial frontage ideal for retail shops

Suitable for a commercial building or mixed-use development

Located in a newly developed area with strong growth potential

This property offers a rare opportunity for long-term investment in one of Bahrain’s emerging urban hubs, surrounded by high-end developments and infrastructure projects.


For more information or personal viewings, please contact us on +97332225528 or +97317000287.

--------------------------------------------------------------------------------------------------

Underhill Real Estate is a real estate brokerage company certified by the Real Estate Regulatory Authority (RERA) in Bahrain. We offer a comprehensive range of residential and commercial properties for sale and leasing across many areas in Bahrain.",,,,commercial_sale,,,,,,,,,,,,,,,,,,,,2,,,,130800,BHD,sell,,,,,,450,sqm,67,Dilmunia Island,26.27286720275879,50.672889709472656,dilmunia-island,AREA,Dilmunia Island,3.67,,,,,,,4873,https://www.propertyfinder.bh/images/pf_agent/picture/35a2bd364245f51f3a8a22f8400f0c2cede50c8a/desktop,,Ahmed Alkuwaiti,a.alkuwaiti@underhill.bh,ahmed-alkuwaiti,,,,,,English|Arabic,,,a.alkuwaiti@underhill.bh,449,Underhill Real Estate,"Office 1805, Building 1565, Manama, 1722 Diplomatic Area, Capital Governorate, PO Box 11155",m.abul@underhill.bh,+97317000287,underhill-real-estate-449,,,,,,,,,,,,,,,,,,,,,,,,,,,,,,,,94,,,,,2026-06-05T09:09:08.616835+00:00,
942801,942801,| Prime location | Close to Amenities | Commercial,"Prime land for commercial/ Industrial use in Ras Zuwaid
Do not miss this rare opportunity to own a strategically located plot in the heart of Riffa. The land is situated in a vibrant area, close to popular restaurants, retail stores, and essential amenities, ensuring convenience and high demand.
Land Description:
    
Area: 1369.2 (sqm)
Price: 162,118.77 BHD 
Price per foot: 11 BHD
Land classification: LD
Land features: 

Prime location 
Close to all stores and restaurants
_________________________________________________________________________________________________________________

For more information and inquiries, contact Mohamed Salameh on mobile or WhatsApp (38866825). You can also follow our social media accounts to view other options. We offer a wide selection of modernly designed fully as well as semi furnished apartments, villas & commercial properties all over Bahrain which suits the budgets of our client.

Tweet embed
@bestlocationbh 
@bestlocationbh.rent
....................................................................
",,,,commercial_sale,,,,,,,,,,,,,,,,,,,,1,,,,162118,BHD,sell,,,,,,1369,sqm,269,Ras Zuwayed,26.085487365722656,50.61517333984375,ras-zuwayed,AREA,Ras Zuwayed,1.269,,,,,,,2366,https://www.propertyfinder.bh/images/pf_agent/picture/11e9f408dc091781dc3ca8bd8b1d547fc16ba03d/desktop,,Mohamed Salamah,mohamed@bestlocationbh.com,mohamed-salamah,,,,,,English|Arabic,,,mohamed@bestlocationbh.com,219,Best Location Properties,"Office 4th Floor, Building Maryam plaza, Seef, 0, Capital Governorate, PO Box 0",hussam@bestlocationbh.com,+97338866638,best-location-properties-219,,,,,,,,,,,,,,,,,,,,,,,,,,,,,,,,100,,,,,2026-06-05T09:09:08.616835+00:00,
52830680,52830680,3 Roads - Prime Location - 11 Shops & 9 Flats,"For sale Building in Riffa Area at a prime location, great opportunity for people seeking real estate investment.


The building consists of a total of 9 Apartments and 11 Shops.  

8 Apartments consisting of :

2 Bedrooms, 2 Bathrooms, Living room, Closed Kitchen.

1 Apartments consisting of :

3 Bedrooms, 2 Bathrooms, Living room, Closed Kitchen.

For more information or personal viewings, please contact us on +9733222528 or +97317000287.

----------------------------------------------------------------------------

Underhill Real Estate is a real estate brokerage company certified by the Real Estate Regulatory Authority (RERA) in Bahrain. We offer a comprehensive range of residential and commercial properties for sale and leasing across many areas in Bahrain. We provide the best and cost-effective real estate solutions to our clients.",,,,commercial_sale,,,,7+,7+,,,,YES,,,,,,,,,,,3,,,,300000,BHD,sell,,,,,,219,sqm,128,West Riffa,26.123153686523438,50.54193878173828,riffa-west-riffa,COMMUNITY,West Riffa,1.49.128,,,,,,,4873,https://www.propertyfinder.bh/images/pf_agent/picture/35a2bd364245f51f3a8a22f8400f0c2cede50c8a/desktop,,Ahmed Alkuwaiti,a.alkuwaiti@underhill.bh,ahmed-alkuwaiti,,,,,,English|Arabic,,,a.alkuwaiti@underhill.bh,449,Underhill Real Estate,"Office 1805, Building 1565, Manama, 1722 Diplomatic Area, Capital Governorate, PO Box 11155",m.abul@underhill.bh,+97317000287,underhill-real-estate-449,,,,,,,,,,,,,,,,,,,,,,,,,,,,,,,,93,LB|CP|SE,LB|CP|SE,,,2026-06-05T09:09:08.616835+00:00,
53008091,53008091,Prime B3 Commercial Land in Strategic Galali,"This exceptional commercial land parcel represents a premier investment opportunity in the heart of Galali. Classified as B3 (Commercial Buildings Zone 3), this strategic plot is perfectly suited for developing a multi-story commercial or mixed-use project in a rapidly growing economic hub.

Property Details: - Prime Commercial Land Classification B3 - Generous plot size of 485 sqm (5221 sq ft)

Exceptional accessibility with 2 access roads ensuring smooth traffic flow - Strategically positioned for high visibility and commercial footfall - Ready for immediate development with clear boundaries Exclusive Amenities: - Direct access to high-quality Asphalt Road infrastructure - Comprehensive Street Lighting for safety and visibility - Proximity to Qalabi Fuel Station ensuring constant activity - Seamless connection to major transport networks and residential neighborhoods.

Nearby Amenities: - Major shopping and retail destinations - Proximity to Qalabi Fuel Station - Quick access to major highway networks - Minutes away from Bahrain International Airport - Surrounded by established residential communities. 

**Asking Price BD 177498",,,,commercial_sale,,,,,,,,,,,,,,,,,,,,3,,,,177498,BHD,sell,,,,,,485,sqm,93,Galali,26.266666412353516,50.650001525878906,galali,AREA,Galali,3.93,,,,,,,7626,https://www.propertyfinder.bh/images/pf_agent/picture/af635ae48579ec38d8ad1935d2d25cbb1d2b6550/desktop,,Mohamed Khaled,mohamedk@icarlton.com,mohamed-khaled,,,,,,English|Arabic,,,mohamedk@icarlton.com,32,Carlton Real Estate,"Office 141, Building 1012, Seef, Road 3621 Block 436, Capital Governorate, PO Box 0",info@icarlton.com,+97336667000,carlton-real-estate-32,,,,,,,,,,,,,,,,,,,,,,,,,,,,,,,,100,,,,,2026-06-05T09:09:08.616835+00:00,
53007614,53007614,RB** CLASSIFIED | ACCESSIBLE AREA | HIGHWAY ACCESS,"This exceptional commercial land parcel represents a premier investment opportunity in the highly sought-after district of Zinj.

Classified as RB** (Residential B Zone), this versatile plot allows for multi-story developments, making it an ideal choice for investors looking to capitalize on Zinj's strategic central location and high demand.

Property Details: - Total Land Size: 1296.1 sqm (13951 sq ft) - Classification: RB** (Residential B Zone) - Topography: Level and ready for development -

Access: Direct access to well-maintained asphalt roads - Infrastructure: Modern street lighting already installed - Positioning: Situated in a high-visibility area with excellent accessibility Exclusive Amenities: - Strategic location near Al Majd International Private School - Fully developed infrastructure with asphalt road access - Essential street lighting connectivity - High capital appreciation potential due to central location - Close proximity to major medical centers and corporate offices Prime Location.

Zinj is one of Bahrain's most prestigious and centrally located districts, offering a sophisticated blend of commercial and residential vitality. Its proximity to the Salmaniya Medical Complex, major embassies, and the capital city of Manama makes it a top-tier destination for professional and commercial projects. Nearby Amenities: - Al Majd International Private School - Leading private and public hospitals - Major shopping centers and grocery outlets - Banking hubs and corporate headquarters - Direct access to Sheikh Isa Bin Salman Highway ______________________________________________________**Asking Price BD 418,536",,,,commercial_sale,,,,,,,,,,,,,,,,,,,,2,,,,418536,BHD,sell,,,,,,1296,sqm,24,Zinj,26.2102108001709,50.56403350830078,manama-zinj,AREA,Zinj,5.34.24,,,,,,,7626,https://www.propertyfinder.bh/images/pf_agent/picture/af635ae48579ec38d8ad1935d2d25cbb1d2b6550/desktop,,Mohamed Khaled,mohamedk@icarlton.com,mohamed-khaled,,,,,,English|Arabic,,,mohamedk@icarlton.com,32,Carlton Real Estate,"Office 141, Building 1012, Seef, Road 3621 Block 436, Capital Governorate, PO Box 0",info@icarlton.com,+97336667000,carlton-real-estate-32,,,,,,,,,,,,,,,,,,,,,,,,,,,,,,,,100,,,,,2026-06-05T09:09:08.616835+00:00,
52905196,52905196,Prime Land for Sale in Amwaj Islands SP,"This exceptional commercial land parcel classified as SP (Special Project) is a rare investment opportunity situated in the prestigious Amwaj Islands. Strategically located to offer a blend of high-end business potential and a serene coastal environment, this plot is ideal for developing a signature commercial landmark or a niche luxury project.

Property Details:

• Location: Amwaj Islands

• Property Type: Land

• Land Classification: Special Project (SP)

• Size: 1049 sqm

• Price: 299,223 BHD

• EWA Included: No

Key Features:

• Prime strategic location within the world-class Amwaj development

• Minutes away from The Lagoon featuring international retail and dining

• Excellent connectivity to Bahrain International Airport and Muharraq

• Ready infrastructure including essential street lighting and access

• High capital appreciation potential in a sought-after waterfront community

This plot represents a unique opportunity to secure commercial space in one of Bahrain's most established waterfront districts, perfect for those seeking stability and long-term value.",,,,commercial_sale,,,,,,,,,,,,,,,,,,,,1,,,,299233,BHD,sell,,,,,,1049,sqm,113,Amwaj Avenue,26.29302978515625,50.66474151611328,amwaj-islands-amwaj-avenue,COMMUNITY,Amwaj Avenue,3.44.113,,,,,,,7626,https://www.propertyfinder.bh/images/pf_agent/picture/af635ae48579ec38d8ad1935d2d25cbb1d2b6550/desktop,,Mohamed Khaled,mohamedk@icarlton.com,mohamed-khaled,,,,,,English|Arabic,,,mohamedk@icarlton.com,32,Carlton Real Estate,"Office 141, Building 1012, Seef, Road 3621 Block 436, Capital Governorate, PO Box 0",info@icarlton.com,+97336667000,carlton-real-estate-32,,,,,,,,,,,,,,,,,,,,,,,,,,,,,,,,100,,,,,2026-06-05T09:09:08.616835+00:00,
51826439,51826439,For Sale Commercial Land BD 6| Prime Location,"For Sale Commercial Land BD 6 Floor in Prime Location in Sanabis , near the Dana Mall.

Land Size: 750 SQM.
Category: BD of Six Floors
Feet Price: BHD 30.
Selling Price: BHD 242,190.


Sanabis, located in the suburbs of Manama, Bahrain, is a vibrant area that blends residential, commercial, and cultural elements, making it an attractive location for commercial land investment.​

Strategic Location and Accessibility

Sanabis is strategically situated near key districts such as Seef and the Central Business District, enhancing its appeal for business activities. The area is well-connected to major highways and is in close proximity to the Bahrain International Airport, facilitating easy access for both local and international visitors. ​


Commercial and Retail Hubs

The presence of prominent shopping centers like The Bahrain Mall underscores Sanabis's role as a commercial hub. The Bahrain Mall, covering 70,000 square meters, hosts over 130 retail outlets, restaurants, and entertainment venues, attracting approximately 480,000 visitors monthly. This high footfall indicates a robust retail environment, beneficial for commercial ventures.​


Infrastructure and Amenities

Sanabis offers a range of amenities that support both residential and commercial developments. The area is equipped with supermarkets, petrol stations, hospitals, schools, and entertainment facilities, providing a comprehensive infrastructure that caters to the needs of businesses and residents alike. 
",,,,commercial_sale,,,,,,,,,,,,,,,,,,,,1,,,,242190,BHD,sell,,,,,,750,sqm,100,Sanabis,26.226558685302734,50.5459098815918,manama-sanabis,COMMUNITY,Sanabis,5.34.100,,,,,,,6108,https://www.propertyfinder.bh/images/pf_agent/picture/056475245053c4630522fcb287f66372425d3e8a/desktop,,Abdulla Makhlooq,a.makhlooq@elitehome-bh.com,abdulla-makhlooq,,,,,,English|Arabic,,,a.makhlooq@elitehome-bh.com,1088,Elite Home Real Estate,"Office 0, Building 0, Manama, 0, Capital Governorate, PO Box 0",abd142011@gmail.com,+97366601964,elite-home-real-estate-1088,,,,,,,,,,,,,,,,,,,,,,,,,,,,,,,,100,,,,,2026-06-05T09:09:08.616835+00:00,
52274946,52274946,Mixed-Use | Investment Building,"Exceptional commercial-residential investment in Al Naim, Manama! This well-positioned building offers stable rental income and strong growth potential in Capital Governorate’s mixed-use corridor. Competitively priced for swift acquisition.

Investment Highlights
Steady Rental Income: Earn 900 BD/month from tenants (2 shops + 2 flats).

Prime Location: Block 303, Budaiya Avenue – near Abdulnabi Commercial Centre.

Optimized Land Use: 68.7 m² plot efficiently developed with dual-income streams.

RHB Zoning: Flexible Row Housing Residential Area – B classification supports mixed use.

Location Advantages
Near BIW Business Park: 2-minute walk from major enterprises.

Strategic Connectivity: Direct access to Budaiya Avenue (15 mins to CBD).

Strong Tenant Demand: Surrounded by retail, banking, and logistics firms.

Investor Benefits
High Yield: 8.3% Gross Yield based on rent and market value.

Low Maintenance: Concrete construction with compliance checks.

Appreciation Potential: Near BIW Business Park expansion.

Strategic Location & Connectivity
Located in Bahrain’s vibrant capital, this property sits within a thriving business and residential hub. Al Naim offers an appealing community atmosphere with easy access to major roads, shopping centers, schools, and healthcare facilities.

This versatile investment presents a prime opportunity for buyers seeking strong rental yields in a well-connected neighborhood.",,,,commercial_sale,,,,2,2,,,,PARTLY,,,,,,,,,,,3,,,,120000,BHD,sell,,,,,,69,sqm,40,alnaim,26.228374481201172,50.56666564941406,manama-alnaim,AREA,alnaim,5.34.40,,,,,,,6909,https://www.propertyfinder.bh/images/pf_agent/picture/5e55df399553afec20df2d02b6f7f9194a179b3e/desktop,,Ali Khamis,a.khamis@arrebh.com,ali-khamis,,,,,,English|Arabic|Hindi,,,a.khamis@arrebh.com,1154,Skyscape Real Estate,"Office 0, Building 0, Seef, 0, Capital Governorate, PO Box 0",alikhamis993@gmail.com,+97339160999,skyscape-real-estate-1154,,,,,,,,,,,,,,,,,,,,,,,,,,,,,,,,100,AN,AN,,,2026-06-05T09:09:08.616835+00:00,
964182,964182,Land For Sale In North Riffa,"For Sale: Land Plot

Location: North Riffa

Land Specifications:

Area: 224 sqm

Street Access: (1 street)

Zoning Classification: B3

Price per sqft: BHD 29.9

Additional Features:

Close to Al-Istiqlal Walkway

Total Price: BHD 72,000
-----------------------------------------------------------------------------------
""Effects Real Estate"" is a leading real estate agency specialized in marketing and real estate consultancy in the Kingdom of Bahrain, providing various services to various categories in the real estate market, including individuals, institutions, banks, companies, ministries and government agencies.

Effects Real Estate"" is distinguished by its experience in the real estate field, as it has a qualified team of marketers and real estate consultants, who are fully familiar with the various requirements of the market, and it also has a wide database of various properties that meet the needs of customers in various regions.",,,,commercial_sale,,,,,,,,,,,,,,,,,,,,1,,,,72000,BHD,sell,,,,,,224,sqm,103,North Riffa,26.143957138061523,50.547142028808594,riffa-north-riffa,COMMUNITY,North Riffa,1.49.103,,,,,,,4750,https://www.propertyfinder.bh/images/pf_agent/picture/350fb4ca0405e6194e09ea2ccdf5dec3df66e86c/desktop,,Noaman Al Shajar,Noaman.effectsre@gmail.com,noaman-al-shajar,,,,,,English|Arabic,,,Noaman.effectsre@gmail.com,796,Effects Services,"Office 42, Building 881, Manama, 3618, Capital Governorate, PO Box 0",anwarasaad77@gmail.com,+97339625454,effects-services-796,,,,,,,,,,,,,,,,,,,,,,,,,,,,,,,,97,,,,,2026-06-05T09:09:08.616835+00:00,
936399,936399,Investment Land for Sale in Janabiyah,"Investment Land for Sale in Janabiyah at a Very Attractive Price
_____________________________________________________________________________________________________

- Land Size: 459 sqm  
- Classification: B3 (Investment/Commercial Use)  
- Price per Sqft: BHD 29  
- Total Price: BHD 143,279 
_______________________________________________________________________________________________________

Why Janabiyah?  
Janabiyah is one of Bahrain’s most sought-after areas, known for its strategic location near the Saudi Causeway, shopping malls, international schools, and premium residential compounds. The area blends convenience, prestige, and excellent infrastructure, making it ideal for both residential and commercial development.  

This plot offers a great opportunity for investors looking to build residential apartments, offices, or mixed-use buildings in a growing and high-demand location.",,,,commercial_sale,,,,,,,,,,,,,,,,,,,,1,,,,143279,BHD,sell,,,,,,459,sqm,48,Janabiya,26.185943603515625,50.46711349487305,janabiya,AREA,Janabiya,4.48,,,,,,,3153,https://www.propertyfinder.bh/images/pf_agent/picture/e2b5103d7ada97b440c470df194487ee17be6a92/desktop,,Hesham Ismaeel,hesham@icarlton.com,hesham-ismaeel,,,,,,English|Arabic,,,hesham@icarlton.com,32,Carlton Real Estate,"Office 141, Building 1012, Seef, Road 3621 Block 436, Capital Governorate, PO Box 0",info@icarlton.com,+97336667000,carlton-real-estate-32,,,,,,,,,,,,,,,,,,,,,,,,,,,,,,,,100,,,,,2026-06-05T09:09:08.616835+00:00,
965685,965685,Commercial Land for Sale in Diyar Al Muharraq,"A privileged location in Diyar Al Muharraq, an amazing area where all services and facilities are easily accessible, close to the Bahrain International Airport and the Chinese market. Diyar Al Muharraq is considered one of the integrated areas where all services, facilities, and entertainment are available organized streets Gardens, and parks.


__________________________________________________________________________________________



Land Size: 700 sqm
Land Size: 7,535 sqft
  
** Asking price per sqft: BHD 36.5 
** Total price: BHD 275,000 (negotiable).


________________________________________________________________________________________



Suitable for a commercial building with retail shops and 3 floors of office or residential apartments.
Prime location near Dragon Mall and major commercial hubs
 
                                                     .
________________________________________________________________________________________________________________________",,,,commercial_sale,,,,,,,,,,,,,,,,,,,,3,,,,275000,BHD,sell,,,,,,700,sqm,129,Diyar Al Muharraq,26.31142234802246,50.64306640625,diyar-al-muharraq,COMMUNITY,Diyar Al Muharraq,3.129,,,,,,,3669,https://www.propertyfinder.bh/images/pf_agent/picture/f629328b1ac0296a823c5d310a5c5a4911c13226/desktop,,Hanaa Adel,hanaa@icarlton.com,hanaa-adel,,,,,,English|Arabic,,,hanaa@icarlton.com,32,Carlton Real Estate,"Office 141, Building 1012, Seef, Road 3621 Block 436, Capital Governorate, PO Box 0",info@icarlton.com,+97336667000,carlton-real-estate-32,,,,,,,,,,,,,,,,,,,,,,,,,,,,,,,,94,,,,,2026-06-05T09:09:08.616835+00:00,
52571147,52571147,Industrial Land for Sale in Ras Zuwayed ,"*Industrial Land for Sale in Ras Zuwayed – Ideal for Light Industry Projects*

We are pleased to offer a prime industrial plot located in *Ras Zuwayed*, classified under *Light Industry (LD)* zoning. This area is well-suited for a variety of industrial and logistical uses, offering accessibility and space for development.

*Property Details:*  
- *Location:* Ras Zuwayed  
- *Classification:* LD – Light Industry  
- *Plot Size:* 3,127.3 SQM  
- *Price per SQF:* BHD 9.5  
- *Total Price:* BHD 319,791.443  
- *Street Access:* 2 Roads  
- *Utilities:* Electricity, water, and street lighting available  

*Why Ras Zuwayed?*  
Ras Zuwayed is strategically located in Bahrain’s southern industrial belt. It offers convenient access to key industrial zones, the Alba industrial area, Bahrain International Investment Park (BIIP), and the main highway networks. It’s an ideal location for businesses seeking affordable, well-connected land for manufacturing, storage, or light industrial operations.

For more information or to schedule a viewing, feel free to contact me.  
*Ali Hasan – Carlton Real Estate*",,,,commercial_sale,,,,,,,,,,,,,,,,,,,,1,,,,319791,BHD,sell,,,,,,3127,sqm,269,Ras Zuwayed,26.085487365722656,50.61517333984375,ras-zuwayed,AREA,Ras Zuwayed,1.269,,,,,,,6307,https://www.propertyfinder.bh/images/pf_agent/picture/5c12db1887944d22fd624c12b38deead802765e6/desktop,,Ali Hasan,alihasan@icarlton.com,ali-hasan,,,,,,English|Arabic,,,alihasan@icarlton.com,32,Carlton Real Estate,"Office 141, Building 1012, Seef, Road 3621 Block 436, Capital Governorate, PO Box 0",info@icarlton.com,+97336667000,carlton-real-estate-32,,,,,,,,,,,,,,,,,,,,,,,,,,,,,,,,100,,,,,2026-06-05T09:09:08.616835+00:00,
982773,982773,Main Road | Near Amwaj | B3* Classification,"Galali – Prime Commercial Land for Sale in a Strategic Location

Located directly on a high-traffic main road and just across from Amwaj Islands, this plot offers an excellent opportunity for commercial development in one of Bahrain’s growing areas.

- *Land Size:* 1,248 SQM  
- *Classification:* B3 Commercial  - Flats & shops
- *Price:* BHD 42 per SQM  
- *Frontage:* On the main commercial road  

*Why Galali?*  
Galali is a rapidly developing coastal town known for its accessibility and proximity to key areas like Amwaj Islands, Dilmunia, and Bahrain International Airport. Its growing population and strategic location make it ideal for commercial investment, retail businesses, or mixed-use development.


------------------------------------------------------------------------------------------------------------------------------",,,,commercial_sale,,,,,,,,,,,,,,,,,,,,1,,,,564205,BHD,sell,,,,,,1248,sqm,93,Galali,26.266666412353516,50.650001525878906,galali,AREA,Galali,3.93,,,,,,,6307,https://www.propertyfinder.bh/images/pf_agent/picture/5c12db1887944d22fd624c12b38deead802765e6/desktop,,Ali Hasan,alihasan@icarlton.com,ali-hasan,,,,,,English|Arabic,,,alihasan@icarlton.com,32,Carlton Real Estate,"Office 141, Building 1012, Seef, Road 3621 Block 436, Capital Governorate, PO Box 0",info@icarlton.com,+97336667000,carlton-real-estate-32,,,,,,,,,,,,,,,,,,,,,,,,,,,,,,,,100,,,,,2026-06-05T09:09:08.616835+00:00,
960066,960066,Investment Land for Sale in Al Hajar,"Investment Land for Sale in Al Hajar

A prime investment opportunity in the peaceful and rapidly developing area of Al Hajar. This well-positioned plot is ideal for residential or commercial development, thanks to its strategic classification and growing demand in the area.

Property Details:
- Location: Al Hajar  
- Land Size: 505.3 SQM  
- Classification: B3 (Investment)  
- Price per SQFT: BHD 25  
- Total Price: BHD 136,000  

About Al Hajar:
Al Hajar is located in the Northern Governorate of Bahrain and is known for its quiet, family-friendly environment. It benefits from excellent connectivity to nearby areas such as Saar, Budaiya, and Janabiyah. The area has seen steady development, with modern infrastructure, schools, supermarkets, and health centers, making it a strong choice for investors seeking long-term value.",,,,commercial_sale,,,,,,,,,,,,,,,,,,,,1,,,,136000,BHD,sell,,,,,,505,sqm,285,Al Hajar,26.21320915222168,50.512962341308594,al-hajar,AREA,Al Hajar,4.285,,,,,,,6307,https://www.propertyfinder.bh/images/pf_agent/picture/5c12db1887944d22fd624c12b38deead802765e6/desktop,,Ali Hasan,alihasan@icarlton.com,ali-hasan,,,,,,English|Arabic,,,alihasan@icarlton.com,32,Carlton Real Estate,"Office 141, Building 1012, Seef, Road 3621 Block 436, Capital Governorate, PO Box 0",info@icarlton.com,+97336667000,carlton-real-estate-32,,,,,,,,,,,,,,,,,,,,,,,,,,,,,,,,100,,,,,2026-06-05T09:09:08.616835+00:00,
51692464,51692464,Prime location | 8 Studio Flats | 2 Story,"A great opportunity for investors looking to acquire an income-generating property in a strategic and well-established area. This residential building is located in Bu Ghazal, one of the convenient and central neighborhoods, just a short distance from Abdulrahman Kanoo Commercial Street, a vibrant area known for its shops, services, and daily amenities. The location provides easy access to major roads, making it highly attractive for tenants seeking convenience and accessibility.
The property sits on a land area of 267.5 square meters, equivalent to approximately 2,879 square feet, and is designed as a residential building consisting of multiple studio units. The building currently contains eight very spacious studio apartments, each thoughtfully designed to provide comfortable living space for tenants.
Every studio unit includes:
One spacious room that can serve as both a bedroom and living area
A private bathroom
An open kitchen layout
The studios are larger than typical studio apartments, making them more attractive for long-term tenants such as working professionals or individuals looking for affordable yet comfortable housing in a central location.
One of the practical advantages of this property is that each studio has its own separate entrance, providing privacy and convenience for residents. This layout allows the building to function efficiently as a multi-tenant rental property while giving tenants the feeling of independent living.
Currently, the building operates with one electricity meter, which means electricity and water are typically managed by the owner and included within the rental price. This setup is commonly used in studio rental buildings and simplifies the billing process for tenants.",,,,commercial_sale,,,,7+,7+,,,,NO,,,,,,,,,,,1,,,,135000,BHD,sell,,,,,,267,sqm,90,Um Al Hasam,26.203079223632812,50.594947814941406,manama-um-al-hasam,AREA,Um Al Hasam,5.34.90,,,,,,,6647,https://www.propertyfinder.bh/images/pf_agent/picture/738458e1c2e4bc60820d88244e5eaceb2005ab6e/desktop,,Ammar Zekrait,ammarzikrat@gmail.com,ammar-zekrait,,,,,,English|Arabic|Hindi,,,ammarzikrat@gmail.com,600,DAMAC REALESTATE ESTABLISHMENT,"Office 24, Building 1495, Tubli, 1127, Central Governorate, ",ammarzikrat@gmail.com,+97339922003,damac-realestate-establishment-600,,,,,,,,,,,,,,,,,,,,,,,,,,,,,,,,90,BA|SE,BA|SE,,,2026-06-05T09:09:08.616835+00:00,
999353,999353,Prime location | On Two Roads | Great ROI,"مبنى استثماري مميز للبيع في مدينة عيسى
 بالقرب من منطقة الأهالي
 يقع على شارعين وزاوية – موقع نادر ومطلوب
تفاصيل المبنى:
عدد الشقق: 6 شقق
حالة المبنى: ممتازة
موقع استثماري حيوي وقريب من جميع الخدمات
الدخل:
المدخول الحالي: 780 دينار بحريني
في حال تأجير المبنى بالكامل: يصل إلى 900 دينار بحريني
مميزات إضافية:
موقع استثماري مرغوب جدًا
سهولة التأجير
مناسب للمستثمرين الباحثين عن دخل ثابت
زاوية وعلى شارعين تزيد من قيمة العقار مستقبلًا
 السعر المطلوب: 160,000 دينار بحريني
For Sale – Excellent Investment Building in Isa Town
 Located near Al-Ahali area
 Corner building with two street frontage
 Prime and highly desirable investment location
Property Details:
Total units: 6 apartments
Building condition: Very good
Strategic location close to all services
Income:
Current monthly income: BHD 780
Full occupancy potential income: Up to BHD 900
Highlights:
Strong rental demand
Ideal for long-term investment
Corner location adds extra value
Stable and attractive return
Asking Price: BHD 160,000",,,,commercial_sale,,,,6,6,,,,NO,,,,,,,,,,,1,,,,160000,BHD,sell,,,,,,220,sqm,258,Isa Town,26.16529655456543,50.552181243896484,isa-town,AREA,Isa Town,2.258,,,,,,,6647,https://www.propertyfinder.bh/images/pf_agent/picture/738458e1c2e4bc60820d88244e5eaceb2005ab6e/desktop,,Ammar Zekrait,ammarzikrat@gmail.com,ammar-zekrait,,,,,,English|Arabic|Hindi,,,ammarzikrat@gmail.com,600,DAMAC REALESTATE ESTABLISHMENT,"Office 24, Building 1495, Tubli, 1127, Central Governorate, ",ammarzikrat@gmail.com,+97339922003,damac-realestate-establishment-600,,,,,,,,,,,,,,,,,,,,,,,,,,,,,,,,90,SE,SE,,,2026-06-05T09:09:08.616835+00:00,
993509,993509,Prime location | Commercial | Great ROI,"للبيع بناية استثمارية – دخل ثابت – رأس زويد
Building No. 1927
 الموقع: رأس زويد – مجمع 952 – طريق 5233
المساحة الكلية للبناية: 1547 متر مربع
 عدد الطوابق: أرضي + أول + ثاني + روف
 الدخل الشهري: 7,555 دينار بحريني
 فرصة استثمارية قوية بعائد ممتاز ودخل منتظم
تفاصيل الوحدات:
 الطابق الأرضي (محلات تجارية):
8 محلات متنوعة تشمل:
مطاعم
سوبر ماركت
ورشة جرافيك
محل حلاقة
مخزن
محل أدوات مستعملة
إجمالي الدخل: 2,655 د.ب
 الطابق الأول:
4 شقق كبيرة (3 إلى 6 غرف + مطبخ + 4 إلى 7 حمامات)
إجمالي الدخل: 2,250 د.ب
 الطابق الثاني:
3 شقق (4 غرف + مطبخ + 5 حمامات)
إجمالي الدخل: 1,800 د.ب
 الروف:
شقة (3 غرف + مطبخ + 4 حمامات)
الدخل: 350 د.ب
 مميزات إضافية:
عدد العدادات: 14 كهرباء + 2 ماء
جميع الوحدات مؤجرة
دخل شهري ثابت
موقع حيوي وقريب من الخدمات
طلب عالي على المحلات والشقق بالمنطقة
مناسبة للاستثمار طويل المدى أو إعادة التطوير",,,,commercial_sale,,,,none,none,,,,YES,,,,,,,,,,,1,,,,750000,BHD,sell,,,,,,1547,sqm,269,Ras Zuwayed,26.085487365722656,50.61517333984375,ras-zuwayed,AREA,Ras Zuwayed,1.269,,,,,,,6647,https://www.propertyfinder.bh/images/pf_agent/picture/738458e1c2e4bc60820d88244e5eaceb2005ab6e/desktop,,Ammar Zekrait,ammarzikrat@gmail.com,ammar-zekrait,,,,,,English|Arabic|Hindi,,,ammarzikrat@gmail.com,600,DAMAC REALESTATE ESTABLISHMENT,"Office 24, Building 1495, Tubli, 1127, Central Governorate, ",ammarzikrat@gmail.com,+97339922003,damac-realestate-establishment-600,,,,,,,,,,,,,,,,,,,,,,,,,,,,,,,,90,SE,SE,,,2026-06-05T09:09:08.616835+00:00,
932029,932029,7 shops | 12 flats | prime location in jidlai ,"Prime Commercial Building for Sale in Jid Ali – Dual Road Access & Corner Location

An exceptional investment opportunity awaits in the vibrant and centrally located area of Jid Ali. This commercial property sits on a generous plot of 588 square meters and boasts a corner location with access from two roads, enhancing visibility, accessibility, and long-term value. Positioned in a lively and high-traffic area, this building is ideal for investors seeking a stable and high-yielding asset in one of Bahrain’s most sought-after commercial districts.

Property Features:

Land Area: 588 square meters

Corner Plot with Dual Road Access – High exposure and easy customer flow

Location: Jid Ali – Strategic central location, surrounded by retail outlets, restaurants, residential communities, and essential services


Building Composition:

7 Commercial Shops
Located on the ground floor, these shops enjoy direct street access and are ideal for various retail and service businesses such as groceries, salons, cafes, boutiques, and more. The shops are currently leased and generate consistent rental income, benefiting from steady foot traffic.

9 Two-Bedroom Apartments
Spread across the upper floors, these residential units offer spacious layouts with two bedrooms, a living room, kitchen, and bathrooms. The apartments are well-maintained, suitable for families and working professionals, and are consistently in high demand due to the building's prime location.

3 Three-Bedroom Apartments
These larger units provide ample living space and are perfect for bigger families or shared rentals. Each unit includes three bedrooms, a living and dining area, kitchen, and bathrooms, ensuring comfort and functionality for residents.

Sturdy Construction & Well-Maintained Infrastructure
The property has been constructed ",,,,commercial_sale,,,,none,none,,,,NO,,,,,,,,,,,1,,,,650000,BHD,sell,,,,,,588,sqm,53,Jid Ali,26.179166793823242,50.56222152709961,jid-ali,AREA,Jid Ali,2.53,,,,,,,6647,https://www.propertyfinder.bh/images/pf_agent/picture/738458e1c2e4bc60820d88244e5eaceb2005ab6e/desktop,,Ammar Zekrait,ammarzikrat@gmail.com,ammar-zekrait,,,,,,English|Arabic|Hindi,,,ammarzikrat@gmail.com,600,DAMAC REALESTATE ESTABLISHMENT,"Office 24, Building 1495, Tubli, 1127, Central Governorate, ",ammarzikrat@gmail.com,+97339922003,damac-realestate-establishment-600,,,,,,,,,,,,,,,,,,,,,,,,,,,,,,,,90,SE,SE,,,2026-06-05T09:09:08.616835+00:00,
932392,932392,Prime Commercial Building in Salmaba,"For Sale: Prime Commercial Building in Salmabad – Excellent Investment Opportunity

We are pleased to present an exceptional investment opportunity in the heart of Salmabad – a newly constructed commercial building strategically located opposite the main road, directly facing a petrol station and the renowned AMA University. This property offers an ideal mix of retail and office rental spaces, making it a highly lucrative option for investors seeking consistent income in a high-demand area.

Property Details:

Location: Salmabad, opposite the main road

Nearby Landmarks: Petrol Station and AMA International University

Land Area: 572 square meters

Status: Brand new construction

Asking Price: BHD 450,000 (negotiable within reason)



---

Building Composition:

This commercial building is designed to provide a modern, professional space suitable for a variety of tenants. It consists of the following:

Retail Units (Mezzanine Shops):

Number of Shops: 2

Each Shop Size: 100 square meters

Features: Double-height design with mezzanine floors, offering ideal space for retail, showrooms, or service businesses. These shops are street-facing and enjoy high visibility, ideal for attracting walk-in customers from the busy main road.


Office Apartments:

Number of Office Units: 9

Each Office Size: 70 square meters

Layout of Each Office:

2 Rooms

2 Bathrooms

1 Hall

1 Kitchen


These offices are fully designed for business use and can accommodate small companies, startups, consultancies, or service providers. Each unit is spacious, well-lit, and designed with a professional layout to meet business requirements.



---

Rental Income:

Total Monthly Income: BHD 3,400

This includes rental income from both the commercial shops and the office apartments.

The property is currently generating stable and consistent income, making it a ready-to-go investment with immediate returns.
",,,,commercial_sale,,,,none,none,,,,NO,,,,,,,,,,,1,,,,450000,BHD,sell,,,,,,572,sqm,6,Salmabad,26.183332443237305,50.516666412353516,salmabad,AREA,Salmabad,2.6,,,,,,,6647,https://www.propertyfinder.bh/images/pf_agent/picture/738458e1c2e4bc60820d88244e5eaceb2005ab6e/desktop,,Ammar Zekrait,ammarzikrat@gmail.com,ammar-zekrait,,,,,,English|Arabic|Hindi,,,ammarzikrat@gmail.com,600,DAMAC REALESTATE ESTABLISHMENT,"Office 24, Building 1495, Tubli, 1127, Central Governorate, ",ammarzikrat@gmail.com,+97339922003,damac-realestate-establishment-600,,,,,,,,,,,,,,,,,,,,,,,,,,,,,,,,90,CP|AC,CP|AC,,,2026-06-05T09:09:08.616835+00:00,
52830658,52830658,Commercial Warehouse and Freezer - Easy Access,"Commercial warehouse and Freezer for Sale in Sitra at a prime location with big storage area.


----------------------------------------------------------------------------------------------------

- warehouse Classification: 

- Land Size: 2787.3 sqm
- Total Price: 1,500,00 BD  

For more information, please contact us on +97332225528 or +97317000287.

---------------------------------------------------------------------------------------------------

Underhill Real Estate is a real estate brokerage company certified by the Real Estate Regulatory Authority (RERA) in Bahrain. We offer a comprehensive range of residential and commercial properties for sale and leasing across many areas in Bahrain.


---------------------------------------------------------------------------------------------------",,,,commercial_sale,,,,7+,7+,,,,YES,,,,,,,,,,,3,,,,1500000,BHD,sell,,,,,,2787,sqm,69,Sitra,26.162988662719727,50.6124267578125,sitra,AREA,Sitra,2.69,,,,,,,4873,https://www.propertyfinder.bh/images/pf_agent/picture/35a2bd364245f51f3a8a22f8400f0c2cede50c8a/desktop,,Ahmed Alkuwaiti,a.alkuwaiti@underhill.bh,ahmed-alkuwaiti,,,,,,English|Arabic,,,a.alkuwaiti@underhill.bh,449,Underhill Real Estate,"Office 1805, Building 1565, Manama, 1722 Diplomatic Area, Capital Governorate, PO Box 11155",m.abul@underhill.bh,+97317000287,underhill-real-estate-449,,,,,,,,,,,,,,,,,,,,,,,,,,,,,,,,90,CP|CR|AN|DN,CP|CR|AN|DN,,,2026-06-05T09:09:08.616835+00:00,
1002240,1002240,Building with Shops - Visible on Main Road,"For Sale Commercial building on 2 Roads with income in Um Alhassam, main commercial road.
Suitable for Business like, Banks, Telcom Companys, Restaurants, Cafes, Spa & Salon etc...

Close to all the services needed such malls, restaurants, supermarkets The land is in one of the best areas.

- Land Classification: BD (Investment Buildings -D)
- Building Percentage: 300%

- Land Size: 929 sqm

The land is located in close proximity to:

- Located in the heart of the commercial area
- Mina Salman Avenue 
- Adliya
- Restaurants
- Miscellaneous shops
- Al Fatih Highway
- Easy Access to main Highway

For more information or personal viewings, please contact us on +97332225528 or +97317000287.

---------------------------------------

Underhill Real Estate is a real estate brokerage company certified by the Real Estate Regulatory Authority (RERA) in Bahrain. We offer a comprehensive range of residential and commercial properties for sale and leasing across many areas in Bahrain. We provide the best and cost-effective real estate solutions to our clients.",,,,commercial_sale,,,,4,4,,,,YES,,,,,,,,,,,2,,,,1000000,BHD,sell,,,,,,929,sqm,90,Um Al Hasam,26.203079223632812,50.594947814941406,manama-um-al-hasam,AREA,Um Al Hasam,5.34.90,,,,,,,4873,https://www.propertyfinder.bh/images/pf_agent/picture/35a2bd364245f51f3a8a22f8400f0c2cede50c8a/desktop,,Ahmed Alkuwaiti,a.alkuwaiti@underhill.bh,ahmed-alkuwaiti,,,,,,English|Arabic,,,a.alkuwaiti@underhill.bh,449,Underhill Real Estate,"Office 1805, Building 1565, Manama, 1722 Diplomatic Area, Capital Governorate, PO Box 11155",m.abul@underhill.bh,+97317000287,underhill-real-estate-449,,,,,,,,,,,,,,,,,,,,,,,,,,,,,,,,90,AN,AN,,,2026-06-05T09:09:08.616835+00:00,
1002243,1002243,Commercial Rented Villa - Classification (B6),"Great Investment opportunity for people seeking to buy a leased property. The villa land classification is classified as Investment Buildings D which makes it even a greater opportunity for investors. 

The villa is rented for BD 1,800 net per month.

Land Classification: BD (Investment Buildings D) (6 ٍStorey Building + up to 4 floors for Facilities)

Plot Size: 663 sqm
Built-up Area: 1,200 sqm 

The Villa consists of:

- 5 Bedrooms
- 5 Bathrooms
- 3 Living rooms
- Majles
- 2 Kitchens
- Balcony
- Central Air-conditioning
- Servant Quarter
- 2 Car Parks plus outside parking
- Garden

Villa Description: 

Ground Floor:

- 2 Living rooms
- 1 Majles 
- 2 Bathrooms
- 2 Kitchens
- Servants Quarter
- Garden

2nd Floor:

- 5 Bedrooms
- 3 Bathrooms
- 1 Living room
- Balcony

The Villa is in close proximity to the following:

- 2 minutes drive to Al Jazira Supermarket
- 2 minutes drive Galleria Mall
- Right next to Sixty Six Building
- 1 minute to Global Education Centre

Do not hesitate to contact us on +97332225528 or +97317000287 if you require any further information.

----------------------------------------------------------------------------------------",,,,commercial_sale,,,,7,7,,,,YES,,,,,,,,,,,3,,,,450000,BHD,sell,,,,,,663,sqm,90,Um Al Hasam,26.203079223632812,50.594947814941406,manama-um-al-hasam,AREA,Um Al Hasam,5.34.90,,,,,,,4873,https://www.propertyfinder.bh/images/pf_agent/picture/35a2bd364245f51f3a8a22f8400f0c2cede50c8a/desktop,,Ahmed Alkuwaiti,a.alkuwaiti@underhill.bh,ahmed-alkuwaiti,,,,,,English|Arabic,,,a.alkuwaiti@underhill.bh,449,Underhill Real Estate,"Office 1805, Building 1565, Manama, 1722 Diplomatic Area, Capital Governorate, PO Box 11155",m.abul@underhill.bh,+97317000287,underhill-real-estate-449,,,,,,,,,,,,,,,,,,,,,,,,,,,,,,,,90,CP|LB|CR|AN|BA|SE,CP|LB|CR|AN|BA|SE,,,2026-06-05T09:09:08.616835+00:00,
53682429,53682429,Commercial Land for Sale In Al-Aker Al-Gharbi Loca,"Commercial Land for Sale
In Al-Aker Al-Gharbi
Located on two streets and a corner plot
Area: 329.8 sq m
Asking Price: BD 39,437 per sq ft
Classification: RB Commercial
Total Price: BD 140,000
36459593 Nizar Al-Sagheer
39993932 Abdul Fattah Hassan
Masar Al-Mustaqbal Real Estate
All properties wanted directly from owners
@masar.bh
#CommercialLand #AlAkerAlGharbi #Bahrain #BahrainRealEstate #ForSaleBahrain #MasarAlMustaqbal #RealEstateInvestment #RealEstate #InvestmentOpportunity #RBCommercial",,,,commercial_sale,,,,,,,,,,,,,,,,,,,,1,,,,140000,BHD,sell,,,,,,329,sqm,19,Eker,26.143688201904297,50.60297393798828,eker,AREA,Eker,2.19,,,,,,,6368,https://www.propertyfinder.bh/images/pf_agent/picture/95a2e2429d6b104ab5fc520845493addf1bb5974/desktop,,Abdulfattah Ali,Future7366@gmail.com,abdulfattah-ali,,,,,,English|Arabic,,,Future7366@gmail.com,1125,Masar Al Mustaqbal Real Estate,"Office 22, Building 584, Saar, 5314, Northern Governorate, PO Box 000",future7366@gmail.com,+97339993932,abdulfattah-hasan-abdulla-ali-1125,,,,,,,,,,,,,,,,,,,,,,,,,,,,,,,,95,,,,,2026-06-05T09:09:08.616835+00:00,
955726,955726,HOT DEAL FOR INVESTMENT | PRIME LOCATION,"GOOD OPPORTUNITY FOR INVESTMENT !!

For sale: Two attached buildings commercial and residential in the Jid Ali area on a busy street.

Land area: 759.6 square meters
Total built-up area: 22,059 square meters

 The commercial building consists of:
- 6 shops
- 4 apartments with 3 bedrooms and 2 bathrooms
- 3 studios
Total income: 2,945 dinars

 The residential building consists of:
- 1 apartment with 7 bedrooms and 7 bathrooms
- 3 apartments with 2 bedrooms and 2 bathrooms
- 1 apartment with 4 bedrooms and 4 bathrooms
- 2 studios
Total income: 2,185 dinars

Electricity and water costs for the owner are approximately 550 dinars per month

Total income: 5,130 dinars per month
Annual income for the two buildings: 61,560 dinars
Income ratio: 10%

Sale price: 575,000 dinars

------------------------------------------------------------------------------------------------------------------------------


For more information and viewing of this property, please call our Property Consultant,, Mr. Masoud Ali, on mobile: 36504499.

For our latest properties, please follow us on our social media accounts:
Facebook, Instagram, Twitter & YouTube: @iCarltonBahrain

And visit our website
For all our property updates.",,,,commercial_sale,,,,7+,7+,,,,YES,,,,,,,,,,,3,,,,575000,BHD,sell,,,,,,759,sqm,53,Jid Ali,26.179166793823242,50.56222152709961,jid-ali,AREA,Jid Ali,2.53,,,,,,,6936,https://www.propertyfinder.bh/images/pf_agent/picture/92055355ef2c8abe9b8096c3e1632471d2913751/desktop,,Masoud Ali Ebrahim,masoud@icarlton.com,masoud-ali-ebrahim,,,,,,English|Arabic,,,masoud@icarlton.com,32,Carlton Real Estate,"Office 141, Building 1012, Seef, Road 3621 Block 436, Capital Governorate, PO Box 0",info@icarlton.com,+97336667000,carlton-real-estate-32,,,,,,,,,,,,,,,,,,,,,,,,,,,,,,,,90,BA,BA,,,2026-06-05T09:09:08.616835+00:00,
958149,958149,GREAT DEAL FOR INVESTMENT | PRIME LOCATION ,"COMMERCIAL BUILDING FOR SALE IN TUBLI


Key Features:
Land Size 1,365.3 SQM
Units: 14 Two-bedroom Flats and 2 Showrooms

Average Area:
#Flats: 130 Square Meters

#Showrooms: 396 Square Meters (Including Mezzanine)

Average Rent:
Flats: BD 280 to 300 Per Month
Shops: BD 1,500 to 2,000 Per Month

Parking Spaces:

Flats: 14 Shaded Parking Spaces

Shops: 10 Parking Spaces (5 Each at front of the building)

Monthly Income is: BD7000

Expected Annual Gross Income: BHD 85,000


Tenant Profile: The building is home to a diverse mix of nationalities, enhancing the community's vibrancy.
Location Advantages: Situated near well-known establishments, leisure spots, grocery stores, and dining options, including the Tubli Walkway, Ansar Gallery, Al Anwar Centre, and Adhari Park. The area is rapidly developing, with exciting new venues on the horizon.


Additional Opportunity: The building features an extra floor currently not in use, which can be converted into additional apartments to generate extra rental income.
ASKING PRICE: 1.3 M ( NEGOTUABLE )

For more information and viewing of this property, please call our Property Consultant,, Mr. Masoud Ali, on mobile: 36504499.

For our latest properties, please follow us on our social media accounts:
Facebook, Instagram, Twitter & YouTube: @iCarltonBahrain

And visit our website
For all our property updates.

",,,,commercial_sale,,,,7+,7+,,,,YES,,,,,,,,,,,1,,,,1300000,BHD,sell,,,,,,1365,sqm,98,Tubli,26.188888549804688,50.54999923706055,tubli,AREA,Tubli,2.98,,,,,,,6936,https://www.propertyfinder.bh/images/pf_agent/picture/92055355ef2c8abe9b8096c3e1632471d2913751/desktop,,Masoud Ali Ebrahim,masoud@icarlton.com,masoud-ali-ebrahim,,,,,,English|Arabic,,,masoud@icarlton.com,32,Carlton Real Estate,"Office 141, Building 1012, Seef, Road 3621 Block 436, Capital Governorate, PO Box 0",info@icarlton.com,+97336667000,carlton-real-estate-32,,,,,,,,,,,,,,,,,,,,,,,,,,,,,,,,90,CP|SE,CP|SE,,,2026-06-05T09:09:08.616835+00:00,
955732,955732,GOOD DEAL FOR INVESTMENT | PRIME LOCATION,"
Residential building for sale in Um Al Hasam, near Ibn Al Nafees Hospital and Galleria Mall.

Land area: 333.8 square meters
Total building area (4 floors): 12,881 square feet
- Ground floor: 2 apartments and 2 studios
- First floor: 3 apartments (1 office apartment and 2 residential apartments)
- Second floor: 3 studio apartments and 2 residential apartments
- Third floor: 4 residential apartments

# The office apartment consists of two bedrooms, two bathrooms, a large living room, and a kitchen
# The residential apartments and studios are fully furnished and consist of a bedroom, a bathroom, and a kitchen.
# Maintenance: Regular and continuous maintenance of the entire building, both inside and out.
# Elevator: Annual maintenance for 165 BHD.
# The building is equipped with surveillance and security cameras at the entrance and parking areas.

Monthly building income: 3,260 BHD.
Annual building income: 39,120 BHD.

Annual income rate: 9%.

Sale price: 450,000 BHD.

-----------------------------------------------------------------------------------------------------------------------------


For more information and viewing of this property, please call our Property Consultant,, Mr. Masoud Ali, on mobile: 36504499.

For our latest properties, please follow us on our social media accounts:
Facebook, Instagram, Twitter & YouTube: @iCarltonBahrain

And visit our website
For all our property updates.


",,,,commercial_sale,,,,7+,7+,,,,YES,,,,,,,,,,,1,,,,450000,BHD,sell,,,,,,333,sqm,90,Um Al Hasam,26.203079223632812,50.594947814941406,manama-um-al-hasam,AREA,Um Al Hasam,5.34.90,,,,,,,6936,https://www.propertyfinder.bh/images/pf_agent/picture/92055355ef2c8abe9b8096c3e1632471d2913751/desktop,,Masoud Ali Ebrahim,masoud@icarlton.com,masoud-ali-ebrahim,,,,,,English|Arabic,,,masoud@icarlton.com,32,Carlton Real Estate,"Office 141, Building 1012, Seef, Road 3621 Block 436, Capital Governorate, PO Box 0",info@icarlton.com,+97336667000,carlton-real-estate-32,,,,,,,,,,,,,,,,,,,,,,,,,,,,,,,,90,CP|SE,CP|SE,,,2026-06-05T09:09:08.616835+00:00,
959229,959229,HOT DEAL FOR INVESTMENT | PRIME LOCATION,"FOR SALE RESIDENTIAL & COMMERCIAL BUILDING IN SALAMNIYA AREA.

THE BUILDING IS LOCATED OPPOSITE TO SALAMNIYA HOSPITAL FROM THE EAST SIDE.

LAND SIZE: 903SQM

THE BUILDING CONSISTS OF:

RESIDENTIAL UNITS:
* 21 APARTMENTS:
# 8 ONE - BEDROOM APARTMENTS: ONE BEDROOM - ONE BATHROOM - LIVING ROOM & KITCHEN
# 12 TWO - BEDROOM APARTMENTS: TWO BEDROOMS - TWO BATHROOMS - LIVING ROOM & KITCHEN.
# STUDIO APARTMENT: COMBINES A BEDROOM - LIVING AREA AND KITCHEN INTO A SINGLE OPEN SPACE.

COMMERCIAL SPACES:
* SHOWROOM
* RETAIL SHOP

AMINITIES & FACILITIES:
* CONFERENCE ROOM
* RESTROOMS & PANTRY
* COFFEE SHOP
* HEALTH CLUB WITH POOL
* HOUSKEEPING OFFICE
* HALL AREA

CURRENT INCOME IS NEAR BD5000 MONTHLY
POTENTIAL INCOME NEAR BD11K

SALE PRICE: BD1.2 MILLION ( NEGOTIABLE )

-------------------------------------------------------------------------------------------------------------------------------

For more information and viewing of this property, please call our Property Consultant,, Mr. Masoud Ali, on mobile: 36504499.

For our latest properties, please follow us on our social media accounts:
Facebook, Instagram, Twitter & YouTube: @iCarltonBahrain

And visit our website
For all our property updates.

",,,,commercial_sale,,,,7+,7+,,,,YES,,,,,,,,,,,3,,,,1200000,BHD,sell,,,,,,903,sqm,58,Salmaniya,26.219327926635742,50.579288482666016,manama-salmaniya,AREA,Salmaniya,5.34.58,,,,,,,6936,https://www.propertyfinder.bh/images/pf_agent/picture/92055355ef2c8abe9b8096c3e1632471d2913751/desktop,,Masoud Ali Ebrahim,masoud@icarlton.com,masoud-ali-ebrahim,,,,,,English|Arabic,,,masoud@icarlton.com,32,Carlton Real Estate,"Office 141, Building 1012, Seef, Road 3621 Block 436, Capital Governorate, PO Box 0",info@icarlton.com,+97336667000,carlton-real-estate-32,,,,,,,,,,,,,,,,,,,,,,,,,,,,,,,,90,BA|SE,BA|SE,,,2026-06-05T09:09:08.616835+00:00,
52327319,52327319,Commercial Plot - 3 Road - B4* @Jaw,"For Sale Commercial Land in Jaw :
Land size :844 sqm 
                  : 9,084.82 Sqft

Price per Sqft : 22 bd 

For more information or personal viewings, please contact us on +97332225528 or +97317000287.",,,,commercial_sale,,,,,,,,,,,,,,,,,,,,1,,,,200000,BHD,sell,,,,,,844,sqm,302,Jaww,26.000404357910156,50.616973876953125,jaww,AREA,Jaww,1.302,,,,,,,4873,https://www.propertyfinder.bh/images/pf_agent/picture/35a2bd364245f51f3a8a22f8400f0c2cede50c8a/desktop,,Ahmed Alkuwaiti,a.alkuwaiti@underhill.bh,ahmed-alkuwaiti,,,,,,English|Arabic,,,a.alkuwaiti@underhill.bh,449,Underhill Real Estate,"Office 1805, Building 1565, Manama, 1722 Diplomatic Area, Capital Governorate, PO Box 11155",m.abul@underhill.bh,+97317000287,underhill-real-estate-449,,,,,,,,,,,,,,,,,,,,,,,,,,,,,,,,89,,,,,2026-06-05T09:09:08.616835+00:00,
982812,982812,New Hidd | RB Zoning | Dual Street Frontage,"This premium investment land is strategically located in the heart of New Hidd, offering an exceptional opportunity for developers and investors. The property is situated in a high-demand area with a unique advantage of having dual frontage on two streets (front and back), providing superior accessibility and flexible architectural design options. As a freehold property available for all nationalities, it represents a secure and lucrative asset in one of the most rapidly developing zones near the Prince Khalifa Bin Salman Highway.
The plot spans 459.1 square meters and carries the RB zoning classification, making it ideal for a high-yield residential or investment project. Its proximity to essential services and major transport links ensures high occupancy rates and steady capital appreciation. This commercial land for sale is positioned to benefit from the continuous infrastructure growth in Al Hidd, offering a prime investment opportunity for those looking to establish a sophisticated commercial development or a premium residential building in a vibrant neighborhood.
Key Features
•	Dual street frontage front and back access
•	Freehold ownership for all nationalities
•	Prime location in high growth New Hidd area
•	Excellent accessibility to main highways
•	Strategic RB zoning for investment projects
•	Close proximity to all essential public services
•	High visibility and architectural flexibility
•	Strong potential for capital appreciation
Property Details
•	Property Type: Investment Land
•	Ownership: Freehold (All Nationalities)
•	Location: New Hidd, Al Hidd
•	Zoning: RB
•	Land Size: 459.1 sqm
•	Price per sq ft: BHD 23 (Negotiable)
•	Total Price: BHD 113,660

Freehold investment land, Commercial land for sale, New Hidd, Al Hidd, Residential development, Investment opportunity, Dual street plot, RB zoning land, Bahrain Real Estate, Plot for sale.
",,,,commercial_sale,,,,,,,,,,,,,,,,,,,,1,,,,113660,BHD,sell,,,,,,459,sqm,32,Hidd,26.21263313293457,50.67418670654297,hidd,AREA,Hidd,3.32,,,,,,,7243,https://www.propertyfinder.bh/images/pf_agent/picture/9e28112a0470143d5b784437a2cb763af8e2949a/desktop,,Samer Mohammed,casabilla22@gmail.com,samer-mohammed,,,,,,English|Arabic,,,casabilla22@gmail.com,1226,Casabilla Real Estate,"Office 34, Building 1849, AL Hidd, 1121, Muharraq Governorate, PO Box 111",casabilla22@gmail.com,+97333525804,casabilla-real-estate-v2-1226,,,,,,,,,,,,,,,,,,,,,,,,,,,,,,,,100,,,,,2026-06-05T09:09:08.616835+00:00,
982839,982839,Investment Land |New Hidd |Corner Plot|  freehoold,"Residential Investment Land for Sale in New Hidd – Corner Plot | 385 sqm
A golden opportunity for investors and developers! We are offering a prime piece of residential investment land in the heart of the New Hidd area. This land is perfectly situated on two streets and a corner, providing maximum flexibility for architectural design, excellent natural light, and easy accessibility. Located in a high-demand neighborhood, this plot is just minutes away from essential services, retail hubs, and major transport links.
Key Land Features:
•	Prime Corner Location: Situated on two open streets and a corner, offering a prominent frontage.
•	Investment Classification: Classified as B6 - BD, making it ideal for high-end residential projects or apartment buildings.
•	Close to Amenities: Strategically located near supermarkets, schools, parks, and all essential public facilities.
•	High Development Potential: The dual-frontage layout allows for multiple entrances and efficient use of space for parking and building footprints.
•	Vibrant Neighborhood: New Hidd is one of the most rapidly growing residential areas, ensuring high ROI and property value appreciation.
Property Details:
•	Plot Area: 385 sqm (Approximately 4,144 sqft)
•	Land Classification: B6 - BD (Residential Investment)
•	Price per Square Foot: BHD 37 (Thirty-Seven Bahraini Dinars)
•	Total Selling Price: BHD 152,138 (One Hundred Fifty-Two Thousand, One Hundred Thirty-Eight Dinars)
•	Negotiability: The price is negotiable for serious buyers.
",,,,commercial_sale,,,,,,,,,,,,,,,,,,,,1,,,,152138,BHD,sell,,,,,,385,sqm,32,Hidd,26.21263313293457,50.67418670654297,hidd,AREA,Hidd,3.32,,,,,,,7243,https://www.propertyfinder.bh/images/pf_agent/picture/9e28112a0470143d5b784437a2cb763af8e2949a/desktop,,Samer Mohammed,casabilla22@gmail.com,samer-mohammed,,,,,,English|Arabic,,,casabilla22@gmail.com,1226,Casabilla Real Estate,"Office 34, Building 1849, AL Hidd, 1121, Muharraq Governorate, PO Box 111",casabilla22@gmail.com,+97333525804,casabilla-real-estate-v2-1226,,,,,,,,,,,,,,,,,,,,,,,,,,,,,,,,100,,,,,2026-06-05T09:09:08.616835+00:00,
982771,982771,Freehold Commercial Land for Sale in New Hidd ,"Description Prime Investment Opportunity in New Hidd Presenting a strategic investment opportunity to acquire a freehold commercial land situated in the rapidly developing district of New Hidd, Al Hidd. This premium plot is positioned to offer maximum exposure for commercial development, benefiting from its strategic location and high visibility.
Strategic Location and Connectivity The property is ideally located with direct frontage on the main road, ensuring seamless connectivity to the Prince Khalifa Bin Salman Highway. Its proximity to the Saudi Causeway and major industrial hubs makes it an elite choice for investors seeking a high-traffic location for their next project.
Versatile Development Potential With a generous land size of 1,209 sqm and a versatile zoning classification (BC – B10), this commercial land for sale provides a solid foundation for various projects. The zoning allows for sophisticated commercial or mixed-use developments, catering to the growing demand for high-end business and residential integration in the area.
Investment Highlights This land represents a secure investment in Bahrain’s growing real estate market. Offered at a competitive price of BHD 52 per square foot (negotiable), it aligns with market trends for freehold commercial land in Al Hidd. The property is open for ownership to all nationalities, further enhancing its liquidity and long-term value appreciation.
Property Specifications
•	Property Type: Commercial Land
•	Ownership: Freehold (All Nationalities)
•	Location: New Hidd, Al Hidd
•	Zoning: BC – B10
•	Land Size: 1,209 sqm
•	Price per sq ft: BHD 52 (Negotiable)
Key Features
•	Main road frontage with high visibility
•	Direct access to Prince Khalifa Bin Salman Highway
•	Easy access to Saudi Causeway and Khalifa Bin Salman Port
•	Suitable for commercial and mixed-use projects
•	High investment potential in a high-growth area
Commercial Land, Freehold, New Hidd, Al Hidd, Investment Opportunity, Real Estate Bahrain, Main Road",,,,commercial_sale,,,,,,,,,,,,,,,,,,,,1,,,,454677,BHD,sell,,,,,,1362,sqm,32,Hidd,26.21263313293457,50.67418670654297,hidd,AREA,Hidd,3.32,,,,,,,7243,https://www.propertyfinder.bh/images/pf_agent/picture/9e28112a0470143d5b784437a2cb763af8e2949a/desktop,,Samer Mohammed,casabilla22@gmail.com,samer-mohammed,,,,,,English|Arabic,,,casabilla22@gmail.com,1226,Casabilla Real Estate,"Office 34, Building 1849, AL Hidd, 1121, Muharraq Governorate, PO Box 111",casabilla22@gmail.com,+97333525804,casabilla-real-estate-v2-1226,,,,,,,,,,,,,,,,,,,,,,,,,,,,,,,,100,,,,,2026-06-05T09:09:08.616835+00:00,
982735,982735,Prime Location | Investment Opportunity ,"Available for sale: a Unique commercial freehold land open for all nationalities. This property is situated in a Prime Location within the New Hidd area, strategically located on Bin Salman Highway leading to Saudi Arabia and close to Al Hidd. This land offers a Vibrant Community setting and is perfectly positioned for high-potential investment in a promising area.

Land Details:

Location: Strategic position on Bin Salman Highway.

Classification: BC – B10 (Commercial).

Ownership: Freehold for all nationalities.

Access: Easy access to main roads and Saudi Arabia highway.

Potential: Suitable for various commercial and investment projects.

Book your viewing today!

Prime Location Naturally Well-Lit Spacious Brand New Water Views Vibrant Community Freshly Renovated Ready to Move in Modern Quiet Neighborhood

",,,,commercial_sale,,,,,,,,,,,,,,,,,,,,1,,,,302250,BHD,sell,,,,,,1209,sqm,32,Hidd,26.21263313293457,50.67418670654297,hidd,AREA,Hidd,3.32,,,,,,,7243,https://www.propertyfinder.bh/images/pf_agent/picture/9e28112a0470143d5b784437a2cb763af8e2949a/desktop,,Samer Mohammed,casabilla22@gmail.com,samer-mohammed,,,,,,English|Arabic,,,casabilla22@gmail.com,1226,Casabilla Real Estate,"Office 34, Building 1849, AL Hidd, 1121, Muharraq Governorate, PO Box 111",casabilla22@gmail.com,+97333525804,casabilla-real-estate-v2-1226,,,,,,,,,,,,,,,,,,,,,,,,,,,,,,,,100,,,,,2026-06-05T09:09:08.616835+00:00,
982790,982790,Strategic | Investment Opportunity | New Hidd,"Prime Investment Opportunity in New Hidd
Presenting a solid investment opportunity to acquire a freehold commercial land located in the developing area of New Hidd, Al Hidd. This well-positioned plot offers good visibility and accessibility, making it suitable for investors seeking a practical site for commercial or mixed-use development in a growing location with increasing market demand.
Strategic Location and Connectivity
The land is located on a street with an adjacent access corridor, providing convenient entry and exit for future development. It enjoys easy access to Prince Khalifa Bin Salman Highway, allowing smooth connectivity to major areas across Bahrain. The property also benefits from reasonable access to the Saudi Causeway, supporting business movement and regional connectivity.
Versatile Development Potential
With a land size of 600 sqm and zoning classification B6 – BD, this commercial land for sale supports flexible development options. The zoning allows for commercial and mixed-use projects, including developments that combine residential and business use, aligning with the ongoing urban growth in New Hidd.
Investment Highlights
This freehold commercial land represents a stable investment within Bahrain’s real estate market. Offered at BHD 31 per square foot (negotiable), it provides competitive value for investors. Ownership is available to all nationalities, enhancing liquidity and long-term investment potential.

Property Specifications
•	Property Type: Commercial Land
•	Ownership: Freehold (All Nationalities)
•	Location: New Hidd, Al Hidd
•	Zoning: B6 – BD
•	Land Size: 600 sqm
•	Price per sq ft: BHD 31 (Negotiable)

Key Features
•	Street frontage with access corridor
•	Good visibility
•	Easy access to Prince Khalifa Bin Salman Highway
•	Access to Saudi Causeway
•	Suitable for commercial and mixed-use projects

Commercial Land, Freehold, New Hidd, Al Hidd, Investment Opportunity, Real Estate Bahrain, Commercial Development, Plot for Sale
",,,,commercial_sale,,,,,,,,,,,,,,,,,,,,1,,,,200210,BHD,sell,,,,,,600,sqm,32,Hidd,26.21263313293457,50.67418670654297,hidd,AREA,Hidd,3.32,,,,,,,7243,https://www.propertyfinder.bh/images/pf_agent/picture/9e28112a0470143d5b784437a2cb763af8e2949a/desktop,,Samer Mohammed,casabilla22@gmail.com,samer-mohammed,,,,,,English|Arabic,,,casabilla22@gmail.com,1226,Casabilla Real Estate,"Office 34, Building 1849, AL Hidd, 1121, Muharraq Governorate, PO Box 111",casabilla22@gmail.com,+97333525804,casabilla-real-estate-v2-1226,,,,,,,,,,,,,,,,,,,,,,,,,,,,,,,,100,,,,,2026-06-05T09:09:08.616835+00:00,
980903,980903,Modern commercial building for sale in Sanad,"For sale a completely new commercial investment building in Sanad area - a rare opportunity

We announce a special offer for the sale of a newly built commercial building located in one of the vital and growing areas of the Kingdom of Bahrain, Sanad area, which is one of the strategic areas that combine commercial and office activity, and its proximity to main services and vital roads, making it an ideal option for long-term investment or direct operation.

This building has been designed and implemented according to modern standards that meet the requirements of the commercial and office market, and is characterized by a smart distribution of spaces, high quality in construction, in addition to its full readiness for operation, as it is new and not leased, which gives the buyer full freedom in choosing tenants and developing the appropriate rental policy.

⸻

Location

The building is located in the Sanad area, an area known for its vitality and commercial activity, and its proximity to:

•	 Populated residential areas

•	 Schools and Universities

•	 Medical Centers

•	 Commercial Complexes

•	 The main roads that connect it to various regions of Bahrain

This location makes the building suitable for a wide range of commercial and office activities, and ensures a continuous demand for rent.

⸻

Spaces and general specifications

•	 Land Area: 1086 sqm

•	 Total construction area: 2038 square meters

•	 Number of floors: 3 main floors

•	 Elevator (LFT): Available to serve all floors

•	 Building Status: Fully New – Not Previously Rented

The land and construction area has been exploited ideally to achieve the highest possible return on investment, taking into account the ease of movement within the building and the comfort of users.

⸻

Floor Details

Ground Floor (Commercial)

The ground floor is one of the most important attractions in this building, as it includes:

•	 8 large commercial shops

•	 Each shop is equipped with two mezzanines, which doubles the ope",,,,commercial_sale,,,,7+,7+,,,,NO,,,,,,,,,,,3,,,,700000,BHD,sell,,,,,,2038,sqm,38,Sanad,26.149999618530273,50.58333206176758,sanad,AREA,Sanad,2.38,,,,,,,6751,https://www.propertyfinder.bh/images/pf_agent/picture/591507f46d0836beda7bd64aae4d95ec1843e708/desktop,,Ahmed Zekrait,mr.ahmedy@hotmail.com,ahmed-zekrait,,,,,,English|Arabic|Hindi,,,mr.ahmedy@hotmail.com,600,DAMAC REALESTATE ESTABLISHMENT,"Office 24, Building 1495, Tubli, 1127, Central Governorate, ",ammarzikrat@gmail.com,+97339922003,damac-realestate-establishment-600,,,,,,,,,,,,,,,,,,,,,,,,,,,,,,,,89,BA|CP|LB|DN,BA|CP|LB|DN,,,2026-06-05T09:09:08.616835+00:00,
998488,998488,Ready to Move -Fitted Office - Closed  to City,"Seef area is one of the most vibrant areas in Bahrain in terms of attracting new & large commercial projects & key centers for banks
Strategically located a few steps away from Bahrain City Center and Seef Mall and it is conveniently surrounded by commercial & residential buildings; the perfect prime location & environment to start your business; It offers office spaces to suit a diversity of functions. The well maintained commercial building. This area offers all the services you will require .



REF : HRS 0204
Office Features:
Bright office space with large windows in natural light
Fitted with partitions
Meeting room
Centralized air conditioning
Pantry
Curtain Blinds


Building Facilities: 
Reception Desk
24 Hours Maintenance
24X7 Security and CCTV
Designated car park
Closed to Entrance open parking Space
Elevator
Prayer Room 

Landmarks:
Close Proximity to (All within walking distance
Seef Mall
the Courtyard
The Flagship
Restaurants
Clinics
Grocery stores
Fitness Centers
Hotels
Fuel stations



For more properties : visit our website wwwarizonahomesbhcom

For more details/viewing please feel free to Call/WhatSapp : 

Haroon Sorathia
36898914",,,,commercial_sale,,,,1,1,,,,YES,,,,,,,,,,,3,,,,85000,BHD,sell,,,,,,88,sqm,37,Seef,26.239999771118164,50.5369987487793,seef,AREA,Seef,5.37,,,,,,,4071,https://www.propertyfinder.bh/images/pf_agent/picture/48f71406b44968e655d2c7ff02d5eca60957acae/desktop,,Haroon Sorathia,harunsorathia@gmail.com,haroon-sorathia,,,,,,English|Hindi|Urdu|Gujarati,,,harunsorathia@gmail.com,722,Arizona Homes Real Estate,"Office 28, Building 851, Al Juffair, 415, Capital Governorate, ",haroon@arizonahomes.com,+97336898914,arizona-homes-real-estate-722,,,,,,,,,,,,,,,,,,,,,,,,,,,,,,,,93,AN|AC|CP|SE|VW|CR|LB|DN,AN|AC|CP|SE|VW|CR|LB|DN,,,2026-06-05T09:09:08.616835+00:00,
51745606,51745606,Building | Prime Location | Corner,"Commercial Building for Sale in a Prime Location in Salmabad

Located on Mercedes Garage Street and situated on two roads, the building enjoys excellent visibility and easy access, with active commercial movement in the area, making it a great investment opportunity.

The building consists of:

4 commercial shops
4 apartments
2 studios
6 electricity meters

Land Area: 300.0 sqm
Monthly Income: BHD 1,900

Asking Price: BHD 220,000 (Negotiable)

Ref No.: SB065

Best Home is proud to be a Bahraini company operating in the construction and real estate sector since 2021. We always strive to empower Bahraini youth in the world of real estate and construction in order to provide better solutions for our partners and clients. We apply the highest standards of quality and efficiency through a team with more than 15 years of experience in specialized fields including construction, real estate, and development.",,,,commercial_sale,,,,7+,7+,,,,PARTLY,,,,,,,,,,,1,,,,220000,BHD,sell,,,,,,300,sqm,6,Salmabad,26.183332443237305,50.516666412353516,salmabad,AREA,Salmabad,2.6,,,,,,,6727,https://www.propertyfinder.bh/images/pf_agent/picture/ed781ff3c5a4aa29d8bdc92d02f137d26e199285/desktop,,Ali Almalek,ali@bestspot.bh,ali-almalek,,,,,,English|Arabic,,,ali@bestspot.bh,1150,Best Home Real Estate,"Office 21, Building 582, Manama, 5341, Capital Governorate, PO Box 453",ali@bestspot.bh,+97338991113,best-spot-real-estate-1150,,,,,,,,,,,,,,,,,,,,,,,,,,,,,,,,90,AN,AN,,,2026-06-05T09:09:08.616835+00:00,
1001527,1001527,BD 35 SQft | Large Investment Plot | Multi-Use,"FOR SALE - Alsayh (Busaiteen)                 
Commercial/Residential plot for sale                   
BD 1,156,959                    
                       

Plot Features:

* Located in Alsayh
* 3071 SQM                   
* BD 35 SQft                     
* Total Price BD 1,156,959                
* B3 Classification: Multi-Use Building (3 Floors)
                            
                        
Busaiteen features :
                            
* coffee shops and restaurants
* hospitals (king Hamad hospital)
* schools
* petrol station
* malls (10mints away from avenues mall)
* close to the retail strip
* easy access to the bridge
______________________________

For more information and viewing please contact us via call or whatsapp

For more properties please follow us on our social media accounts :

Facebook and Instagram - kensingtonbahrain",,,,commercial_sale,,,,,,,,,,,,,,,,,,,,3,,,,1156959,BHD,sell,,,,,,3071,sqm,96,Busaiteen,26.27199935913086,50.60900115966797,busaiteen,AREA,Busaiteen,3.96,,,,,,,5708,https://www.propertyfinder.bh/images/pf_agent/picture/5bba9c104149329e77924ecd6c12bee3d5a3c11b/desktop,,Samar Kafri,samar@kensingtonbh.com,samar-kafri,,,,,,English|Arabic,,,samar@kensingtonbh.com,485,Kensington Real Estate,"Office Block 724, Building 540B, Salmabad, 412, Central Governorate, PO Box 000",tariq.alalaiwat@gmail.com,+97339944321,kensington-real-estate-485,,,,,,,,,,,,,,,,,,,,,,,,,,,,,,,,100,,,,,2026-06-05T09:09:08.616835+00:00,
1002662,1002662,Prime Location |Commercial building |Special Price,"A distinguished investment opportunity to own a commercial building in Salmabad.

Located in a vibrant area close to industrial and commercial zones, making it ideal for generating a stable investment return. A suitable property for investors seeking steady monthly income in an active commercial location.

Property Details:

Large garage
3 commercial shops
Storage room

Monthly income: BHD 2100.0
Asking price: BHD 300,000 only

Ref No. SB064

Best Home is proud to be a Bahraini company operating in the construction and real estate sector since 2021. We are committed to empowering Bahraini youth in the fields of real estate and construction, aiming to deliver better solutions to our partners and clients. We apply the highest standards of quality and efficiency through a team with over 15 years of specialized experience in construction, real estate, and development.",,,,commercial_sale,,,,5,5,,,,YES,,,,,,,,,,,1,,,,300000,BHD,sell,,,,,,300,sqm,6,Salmabad,26.183332443237305,50.516666412353516,salmabad,AREA,Salmabad,2.6,,,,,,,6727,https://www.propertyfinder.bh/images/pf_agent/picture/ed781ff3c5a4aa29d8bdc92d02f137d26e199285/desktop,,Ali Almalek,ali@bestspot.bh,ali-almalek,,,,,,English|Arabic,,,ali@bestspot.bh,1150,Best Home Real Estate,"Office 21, Building 582, Manama, 5341, Capital Governorate, PO Box 453",ali@bestspot.bh,+97338991113,best-spot-real-estate-1150,,,,,,,,,,,,,,,,,,,,,,,,,,,,,,,,90,CP,CP,,,2026-06-05T09:09:08.616835+00:00,
982863,982863,18 Apartments | 6 Shops | 2 Large Workshops,"For Sale: Commercial Building in a Prime Location in Salmabad, Close to All Services

Property Details:

6 Commercial Shops
2 Workshops
18 Apartments

Apartment Breakdown:

6 Apartments with 3 Bedrooms
6 Apartments with 2 Bedrooms
3 Apartments with 1 Bedroom

Land Area: 1,043 sqm
Built-up Area: 1,500 sqm
Building Age: Less than 2 years
Monthly Income: BHD 5,400 only
Annual Return: 8.6%

Total Price: BHD 750,000 (Negotiable)

Ref No.: SB057

Best home Company is proud to be a Bahraini company operating in the construction and real estate sector since 2021. We continuously strive to empower Bahraini youth in the fields of real estate and construction, aiming to provide better solutions for our partners and clients. We apply the highest standards of quality and efficiency through a team with over 15 years of specialized experience in construction, real estate, and development.",,,,commercial_sale,,,,2,2,,,,PARTLY,,,,,,,,,,,1,,,,750000,BHD,sell,,,,,,1043,sqm,6,Salmabad,26.183332443237305,50.516666412353516,salmabad,AREA,Salmabad,2.6,,,,,,,6727,https://www.propertyfinder.bh/images/pf_agent/picture/ed781ff3c5a4aa29d8bdc92d02f137d26e199285/desktop,,Ali Almalek,ali@bestspot.bh,ali-almalek,,,,,,English|Arabic,,,ali@bestspot.bh,1150,Best Home Real Estate,"Office 21, Building 582, Manama, 5341, Capital Governorate, PO Box 453",ali@bestspot.bh,+97338991113,best-spot-real-estate-1150,,,,,,,,,,,,,,,,,,,,,,,,,,,,,,,,90,SE,SE,,,2026-06-05T09:09:08.616835+00:00,
951188,951188,For Sale Commercial Building in Um Al Hassam,"For Sale: Commercial Building in Um Al Hassam

The property consists of:

Shop with 3 shutters

Salon with 3 rooms

12 Apartments (each with 1 bedroom, 1 bathroom, living room, and kitchen)

Building Area: 930 sqm
Land Area: 232.7 sqm
Monthly Income: BD 2,240
Net Monthly Income: BD 2,000
Price: BD 240,000

Ref No.: SB056

For more properties:
@Bestspotbh


About Best Spot
Best Spot is a Bahraini company established in 2021, specializing in contracting and real estate. We strive to empower Bahraini youth in the real estate and construction sectors while providing innovative solutions for our clients and partners. With over 15 years of expertise, our team is committed to applying the highest standards of quality and efficiency in contracting, real estate, and development.",,,,commercial_sale,,,,7+,7+,,,,NO,,,,,,,,,,,1,,,,240000,BHD,sell,,,,,,232,sqm,90,Um Al Hasam,26.203079223632812,50.594947814941406,manama-um-al-hasam,AREA,Um Al Hasam,5.34.90,,,,,,,6727,https://www.propertyfinder.bh/images/pf_agent/picture/ed781ff3c5a4aa29d8bdc92d02f137d26e199285/desktop,,Ali Almalek,ali@bestspot.bh,ali-almalek,,,,,,English|Arabic,,,ali@bestspot.bh,1150,Best Home Real Estate,"Office 21, Building 582, Manama, 5341, Capital Governorate, PO Box 453",ali@bestspot.bh,+97338991113,best-spot-real-estate-1150,,,,,,,,,,,,,,,,,,,,,,,,,,,,,,,,90,BA|AN,BA|AN,,,2026-06-05T09:09:08.616835+00:00,
945882,945882,New Building in Janabiyah 8 flats Prime Location,"Price: 420,000 BHD – Negotiable

Project Details:

Newly constructed building with completed final finishes and electrical connections

4 floors, each with 2 apartments (Total: 8 units)

Area of each apartment: 101 sqm

Apartment Specifications:

2 Bedrooms

Living Room

2 Bathrooms

Fitted American-style kitchen (Bahraini aluminum)

Balcony

Customizable layout available (with explanatory video)

Building Features:

Elevator

Surveillance cameras

Air conditioning in the main entrance

Marble staircase

Rooftop gym

WPC doors

Bahraini aluminum windows

Smart entry system

Smart home integration

Warranty Coverage:

20 years on the structure

10 years on gypsum and paint

10 years waterproofing

10 years on electrical switches

10 years on kitchens

10 years on windows

10 years on doors

1 year on lighting



Best Spot is proud to be a Bahraini company operating in the construction and real estate sector since 2021. We are committed to empowering Bahraini youth in the world of real estate and construction, aiming to provide better solutions for our partners and clients. We adhere to the highest standards of quality and efficiency, supported by a team with over 15 years of experience in construction, real estate, and development.

1 year on washbasins and mixers",,,,commercial_sale,,,,7+,7+,,,,NO,,,,,,,,,,,3,,,,420000,BHD,sell,,,,,,808,sqm,48,Janabiya,26.185943603515625,50.46711349487305,janabiya,AREA,Janabiya,4.48,,,,,,,6727,https://www.propertyfinder.bh/images/pf_agent/picture/ed781ff3c5a4aa29d8bdc92d02f137d26e199285/desktop,,Ali Almalek,ali@bestspot.bh,ali-almalek,,,,,,English|Arabic,,,ali@bestspot.bh,1150,Best Home Real Estate,"Office 21, Building 582, Manama, 5341, Capital Governorate, PO Box 453",ali@bestspot.bh,+97338991113,best-spot-real-estate-1150,,,,,,,,,,,,,,,,,,,,,,,,,,,,,,,,90,BA|SE,BA|SE,,,2026-06-05T09:09:08.616835+00:00,
912820,912820,Land for sale in seef district-BC classification,"Land for sale in seef district-BC classification, can build the land commercial or residential 

( An investment opportunity to build a residential or commercial tower )

Location : In prime location of Seef District 
 
Location Features:
- 5 Minutes’ Drive to City Center &amp; Seef Mall 
- 10 Minutes’ Drive to Manama &amp; BFH  
- 15- Minutes’ Drive to the Airport  
- Close to all services Like offices , Hottels , Restuarants , Malls

Land Size : 505.2 sqm

Price : 315,402 BHD


For more Information and Viewing of this property, please call: 

00973-39975445
00973-39990343

For our Latest Properties, please Follow us on our Social media Accounts

@Property.inn
@Property.inn
@Property.inn

--------------------------------------------------------------------------------------------------------------------------------
",,,,commercial_sale,,,,,,,,,,,,,,,,,,,,3,,,,315402,BHD,sell,,,,,,505,sqm,37,Seef,26.239999771118164,50.5369987487793,seef,AREA,Seef,5.37,,,,,,,5459,https://www.propertyfinder.bh/images/pf_agent/picture/f82d4306d0d989638e071c706d82597f10f379b2/desktop,,Mustafa Al Halwachi,Mustafa.propertyinn@gmail.com,mustafa-al-halwachi,,,,,,English|Arabic,,,Mustafa.propertyinn@gmail.com,230,Property Inn,"Office 452, Building Amfa, Sanabis, 28, Capital Governorate, PO Box 00",hussain.amfa@gmail.com,+97339975445,property-inn-230,,,,,,,,,,,,,,,,,,,,,,,,,,,,,,,,100,,,,,2026-06-05T09:09:08.616835+00:00,
911987,911987,"Commercial Land for Sale in Busaiteen, Muharraq","Excellent Location:
Situated on the new ring road, close to Bahrain International Airport, King Hamad Hospital, and RCSI University. The property is in a strategic location near all essential services and key areas.

 Zoning: SP
 Land Area: 384.9 SQM
 Price: BHD 28 per SQFT
 Total Price: BHD 116000

 For more information or to schedule a viewing, please contact us:
 00973-39975445
 00973-39990343

Follow our latest property listings on social media:
@property.inn | @Property.inn | @Property.inn


Excellent Location:
Situated on the new ring road, close to Bahrain International Airport, King Hamad Hospital, and RCSI University. The property is in a strategic location near all essential services and key areas.

-----------------------------------------------------------------------------





",,,,commercial_sale,,,,,,,,,,,,,,,,,,,,3,,,,116000,BHD,sell,,,,,,3849,sqm,96,Busaiteen,26.27199935913086,50.60900115966797,busaiteen,AREA,Busaiteen,3.96,,,,,,,5459,https://www.propertyfinder.bh/images/pf_agent/picture/f82d4306d0d989638e071c706d82597f10f379b2/desktop,,Mustafa Al Halwachi,Mustafa.propertyinn@gmail.com,mustafa-al-halwachi,,,,,,English|Arabic,,,Mustafa.propertyinn@gmail.com,230,Property Inn,"Office 452, Building Amfa, Sanabis, 28, Capital Governorate, PO Box 00",hussain.amfa@gmail.com,+97339975445,property-inn-230,,,,,,,,,,,,,,,,,,,,,,,,,,,,,,,,100,,,,,2026-06-05T09:09:08.616835+00:00,
934696,934696,Commercial Investment Plots for Sale in Busaiteen,"Exclusive Investment Opportunity – Commercial Investment Plots for Sale in Busaiteen, Muharraq 

 10 Commercial Investment Plots (SP Classification) in one of Bahrain’s most prestigious and modern areas – Busaiteen.  

 Prime Location Features:  
 Overlooking the new ring road  
 Close to Bahrain International Airport, King Hamad Hospital, and RCSI Medical University  
 Near the sea and fully serviced area  

 Plot sizes start from: 384 sqm  
 Prices start from: BHD 132,577  

 Contact us for more details or to schedule a viewing:  
 00973-39975445  
 00973-39990343  

 Follow our latest properties on social media:  
@property.inn | @Property.inn | @Property.inn  

 Property Inn – A subsidiary of AMFA Real Estate 

-------------------------------------------------------------
------------------------------------------------------------
",,,,commercial_sale,,,,,,,,,,,,,,,,,,,,3,,,,116000,BHD,sell,,,,,,384,sqm,12,Muharraq,26.25,50.616668701171875,muharraq,AREA,Muharraq,3.12,,,,,,,5459,https://www.propertyfinder.bh/images/pf_agent/picture/f82d4306d0d989638e071c706d82597f10f379b2/desktop,,Mustafa Al Halwachi,Mustafa.propertyinn@gmail.com,mustafa-al-halwachi,,,,,,English|Arabic,,,Mustafa.propertyinn@gmail.com,230,Property Inn,"Office 452, Building Amfa, Sanabis, 28, Capital Governorate, PO Box 00",hussain.amfa@gmail.com,+97339975445,property-inn-230,,,,,,,,,,,,,,,,,,,,,,,,,,,,,,,,100,,,,,2026-06-05T09:09:08.616835+00:00,
52805278,52805278,For Sale – Cheapest Industrial/Commercial Land in,"For Sale – Cheapest Industrial/Commercial Land in Askar, Khalifa City

Location: Directly behind Alba – a strategic and excellent location.

All services are available (electricity, water, roads).

Suitable for investment or building warehouses/commercial and industrial projects.

Best price in the area – an unmissable opportunity!

Area: 1001.8 sq m
Classification: SP
Price per sq ft: 12 BD
Total Price: 129,401 BD

For inquiries and contact:

For more information, please do not hesitate to call:
36459593 Nizar Al Sagheer
39993932 Abdul Fattah Hassan
Masar Al Mustaqbal Real Estate Office
All properties are wanted directly from the owner",,,,commercial_sale,,,,,,,,,,,,,,,,,,,,1,,,,129401,BHD,sell,,,,,,1001,sqm,79,Askar,26.05678367614746,50.61648178100586,askar,AREA,Askar,1.79,,,,,,,6368,https://www.propertyfinder.bh/images/pf_agent/picture/95a2e2429d6b104ab5fc520845493addf1bb5974/desktop,,Abdulfattah Ali,Future7366@gmail.com,abdulfattah-ali,,,,,,English|Arabic,,,Future7366@gmail.com,1125,Masar Al Mustaqbal Real Estate,"Office 22, Building 584, Saar, 5314, Northern Governorate, PO Box 000",future7366@gmail.com,+97339993932,abdulfattah-hasan-abdulla-ali-1125,,,,,,,,,,,,,,,,,,,,,,,,,,,,,,,,97,,,,,2026-06-05T09:09:08.616835+00:00,
51984039,51984039,Fully Rented | Commercial and Residential Building,"Commercial and Residential Building for Sale in Sitra - Mahazza
Fully Rented 

Consist of:
2 Commercial Shops
6 Residential Apartments

Land Size: 116.3 sqm
Monthly Income: BD 1,200
Asking price: BD 120,000
 
Ref: MPM3421

 Majestic Properties is a well-established brokerage company in Kingdom of Bahrain for more than 15 years. We offer a complete portfolio of real estate services, including sales and leasing of residential and commercial properties. 

Our professional and committed team of sales and leasing property advisors all of which are certified by Bahrain Real Estate Regulatory Authority (RERA) with license No. B201803/46. 

Our aim is to provide superior full-service real estate brokerage with in-depth market knowledge and ethical practices.

Our vision is to be recognized as the leading agency in property services as well as reliable source of market information and advice.",,,,commercial_sale,,,,7+,7+,,,,YES,,,,,,,,,,,1,,,,120000,BHD,sell,,,,,,116,sqm,69,Sitra,26.162988662719727,50.6124267578125,sitra,AREA,Sitra,2.69,,,,,,,743,https://www.propertyfinder.bh/images/pf_agent/picture/10135956b3ddb45033b72829fc51de004c5141fd/desktop,,Mahmood Al-Shaikh,info@majestic-bh.com,mahmood-al-shaikh,,,,,,English|Arabic,,,info@majestic-bh.com,114,Majestic Properties,"Office 25, Building bldg49, block 327, road 270, Adliya, 0, Capital Governorate, ",admin@majestic-bh.com,+97337602277,majestic-properties-114,,,,,,,,,,,,,,,,,,,,,,,,,,,,,,,,90,AN,AN,,,2026-06-05T09:09:08.616835+00:00,
995632,995632,Brand New Investment Building for Sale in Seef,"Brand New Investment Building for Sale in Seef
4 Floors

Consist of:
9 Offices 
Reception Hall
18 Toilets 
Central A/C
Elevator
19 Car Parking

Land Size: 405 sqm
Build-up Area: 1074 sqm
Asking price: BD 650,000

Ref: MPM3303

 Majestic Properties is a well-established brokerage company in Kingdom of Bahrain for more than 15 years. We offer a complete portfolio of real estate services, including sales and leasing of residential and commercial properties. 

Our professional and committed team of sales and leasing property advisors all of which are certified by Bahrain Real Estate Regulatory Authority (RERA) with license No. B201803/46. 

Our aim is to provide superior full-service real estate brokerage with in-depth market knowledge and ethical practices.

Our vision is to be recognized as the leading agency in property services as well as reliable source of market information and advice.",,,,commercial_sale,,,,7+,7+,,,,NO,,,,,,,,,,,3,,,,650000,BHD,sell,,,,,,405,sqm,37,Seef,26.239999771118164,50.5369987487793,seef,AREA,Seef,5.37,,,,,,,743,https://www.propertyfinder.bh/images/pf_agent/picture/10135956b3ddb45033b72829fc51de004c5141fd/desktop,,Mahmood Al-Shaikh,info@majestic-bh.com,mahmood-al-shaikh,,,,,,English|Arabic,,,info@majestic-bh.com,114,Majestic Properties,"Office 25, Building bldg49, block 327, road 270, Adliya, 0, Capital Governorate, ",admin@majestic-bh.com,+97337602277,majestic-properties-114,,,,,,,,,,,,,,,,,,,,,,,,,,,,,,,,90,CP|AC,CP|AC,,,2026-06-05T09:09:08.616835+00:00,
976650,976650,Commercial Building in Buri – Fully Rented,"Commercial Building for Sale in Buri – Fully Rented
On Two Roads 
Land Classification: SP
 
Consist of:

5 Workshops

Labor Accommodation:
-	11 Rooms
-	Kitchen 
-	7 Bathrooms

7 Electrical Meters 

Land Size: 516.4 sqm
Built up Area: 936 sqm

Monthly Income: BD 1,913
Asking price: BD 240,000

Ref: MPM3292


 Majestic Properties is a well-established brokerage company in Kingdom of Bahrain for more than 15 years. We offer a complete portfolio of real estate services, including sales and leasing of residential and commercial properties. 

Our professional and committed team of sales and leasing property advisors all of which are certified by Bahrain Real Estate Regulatory Authority (RERA) with license No. B201803/46. 

Our aim is to provide superior full-service real estate brokerage with in-depth market knowledge and ethical practices.

Our vision is to be recognized as the leading agency in property services as well as reliable source of market information and advice.




",,,,commercial_sale,,,,7+,7+,,,,YES,,,,,,,,,,,1,,,,240000,BHD,sell,,,,,,516,sqm,36,Buri,26.14974594116211,50.50010299682617,buri,AREA,Buri,4.36,,,,,,,743,https://www.propertyfinder.bh/images/pf_agent/picture/10135956b3ddb45033b72829fc51de004c5141fd/desktop,,Mahmood Al-Shaikh,info@majestic-bh.com,mahmood-al-shaikh,,,,,,English|Arabic,,,info@majestic-bh.com,114,Majestic Properties,"Office 25, Building bldg49, block 327, road 270, Adliya, 0, Capital Governorate, ",admin@majestic-bh.com,+97337602277,majestic-properties-114,,,,,,,,,,,,,,,,,,,,,,,,,,,,,,,,90,CP,CP,,,2026-06-05T09:09:08.616835+00:00,
977436,977436,Suitable for Commercial Offices,"Brand New Investment Building for Sale in Seef
4 Floors

Consist of:
9 Offices 
Reception Hall
18 Toilets 
Central A/C
Elevator
19 Car Parking

Land Size: 405 sqm
Build-up Area: 1074 sqm
Asking price: BD 650,000

Ref: MPM3303


 Majestic Properties is a well-established brokerage company in Kingdom of Bahrain for more than 15 years. We offer a complete portfolio of real estate services, including sales and leasing of residential and commercial properties. 

Our professional and committed team of sales and leasing property advisors all of which are certified by Bahrain Real Estate Regulatory Authority (RERA) with license No. B201803/46. 

Our aim is to provide superior full-service real estate brokerage with in-depth market knowledge and ethical practices.

Our vision is to be recognized as the leading agency in property services as well as reliable source of market information and advice.",,,,commercial_sale,,,,7+,7+,,,,PARTLY,,,,,,,,,,,1,,,,650000,BHD,sell,,,,,,405,sqm,37,Seef,26.239999771118164,50.5369987487793,seef,AREA,Seef,5.37,,,,,,,743,https://www.propertyfinder.bh/images/pf_agent/picture/10135956b3ddb45033b72829fc51de004c5141fd/desktop,,Mahmood Al-Shaikh,info@majestic-bh.com,mahmood-al-shaikh,,,,,,English|Arabic,,,info@majestic-bh.com,114,Majestic Properties,"Office 25, Building bldg49, block 327, road 270, Adliya, 0, Capital Governorate, ",admin@majestic-bh.com,+97337602277,majestic-properties-114,,,,,,,,,,,,,,,,,,,,,,,,,,,,,,,,90,CP|AC,CP|AC,,,2026-06-05T09:09:08.616835+00:00,
975218,975218,Commercial Building for Sale in Tubli,"Commercial Building for Sale in Tubli
 
Consist of:
5 Commercial Shops
1 Workshop
3 Floor Labor Accommodation 
Each Floor 10 Rooms

Land Size: 1,572 sqm
Monthly Income: BD 3,500
Asking price: BD 780,000 Negotiable
Ref: MPM3283


 Majestic Properties is a well-established brokerage company in Kingdom of Bahrain for more than 15 years. We offer a complete portfolio of real estate services, including sales and leasing of residential and commercial properties. 

Our professional and committed team of sales and leasing property advisors all of which are certified by Bahrain Real Estate Regulatory Authority (RERA) with license No. B201803/46. 

Our aim is to provide superior full-service real estate brokerage with in-depth market knowledge and ethical practices.

Our vision is to be recognized as the leading agency in property services as well as reliable source of market information and advice.


",,,,commercial_sale,,,,7+,7+,,,,NO,,,,,,,,,,,1,,,,780000,BHD,sell,,,,,,1572,sqm,98,Tubli,26.188888549804688,50.54999923706055,tubli,AREA,Tubli,2.98,,,,,,,743,https://www.propertyfinder.bh/images/pf_agent/picture/10135956b3ddb45033b72829fc51de004c5141fd/desktop,,Mahmood Al-Shaikh,info@majestic-bh.com,mahmood-al-shaikh,,,,,,English|Arabic,,,info@majestic-bh.com,114,Majestic Properties,"Office 25, Building bldg49, block 327, road 270, Adliya, 0, Capital Governorate, ",admin@majestic-bh.com,+97337602277,majestic-properties-114,,,,,,,,,,,,,,,,,,,,,,,,,,,,,,,,90,AN,AN,,,2026-06-05T09:09:08.616835+00:00,
962126,962126,Suitable for Hospital - Prime Location,"Commercial Corner Building for Rent in Seef Area
Suitable for Hospital 

Consist of:
18 Floors 
40 Shell & Core Offices 
Spacious Reception (300 sqm)
3 Elevators 
Gym
Swimming pool
6 Floors for 89 Car Parking 

Land Size: 606 sqm
Built-up Area: 9000 sqm
Rental Amount: BD 21,210


Ref: MPM3214


 Majestic Properties is a well-established brokerage company in Kingdom of Bahrain for more than 15 years. We offer a complete portfolio of real estate services, including sales and leasing of residential and commercial properties. 

Our professional and committed team of sales and leasing property advisors all of which are certified by Bahrain Real Estate Regulatory Authority (RERA) with license No. B201803/46. 

Our aim is to provide superior full-service real estate brokerage with in-depth market knowledge and ethical practices.

Our vision is to be recognized as the leading agency in property services as well as reliable source of market information and advice.",,,,commercial_sale,,,,7+,7+,,,,YES,,,,,,,,,,,1,,,,21210,BHD,sell,,,,,,9000,sqm,37,Seef,26.239999771118164,50.5369987487793,seef,AREA,Seef,5.37,,,,,,,743,https://www.propertyfinder.bh/images/pf_agent/picture/10135956b3ddb45033b72829fc51de004c5141fd/desktop,,Mahmood Al-Shaikh,info@majestic-bh.com,mahmood-al-shaikh,,,,,,English|Arabic,,,info@majestic-bh.com,114,Majestic Properties,"Office 25, Building bldg49, block 327, road 270, Adliya, 0, Capital Governorate, ",admin@majestic-bh.com,+97337602277,majestic-properties-114,,,,,,,,,,,,,,,,,,,,,,,,,,,,,,,,90,CP|LB|AC,CP|LB|AC,,,2026-06-05T09:09:08.616835+00:00,
900023,900023,Commercial and Residential Building in Muharraq,"Commercial and Residential Building for Sale in Muharraq  
Corner Building
Consist of:
3 Commercial Shops
4 Residential Apartments
Building Age: 8 Months
Land Size: 266.7 sqm
Monthly Income: BD 1,040
Asking price: BD 400,000 Negotiable
Ref: MPM2883


Majestic Properties is a well-established brokerage company in Kingdom of Bahrain for more than 15 years. We offer a complete portfolio of real estate services, including sales and leasing of residential and commercial properties. 

Our professional and committed team of sales and leasing property advisors all of which are certified by Bahrain Real Estate Regulatory Authority (RERA) with license No. B201803/46. 

Our aim is to provide superior full-service real estate brokerage with in-depth market knowledge and ethical practices.

Our vision is to be recognized as the leading agency in property services as well as reliable source of market information and advice.",,,,commercial_sale,,,,,,,,,,,,,,,,,,,,1,,,,400000,BHD,sell,,,,,,266,sqm,12,Muharraq,26.25,50.616668701171875,muharraq,AREA,Muharraq,3.12,,,,,,,743,https://www.propertyfinder.bh/images/pf_agent/picture/10135956b3ddb45033b72829fc51de004c5141fd/desktop,,Mahmood Al-Shaikh,info@majestic-bh.com,mahmood-al-shaikh,,,,,,English|Arabic,,,info@majestic-bh.com,114,Majestic Properties,"Office 25, Building bldg49, block 327, road 270, Adliya, 0, Capital Governorate, ",admin@majestic-bh.com,+97337602277,majestic-properties-114,,,,,,,,,,,,,,,,,,,,,,,,,,,,,,,,90,CP,CP,,,2026-06-05T09:09:08.616835+00:00,
900733,900733,Investment Corner Building for Sale in Seef Area,"Investment Corner Building for Sale in Seef Area
Suitable for Hospital 
Consist of:
18 Floors 
40 Shell &amp; Core Offices 
Spacious Reception (300 sqm)
3 Elevators 
Gym
Swimming pool
6 Floors for 89 Car Parking 
Land Size: 606 sqm
Built-up Area: 9000 sqm
Asking price: BD 3,500,000 
(Note: Building Under Construction)
Ref: MPM1907



Majestic Properties is a well-established brokerage company in Kingdom of Bahrain for more than 15 years. We offer a complete portfolio of real estate services, including sales and leasing of residential and commercial properties. 

Our professional and committed team of sales and leasing property advisors all of which are certified by Bahrain Real Estate Regulatory Authority (RERA) with license No. B201803/46. 

Our aim is to provide superior full-service real estate brokerage with in-depth market knowledge and ethical practices.

Our vision is to be recognized as the leading agency in property services as well as reliable source of market information and advice.",,,,commercial_sale,,,,7+,7+,,,,NO,,,,,,,,,,,1,,,,3500000,BHD,sell,,,,,,606,sqm,37,Seef,26.239999771118164,50.5369987487793,seef,AREA,Seef,5.37,,,,,,,743,https://www.propertyfinder.bh/images/pf_agent/picture/10135956b3ddb45033b72829fc51de004c5141fd/desktop,,Mahmood Al-Shaikh,info@majestic-bh.com,mahmood-al-shaikh,,,,,,English|Arabic,,,info@majestic-bh.com,114,Majestic Properties,"Office 25, Building bldg49, block 327, road 270, Adliya, 0, Capital Governorate, ",admin@majestic-bh.com,+97337602277,majestic-properties-114,,,,,,,,,,,,,,,,,,,,,,,,,,,,,,,,90,SP|SY,SP|SY,,,2026-06-05T09:09:08.616835+00:00,
909964,909964,Commercial Building for Sale in Salmabad,"Commercial Building for Sale in Salmabad 
Corner Building 
Prime Location
Opposite to Kanoo School

Consist of:
3 Showrooms
1 Workshop
4 Offices 
Labor Accommodation
(4 Bedrooms – 2 Bathrooms – 1 Kitchen)
Car Parking

Land Size: 761 sqm
Expected Monthly Income: BD 4,000
Asking Price: BD 610,000
Ref: MPM2994





Majestic Properties is a well-established brokerage company in Kingdom of Bahrain for more than 15 years. We offer a complete portfolio of real estate services, including sales and leasing of residential and commercial properties. 

Our professional and committed team of sales and leasing property advisors all of which are certified by Bahrain Real Estate Regulatory Authority (RERA) with license No. B201803/46. 

Our aim is to provide superior full-service real estate brokerage with in-depth market knowledge and ethical practices.

Our vision is to be recognized as the leading agency in property services as well as reliable source of market information and advice.",,,,commercial_sale,,,,7+,7+,,,,PARTLY,,,,,,,,,,,1,,,,610000,BHD,sell,,,,,,761,sqm,6,Salmabad,26.183332443237305,50.516666412353516,salmabad,AREA,Salmabad,2.6,,,,,,,743,https://www.propertyfinder.bh/images/pf_agent/picture/10135956b3ddb45033b72829fc51de004c5141fd/desktop,,Mahmood Al-Shaikh,info@majestic-bh.com,mahmood-al-shaikh,,,,,,English|Arabic,,,info@majestic-bh.com,114,Majestic Properties,"Office 25, Building bldg49, block 327, road 270, Adliya, 0, Capital Governorate, ",admin@majestic-bh.com,+97337602277,majestic-properties-114,,,,,,,,,,,,,,,,,,,,,,,,,,,,,,,,90,CP,CP,,,2026-06-05T09:09:08.616835+00:00,
900818,900818,Commercial and Residential Building in Muharraq,"Commercial and Residential Building for Sale in Muharraq
Closed to Al Ghous Highway
Consist of:
3 Commercial Shops
2X3 Bedrooms Apartments
House consist of 7 Bedrooms – 2 Halls – 2 Kitchens – 8 Bathrooms – Maid’s room – Driver’s room
Land Size: 327.7 sqm
Built-up Area: 722 sqm
Asking price: BD 300,000
Ref: MPM2780


Majestic Properties is a well-established brokerage company in Kingdom of Bahrain for more than 15 years. We offer a complete portfolio of real estate services, including sales and leasing of residential and commercial properties. 

Our professional and committed team of sales and leasing property advisors all of which are certified by Bahrain Real Estate Regulatory Authority (RERA) with license No. B201803/46. 

Our aim is to provide superior full-service real estate brokerage with in-depth market knowledge and ethical practices.

Our vision is to be recognized as the leading agency in property services as well as reliable source of market information and advice.",,,,commercial_sale,,,,,,,,,,,,,,,,,,,,1,,,,300000,BHD,sell,,,,,,327,sqm,12,Muharraq,26.25,50.616668701171875,muharraq,AREA,Muharraq,3.12,,,,,,,743,https://www.propertyfinder.bh/images/pf_agent/picture/10135956b3ddb45033b72829fc51de004c5141fd/desktop,,Mahmood Al-Shaikh,info@majestic-bh.com,mahmood-al-shaikh,,,,,,English|Arabic,,,info@majestic-bh.com,114,Majestic Properties,"Office 25, Building bldg49, block 327, road 270, Adliya, 0, Capital Governorate, ",admin@majestic-bh.com,+97337602277,majestic-properties-114,,,,,,,,,,,,,,,,,,,,,,,,,,,,,,,,90,CP,CP,,,2026-06-05T09:09:08.616835+00:00,
934894,934894,Commercial Two Buildings for Sale in Budaiya ,"Commercial Two Buildings for Sale in Budaiya 

Building No.1 Consist of:
3 Commercial Shops
9 Residential Apartment 
Guard’s room
Elevator
Land Size: 222.7 sqm
Asking Price: BD 280,00

Building No.2 Consist of:
4 Commercial Shops
6 Residential Apartment 
Guard’s room
Elevator
Land Size: 223 sqm
Asking Price: BD 280,00

Total Price for Two Buildings: BD 560,000


Ref: MPM3102


Majestic Properties is a well-established brokerage company in Kingdom of Bahrain for more than 15 years. We offer a complete portfolio of real estate services, including sales and leasing of residential and commercial properties. 

Our professional and committed team of sales and leasing property advisors all of which are certified by Bahrain Real Estate Regulatory Authority (RERA) with license No. B201803/46. 

Our aim is to provide superior full-service real estate brokerage with in-depth market knowledge and ethical practices.

Our vision is to be recognized as the leading agency in property services as well as reliable source of market information and advice.


",,,,commercial_sale,,,,7+,7+,,,,YES,,,,,,,,,,,1,,,,560000,BHD,sell,,,,,,445,sqm,29,Budaiya,26.213165283203125,50.447471618652344,budaiya,AREA,Budaiya,4.29,,,,,,,743,https://www.propertyfinder.bh/images/pf_agent/picture/10135956b3ddb45033b72829fc51de004c5141fd/desktop,,Mahmood Al-Shaikh,info@majestic-bh.com,mahmood-al-shaikh,,,,,,English|Arabic,,,info@majestic-bh.com,114,Majestic Properties,"Office 25, Building bldg49, block 327, road 270, Adliya, 0, Capital Governorate, ",admin@majestic-bh.com,+97337602277,majestic-properties-114,,,,,,,,,,,,,,,,,,,,,,,,,,,,,,,,90,CP,CP,,,2026-06-05T09:09:08.616835+00:00,
52830671,52830671,Residential and Commercial - Prime Location,"Residential and Commercial Building for Sale – Prime Location in Muharraq ,Sheikh Abdullah bin Isa Avenue.


Property Details:

- Land Size: 224 sqm

- Total Units: 11 Flats and 3 shops

- Each Apartment Includes:

  - 2 Bedrooms
  - 2 Bathrooms
  - Living Room
  - Kitchen

  - 8 Apartments with Individual Electricity Meters
  - 3 Apartments with 4 Studios sharing the building, main electricity meter
  - 3 Commercial Shops
  - Designated space available for elevator (lift) installation

- Income Details:

- Previous Monthly Income: BD 2,700
- Current Monthly Income: BD 2,200",,,,commercial_sale,,,,7+,7+,,,,YES,,,,,,,,,,,1,,,,320000,BHD,sell,,,,,,672,sqm,12,Muharraq,26.25,50.616668701171875,muharraq,AREA,Muharraq,3.12,,,,,,,4873,https://www.propertyfinder.bh/images/pf_agent/picture/35a2bd364245f51f3a8a22f8400f0c2cede50c8a/desktop,,Ahmed Alkuwaiti,a.alkuwaiti@underhill.bh,ahmed-alkuwaiti,,,,,,English|Arabic,,,a.alkuwaiti@underhill.bh,449,Underhill Real Estate,"Office 1805, Building 1565, Manama, 1722 Diplomatic Area, Capital Governorate, PO Box 11155",m.abul@underhill.bh,+97317000287,underhill-real-estate-449,,,,,,,,,,,,,,,,,,,,,,,,,,,,,,,,86,SE,SE,,,2026-06-05T09:09:08.616835+00:00,
53008383,53008383,Industrial Land WS - Prime Location - Asker,"Industrial Land for Sale – WS Classification (Workshops & Maintenance Services) in Askar Industrial Area

A great investment opportunity to own industrial land in one of Bahrain’s most active and strategically positioned industrial zones.

Property Details:

* Land Area: 453.5 sqm
* Equivalent to: approximately 4,881 sq ft
* Price per sq ft: BHD 14
* Total Price: approximately BHD 68,334

Key Features:

* WS zoning – ideal for workshops and maintenance services
* Strategic location with easy access to major roads
* Situated in a well-established industrial hub
* Suitable for investment or business operations

About the Area:
Askar Industrial Area is one of Bahrain’s key industrial districts, known for its well-developed infrastructure and dynamic commercial environment. The area hosts a wide range of workshops, factories, and service providers, making it a prime destination for businesses seeking efficiency, accessibility, and growth potential.

Secure your position in a high-demand industrial location with strong future returns.",,,,commercial_sale,,,,,,,,,,,,,,,,,,,,2,,,,68500,BHD,sell,,,,,,453,sqm,79,Askar,26.05678367614746,50.61648178100586,askar,AREA,Askar,1.79,,,,,,,4873,https://www.propertyfinder.bh/images/pf_agent/picture/35a2bd364245f51f3a8a22f8400f0c2cede50c8a/desktop,,Ahmed Alkuwaiti,a.alkuwaiti@underhill.bh,ahmed-alkuwaiti,,,,,,English|Arabic,,,a.alkuwaiti@underhill.bh,449,Underhill Real Estate,"Office 1805, Building 1565, Manama, 1722 Diplomatic Area, Capital Governorate, PO Box 11155",m.abul@underhill.bh,+97317000287,underhill-real-estate-449,,,,,,,,,,,,,,,,,,,,,,,,,,,,,,,,85,,,,,2026-06-05T09:09:08.616835+00:00,
946033,946033,Building for sale in Janabiya-Best investment deal,"Building for sale in Janabiya.                                                                                                                          
                                                                                                                                        
Land size: 607 sqm 
Build up: 2700 sqm 
Municipal Classification: BD (B6)
                                                                                                                               
6 apartments of 1 bedroom, 1 bathroom 
18 apartments of 2 master bedrooms, 3 bathrooms 
All apartments are fully furnished and equipped 
                                                                
Satellite
Intercome 
Gym
CCTV
                                                                                                 
Selling price 1,100,000 BHD
                                                                                      
For Communicate :
- Yana Soroka 38000907                                                                             
",,,,commercial_sale,,,,7+,7+,,,,YES,,,,,,,,,,,1,,,,1100000,BHD,sell,,,,,,607,sqm,48,Janabiya,26.185943603515625,50.46711349487305,janabiya,AREA,Janabiya,4.48,,,,,,,3848,https://www.propertyfinder.bh/images/pf_agent/picture/f8e6b8cdec94adc6daaae4ef11c842d7871eb49e/desktop,,Dafina Muca,Dafimuca@gmail.com,dafina-muca,,,,,,English|Albanian,,,Dafimuca@gmail.com,374,Al Janabiya Gate Real Estate,"Office 0, Building 0, Saar, 0, Northern Governorate, PO Box 0",mo7ammed222@yahoo.com,+97333321386,al-janabiya-gate-real-estate-374,,,,,,,,,,,,,,,,,,,,,,,,,,,,,,,,90,BA|SE|SY|LB|CP|AN,BA|SE|SY|LB|CP|AN,,,2026-06-05T09:09:08.616835+00:00,
1001069,1001069,Investment Building in Manama prime Location,"A unique opportunity to own an investment property in the heart of Manama, located on a busy and strategic street, with close proximity to all essential services and commercial facilities. The property is ideal for long-term investment.

Property Details:

	•	Land classification : RHB
	•	Land area: 61 sqm
	•	Current monthly income: BHD 419
	•	Electricity meters: 1
	•	Water meters: 1
	•	Building consists of a residential house comprising:
	•	5 Bedrooms
	•	2 Kitchens
	•	2 Bathrooms
	•	The property has been fully maintained and renovated

Asking Price:
BHD 49,000 (Negotiable)

Additional Features:
	•	Strategic and highly active commercial location
	•	Suitable for investment or redevelopment
	•	Strong rental potential in central Manama

For more information or personal viewings, please contact us on +97332225528 or +97317000287.

--------------------------------------------------------------------------------------------------------

Underhill Real Estate is a real estate brokerage company certified by the Real Estate Regulatory Authority (RERA) in Bahrain. We offer a comprehensive range of residential and commercial properties for sale and leasing across many areas in Bahrain.


--------------------------------------------------------------------------------------------------------",,,,commercial_sale,,,,2,2,,,,YES,,,,,,,,,,,3,,,,49000,BHD,sell,,,,,,61,sqm,136,Manama Downtown,26.23276138305664,50.57925033569336,manama-manama-downtown,COMMUNITY,Manama Downtown,5.34.136,,,,,,,4873,https://www.propertyfinder.bh/images/pf_agent/picture/35a2bd364245f51f3a8a22f8400f0c2cede50c8a/desktop,,Ahmed Alkuwaiti,a.alkuwaiti@underhill.bh,ahmed-alkuwaiti,,,,,,English|Arabic,,,a.alkuwaiti@underhill.bh,449,Underhill Real Estate,"Office 1805, Building 1565, Manama, 1722 Diplomatic Area, Capital Governorate, PO Box 11155",m.abul@underhill.bh,+97317000287,underhill-real-estate-449,,,,,,,,,,,,,,,,,,,,,,,,,,,,,,,,85,CP,CP,,,2026-06-05T09:09:08.616835+00:00,
51745439,51745439,Office for sale in a prime spot in Seef  district,"Offices for sale in Seef
In the heart of Seef district in a state-of-the-art technological advances commercial tower that will optimize productivity and efficiency. Special attention has been given to the needs of the most advanced business requirements, dynamic business world of today. The strategic location at Seef, dynamic infrastructure, and designer office spaces all guarantee to put you in the forefront of the business world.
Nearby to the leading malls, banks and other government offices, restaurants, gas station and 15 minutes’ drive to the King Fahad Saudi causeway.

Office Features: 
	Fully fitted and furnished
	Three executive offices
	One meeting room
	Reception and waiting area
	Pantry
	Glass partitions
	Central air-condition
	Full sea view 


 Building Features:
* Private entrances and access roads
*Smart technology features and security measures
* High-speed 5G fiber Internet access
* Customized and serviced offices
* Gymnasium, Outdoor Pool and Relaxation Area.
* Four high-speed passenger and one service elevators
* Five level of car parks
* Ample car park behind the building with back door access
* Ladies & gents health club with sauna and steam room
* Reception and lobby area


CENTURY 21 Real Estate is recognized as a leader in e-marketing and has received numerous awards. The Sales & Management team is committed to providing the highest standards of service and quality to all our owners, clients & tenants.

.
Call Century 21 Bahrain today for an appointment. # 17212000 / 39975430",,,,commercial_sale,,,,6,6,,,,YES,,,,,,,,,,,3,,,,140000,BHD,sell,,,,,,130,sqm,37,Seef,26.239999771118164,50.5369987487793,seef,AREA,Seef,5.37,,,,,,,4819,https://www.propertyfinder.bh/images/pf_agent/picture/87114e868f796e76723efd1269f8dd6ecfcd2f72/desktop,,Minguel Jacob Fernandes,michael@century21.bh,minguel-jacob-fernandes,,,,,,English|Arabic|Hindi,,,michael@century21.bh,5,Century 21 Bahrain,"Office 4th Floor, Building Zamil Tower, Manama, Government Avenue, Capital Governorate, PO Box 424",info@century21.bh,+97332166900,century-21-bahrain-5,,,,,,,,,,,,,,,,,,,,,,,,,,,,,,,,100,AN|AC|CP|SP|VW|SE|SY|DN|CR|LB,AN|AC|CP|SP|VW|SE|SY|DN|CR|LB,,,2026-06-05T09:09:08.616835+00:00,
51382539,51382539,Lavish office for sale in the heart of Seef,"Lavish office for sale in an award-winning commercial tower in the heart of Seef district. This 29-storey tower is facilitated for owners and tenants with ample amenities within the building and surrounded by leading financial institutions, banks, shopping malls, hotels, and resorts.

With easy access to King Fahad Causeway, Downtown Manama, and Bahrain International Airport. 

Office Features:
 Fully fitted and furnished with glass partitions
 Four executive offices
 One meeting room
 Reception and waiting area
 Pantry
 Toilets for gents and ladies
 Central air-condition
 Full sea and city view


Building Features:
* Private entrances and access roads
*Smart technology features and security measures
* High-speed 5G fiber Internet access
* Customized and serviced offices
* Gymnasium, Outdoor Pool and Relaxation Area.
* Four high-speed passenger and one service elevator
* Five levels of car parks
* Ample car park behind the building with back door access
* Ladies & gents health club with sauna and steam room
* Reception and lobby area


CENTURY 21 Real Estate is recognized as a leader in e-marketing and has received numerous awards. The Sales & Management team is committed to providing the highest standards of service and quality to all our owners, clients & tenants.

Call Century 21 Bahrain today for an appointment. # 17212000 / 39975430",,,,commercial_sale,,,,1,1,,,,YES,,,,,,,,,,,3,,,,135000,BHD,sell,,,,,,130,sqm,37,Seef,26.239999771118164,50.5369987487793,seef,AREA,Seef,5.37,,,,,,,4819,https://www.propertyfinder.bh/images/pf_agent/picture/87114e868f796e76723efd1269f8dd6ecfcd2f72/desktop,,Minguel Jacob Fernandes,michael@century21.bh,minguel-jacob-fernandes,,,,,,English|Arabic|Hindi,,,michael@century21.bh,5,Century 21 Bahrain,"Office 4th Floor, Building Zamil Tower, Manama, Government Avenue, Capital Governorate, PO Box 424",info@century21.bh,+97332166900,century-21-bahrain-5,,,,,,,,,,,,,,,,,,,,,,,,,,,,,,,,100,AN|AC|SE|DN|CR|LB|SP,AN|AC|SE|DN|CR|LB|SP,,,2026-06-05T09:09:08.616835+00:00,
1002660,1002660,A brand new medical facility building for sale,"A four storey brand new medical facility building for sale located in Galali and nearby to Amwaj Island and Diyar Al muharaq approval by NEHRA for medical facilities center.

> ENT clinic
> Dermatology and cosmetic
> Gynecology &obstetrics clinic
> Dental clinic
> General physician  clinic  
> Audiology
> X-Ray (radiology)
> Laboratory
> Pharmacy
> Physiotherapy

Basement:
> Twelve parking bays
> Fire Fighter facilities room

Ground floor
> Two passenger elevators
> Common Cafeteria
> Parking ambulances and visitors
> Power generator room

First floor:
> Common Bathrooms for ladies and gents
> Reception area
> Medical treatment room ( for potential ER room for future )
> Laboratory 
> X-Ray & ECG room
> Pharmacy
> Ultra sound room
> Medical director room ( can be also doctor office )
> Medical waste room
> Medical storage
>  IT room ( for CCTV and networking and data)

Second floor:
>  ENT CLINIC
> Audiology and speech therapy clinic
> Dental clinic
> General physician clinic
> Dentist doctor office 
> Canteen
> Medical storage room
> Medical waste room
> Sterilization room
> common bathroom for ladies and gents and for handicapped 

Third floor:
> Gynecology &obstetrics clinic
> Ultrasound room (potential for second gynecology & obstetrics room)
> Big procedure room
> Dermatology & cosmetic clinic
> Doctor office for dermatology and cosmetic clinic
> Sterilization room
> Vital sign room
> Medical storage room
> common bathroom for ladies and gents and for handicapped

4th floor:
> Physiotherapy room
> HR and administration room

Sale price BD. 975,000 negotiable.

CENTURY 21 Real Estate is recognized as a leader in e-marketing and has received numerous awards. The Sales & Management team is committed to providing the highest standards of service and quality to all our owners, clients & tenants.
Call Century 21 Bahrain today for an appointment on 17212000 / 39974530.",,,,commercial_sale,,,,7+,7+,,,,PARTLY,,,,,,,,,,,3,,,,975000,BHD,sell,,,,,,2000,sqm,93,Galali,26.266666412353516,50.650001525878906,galali,AREA,Galali,3.93,,,,,,,4819,https://www.propertyfinder.bh/images/pf_agent/picture/87114e868f796e76723efd1269f8dd6ecfcd2f72/desktop,,Minguel Jacob Fernandes,michael@century21.bh,minguel-jacob-fernandes,,,,,,English|Arabic|Hindi,,,michael@century21.bh,5,Century 21 Bahrain,"Office 4th Floor, Building Zamil Tower, Manama, Government Avenue, Capital Governorate, PO Box 424",info@century21.bh,+97332166900,century-21-bahrain-5,,,,,,,,,,,,,,,,,,,,,,,,,,,,,,,,100,AN|AC|CP|VW|SE|DN,AN|AC|CP|VW|SE|DN,,,2026-06-05T09:09:08.616835+00:00,
743823,743823,Restaurant building for sale in block 338 Adliya,"Bring your Business to Life in Adliya 338 and Become a Part of Bahrain&#39;s Thriving Cultural and Artistic Hub. prime location situated in the north-east of the island, is home to an abundance of bars and restaurants, and its combination of pedestrianized streets, al fresco dining spots and vibrant atmosphere can be viewed as an antidote to the high-rise hotels found elsewhere in the Kingdom of Bahrain.

Our spacious and charming location features both indoor and outdoor seating, perfect for creating a cozy and inviting ambiance. The interior boasts high ceilings, large windows and an open floor plan, allowing for ample natural light and flexibility in setting up your business.

CENTURY 21 Real Estate is recognized as a leader in e-marketing and has received numerous awards. The Sales &amp; Management team is committed to providing the highest standards of service and quality to all our owners, clients &amp; tenants.

Call Century 21 Bahrain today for an appointment on 17212000 / 39975430",,,,commercial_sale,,,,6,6,,,,PARTLY,,,,,,,,,,,3,,,,700000,BHD,sell,,,,,,700,sqm,95,Adliya,26.214487075805664,50.584754943847656,manama-adliya,AREA,Adliya,5.34.95,,,,,,,4819,https://www.propertyfinder.bh/images/pf_agent/picture/87114e868f796e76723efd1269f8dd6ecfcd2f72/desktop,,Minguel Jacob Fernandes,michael@century21.bh,minguel-jacob-fernandes,,,,,,English|Arabic|Hindi,,,michael@century21.bh,5,Century 21 Bahrain,"Office 4th Floor, Building Zamil Tower, Manama, Government Avenue, Capital Governorate, PO Box 424",info@century21.bh,+97332166900,century-21-bahrain-5,,,,,,,,,,,,,,,,,,,,,,,,,,,,,,,,100,AN|DN,AN|DN,,,2026-06-05T09:09:08.616835+00:00,
51692274,51692274,Prime location | Great ROI | 6 Units,"An excellent investment opportunity in the heart of Manama, located in the Al Awadiya area. This property is ideal for investors seeking steady rental income with potential for future development in a high-demand location.
Property Details:
Total Apartments: 6 units
Each apartment features:
2 Bedrooms
1 Bathroom
Living room
Kitchen
Built-up Area: 363 sqm
Land Area: 121 sqm
Corner Plot with access to 2 streets, enhancing visibility and potential development
7 Separate Electricity Meters
All apartments fully renovated, ready for immediate occupancy
The building’s corner location provides excellent exposure and flexibility for expansion or redevelopment. Its central location in Al Awadiya, Manama, ensures strong rental demand and easy access to nearby commercial and residential amenities.
Income Details:
Current Monthly Rental Income: BHD 670
Electricity paid directly by tenants, simplifying management
Fully renovated apartments ensure minimal maintenance costs and stable tenancy
This property offers an immediate income stream with a reliable and established tenant base, making it an attractive choice for investors seeking both short-term returns and long-term appreciation.
Development Potential:
The property is suitable for redevelopment or expansion.
Corner plot and strategic location allow potential to increase the number of units or add value through modernization.
Asking Price:
BHD 115,000",,,,commercial_sale,,,,6,6,,,,NO,,,,,,,,,,,1,,,,115000,BHD,sell,,,,,,121,sqm,34,Manama,26.21666717529297,50.58333206176758,manama,AREA,Manama,5.34,,,,,,,6647,https://www.propertyfinder.bh/images/pf_agent/picture/738458e1c2e4bc60820d88244e5eaceb2005ab6e/desktop,,Ammar Zekrait,ammarzikrat@gmail.com,ammar-zekrait,,,,,,English|Arabic|Hindi,,,ammarzikrat@gmail.com,600,DAMAC REALESTATE ESTABLISHMENT,"Office 24, Building 1495, Tubli, 1127, Central Governorate, ",ammarzikrat@gmail.com,+97339922003,damac-realestate-establishment-600,,,,,,,,,,,,,,,,,,,,,,,,,,,,,,,,84,SE,SE,,,2026-06-05T09:09:08.616835+00:00,
972926,972926,Great ROI | Prime Location | New Building,"Building in Juffer area good location close to restaurant and shopping area by walk 2 minutes.
Description of the building :
- land area squire meter 508
-  On 2 road front and back
- 9 story building 
- Total of 24 apartments (6 of 2 bedroom and living area, 6 studio , 12 of one bedroom with living area)
- Facilities (swimming pool, gem, massage and spa)
- Include permission of hotel apartment 
- Car parking for 24 cars in ground and first flour 
- Semi furniture 
- Central A/C
- Land 508 square meter
-",,,,commercial_sale,,,,7+,7+,,,,PARTLY,,,,,,,,,,,3,,,,1300000,BHD,sell,,,,,,508,sqm,26,Al Juffair,26.211111068725586,50.601112365722656,al-juffair,AREA,Al Juffair,5.26,,,,,,,6647,https://www.propertyfinder.bh/images/pf_agent/picture/738458e1c2e4bc60820d88244e5eaceb2005ab6e/desktop,,Ammar Zekrait,ammarzikrat@gmail.com,ammar-zekrait,,,,,,English|Arabic|Hindi,,,ammarzikrat@gmail.com,600,DAMAC REALESTATE ESTABLISHMENT,"Office 24, Building 1495, Tubli, 1127, Central Governorate, ",ammarzikrat@gmail.com,+97339922003,damac-realestate-establishment-600,,,,,,,,,,,,,,,,,,,,,,,,,,,,,,,,84,BA|AN|AC|CP|PG|PP|SY|CR|LB,BA|AN|AC|CP|PG|PP|SY|CR|LB,,,2026-06-05T09:09:08.616835+00:00,
982802,982802,Freehold Land | for Sale | in Diyar Al Muharraq,"Prime Residential Investment Opportunity
A valuable opportunity to acquire a freehold land available for all nationalities, located in the well-planned area of Diyar Al Muharraq. This area continues to attract strong demand for residential investment projects, making it a suitable choice for investors seeking long-term stability and growth.
Strategic Location and Accessibility
The land enjoys a prime position with frontage on two streets, front and back, providing excellent accessibility and flexibility in design. This advantage enhances project efficiency and adds practical value for future residential development within a modern urban environment.
Flexible Development Potential
With a land size of 1,171 sqm and zoning classification BD – B6, the property is ideal for a residential investment project. The zoning allows efficient planning and development aligned with market demand in Diyar Al Muharraq.
Investment Highlights
Offered at BHD 31.7 per sq ft, this freehold land represents a stable investment opportunity. Ownership availability for all nationalities increases liquidity and long-term value, particularly in a continuously developing residential area.

Property Specifications
•	Property Type: Residential Investment Land
•	Ownership: Freehold (All Nationalities)
•	Location: Diyar Al Muharraq
•	Zoning: BD – B6
•	Land Size: 1,171 sqm
•	Streets: Two (Front & Back)
•	Price per sq ft: BHD 31.7

Key Features
•	Freehold ownership
•	Two-street frontage
•	Prime location in Diyar Al Muharraq
•	Suitable for residential investment
•	High planning flexibility
•	Strong long-term potential

Freehold Land, Diyar Al Muharraq, Residential Land, Investment Opportunity, Bahrain Real Estate, Two Street Plot, Land for Sale
",,,,commercial_sale,,,,,,,,,,,,,,,,,,,,1,,,,400000,BHD,sell,,,,,,1171,sqm,129,Diyar Al Muharraq,26.31142234802246,50.64306640625,diyar-al-muharraq,COMMUNITY,Diyar Al Muharraq,3.129,,,,,,,7243,https://www.propertyfinder.bh/images/pf_agent/picture/9e28112a0470143d5b784437a2cb763af8e2949a/desktop,,Samer Mohammed,casabilla22@gmail.com,samer-mohammed,,,,,,English|Arabic,,,casabilla22@gmail.com,1226,Casabilla Real Estate,"Office 34, Building 1849, AL Hidd, 1121, Muharraq Governorate, PO Box 111",casabilla22@gmail.com,+97333525804,casabilla-real-estate-v2-1226,,,,,,,,,,,,,,,,,,,,,,,,,,,,,,,,94,,,,,2026-06-05T09:09:08.616835+00:00,
53654672,53654672,Residential building in a quit area,"Residential building in a quit area In Hamala
Classification: ws**
Area:356 m sqm
Price: 70000 BHD | Negotiable
Roads: 1

Features & Amenities: Asphalt Road, Sanitary Network, Street Lighting


Why Grnata? Your decision to select Grnata as a licensed group of companies in the field of real estate will lead you to many benefits such as:

         Qualified consultants in the Bahrain market
         Study and analysis of the investment’s opportunity
         A group of professional teams that are able to provide all real estate services.

Grnata is the leading real estate company in the Kingdom of Bahrain. Grnata and as seen by observers of the movement of the real estate market has taken its place in the real estate market, knocked off the pioneer, and gained the confidence of the stakeholders in the nation",,,,commercial_sale,,,,7+,7+,,,,NO,,,,,,,,,,,3,,,,70000,BHD,sell,,,,,,356,sqm,78,Hamala,26.140336990356445,50.478271484375,hamala,AREA,Hamala,4.78,,,,,,,6859,https://www.propertyfinder.bh/images/pf_agent/picture/b26244548b5106f02a70355b27c0b815c379c15e/desktop,,Zainab Al Yahya,zainab.alyahya@grnata.com,zainab-al-yahya,,,,,,,,,zainab.alyahya@grnata.com,670,Grnata,"Office 0, Building 0, Seef, 0, Capital Governorate, ",husain.jalil@grnata.com,+97337334334,grnata-670,,,,,,,,,,,,,,,,,,,,,,,,,,,,,,,,100,CP,CP,,,2026-06-05T09:09:08.616835+00:00,
53460425,53460425,Prime land for sale – don't miss this opportunity!,"Prime Investment Opportunity: Premium Residential Land for Sale in Buri
Are you searching for the perfect location to build your dream villa or a high-value residential project? Homex Properties is proud to present this exceptional plot of land located in the peaceful and highly sought-after neighborhood of Buri, Bahrain. This property offers a unique blend of strategic location, spacious dimensions, and a highly competitive price point, making it an ideal choice for both savvy investors and families seeking privacy.
Technical Specifications:
Spanning a generous total area of 890 Square Meters, this plot provides immense flexibility for architectural creativity. Whether you envision a grand luxury estate with expansive gardens and a private pool or a modern residential development, the plot’s well-proportioned dimensions (35.6m x 25.0m) allow for maximum efficiency in space utilization and construction planning.
Location & Zoning:
Situated in the heart of Buri, the land benefits from a serene environment while remaining closely connected to Bahrain’s major highways, ensuring easy commuting. The plot is categorized under the B3 zoning classification, offering excellent building parameters. Furthermore, the land is positioned on a main street, providing clear frontage and effortless access, away from congested residential pockets.
Exceptional Investment Value:
Offered at an attractive total price of BHD 200,000, which translates to a competitive rate of BHD 20.9 per square foot, this property represents a significant opportunity in today’s market. Buri continues to show steady appreciation in property values, making this a secure asset for long-term capital growth.
Key Features at a Glance:
• Expansive Area: 890 m² of prime residential land.
• Strategic Zoning: B3 classification allowing for versatile construction options.
• Competitive Pricing: One of the best price-to-area ratios in the district.
• Professional Reference: Property Reference AL254 is available for im",,,,commercial_sale,,,,,,,,,,,,,,,,,,,,1,,,,200000,BHD,sell,,,,,,890,sqm,36,Buri,26.14974594116211,50.50010299682617,buri,AREA,Buri,4.36,,,,,,,7741,https://www.propertyfinder.bh/images/pf_agent/picture/c276d9e1ea0495738310dce1044318a34d7587fc/desktop,,zainab shaker,Zainab.homex@gmail.com,zainab-shaker,,,,,,,,,Zainab.homex@gmail.com,1231,HOMEX PROPERTIES,"Office 0, Building 118ر, Budaiya, 79 AVENUE 79, Northern Governorate, PO Box 449",sajj52025@gmail.com,+97134343412,homex-properties-v2-1231,,,,,,,,,,,,,,,,,,,,,,,,,,,,,,,,100,,,,,2026-06-05T09:09:08.616835+00:00,
53433138,53433138,Prime investment land in tubli,"--
 Exceptional Investment Opportunity: Strategically Located Land with Ideal Classification in the Heart of Tubli
We are proud to present an extraordinary real estate and investment opportunity in one of the most vibrant and highly sought-after districts in the Kingdom of Bahrain. This premium plot is meticulously selected for investors and homebuyers seeking the perfect balance between residential tranquility and urban accessibility.
## Strategic Location and Unmatched Connectivity
Situated in the heart of Tubli, a region renowned for its consistently appreciating property values, this plot offers unparalleled logistical advantages. Its prime position ensures seamless access to Bahrain’s major highways, placing you just minutes away from the capital city of Manama, Juffair, Sitra, and the King Fahd Causeway. Residing or investing here means being at the epicenter of convenience, surrounded by the Kingdom’s leading shopping malls, upscale dining destinations, and elite educational and medical institutions.
## Space, Potential, and Architectural Flexibility
Spanning a generous area of 928.5 square meters, this plot offers the ideal canvas for high-end development. Such a substantial area provides developers and owners with maximum flexibility to design and execute bespoke projects—whether it be a grand luxury villa with expansive private gardens and amenities or a premium residential complex tailored to meet current market demands. Large plots with such well-proportioned frontage are increasingly rare in the Tubli area, making this a highly coveted asset.
## Strategic B3 Classification
The land is designated under the B3 classification, a prestigious category that unlocks a wide range of development possibilities. This classification significantly enhances the",,,,commercial_sale,,,,,,,,,,,,,,,,,,,,2,,,,600000,BHD,sell,,,,,,9285,sqm,98,Tubli,26.188888549804688,50.54999923706055,tubli,AREA,Tubli,2.98,,,,,,,7741,https://www.propertyfinder.bh/images/pf_agent/picture/c276d9e1ea0495738310dce1044318a34d7587fc/desktop,,zainab shaker,Zainab.homex@gmail.com,zainab-shaker,,,,,,,,,Zainab.homex@gmail.com,1231,HOMEX PROPERTIES,"Office 0, Building 118ر, Budaiya, 79 AVENUE 79, Northern Governorate, PO Box 449",sajj52025@gmail.com,+97134343412,homex-properties-v2-1231,,,,,,,,,,,,,,,,,,,,,,,,,,,,,,,,100,,,,,2026-06-05T09:09:08.616835+00:00,
953863,953863,Commercial Building for Sale in Qudaibiya,"

Commercial Building for Sale in Qudaibiya – Corner Plot on Two Streets

Property Features:
- Location: Qudaibiya, Manama – on a prominent corner  
- Land Size: 332.6 SQM  
- Built-up Area: 1,160 SQM  
- Total Units:  
  - 8 Commercial Shops  
  - 18 Residential Apartments  
- Monthly Rental Income: BHD 4,500  
- Asking Price: BHD 500,000  

About Qudaibiya Area:  
Qudaibiya is one of the most active commercial and residential hubs in central Manama. Known for its high foot traffic, accessibility, and proximity to government offices, embassies, restaurants, and retail outlets, it is an ideal location for steady rental income and long-term investment growth.

The building's location on two streets ensures maximum visibility for shops and easy access for tenants—making it a prime opportunity for investors looking for stable returns in the heart of the capital.",,,,commercial_sale,,,,7+,7+,,,,YES,,,,,,,,,,,1,,,,500000,BHD,sell,,,,,,332,sqm,80,Gudaibiya,26.218677520751953,50.59382247924805,manama-gudaibiya,AREA,Gudaibiya,5.34.80,,,,,,,3153,https://www.propertyfinder.bh/images/pf_agent/picture/e2b5103d7ada97b440c470df194487ee17be6a92/desktop,,Hesham Ismaeel,hesham@icarlton.com,hesham-ismaeel,,,,,,English|Arabic,,,hesham@icarlton.com,32,Carlton Real Estate,"Office 141, Building 1012, Seef, Road 3621 Block 436, Capital Governorate, PO Box 0",info@icarlton.com,+97336667000,carlton-real-estate-32,,,,,,,,,,,,,,,,,,,,,,,,,,,,,,,,90,BA,BA,,,2026-06-05T09:09:08.616835+00:00,
996065,996065,Prime Commercial Land for Sale – GCC Main Road,"Exceptional opportunity to acquire a large commercial plot on the GCC Main Road, one of Bahrain’s most prominent commercial corridors, on the same road as Toyota, Nissan, Porsche, and Euro Motors showrooms.
	•	Land Size: 5,500 sqm
	•	Zoning: Commercial
	•	Location: GCC Main Road
	•	Frontage: Main road exposure
	•	Surroundings: Established automotive and commercial brands
	•	Accessibility: High visibility and excellent traffic flow

This plot is ideal for developing a showroom, automotive-related business, corporate headquarters, commercial complex, or other high-profile commercial projects in a proven business location.

Price: BHD 2,400,000

For further details or to arrange a site visit, please contact us.",,,,commercial_sale,,,,,,,,,,,,,,,,,,,,1,,,,2400000,BHD,sell,,,,,,5500,sqm,69,Sitra,26.162988662719727,50.6124267578125,sitra,AREA,Sitra,2.69,,,,,,,2490,https://www.propertyfinder.bh/images/pf_agent/picture/2f374a174d50f7bf9ab84b1472e91eb062f28a8d/desktop,,Yusuf Alsobaiei,ysubaie@icloud.com,yusuf-alsobaiei,,,,,,English|Arabic|Spanish,,,ysubaie@icloud.com,403,Aqaratcom For Real Estate,"Office Shop 952,, Building Block 905, Al Riffa, Road 525, Southern Governorate, ",ysubaie@icloud.com,+97337733373,aqaratcom-for-real-estate-403,,,,,,,,,,,,,,,,,,,,,,,,,,,,,,,,82,,,,,2026-06-05T09:09:08.616835+00:00,
53574806,53574806,Commercial/Industrial Building for Sale in Sanad,"Commercial/Industrial Building for Sale in Sanad

The property is a 4-story industrial building. The ground floor contains 4 shops with a mezzanine level at the front and one shop on the side of the building. It also includes an elevator and a guard's room.

The first floor contains 3 offices.
The second floor contains 3 apartments.
The third floor contains 3 apartments.
The building sits on a 580 square meter plot.
The building is approximately 16 years old.
The monthly income is 1950 Bahraini Dinars.
The asking price is 350 Bahraini Dinars, negotiable.

For more information, please contact:

36459593 Nizar Al-Saghir

39993932 Abdul Fattah Hassan
Masar Al-Mustaqbal Real Estate Office
We seek all types of properties directly from owners.",,,,commercial_sale,,,,7+,7+,,,,YES,,,,,,,,,,,2,,,,350000,BHD,sell,,,,,,580,sqm,38,Sanad,26.149999618530273,50.58333206176758,sanad,AREA,Sanad,2.38,,,,,,,6368,https://www.propertyfinder.bh/images/pf_agent/picture/95a2e2429d6b104ab5fc520845493addf1bb5974/desktop,,Abdulfattah Ali,Future7366@gmail.com,abdulfattah-ali,,,,,,English|Arabic,,,Future7366@gmail.com,1125,Masar Al Mustaqbal Real Estate,"Office 22, Building 584, Saar, 5314, Northern Governorate, PO Box 000",future7366@gmail.com,+97339993932,abdulfattah-hasan-abdulla-ali-1125,,,,,,,,,,,,,,,,,,,,,,,,,,,,,,,,88,BA|AN|CP|SE,BA|AN|CP|SE,,,2026-06-05T09:09:08.616835+00:00,
985494,985494,Fully Rented - Prime Location - Income,"3 Storey Building at a prime location in Riffa , great opportunity for people seeking real estate investment.

Land size: 230 sqm


The building consists of a total of 11 Apartments..
The  Apartments consist of :

2 Bedrooms, 2 Bathrooms, Living room, Closed Kitchen.

For more information or personal viewing, please contact us on +9733222528 or +97317000287.

----------------------------------------------


Underhill Real Estate is a real estate brokerage company certified by the Real Estate Regulatory Authority (RERA) in Bahrain. We offer a comprehensive range of residential and commercial properties for sale and leasing across many areas in Bahrain. We provide the best and cost-effective real estate solutions to our clients.",,,,commercial_sale,,,,7+,7+,,,,YES,,,,,,,,,,,1,,,,245000,BHD,sell,,,,,,230,sqm,49,Riffa,26.130512237548828,50.55546569824219,riffa,AREA,Riffa,1.49,,,,,,,4873,https://www.propertyfinder.bh/images/pf_agent/picture/35a2bd364245f51f3a8a22f8400f0c2cede50c8a/desktop,,Ahmed Alkuwaiti,a.alkuwaiti@underhill.bh,ahmed-alkuwaiti,,,,,,English|Arabic,,,a.alkuwaiti@underhill.bh,449,Underhill Real Estate,"Office 1805, Building 1565, Manama, 1722 Diplomatic Area, Capital Governorate, PO Box 11155",m.abul@underhill.bh,+97317000287,underhill-real-estate-449,,,,,,,,,,,,,,,,,,,,,,,,,,,,,,,,82,BA|AN|CP|SE|LB,BA|AN|CP|SE|LB,,,2026-06-05T09:09:08.616835+00:00,
53599983,53599983,Residential Building For Sale In Zing,"## Prime Location: Zinj, Bahrain
Nestled in the highly sought-after Zinj district, this modern residential tower stands as a premier address in Bahrain's Capital Governorate. The building occupies a strategic corner plot, offering seamless connectivity to both the bustling Salmaniya area and the vibrant Tubli highway. Residents benefit from immediate access to the prestigious Royal Bahrain Hospital, several top-tier international schools, and popular retail destinations like the Galleria Mall. [1] 
## Contemporary Architectural Design
The structure rises 12 storeys high, showcasing sleek contemporary architecture with a striking glass-and-concrete facade. Expansive floor-to-ceiling windows wrap around the building, maximizing natural light and offering panoramic urban views of the Manama skyline. The ground level features a grand, double-height reception lobby finished in premium Italian marble, creating an immediate sense of luxury for residents and visitors alike.
## Premium Residential Units
The tower houses 48 meticulously planned apartments, divided equally into spacious two-bedroom and three-bedroom configurations. Each unit features:

* An open-concept living and dining layout.
* A fully fitted kitchen with integrated Bosch appliances.
* En-suite bathrooms with contemporary sanitary ware.
* A private balcony with glass balustrades.
* Centralized ducted AC with individual zone controls.
* Separate maid's quarters with dedicated laundry space. [2, 3, 4] 

## Elite Amenities & Infrastructure
The property delivers a resort-like lifestyle through a dedicated recreation floor. Residents enjoy access to a temperature-controlled rooftop swimming pool, a fully equipped state-of-the-art gymnasium, and a secure indoor children's play area. Practical infrastructure includes two high-speed Mitsubishi elevators, a comprehensive 24/7 CCTV security network, and two levels of secure, access-controlled basement parking.
If you are evaluating this property, please share your sd",,,,commercial_sale,,,,7+,7+,,,,PARTLY,,,,,,,,,,,3,,,,300000,BHD,sell,,,,,,515,sqm,24,Zinj,26.2102108001709,50.56403350830078,manama-zinj,AREA,Zinj,5.34.24,,,,,,,3725,https://www.propertyfinder.bh/images/pf_agent/picture/520754d2180ed408c9803629760d80fe883162d3/desktop,,Husain A. Jalil,husain.jalil@grnata.com,husain-a-jalil,,,,,,English|Arabic,,,husain.jalil@grnata.com,670,Grnata,"Office 0, Building 0, Seef, 0, Capital Governorate, ",husain.jalil@grnata.com,+97337334334,grnata-670,,,,,,,,,,,,,,,,,,,,,,,,,,,,,,,,100,BA|AN,BA|AN,,,2026-06-05T09:09:08.616835+00:00,
53058819,53058819,For Sale: Commercial Building in Al-Hawra  Abu Dha,"Hawra

Abu Dharr Al-Ghafari Street – Prime location, close to all services
Area: 153 m²
Classification: BRF

Building Details:
2 commercial shops
11 residential apartments:
5 one-bedroom apartments with living room, kitchen, and bathroom
5 one-bedroom apartments with kitchen and bathroom
1 two-bedroom apartment

Monthly Income: 2,100 Dinar
Asking Price: 200,000 Dinar (negotiable)

Strong investment opportunity with stable income
Excellent location and easy to rent
Suitable for investors

For inquiries and contact:
Mahmoud Hussein, Bayt Maleeh Real Estate Office
66661042
Hawra

Abu Dharr Al-Ghafari Street – Prime location, close to all services
Area: 153 m²
Classification: BRF

Building Details:
2 commercial shops
11 residential apartments:
5 one-bedroom apartments with living room, kitchen, and bathroom
5 one-bedroom apartments with kitchen and bathroom
1 two-bedroom apartment

Monthly Income: 2,100 Dinar
Asking Price: 200,000 Dinar (negotiable)

Strong investment opportunity with stable income
Excellent location and easy to rent
Suitable for investors

For inquiries and contact:
Mahmoud Hussein, Bayt Maleeh Real Estate Office
66661042",,,,commercial_sale,,,,7+,7+,,,,YES,,,,,,,,,,,3,,,,200000,BHD,sell,,,,,,152,sqm,122,Exhibition Road,26.231962203979492,50.59507369995117,hoora-exhibition-road,COMMUNITY,Exhibition Road,5.14.122,,,,,,,2633,https://www.propertyfinder.bh/images/pf_agent/picture/3d7af654eca3db8fedbcb838b490e17d079df959/desktop,,Abdulla Al Samahiji,bmcr_0@hotmail.com,abdulla-al-samahiji,,,,,,English|Arabic,,,bmcr_0@hotmail.com,447,BMCR,"Office 359, Building 321, Gudaibiya, 118, Capital Governorate, PO Box Manama",bmcr_0@hotmail.com,+97339446492,bmcr-447,,,,,,,,,,,,,,,,,,,,,,,,,,,,,,,,100,BA|AN|AC|CP|LB|SY|SP,BA|AN|AC|CP|LB|SY|SP,,,2026-06-05T09:09:08.616835+00:00,
53033940,53033940,For sale: Commercial building in Al-Qudaih   Excel,"For sale: Commercial building in Al-Qudaih  
Excellent location, on a corner with two streets  
Area: 146 sq.m  
Consists of three shops, 4 apartments, and a storage room  
Apartment details:  
4 apartments, each with 2 rooms, 2 bathrooms, living room, and kitchen  
Current income: 1,200 Dinars, electricity paid by tenants  
One shop and one apartment are currently for rent  
Income after renting the shop and apartment: 1,650 Dinars net  
Asking price: 265,000 Dinars  
For inquiries and contact:  
Mahmoud Hussein, Beit Malih Real Estate Office  
66661042
























For sale: Commercial building in Al-Qudaih  
Excellent location, on a corner with two streets  
Area: 146 sq.m  
Consists of three shops, 4 apartments, and a storage room  
Apartment details:  
4 apartments, each with 2 rooms, 2 bathrooms, living room, and kitchen  
Current income: 1,200 Dinars, electricity paid by tenants  
One shop and one apartment are currently for rent  
Income after renting the shop and apartment: 1,650 Dinars net  
Asking price: 265,000 Dinars  
For inquiries and contact:  
Mahmoud Hussein, Beit Malih Real Estate Office  
66661042",,,,commercial_sale,,,,6,6,,,,YES,,,,,,,,,,,3,,,,265000,BHD,sell,,,,,,146,sqm,80,Gudaibiya,26.218677520751953,50.59382247924805,manama-gudaibiya,AREA,Gudaibiya,5.34.80,,,,,,,2633,https://www.propertyfinder.bh/images/pf_agent/picture/3d7af654eca3db8fedbcb838b490e17d079df959/desktop,,Abdulla Al Samahiji,bmcr_0@hotmail.com,abdulla-al-samahiji,,,,,,English|Arabic,,,bmcr_0@hotmail.com,447,BMCR,"Office 359, Building 321, Gudaibiya, 118, Capital Governorate, PO Box Manama",bmcr_0@hotmail.com,+97339446492,bmcr-447,,,,,,,,,,,,,,,,,,,,,,,,,,,,,,,,100,BA|AN|CP|LB|CR|SY,BA|AN|CP|LB|CR|SY,,,2026-06-05T09:09:08.616835+00:00,
53008371,53008371,FOR SALE BUILDING IN QUDAIBIYA TEAM AL KHADRA  For,"FOR SALE BUILDING IN QUDAIBIYA TEAM AL KHADRA

For sale a residential and commercial building in a prime location in Qudaibiya Team Al Khadra close to all services and main roads

Property Details
Area 80 square meters
Consists of one commercial shop
And three residential apartments
Each apartment consists of two bedrooms

Property Features
Prime and strategic location
Suitable investment property
Good rental potential

Asking price 90000 Bahraini Dinars negotiable

For inquiries and contact
66661042

FOR SALE BUILDING IN QUDAIBIYA TEAM AL KHADRA

For sale a residential and commercial building in a prime location in Qudaibiya Team Al Khadra close to all services and main roads

Property Details
Area 80 square meters
Consists of one commercial shop
And three residential apartments
Each apartment consists of two bedrooms

Property Features
Prime and strategic location
Suitable investment property
Good rental potential

Asking price 90000 Bahraini Dinars negotiable

For inquiries and contact
66661042

FOR SALE BUILDING IN QUDAIBIYA TEAM AL KHADRA

For sale a residential and commercial building in a prime location in Qudaibiya Team Al Khadra close to all services and main roads

Property Details
Area 80 square meters
Consists of one commercial shop
And three residential apartments
Each apartment consists of two bedrooms

Property Features
Prime and strategic location
Suitable investment property
Good rental potential

Asking price 90000 Bahraini Dinars negotiable

For inquiries and contact
66661042",,,,commercial_sale,,,,6,6,,,,YES,,,,,,,,,,,3,,,,80000,BHD,sell,,,,,,80,sqm,80,Gudaibiya,26.218677520751953,50.59382247924805,manama-gudaibiya,AREA,Gudaibiya,5.34.80,,,,,,,2633,https://www.propertyfinder.bh/images/pf_agent/picture/3d7af654eca3db8fedbcb838b490e17d079df959/desktop,,Abdulla Al Samahiji,bmcr_0@hotmail.com,abdulla-al-samahiji,,,,,,English|Arabic,,,bmcr_0@hotmail.com,447,BMCR,"Office 359, Building 321, Gudaibiya, 118, Capital Governorate, PO Box Manama",bmcr_0@hotmail.com,+97339446492,bmcr-447,,,,,,,,,,,,,,,,,,,,,,,,,,,,,,,,100,BA|AN|AC,BA|AN|AC,,,2026-06-05T09:09:08.616835+00:00,
53821497,53821497,Commercial | Ready-made engineering plans,"Commercial land for sale in Askar
Classification: RTA
With completed and paid engineering plans
Area: 1000 square meters
Asking price: 16 dinars per square foot
............................................................................................................................................
للبيع أرض تجارية في عسكر
التصنيف: RTA
عليها خرايط هندسية جاهزه ومدفوعه
المساحة: 1000 متر مربع
المطلوب: 16 دينار للقدم
..............................................................................................................................................................................................................................................................................................................................................................",,,,commercial_sale,,,,,,,,,,,,,,,,,,,,3,,,,172224,BHD,sell,,,,,,1000,sqm,79,Askar,26.05678367614746,50.61648178100586,askar,AREA,Askar,1.79,,,,,,,7503,https://www.propertyfinder.bh/images/pf_agent/picture/0fab1df89475b4ecb070e88e4de28ec3de09d530/desktop,,Al Lagoon Real Estate ,allagoonbh@gmail.com,al-lagoon-real-estate,,,,,,,,,allagoonbh@gmail.com,1265,Al Lagoon Properties,"Office 21, Building 603, Nuwaidrat, 46, Central Governorate, PO Box 646",allagoonbh@gmail.com,+97337222529,al-lagoon-properties-v2-1265,,,,,,,,,,,,,,,,,,,,,,,,,,,,,,,,100,,,,,2026-06-05T09:09:08.616835+00:00,
51930370,51930370,"Stable income, two streets, vibrant, fully leased.","A ready investment property in a vibrant area of Jidhafs, overlooking two streets—one of which is commercial—and close to all essential services, ensuring high demand and stable monthly income.

Property Details:

Location: Jidhafs

Land Area: 840 sqm

Property Type: Residential–Commercial Building

Description:

12 Residential Apartments

2 Commercial Shops

Total Monthly Income: BHD 1,480

Additional Features:

Prime central location overlooking two streets

Fully rented and income-generating

Stable and reliable cash flow

Suitable for long-term investment

An ideal opportunity to acquire a property at land value with immediate rental return in a high-demand area.
Price: Negotiable


----------------------

For more information contact us at +973 17007999

Viewings are by appointment only.

www .M2bh.com

----------------------

M² Square Meter Real Estate
A company licensed by the Real Estate Regulatory Authority (RERA), specializing in real estate brokerage, investment consultancy, and property management in the Kingdom of Bahrain.

M² Square Meter Real Estate is the dedicated real estate arm of Jobar, a well-known Bahraini company with over 25 years of distinguished experience and a long-standing reputation for delivering professional and reliable services across multiple sectors.

We uphold our motto, “Every Meter Matters,” by offering integrated property solutions tailored to meet our clients’ investment objectives and residential aspirations.",,,,commercial_sale,,,,7+,7+,15,15,,YES,,,,,,,,,,,3,,,,279000,BHD,sell,,,,,,840,sqm,7,Jidhafs,26.21967315673828,50.53300476074219,jidhafs,AREA,Jidhafs,4.7,,,,,,,7360,https://www.propertyfinder.bh/images/pf_agent/picture/aeaeec71e1805f5aba00006aec1f6d9dcdbb2004/desktop,,MUSTAFA mohamed ,Mustafa.m2bh@gmail.com,mustafa-mohamed,,,,,,,,,Mustafa.m2bh@gmail.com,1163,M2 SQUARE METER,"Office 163, Building 58, Manama, 1701 R 1701, Capital Governorate, PO Box 317",abdulla@m2bh.com,+97317007999,m2-square-meter-1163,,,,,,,,,,,,,,,,,,,,,,,,,,,,,,,,100,CP,CP,,,2026-06-05T09:09:08.616835+00:00,
51233655,51233655,"Stunning View, Practical Layout, Fully Furnished","Ready-to-Move Office in a Prime Location – Diplomatic Area

A fully equipped office with all furniture and office essentials, located in the prestigious Diplomatic Area. It enjoys a strategic position in the heart of Bahrain’s financial and business district, offering a stunning view of key landmarks and close proximity to essential services. An ideal choice for companies and entrepreneurs seeking a prestigious and easily accessible address with a private shaded parking space.

Office Details:
Area: 80 sqm
3 separate offices
Reception area
1 bathroom
Comfortable lounge area
Pantry
2 spacious balconies
Private shaded parking space.

Features:
Fully furnished and equipped with complete office requirements
Prime commercial location
Direct street view
Practical layout suitable for administrative operations
Multiple parking spaces available in front of the building

Asking Price: Negotiable

-------------------------------

For more information or to schedule a private viewing, please contact us at +973 17007999

Viewings are conducted by appointment only.

Website: www .M2bh.com

-------------------------------

M² Square Meter Real Estate
A company licensed by the Real Estate Regulatory Authority (RERA), specializing in real estate brokerage, investment consultancy, and property management in the Kingdom of Bahrain.

M² Square Meter Real Estate is the dedicated real estate arm of Jobar, a well-known Bahraini company with over 25 years of distinguished experience and a long-standing reputation for delivering professional and reliable services across multiple sectors.

The company is managed and supervised by a team of expert real estate consultants, ensuring high-level professional standards in providing comprehensive real estate and investment solutions.

We uphold our motto, “Every Meter Matters,” by offering integrated property solutions tailored to meet our clients’ investment objectives and residential aspiratio",,,,commercial_sale,,,,1,1,3,3,,YES,,,,,,,,,,,3,,,,75000,BHD,sell,,,,,,80,sqm,116,Diplomatic Area,26.240070343017578,50.587345123291016,manama-diplomatic-area,COMMUNITY,Diplomatic Area,5.34.116,,,,,,,6967,https://www.propertyfinder.bh/images/pf_agent/picture/ec6e7d0cb916ec201651e129b50f03bb44e2e713/desktop,,Abdulrahman Mohammed,hman.m2bh.com@gmail.com,abdulrahman-mohammed,,,,,,,,,hman.m2bh.com@gmail.com,1163,M2 SQUARE METER,"Office 163, Building 58, Manama, 1701 R 1701, Capital Governorate, PO Box 317",abdulla@m2bh.com,+97317007999,m2-square-meter-1163,,,,,,,,,,,,,,,,,,,,,,,,,,,,,,,,100,SE|LB|CR|SY|AC|BA|AN|CP,SE|LB|CR|SY|AC|BA|AN|CP,,,2026-06-05T09:09:08.616835+00:00,
972608,972608,Investment Building-Administrative-Monthly Return,"Prime Investment Building for Sale – “Prime Location - High-Quality Construction - Stable Rental Income”

This premium commercial building is located in a strategic area that offers an ideal environment for companies and offices. It combines spacious layouts, practical organization, and essential services, making it an excellent investment opportunity with steady and reliable returns.
The building also enjoys a high occupancy rate, with offices currently rented and generating strong monthly income.

Property Details:
The building consists of 8 offices (two offices on each floor).
Each office includes:
4 rooms
3 bathrooms
Kitchen
Approximate area per office: 200 m²
Parking: 2 to 3 dedicated parking spaces per office.

Features:
Elegant and luxurious design with a modern façade
Excellent location with easy access
Fully commercial building with practical layouts suitable for companies
Privately built with high-quality construction
Marble boundary wall adding a premium touch
Large parking area that accommodates many cars
High-security system ensuring full safety for tenants
Central air conditioning for all offices

Asking Price:
BD 750,000

A rare opportunity to own a building that combines high quality with guaranteed investment returns.

-------------------------------

For more information or to schedule a private viewing, please contact us at +973 17007999

Viewings are conducted by appointment only.

Website: www .M2bh.com

-------------------------------

M² Square Meter Real Estate
A company licensed by the Real Estate Regulatory Authority (RERA), specializing in real estate brokerage, investment consultancy, and property management in the Kingdom of Bahrain.

M² Square Meter Real Estate is the dedicated real estate arm of Jobar, a well-known Bahraini company with over 25 years of distinguished experience and a long-standing reputation for delivering professional and reliable services across multiple sectors.",,,,commercial_sale,,,,7+,7+,,,,NO,,,,,,,,,,,3,,,,750000,BHD,sell,,,,,,638,sqm,7,Jidhafs,26.21967315673828,50.53300476074219,jidhafs,AREA,Jidhafs,4.7,,,,,,,6967,https://www.propertyfinder.bh/images/pf_agent/picture/ec6e7d0cb916ec201651e129b50f03bb44e2e713/desktop,,Abdulrahman Mohammed,hman.m2bh.com@gmail.com,abdulrahman-mohammed,,,,,,,,,hman.m2bh.com@gmail.com,1163,M2 SQUARE METER,"Office 163, Building 58, Manama, 1701 R 1701, Capital Governorate, PO Box 317",abdulla@m2bh.com,+97317007999,m2-square-meter-1163,,,,,,,,,,,,,,,,,,,,,,,,,,,,,,,,100,CP,CP,,,2026-06-05T09:09:08.616835+00:00,
960452,960452,"Prime Location, Commercial, RHB, Flexible Division","Prime Location | Main Commercial Road | RHB Zoning | Flexible Plot Division

For Sale: Commercial Land in a Vibrant Area of Al Budaiya

A prime commercial plot located in a high-demand, active area of Al Budaiya. The land is flexible for subdivision and ideal for various investment or development purposes.

Asking Price:
BHD 550,000 (Negotiable)

Key Features:
Strategic location on a main commercial road

RHB zoning classification

Flexible subdivision options

Potential for retail shops or mixed-use development

Excellent investment opportunity

/////////////  /////////   //////////////   //////////////////////   ////////////////// ////////////////////  ////////////////  ////////////////  ////////////////////  ////////////////////  //////////////////////  //////////////",,,,commercial_sale,,,,,,,,,,,,,,,,,,,,2,,,,608000,BHD,sell,,,,,,2100,sqm,29,Budaiya,26.213165283203125,50.447471618652344,budaiya,AREA,Budaiya,4.29,,,,,,,6967,https://www.propertyfinder.bh/images/pf_agent/picture/ec6e7d0cb916ec201651e129b50f03bb44e2e713/desktop,,Abdulrahman Mohammed,hman.m2bh.com@gmail.com,abdulrahman-mohammed,,,,,,,,,hman.m2bh.com@gmail.com,1163,M2 SQUARE METER,"Office 163, Building 58, Manama, 1701 R 1701, Capital Governorate, PO Box 317",abdulla@m2bh.com,+97317007999,m2-square-meter-1163,,,,,,,,,,,,,,,,,,,,,,,,,,,,,,,,100,,,,,2026-06-05T09:09:08.616835+00:00,
962915,962915,Prime Investment Land in Seef – High Potential Ret,"Seize this golden investment opportunity to own a strategically located land plot in the heart of one of Bahrain’s most prestigious and sought-after areas, Seef. Known for its prime location and proximity to all essential services and vital facilities, Seef is a destination that continues to attract residents, businesses, and investors alike. This land represents an ideal choice for any investor seeking to develop a residential or commercial project that promises high returns over the long term, supported by the strong and consistent demand for properties in the area and the steadily increasing real estate value, making this investment a wise and promising decision.

The plot offers a generous total area of 1,149.8 square meters, providing ample potential for developing a variety of projects that meet the needs of a growing market. Whether you envision constructing multi-unit residential buildings or establishing a commercial development that attracts investors and entrepreneurs, this land gives you the freedom to design and shape your project according to your investment vision. The plot is classified as B3 – designated for multi-purpose buildings, whether residential or commercial – offering flexibility, diversification of income sources, and long-term investment stability.

The location of this land in Seef is one of its strongest advantages. The area is renowned as one of Bahrain’s most exclusive and desirable destinations, combining tranquility and privacy on one hand, and close proximity to key amenities such as schools, hospitals, shopping malls, and entertainment venues on the other. This strategic location ensures that any project developed on this plot will enjoy a competitive edge in the real estate market, quickly attracting buyers and tenants, and significantly increasing the potential for high returns.

The asking price for the land is BHD 804,000, which is highly competitive compared to the true value of the property and its investment potential.",,,,commercial_sale,,,,,,,,,,,,,,,,,,,,1,,,,804000,BHD,sell,,,,,,1149,sqm,37,Seef,26.239999771118164,50.5369987487793,seef,AREA,Seef,5.37,,,,,,,6967,https://www.propertyfinder.bh/images/pf_agent/picture/ec6e7d0cb916ec201651e129b50f03bb44e2e713/desktop,,Abdulrahman Mohammed,hman.m2bh.com@gmail.com,abdulrahman-mohammed,,,,,,,,,hman.m2bh.com@gmail.com,1163,M2 SQUARE METER,"Office 163, Building 58, Manama, 1701 R 1701, Capital Governorate, PO Box 317",abdulla@m2bh.com,+97317007999,m2-square-meter-1163,,,,,,,,,,,,,,,,,,,,,,,,,,,,,,,,100,,,,,2026-06-05T09:09:08.616835+00:00,
964300,964300,"Prime location , Shops & Apartments, ROI +9%","For Sale – Prime Investment Building in the Heart of Muharraq

A unique investment opportunity in one of the most vibrant locations in Muharraq. The building is strategically located near various services and public facilities, making it an ideal choice for those seeking a long-term investment with a steady and consistent return.

Property Details:
• Land area: 170 sqm
• The building consists of 5 residential apartments ready for rent
• 5 commercial shops on the ground floor with prominent street-facing units
• Practical design combining residential and commercial use

Investment Advantages:
• All units are easily rentable
• The active location ensures a stable and continuous income

Price: 135,000 BHD

A genuine opportunity for investors looking for a guaranteed return in a prime strategic location.

-------------------------------

For more information or to schedule a private viewing, please contact us at +973 17007999

Viewings are conducted by appointment only.

Website: www .M2bh.com

-------------------------------

M² Square Meter Real Estate
A company licensed by the Real Estate Regulatory Authority (RERA), specializing in real estate brokerage, investment consultancy, and property management in the Kingdom of Bahrain.

M² Square Meter Real Estate is the dedicated real estate arm of Jobar, a well-known Bahraini company with over 25 years of distinguished experience and a long-standing reputation for delivering professional and reliable services across multiple sectors.

The company is managed and supervised by a team of expert real estate consultants, ensuring high-level professional standards in providing comprehensive real estate and investment solutions.

We uphold our motto, “Every Meter Matters,” by offering integrated property solutions tailored to meet our clients’ investment objectives and residential aspirations",,,,commercial_sale,,,,7+,7+,12,12,,PARTLY,,,,,,,,,,,3,,,,135000,BHD,sell,,,,,,169,sqm,12,Muharraq,26.25,50.616668701171875,muharraq,AREA,Muharraq,3.12,,,,,,,6967,https://www.propertyfinder.bh/images/pf_agent/picture/ec6e7d0cb916ec201651e129b50f03bb44e2e713/desktop,,Abdulrahman Mohammed,hman.m2bh.com@gmail.com,abdulrahman-mohammed,,,,,,,,,hman.m2bh.com@gmail.com,1163,M2 SQUARE METER,"Office 163, Building 58, Manama, 1701 R 1701, Capital Governorate, PO Box 317",abdulla@m2bh.com,+97317007999,m2-square-meter-1163,,,,,,,,,,,,,,,,,,,,,,,,,,,,,,,,100,CP,CP,,,2026-06-05T09:09:08.616835+00:00,
54096681,54096681,Fully Equipped Nail Salon in Tubli Location,"An excellent opportunity to acquire a fully equipped and operational nail salon located in a busy commercial mall in the heart of Tubli. Positioned next to McDonald's and Al Romansiah Restaurant, the salon enjoys high visibility, steady foot traffic, and convenient access to major roads connecting Manama, Isa Town, Salmaniya, and the Saudi Causeway.

The salon is tastefully designed with modern, high-end interiors and is ready for immediate operation. It occupies both a ground floor and mezzanine level, featuring floor-to-ceiling glass frontage that provides excellent natural light and strong brand exposure within the mall.

Property & Business Features:

*Fully furnished and equipped nail salon
*Ground floor and mezzanine layout
*Premium interior fit-out and fixtures
*Professional salon equipment included
*Floor-to-ceiling glass windows
*High-visibility within a busy location 
*Ready-to-operate business setup

Mall Facilities:

*24/7 security and CCTV surveillance
*Ample Customer Parking
*A/C Maintenance Services
*Central Air Conditioning
*Seperate ladies' and gents' washrooms
*Well-maintained commercial environment

This is an ideal opportunity for beauty professionals, entrepreneurs, or investors looking to establish or expand their presence in one of Tubli's most accessible and commercially active locations.

Sale Price: BD 10,000 (Negotiable)

For further information or to arrange a viewing, please contact us today 17212000/34567814

RERA License: PM202503/1101",,,,commercial_sale,,,,2,2,,,,YES,,,,,,,,,,,3,,,,10000,BHD,sell,,,,,,47,sqm,55,Bu Ghazal,26.207796096801758,50.57180404663086,manama-bu-ghazal,AREA,Bu Ghazal,5.34.55,,,,,,,3493,https://www.propertyfinder.bh/images/pf_agent/picture/5e580f04889e3fad4166f84c7e9fc4c669574b85/desktop,,Bernard Ferrao,bernard@century21.bh,bernard-ferrao,,,,,,English|Hindi,,,bernard@century21.bh,5,Century 21 Bahrain,"Office 4th Floor, Building Zamil Tower, Manama, Government Avenue, Capital Governorate, PO Box 424",info@century21.bh,+97332166900,century-21-bahrain-5,,,,,,,,,,,,,,,,,,,,,,,,,,,,,,,,100,AC|LB|SE|CP,AC|LB|SE|CP,,,2026-06-05T09:09:08.616835+00:00,
51720170,51720170,For sale: Commercial building in Al-Qudaih   Excel,"For sale: Commercial building in Al-Qudaih  
Excellent location, on a corner with two streets  
Area: 146 sq.m  
Consists of three shops, 4 apartments, and a storage room  
Apartment details:  
4 apartments, each with 2 rooms, 2 bathrooms, living room, and kitchen  
Current income: 1,200 Dinars, electricity paid by tenants  
One shop and one apartment are currently for rent  
Income after renting the shop and apartment: 1,650 Dinars net  
Asking price: 265,000 Dinars  
For inquiries and contact:  
Mahmoud Hussein, Beit Malih Real Estate Office  
66661042
























For sale: Commercial building in Al-Qudaih  
Excellent location, on a corner with two streets  
Area: 146 sq.m  
Consists of three shops, 4 apartments, and a storage room  
Apartment details:  
4 apartments, each with 2 rooms, 2 bathrooms, living room, and kitchen  
Current income: 1,200 Dinars, electricity paid by tenants  
One shop and one apartment are currently for rent  
Income after renting the shop and apartment: 1,650 Dinars net  
Asking price: 265,000 Dinars  
For inquiries and contact:  
Mahmoud Hussein, Beit Malih Real Estate Office  
66661042",,,,commercial_sale,,,,6,6,,,,YES,,,,,,,,,,,3,,,,265000,BHD,sell,,,,,,146,sqm,80,Gudaibiya,26.218677520751953,50.59382247924805,manama-gudaibiya,AREA,Gudaibiya,5.34.80,,,,,,,2633,https://www.propertyfinder.bh/images/pf_agent/picture/3d7af654eca3db8fedbcb838b490e17d079df959/desktop,,Abdulla Al Samahiji,bmcr_0@hotmail.com,abdulla-al-samahiji,,,,,,English|Arabic,,,bmcr_0@hotmail.com,447,BMCR,"Office 359, Building 321, Gudaibiya, 118, Capital Governorate, PO Box Manama",bmcr_0@hotmail.com,+97339446492,bmcr-447,,,,,,,,,,,,,,,,,,,,,,,,,,,,,,,,100,BA|AN|CP|LB|CR|SY,BA|AN|CP|LB|CR|SY,,,2026-06-05T09:09:08.616835+00:00,
934623,934623,Luxury Office for Sale in Seef District     Ask Ch,"ChatGPT said:
For Sale: A high-end office in Seef, directly opposite the Ritz-Carlton Hotel. The unit includes a covered parking space, a fully glass façade, and an open view. It is ready for finishing according to your preference.

Payment Plan:
50% down payment now, and the remaining amount in interest-free installments over several years.

Building Amenities:

Health club

Swimming pool

Meeting room

High-speed internet

Five elevators

A prime location with luxury facilities — perfect for your business needs.",,,,commercial_sale,,,,1,1,1,1,,NO,,,,,,,,,,,3,,,,92000,BHD,sell,,,,,,116,sqm,37,Seef,26.239999771118164,50.5369987487793,seef,AREA,Seef,5.37,,,,,,,5223,https://www.propertyfinder.bh/images/pf_agent/picture/250279d2311138def5a04aa95714170eabce43ae/desktop,,Salah Hashem,salah@askre.com,salah-hashem,,,,,,English|Arabic,,,salah@askre.com,135,ASK Real Estate,"Office Floor 8, Suite 2, Building GFH Tower, Manama, Bahrain Harbour, Capital Governorate, ",sara.ali@askre.com,+97336111323,ask-real-estate-135,,,,,,,,,,,,,,,,,,,,,,,,,,,,,,,,95,AC|CP|SP|SE|SY,AC|CP|SP|SE|SY,,,2026-06-05T09:09:08.616835+00:00,
53709075,53709075,"Ready Investment, Stable Income, Prime Location","For Sale – Ready Investment Building in East Riffa

A great investment opportunity to own a ready residential building in a prime location in East Riffa. The property features a variety of residential units with a stable monthly income, making it an ideal choice for investors looking for a secure and profitable return.

Area: 400sqm

Building Details:
3 Floors
Total Units: 7 Apartments + Large Ground-Floor Store + Small Storage Room

Unit Distribution:

3 Apartments consisting of:
- 3 Bedrooms
- 2 Bathrooms
- Living Room
- Kitchen

3 Apartments consisting of:
- 2 Bedrooms
- 2 Bathrooms
- Living Room
- Kitchen

1 Studio consisting of:
- 1 Bedroom
- Bathroom
- Kitchen

Features:
- All apartments are currently rented
- Large ground-floor store is rented
- Monthly income: 1,200 BHD
- Elevator available
- Car parking spaces
- Additional small storage room
- Close to all services and facilities
- Prime and highly demanded location

Price:
175,000BHD Negotiable

A ready investment building with stable income and strong returns in a prime location.

-----------------------

For more information or to schedule a private viewing, please contact us at +973 17007999

Viewings are conducted by appointment only.

Website: www .M2bh.com

----------------------

M² Square Meter Real Estate
A company licensed by the Real Estate Regulatory Authority (RERA), specializing in real estate brokerage, investment consultancy, and property management in the Kingdom of Bahrain.

M² Square Meter Real Estate is the dedicated real estate arm of Jobar, a well-known Bahraini company with over 25 years of distinguished experience and a long-standing reputation for delivering professional and reliable services across multiple sectors.


The company is managed and supervised by a team of expert real estate consultants, ensuring high-level professional standards in providing comprehensive real estate and investment solutions.",,,,commercial_sale,,,,7+,7+,,,,YES,,,,,,,,,,,3,,,,175000,BHD,sell,,,,,,400,sqm,118,Riffa Al Sharqi,26.1162166595459,50.57211685180664,riffa-riffa-al-sharqi,COMMUNITY,Riffa Al Sharqi,1.49.118,,,,,,,7359,https://www.propertyfinder.bh/images/pf_agent/picture/497e635adbeb2af6117863d35feaa6ca2762e2a3/desktop,,MOHAMED NADER,Mohammed.m2bh@gmail.com,mohamed-nader,,,,,,,,,Mohammed.m2bh@gmail.com,1163,M2 SQUARE METER,"Office 163, Building 58, Manama, 1701 R 1701, Capital Governorate, PO Box 317",abdulla@m2bh.com,+97317007999,m2-square-meter-1163,,,,,,,,,,,,,,,,,,,,,,,,,,,,,,,,100,CP,CP,,,2026-06-05T09:09:08.616835+00:00,
983090,983090,Commercial Office for Sale in Sitra,"Commercial Office for Sale in Sitra

Area: 49.2 sqm
Bedrooms: 1
Furnishing: Unfurnished
Condition: New
Price: 25,000 BHD | Negotiable
Foreign Ownership Allowed | Freehold
Features & Amenities: Elevator, Car Parking, Open Space, Including EWA, City View


Why Grnata? Your decision to select Grnata as a licensed group of companies in the field of real estate will lead you to many benefits such as:

         Qualified consultants in the Bahrain market
         Study and analysis of the investment’s opportunity
         A group of professional teams that are able to provide all real estate services.

Grnata is the leading real estate company in the Kingdom of Bahrain. Grnata and as seen by observers of the movement of the real estate market has taken its place in the real estate market, knocked off the pioneer, and gained the confidence of the stakeholders in the nation.




",,,,commercial_sale,,,,1,1,1,1,,PARTLY,,,,,,,,,,,3,,,,25000,BHD,sell,,,,,,49,sqm,69,Sitra,26.162988662719727,50.6124267578125,sitra,AREA,Sitra,2.69,,,,,,,6859,https://www.propertyfinder.bh/images/pf_agent/picture/b26244548b5106f02a70355b27c0b815c379c15e/desktop,,Zainab Al Yahya,zainab.alyahya@grnata.com,zainab-al-yahya,,,,,,,,,zainab.alyahya@grnata.com,670,Grnata,"Office 0, Building 0, Seef, 0, Capital Governorate, ",husain.jalil@grnata.com,+97337334334,grnata-670,,,,,,,,,,,,,,,,,,,,,,,,,,,,,,,,100,AC,AC,,,2026-06-05T09:09:08.616835+00:00,
983111,983111,Commercial Building for Sale in Muharraq,"Commercial Building for Sale in Muharraq

Classification: RHB
Area: 46.1 sqm
Built-up size: 116 sqm
Floors: 2
Flats: 1
Shops: 2
Furnishing: Unfurnished
Condition: Old
Price: 58,000 BHD | Negotiable
Roads: 1
Foreign Ownership Allowed | Freehold
Features & Amenities: Semi Furnished, Car Parking, City ViewWhy Grnata? Your decision to select Grnata as a licensed group of companies in the field of real estate will lead you to many benefits such as:

         Qualified consultants in the Bahrain market
         Study and analysis of the investment’s opportunity
         A group of professional teams that are able to provide all real estate services.

Grnata is the leading real estate company in the Kingdom of Bahrain. Grnata and as seen by observers of the movement of the real estate market has taken its place in the real estate market, knocked off the pioneer, and gained the confidence of the stakeholders in the nation.







",,,,commercial_sale,,,,1,1,,,,NO,,,,,,,,,,,3,,,,58000,BHD,sell,,,,,,462,sqm,12,Muharraq,26.25,50.616668701171875,muharraq,AREA,Muharraq,3.12,,,,,,,6859,https://www.propertyfinder.bh/images/pf_agent/picture/b26244548b5106f02a70355b27c0b815c379c15e/desktop,,Zainab Al Yahya,zainab.alyahya@grnata.com,zainab-al-yahya,,,,,,,,,zainab.alyahya@grnata.com,670,Grnata,"Office 0, Building 0, Seef, 0, Capital Governorate, ",husain.jalil@grnata.com,+97337334334,grnata-670,,,,,,,,,,,,,,,,,,,,,,,,,,,,,,,,100,BA,BA,,,2026-06-05T09:09:08.616835+00:00,
983110,983110,Commercial Shop for Sale in Industrial Sitra,"Commercial Shop for Sale in Industrial Sitra

Area: 58.9 sqm
Condition: New
Price: 45,000 BHD | Negotiable
Foreign Ownership Allowed | Freehold
Features & Amenities: Store, CCTV, Central A/C, Mezzanine

Why Grnata? Your decision to select Grnata as a licensed group of companies in the field of real estate will lead you to many benefits such as:

         Qualified consultants in the Bahrain market
         Study and analysis of the investment’s opportunity
         A group of professional teams that are able to provide all real estate services.

Grnata is the leading real estate company in the Kingdom of Bahrain. Grnata and as seen by observers of the movement of the real estate market has taken its place in the real estate market, knocked off the pioneer, and gained the confidence of the stakeholders in the nation.




",,,,commercial_sale,,,,1,1,,,,NO,,,,,,,,,,,3,,,,45000,BHD,sell,,,,,,59,sqm,69,Sitra,26.162988662719727,50.6124267578125,sitra,AREA,Sitra,2.69,,,,,,,6859,https://www.propertyfinder.bh/images/pf_agent/picture/b26244548b5106f02a70355b27c0b815c379c15e/desktop,,Zainab Al Yahya,zainab.alyahya@grnata.com,zainab-al-yahya,,,,,,,,,zainab.alyahya@grnata.com,670,Grnata,"Office 0, Building 0, Seef, 0, Capital Governorate, ",husain.jalil@grnata.com,+97337334334,grnata-670,,,,,,,,,,,,,,,,,,,,,,,,,,,,,,,,100,AC,AC,,,2026-06-05T09:09:08.616835+00:00,
52805331,52805331,Residential investment land (B4) in an exceptional,"Where Location Meets Opportunity
Are you searching for the next destination for your successful real estate project? We present to you an exceptional plot of vacant land, distinguished by its pivotal location and ideal area, making it the premier choice for developers seeking lucrative returns in one of the most stable sectors in the Kingdom of Bahrain. This land is not just a geographical space; it is the ""cornerstone"" for an investment residential project that serves the growing demand for modern residential apartments.
Technical Property Details
* Total Area: 819.8 square meters (a typical area that balances purchase cost and construction capacity).
* Approved Zoning: B4 (Connected Housing – 4 Storeys).
* Location: Within very close proximity to ""IKEA Bahrain,"" placing it in the heart of an area witnessing rapid urban and commercial growth.
Why B4 Zoning is the Smartest Choice for Investors?
The B4 classification is considered one of the most sought-after zonings in Bahrain’s real estate development market due to its great flexibility and ability to generate continuous cash flows. This zoning allows you to build four full storeys. This means nearly quadrupling the saleable or leasable area compared to the land size (after calculating setbacks and service ratios), which significantly increases the ""Return on Investment"" (ROI) compared to lands designated for villas only.
With an area of 819.8 square meters, the plot gives you the ability to design a residential building featuring a variety of apartment options; whether spacious 3-bedroom apartments for families, or studio and 1-bedroom systems which are in high demand by professionals and young youth working in the surrounding commercial areas.",,,,commercial_sale,,,,,,,,,,,,,,,,,,,,3,,,,167661,BHD,sell,,,,,,820,sqm,6,Salmabad,26.183332443237305,50.516666412353516,salmabad,AREA,Salmabad,2.6,,,,,,,7625,,,Ahmed Saleh,asy.invest8@gmail.com,ahmed-saleh,,,,,,,,,asy.invest8@gmail.com,179952,SAFE ZONE SOLUTIONS,"Office 0, Building 1565ز, Nuwaidrat, 4631 R 4631, Central Governorate, PO Box 646",janahi.zx10@hotmail.com,+97339991123,safe-zone-solutions-v2-179952,,,,,,,,,,,,,,,,,,,,,,,,,,,,,,,,100,,,,,2026-06-05T09:09:08.616835+00:00,
51174264,51174264,Residential Apartment for Sale in Amwaj Islands,"This exceptional residential apartment for sale in Amwaj Islands offers a rare opportunity to own a spacious, fully renovated home in one of Bahrain’s most prestigious waterfront communities. Spanning an impressive 329 square meters, the apartment is thoughtfully designed to provide comfort, elegance, and functionality, featuring two generously sized bedrooms and three modern bathrooms. The property comes fully furnished with tasteful interiors and high-quality finishes, ready for immediate move-in or investment. Residents will enjoy both an open kitchen ideal for contemporary living and entertaining, as well as a closed kitchen for added practicality, in addition to a dedicated laundry room, storage space, central air conditioning, and convenient elevator access. The apartment is beautifully maintained and upgraded, offering a refined lifestyle in a vibrant coastal environment. This property is freehold and available for foreign ownership, making it an excellent choice for both homeowners and investors seeking long-term value. Offered at BHD 220,000, this is a prime opportunity not to be missed.",,,,commercial_sale,,,,3,3,,,,YES,,,,,,,,,,,3,,,,220000,BHD,sell,,,,,,329,sqm,44,Amwaj Islands,26.288480758666992,50.66381072998047,amwaj-islands,AREA,Amwaj Islands,3.44,,,,,,,5223,https://www.propertyfinder.bh/images/pf_agent/picture/250279d2311138def5a04aa95714170eabce43ae/desktop,,Salah Hashem,salah@askre.com,salah-hashem,,,,,,English|Arabic,,,salah@askre.com,135,ASK Real Estate,"Office Floor 8, Suite 2, Building GFH Tower, Manama, Bahrain Harbour, Capital Governorate, ",sara.ali@askre.com,+97336111323,ask-real-estate-135,,,,,,,,,,,,,,,,,,,,,,,,,,,,,,,,94,AN|AC|CP,AN|AC|CP,,,2026-06-05T09:09:08.616835+00:00,
51322592,51322592,COMMERCIAL LAND | INDUSTRIAL CITY | ROAD ACCESS,"Bahrain Investment Wharf (BIW) is the only privately-owned and managed industrial park in the Kingdom. Covering an area of 1.7 million square meters in the newly developed Al Hidd Industrial Development Zone, this pioneering project is a mixed-use industrial, business, logistics, commercial and residential development estate. BIW created a visionary partnership with the Ministry of Industry, Commerce & Tourism through which it aligned its objectives with Government of Bahrain’s vision to diversify the national economy and to promote the industrial sector.

BIW offers investors 163 pre-serviced plots of industrial, logistic, commercial & residential estates, supported by state-of-the-art infrastructure and world class services. Bahrain Investment Wharf has developed business communities related to these specialist zones and has accordingly encouraged the expansion of Bahrain’s light and medium manufacturing industry.

Commercial land for sale in BIW Industrail city. 
Total area. 20,000 Sqm.
Asking Price 4.5 BD Per square feet. Total price-BD 968,400 Negotiable price

Contact for more details. 36794271",,,,commercial_sale,,,,,,,,,,,,,,,,,,,,3,,,,970000,BHD,sell,,,,,,20000,sqm,32,Hidd,26.21263313293457,50.67418670654297,hidd,AREA,Hidd,3.32,,,,,,,6905,https://www.propertyfinder.bh/images/pf_agent/picture/27b4de697ccf96f95bcc33d3554739f14e50828d/desktop,,Shaji Pathrose,aeonrealestate2012@gmail.com,shaji-pathrose,,,,,,English|Arabic|Hindi,,,aeonrealestate2012@gmail.com,1178,AIM REAL ESTATE,"Office 0, Building 919و, Arad, 4233, Muharraq Governorate, PO Box 242",aeonrealestate2012@gmail.com,+97333665773,aim-real-estate-1178,,,,,,,,,,,,,,,,,,,,,,,,,,,,,,,,100,,,,,2026-06-05T09:09:08.616835+00:00,
975006,975006,LARGE WEARHOUSE | OFFICE | DOCKERS | NEAR PORT |,"BIW -BAHRAIN INVETMENT WARF

Warehouse for sale

Large size industrial,factory,storage wearhouse for sale in HIdd BIW.( Bahrain Investment Warf).

2 individual Wearhouse units available for sale,each warehouse 10,000 sqmt land size with 5,000 sqmt Wearhouse built-up area with loading and offloading dockers,6 office rooms/manager-room,toilets,pantry and parking areas.

Well insulated wearhouse suitable for any type of heavy industries activities including factories,storage,Distibution center.
Both units are built with high standard with all safety/security features.

2 offloading ramp in each warehouses.

Fire fighting and alarm system.

CCTV systems installed

Huge office space,pantry,managers room,toilets,meeting rooms suitable bigger operations.

Asking sale price BHD 1,600,000 Million (One Million Six Hundred thousand for each unit)

Price negotiable at the final stage of negotiation.

Contact for more details.
Dennis Pathrose- 36794271







",,,,commercial_sale,,,,7+,7+,,,,YES,,,,,,,,,,,3,,,,1600000,BHD,sell,,,,,,5000,sqm,32,Hidd,26.21263313293457,50.67418670654297,hidd,AREA,Hidd,3.32,,,,,,,6905,https://www.propertyfinder.bh/images/pf_agent/picture/27b4de697ccf96f95bcc33d3554739f14e50828d/desktop,,Shaji Pathrose,aeonrealestate2012@gmail.com,shaji-pathrose,,,,,,English|Arabic|Hindi,,,aeonrealestate2012@gmail.com,1178,AIM REAL ESTATE,"Office 0, Building 919و, Arad, 4233, Muharraq Governorate, PO Box 242",aeonrealestate2012@gmail.com,+97333665773,aim-real-estate-1178,,,,,,,,,,,,,,,,,,,,,,,,,,,,,,,,100,BA|AN|CP|SE|CR|LB,BA|AN|CP|SE|CR|LB,,,2026-06-05T09:09:08.616835+00:00,
980392,980392,Furnished office for sale in a prime spot in Seef,"Office for sale in a prime spot in Seef district

In the heart of Seef district in a state-of-the-art technological advances commercial tower that will optimize productivity and efficiency. Special attention has been given to the needs of the most advanced business requirements, dynamic business world of today. The strategic location at Seef, dynamic infrastructure, and designer office spaces all guarantee to put you in the forefront of the business world.
Nearby to the leading malls, banks and other government offices, restaurants, gas stations, and a 15 minutes’ drive to the King Fahad Saudi Causeway.

Office Features:
 Fully fitted and furnished
 Four executive offices
 Reception and waiting area
 Pantry
 Glass partitions
 Central air-condition
 Full sea view


Building Features:
* Private entrances and access roads
*Smart technology features and security measures
* High-speed 5G fiber Internet access
* Customized and serviced offices
* Gymnasium
* High-speed passenger and one service elevators
* Five level of car parks
* Prayer room
* Board room
* Reception and lobby area


CENTURY 21 Real Estate is recognized as a leader in e-marketing and has received numerous awards. The Sales & Management team is committed to providing the highest standards of service and quality to all our owners, clients & tenants.

.
Call Century 21 Bahrain today for an appointment. # 17212000 / 39975430",,,,commercial_sale,,,,1,1,4,4,,PARTLY,,,,,,,,,,,3,,,,86000,BHD,sell,,,,,,90,sqm,37,Seef,26.239999771118164,50.5369987487793,seef,AREA,Seef,5.37,,,,,,,4819,https://www.propertyfinder.bh/images/pf_agent/picture/87114e868f796e76723efd1269f8dd6ecfcd2f72/desktop,,Minguel Jacob Fernandes,michael@century21.bh,minguel-jacob-fernandes,,,,,,English|Arabic|Hindi,,,michael@century21.bh,5,Century 21 Bahrain,"Office 4th Floor, Building Zamil Tower, Manama, Government Avenue, Capital Governorate, PO Box 424",info@century21.bh,+97332166900,century-21-bahrain-5,,,,,,,,,,,,,,,,,,,,,,,,,,,,,,,,93,AN|AC|CP|VW|SE|SY|DN|CR|LB,AN|AC|CP|VW|SE|SY|DN|CR|LB,,,2026-06-05T09:09:08.616835+00:00,
51930906,51930906,commercial land for sale in jidhafs,"Commercial land for sale in Jidhafs, located in a prime area close to Kazeroni Mosque. The land is classified RB and all services are available on site. It is suitable for building a 3-storey building with the possibility of opening commercial shops on the ground floor, making it an excellent investment opportunity for a mixed residential and commercial project in a vibrant and well-located area.",,,,commercial_sale,,,,,,,,,,,,,,,,,,,,2,,,,116035,BHD,sell,,,,,,308,sqm,7,Jidhafs,26.21967315673828,50.53300476074219,jidhafs,AREA,Jidhafs,4.7,,,,,,,5223,https://www.propertyfinder.bh/images/pf_agent/picture/250279d2311138def5a04aa95714170eabce43ae/desktop,,Salah Hashem,salah@askre.com,salah-hashem,,,,,,English|Arabic,,,salah@askre.com,135,ASK Real Estate,"Office Floor 8, Suite 2, Building GFH Tower, Manama, Bahrain Harbour, Capital Governorate, ",sara.ali@askre.com,+97336111323,ask-real-estate-135,,,,,,,,,,,,,,,,,,,,,,,,,,,,,,,,93,,,,,2026-06-05T09:09:08.616835+00:00,
977975,977975,مبنى للبيع في جدعلي يقع على شارعين وزاوية,"للبيع مبنى في جدعلي 
مساحة الأرض 385 متر مربع 
تتكون من 6 شقق واستوديو 1 
المدخول حاليا 1500 دينار 
السعر المطلوب 230 الف دينار",,,,commercial_sale,,,,7,7,,,,NO,,,,,,,,,,,1,,,,230000,BHD,sell,,,,,,385,sqm,53,Jid Ali,26.179166793823242,50.56222152709961,jid-ali,AREA,Jid Ali,2.53,,,,,,,6647,https://www.propertyfinder.bh/images/pf_agent/picture/738458e1c2e4bc60820d88244e5eaceb2005ab6e/desktop,,Ammar Zekrait,ammarzikrat@gmail.com,ammar-zekrait,,,,,,English|Arabic|Hindi,,,ammarzikrat@gmail.com,600,DAMAC REALESTATE ESTABLISHMENT,"Office 24, Building 1495, Tubli, 1127, Central Governorate, ",ammarzikrat@gmail.com,+97339922003,damac-realestate-establishment-600,,,,,,,,,,,,,,,,,,,,,,,,,,,,,,,,78,CP|SE,CP|SE,,,2026-06-05T09:09:08.616835+00:00,
53268399,53268399,Industrial Zone | Vital | Services,"Land for sale in Salmabad Industrial Area
Land classification LD
Land area 900 sq m
Price per sq ft 35
Total price 339
..............................................................................................................................................
..............................................................................................................................................
للبيع أرض في سلماباد الصناعية
تصنيف الأرض LD
مساحة الأرض 900 متر
سعر القدم 35 دينار
السعر الإجمالي 339 الف
....................................................................................................
..............................................................................................................................................",,,,commercial_sale,,,,,,,,,,,,,,,,,,,,2,,,,339000,BHD,sell,,,,,,900,sqm,6,Salmabad,26.183332443237305,50.516666412353516,salmabad,AREA,Salmabad,2.6,,,,,,,5673,https://www.propertyfinder.bh/images/pf_agent/picture/2425539d123a9c5f63524753581eeaaa3e1221f4/desktop,,Al Lagoon Real Estate ,allagoonbh@gmail.com,al-lagoon-real-estate,,,,,,,,,allagoonbh@gmail.com,996,Al Lagoon Real Estate,"Office 0, Building 0, Sanad, 0, Central Governorate, PO Box 0",harm_1960@yahoo.ca,+97337222529,al-lagoon-real-estate-996,,,,,,,,,,,,,,,,,,,,,,,,,,,,,,,,100,,,,,2026-06-05T09:09:08.616835+00:00,
53241955,53241955,Investment | residential area | Services availabl,"For Sale: Investment Building in Janabiyah
Near Janabiyah Square Complex
Consists of:

6 Apartments

4 Apartments: 3 Bedrooms
2 Apartments: 2 Bedrooms
1 Apartment: Studio
Land Area: 396 sq m
Built-up Area: 677 sq m
Current Income: 1430 BD
High-Quality Construction
All Utilities Complete
Shaded Parking
Elevator
Asking Price: 220,000 BD 
..................................
للبيع بناية استثمارية في الجنبية 
بالقرب من مجمع الجنبية سكوير
تتكون من :
6 شقق 
4 شقق: 3 غرف نوم 
2 شقق: غرفتين نوم 
1 شقة: استديو 
مساحة الارض: 396 متر مربع 
مساحة البناء: 677 متر مربع
المدخول الحالي: 1430 دينار 
بناء شخصي وجوده عاليه 
عدادات كاملة 
مواقف مضلله للسيارت 
مصعد كهربائي 
المطلوب: 220 الف دينار
.....................................................................",,,,commercial_sale,,,,7+,7+,16,16,,YES,,,,,,,,,,,3,,,,220000,BHD,sell,,,,,,396,sqm,48,Janabiya,26.185943603515625,50.46711349487305,janabiya,AREA,Janabiya,4.48,,,,,,,5673,https://www.propertyfinder.bh/images/pf_agent/picture/2425539d123a9c5f63524753581eeaaa3e1221f4/desktop,,Al Lagoon Real Estate ,allagoonbh@gmail.com,al-lagoon-real-estate,,,,,,,,,allagoonbh@gmail.com,996,Al Lagoon Real Estate,"Office 0, Building 0, Sanad, 0, Central Governorate, PO Box 0",harm_1960@yahoo.ca,+97337222529,al-lagoon-real-estate-996,,,,,,,,,,,,,,,,,,,,,,,,,,,,,,,,100,AN|CP,AN|CP,,,2026-06-05T09:09:08.616835+00:00,
53214925,53214925,"Prime location, great price, SP, spacious land.","For Sale – Industrial / Commercial Land in Askar.

A distinguished land located in a strategic area in Askar, directly behind Alba, featuring close proximity to main roads and availability of all essential services, making it suitable for investment or for establishing industrial and commercial projects.

Land Details:
Location: Askar (directly behind Alba)
Classification: SP
Area: 1001.8 sqm

Features:
Strategic and in-demand location
All services available (electricity – water – roads)
Suitable for building warehouses
Suitable for commercial and industrial projects
Excellent investment opportunity

A good opportunity to own land in a vibrant location in Askar, suitable for investment or for developing an industrial or commercial project in an active area.

Price: Negotiable.


-------------------------------

For more information or to schedule a private viewing, please contact us at +973 17007999

Viewings are conducted by appointment only.

Website: www .M2bh.com

-------------------------------

M² Square Meter Real Estate
A company licensed by the Real Estate Regulatory Authority (RERA), specializing in real estate brokerage, investment consultancy, and property management in the Kingdom of Bahrain.

M² Square Meter Real Estate is the dedicated real estate arm of Jobar, a well-known Bahraini company with over 25 years of distinguished experience and a long-standing reputation for delivering professional and reliable services across multiple sectors.

The company is managed and supervised by a team of expert real estate consultants, ensuring high-level professional standards in providing comprehensive real estate and investment solutions",,,,commercial_sale,,,,,,,,,,,,,,,,,,,,2,,,,129400,BHD,sell,,,,,,1002,sqm,79,Askar,26.05678367614746,50.61648178100586,askar,AREA,Askar,1.79,,,,,,,7359,https://www.propertyfinder.bh/images/pf_agent/picture/497e635adbeb2af6117863d35feaa6ca2762e2a3/desktop,,MOHAMED NADER,Mohammed.m2bh@gmail.com,mohamed-nader,,,,,,,,,Mohammed.m2bh@gmail.com,1163,M2 SQUARE METER,"Office 163, Building 58, Manama, 1701 R 1701, Capital Governorate, PO Box 317",abdulla@m2bh.com,+97317007999,m2-square-meter-1163,,,,,,,,,,,,,,,,,,,,,,,,,,,,,,,,100,,,,,2026-06-05T09:09:08.616835+00:00,
53189942,53189942,"Prime location, investment income, future growth","For Sale – Commercial Property in Riffa

A distinctive investment opportunity to own a commercial property in a prime and active location in Riffa. It consists of 4 commercial shops and a workshop with a good area, making it suitable for commercial investment or operating various projects with a profitable return.

Property Details:
Total Area: 303 square meters
4 Commercial shops (each shop 21 square meters)
Workshop with an area of 261 square meters

Features:
Prime location in Riffa
Suitable for commercial investment
Variety of uses (shops + workshop)
Potential investment income
Future development opportunity

A suitable opportunity for investors looking for a commercial property in an active location in Riffa, combining shops and a workshop in one space.

Price: Negotiable.



-------------------------------

For more information or to schedule a private viewing, please contact us at +973 17007999

Viewings are conducted by appointment only.

Website: www .M2bh.com

-------------------------------

M² Square Meter Real Estate
A company licensed by the Real Estate Regulatory Authority (RERA), specializing in real estate brokerage, investment consultancy, and property management in the Kingdom of Bahrain.

M² Square Meter Real Estate is the dedicated real estate arm of Jobar, a well-known Bahraini company with over 25 years of distinguished experience and a long-standing reputation for delivering professional and reliable services across multiple sectors.

The company is managed and supervised by a team of expert real estate consultants, ensuring high-level professional standards in providing comprehensive real estate and investment solutions",,,,commercial_sale,,,,4,4,,,,PARTLY,,,,,,,,,,,3,,,,156000,BHD,sell,,,,,,303,sqm,128,West Riffa,26.123153686523438,50.54193878173828,riffa-west-riffa,COMMUNITY,West Riffa,1.49.128,,,,,,,7359,https://www.propertyfinder.bh/images/pf_agent/picture/497e635adbeb2af6117863d35feaa6ca2762e2a3/desktop,,MOHAMED NADER,Mohammed.m2bh@gmail.com,mohamed-nader,,,,,,,,,Mohammed.m2bh@gmail.com,1163,M2 SQUARE METER,"Office 163, Building 58, Manama, 1701 R 1701, Capital Governorate, PO Box 317",abdulla@m2bh.com,+97317007999,m2-square-meter-1163,,,,,,,,,,,,,,,,,,,,,,,,,,,,,,,,100,AN,AN,,,2026-06-05T09:09:08.616835+00:00,
998982,998982,Commercial Road | Service Area | Lowest Price,"................................................................................................................................................
Commercial land for sale in A'ali area
Classification: S (Service)......
Area: 423.1 sq m..............
Price: 28 BD per sq ft..............
Total Price: 127,518 BD
................................................................................................................................................
للبيع ارض تجارية في منطقة عالي
التصنيف S  خدمية......
المساحة 423.1 متر...............
القدم 28 دينار........................
السعر الاجمالي 127.518 دينار
................................................................................................................................................",,,,commercial_sale,,,,,,,,,,,,,,,,,,,,1,,,,127518,BHD,sell,,,,,,423,sqm,85,A'Ali,26.1634578704834,50.515289306640625,a-ali,AREA,A'Ali,2.85,,,,,,,5673,https://www.propertyfinder.bh/images/pf_agent/picture/2425539d123a9c5f63524753581eeaaa3e1221f4/desktop,,Al Lagoon Real Estate ,allagoonbh@gmail.com,al-lagoon-real-estate,,,,,,,,,allagoonbh@gmail.com,996,Al Lagoon Real Estate,"Office 0, Building 0, Sanad, 0, Central Governorate, PO Box 0",harm_1960@yahoo.ca,+97337222529,al-lagoon-real-estate-996,,,,,,,,,,,,,,,,,,,,,,,,,,,,,,,,100,,,,,2026-06-05T09:09:08.616835+00:00,
906098,906098,Spacious | Affordable | Great ROI,"For sale building in Salmabad near Al Hilal Hospital
Land area: 299 square meters
Building area: 820 square meters
6 apartments

Ground floor:
A large apartment with 4 rooms, 3 bathrooms, a large hall and a large kitchen.

First floor:
Two apartments with 2 rooms, 3 bathrooms, a hall and a kitchen

Second floor:
Two apartments with 2 rooms, 3 bathrooms, a hall and a kitchen

Third floor:
Studio apartment

Current income: 780 dinars

Income if the apartments were sold completely: 1150 dinars

Sale price 160 thousand 
...............................................................................................................................................
للبيع مبنى في سلماباد بالقرب من مستشفى الهلال 
مساحة الارض: 299 متر مربع
مساحة البناء: 820 متر مربع
6 شقق

الدور الارضي :
 شقه كبيرة  4 غرف و 3 حمامات وصالة كبيرة و مطبخ كبير . 

الدور الاول :
شقتين بو 2 غرفة و 3 حمامات و صالة ومطبخ 

الدور الثاني :
شقتين بو 2 غرفة و 3 حمامات و صالة و مطبخ 

الدور الثالث :
شقه استوديو 

مدخولها الحالي: 780 دينار مدخولها في حال تاجرت الشقق بالكامل: 1150 دينار

سعر البيع 160 الف ",,,,commercial_sale,,,,7+,7+,,,,YES,,,,,,,,,,,3,,,,160000,BHD,sell,,,,,,299,sqm,6,Salmabad,26.183332443237305,50.516666412353516,salmabad,AREA,Salmabad,2.6,,,,,,,5673,https://www.propertyfinder.bh/images/pf_agent/picture/2425539d123a9c5f63524753581eeaaa3e1221f4/desktop,,Al Lagoon Real Estate ,allagoonbh@gmail.com,al-lagoon-real-estate,,,,,,,,,allagoonbh@gmail.com,996,Al Lagoon Real Estate,"Office 0, Building 0, Sanad, 0, Central Governorate, PO Box 0",harm_1960@yahoo.ca,+97337222529,al-lagoon-real-estate-996,,,,,,,,,,,,,,,,,,,,,,,,,,,,,,,,100,AN|CP,AN|CP,,,2026-06-05T09:09:08.616835+00:00,
52753800,52753800,"On two streets, CCTV, expandable and developable..","For Sale – Commercial Building in West Eker

A great investment opportunity to own a commercial building in a vibrant location in West Eker, featuring a position on two streets and close proximity to populated residential areas and expanding housing projects, making it suitable for commercial investment with future development potential.

Building Details:
Area: 423.3 sqm
Consists of 5 commercial shops
Located on two streets
5 car parking spaces
Additional side parking for 2 cars
Without mezzanine
Ready for first-floor construction with preliminary drawings available

Features:
Strategic location close to residential areas
Design allows adding side parking (with possibility to modify the fifth shop and boundary wall)
CCTV cameras
Expandable and suitable for development
Suitable for commercial investment

A commercial building offering a strong investment opportunity in an active location, with potential for expansion and increased returns in the future, making it ideal for investors.

Sale Price: Negotiable.

-------------------------------

For more information or to schedule a private viewing, please contact us at +973 17007999

Viewings are conducted by appointment only.

Website: www .M2bh.com

-------------------------------

M² Square Meter Real Estate
A company licensed by the Real Estate Regulatory Authority (RERA), specializing in real estate brokerage, investment consultancy, and property management in the Kingdom of Bahrain.

M² Square Meter Real Estate is the dedicated real estate arm of Jobar, a well-known Bahraini company with over 25 years of distinguished experience and a long-standing reputation for delivering professional and reliable services across multiple sectors.

The company is managed and supervised by a team of expert real estate consultants, ensuring high-level professional standards in providing comprehensive real estate and investment solutions",,,,commercial_sale,,,,none,none,,,,NO,,,,,,,,,,,3,,,,220000,BHD,sell,,,,,,423,sqm,19,Eker,26.143688201904297,50.60297393798828,eker,AREA,Eker,2.19,,,,,,,7359,https://www.propertyfinder.bh/images/pf_agent/picture/497e635adbeb2af6117863d35feaa6ca2762e2a3/desktop,,MOHAMED NADER,Mohammed.m2bh@gmail.com,mohamed-nader,,,,,,,,,Mohammed.m2bh@gmail.com,1163,M2 SQUARE METER,"Office 163, Building 58, Manama, 1701 R 1701, Capital Governorate, PO Box 317",abdulla@m2bh.com,+97317007999,m2-square-meter-1163,,,,,,,,,,,,,,,,,,,,,,,,,,,,,,,,100,CP|SE,CP|SE,,,2026-06-05T09:09:08.616835+00:00,
52489208,52489208,"Land For Sale In Ras Zuwayed , The Price Is 85,270","Area: Ras Zuwayed
Reference: LA010798
Plot size (SQM): 440.1m
Property type:  Land
Property classification: WS
******************************************************************************

The Ideal thing about investing in Bahrain property is that the demand is always at a peak due to the nation’s small geographic surface area, an indication that property prices, in general, will always rise.

Why Grnata? Your decision to select Grnata as a licensed group of companies in the field of real estate will lead you to many benefits such as:

	Qualified consultants in the Bahrain market
	Study and analysis of the investment’s opportunity
	A group of professional teams that are able to provide all real estate services.
Grnata is the leading real estate company in the Kingdom of Bahrain. Grnata and as seen by observers of the movement of the real estate market has taken its place in the real estate market, knocked off the pioneer, and gained the confidence of the stakeholders in the nation.",,,,commercial_sale,,,,,,,,,,,,,,,,,,,,2,,,,85270,BHD,sell,,,,,,440,sqm,269,Ras Zuwayed,26.085487365722656,50.61517333984375,ras-zuwayed,AREA,Ras Zuwayed,1.269,,,,,,,3772,https://www.propertyfinder.bh/images/pf_agent/picture/3f908f274ea074e002665035e18e557b98b0d1a5/desktop,,Ali Najah,ali.najah@grnata.com,ali-najah,,,,,,English|Arabic,,,ali.najah@grnata.com,670,Grnata,"Office 0, Building 0, Seef, 0, Capital Governorate, ",husain.jalil@grnata.com,+97337334334,grnata-670,,,,,,,,,,,,,,,,,,,,,,,,,,,,,,,,100,,,,,2026-06-05T09:09:08.616835+00:00,
51352745,51352745,Commercial building for sale in Sanad Located dire,"Commercial building for sale in Sanad
Located directly on Street 77
Consists of 6 shops
6 electricity meters
6 water meters
Monthly income: 1650 BD
Area: 744.8 sq m
Asking price: 390,000 BD
Note: (Selling at land price only)
For inquiries and requests, please contact the following numbers:
36459593 Nizar Al-Saghir
39993932 Abdul Fattah Hassan
Masar Al-Mustaqbal Real Estate Office
All properties wanted directly from the owner",,,,commercial_sale,,,,2,2,,,,YES,,,,,,,,,,,1,,,,390,BHD,sell,,,,,,744,sqm,38,Sanad,26.149999618530273,50.58333206176758,sanad,AREA,Sanad,2.38,,,,,,,6368,https://www.propertyfinder.bh/images/pf_agent/picture/95a2e2429d6b104ab5fc520845493addf1bb5974/desktop,,Abdulfattah Ali,Future7366@gmail.com,abdulfattah-ali,,,,,,English|Arabic,,,Future7366@gmail.com,1125,Masar Al Mustaqbal Real Estate,"Office 22, Building 584, Saar, 5314, Northern Governorate, PO Box 000",future7366@gmail.com,+97339993932,abdulfattah-hasan-abdulla-ali-1125,,,,,,,,,,,,,,,,,,,,,,,,,,,,,,,,84,AN|SE,AN|SE,,,2026-06-05T09:09:08.616835+00:00,
974842,974842,"LAND FOR SALE IN ASKER , THE PRICE IS 129,400","Area: ASKER
Reference: LA010174
Plot size (SQM): 1001.8m
Property type: LAND
Property classification: SP
******************************************************************************

The Ideal thing about investing in Bahrain property is that the demand is always at a peak due to the nation’s small geographic surface area, an indication that property prices, in general, will always rise.

Why Grnata? Your decision to select Grnata as a licensed group of companies in the field of real estate will lead you to many benefits such as:

	Qualified consultants in the Bahrain market
	Study and analysis of the investment’s opportunity
	A group of professional teams that are able to provide all real estate services.
Grnata is the leading real estate company in the Kingdom of Bahrain. Grnata and as seen by observers of the movement of the real estate market has taken its place in the real estate market, knocked off the pioneer, and gained the confidence of the stakeholders in the nation. 
",,,,commercial_sale,,,,,,,,,,,,,,,,,,,,2,,,,129400,BHD,sell,,,,,,1001,sqm,79,Askar,26.05678367614746,50.61648178100586,askar,AREA,Askar,1.79,,,,,,,3772,https://www.propertyfinder.bh/images/pf_agent/picture/3f908f274ea074e002665035e18e557b98b0d1a5/desktop,,Ali Najah,ali.najah@grnata.com,ali-najah,,,,,,English|Arabic,,,ali.najah@grnata.com,670,Grnata,"Office 0, Building 0, Seef, 0, Capital Governorate, ",husain.jalil@grnata.com,+97337334334,grnata-670,,,,,,,,,,,,,,,,,,,,,,,,,,,,,,,,100,,,,,2026-06-05T09:09:08.616835+00:00,
974837,974837,"LAND FOR SALE IN SADAD , THE PRICE IS 85,000","Area: SADAD
Reference: LA010170
Plot size (SQM): 306.9m
Property type: Land
Property classification: AGI
******************************************************************************

The Ideal thing about investing in Bahrain property is that the demand is always at a peak due to the nation’s small geographic surface area, an indication that property prices, in general, will always rise.

Why Grnata? Your decision to select Grnata as a licensed group of companies in the field of real estate will lead you to many benefits such as:

	Qualified consultants in the Bahrain market
	Study and analysis of the investment’s opportunity
	A group of professional teams that are able to provide all real estate services.
Grnata is the leading real estate company in the Kingdom of Bahrain. Grnata and as seen by observers of the movement of the real estate market has taken its place in the real estate market, knocked off the pioneer, and gained the confidence of the stakeholders in the nation. 
",,,,commercial_sale,,,,,,,,,,,,,,,,,,,,2,,,,85000,BHD,sell,,,,,,306,sqm,57,Sadad,26.08335304260254,50.48234558105469,sadad,AREA,Sadad,4.57,,,,,,,3772,https://www.propertyfinder.bh/images/pf_agent/picture/3f908f274ea074e002665035e18e557b98b0d1a5/desktop,,Ali Najah,ali.najah@grnata.com,ali-najah,,,,,,English|Arabic,,,ali.najah@grnata.com,670,Grnata,"Office 0, Building 0, Seef, 0, Capital Governorate, ",husain.jalil@grnata.com,+97337334334,grnata-670,,,,,,,,,,,,,,,,,,,,,,,,,,,,,,,,100,,,,,2026-06-05T09:09:08.616835+00:00,
808125,808125,"Land For Sale in Aker The Price Is 132,838","Area: Aker
Reference: L012011
Plot size (SQM): 352.6
Property type: Land
Property classification: RB
******************************************************************************

The Ideal thing about investing in Bahrain property is that the demand is always at a peak due to the nation’s small geographic surface area, an indication that property prices, in general, will always rise.

Why Grnata? Your decision to select Grnata as a licensed group of companies in the field of real estate will lead you to many benefits such as:

	Qualified consultants in the Bahrain market
	Study and analysis of the investment’s opportunity
	A group of professional teams that are able to provide all real estate services.
Grnata is the leading real estate company in the Kingdom of Bahrain. Grnata and as seen by observers of the movement of the real estate market has taken its place in the real estate market, knocked off the pioneer, and gained the confidence of the stakeholders in the nation.",,,,commercial_sale,,,,,,,,,,,,,,,,,,,,2,,,,132838,BHD,sell,,,,,,352,sqm,19,Eker,26.143688201904297,50.60297393798828,eker,AREA,Eker,2.19,,,,,,,3772,https://www.propertyfinder.bh/images/pf_agent/picture/3f908f274ea074e002665035e18e557b98b0d1a5/desktop,,Ali Najah,ali.najah@grnata.com,ali-najah,,,,,,English|Arabic,,,ali.najah@grnata.com,670,Grnata,"Office 0, Building 0, Seef, 0, Capital Governorate, ",husain.jalil@grnata.com,+97337334334,grnata-670,,,,,,,,,,,,,,,,,,,,,,,,,,,,,,,,100,,,,,2026-06-05T09:09:08.616835+00:00,
808124,808124,"Land For Sale in Aker The Price Is 136,944.","Area: Aker
Reference: L012012
Plot size (SQM): 363.5
Property type: Land
Property classification: RB
******************************************************************************

The Ideal thing about investing in Bahrain property is that the demand is always at a peak due to the nation’s small geographic surface area, an indication that property prices, in general, will always rise.

Why Grnata? Your decision to select Grnata as a licensed group of companies in the field of real estate will lead you to many benefits such as:

	Qualified consultants in the Bahrain market
	Study and analysis of the investment’s opportunity
	A group of professional teams that are able to provide all real estate services.
Grnata is the leading real estate company in the Kingdom of Bahrain. Grnata and as seen by observers of the movement of the real estate market has taken its place in the real estate market, knocked off the pioneer, and gained the confidence of the stakeholders in the nation.",,,,commercial_sale,,,,,,,,,,,,,,,,,,,,2,,,,136944,BHD,sell,,,,,,363,sqm,19,Eker,26.143688201904297,50.60297393798828,eker,AREA,Eker,2.19,,,,,,,3772,https://www.propertyfinder.bh/images/pf_agent/picture/3f908f274ea074e002665035e18e557b98b0d1a5/desktop,,Ali Najah,ali.najah@grnata.com,ali-najah,,,,,,English|Arabic,,,ali.najah@grnata.com,670,Grnata,"Office 0, Building 0, Seef, 0, Capital Governorate, ",husain.jalil@grnata.com,+97337334334,grnata-670,,,,,,,,,,,,,,,,,,,,,,,,,,,,,,,,100,,,,,2026-06-05T09:09:08.616835+00:00,
921419,921419,"Land For Sale In Jaw , The Price Is 118,130","Area: Jaw
Reference: L013328
Plot size (SQM): 844.2
Property type: Land
Property classification: B4*
******************************************************************************

The Ideal thing about investing in Bahrain property is that the demand is always at a peak due to the nation’s small geographic surface area, an indication that property prices, in general, will always rise.

Why Grnata? Your decision to select Grnata as a licensed group of companies in the field of real estate will lead you to many benefits such as:

	Qualified consultants in the Bahrain market
	Study and analysis of the investment’s opportunity
	A group of professional teams that are able to provide all real estate services.
Grnata is the leading real estate company in the Kingdom of Bahrain. Grnata and as seen by observers of the movement of the real estate market has taken its place in the real estate market, knocked off the pioneer, and gained the confidence of the stakeholders in the nation. 
",,,,commercial_sale,,,,,,,,,,,,,,,,,,,,2,,,,118130,BHD,sell,,,,,,884,sqm,302,Jaww,26.000404357910156,50.616973876953125,jaww,AREA,Jaww,1.302,,,,,,,3772,https://www.propertyfinder.bh/images/pf_agent/picture/3f908f274ea074e002665035e18e557b98b0d1a5/desktop,,Ali Najah,ali.najah@grnata.com,ali-najah,,,,,,English|Arabic,,,ali.najah@grnata.com,670,Grnata,"Office 0, Building 0, Seef, 0, Capital Governorate, ",husain.jalil@grnata.com,+97337334334,grnata-670,,,,,,,,,,,,,,,,,,,,,,,,,,,,,,,,100,,,,,2026-06-05T09:09:08.616835+00:00,
808368,808368,Commercial land on main road in Sanad,"Area: Sanad .
Reference: L012016.
Plot size (SQM): 1820
Property type: Land .
Property classification: COM
******************************************************************************

The Ideal thing about investing in Bahrain property is that the demand is always at a peak due to the nation’s small geographic surface area, an indication that property prices, in general, will always rise.

Why Grnata? Your decision to select Grnata as a licensed group of companies in the field of real estate will lead you to many benefits such as:

	Qualified consultants in the Bahrain market
	Study and analysis of the investment’s opportunity
	A group of professional teams that are able to provide all real estate services.
Grnata is the leading real estate company in the Kingdom of Bahrain. Grnata and as seen by observers of the movement of the real estate market has taken its place in the real estate market, knocked off the pioneer, and gained the confidence of the stakeholders in the nation.",,,,commercial_sale,,,,,,,,,,,,,,,,,,,,2,,,,979524,BHD,sell,,,,,,1820,sqm,38,Sanad,26.149999618530273,50.58333206176758,sanad,AREA,Sanad,2.38,,,,,,,3772,https://www.propertyfinder.bh/images/pf_agent/picture/3f908f274ea074e002665035e18e557b98b0d1a5/desktop,,Ali Najah,ali.najah@grnata.com,ali-najah,,,,,,English|Arabic,,,ali.najah@grnata.com,670,Grnata,"Office 0, Building 0, Seef, 0, Capital Governorate, ",husain.jalil@grnata.com,+97337334334,grnata-670,,,,,,,,,,,,,,,,,,,,,,,,,,,,,,,,100,,,,,2026-06-05T09:09:08.616835+00:00,
921418,921418,"Land For Sale In Jaw , The Price Is 118,130","Area: Jaw
Reference: L013327
Plot size (SQM): 844.2
Property type: Land
Property classification: B4*
******************************************************************************

The Ideal thing about investing in Bahrain property is that the demand is always at a peak due to the nation’s small geographic surface area, an indication that property prices, in general, will always rise.

Why Grnata? Your decision to select Grnata as a licensed group of companies in the field of real estate will lead you to many benefits such as:

	Qualified consultants in the Bahrain market
	Study and analysis of the investment’s opportunity
	A group of professional teams that are able to provide all real estate services.
Grnata is the leading real estate company in the Kingdom of Bahrain. Grnata and as seen by observers of the movement of the real estate market has taken its place in the real estate market, knocked off the pioneer, and gained the confidence of the stakeholders in the nation. 
",,,,commercial_sale,,,,,,,,,,,,,,,,,,,,2,,,,118130,BHD,sell,,,,,,844,sqm,302,Jaww,26.000404357910156,50.616973876953125,jaww,AREA,Jaww,1.302,,,,,,,3772,https://www.propertyfinder.bh/images/pf_agent/picture/3f908f274ea074e002665035e18e557b98b0d1a5/desktop,,Ali Najah,ali.najah@grnata.com,ali-najah,,,,,,English|Arabic,,,ali.najah@grnata.com,670,Grnata,"Office 0, Building 0, Seef, 0, Capital Governorate, ",husain.jalil@grnata.com,+97337334334,grnata-670,,,,,,,,,,,,,,,,,,,,,,,,,,,,,,,,100,,,,,2026-06-05T09:09:08.616835+00:00,
930711,930711,"Land For Sale In Sanad , The Price Is 316,832","Area: Sanad
Reference: L013429
Plot size (SQM): 654.1m
Property type: Land
Property classification: SP
******************************************************************************

The Ideal thing about investing in Bahrain property is that the demand is always at a peak due to the nation’s small geographic surface area, an indication that property prices, in general, will always rise.

Why Grnata? Your decision to select Grnata as a licensed group of companies in the field of real estate will lead you to many benefits such as:

	Qualified consultants in the Bahrain market
	Study and analysis of the investment’s opportunity
	A group of professional teams that are able to provide all real estate services.
Grnata is the leading real estate company in the Kingdom of Bahrain. Grnata and as seen by observers of the movement of the real estate market has taken its place in the real estate market, knocked off the pioneer, and gained the confidence of the stakeholders in the nation. 
",,,,commercial_sale,,,,,,,,,,,,,,,,,,,,2,,,,316832,BHD,sell,,,,,,654,sqm,38,Sanad,26.149999618530273,50.58333206176758,sanad,AREA,Sanad,2.38,,,,,,,3772,https://www.propertyfinder.bh/images/pf_agent/picture/3f908f274ea074e002665035e18e557b98b0d1a5/desktop,,Ali Najah,ali.najah@grnata.com,ali-najah,,,,,,English|Arabic,,,ali.najah@grnata.com,670,Grnata,"Office 0, Building 0, Seef, 0, Capital Governorate, ",husain.jalil@grnata.com,+97337334334,grnata-670,,,,,,,,,,,,,,,,,,,,,,,,,,,,,,,,100,,,,,2026-06-05T09:09:08.616835+00:00,
934490,934490,"Land For Sale In Al Hajiyat , The Price Is 517,429","Area: Al Hajiyat
Reference: L013433
Plot size (SQM): 1,299.2m
Property type: Land
Property classification: BD*
******************************************************************************

The Ideal thing about investing in Bahrain property is that the demand is always at a peak due to the nation’s small geographic surface area, an indication that property prices, in general, will always rise.

Why Grnata? Your decision to select Grnata as a licensed group of companies in the field of real estate will lead you to many benefits such as:

	Qualified consultants in the Bahrain market
	Study and analysis of the investment’s opportunity
	A group of professional teams that are able to provide all real estate services.
Grnata is the leading real estate company in the Kingdom of Bahrain. Grnata and as seen by observers of the movement of the real estate market has taken its place in the real estate market, knocked off the pioneer, and gained the confidence of the stakeholders in the nation. 
",,,,commercial_sale,,,,,,,,,,,,,,,,,,,,2,,,,517429,BHD,sell,,,,,,1299,sqm,291,Alhajiyat,26.128984451293945,50.58171463012695,riffa-alhajiyat,COMMUNITY,Alhajiyat,1.49.291,,,,,,,3772,https://www.propertyfinder.bh/images/pf_agent/picture/3f908f274ea074e002665035e18e557b98b0d1a5/desktop,,Ali Najah,ali.najah@grnata.com,ali-najah,,,,,,English|Arabic,,,ali.najah@grnata.com,670,Grnata,"Office 0, Building 0, Seef, 0, Capital Governorate, ",husain.jalil@grnata.com,+97337334334,grnata-670,,,,,,,,,,,,,,,,,,,,,,,,,,,,,,,,100,,,,,2026-06-05T09:09:08.616835+00:00,
53404642,53404642,Commercial Land for sale in Barbar,"Area: barbar
Reference: LA010486
Plot size (SQM): 440.4
Property type: Land
Property classification: RB*
******************************************************************************

The Ideal thing about investing in Bahrain property is that the demand is always at a peak due to the nation’s small geographic surface area, an indication that property prices, in general, will always rise.

Why Grnata? Your decision to select Grnata as a licensed group of companies in the field of real estate will lead you to many benefits such as:

	Qualified consultants in the Bahrain market
	Study and analysis of the investment’s opportunity
	A group of professional teams that are able to provide all real estate services.
Grnata is the leading real estate company in the Kingdom of Bahrain. Grnata and as seen by observers of the movement of the real estate market has taken its place in the real estate market, knocked off the pioneer, and gained the confidence of the stakeholders in the nation.",,,,commercial_sale,,,,,,,,,,,,,,,,,,,,2,,,,146000,BHD,sell,,,,,,440,sqm,101,Barbar,26.229394912719727,50.48070526123047,barbar,AREA,Barbar,4.101,,,,,,,7020,https://www.propertyfinder.bh/images/pf_agent/picture/eea4d95c0964e5023810d4a76559eaf497096b33/desktop,,Ahmed Jawad,ahmed.jawad@grnata.com,ahmed-jawad,,,,,,,,,ahmed.jawad@grnata.com,670,Grnata,"Office 0, Building 0, Seef, 0, Capital Governorate, ",husain.jalil@grnata.com,+97337334334,grnata-670,,,,,,,,,,,,,,,,,,,,,,,,,,,,,,,,100,,,,,2026-06-05T09:09:08.616835+00:00,
929685,929685,3 ROADS COMMERCIAL LAND IN DIYAR AL MUHARRAQ,"COMMERCIAL LAND FOR SALE IN PRIME LOCATION 
LOCATION: DIYAR AL MUHARRAQ
Reference: L013282
Plot size (SQM): 1184.6
Property type:  LAND
Property classification: S/P
******************************************************************************

The Ideal thing about investing in Bahrain property is that the demand is always at a peak due to the nation’s small geographic surface area, an indication that property prices, in general, will always rise.

Why Grnata? Your decision to select Grnata as a licensed group of companies in the field of real estate will lead you to many benefits such as:

	Qualified consultants in the Bahrain market
	Study and analysis of the investment’s opportunity
	A group of professional teams that are able to provide all real estate services.
Grnata is the leading real estate company in the Kingdom of Bahrain. Grnata and as seen by observers of the movement of the real estate market has taken its place in the real estate market, knocked off the pioneer, and gained the confidence of the stakeholders in the nation.",,,,commercial_sale,,,,,,,,,,,,,,,,,,,,2,,,,446286,BHD,sell,,,,,,1185,sqm,259,Marassi Al Bahrain,26.303447723388672,50.6461296081543,diyar-al-muharraq-marassi-al-bahrain,AREA,Marassi Al Bahrain,3.129.259,,,,,,,5955,https://www.propertyfinder.bh/images/pf_agent/picture/c34f8cd21a76f1bce604afa9d88552a9b4b9823e/desktop,,Hameed Alhasaei,hameed.alhasaei@grnata.com,hameed-alhasaei,,,,,,English|Arabic,,,hameed.alhasaei@grnata.com,670,Grnata,"Office 0, Building 0, Seef, 0, Capital Governorate, ",husain.jalil@grnata.com,+97337334334,grnata-670,,,,,,,,,,,,,,,,,,,,,,,,,,,,,,,,100,,,,,2026-06-05T09:09:08.616835+00:00,
936084,936084,NEW COMMERCIAL BUILDING FOR SALE IN HIDD,"COMMERCIAL BUILDING FOR SALE IN PRIME LOCATION 
Location: HIDD
Reference: B004607
Plot size (SQM): 375.2
Property type: COMMERCIAL
Property classification: RB**
******************************************************************************

The Ideal thing about investing in Bahrain property is that the demand is always at a peak due to the nation’s small geographic surface area, an indication that property prices, in general, will always rise.

Why Grnata? Your decision to select Grnata as a licensed group of companies in the field of real estate will lead you to many benefits such as:

	Qualified consultants in the Bahrain market
	Study and analysis of the investment’s opportunity
	A group of professional teams that are able to provide all real estate services.
Grnata is the leading real estate company in the Kingdom of Bahrain. Grnata and as seen by observers of the movement of the real estate market has taken its place in the real estate market, knocked off the pioneer, and gained the confidence of the stakeholders in the nation.",,,,commercial_sale,,,,7+,7+,,,,PARTLY,,,,,,,,,,,3,,,,350000,BHD,sell,,,,,,375,sqm,32,Hidd,26.21263313293457,50.67418670654297,hidd,AREA,Hidd,3.32,,,,,,,5955,https://www.propertyfinder.bh/images/pf_agent/picture/c34f8cd21a76f1bce604afa9d88552a9b4b9823e/desktop,,Hameed Alhasaei,hameed.alhasaei@grnata.com,hameed-alhasaei,,,,,,English|Arabic,,,hameed.alhasaei@grnata.com,670,Grnata,"Office 0, Building 0, Seef, 0, Capital Governorate, ",husain.jalil@grnata.com,+97337334334,grnata-670,,,,,,,,,,,,,,,,,,,,,,,,,,,,,,,,100,CP,CP,,,2026-06-05T09:09:08.616835+00:00,
51203629,51203629,Distinctive Investment Building for Sale in Sitra,"An excellent opportunity to acquire a high-performing investment property in one of Sitra’s most active and consistently demanded locations. This building is strategically positioned directly behind Sitra Post Office and just moments away from Sitra Central Market, placing it in a vibrant mixed-use zone combining residential and commercial activity.
This type of location is highly attractive for investors seeking stable rental income, strong occupancy rates, and long-term value appreciation.
Property Details:
• Location: Sitra – Wadyan
• Land Size: 284 sqm
• Built-up Area: 865 sqm
• Building Condition: Very good
The building has been well maintained and remains in very good condition, minimizing immediate capital expenditure and making it a ready-to-income asset.
Building Specifications:
• Total Apartments: 13 Units
Each apartment consists of:
 Two bedrooms
 Living room
 Kitchen
 Two bathrooms
The unit layout is highly desirable within the local rental market, appealing to families and long-term tenants.
• Total Shops: 4 Commercial Units
The presence of retail spaces significantly strengthens the property’s income profile and diversification, reducing overall investment risk.
Current Income Performance:
• Total Monthly Income: 2,010 BHD
This reflects an already operational and income-generating property, allowing the new owner to benefit from immediate cash flow.
Asking Price:
200,000 BHD",,,,commercial_sale,,,,7+,7+,,,,NO,,,,,,,,,,,1,,,,200000,BHD,sell,,,,,,284,sqm,69,Sitra,26.162988662719727,50.6124267578125,sitra,AREA,Sitra,2.69,,,,,,,6647,https://www.propertyfinder.bh/images/pf_agent/picture/738458e1c2e4bc60820d88244e5eaceb2005ab6e/desktop,,Ammar Zekrait,ammarzikrat@gmail.com,ammar-zekrait,,,,,,English|Arabic|Hindi,,,ammarzikrat@gmail.com,600,DAMAC REALESTATE ESTABLISHMENT,"Office 24, Building 1495, Tubli, 1127, Central Governorate, ",ammarzikrat@gmail.com,+97339922003,damac-realestate-establishment-600,,,,,,,,,,,,,,,,,,,,,,,,,,,,,,,,75,CP,CP,,,2026-06-05T09:09:08.616835+00:00,
997184,997184,مبنى تجاري | 13 شقة | 4 محلات | عائد مضمون,"للبيع بناية استثمارية مميزة في سترة – واديان
فرصة استثمارية نادرة في موقع حيوي ومطلوب
خلف بريد سترة مباشرة وبالقرب من سوق سترة المركزي
منطقة استثمارية (تجاري / سكني) ذات كثافة عالية وحركة نشطة
تفاصيل العقار:
مساحة الأرض: 284 م²
مساحة البناء: 865 م²
حالة المبنى: جيدة جدًا
عمر مناسب واستثمار مستقر
مكونات البناية:
13 شقة سكنية
كل شقة: غرفتان + صالة + مطبخ + حمامين
4 محلات تجارية بواجهة مناسبة للنشاط التجاري
الدخل والاستثمار:
إجمالي الدخل الشهري الحالي: 2,010 د.ب
دخل ثابت وقابل للزيادة مستقبلًا
نسبة إشغال جيدة
مناسبة للمستثمر الباحث عن عائد فوري
السعر المطلوب:  200,000 د.ب
سعر تنافسي مقارنة بالموقع والدخل
البناية مناسبة للاستثمار طويل الأمد
 موقع يخدم السكن والتجارة معًا
فرصة ممتازة لتنمية رأس المال
للاستفسار والمعاينة الجادة التواصل على الخاص.",,,,commercial_sale,,,,7+,7+,,,,NO,,,,,,,,,,,1,,,,200000,BHD,sell,,,,,,284,sqm,69,Sitra,26.162988662719727,50.6124267578125,sitra,AREA,Sitra,2.69,,,,,,,6647,https://www.propertyfinder.bh/images/pf_agent/picture/738458e1c2e4bc60820d88244e5eaceb2005ab6e/desktop,,Ammar Zekrait,ammarzikrat@gmail.com,ammar-zekrait,,,,,,English|Arabic|Hindi,,,ammarzikrat@gmail.com,600,DAMAC REALESTATE ESTABLISHMENT,"Office 24, Building 1495, Tubli, 1127, Central Governorate, ",ammarzikrat@gmail.com,+97339922003,damac-realestate-establishment-600,,,,,,,,,,,,,,,,,,,,,,,,,,,,,,,,75,SE,SE,,,2026-06-05T09:09:08.616835+00:00,
954679,954679,Great ROI | Prime Location | 4 Shop ,"سلام عليكم 

 *للبيــــع بنـايــة تجارية في البسيتين* 

- 4 محلات 
- 6 شقق
- 5 شقق من غرفتين 
- 1 من غرفة 
- 1 مخزن 
- مساحة الارض 196 متر ، شارعين زاوية
- الدخل الشهري 1,755 دينار 
- مؤجرة بالكامل 

- المطلوب 210,000 دينار بحريني.
(قاب  للتفاوض)


Commercial Building for Sale in Busaiteen – Corner Plot

An excellent investment opportunity in the heart of Busaiteen, one of Bahrain’s most vibrant and rapidly developing areas. This commercial building is strategically located on a corner plot with access to two streets, ensuring maximum visibility and accessibility for both tenants and customers.

The property sits on a land area of 196 square meters and is fully rented, generating a stable monthly income of BD 1,755. This makes it a highly secure and profitable investment option for those seeking steady rental returns.

The building comprises a well-balanced mix of commercial and residential units:

4 retail shops on the ground floor, ideal for businesses that benefit from high exposure.

6 apartments in total, including 5 two-bedroom apartments and 1 one-bedroom apartment, providing flexibility to meet tenant demand.

1 storage unit, adding further utility and income potential.


All units are currently occupied and under lease, ensuring immediate and consistent revenue for the new owner.

Busaiteen is a prime location, highly desirable for both commercial and residential tenants due to its proximity to Bahrain International Airport, Muharraq, shopping centers, schools, and hospitals. Its vibrant community and strategic position make properties here a solid choice for long-term appreciation and dependable returns.

The asking price is BD 210,000 (negotiable), offering a competitive entry point into a sought-after real estate market.
",,,,commercial_sale,,,,6,6,,,,NO,,,,,,,,,,,1,,,,210000,BHD,sell,,,,,,196,sqm,96,Busaiteen,26.27199935913086,50.60900115966797,busaiteen,AREA,Busaiteen,3.96,,,,,,,6647,https://www.propertyfinder.bh/images/pf_agent/picture/738458e1c2e4bc60820d88244e5eaceb2005ab6e/desktop,,Ammar Zekrait,ammarzikrat@gmail.com,ammar-zekrait,,,,,,English|Arabic|Hindi,,,ammarzikrat@gmail.com,600,DAMAC REALESTATE ESTABLISHMENT,"Office 24, Building 1495, Tubli, 1127, Central Governorate, ",ammarzikrat@gmail.com,+97339922003,damac-realestate-establishment-600,,,,,,,,,,,,,,,,,,,,,,,,,,,,,,,,75,SE,SE,,,2026-06-05T09:09:08.616835+00:00,
51931200,51931200,Shop | Great ROI | Prime Location,"للبيع مبنى تجاري في منطقة المحرق 

مساحة الارض: 55m2

يتكون من:-
محل تجاري
غرفتين وحمام وصالة ومطبخ 

المطلوب 45,000 الف

Commercial Building for Sale in Muharraq – Affordable Investment Opportunity

This is an excellent opportunity to own a compact commercial property in the heart of Muharraq, one of Bahrain’s most active and historic areas. Strategically located on a well-connected street, this property provides both commercial and residential usage, making it ideal for investors seeking steady rental returns or business owners looking for an affordable space in a highly demanded location.

Property Details:

Land Size: 55 m²

Layout:

Ground Floor: Spacious commercial shop with street visibility – suitable for retail, office, or service business.

Upper Levels: Two bedrooms, a living room, a bathroom, and a kitchen – perfect for residential use or staff accommodation.



The property’s design makes it versatile, as it can be utilized as a standalone shop with attached living quarters, or rented out separately to maximize returns. Small but efficient, it is especially attractive to first-time investors or entrepreneurs who want to enter Bahrain’s property market at an affordable entry price.

Highlights & Features:

Prime location in Muharraq – close to markets, shops, and residential communities.

Compact building – easy to maintain with low overhead costs.

Mixed-use: Commercial + Residential in one property.

Great potential for rental income, whether leased to tenants or operated by the owner.",,,,commercial_sale,,,,1,1,,,,YES,,,,,,,,,,,1,,,,45000,BHD,sell,,,,,,55,sqm,12,Muharraq,26.25,50.616668701171875,muharraq,AREA,Muharraq,3.12,,,,,,,6647,https://www.propertyfinder.bh/images/pf_agent/picture/738458e1c2e4bc60820d88244e5eaceb2005ab6e/desktop,,Ammar Zekrait,ammarzikrat@gmail.com,ammar-zekrait,,,,,,English|Arabic|Hindi,,,ammarzikrat@gmail.com,600,DAMAC REALESTATE ESTABLISHMENT,"Office 24, Building 1495, Tubli, 1127, Central Governorate, ",ammarzikrat@gmail.com,+97339922003,damac-realestate-establishment-600,,,,,,,,,,,,,,,,,,,,,,,,,,,,,,,,75,CR,CR,,,2026-06-05T09:09:08.616835+00:00,
954735,954735,2 Shop | Great ROI | investment opportunity ,"للبيع مبنى تجاري في النعيم في منطقة تجارية وحيوية

يتكون من 2 محلات و 2 شقق 

مساحة الارض 68.7 متر مربع

المدخول الشهري 800 دينار

السعر المطلوب 120,000 دينار
Commercial Building for Sale in Al-Na’eem – Prime Location with Steady Income

This is a rare opportunity to acquire a compact yet highly profitable commercial property located in the heart of Al-Na’eem, one of Manama’s most active and sought-after areas. The building enjoys a strategic position in a bustling commercial zone, surrounded by shops, residential communities, and constant foot traffic, ensuring excellent visibility and accessibility for tenants and customers alike.

The property sits on a land plot of 68.7 square meters, carefully utilized to maximize functionality and rental return. The building comprises two retail shops on the ground floor, ideal for small businesses, convenience stores, or service outlets. Above the shops, the property features two well-designed apartments, providing an additional and stable residential rental stream.

Currently, the entire building is rented out, generating a monthly income of BHD 800, making this an attractive investment for buyers seeking a property with immediate returns. The yield is further enhanced by the building’s location in a lively and high-demand area, where both residential and commercial spaces are consistently in demand.

The asking price for this valuable property is BHD 120,000, making it a very competitive option given its income and location. This building represents an excellent choice for investors seeking steady rental income and long-term capital appreciation in Bahrain’s active real estate market.
",,,,commercial_sale,,,,2,2,,,,NO,,,,,,,,,,,1,,,,120000,BHD,sell,,,,,,68,sqm,40,alnaim,26.228374481201172,50.56666564941406,manama-alnaim,AREA,alnaim,5.34.40,,,,,,,6647,https://www.propertyfinder.bh/images/pf_agent/picture/738458e1c2e4bc60820d88244e5eaceb2005ab6e/desktop,,Ammar Zekrait,ammarzikrat@gmail.com,ammar-zekrait,,,,,,English|Arabic|Hindi,,,ammarzikrat@gmail.com,600,DAMAC REALESTATE ESTABLISHMENT,"Office 24, Building 1495, Tubli, 1127, Central Governorate, ",ammarzikrat@gmail.com,+97339922003,damac-realestate-establishment-600,,,,,,,,,,,,,,,,,,,,,,,,,,,,,,,,75,SE,SE,,,2026-06-05T09:09:08.616835+00:00,
995309,995309,"Commercial land for sale in Al-Hajiyat,","Land for sale in Riffa - Al Hujaiyat

Area: 1249.6 sqm

Classification: 6-story building (commercial)

Price per sq ft: 40,000 BD

Total price: 538,027 BD

For inquiries and contact: Hasan Almaknei - Mobile: +973 33767821

Union Real Estate Company is a Bahraini company with limited liability, whose main headquarters is in the Kingdom of Bahrain.

Union Real Estate Company's goal is to be one of the leading companies in the field of development and real estate investment in the Kingdom of Bahrain. It also aims to be a pioneering company in providing the best services in the field of real estate development and investment.

Our Vision
An outstanding service that stands out, through in depth awareness of the market, resulting in maximum benefit to the customer.

Our Message
The exchange of investment and development services for the benefit and profit of all parties.

Our Strategy
Excellence by raising the level of competencies and skills, and support to all mechanisms, means of assistance and information techniques to achieve the target.

Our Team
Union Real Estate Company team are a selection of highly efficient and capable members, enabling it to provide the best and complete  service, and to stand out as one of the top companies of its field in the Kingdom.",,,,commercial_sale,,,,,,,,,,,,,,,,,,,,2,,,,538127,BHD,sell,,,,,,1249,sqm,291,Alhajiyat,26.128984451293945,50.58171463012695,riffa-alhajiyat,COMMUNITY,Alhajiyat,1.49.291,,,,,,,124,https://www.propertyfinder.bh/images/pf_agent/picture/9a75b6937a240f4329f3bcfd2dfc0345ee7ef9a4/desktop,,Hasan Almaknei,halmaknei@union-re.com,hasan-almaknei,,,,,,English|Arabic,,,halmaknei@union-re.com,40,Union Real Estate,"Office 34, Building Building 457, Seef, Road 1206, Block 712, Salmabad, Capital Governorate, PO Box 40349",yasser@union-re.com,+97338849971,union-real-estate-40,,,,,,,,,,,,,,,,,,,,,,,,,,,,,,,,100,,,,,2026-06-05T09:09:08.616835+00:00,
919063,919063,for sale a prime commercia plot,"Investment Opportunity in Diyar Al Muharraq!

For sale: A prime commercial plot located near the China Market in Diyar Al Muharraq. The land has a total area of 610 sqm, ideal for building shops and residential apartments. Situated in a high-demand area with easy access to main roads and nearby amenities.

 Area: 610 sqm
 Zoning: Commercial (Shops + Apartments)
 Location: Near China Market, Diyar Al Muharraq
 Price: Negotiable

For inquiries, please contact: [Insert contact number]

",,,,commercial_sale,,,,,,,,,,,,,,,,,,,,1,,,,223245,BHD,sell,,,,,,610,sqm,129,Diyar Al Muharraq,26.31142234802246,50.64306640625,diyar-al-muharraq,COMMUNITY,Diyar Al Muharraq,3.129,,,,,,,5223,https://www.propertyfinder.bh/images/pf_agent/picture/250279d2311138def5a04aa95714170eabce43ae/desktop,,Salah Hashem,salah@askre.com,salah-hashem,,,,,,English|Arabic,,,salah@askre.com,135,ASK Real Estate,"Office Floor 8, Suite 2, Building GFH Tower, Manama, Bahrain Harbour, Capital Governorate, ",sara.ali@askre.com,+97336111323,ask-real-estate-135,,,,,,,,,,,,,,,,,,,,,,,,,,,,,,,,89,,,,,2026-06-05T09:09:08.616835+00:00,
952824,952824,"Land For Sale In Ras Zuwayed BD230,000","
Area:  Ras Zuwayed
Reference: (L013471)
Plot size (SQM): 1,647.400
Property type: Land
Property classification: LD

******************************************************************************

The Ideal thing about investing in Bahrain property is that the demand is always at a peak due to the nation’s small geographic surface area, an indication that property prices, in general, will always rise.


Why Grnata? Your decision to select Grnata as a licensed group of companies in the field of real estate will lead you to many benefits such as:

         Qualified consultants in the Bahrain market
         Study and analysis of the investment’s opportunity
         A group of professional teams that are able to provide all real estate services.

Grnata is the leading real estate company in the Kingdom of Bahrain. Grnata and as seen by observers of the movement of the real estate market has taken its place in the real estate market, knocked off the pioneer, and gained the confidence of the stakeholders in the nation.
",,,,commercial_sale,,,,,,,,,,,,,,,,,,,,2,,,,230000,BHD,sell,,,,,,1647,sqm,269,Ras Zuwayed,26.085487365722656,50.61517333984375,ras-zuwayed,AREA,Ras Zuwayed,1.269,,,,,,,5725,https://www.propertyfinder.bh/images/pf_agent/picture/08751c1ff4dab71f3ca5f4994e7cf8fdbb97ba9e/desktop,,Mohammed AlHayki,mohammed.alhayki@grnata.com,mohammed-alhayki,,,,,,English|Arabic,,,mohammed.alhayki@grnata.com,670,Grnata,"Office 0, Building 0, Seef, 0, Capital Governorate, ",husain.jalil@grnata.com,+97337334334,grnata-670,,,,,,,,,,,,,,,,,,,,,,,,,,,,,,,,100,,,,,2026-06-05T09:09:08.616835+00:00,
986537,986537,COMMERCIAL LAND FOR SALE IN PRIME LOCATION,"COMMERCIAL LAND FOR SALE IN PRIME LOCATION 
LOCATION: AL HIDD
Reference: LA009920
Plot size (SQM): 1318.2
Property type: COMMERCIAL LAND
Property classification: B3*
******************************************************************************

The Ideal thing about investing in Bahrain property is that the demand is always at a peak due to the nation’s small geographic surface area, an indication that property prices, in general, will always rise.

Why Grnata? Your decision to select Grnata as a licensed group of companies in the field of real estate will lead you to many benefits such as:

	Qualified consultants in the Bahrain market
	Study and analysis of the investment’s opportunity
	A group of professional teams that are able to provide all real estate services.
Grnata is the leading real estate company in the Kingdom of Bahrain. Grnata and as seen by observers of the movement of the real estate market has taken its place in the real estate market, knocked off the pioneer, and gained the confidence of the stakeholders in the nation.",,,,commercial_sale,,,,,,,,,,,,,,,,,,,,2,,,,425673,BHD,sell,,,,,,1318,sqm,32,Hidd,26.21263313293457,50.67418670654297,hidd,AREA,Hidd,3.32,,,,,,,5955,https://www.propertyfinder.bh/images/pf_agent/picture/c34f8cd21a76f1bce604afa9d88552a9b4b9823e/desktop,,Hameed Alhasaei,hameed.alhasaei@grnata.com,hameed-alhasaei,,,,,,English|Arabic,,,hameed.alhasaei@grnata.com,670,Grnata,"Office 0, Building 0, Seef, 0, Capital Governorate, ",husain.jalil@grnata.com,+97337334334,grnata-670,,,,,,,,,,,,,,,,,,,,,,,,,,,,,,,,100,,,,,2026-06-05T09:09:08.616835+00:00,
961606,961606, LAND FOR SALE IN PRIME LOCATION,"A LAND FOR SALE IN PRIME LOCATION
LOCATION: Hidd
Reference: L013601
Plot size (SQM): 397
Property type:  Commercial
Property classification: B4
******************************************************************************

The Ideal thing about investing in Bahrain property is that the demand is always at a peak due to the nation’s small geographic surface area, an indication that property prices, in general, will always rise.

Why Grnata? Your decision to select Grnata as a licensed group of companies in the field of real estate will lead you to many benefits such as:

	Qualified consultants in the Bahrain market
	Study and analysis of the investment’s opportunity
	A group of professional teams that are able to provide all real estate services.
Grnata is the leading real estate company in the Kingdom of Bahrain. Grnata and as seen by observers of the movement of the real estate market has taken its place in the real estate market, knocked off the pioneer, and gained the confidence of the stakeholders in the nation. 
",,,,commercial_sale,,,,,,,,,,,,,,,,,,,,2,,,,136746,BHD,sell,,,,,,397,sqm,32,Hidd,26.21263313293457,50.67418670654297,hidd,AREA,Hidd,3.32,,,,,,,5955,https://www.propertyfinder.bh/images/pf_agent/picture/c34f8cd21a76f1bce604afa9d88552a9b4b9823e/desktop,,Hameed Alhasaei,hameed.alhasaei@grnata.com,hameed-alhasaei,,,,,,English|Arabic,,,hameed.alhasaei@grnata.com,670,Grnata,"Office 0, Building 0, Seef, 0, Capital Governorate, ",husain.jalil@grnata.com,+97337334334,grnata-670,,,,,,,,,,,,,,,,,,,,,,,,,,,,,,,,100,,,,,2026-06-05T09:09:08.616835+00:00,
53059015,53059015,Spacious 3-BR Apartment for Sale | HIDD,"VO-PGS-051-AS

Spacious 3-BR Apartment for Sale | HIDD


Residencial & Commercial Office for Sale | New Al Hidd Area

An excellent opportunity to own a Residencial & commercial office space in the rapidly developing New Al Hidd area, ideal for businesses seeking a strategic and accessible location.

**Property Details:**

* **Size:** 114 sqm
* **Layout:** 3 rooms, hall, and kitchen
* **Bathrooms:** 2
* **Usage:** Suitable for office or commercial activities

**Building Amenities:**

* Dedicated parking
* Elevator access
* Security guard
* CCTV surveillance

Located in a growing commercial zone with easy access to main roads and surrounding business hubs.

**Asking Price: BD 50,000**

A great investment opportunity for business owners or investors.

For inquiries or to arrange a viewing, please call.",,,,commercial_sale,,,,2,2,3,3,,PARTLY,,,,,,,,,,,3,,,,50000,BHD,sell,,,,,,114,sqm,32,Hidd,26.21263313293457,50.67418670654297,hidd,AREA,Hidd,3.32,,,,,,,7605,https://www.propertyfinder.bh/images/pf_agent/picture/d60b45178e217e70324b4bf198d2a54f4ca17872/desktop,,Pegasus Real Estate,victor@pegasusbahrain.com,pegasus-real-estate,,,,,,,,,victor@pegasusbahrain.com,31,Pegasus Real Estate,"Office 1, Building Elite residence, Manama, Seef, Capital Governorate, PO Box 3134",aziz@pegasusbahrain.com,+97339657733,pegasus-real-estate-31,,,,,,,,,,,,,,,,,,,,,,,,,,,,,,,,100,AN|AC|CP|SE|CR|LB,AN|AC|CP|SE|CR|LB,,,2026-06-05T09:09:08.616835+00:00,
53460796,53460796,old house for sale in ras rumman,"Old House for Sale in Ras Rumman – Sold as Land
Excellent investment opportunity in a prime strategic location in the heart of Manama. The property is located directly on the main road opposite Ras Rumman Club and very close to Old Palace Road. The land is classified as commercial, making it suitable for various commercial and investment projects. All services and infrastructure are available in the area with easy access to all parts of the capital. A vibrant location and an ideal opportunity for long-term investment.",,,,commercial_sale,,,,7,7,,,,NO,,,,,,,,,,,3,,,,87000,BHD,sell,,,,,,134,sqm,71,Ras Rumman,26.2369441986084,50.584999084472656,manama-ras-rumman,AREA,Ras Rumman,5.34.71,,,,,,,5223,https://www.propertyfinder.bh/images/pf_agent/picture/250279d2311138def5a04aa95714170eabce43ae/desktop,,Salah Hashem,salah@askre.com,salah-hashem,,,,,,English|Arabic,,,salah@askre.com,135,ASK Real Estate,"Office Floor 8, Suite 2, Building GFH Tower, Manama, Bahrain Harbour, Capital Governorate, ",sara.ali@askre.com,+97336111323,ask-real-estate-135,,,,,,,,,,,,,,,,,,,,,,,,,,,,,,,,85,LB,LB,,,2026-06-05T09:09:08.616835+00:00,
53792275,53792275,Investment Land for Sale in Ras Zuwayed,"A distinguished plot of land is available for sale in Ras Zuwayed, offering a great opportunity for investors and developers in an area experiencing continuous urban growth and development. The land has a total area of 440.1 sqm, providing suitable space for projects aligned with the property’s classification and location.

The plot carries a WS classification, making it suitable for various permitted uses under this zoning category and offering flexibility for investors or owners to benefit from the location and land size efficiently. The property also benefits from easy accessibility and proximity to major roads connecting the area to different parts of Bahrain.

Located in Ras Zuwayed, the area is witnessing noticeable infrastructure and service development, while also being close to industrial and service zones, enhancing its long-term investment value and making it an attractive option for investors seeking competitively priced real estate opportunities.

With an asking price of BHD 85,000 and a price per foot of BHD 18.017, this land represents an excellent opportunity to own a well-sized property at a competitive price in one of Bahrain’s promising areas.",,,,commercial_sale,,,,,,,,,,,,,,,,,,,,1,,,,85000,BHD,sell,,,,,,440,sqm,269,Ras Zuwayed,26.085487365722656,50.61517333984375,ras-zuwayed,AREA,Ras Zuwayed,1.269,,,,,,,7273,https://www.propertyfinder.bh/images/pf_agent/picture/0e23db668dfcf3ec66b08ff476c2be20509efa7b/desktop,,Sajjad ALBasri,sajjad.homex@gmail.com,sajjad-albasri,,,,,,English|Arabic,,,sajjad.homex@gmail.com,1231,HOMEX PROPERTIES,"Office 0, Building 118ر, Budaiya, 79 AVENUE 79, Northern Governorate, PO Box 449",sajj52025@gmail.com,+97134343412,homex-properties-v2-1231,,,,,,,,,,,,,,,,,,,,,,,,,,,,,,,,100,,,,,2026-06-05T09:09:08.616835+00:00,
53788907,53788907,Investment Land for Sale in Ras Zuwayed,"A distinguished plot of land is available for sale in Ras Zuwayed, offering a great opportunity for investors and developers in an area experiencing continuous urban growth and development. The land has a total area of 438.3 sqm, providing suitable space for projects aligned with the property’s classification and location.

The plot carries a WS classification, making it suitable for various permitted uses under this zoning category and offering flexibility for investors or owners to benefit from the location and land size efficiently. The property also benefits from easy accessibility and proximity to major roads connecting the area to different parts of Bahrain.

Located in Ras Zuwayed, the area is witnessing noticeable infrastructure and service development, while also being close to industrial and service zones, enhancing its long-term investment value and making it an attractive option for investors seeking competitively priced real estate opportunities.

With an asking price of BHD 85,000 and a price per foot of BHD 18.017, this land represents an excellent opportunity to own a well-sized property at a competitive price in one of Bahrain’s promising areas.",,,,commercial_sale,,,,,,,,,,,,,,,,,,,,1,,,,85000,BHD,sell,,,,,,438,sqm,269,Ras Zuwayed,26.085487365722656,50.61517333984375,ras-zuwayed,AREA,Ras Zuwayed,1.269,,,,,,,7273,https://www.propertyfinder.bh/images/pf_agent/picture/0e23db668dfcf3ec66b08ff476c2be20509efa7b/desktop,,Sajjad ALBasri,sajjad.homex@gmail.com,sajjad-albasri,,,,,,English|Arabic,,,sajjad.homex@gmail.com,1231,HOMEX PROPERTIES,"Office 0, Building 118ر, Budaiya, 79 AVENUE 79, Northern Governorate, PO Box 449",sajj52025@gmail.com,+97134343412,homex-properties-v2-1231,,,,,,,,,,,,,,,,,,,,,,,,,,,,,,,,100,,,,,2026-06-05T09:09:08.616835+00:00,
53766032,53766032,Commercial Land 4Sale Prime Investment Opportunity,"A distinguished commercial plot is available for sale in Shakhura, offering a valuable investment opportunity in one of Bahrain’s growing commercial and urban areas. The land has a total area of 999.9 sqm, providing ample space suitable for a wide range of commercial and investment projects.

The plot is classified as BD, a commercial classification that offers excellent flexibility for development, making it ideal for commercial buildings, offices, showrooms, or mixed-use investment projects. The large land size also provides investors with strong potential to maximize project utilization and achieve rewarding future returns.

Located in Shakhura, the property benefits from proximity to main roads, residential neighborhoods, and various essential services, enhancing its commercial value and ensuring excellent accessibility for customers and visitors.

With an asking price of BHD 269,073 and a price per foot of BHD 25, this land represents an excellent opportunity for investors and business owners seeking a competitively priced commercial plot in a strategic location within Bahrain.",,,,commercial_sale,,,,,,,,,,,,,,,,,,,,1,,,,269073,BHD,sell,,,,,,1000,sqm,9,Shakhura,26.20975685119629,50.50579833984375,shakhura,AREA,Shakhura,4.9,,,,,,,7273,https://www.propertyfinder.bh/images/pf_agent/picture/0e23db668dfcf3ec66b08ff476c2be20509efa7b/desktop,,Sajjad ALBasri,sajjad.homex@gmail.com,sajjad-albasri,,,,,,English|Arabic,,,sajjad.homex@gmail.com,1231,HOMEX PROPERTIES,"Office 0, Building 118ر, Budaiya, 79 AVENUE 79, Northern Governorate, PO Box 449",sajj52025@gmail.com,+97134343412,homex-properties-v2-1231,,,,,,,,,,,,,,,,,,,,,,,,,,,,,,,,100,,,,,2026-06-05T09:09:08.616835+00:00,
53765840,53765840,Turnkey Medical Center for Sale in Busaiteen,"A premium investment opportunity is available for sale in Al Busaiteen, consisting of a fully equipped turnkey medical clinic located on the ninth floor in a prestigious and strategic location. The clinic has a total area of 550 sqm and features luxurious finishing and modern medical facilities ready for immediate operation. The medical center also benefits from a commercial registration history of 13 years, adding strong operational and investment value within the healthcare sector.

The center includes a complete range of medical specialties such as dentistry, dermatology, laser treatments, general medicine, and pediatrics, with advanced facilities designed to support various medical and cosmetic services. It features 3 fully equipped dental clinics, a 3D panoramic imaging room, a blood collection and laboratory room, 4 laser hair removal rooms, a skin care room, a slimming and body sculpting room, and 6 examination and injection rooms.

The clinic also includes a spacious reception area, an internal reception room, a management office, a call center room, an accounting office, a server room equipped with a complete surveillance system, as well as a storage room, sterilization room, archive room, employee lounge with a private bathroom, 4 additional bathrooms, and an external medical waste room.

Among the property’s key advantages are its integrated and unique cosmetic and laser equipment, luxurious interior design, and high-end finishing throughout the facility. In addition, the medical center benefits from a dedicated parking floor with 10 parking spaces, ensuring convenience for both staff and patients.

This medical center represents an outstanding investment opportunity thanks to its prime location, operational efficiency, and full readiness for immediate use. The monthly rental value for the clinic floor is BHD 1,750, while the asking sale price for the clinic is BHD 150,000.",,,,commercial_sale,,,,4,4,,,,YES,,,,,,,,,,,3,,,,150000,BHD,sell,,,,,,550,sqm,96,Busaiteen,26.27199935913086,50.60900115966797,busaiteen,AREA,Busaiteen,3.96,,,,,,,7273,https://www.propertyfinder.bh/images/pf_agent/picture/0e23db668dfcf3ec66b08ff476c2be20509efa7b/desktop,,Sajjad ALBasri,sajjad.homex@gmail.com,sajjad-albasri,,,,,,English|Arabic,,,sajjad.homex@gmail.com,1231,HOMEX PROPERTIES,"Office 0, Building 118ر, Budaiya, 79 AVENUE 79, Northern Governorate, PO Box 449",sajj52025@gmail.com,+97134343412,homex-properties-v2-1231,,,,,,,,,,,,,,,,,,,,,,,,,,,,,,,,100,CP|AC|AN|SE|DN|CR,CP|AC|AN|SE|DN|CR,,,2026-06-05T09:09:08.616835+00:00,
51692180,51692180,Commercial building for sale 382 square meters.,"Commercial building for sale in Qudaybiyah Area 382 square meters Comprising two shops And six apartments, each with a third of a room Net income: 1,000 dinars Ask: 230,000 dinars, negotiable To contact Mahmoud Hussein, Beit Maleeh Contracting and Real Estate 66661042


. The location is ideal, just steps from shopping centers, restaurants, and schools. It also offers easy access to   p ublic transportation.",,,,commercial_sale,,,,6,6,,,,YES,,,,,,,,,,,3,,,,230000,BHD,sell,,,,,,382,sqm,80,Gudaibiya,26.218677520751953,50.59382247924805,manama-gudaibiya,AREA,Gudaibiya,5.34.80,,,,,,,2633,https://www.propertyfinder.bh/images/pf_agent/picture/3d7af654eca3db8fedbcb838b490e17d079df959/desktop,,Abdulla Al Samahiji,bmcr_0@hotmail.com,abdulla-al-samahiji,,,,,,English|Arabic,,,bmcr_0@hotmail.com,447,BMCR,"Office 359, Building 321, Gudaibiya, 118, Capital Governorate, PO Box Manama",bmcr_0@hotmail.com,+97339446492,bmcr-447,,,,,,,,,,,,,,,,,,,,,,,,,,,,,,,,93,BA|AN|LB|SY|DN|SE,BA|AN|LB|SY|DN|SE,,,2026-06-05T09:09:08.616835+00:00,
929092,929092,Commercial land for sale in Al Hidd,"Area: Hidd
Reference: L013249
Plot size (SQM): 1928
Property type: Land
Property classification: Com
******************************************************************************

The Ideal thing about investing in Bahrain property is that the demand is always at a peak due to the nation’s small geographic surface area, an indication that property prices, in general, will always rise.

Why Grnata? Your decision to select Grnata as a licensed group of companies in the field of real estate will lead you to many benefits such as:

	Qualified consultants in the Bahrain market
	Study and analysis of the investment’s opportunity
	A group of professional teams that are able to provide all real estate services.
Grnata is the leading real estate company in the Kingdom of Bahrain. Grnata and as seen by observers of the movement of the real estate market has taken its place in the real estate market, knocked off the pioneer, and gained the confidence of the stakeholders in the nation. 
",,,,commercial_sale,,,,,,,,,,,,,,,,,,,,2,,,,518000,BHD,sell,,,,,,1928,sqm,32,Hidd,26.21263313293457,50.67418670654297,hidd,AREA,Hidd,3.32,,,,,,,4472,https://www.propertyfinder.bh/images/pf_agent/picture/c861b88091ab1a6eb5ccc103d90b86a3e69e14ff/desktop,,Ali Nooh,ali.nooh@grnata.com,ali-nooh,,,,,,English|Arabic,,,ali.nooh@grnata.com,670,Grnata,"Office 0, Building 0, Seef, 0, Capital Governorate, ",husain.jalil@grnata.com,+97337334334,grnata-670,,,,,,,,,,,,,,,,,,,,,,,,,,,,,,,,100,,,,,2026-06-05T09:09:08.616835+00:00,
965777,965777,Commercial land for sale in Busaiteen,"Area:
Reference: L013705
Plot size (SQM): 1317.9
Property type: Land
Property classification: COM
******************************************************************************

The Ideal thing about investing in Bahrain property is that the demand is always at a peak due to the nation’s small geographic surface area, an indication that property prices, in general, will always rise.

Why Grnata? Your decision to select Grnata as a licensed group of companies in the field of real estate will lead you to many benefits such as:

	Qualified consultants in the Bahrain market
	Study and analysis of the investment’s opportunity
	A group of professional teams that are able to provide all real estate services.
Grnata is the leading real estate company in the Kingdom of Bahrain. Grnata and as seen by observers of the movement of the real estate market has taken its place in the real estate market, knocked off the pioneer, and gained the confidence of the stakeholders in the nation. 
",,,,commercial_sale,,,,,,,,,,,,,,,,,,,,2,,,,269531,BHD,sell,,,,,,1318,sqm,96,Busaiteen,26.27199935913086,50.60900115966797,busaiteen,AREA,Busaiteen,3.96,,,,,,,4472,https://www.propertyfinder.bh/images/pf_agent/picture/c861b88091ab1a6eb5ccc103d90b86a3e69e14ff/desktop,,Ali Nooh,ali.nooh@grnata.com,ali-nooh,,,,,,English|Arabic,,,ali.nooh@grnata.com,670,Grnata,"Office 0, Building 0, Seef, 0, Capital Governorate, ",husain.jalil@grnata.com,+97337334334,grnata-670,,,,,,,,,,,,,,,,,,,,,,,,,,,,,,,,100,,,,,2026-06-05T09:09:08.616835+00:00,
52489214,52489214,Commercial land with two roads in Sadad,"Area: Sadad
Reference: LA010802
Plot size (SQM): 1108
Property type: Land
Property classification: COM
******************************************************************************

The Ideal thing about investing in Bahrain property is that the demand is always at a peak due to the nation’s small geographic surface area, an indication that property prices, in general, will always rise.

Why Grnata? Your decision to select Grnata as a licensed group of companies in the field of real estate will lead you to many benefits such as:

	Qualified consultants in the Bahrain market
	Study and analysis of the investment’s opportunity
	A group of professional teams that are able to provide all real estate services.
Grnata is the leading real estate company in the Kingdom of Bahrain. Grnata and as seen by observers of the movement of the real estate market has taken its place in the real estate market, knocked off the pioneer, and gained the confidence of the stakeholders in the nation.",,,,commercial_sale,,,,,,,,,,,,,,,,,,,,2,,,,417503,BHD,sell,,,,,,1108,sqm,57,Sadad,26.08335304260254,50.48234558105469,sadad,AREA,Sadad,4.57,,,,,,,4472,https://www.propertyfinder.bh/images/pf_agent/picture/c861b88091ab1a6eb5ccc103d90b86a3e69e14ff/desktop,,Ali Nooh,ali.nooh@grnata.com,ali-nooh,,,,,,English|Arabic,,,ali.nooh@grnata.com,670,Grnata,"Office 0, Building 0, Seef, 0, Capital Governorate, ",husain.jalil@grnata.com,+97337334334,grnata-670,,,,,,,,,,,,,,,,,,,,,,,,,,,,,,,,100,,,,,2026-06-05T09:09:08.616835+00:00,
53765953,53765953,Commercial land for sale in Al-Aker,"Prime Commercial Land for Sale in Al-Aker

Property Details:

Land Area: 330 sq m

Land Classification: RB (Commercial)
Price per sq ft: 42 BD
Located on a commercial street
Located on a corner lot with access to two streets

Property Features:

Suitable for investment
Close to all services
Easy access
Prime and vibrant location

Notes:

Price is negotiable

Total Price: 150,000 BD

This commercial land is located in the vibrant Al-Aker area, which experiences continuous commercial and residential activity. This makes it an excellent opportunity for those looking to invest in real estate or develop a commercial project in a strategic and prime location. The land is distinguished by its location on a main commercial street, in addition to being on a corner lot with access to two streets, which gives it a significant advantage in terms of commercial visibility, ease of access, and daily traffic.

 The land's location makes it suitable for various types of commercial and investment projects, including shops, offices, and service-oriented businesses. Its proximity to residential areas and essential services such as markets, restaurants, schools, and healthcare centers enhances the property's investment value and increases the likelihood of success for any development.

The area also boasts easy access to main roads and vibrant surrounding areas, along with readily available infrastructure and essential services. This makes the property an ideal opportunity for investors seeking commercial land in a dynamic and future-expanding location. The land's prime location and multiple frontages further contribute to its value and make it a prime investment opportunity in the area.",,,,commercial_sale,,,,,,,,,,,,,,,,,,,,1,,,,150000,BHD,sell,,,,,,330,sqm,19,Eker,26.143688201904297,50.60297393798828,eker,AREA,Eker,2.19,,,,,,,7704,,,سيد أحمد الموسوي,sayedahmed.Homex@gmail.com,سيد-أحمد-الموسوي,,,,,,,,,sayedahmed.Homex@gmail.com,1231,HOMEX PROPERTIES,"Office 0, Building 118ر, Budaiya, 79 AVENUE 79, Northern Governorate, PO Box 449",sajj52025@gmail.com,+97134343412,homex-properties-v2-1231,,,,,,,,,,,,,,,,,,,,,,,,,,,,,,,,100,,,,,2026-06-05T09:09:08.616835+00:00,
964672,964672,Investment Land in Galali – Al Shorouq,"Investment Land in Galali – Al Shorouq, Near Dilmunia & Amwaj

For sale commercial land (B3 classification) located in Al Shorouq Plan – Galali, a prime area near Dilmunia entrance and Amwaj Islands.
This plot offers excellent potential for a commercial or mixed-use development project, benefiting from a growing investment zone with great visibility and accessibility.

Area: Galali – Al Shorouq

Classification: B3 Commercial

Plot Size: 450.80 SQM (4,843.8 SQF)

Foot Price: 35.000 BHD

Total Price: 170,000 BHD

Key Features:

Strategic location near Dilmunia entrance and Amwaj

Rapidly developing mixed-use neighborhood

Ideal for a commercial or upscale residential project

Fully serviced area with ready infrastructure

Contact us for more details:
Great Bay Real Estate Management

Looking for more real estate opportunities?
We manage over 300 residential and commercial units across Bahrain, supported by a 24/7 maintenance department committed to quality and excellence.

Real Estate License: SA202406-1285",,,,commercial_sale,,,,,,,,,,,,,,,,,,,,3,,,,170000,BHD,sell,,,,,,450,sqm,93,Galali,26.266666412353516,50.650001525878906,galali,AREA,Galali,3.93,,,,,,,5393,https://www.propertyfinder.bh/images/pf_agent/picture/06aedc83ff6766e720c70f16f581b58944ced8c7/desktop,,Mohamed Salah,msalah.tawfeek@gmail.com,mohamed-salah,,,,,,English|Arabic,,,msalah.tawfeek@gmail.com,951,Great Bay W.L.L,"Office 0, Building 0, Manama, 0, Capital Governorate, PO Box 0",info@greatbaybh.com,+97339101103,great-bay-w-l-l-951,,,,,,,,,,,,,,,,,,,,,,,,,,,,,,,,100,,,,,2026-06-05T09:09:08.616835+00:00,
960089,960089,Building for Sale – 10% ROI – Prime Location,"Investment Building for Sale – 10% ROI – Prime Location

Property Details:

Number of Floors: 4

Units: 16 apartments + 6 retail shops

Plot Area: 233 sqm

Net Monthly Income: BHD 1,745

Net Annual Income: BHD 20,940

Selling Price: BHD 210,000

ROI: 10%

Location:
Muharraq – Fareej Bin Hindi 

Property Features:

Corner building on two streets

Directly located on the main commercial road

Fully rented with stable income

Excellent investment opportunity for buyers seeking guaranteed returns

Contact Information:
For inquiries or to schedule a viewing, please contact us.

Are you looking for more real estate investment opportunities?
We offer a wide range of residential and commercial properties across the Kingdom of Bahrain to suit various budgets and needs.
We are a property management company managing over 300 residential and commercial units, with a 24/7 maintenance department to ensure top-quality service for our clients.",,,,commercial_sale,,,,2,2,,,,PARTLY,,,,,,,,,,,3,,,,210000,BHD,sell,,,,,,233,sqm,12,Muharraq,26.25,50.616668701171875,muharraq,AREA,Muharraq,3.12,,,,,,,5393,https://www.propertyfinder.bh/images/pf_agent/picture/06aedc83ff6766e720c70f16f581b58944ced8c7/desktop,,Mohamed Salah,msalah.tawfeek@gmail.com,mohamed-salah,,,,,,English|Arabic,,,msalah.tawfeek@gmail.com,951,Great Bay W.L.L,"Office 0, Building 0, Manama, 0, Capital Governorate, PO Box 0",info@greatbaybh.com,+97339101103,great-bay-w-l-l-951,,,,,,,,,,,,,,,,,,,,,,,,,,,,,,,,100,BA,BA,,,2026-06-05T09:09:08.616835+00:00,
956705,956705,Investment Opportunity – LD Land @ Ras Zuwayed,"Investment Opportunity – Industrial Commercial Land for Sale in Ras Zuwayed

Location: Ras Zuwayed

Land Details:

Classification: LD (Light Industries Areas)

Area (m²): 1,050 m²

Area (ft²): 11,302.2 ft²

Price per ft²: BHD 29.3

Total Price: BHD 141,277.5

============================================
Features:

Industrial commercial land in a prime location in Ras Zuwayed

Suitable for industrial or commercial projects

Easy access and close to essential services

For inquiries and viewing:
Please call or send a message to book an appointment

Looking for more real estate opportunities?
We offer a wide range of industrial, commercial, and residential properties across Bahrain, supported by a 24/7 maintenance department to enhance our services and meet client needs efficiently.",,,,commercial_sale,,,,,,,,,,,,,,,,,,,,3,,,,141300,BHD,sell,,,,,,1050,sqm,269,Ras Zuwayed,26.085487365722656,50.61517333984375,ras-zuwayed,AREA,Ras Zuwayed,1.269,,,,,,,5393,https://www.propertyfinder.bh/images/pf_agent/picture/06aedc83ff6766e720c70f16f581b58944ced8c7/desktop,,Mohamed Salah,msalah.tawfeek@gmail.com,mohamed-salah,,,,,,English|Arabic,,,msalah.tawfeek@gmail.com,951,Great Bay W.L.L,"Office 0, Building 0, Manama, 0, Capital Governorate, PO Box 0",info@greatbaybh.com,+97339101103,great-bay-w-l-l-951,,,,,,,,,,,,,,,,,,,,,,,,,,,,,,,,100,,,,,2026-06-05T09:09:08.616835+00:00,
52957110,52957110,Prime Industrial Land for Sale in Al Maameer,"Industrial Investment Land for Sale in Al Maameer – Strategic Location

For sale an industrial land (LD classification) located in Al Maameer,
one of Bahrain’s most active and established industrial zones.
The plot’s large size and strategic location make it ideal for building warehouses, workshops, or a fully integrated industrial facility.

Area: Al Maameer

Classification: LD

Plot Size: 1,764.5 SQM (18,993 SQF)

Foot Price: 14.000 BHD

Total Price: 265,903 BHD

Key Features:

Industrial zoning suitable for logistics, warehousing, or commercial use

Excellent access to main roads and nearby industrial areas

Ideal for setting up a large-scale workshop or industrial project

Located in a rapidly developing commercial and industrial hub

At Great Bay Real Estate Management, we deliver a professional and transparent real estate experience.
We highlight each property’s true value and help buyers decide with confidence through accurate, well-presented listings—creating results that benefit both sellers and buyers.

Real Estate License: SA202406-1285",,,,commercial_sale,,,,,,,,,,,,,,,,,,,,3,,,,266000,BHD,sell,,,,,,1764,sqm,17,Maameer,26.134166717529297,50.61305618286133,maameer,AREA,Maameer,2.17,,,,,,,5393,https://www.propertyfinder.bh/images/pf_agent/picture/06aedc83ff6766e720c70f16f581b58944ced8c7/desktop,,Mohamed Salah,msalah.tawfeek@gmail.com,mohamed-salah,,,,,,English|Arabic,,,msalah.tawfeek@gmail.com,951,Great Bay W.L.L,"Office 0, Building 0, Manama, 0, Capital Governorate, PO Box 0",info@greatbaybh.com,+97339101103,great-bay-w-l-l-951,,,,,,,,,,,,,,,,,,,,,,,,,,,,,,,,100,,,,,2026-06-05T09:09:08.616835+00:00,
964670,964670,Investment Land in Ras Zuwayed – Industrial Plot,"Investment Opportunity in Ras Zuwayed – Industrial Commercial Land

For sale industrial commercial land (LD classification) located in Ras Zuwayed, offering a prime location with easy access to main roads and transport routes.
The plot is ideal for building a workshop, warehouse, or small industrial facility, making it an excellent choice for investors and business owners looking for affordable land in a growing industrial zone.

Area: Ras Zuwayed

Classification: LD

Plot Size: 1,050 SQM (11,302 SQF)

Foot Price: 12.500 BHD

Total Price: 141,277 BHD

Key Features:

Strategic location with direct access to major roads

Ideal for workshop, storage, or light industrial use

Located in a developing industrial area with increasing demand

All essential infrastructure and utilities available

Additional Details:

Owner: Ibrahim Juffair

Date Received: 24 September 2025

Received By: Mohamed Salah

Contact us for more details:
Great Bay Real Estate Management

Looking for more real estate opportunities?
We manage over 300 residential and commercial units across Bahrain, supported by a 24/7 maintenance department ensuring professional service and quality results.

Real Estate License: SA202406-1285",,,,commercial_sale,,,,,,,,,,,,,,,,,,,,3,,,,141500,BHD,sell,,,,,,1050,sqm,269,Ras Zuwayed,26.085487365722656,50.61517333984375,ras-zuwayed,AREA,Ras Zuwayed,1.269,,,,,,,5393,https://www.propertyfinder.bh/images/pf_agent/picture/06aedc83ff6766e720c70f16f581b58944ced8c7/desktop,,Mohamed Salah,msalah.tawfeek@gmail.com,mohamed-salah,,,,,,English|Arabic,,,msalah.tawfeek@gmail.com,951,Great Bay W.L.L,"Office 0, Building 0, Manama, 0, Capital Governorate, PO Box 0",info@greatbaybh.com,+97339101103,great-bay-w-l-l-951,,,,,,,,,,,,,,,,,,,,,,,,,,,,,,,,100,,,,,2026-06-05T09:09:08.616835+00:00,
795193,795193,Industrial land for sale in the Ras Zuwaid,"Area: Ras Zuwaid
Reference: L011772
Plot size (SQM):1647.4
******************************************************************************

Manama is the capital and largest city in Bahrain with an approximate population of 200,000 as of the year 2020 statistics. Due to its strategic location, it is considered a home to a very diverse amount of population, foreigners, investors in addition to international firms and ministries. Therefore, Manama is currently facing high demand and low supply.
Why Grnata? Your decision to select Grnata as a licensed group of companies in the field of real estate will lead you to many benefits:

	Qualified consultants in the Bahrain market
	Modernized working methods to work accordingly in the real estate market. 
	Study and analysis of the investment’s opportunity
	Provision of all real estate services",,,,commercial_sale,,,,,,,,,,,,,,,,,,,,2,,,,230523,BHD,sell,,,,,,1647,sqm,269,Ras Zuwayed,26.085487365722656,50.61517333984375,ras-zuwayed,AREA,Ras Zuwayed,1.269,,,,,,,4472,https://www.propertyfinder.bh/images/pf_agent/picture/c861b88091ab1a6eb5ccc103d90b86a3e69e14ff/desktop,,Ali Nooh,ali.nooh@grnata.com,ali-nooh,,,,,,English|Arabic,,,ali.nooh@grnata.com,670,Grnata,"Office 0, Building 0, Seef, 0, Capital Governorate, ",husain.jalil@grnata.com,+97337334334,grnata-670,,,,,,,,,,,,,,,,,,,,,,,,,,,,,,,,100,,,,,2026-06-05T09:09:08.616835+00:00,
929094,929094,Commercial land for sale in Askar,"Area: Asker
Reference: L013238
Plot size (SQM): 605.3
Property type:  Land
Property classification: B3*
******************************************************************************

The Ideal thing about investing in Bahrain property is that the demand is always at a peak due to the nation’s small geographic surface area, an indication that property prices, in general, will always rise.

Why Grnata? Your decision to select Grnata as a licensed group of companies in the field of real estate will lead you to many benefits such as:

	Qualified consultants in the Bahrain market
	Study and analysis of the investment’s opportunity
	A group of professional teams that are able to provide all real estate services.
Grnata is the leading real estate company in the Kingdom of Bahrain. Grnata and as seen by observers of the movement of the real estate market has taken its place in the real estate market, knocked off the pioneer, and gained the confidence of the stakeholders in the nation. 



",,,,commercial_sale,,,,,,,,,,,,,,,,,,,,2,,,,156730,BHD,sell,,,,,,605,sqm,79,Askar,26.05678367614746,50.61648178100586,askar,AREA,Askar,1.79,,,,,,,4472,https://www.propertyfinder.bh/images/pf_agent/picture/c861b88091ab1a6eb5ccc103d90b86a3e69e14ff/desktop,,Ali Nooh,ali.nooh@grnata.com,ali-nooh,,,,,,English|Arabic,,,ali.nooh@grnata.com,670,Grnata,"Office 0, Building 0, Seef, 0, Capital Governorate, ",husain.jalil@grnata.com,+97337334334,grnata-670,,,,,,,,,,,,,,,,,,,,,,,,,,,,,,,,100,,,,,2026-06-05T09:09:08.616835+00:00,
743167,743167,Commercial Land for Sale - Janabiya,"Area: Janabiya
Reference: L009259
Plot size (SQM): 1091
Property type: Land
Property classification: RHB* 
******************************************************************************

The Ideal thing about investing in Bahrain property is that the demand is always at a peak due to the nation’s small geographic surface area, an indication that property prices, in general, will always rise.

Why Grnata? Your decision to select Grnata as a licensed group of companies in the field of real estate will lead you to many benefits such as:

	Qualified consultants in the Bahrain market
	Study and analysis of the investment’s opportunity
	A group of professional teams that are able to provide all real estate services.
Grnata is the leading real estate company in the Kingdom of Bahrain. Grnata and as seen by observers of the movement of the real estate market has taken its place in the real estate market, knocked off the pioneer, and gained the confidence of the stakeholders in the nation.",,,,commercial_sale,,,,,,,,,,,,,,,,,,,,2,,,,645893,BHD,sell,,,,,,1091,sqm,48,Janabiya,26.185943603515625,50.46711349487305,janabiya,AREA,Janabiya,4.48,,,,,,,4472,https://www.propertyfinder.bh/images/pf_agent/picture/c861b88091ab1a6eb5ccc103d90b86a3e69e14ff/desktop,,Ali Nooh,ali.nooh@grnata.com,ali-nooh,,,,,,English|Arabic,,,ali.nooh@grnata.com,670,Grnata,"Office 0, Building 0, Seef, 0, Capital Governorate, ",husain.jalil@grnata.com,+97337334334,grnata-670,,,,,,,,,,,,,,,,,,,,,,,,,,,,,,,,100,,,,,2026-06-05T09:09:08.616835+00:00,
53404609,53404609,Commercial land in Sitra - LD,"Area: Sitra
Reference: LA010821
Plot size (SQM): 640
Property type: Land
Property classification: S
******************************************************************************

The Ideal thing about investing in Bahrain property is that the demand is always at a peak due to the nation’s small geographic surface area, an indication that property prices, in general, will always rise.

Why Grnata? Your decision to select Grnata as a licensed group of companies in the field of real estate will lead you to many benefits such as:

1- Qualified consultants in the Bahrain market
2- Study and analysis of the investment’s opportunity
3- A group of professional teams that are able to provide all real estate services.
Grnata is the leading real estate company in the Kingdom of Bahrain. Grnata and as seen by observers of the movement of the real estate market has taken its place in the real estate market, knocked off the pioneer, and gained the confidence of the stakeholders in the nation.",,,,commercial_sale,,,,,,,,,,,,,,,,,,,,2,,,,151415,BHD,sell,,,,,,639,sqm,69,Sitra,26.162988662719727,50.6124267578125,sitra,AREA,Sitra,2.69,,,,,,,4472,https://www.propertyfinder.bh/images/pf_agent/picture/c861b88091ab1a6eb5ccc103d90b86a3e69e14ff/desktop,,Ali Nooh,ali.nooh@grnata.com,ali-nooh,,,,,,English|Arabic,,,ali.nooh@grnata.com,670,Grnata,"Office 0, Building 0, Seef, 0, Capital Governorate, ",husain.jalil@grnata.com,+97337334334,grnata-670,,,,,,,,,,,,,,,,,,,,,,,,,,,,,,,,98,,,,,2026-06-05T09:09:08.616835+00:00,
973001,973001,Land for sale in Bussaiteen,"
Area:  Bussaiteen
Reference: L013697
Plot size (SQM): 1,690.700
Property type: Land 
Property classification: COM

******************************************************************************

The Ideal thing about investing in Bahrain property is that the demand is always at a peak due to the nation’s small geographic surface area, an indication that property prices, in general, will always rise.


Why Grnata? Your decision to select Grnata as a licensed group of companies in the field of real estate will lead you to many benefits such as:

         Qualified consultants in the Bahrain market
         Study and analysis of the investment’s opportunity
         A group of professional teams that are able to provide all real estate services.

Grnata is the leading real estate company in the Kingdom of Bahrain. Grnata and as seen by observers of the movement of the real estate market has taken its place in the real estate market, knocked off the pioneer, and gained the confidence of the stakeholders in the nation.



",,,,commercial_sale,,,,,,,,,,,,,,,,,,,,2,,,,473166,BHD,sell,,,,,,1690700,sqm,96,Busaiteen,26.27199935913086,50.60900115966797,busaiteen,AREA,Busaiteen,3.96,,,,,,,3772,https://www.propertyfinder.bh/images/pf_agent/picture/3f908f274ea074e002665035e18e557b98b0d1a5/desktop,,Ali Najah,ali.najah@grnata.com,ali-najah,,,,,,English|Arabic,,,ali.najah@grnata.com,670,Grnata,"Office 0, Building 0, Seef, 0, Capital Governorate, ",husain.jalil@grnata.com,+97337334334,grnata-670,,,,,,,,,,,,,,,,,,,,,,,,,,,,,,,,97,,,,,2026-06-05T09:09:08.616835+00:00,
52169381,52169381,North Indian Restaurant|Sale|Equipped|Operational.,"Well decorated approx 80 seater 2 floor indian restaurant in Adliya prime location is on sale with complete set up and available visa 10 Nos. 

Presently, the restaurant is operational. 

Ready to operate as complete kitchen & dining set up ready and sufficient staff available. 

Price : 18,000 BHD ( Negotiable) 

Food categories: North Indian, Chinese, Tandoori, Live chaat counter, and South Indian 

Asset : 
All kitchen equipment in good condition, rigid metallic gas line with all industrial gas detectors and control system, 7 almost new branded A/c 2.5 ton capacity, Fire alarm, billing counter, excellent furniture, decorated restaurant, complete set up for all type of food cooking, crockery & cutlery, proper ceiling music system, additional music system for party and karaoke mics, electric bike etc.,

Condition: 
Presently in operation. Ready to operate as sufficient staffs are available with valid visa. 

For more enquiries or viewing pls contact Mobile / WhatsApp: 39978658

Rent : 800 BHD / Month",,,,commercial_sale,,,,4,4,,,,YES,,,,,,,,,,,3,,,,18000,BHD,sell,,,,,,250,sqm,95,Adliya,26.214487075805664,50.584754943847656,manama-adliya,AREA,Adliya,5.34.95,,,,,,,5377,https://www.propertyfinder.bh/images/pf_agent/picture/a3765c37cb3c1a7c4f639ef9a0c949088e2ec43c/desktop,,Rajesh Kumar ,rajesh@pegasusbahrain.com,rajesh-kumar,,,,,,English|Hindi|Tamil|Malayalam|Kannada,,,rajesh@pegasusbahrain.com,31,Pegasus Real Estate,"Office 1, Building Elite residence, Manama, Seef, Capital Governorate, PO Box 3134",aziz@pegasusbahrain.com,+97339657733,pegasus-real-estate-31,,,,,,,,,,,,,,,,,,,,,,,,,,,,,,,,100,AN|AC|DN|CR|LB,AN|AC|DN|CR|LB,,,2026-06-05T09:09:08.616835+00:00,
52011021,52011021,Medical Faclilty|2050 smtr built up|Car park|2lift,"Galali - Medical Facility....

Brand new medical facility ready to move in.
Close to Amwaj and Diyar Al Muharaq.

Having NHRA approval ready.
Having multiple consulting rooms.
Laboratory facility.
Radiology room.
X ray room.
ENT facility.
Nurses room
Admin room
Canteen.
Basement and ground floor car parking.


Ground + 4 floors.
Total built-up area is 2050 sqmtr.
Asking price is BD 975,000 

ENT clinic
> Dermatology 
 >cosmetic
> Gynecology & obstetrics clinic
> Dental clinic
> General physician clinic
> Audiology
> X-Ray (radiology)
> Laboratory
> Pharmacy
> Physiotherapy

Basement:
> Twelve parking bays
> Fire Fighter facilities room

Ground floor
> Two passenger elevators
> Common Cafeteria
> Parking ambulances and visitors
> Power generator room

First floor:
> Common Bathrooms for ladies and gents
> Reception area
> Medical treatment room ( for potential ER room for future )
> Laboratory
> X-Ray & ECG room
> Pharmacy
> Ultra sound room
> Medical director room ( can be also doctor office )
> Medical waste room
> Medical storage
> IT room ( for CCTV and networking and data)

Second floor:
> ENT CLINIC
> Audiology and speech therapy clinic
> Dental clinic
> General physician clinic
> Dentist doctor office
> Canteen
> Medical storage room
> Medical waste room
> Sterilization room
> common bathroom for ladies and gents and for handicapped

Third floor:
> Gynecology &obstetrics clinic
> Ultrasound room (potential for second gynecology & obstetrics room)
> Big procedure room
> Dermatology & cosmetic clinic
> Doctor office for dermatology and cosmetic clinic
> Sterilization room
> Vital sign room
> Medical storage room
> common bathroom for ladies and gents and for handicapped

4th floor:
> Physiotherapy room
> HR and administration room

Size: 2050 sqmtr builtup area.
Asking Price BD 975,000.

For enquiries and viewing pls contact 39978658.










----------------------------------------------------------------------------------------------------",,,,commercial_sale,,,,7+,7+,,,,PARTLY,,,,,,,,,,,3,,,,975000,BHD,sell,,,,,,2050,sqm,93,Galali,26.266666412353516,50.650001525878906,galali,AREA,Galali,3.93,,,,,,,5377,https://www.propertyfinder.bh/images/pf_agent/picture/a3765c37cb3c1a7c4f639ef9a0c949088e2ec43c/desktop,,Rajesh Kumar ,rajesh@pegasusbahrain.com,rajesh-kumar,,,,,,English|Hindi|Tamil|Malayalam|Kannada,,,rajesh@pegasusbahrain.com,31,Pegasus Real Estate,"Office 1, Building Elite residence, Manama, Seef, Capital Governorate, PO Box 3134",aziz@pegasusbahrain.com,+97339657733,pegasus-real-estate-31,,,,,,,,,,,,,,,,,,,,,,,,,,,,,,,,100,AC|CP|SE|DN|CR|LB,AC|CP|SE|DN|CR|LB,,,2026-06-05T09:09:08.616835+00:00,
53655062,53655062,Fitted Office for sale in Platinum tower,"Seef - Platinum Tower

This semi fitted office is located in Seef area in the Prestigious Platinum Tower.

Platinum Tower is one of the most Prestigious Commercial Tower in Bahrain which is housing many Corporate offices.

The tower has many amenities which is unique to Platinum tower.

The amenities include....
Swimming Pool
Gym
Business Centre
Conference Hall
Open space for outdoor activities.

It is easily accessible to and from the main road and highway.

The size of this office is 97 sqmtr.

Sale price: BD 100,000.

For enquiries and viewing pls contact 39978658.

----------------------------------------------------------------------------------------------------------------------------------------------------------------------------------------------------------------------------------------------------------------------",,,,commercial_sale,,,,2,2,4,4,,PARTLY,,,,,,,,,,,3,,,,100000,BHD,sell,,,,,,97,sqm,37,Seef,26.239999771118164,50.5369987487793,seef,AREA,Seef,5.37,,,,,,,5377,https://www.propertyfinder.bh/images/pf_agent/picture/a3765c37cb3c1a7c4f639ef9a0c949088e2ec43c/desktop,,Rajesh Kumar ,rajesh@pegasusbahrain.com,rajesh-kumar,,,,,,English|Hindi|Tamil|Malayalam|Kannada,,,rajesh@pegasusbahrain.com,31,Pegasus Real Estate,"Office 1, Building Elite residence, Manama, Seef, Capital Governorate, PO Box 3134",aziz@pegasusbahrain.com,+97339657733,pegasus-real-estate-31,,,,,,,,,,,,,,,,,,,,,,,,,,,,,,,,100,SP|CP|CR|AN|DN|SY|LB,SP|CP|CR|AN|DN|SY|LB,,,2026-06-05T09:09:08.616835+00:00,
900527,900527,Commercial and Residential Building in Qudaibiya,"Commercial &amp; Residential Building for Sale in Qudaibiya
Consist of:
8 Commercial Shops
22 Residential Apartments
Land Size: 332.6 sqm
Current Monthly Income: BD 3,470
Expected Income: BD 6,640
Asking price: BD 500,000 
Ref: MPM2680

Majestic Properties is a well-established brokerage company in Kingdom of Bahrain for more than 15 years. We offer a complete portfolio of real estate services, including sales and leasing of residential and commercial properties. 

Our professional and committed team of sales and leasing property advisors all of which are certified by Bahrain Real Estate Regulatory Authority (RERA) with license No. B201803/46. 

Our aim is to provide superior full-service real estate brokerage with in-depth market knowledge and ethical practices.

Our vision is to be recognized as the leading agency in property services as well as reliable source of market information and advice.",,,,commercial_sale,,,,7+,7+,,,,YES,,,,,,,,,,,1,,,,500000,BHD,sell,,,,,,332,sqm,80,Gudaibiya,26.218677520751953,50.59382247924805,manama-gudaibiya,AREA,Gudaibiya,5.34.80,,,,,,,743,https://www.propertyfinder.bh/images/pf_agent/picture/10135956b3ddb45033b72829fc51de004c5141fd/desktop,,Mahmood Al-Shaikh,info@majestic-bh.com,mahmood-al-shaikh,,,,,,English|Arabic,,,info@majestic-bh.com,114,Majestic Properties,"Office 25, Building bldg49, block 327, road 270, Adliya, 0, Capital Governorate, ",admin@majestic-bh.com,+97337602277,majestic-properties-114,,,,,,,,,,,,,,,,,,,,,,,,,,,,,,,,75,CP,CP,,,2026-06-05T09:09:08.616835+00:00,
899934,899934,Commercial Building for Sale in Saar,"Commercial &amp; Residential Building for Sale in Saar
Closed to Al Mercado Mall
Consist of:
4 Commercial Shops
6 Apartments 
12 Electrical Meters
Land Size: 595 sqm
Monthly Income: BD 2,490
Asking price: BD 450,000
Ref: MPM1365


Majestic Properties is a well-established brokerage company in Kingdom of Bahrain for more than 15 years. We offer a complete portfolio of real estate services, including sales and leasing of residential and commercial properties. 

Our professional and committed team of sales and leasing property advisors all of which are certified by Bahrain Real Estate Regulatory Authority (RERA) with license No. B201803/46. 

Our aim is to provide superior full-service real estate brokerage with in-depth market knowledge and ethical practices.

Our vision is to be recognized as the leading agency in property services as well as reliable source of market information and advice.",,,,commercial_sale,,,,,,,,,,,,,,,,,,,,1,,,,450000,BHD,sell,,,,,,595,sqm,72,Saar,26.19164276123047,50.48757553100586,saar,AREA,Saar,4.72,,,,,,,743,https://www.propertyfinder.bh/images/pf_agent/picture/10135956b3ddb45033b72829fc51de004c5141fd/desktop,,Mahmood Al-Shaikh,info@majestic-bh.com,mahmood-al-shaikh,,,,,,English|Arabic,,,info@majestic-bh.com,114,Majestic Properties,"Office 25, Building bldg49, block 327, road 270, Adliya, 0, Capital Governorate, ",admin@majestic-bh.com,+97337602277,majestic-properties-114,,,,,,,,,,,,,,,,,,,,,,,,,,,,,,,,75,CP,CP,,,2026-06-05T09:09:08.616835+00:00,
900098,900098,Commercial Building for Sale in Salmabad,"Commercial Building for Sale in Salmabad
Corner Building
Consist of:
4 Commercial Showrooms
15 Commercial Offices (Apartments) 
Car Parking
Land Size: 1094 sqm
Built-up Size: 3225 sqm
Asking Price: BD 1,250,000 
Ref: MPM2855


Majestic Properties is a well-established brokerage company in Kingdom of Bahrain for more than 15 years. We offer a complete portfolio of real estate services, including sales and leasing of residential and commercial properties. 

Our professional and committed team of sales and leasing property advisors all of which are certified by Bahrain Real Estate Regulatory Authority (RERA) with license No. B201803/46. 

Our aim is to provide superior full-service real estate brokerage with in-depth market knowledge and ethical practices.

Our vision is to be recognized as the leading agency in property services as well as reliable source of market information and advice.",,,,commercial_sale,,,,,,,,,,,,,,,,,,,,1,,,,1250000,BHD,sell,,,,,,1094,sqm,6,Salmabad,26.183332443237305,50.516666412353516,salmabad,AREA,Salmabad,2.6,,,,,,,743,https://www.propertyfinder.bh/images/pf_agent/picture/10135956b3ddb45033b72829fc51de004c5141fd/desktop,,Mahmood Al-Shaikh,info@majestic-bh.com,mahmood-al-shaikh,,,,,,English|Arabic,,,info@majestic-bh.com,114,Majestic Properties,"Office 25, Building bldg49, block 327, road 270, Adliya, 0, Capital Governorate, ",admin@majestic-bh.com,+97337602277,majestic-properties-114,,,,,,,,,,,,,,,,,,,,,,,,,,,,,,,,75,CP,CP,,,2026-06-05T09:09:08.616835+00:00,
973041,973041,land for sale in Tubli,"
Area: TUBLI
Reference: L013454
Plot size (SQM): 2,462.500
Property type: Land
Property classification: LD
******************************************************************************

The Ideal thing about investing in Bahrain property is that the demand is always at a peak due to the nation’s small geographic surface area, an indication that property prices, in general, will always rise.


Why Grnata? Your decision to select Grnata as a licensed group of companies in the field of real estate will lead you to many benefits such as:

         Qualified consultants in the Bahrain market
         Study and analysis of the investment’s opportunity
         A group of professional teams that are able to provide all real estate services.

Grnata is the leading real estate company in the Kingdom of Bahrain. Grnata and as seen by observers of the movement of the real estate market has taken its place in the real estate market, knocked off the pioneer, and gained the confidence of the stakeholders in the nation.



",,,,commercial_sale,,,,,,,,,,,,,,,,,,,,2,,,,583139,BHD,sell,,,,,,2463,sqm,98,Tubli,26.188888549804688,50.54999923706055,tubli,AREA,Tubli,2.98,,,,,,,3772,https://www.propertyfinder.bh/images/pf_agent/picture/3f908f274ea074e002665035e18e557b98b0d1a5/desktop,,Ali Najah,ali.najah@grnata.com,ali-najah,,,,,,English|Arabic,,,ali.najah@grnata.com,670,Grnata,"Office 0, Building 0, Seef, 0, Capital Governorate, ",husain.jalil@grnata.com,+97337334334,grnata-670,,,,,,,,,,,,,,,,,,,,,,,,,,,,,,,,96,,,,,2026-06-05T09:09:08.616835+00:00,
983387,983387,Land for sale in Ras Zuwayed,"Area: Ras Zuwayed
Reference: LA010227
Plot size (SQM): 1577.3
Property type: Land
Property classification: LD
******************************************************************************

The Ideal thing about investing in Bahrain property is that the demand is always at a peak due to the nation’s small geographic surface area, an indication that property prices, in general, will always rise.

Why Grnata? Your decision to select Grnata as a licensed group of companies in the field of real estate will lead you to many benefits such as:

	Qualified consultants in the Bahrain market
	Study and analysis of the investment’s opportunity
	A group of professional teams that are able to provide all real estate services.
Grnata is the leading real estate company in the Kingdom of Bahrain. Grnata and as seen by observers of the movement of the real estate market has taken its place in the real estate market, knocked off the pioneer, and gained the confidence of the stakeholders in the nation. 
",,,,commercial_sale,,,,,,,,,,,,,,,,,,,,2,,,,237692,BHD,sell,,,,,,1577,sqm,269,Ras Zuwayed,26.085487365722656,50.61517333984375,ras-zuwayed,AREA,Ras Zuwayed,1.269,,,,,,,7020,https://www.propertyfinder.bh/images/pf_agent/picture/eea4d95c0964e5023810d4a76559eaf497096b33/desktop,,Ahmed Jawad,ahmed.jawad@grnata.com,ahmed-jawad,,,,,,,,,ahmed.jawad@grnata.com,670,Grnata,"Office 0, Building 0, Seef, 0, Capital Governorate, ",husain.jalil@grnata.com,+97337334334,grnata-670,,,,,,,,,,,,,,,,,,,,,,,,,,,,,,,,97,,,,,2026-06-05T09:09:08.616835+00:00,
53460542,53460542,Shops | Elevator | Galali | Muharraq Area,"Residential Building for Sale in Muharraq Area

Property Details:

Size: 210 Sqm
Flats: 7 flats
Monthly Income: BHD 1,200
Price: BHD 270,000
For more information and to schedule a viewing, please don’t hesitate to contact us at:
Phone: 16633004

About House Me Company:
House Me Company is proud to have a dedicated sales team, comprised of highly trained professionals with the knowledge and experience to deliver outstanding service throughout the year. Our teams are based in each Governorate of the Kingdom, allowing us to focus on area development research and provide thorough, dedicated service to our clients.

We offer a range of sales options, ensuring our customers are fully supported until the deal is finalized and the property is registered under their ownership.",,,,commercial_sale,,,,1,1,,,,YES,,,,,,,,,,,3,,,,270000,BHD,sell,,,,,,210,sqm,93,Galali,26.266666412353516,50.650001525878906,galali,AREA,Galali,3.93,,,,,,,1898,https://www.propertyfinder.bh/images/pf_agent/picture/c7bbbe623f031f0dcfdd8f0d2247ac4d19e1a34d/desktop,,Fadhel Ahmed,fadhel@housemeonline.com,fadhel-ahmed,,,,,,English|Arabic,,,fadhel@housemeonline.com,7,House Me,"Office 21, Building 853, block 332, Manama, 3218, Capital Governorate, PO Box 0000",mohammed@housemeonline.com,+97339522370,house-me-7,,,,,,,,,,,,,,,,,,,,,,,,,,,,,,,,100,LB,LB,,,2026-06-05T09:09:08.616835+00:00,
53433200,53433200,Prime Commercial Investment Building in Salmabad,"A distinguished investment building is available for sale in Salmabad, offering a strategic and lively location in one of Bahrain’s most active commercial and industrial areas. This makes it an ideal opportunity for investors seeking stable income and strong returns. The property stands on a land area of 436 sqm and features a practical design suitable for various commercial and administrative activities, while also benefiting from proximity to main roads and essential services that enhance its investment appeal.

The building consists of a ground floor and two upper floors. The ground floor includes 6 mezzanine commercial shops with direct front-facing exposure, providing excellent visibility for businesses and increasing rental value. The shops are currently partially rented and generate a monthly income of BHD 900, with additional potential for higher returns upon full occupancy.

The first and second floors each contain 7 office apartments designed to suit companies and administrative businesses. Each office unit includes a spacious hall, a private office room, and a bathroom. The building enjoys a high occupancy rate, with 13 out of 14 offices currently rented at BHD 200 per office, reflecting strong demand for the location and available units.

The property is also equipped with 21 separate electricity meters, including individual meters for each office and commercial shop, in addition to a dedicated meter for the building, making management and operations more efficient for investors and owners. With a building age of only 5 years, the property remains in modern condition and requires minimal maintenance.

The building currently generates a net monthly income of BHD 3,500, making it one of the attractive investment opportunities in Salmabad, especially due to its proximity to markets, companies, workshops, and various service facilities. With a selling price of BHD 620,000, this property represents an excellent opportunity for investors seeking stable income",,,,commercial_sale,,,,7+,7+,,,,NO,,,,,,,,,,,3,,,,620000,BHD,sell,,,,,,436,sqm,6,Salmabad,26.183332443237305,50.516666412353516,salmabad,AREA,Salmabad,2.6,,,,,,,7273,https://www.propertyfinder.bh/images/pf_agent/picture/0e23db668dfcf3ec66b08ff476c2be20509efa7b/desktop,,Sajjad ALBasri,sajjad.homex@gmail.com,sajjad-albasri,,,,,,English|Arabic,,,sajjad.homex@gmail.com,1231,HOMEX PROPERTIES,"Office 0, Building 118ر, Budaiya, 79 AVENUE 79, Northern Governorate, PO Box 449",sajj52025@gmail.com,+97134343412,homex-properties-v2-1231,,,,,,,,,,,,,,,,,,,,,,,,,,,,,,,,100,AN|CR|LB,AN|CR|LB,,,2026-06-05T09:09:08.616835+00:00,
947412,947412,Commercial building on 2streets in almaearid,"Investment Opportunity
Commercial building for sale on Exhibition Street
Shops on the front and back streets
Building consists of:
16 rented apartments
Offices
7 shops
4 on Exhibition Street
3 on the back streets
Land area: 345 square meters

Fully rented, excluding electricity
Current income: 4,300 dinars net
Possibility of increasing income:
To reach 7,000 dinars
Ask: 595,000 dinars, negotiable
.....................................................................................................................
فرصة استثمارية 
للبيع مبنى تجاري في شارع المعارض 
محلات تجارية على الشارع الأمامي والخلفي 
يتكون المبنى من :
16 شقة ماجرة مكاتب 
7 محلات تجارية 
4 على شارع المعارض 3 الشارع الخلفي 
مساحة الارض : 345 متر مربع 

مؤجر بالكامل بدون كهرباء
الدخل الحالي: 4,300 دينار صافي 
إمكانية تطوير الدخل:
ليصير 7000 دينار 
المطلوب: 595,000 دينار قابل للتفاوض
............................................................................................................................................",,,,commercial_sale,,,,7+,7+,,,,YES,,,,,,,,,,,3,,,,595000,BHD,sell,,,,,,345,sqm,14,Hoora,26.23387908935547,50.5939826965332,hoora,AREA,Hoora,5.14,,,,,,,5673,https://www.propertyfinder.bh/images/pf_agent/picture/2425539d123a9c5f63524753581eeaaa3e1221f4/desktop,,Al Lagoon Real Estate ,allagoonbh@gmail.com,al-lagoon-real-estate,,,,,,,,,allagoonbh@gmail.com,996,Al Lagoon Real Estate,"Office 0, Building 0, Sanad, 0, Central Governorate, PO Box 0",harm_1960@yahoo.ca,+97337222529,al-lagoon-real-estate-996,,,,,,,,,,,,,,,,,,,,,,,,,,,,,,,,94,AN|CP|SE|LB,AN|CP|SE|LB,,,2026-06-05T09:09:08.616835+00:00,
965776,965776,Investment land in Hidd - B6,"Area:
Reference: L013524
Plot size (SQM): 1362.8
Property type: Land
Property classification: BD
******************************************************************************

The Ideal thing about investing in Bahrain property is that the demand is always at a peak due to the nation’s small geographic surface area, an indication that property prices, in general, will always rise.

Why Grnata? Your decision to select Grnata as a licensed group of companies in the field of real estate will lead you to many benefits such as:

	Qualified consultants in the Bahrain market
	Study and analysis of the investment’s opportunity
	A group of professional teams that are able to provide all real estate services.
Grnata is the leading real estate company in the Kingdom of Bahrain. Grnata and as seen by observers of the movement of the real estate market has taken its place in the real estate market, knocked off the pioneer, and gained the confidence of the stakeholders in the nation. 
",,,,commercial_sale,,,,,,,,,,,,,,,,,,,,2,,,,484000,BHD,sell,,,,,,1363,sqm,32,Hidd,26.21263313293457,50.67418670654297,hidd,AREA,Hidd,3.32,,,,,,,4472,https://www.propertyfinder.bh/images/pf_agent/picture/c861b88091ab1a6eb5ccc103d90b86a3e69e14ff/desktop,,Ali Nooh,ali.nooh@grnata.com,ali-nooh,,,,,,English|Arabic,,,ali.nooh@grnata.com,670,Grnata,"Office 0, Building 0, Seef, 0, Capital Governorate, ",husain.jalil@grnata.com,+97337334334,grnata-670,,,,,,,,,,,,,,,,,,,,,,,,,,,,,,,,97,,,,,2026-06-05T09:09:08.616835+00:00,
53461798,53461798,Prime commercial land for sale in Aali,"Prime Commercial Land for Sale in A'ali

Property Details:

Land Area: 423.1 sq m
Classification: S**
Located on a Corner with Two Streets
On a Main Street
Among Residential Areas
Price per Foot: 29 BD
Total Price: 132,073 BD
Price Negotiable

This commercial land is strategically located in the vibrant A'ali area, offering an ideal opportunity for commercial investment or developing a successful project in a constantly evolving residential and commercial area. Its corner location on two streets provides easy access and a prominent storefront, in addition to its proximity to Ramli Mall, A'ali Park, and all essential services.

Furthermore, its location amidst residential neighborhoods makes it suitable for various commercial, service, and investment activities within a fully serviced area with existing infrastructure and amenities.",,,,commercial_sale,,,,,,,,,,,,,,,,,,,,1,,,,132073,BHD,sell,,,,,,423,sqm,85,A'Ali,26.1634578704834,50.515289306640625,a-ali,AREA,A'Ali,2.85,,,,,,,7704,,,سيد أحمد الموسوي,sayedahmed.Homex@gmail.com,سيد-أحمد-الموسوي,,,,,,,,,sayedahmed.Homex@gmail.com,1231,HOMEX PROPERTIES,"Office 0, Building 118ر, Budaiya, 79 AVENUE 79, Northern Governorate, PO Box 449",sajj52025@gmail.com,+97134343412,homex-properties-v2-1231,,,,,,,,,,,,,,,,,,,,,,,,,,,,,,,,100,,,,,2026-06-05T09:09:08.616835+00:00,
53433537,53433537,commercial land for sale in Jid Ali (in road 77),"For sale: A prime commercial plot of land in a strategic location on Commercial Street 77 in Jid Ali, one of the most vibrant and sought-after areas in Bahrain. Its proximity to essential services and vital amenities, including main roads, supermarkets, and a variety of shops and businesses, makes it an ideal choice for long-term investment or establishing a successful project in a dynamic location.

The land's prime location ensures easy access to and from various parts of Bahrain. The area's high population density and commercial activity further enhance the chances of success for any project built on it, whether it be a shopping mall, shops, offices, or an integrated residential and commercial development. The surrounding area also supports business growth and provides a suitable environment for profitable investment.

Land Details:

Land Area: 928.5 sq m

Classification: B3 Commercial/Residential

Price: 600,000 Bahraini Dinars (Negotiable)

Don't miss this rare opportunity to own commercial land in a desirable and prime location. This is a strong investment opportunity that combines an excellent location with a high expected return.

 For more details or to schedule a viewing, please contact:

Sayed Ahmed Mohamed
32322739",,,,commercial_sale,,,,,,,,,,,,,,,,,,,,1,,,,600000,BHD,sell,,,,,,929,sqm,53,Jid Ali,26.179166793823242,50.56222152709961,jid-ali,AREA,Jid Ali,2.53,,,,,,,7704,,,سيد أحمد الموسوي,sayedahmed.Homex@gmail.com,سيد-أحمد-الموسوي,,,,,,,,,sayedahmed.Homex@gmail.com,1231,HOMEX PROPERTIES,"Office 0, Building 118ر, Budaiya, 79 AVENUE 79, Northern Governorate, PO Box 449",sajj52025@gmail.com,+97134343412,homex-properties-v2-1231,,,,,,,,,,,,,,,,,,,,,,,,,,,,,,,,100,,,,,2026-06-05T09:09:08.616835+00:00,
53433532,53433532,commercial building for sale in salmabad,"For sale: A new commercial building in Salmabad, located on a main and vibrant commercial street in a desirable location close to all services and amenities.

Property Details:

• Land Area: 436 sq m

Building Specifications:

Ground Floor: • 6 mezzanine shops • All shops are front-facing • 3 shops are currently leased

First and Second Floors: • Each floor contains 7 office apartments • Total number of apartments: 14

Each apartment consists of: • A spacious hall • A bathroom • A closed office

The building is suitable for investment and boasts an excellent location on a busy commercial street.

Net Building Income: BD 3,500 Sale Price: BD 620,000

for more details or to view the site 

32322739








































































































ew commercial building in Salmabad, located on a main and vibrant commercial street in a desirable location close to all services and amenities.

Property Details:

• Land Area: 436 sq m

Building Specifications:

Ground Floor: • 6 mezzanine shops • All shops are front-facing • 3 shops are currently leased

First and Second Floors: • Each floor contains 7 office apartments • Total number of apartments: 14

Each apartment consists of: • A spacious hall • A bathroom • A closed office

The building is suitable for investment and boasts an excellent location on a busy commercial street.

Net Building Income: BD 3,500 Sale Price: BD 620,000

for more details or to view the site 

32322739",,,,commercial_sale,,,,7+,7+,,,,PARTLY,,,,,,,,,,,3,,,,620000,BHD,sell,,,,,,436,sqm,6,Salmabad,26.183332443237305,50.516666412353516,salmabad,AREA,Salmabad,2.6,,,,,,,7704,,,سيد أحمد الموسوي,sayedahmed.Homex@gmail.com,سيد-أحمد-الموسوي,,,,,,,,,sayedahmed.Homex@gmail.com,1231,HOMEX PROPERTIES,"Office 0, Building 118ر, Budaiya, 79 AVENUE 79, Northern Governorate, PO Box 449",sajj52025@gmail.com,+97134343412,homex-properties-v2-1231,,,,,,,,,,,,,,,,,,,,,,,,,,,,,,,,100,SE,SE,,,2026-06-05T09:09:08.616835+00:00,
974851,974851,Commercial land for sale,"Area: karzakan
Reference: LA010162
Plot size (SQM): 347.8
Property type: land
Property classification: RHB**
******************************************************************************

The Ideal thing about investing in Bahrain property is that the demand is always at a peak due to the nation’s small geographic surface area, an indication that property prices, in general, will always rise.

Why Grnata? Your decision to select Grnata as a licensed group of companies in the field of real estate will lead you to many benefits such as:

	Qualified consultants in the Bahrain market
	Study and analysis of the investment’s opportunity
	A group of professional teams that are able to provide all real estate services.
Grnata is the leading real estate company in the Kingdom of Bahrain. Grnata and as seen by observers of the movement of the real estate market has taken its place in the real estate market, knocked off the pioneer, and gained the confidence of the stakeholders in the nation. 
",,,,commercial_sale,,,,,,,,,,,,,,,,,,,,2,,,,140000,BHD,sell,,,,,,347,sqm,28,Karzakkan,26.113693237304688,50.48170471191406,karzakkan,AREA,Karzakkan,4.28,,,,,,,7020,https://www.propertyfinder.bh/images/pf_agent/picture/eea4d95c0964e5023810d4a76559eaf497096b33/desktop,,Ahmed Jawad,ahmed.jawad@grnata.com,ahmed-jawad,,,,,,,,,ahmed.jawad@grnata.com,670,Grnata,"Office 0, Building 0, Seef, 0, Capital Governorate, ",husain.jalil@grnata.com,+97337334334,grnata-670,,,,,,,,,,,,,,,,,,,,,,,,,,,,,,,,96,,,,,2026-06-05T09:09:08.616835+00:00,
53376914,53376914,Three plots of land for sale in Diyar Al Muharraq,"Three plots of land for sale in Diyar Al Muharraq

Sizes range from 1998 sqm to 2045 sqm

Classification: (SP) Special Project Areas

Suitable for building warehouses, factories, or other buildings.

For inquiries and viewings: 39459826

_________________________________ Al Diwaniyah Real Estate Center is a Bahraini company operating in the property management field for 36 years. Over these years, we have gained extensive experience in property management, maintenance, valuation, buying, selling, and leasing all types of real estate. We have specialized staff in leasing and rent collection, and the company employs over 26 Bahraini and expatriate staff, including the General Manager.",,,,commercial_sale,,,,,,,,,,,,,,,,,,,,3,,,,365600,BHD,sell,,,,,,2045,sqm,129,Diyar Al Muharraq,26.31142234802246,50.64306640625,diyar-al-muharraq,COMMUNITY,Diyar Al Muharraq,3.129,,,,,,,4556,https://www.propertyfinder.bh/images/pf_agent/picture/97b4d38d537894479b496be2fd9c98d8a24dde55/desktop,,Deewania estate agency,deewania-es@hotmail.com,deewania-estate-agency,,,,,,English|Arabic|Hindi,,,deewania-es@hotmail.com,535,Deewania Estate Agency,"Office 0, Building 0, Manama, 0, Capital Governorate, PO Box 0",d.alkhan92@gmail.com,+97334673888,deewania-estate-agency-535,,,,,,,,,,,,,,,,,,,,,,,,,,,,,,,,91,,,,,2026-06-05T09:09:08.616835+00:00,
53086788,53086788,Prime High-Income Investment Building in Busaiteen,"A premium investment building for sale in Al Busaiteen, offering a strategic location on two roads (front and rear), which provides excellent accessibility and added investment value. The property sits on a land area of 1,688 sqm and represents a strong real estate opportunity in Bahrain in terms of income and unit diversity.

The building consists of 61 residential and commercial units in total, including 52 large apartments, each featuring a living room, three bedrooms, a kitchen, and two bathrooms. It also includes two apartments consisting of a living room, two bedrooms, a kitchen, and two bathrooms, and two additional smaller apartments with a living room, one bedroom, a kitchen, and a bathroom. In addition, there are 5 studio units, providing further variety to meet different tenant needs. The property also includes 8 rented commercial shops, adding strong and diversified income sources.

The building offers a full range of facilities and amenities, including a large storage area, swimming pool, gym, steam room and sauna, and a games room, all of which enhance the living experience and increase tenant demand.

The property generates a current monthly income of BHD 25,800, reflecting its strong and stable investment performance. With a total selling price of BHD 3,700,000, this building represents a rare investment opportunity combining a prime location, unit diversity, full amenities, and strong recurring income.",,,,commercial_sale,,,,7+,7+,,,,YES,,,,,,,,,,,3,,,,3700000,BHD,sell,,,,,,1688,sqm,96,Busaiteen,26.27199935913086,50.60900115966797,busaiteen,AREA,Busaiteen,3.96,,,,,,,7273,https://www.propertyfinder.bh/images/pf_agent/picture/0e23db668dfcf3ec66b08ff476c2be20509efa7b/desktop,,Sajjad ALBasri,sajjad.homex@gmail.com,sajjad-albasri,,,,,,English|Arabic,,,sajjad.homex@gmail.com,1231,HOMEX PROPERTIES,"Office 0, Building 118ر, Budaiya, 79 AVENUE 79, Northern Governorate, PO Box 449",sajj52025@gmail.com,+97134343412,homex-properties-v2-1231,,,,,,,,,,,,,,,,,,,,,,,,,,,,,,,,100,BA|AN|AC|CP|PG|SP|SE|SY|DN|CR|LB,BA|AN|AC|CP|PG|SP|SE|SY|DN|CR|LB,,,2026-06-05T09:09:08.616835+00:00,
53086494,53086494,Prime Commercial Building for Sale in Busaiteen,"A premium commercial and administrative building is available for sale in Al Busaiteen, offering a strategic location directly opposite King Hamad University Hospital and positioned on two roads (a main road and a rear road), ensuring excellent accessibility and high investment value. The building stands on a land area of 681 sqm and consists of 11 floors, designed with a modern layout suitable for a wide range of commercial, medical, and administrative uses.

The ground floor includes two commercial shops with practical sizes, in addition to a large storage area and service facilities. Floors 1 to 4 are fully dedicated to parking, providing ample spaces for the entire building, along with staff rooms, storage areas, and supporting service facilities that enhance operational efficiency. Floors 5 to 7 feature a variety of office spaces, including fully partitioned offices with reception areas, service kitchens, and restrooms, as well as open-plan spaces suitable for different business activities.

Floors 8 and 9 offer full open spaces, with the ninth floor currently operating as a medical center, adding strong value and stable income potential to the property. The building also includes a luxury residential floor consisting of two fully furnished apartments with high-end finishes, along with a fully equipped rooftop that adds further functionality.

The property is equipped with modern systems, including two Mitsubishi elevators, a full CCTV surveillance system, fire alarm and suppression systems, and dedicated signage for each office, providing a secure and professional working environment. The building hosts a number of tenants from both local and international companies, reflecting its strong market appeal.

The current monthly income is approximately BHD 4,025, with the potential to increase to between BHD 9,500 and BHD 10,000 upon full occupancy, making it a strong investment opportunity with scalable returns. With a total asking price of BHD 1,800,000",,,,commercial_sale,,,,7+,7+,,,,PARTLY,,,,,,,,,,,3,,,,1800000,BHD,sell,,,,,,681,sqm,96,Busaiteen,26.27199935913086,50.60900115966797,busaiteen,AREA,Busaiteen,3.96,,,,,,,7273,https://www.propertyfinder.bh/images/pf_agent/picture/0e23db668dfcf3ec66b08ff476c2be20509efa7b/desktop,,Sajjad ALBasri,sajjad.homex@gmail.com,sajjad-albasri,,,,,,English|Arabic,,,sajjad.homex@gmail.com,1231,HOMEX PROPERTIES,"Office 0, Building 118ر, Budaiya, 79 AVENUE 79, Northern Governorate, PO Box 449",sajj52025@gmail.com,+97134343412,homex-properties-v2-1231,,,,,,,,,,,,,,,,,,,,,,,,,,,,,,,,100,BA|AN|AC|CP|SE|CR|LB,BA|AN|AC|CP|SE|CR|LB,,,2026-06-05T09:09:08.616835+00:00,
926389,926389,Land BD in hidd for Sale,"Area: Hidd
Reference: L013365
Plot size (SQM): 386
Property type:  Land
Property classification: BD
******************************************************************************

The Ideal thing about investing in Bahrain property is that the demand is always at a peak due to the nation’s small geographic surface area, an indication that property prices, in general, will always rise.

Why Grnata? Your decision to select Grnata as a licensed group of companies in the field of real estate will lead you to many benefits such as:

	Qualified consultants in the Bahrain market
	Study and analysis of the investment’s opportunity
	A group of professional teams that are able to provide all real estate services.
Grnata is the leading real estate company in the Kingdom of Bahrain. Grnata and as seen by observers of the movement of the real estate market has taken its place in the real estate market, knocked off the pioneer, and gained the confidence of the stakeholders in the nation. 
",,,,commercial_sale,,,,,,,,,,,,,,,,,,,,2,,,,156800,BHD,sell,,,,,,386,sqm,32,Hidd,26.21263313293457,50.67418670654297,hidd,AREA,Hidd,3.32,,,,,,,4472,https://www.propertyfinder.bh/images/pf_agent/picture/c861b88091ab1a6eb5ccc103d90b86a3e69e14ff/desktop,,Ali Nooh,ali.nooh@grnata.com,ali-nooh,,,,,,English|Arabic,,,ali.nooh@grnata.com,670,Grnata,"Office 0, Building 0, Seef, 0, Capital Governorate, ",husain.jalil@grnata.com,+97337334334,grnata-670,,,,,,,,,,,,,,,,,,,,,,,,,,,,,,,,96,,,,,2026-06-05T09:09:08.616835+00:00,
963214,963214,مبنى استثماري تجاري سكني Residential Commercial,"للبيع: بناية ذات دخل ثابت في سترة و عائد استثماري ممتاز جدا

الموقع: سترة، البحرين – منطقة متطورة ومرتبة، قريبة من الطرق الرئيسية وجميع الخدمات المحلية.

نوع العقار: بناية متعددة الاستخدامات (سكنية وتجارية).

تفاصيل البناية:

٦ شقق – كل وحدة مصممة للراحة، مؤجرة بالكامل حالياً.

٢ محل تجاري – مناسبة للتجزئة أو المكاتب، وتحقق دخلاً إيجارياً إضافياً.


الدخل الحالي من الإيجار: ١٢٠٠ دينار بحريني شهرياً، مما يوفر عائداً فورياً للمستثمرين.

مميزات إضافية:

بناية آمنة في حي مزدهر

إمكانية زيادة الدخل الإيجاري مستقبلاً

قريبة من المدارس والمحلات ووسائل النقل العام



فرصة استثمارية: هذه البناية مثالية للمستثمرين الباحثين عن عقار ذو دخل ثابت وإمكانية نمو قيمة العقار على المدى الطويل.


---

For Sale: Income-Generating Building in Sitra

Location: Sitra, Bahrain – a well-connected and developing area with easy access to main roads and local amenities.

Property Type: Mixed-use building (residential and commercial).

Structure:

6 Apartments – each unit designed for comfort, currently fully rented.

2 Commercial Shops – ideal for retail or office use, currently generating rental income.


Current Rental Income: BHD 1,200 per month, offering immediate returns for investors.

Additional Features:

Secure building in a thriving neighborhood

Potential to increase rental income in the future

Close proximity to schools, shops, and public transportation



Investment Opportunity: This building is ideal for investors looking for a property with stable rental income and potential for long-term capital appreciation.


---
",,,,commercial_sale,,,,7+,7+,,,,YES,,,,,,,,,,,3,,,,120000,BHD,sell,,,,,,116,sqm,69,Sitra,26.162988662719727,50.6124267578125,sitra,AREA,Sitra,2.69,,,,,,,6750,https://www.propertyfinder.bh/images/pf_agent/picture/4e00245178bbca57889344c6c8d5b88081ff8146/desktop,,Husain Al-Shaikh,hussainalshaiikh7@gmail.com,husain-al-shaikh,,,,,,English|Arabic,,,hussainalshaiikh7@gmail.com,600,DAMAC REALESTATE ESTABLISHMENT,"Office 24, Building 1495, Tubli, 1127, Central Governorate, ",ammarzikrat@gmail.com,+97339922003,damac-realestate-establishment-600,,,,,,,,,,,,,,,,,,,,,,,,,,,,,,,,100,LB,LB,,,2026-06-05T09:09:08.616835+00:00,
993164,993164,Prime location | Commercial | 10.44% ROI,"للبيع بناية في رأس رمان – موقع مميز

فرصة استثمارية مميزة في منطقة رأس رمان، موقع حيوي ومطلوب وقريب من جميع الخدمات.

تفاصيل البناية:
	•	مساحة الأرض: 171 متر مربع
	•	تتكون من:
	•	محلين تجاريين
	•	8 استيديوات من
غرفة
	•	صالة
	•	حمام
	•	مطبخ
	•	شقة سكنية مكونة من:
	•	غرفتين
	•	حمام
	•	مطبخ

الخدمات:
	•	8 عدادات كهرباء
	•	1 عداد ماء

الدخل:
	•	الدخل الإجمالي: 1720 دينار بحريني

البناية مؤجرة وتعد خيارًا ممتازًا للاستثمار بعائد شهري جيد.

للاستفسار ولمزيد من التفاصيل، يرجى التواصل",,,,commercial_sale,,,,7+,7+,,,,NO,,,,,,,,,,,1,,,,200000,BHD,sell,,,,,,171,sqm,71,Ras Rumman,26.2369441986084,50.584999084472656,manama-ras-rumman,AREA,Ras Rumman,5.34.71,,,,,,,6647,https://www.propertyfinder.bh/images/pf_agent/picture/738458e1c2e4bc60820d88244e5eaceb2005ab6e/desktop,,Ammar Zekrait,ammarzikrat@gmail.com,ammar-zekrait,,,,,,English|Arabic|Hindi,,,ammarzikrat@gmail.com,600,DAMAC REALESTATE ESTABLISHMENT,"Office 24, Building 1495, Tubli, 1127, Central Governorate, ",ammarzikrat@gmail.com,+97339922003,damac-realestate-establishment-600,,,,,,,,,,,,,,,,,,,,,,,,,,,,,,,,69,SE,SE,,,2026-06-05T09:09:08.616835+00:00,
932814,932814, A LAND IN Hamala BEST PLACE FOR SALE,"Area: Hamala
Reference:L013427
Plot size (SQM):162
Property type: land
Property classification:RHA
******************************************************************************

The Ideal thing about investing in Bahrain property is that the demand is always at a peak due to the nation’s small geographic surface area, an indication that property prices, in general, will always rise.

Why Grnata? Your decision to select Grnata as a licensed group of companies in the field of real estate will lead you to many benefits such as:

	Qualified consultants in the Bahrain market
	Study and analysis of the investment’s opportunity
	A group of professional teams that are able to provide all real estate services.
Grnata is the leading real estate company in the Kingdom of Bahrain. Grnata and as seen by observers of the movement of the real estate market has taken its place in the real estate market, knocked off the pioneer, and gained the confidence of the stakeholders in the nation. 
",,,,commercial_sale,,,,,,,,,,,,,,,,,,,,2,,,,58000,BHD,sell,,,,,,162,sqm,78,Hamala,26.140336990356445,50.478271484375,hamala,AREA,Hamala,4.78,,,,,,,6285,https://www.propertyfinder.bh/images/pf_agent/picture/a89c08e11448072588eb9c527f6adb34c67e6d8a/desktop,,Manar Jasim,manar.jasim@grnata.com,manar-jasim,,,,,,English|Arabic,,,manar.jasim@grnata.com,670,Grnata,"Office 0, Building 0, Seef, 0, Capital Governorate, ",husain.jalil@grnata.com,+97337334334,grnata-670,,,,,,,,,,,,,,,,,,,,,,,,,,,,,,,,100,,,,,2026-06-05T09:09:08.616835+00:00,
975002,975002,CLINIC APPROVED WITH PARKING || LIFTS || LOCATION,"GALALI

5 storey Brand new hospital clinic building for sale close to Amwaj and Diyar Al muharaq
Approval for clinics and facilities in medical center as following

1- ENT clinic
2- Dermatology and cosmetic
3- Gynecology &amp;obstetrics clinic
4- Dental clinic
5- GP clinic
6- Audiology
6- X-Ray (radiology)
7-Laboratory
8- Pharmacy
9- Physiotherapy

Basement
1- 11 parking lot
2- Fire Fighter room

Ground floor
1- 2 lifts
2- Cafeteria
3-Parking area for 9 cars
4- Generator

First floor
1- Bathrooms for male and female
2- Reception area
3- Big medical treatment room ( for potential ER room for future )
4- Lab
5- X-Ray room
6- Pharmacy
7- Ultra sound room
8 -Medical director room ( can be also doctor office )
9- Medical waste room
10 -Medical storage
11- IT room ( for camera system and networking and phones )

Second floor

1- ENT CLINIC
2- Audiology and speech therapy clinic
3- Dental clinic
4- Gp clinic
5- Vtal signs room
6- Doctor office for dentist
7 - Canteen
8- Medical storage room
7- Medical waste room
8- Sterilization room
9- 2 bathroom for male and 2 bathroom for female plus handicapped bathroom

Third floor
1- Gynecology &amp;obstetrics clinic
2- Ultrasound room ( potential for second gynecology &amp; obstetrics room )
3- Big procedure room
4- Dermatology &amp; cosmetic clinic
5- Doctor office for dermatology and cosmetic clinic
6- Sterilization room
7- Vital sign room
8- Medical storage room
9- Medical waste room
10 -2 bathrooms for male and for female plus handicapped bathroom

4th floor
 Physiotherapy room
HR and administration room

Asking price 975,000 BHD slightly negotiable.
Contact for more details-36794271",,,,commercial_sale,,,,7+,7+,,,,YES,,,,,,,,,,,3,,,,975000,BHD,sell,,,,,,2000,sqm,93,Galali,26.266666412353516,50.650001525878906,galali,AREA,Galali,3.93,,,,,,,6905,https://www.propertyfinder.bh/images/pf_agent/picture/27b4de697ccf96f95bcc33d3554739f14e50828d/desktop,,Shaji Pathrose,aeonrealestate2012@gmail.com,shaji-pathrose,,,,,,English|Arabic|Hindi,,,aeonrealestate2012@gmail.com,1178,AIM REAL ESTATE,"Office 0, Building 919و, Arad, 4233, Muharraq Governorate, PO Box 242",aeonrealestate2012@gmail.com,+97333665773,aim-real-estate-1178,,,,,,,,,,,,,,,,,,,,,,,,,,,,,,,,90,CP|AN|LB,CP|AN|LB,,,2026-06-05T09:09:08.616835+00:00,
51638186,51638186,2 Lands | Commercial | Al Sayah | Prime,"Two Commercial Lands for Sale in Al Sayah – Busaiteen, Muharraq, Bahrain
A unique opportunity to acquire two similar commercial land plots in Al Sayah, Busaiteen, located in the Northern Governorate of Bahrain. These plots are ideal for commercial or mixed-use development, offering excellent visibility and accessibility in a growing business area.

Key Property Details (Each Plot):
Land Size: 1,044.5 sqm (11,243 sq. ft.)
Classification: COM (Commercial)

Investment Highlights:
Strategically located in a high-traffic commercial area
Suitable for retail outlets, offices, warehouses, or mixed-use development
Excellent investment potential in a well-connected business district
Easy access to main roads and nearby residential communities
Opportunity to develop two identical plots for expanded commercial projects
These commercial lands in Al Sayah, Busaiteen provide an excellent opportunity for investors and developers seeking growth in Bahrain’s thriving commercial real estate market.

Price per Sq. Ft.: BHD 15
Total Price per Plot: BHD 168,645",,,,commercial_sale,,,,,,,,,,,,,,,,,,,,1,,,,168645,BHD,sell,,,,,,1044,sqm,96,Busaiteen,26.27199935913086,50.60900115966797,busaiteen,AREA,Busaiteen,3.96,,,,,,,1898,https://www.propertyfinder.bh/images/pf_agent/picture/c7bbbe623f031f0dcfdd8f0d2247ac4d19e1a34d/desktop,,Fadhel Ahmed,fadhel@housemeonline.com,fadhel-ahmed,,,,,,English|Arabic,,,fadhel@housemeonline.com,7,House Me,"Office 21, Building 853, block 332, Manama, 3218, Capital Governorate, PO Box 0000",mohammed@housemeonline.com,+97339522370,house-me-7,,,,,,,,,,,,,,,,,,,,,,,,,,,,,,,,100,,,,,2026-06-05T09:09:08.616835+00:00,
51638164,51638164,Commercial | Land | BD | Premium,"Prime location in Diyar Al Muharraq, close to Al Baraha Souq and nearby petrol station
Classification: BD Zone – permits construction of up to 6 floors
Land Area: 1,299.5 sqm (13,987.82 sq ft)
Tenure: Freehold ownership
Strategically positioned in one of Bahrain’s fastest-growing waterfront master-planned communities
Suitable for residential apartments, mixed-use development, or commercial investment project
Ideal for developers seeking a high-demand area with strong rental yield potential
Excellent opportunity to develop income-generating property in a premium location
Surrounded by residential neighborhoods, retail outlets, restaurants, and daily amenities
Easy access to main highways and key areas in Muharraq and Manama
Strong capital appreciation potential due to continuous infrastructure growth in Diyar Al Muharraq
High investor demand for multi-floor development plots in BD zoning
A rare opportunity to secure a large-scale development plot in a prime investment corridor

Price per sq ft: BHD 35
Total Price: BHD 489,573",,,,commercial_sale,,,,,,,,,,,,,,,,,,,,1,,,,489573,BHD,sell,,,,,,1299,sqm,270,Al Bareh,26.31142234802246,50.64306640625,diyar-al-muharraq-al-bareh,COMMUNITY,Al Bareh,3.129.270,,,,,,,1898,https://www.propertyfinder.bh/images/pf_agent/picture/c7bbbe623f031f0dcfdd8f0d2247ac4d19e1a34d/desktop,,Fadhel Ahmed,fadhel@housemeonline.com,fadhel-ahmed,,,,,,English|Arabic,,,fadhel@housemeonline.com,7,House Me,"Office 21, Building 853, block 332, Manama, 3218, Capital Governorate, PO Box 0000",mohammed@housemeonline.com,+97339522370,house-me-7,,,,,,,,,,,,,,,,,,,,,,,,,,,,,,,,100,,,,,2026-06-05T09:09:08.616835+00:00,
51637938,51637938,Commercial | Land | B3** | Galali | Investment,"A rare opportunity to acquire a prime commercial land plot in Galali, strategically located near Gas Al Salam Electronics and directly opposite Amwaj Islands. This high-potential investment property offers excellent commercial frontage and strong visibility, making it ideal for mixed-use or commercial development in one of Muharraq’s most active areas.

Key Property Details:
Location: Galali, Muharraq, Bahrain
Zoning Classification: B3** (Commercial Classification)
Land Size: 1,231 sqm 
Road Access: One main road frontage

Investment Highlights:
Prime commercial area with high traffic exposure
Close proximity to Amwaj Islands and surrounding residential communities
Suitable for retail outlets, showrooms, commercial buildings, or mixed-use development
Strong return on investment potential in a rapidly growing commercial zone
Excellent accessibility to main roads and key destinations in Muharraq
This commercial land in Galali presents a valuable opportunity for developers and investors seeking strategic positioning in Bahrain’s thriving real estate market.

Price per Sq. Ft.: BHD 47
Total Price: BHD 622,772",,,,commercial_sale,,,,,,,,,,,,,,,,,,,,1,,,,622772,BHD,sell,,,,,,1231,sqm,93,Galali,26.266666412353516,50.650001525878906,galali,AREA,Galali,3.93,,,,,,,1898,https://www.propertyfinder.bh/images/pf_agent/picture/c7bbbe623f031f0dcfdd8f0d2247ac4d19e1a34d/desktop,,Fadhel Ahmed,fadhel@housemeonline.com,fadhel-ahmed,,,,,,English|Arabic,,,fadhel@housemeonline.com,7,House Me,"Office 21, Building 853, block 332, Manama, 3218, Capital Governorate, PO Box 0000",mohammed@housemeonline.com,+97339522370,house-me-7,,,,,,,,,,,,,,,,,,,,,,,,,,,,,,,,100,,,,,2026-06-05T09:09:08.616835+00:00,
52090244,52090244,A distinctive investment building suitable for inv,"Building for sale in Buri.

Land area: 516.4 sq m
Building area: 936 sq m

Utilities:

7 electricity meters (4 three-phase + 3 single-phase)

6 water meters
Additional separate bathroom for the building

Building age: 6 years
Building consists of:
Ground floor:
Number of industrial workshops: 5 (3 small + 2 large)
Workshop design: 6 meters high - open design without columns

Second floor:
Workers' accommodation
11 rooms
Spacious kitchen
7 bathrooms
Additional separate bathroom for the building

Building features:
Fully rented
Ready for immediate investment
Strategic and sought-after location
Practical and flexible design suitable for industrial use

Current monthly income: 1,913

Asking price: 240,000 For inquiries:
Homex Real Estate
Sajad Al-Basri
+973 32322035",,,,commercial_sale,,,,7+,7+,,,,NO,,,,,,,,,,,3,,,,240000,BHD,sell,,,,,,516,sqm,36,Buri,26.14974594116211,50.50010299682617,buri,AREA,Buri,4.36,,,,,,,7273,https://www.propertyfinder.bh/images/pf_agent/picture/0e23db668dfcf3ec66b08ff476c2be20509efa7b/desktop,,Sajjad ALBasri,sajjad.homex@gmail.com,sajjad-albasri,,,,,,English|Arabic,,,sajjad.homex@gmail.com,1231,HOMEX PROPERTIES,"Office 0, Building 118ر, Budaiya, 79 AVENUE 79, Northern Governorate, PO Box 449",sajj52025@gmail.com,+97134343412,homex-properties-v2-1231,,,,,,,,,,,,,,,,,,,,,,,,,,,,,,,,100,LB,LB,,,2026-06-05T09:09:08.616835+00:00,
53683183,53683183,Commercial building for sale in Buri area,"For Sale: Prime Investment Building in Buri

Property Details:

Land Area: 419 sq m
Building Area: Two Floors
Consists of:

5 Shops
2 Offices
4 Apartments (2 Bedrooms and Living Room)
1 Studio
Number of Meters: 13
Location: On Two Streets (Front and Back)
Price: 170,000 BD

Monthly Income: 1,200 BD

This investment building is located in the vibrant Buri area, a mixed-use residential and commercial district, making it an ideal investment opportunity for those seeking a stable and continuous income. Its prime location on two streets (front and back) provides a significant advantage in terms of commercial activity, easy access, and high demand for its shops and offices.

Furthermore, the building's proximity to Al Amal Hospital adds to its value, as it is a bustling area with constant daily traffic. Its proximity to essential services such as markets, restaurants, service centers, and schools enhances the potential for consistent rental income for both residential and commercial units.

 The building comprises a diverse mix of commercial and residential units, including shops, offices, apartments, and studios, providing a variety of income streams and mitigating investment risk. The current monthly income reflects a sound investment, with the potential for increased returns in the future depending on unit management and leasing.

This property presents an ideal opportunity for investors seeking a ready-to-move-in building with a steady income in a vibrant area close to amenities, boasting a strategic location that facilitates consistent marketing and leasing.",,,,commercial_sale,,,,7+,7+,,,,PARTLY,,,,,,,,,,,3,,,,170000,BHD,sell,,,,,,419,sqm,36,Buri,26.14974594116211,50.50010299682617,buri,AREA,Buri,4.36,,,,,,,7704,,,سيد أحمد الموسوي,sayedahmed.Homex@gmail.com,سيد-أحمد-الموسوي,,,,,,,,,sayedahmed.Homex@gmail.com,1231,HOMEX PROPERTIES,"Office 0, Building 118ر, Budaiya, 79 AVENUE 79, Northern Governorate, PO Box 449",sajj52025@gmail.com,+97134343412,homex-properties-v2-1231,,,,,,,,,,,,,,,,,,,,,,,,,,,,,,,,96,CP,CP,,,2026-06-05T09:09:08.616835+00:00,
891305,891305,Land for sale in the Saar,"_______________________________

Land for sale in the Saar area on the highway
Partition works for me

The area is 3878 meters

Classification BC

The price per foot is 25 BD

_______________________________

We are Al-Diwaniyah Real Estate Center, a Bahraini institution. We have been working in the field of real estate management for 36 years, and through these years we have gained great experience in property management, maintenance, valuation, selling, buying and renting of all types of real estate.",,,,commercial_sale,,,,,,,,,,,,,,,,,,,,1,,,,1043569,BHD,sell,,,,,,3878,sqm,72,Saar,26.19164276123047,50.48757553100586,saar,AREA,Saar,4.72,,,,,,,4556,https://www.propertyfinder.bh/images/pf_agent/picture/97b4d38d537894479b496be2fd9c98d8a24dde55/desktop,,Deewania estate agency,deewania-es@hotmail.com,deewania-estate-agency,,,,,,English|Arabic|Hindi,,,deewania-es@hotmail.com,535,Deewania Estate Agency,"Office 0, Building 0, Manama, 0, Capital Governorate, PO Box 0",d.alkhan92@gmail.com,+97334673888,deewania-estate-agency-535,,,,,,,,,,,,,,,,,,,,,,,,,,,,,,,,91,,,,,2026-06-05T09:09:08.616835+00:00,
954858,954858,Building for sale | monthly income.,"Building for Sale in Umm Al Hassam – Kingdom of Bahrain
Located in a prestigious and highly sought-after area.

 Monthly Income: BHD 1,140
 Annual Income: BHD 13,689
 Total Apartments: 4 (each floor has 2 apartments)
potential to build 4 studio apartments
 Electricity Meters: 5
 Building Area: 1,878 m²
 Land Area: 174 m²
                                                            
Each apartment includes:
                                            
3 Bedrooms

Living Room

2 Bathrooms

 Properties for sale and rent in Umm Al Hassam with various features, specifications, and prices. Browse listings with images, compare options, and contact the property agent directly.

Selling Price: 125.000BD
For inquiries and viewings, feel free to contact us 38800304 - 38800305",,,,commercial_sale,,,,4,4,,,,PARTLY,,,,,,,,,,,3,,,,125000,BHD,sell,,,,,,174,sqm,90,Um Al Hasam,26.203079223632812,50.594947814941406,manama-um-al-hasam,AREA,Um Al Hasam,5.34.90,,,,,,,5939,https://www.propertyfinder.bh/images/pf_agent/picture/79e6bf07c7930a5acbbf9462a8581abb9288d8fa/desktop,,Ebrahim Ali,Ebrahim@avantiworldbh.com,ebrahim-ali,,,,,,,,,Ebrahim@avantiworldbh.com,1041,Avanti World Real Estate,"Office 0, Building 0, Manama, 0, Capital Governorate, PO Box 0",amanyyusuf99@gmail.com,+97339812665,avanti-world-real-estate-1041,,,,,,,,,,,,,,,,,,,,,,,,,,,,,,,,100,AN,AN,,,2026-06-05T09:09:08.616835+00:00,
965609,965609,Amazing Office space for sale / fitted and furnish,"Prime Commercial Address | Prestigious Tower | Excellent Investment Opportunity

Searching for a strategic commercial space in Seef?
This fully fitted office in the renowned Business Bay Tower presents a valuable investment opportunity in one of Bahrain’s most sought-after business districts.

Location: Business Bay Tower, Seef
Landmark: Adjacent to Ramada Hotel and directly opposite City Centre Mall
View: City & sea views
Size: 80 sqm 
Parking: 2 allocated indoor parking spaces

Office Layout Includes:

2 private partitioned offices

1 dedicated manager’s office

Large open workspace

Kitchenette

2 toilets

Additional Details:

Status: Fully fitted and move-in ready

Sale Price: BHD 84,000

For inquiries or viewing arrangements, feel free to contact:
Jafar Said
Mobile: +973 3220 0042
Email: jyousef@realsearch.bh",,,,commercial_sale,,,,1,1,3,3,,YES,,,,,,,,,,,3,,,,84000,BHD,sell,,,,,,80,sqm,37,Seef,26.239999771118164,50.5369987487793,seef,AREA,Seef,5.37,,,,,,,6995,https://www.propertyfinder.bh/images/pf_agent/picture/c54a3dc2126784e72b39394ee2e99dc6252373e6/desktop,,Jafar Said,jyousef@realsearch.bh,jafar-said,,,,,,English|Arabic,,,jyousef@realsearch.bh,1188,REAL SEARCH W.L.L,"Office 111554-1, Building 3232, Manama, 346, Capital Governorate, ",marketing.dept@realsearch.bh,+97332200042,bin-faqeeh-1188,,,,,,,,,,,,,,,,,,,,,,,,,,,,,,,,100,AN|AC|CP|VW|SE|SY|CR|LB,AN|AC|CP|VW|SE|SY|CR|LB,,,2026-06-05T09:09:08.616835+00:00,
51028423,51028423,Building for sale in Muharraq on two streets,"Building for sale in Muharraq on two streets
- 7 apartments:
- 4 apartments (2 bedrooms, 2 bathrooms, living room + kitchen)
- 3 apartments (1 bedroom + bathroom + living room + kitchen)
- 6 shops
No parking
Five apartments currently rented + five shops currently rented
Separate meters for each apartment and shop
Current monthly income: 875 Bahraini Dinars
Expected income if fully rented: 1135 Bahraini Dinars
Building age: 20 years
Separate meters for each apartment and shop
Electricity is the tenants' responsibility
Area: 196 sqm
Asking price: 139,000 Bahraini Dinars,
Contact: 39459826
__________________________ Al Diwaniyah Real Estate Center is a Bahraini company operating in the field of property management for 36 years. Over these years, we have gained extensive experience in property management, maintenance, valuation, buying, selling, and renting all types of real estate. We have specialized staff in leasing and rent collection, and the company employs more than 26 people. Bahraini and foreign general manager",,,,commercial_sale,,,,6,6,7,7,,NO,,,,,,,,,,,2,,,,139000,BHD,sell,,,,,,196,sqm,12,Muharraq,26.25,50.616668701171875,muharraq,AREA,Muharraq,3.12,,,,,,,4556,https://www.propertyfinder.bh/images/pf_agent/picture/97b4d38d537894479b496be2fd9c98d8a24dde55/desktop,,Deewania estate agency,deewania-es@hotmail.com,deewania-estate-agency,,,,,,English|Arabic|Hindi,,,deewania-es@hotmail.com,535,Deewania Estate Agency,"Office 0, Building 0, Manama, 0, Capital Governorate, PO Box 0",d.alkhan92@gmail.com,+97334673888,deewania-estate-agency-535,,,,,,,,,,,,,,,,,,,,,,,,,,,,,,,,90,SE,SE,,,2026-06-05T09:09:08.616835+00:00,
876549,876549,Building with 7 apartments for sale - Amwaj,"Area: Amwaj
Reference: B004541
Plot size (SQM): 331
******************************************************************************

Manama is the capital and largest city in Bahrain with an approximate population of 200,000 as of the year 2020 statistics. Due to its strategic location, it is considered a home to a very diverse amount of population, foreigners, investors in addition to international firms and ministries. Therefore, Manama is currently facing high demand and low supply.
Why Grnata? Your decision to select Grnata as a licensed group of companies in the field of real estate will lead you to many benefits:

	Qualified consultants in the Bahrain market
	Modernized working methods to work accordingly in the real estate market. 
	Study and analysis of the investment’s opportunity
	Provision of all real estate services",,,,commercial_sale,,,,7+,7+,,,,PARTLY,,,,,,,,,,,3,,,,200000,BHD,sell,,,,,,331,sqm,44,Amwaj Islands,26.288480758666992,50.66381072998047,amwaj-islands,AREA,Amwaj Islands,3.44,,,,,,,4472,https://www.propertyfinder.bh/images/pf_agent/picture/c861b88091ab1a6eb5ccc103d90b86a3e69e14ff/desktop,,Ali Nooh,ali.nooh@grnata.com,ali-nooh,,,,,,English|Arabic,,,ali.nooh@grnata.com,670,Grnata,"Office 0, Building 0, Seef, 0, Capital Governorate, ",husain.jalil@grnata.com,+97337334334,grnata-670,,,,,,,,,,,,,,,,,,,,,,,,,,,,,,,,94,CP|PP,CP|PP,,,2026-06-05T09:09:08.616835+00:00,
962993,962993,LD | SALMABAD AREA | Land      | ,"Land for Sale – Salmabad

Land Details:

Location: Salmabad – 

Size: 5,808 sqm (62,517 sqf)


Price: BHD 1,125,311


Throughout the year, House me company manages to lease a high volume of properties, from residential apartments, offices and commercial spaces to both individuals and corporate. We have a dedicated team, mixture of human resources to inline with the variety of our clients’ culture and languages, in addition of allowing our customers to know in a clear manner; about the facilities, view, responsibilities of tenant and landlord in the proposed property. Furthermore, House me company has an outstanding competitive edge in the market, where no vacant unit available in the properties managed by the company, which in fact, shows the quality of leasing services provided by its sincere employees.",,,,commercial_sale,,,,,,,,,,,,,,,,,,,,1,,,,1125311,BHD,sell,,,,,,5808,sqm,6,Salmabad,26.183332443237305,50.516666412353516,salmabad,AREA,Salmabad,2.6,,,,,,,6157,https://www.propertyfinder.bh/images/pf_agent/picture/6a00eb3aeaac4cebff50697a61a5855797cf1ce1/desktop,,Husain Alsandy,h.habib@housemeonline.com,husain-alsandy,,,,,,English|Arabic,,,h.habib@housemeonline.com,7,House Me,"Office 21, Building 853, block 332, Manama, 3218, Capital Governorate, PO Box 0000",mohammed@housemeonline.com,+97339522370,house-me-7,,,,,,,,,,,,,,,,,,,,,,,,,,,,,,,,100,,,,,2026-06-05T09:09:08.616835+00:00,
973508,973508,Commercial area | Vital area | Commercial street,"Two commercial and residential buildings for sale in Al-Badi'a.
The buildings are new and located near Al-Badi'a Sports Club.
*Building 1:
Contains 9 apartments.
Water consumption per apartment:
5 apartments (2 bedrooms, living room, 2 bathrooms, and kitchen)
2 apartments (2 bedrooms, living room, 1 bathroom, and kitchen)
1 studio apartment (1 bedroom, living room, and bathroom - no electricity)
1 guard's apartment (1 bedroom, living room, and bathroom - electricity included)
3 commercial shops.
Shop size: (4.3m x 6m including the mezzanine)
Electricity/Water consumption per meter.
*Building 2:
Contains 4 apartments (2 bedrooms, living room, 2 bathrooms, and kitchen)
2 apartments (2 bedrooms, living room, 2 bathrooms, and kitchen)
1 guard's apartment (1 bedroom, living room, and bathroom - electricity included)
4 commercial shops (3.4m x 6m including the mezzanine)
Electricity/Water consumption per meter.
Note: Each building has its own title deed and 2 elevators.
Land area: 222  Meter - 223 meters
Price for both buildings: 560,000",,,,commercial_sale,,,,2,2,,,,NO,,,,,,,,,,,1,,,,560000,BHD,sell,,,,,,222,sqm,29,Budaiya,26.213165283203125,50.447471618652344,budaiya,AREA,Budaiya,4.29,,,,,,,5673,https://www.propertyfinder.bh/images/pf_agent/picture/2425539d123a9c5f63524753581eeaaa3e1221f4/desktop,,Al Lagoon Real Estate ,allagoonbh@gmail.com,al-lagoon-real-estate,,,,,,,,,allagoonbh@gmail.com,996,Al Lagoon Real Estate,"Office 0, Building 0, Sanad, 0, Central Governorate, PO Box 0",harm_1960@yahoo.ca,+97337222529,al-lagoon-real-estate-996,,,,,,,,,,,,,,,,,,,,,,,,,,,,,,,,90,SE,SE,,,2026-06-05T09:09:08.616835+00:00,
866817,866817,Building in Tubli for sale - 12 apartments,"Area: Tubli
Reference: B004518 
Plot size (SQM): 538 m
******************************************************************************

Manama is the capital and largest city in Bahrain with an approximate population of 200,000 as of the year 2020 statistics. Due to its strategic location, it is considered a home to a very diverse amount of population, foreigners, investors in addition to international firms and ministries. Therefore, Manama is currently facing high demand and low supply.
Why Grnata? Your decision to select Grnata as a licensed group of companies in the field of real estate will lead you to many benefits:

	Qualified consultants in the Bahrain market
	Modernized working methods to work accordingly in the real estate market. 
	Study and analysis of the investment’s opportunity
	Provision of all real estate services",,,,commercial_sale,,,,4,4,,,,NO,,,,,,,,,,,3,,,,625000,BHD,sell,,,,,,538,sqm,98,Tubli,26.188888549804688,50.54999923706055,tubli,AREA,Tubli,2.98,,,,,,,4472,https://www.propertyfinder.bh/images/pf_agent/picture/c861b88091ab1a6eb5ccc103d90b86a3e69e14ff/desktop,,Ali Nooh,ali.nooh@grnata.com,ali-nooh,,,,,,English|Arabic,,,ali.nooh@grnata.com,670,Grnata,"Office 0, Building 0, Seef, 0, Capital Governorate, ",husain.jalil@grnata.com,+97337334334,grnata-670,,,,,,,,,,,,,,,,,,,,,,,,,,,,,,,,93,SE,SE,,,2026-06-05T09:09:08.616835+00:00,
945840,945840,for sale an investment budling in Manama ,"For sale: an investment building in the heart of Manama, near Dr. Abdullah Kamal Clinic. The property consists of 3 commercial shops, 5 apartments (each with 2 bedrooms and 2 bathrooms), 1 apartment with 1 bedroom and 1 bathroom, and a separate studio. The building is in excellent condition with regular maintenance. Current rental income is BHD 1,050/month, and full occupancy can generate up to BHD 1,800/month. Asking price: BHD 225,000 (negotiable). Prime location close to all amenities – a great opportunity for investors.",,,,commercial_sale,,,,2,2,,,,PARTLY,,,,,,,,,,,3,,,,225000,BHD,sell,,,,,,185,sqm,34,Manama,26.21666717529297,50.58333206176758,manama,AREA,Manama,5.34,,,,,,,5223,https://www.propertyfinder.bh/images/pf_agent/picture/250279d2311138def5a04aa95714170eabce43ae/desktop,,Salah Hashem,salah@askre.com,salah-hashem,,,,,,English|Arabic,,,salah@askre.com,135,ASK Real Estate,"Office Floor 8, Suite 2, Building GFH Tower, Manama, Bahrain Harbour, Capital Governorate, ",sara.ali@askre.com,+97336111323,ask-real-estate-135,,,,,,,,,,,,,,,,,,,,,,,,,,,,,,,,79,BA|SE,BA|SE,,,2026-06-05T09:09:08.616835+00:00,
52905672,52905672,Brand new | Commercial | Residential,"For Rent and Sale: A new building in Al Hidd. Modern design suitable for various residential and commercial uses. (On two streets, front and back)

Building Components:
8 shops of varying sizes, facing a commercial street.

9 residential apartments with modern finishes and excellent lighting.

The building is suitable for investors and companies seeking a comprehensive headquarters combining commercial and residential activities.

Area: 452 square meters
Rent: 2,500 BD
Sale: 350,000 BD 
......................................................................
للإيجار وللبيع بناية جديده في الحد 
تصميم عصري يلائم مختلف الاستخدامات سكنية و تجارية      
(على شارعين امامي و خلفي)

مكونات المبنى:
8 محلات تجارية بمساحات مختلفه
واجهات مطلة علي شارع تجاري

9 شقق سكنية بتشطيب حديث 
واضاءه ممتازة 

البناية مناسبة للمستثمرين والشركات الباحثة عن مقر متكامل يجمع بين النشاط التجاري والسكني 

المساحة: 452 متر مربع
سعر الإيجار 2500 دينار
سعر البيع 350 الف دينار",,,,commercial_sale,,,,7+,7+,,,,YES,,,,,,,,,,,3,,,,350000,BHD,sell,,,,,,452,sqm,32,Hidd,26.21263313293457,50.67418670654297,hidd,AREA,Hidd,3.32,,,,,,,7503,https://www.propertyfinder.bh/images/pf_agent/picture/0fab1df89475b4ecb070e88e4de28ec3de09d530/desktop,,Al Lagoon Real Estate ,allagoonbh@gmail.com,al-lagoon-real-estate,,,,,,,,,allagoonbh@gmail.com,1265,Al Lagoon Properties,"Office 21, Building 603, Nuwaidrat, 46, Central Governorate, PO Box 646",allagoonbh@gmail.com,+97337222529,al-lagoon-properties-v2-1265,,,,,,,,,,,,,,,,,,,,,,,,,,,,,,,,90,AN|CP,AN|CP,,,2026-06-05T09:09:08.616835+00:00,
930377,930377,"Building For Sale In Sitra , Price 220,000","Area: Sitra
Reference: B004593
Plot size (SQM): 607
Property type: Building
Property classification: RB
******************************************************************************

The Ideal thing about investing in Bahrain property is that the demand is always at a peak due to the nation’s small geographic surface area, an indication that property prices, in general, will always rise.

Why Grnata? Your decision to select Grnata as a licensed group of companies in the field of real estate will lead you to many benefits such as:

	Qualified consultants in the Bahrain market
	Study and analysis of the investment’s opportunity
	A group of professional teams that are able to provide all real estate services.
Grnata is the leading real estate company in the Kingdom of Bahrain. Grnata and as seen by observers of the movement of the real estate market has taken its place in the real estate market, knocked off the pioneer, and gained the confidence of the stakeholders in the nation. 
",,,,commercial_sale,,,,3,3,1,1,,NO,,,,,,,,,,,1,,,,220000,BHD,sell,,,,,,607,sqm,69,Sitra,26.162988662719727,50.6124267578125,sitra,AREA,Sitra,2.69,,,,,,,3772,https://www.propertyfinder.bh/images/pf_agent/picture/3f908f274ea074e002665035e18e557b98b0d1a5/desktop,,Ali Najah,ali.najah@grnata.com,ali-najah,,,,,,English|Arabic,,,ali.najah@grnata.com,670,Grnata,"Office 0, Building 0, Seef, 0, Capital Governorate, ",husain.jalil@grnata.com,+97337334334,grnata-670,,,,,,,,,,,,,,,,,,,,,,,,,,,,,,,,90,CP,CP,,,2026-06-05T09:09:08.616835+00:00,
970991,970991,Building for sale in Qudaibiya,"
Area: Qudaibiya
Reference: B004652
Plot size (SQM): 156
Property type: building 
Property classification: RHB

******************************************************************************

The Ideal thing about investing in Bahrain property is that the demand is always at a peak due to the nation’s small geographic surface area, an indication that property prices, in general, will always rise.


Why Grnata? Your decision to select Grnata as a licensed group of companies in the field of real estate will lead you to many benefits such as:

         Qualified consultants in the Bahrain market
         Study and analysis of the investment’s opportunity
         A group of professional teams that are able to provide all real estate services.

Grnata is the leading real estate company in the Kingdom of Bahrain. Grnata and as seen by observers of the movement of the real estate market has taken its place in the real estate market, knocked off the pioneer, and gained the confidence of the stakeholders in the nation.
",,,,commercial_sale,,,,7+,7+,,,,PARTLY,,,,,,,,,,,1,,,,320000,BHD,sell,,,,,,156,sqm,80,Gudaibiya,26.218677520751953,50.59382247924805,manama-gudaibiya,AREA,Gudaibiya,5.34.80,,,,,,,3772,https://www.propertyfinder.bh/images/pf_agent/picture/3f908f274ea074e002665035e18e557b98b0d1a5/desktop,,Ali Najah,ali.najah@grnata.com,ali-najah,,,,,,English|Arabic,,,ali.najah@grnata.com,670,Grnata,"Office 0, Building 0, Seef, 0, Capital Governorate, ",husain.jalil@grnata.com,+97337334334,grnata-670,,,,,,,,,,,,,,,,,,,,,,,,,,,,,,,,90,AN,AN,,,2026-06-05T09:09:08.616835+00:00,
959752,959752,"Building For Sale In Sitra , The Pirce is 125,000","Area: Sitra
Reference: B004629
Plot size (SQM): 126
Property type: Building
Property classification: RHB
******************************************************************************

The Ideal thing about investing in Bahrain property is that the demand is always at a peak due to the nation’s small geographic surface area, an indication that property prices, in general, will always rise.

Why Grnata? Your decision to select Grnata as a licensed group of companies in the field of real estate will lead you to many benefits such as:

	Qualified consultants in the Bahrain market
	Study and analysis of the investment’s opportunity
	A group of professional teams that are able to provide all real estate services.
Grnata is the leading real estate company in the Kingdom of Bahrain. Grnata and as seen by observers of the movement of the real estate market has taken its place in the real estate market, knocked off the pioneer, and gained the confidence of the stakeholders in the nation. 
",,,,commercial_sale,,,,5,5,,,,NO,,,,,,,,,,,1,,,,125000,BHD,sell,,,,,,126,sqm,69,Sitra,26.162988662719727,50.6124267578125,sitra,AREA,Sitra,2.69,,,,,,,3772,https://www.propertyfinder.bh/images/pf_agent/picture/3f908f274ea074e002665035e18e557b98b0d1a5/desktop,,Ali Najah,ali.najah@grnata.com,ali-najah,,,,,,English|Arabic,,,ali.najah@grnata.com,670,Grnata,"Office 0, Building 0, Seef, 0, Capital Governorate, ",husain.jalil@grnata.com,+97337334334,grnata-670,,,,,,,,,,,,,,,,,,,,,,,,,,,,,,,,90,DN,DN,,,2026-06-05T09:09:08.616835+00:00,
889112,889112,Commercial Building for sale in duraz,"COMMERCIAL BUILDING FOR  SALE IN EXCELLENT  PLACE 
Area: Duraz
Reference: B004539
Plot size (SQM): 252
Property type: COMMERCIAL
Property classification: RHB
******************************************************************************

The Ideal thing about investing in Bahrain property is that the demand is always at a peak due to the nation’s small geographic surface area, an indication that property prices, in general, will always rise.

Why Grnata? Your decision to select Grnata as a licensed group of companies in the field of real estate will lead you to many benefits such as:

	Qualified consultants in the Bahrain market
	Study and analysis of the investment’s opportunity
	A group of professional teams that are able to provide all real estate services.
Grnata is the leading real estate company in the Kingdom of Bahrain. Grnata and as seen by observers of the movement of the real estate market has taken its place in the real estate market, knocked off the pioneer, and gained the confidence of the stakeholders in the nation.",,,,commercial_sale,,,,7+,7+,,,,NO,,,,,,,,,,,1,,,,250000,BHD,sell,,,,,,252,sqm,62,Diraz,26.220962524414062,50.46446990966797,diraz,AREA,Diraz,4.62,,,,,,,5955,https://www.propertyfinder.bh/images/pf_agent/picture/c34f8cd21a76f1bce604afa9d88552a9b4b9823e/desktop,,Hameed Alhasaei,hameed.alhasaei@grnata.com,hameed-alhasaei,,,,,,English|Arabic,,,hameed.alhasaei@grnata.com,670,Grnata,"Office 0, Building 0, Seef, 0, Capital Governorate, ",husain.jalil@grnata.com,+97337334334,grnata-670,,,,,,,,,,,,,,,,,,,,,,,,,,,,,,,,90,SE,SE,,,2026-06-05T09:09:08.616835+00:00,
745360,745360,Investment Land (BA) for sale in manama - Government Avenue,"Area: Manama
Reference: L009556
Plot size (SQM): 2028.5
Property type: Land
Property classification: 
******************************************************************************

The Ideal thing about investing in Bahrain property is that the demand is always at a peak due to the nation’s small geographic surface area, an indication that property prices, in general, will always rise.

Why Grnata? Your decision to select Grnata as a licensed group of companies in the field of real estate will lead you to many benefits such as:

	Qualified consultants in the Bahrain market
	Study and analysis of the investment’s opportunity
	A group of professional teams that are able to provide all real estate services.
Grnata is the leading real estate company in the Kingdom of Bahrain. Grnata and as seen by observers of the movement of the real estate market has taken its place in the real estate market, knocked off the pioneer, and gained the confidence of the stakeholders in the nation.",,,,commercial_sale,,,,,,,,,,,,,,,,,,,,2,,,,1850000,BHD,sell,,,,,,2028,sqm,34,Manama,26.21666717529297,50.58333206176758,manama,AREA,Manama,5.34,,,,,,,4472,https://www.propertyfinder.bh/images/pf_agent/picture/c861b88091ab1a6eb5ccc103d90b86a3e69e14ff/desktop,,Ali Nooh,ali.nooh@grnata.com,ali-nooh,,,,,,English|Arabic,,,ali.nooh@grnata.com,670,Grnata,"Office 0, Building 0, Seef, 0, Capital Governorate, ",husain.jalil@grnata.com,+97337334334,grnata-670,,,,,,,,,,,,,,,,,,,,,,,,,,,,,,,,91,,,,,2026-06-05T09:09:08.616835+00:00,
994108,994108,commercial building for sale in Salmabad,"Area: Salmabad
Reference: BU001336
Plot size (SQM): 211.6
Property type: Building
Property classification: RHB**
******************************************************************************

The Ideal thing about investing in Bahrain property is that the demand is always at a peak due to the nation’s small geographic surface area, an indication that property prices, in general, will always rise.

Why Grnata? Your decision to select Grnata as a licensed group of companies in the field of real estate will lead you to many benefits such as:

	Qualified consultants in the Bahrain market
	Study and analysis of the investment’s opportunity
	A group of professional teams that are able to provide all real estate services.
Grnata is the leading real estate company in the Kingdom of Bahrain. Grnata and as seen by observers of the movement of the real estate market has taken its place in the real estate market, knocked off the pioneer, and gained the confidence of the stakeholders in the nation.",,,,commercial_sale,,,,none,none,,,,NO,,,,,,,,,,,3,,,,180000,BHD,sell,,,,,,211,sqm,6,Salmabad,26.183332443237305,50.516666412353516,salmabad,AREA,Salmabad,2.6,,,,,,,7020,https://www.propertyfinder.bh/images/pf_agent/picture/eea4d95c0964e5023810d4a76559eaf497096b33/desktop,,Ahmed Jawad,ahmed.jawad@grnata.com,ahmed-jawad,,,,,,,,,ahmed.jawad@grnata.com,670,Grnata,"Office 0, Building 0, Seef, 0, Capital Governorate, ",husain.jalil@grnata.com,+97337334334,grnata-670,,,,,,,,,,,,,,,,,,,,,,,,,,,,,,,,90,SE|AN,SE|AN,,,2026-06-05T09:09:08.616835+00:00,
1002708,1002708,land for sale in burhama (swifaya ),"Area:
Reference:
Plot size (SQM):642
Property type: land 
Property classification:bd 
**************************

The Ideal thing about investing in Bahrain property is that the demand is always at a peak due to the nation’s small geographic surface area, an indication that property prices, in general, will always rise.

Why Grnata? Your decision to select Grnata as a licensed group of companies in the field of real estate will lead you to many benefits such as:

	Qualified consultants in the Bahrain market
	Study and analysis of the investment’s opportunity
	A group of professional teams that are able to provide all real estate services.
Grnata is the leading real estate company in the Kingdom of Bahrain. Grnata and as seen by observers of the movement of the real estate market has taken its place in the real estate market, knocked off the pioneer, and gained the confidence of the stakeholders in the nation.",,,,commercial_sale,,,,,,,,,,,,,,,,,,,,2,,,,232000,BHD,sell,,,,,,642,sqm,56,Al Burhama,26.21672821044922,50.55367660522461,manama-al-burhama,AREA,Al Burhama,5.34.56,,,,,,,3879,https://www.propertyfinder.bh/images/pf_agent/picture/1d071038c6a6e67b891a63ef64d38fe169ab5175/desktop,,Ali Almawlani,Ali.almawlani@grnata.com,ali-almawlani,,,,,,English|Arabic,,,Ali.almawlani@grnata.com,670,Grnata,"Office 0, Building 0, Seef, 0, Capital Governorate, ",husain.jalil@grnata.com,+97337334334,grnata-670,,,,,,,,,,,,,,,,,,,,,,,,,,,,,,,,100,,,,,2026-06-05T09:09:08.616835+00:00,
51145509,51145509,COMMERCIAL LAND IN EXCELLENT PLACE,"A LAND  FOR SALE IN EXCELLENT PLACE 
Area: HIDD
Reference: L012727
Plot size (SQM): 641
Property type: LAND
Property classification: COMMERCIAL
******************************************************************************

The Ideal thing about investing in Bahrain property is that the demand is always at a peak due to the nation’s small geographic surface area, an indication that property prices, in general, will always rise.

Why Grnata? Your decision to select Grnata as a licensed group of companies in the field of real estate will lead you to many benefits such as:

	Qualified consultants in the Bahrain market
	Study and analysis of the investment’s opportunity
	A group of professional teams that are able to provide all real estate services.
Grnata is the leading real estate company in the Kingdom of Bahrain. Grnata and as seen by observers of the movement of the real estate market has taken its place in the real estate market, knocked off the pioneer, and gained the confidence of the stakeholders in the nation.",,,,commercial_sale,,,,,,,,,,,,,,,,,,,,2,,,,241490,BHD,sell,,,,,,641,sqm,32,Hidd,26.21263313293457,50.67418670654297,hidd,AREA,Hidd,3.32,,,,,,,5955,https://www.propertyfinder.bh/images/pf_agent/picture/c34f8cd21a76f1bce604afa9d88552a9b4b9823e/desktop,,Hameed Alhasaei,hameed.alhasaei@grnata.com,hameed-alhasaei,,,,,,English|Arabic,,,hameed.alhasaei@grnata.com,670,Grnata,"Office 0, Building 0, Seef, 0, Capital Governorate, ",husain.jalil@grnata.com,+97337334334,grnata-670,,,,,,,,,,,,,,,,,,,,,,,,,,,,,,,,89,,,,,2026-06-05T09:09:08.616835+00:00,
907684,907684,Commercial Land for sale in Hidd,"LAND FOR SALE IN EXCELLENT PLACE 
Area: HIDD
Reference: L013088
Plot size (SQM): 3676
Property type: Commercial
Property classification: B4
******************************************************************************

The Ideal thing about investing in Bahrain property is that the demand is always at a peak due to the nation’s small geographic surface area, an indication that property prices, in general, will always rise.

Why Grnata? Your decision to select Grnata as a licensed group of companies in the field of real estate will lead you to many benefits such as:

	Qualified consultants in the Bahrain market
	Study and analysis of the investment’s opportunity
	A group of professional teams that are able to provide all real estate services.
Grnata is the leading real estate company in the Kingdom of Bahrain. Grnata and as seen by observers of the movement of the real estate market has taken its place in the real estate market, knocked off the pioneer, and gained the confidence of the stakeholders in the nation.",,,,commercial_sale,,,,,,,,,,,,,,,,,,,,2,,,,830937,BHD,sell,,,,,,3676,sqm,32,Hidd,26.21263313293457,50.67418670654297,hidd,AREA,Hidd,3.32,,,,,,,5955,https://www.propertyfinder.bh/images/pf_agent/picture/c34f8cd21a76f1bce604afa9d88552a9b4b9823e/desktop,,Hameed Alhasaei,hameed.alhasaei@grnata.com,hameed-alhasaei,,,,,,English|Arabic,,,hameed.alhasaei@grnata.com,670,Grnata,"Office 0, Building 0, Seef, 0, Capital Governorate, ",husain.jalil@grnata.com,+97337334334,grnata-670,,,,,,,,,,,,,,,,,,,,,,,,,,,,,,,,89,,,,,2026-06-05T09:09:08.616835+00:00,
51145549,51145549,COMMERCIAL LAND  FOR SALE IN EXCELLENT PLACE,"A LAND  FOR SALE IN EXCELLENT PLACE 
Area: UMM AL HASSAM
Reference: L012748
Plot size (SQM): 1520
Property type: LAND
Property classification: COMMERCIAL
******************************************************************************

The Ideal thing about investing in Bahrain property is that the demand is always at a peak due to the nation’s small geographic surface area, an indication that property prices, in general, will always rise.

Why Grnata? Your decision to select Grnata as a licensed group of companies in the field of real estate will lead you to many benefits such as:

	Qualified consultants in the Bahrain market
	Study and analysis of the investment’s opportunity
	A group of professional teams that are able to provide all real estate services.
Grnata is the leading real estate company in the Kingdom of Bahrain. Grnata and as seen by observers of the movement of the real estate market has taken its place in the real estate market, knocked off the pioneer, and gained the confidence of the stakeholders in the nation.",,,,commercial_sale,,,,,,,,,,,,,,,,,,,,2,,,,981677,BHD,sell,,,,,,1520,sqm,90,Um Al Hasam,26.203079223632812,50.594947814941406,manama-um-al-hasam,AREA,Um Al Hasam,5.34.90,,,,,,,5955,https://www.propertyfinder.bh/images/pf_agent/picture/c34f8cd21a76f1bce604afa9d88552a9b4b9823e/desktop,,Hameed Alhasaei,hameed.alhasaei@grnata.com,hameed-alhasaei,,,,,,English|Arabic,,,hameed.alhasaei@grnata.com,670,Grnata,"Office 0, Building 0, Seef, 0, Capital Governorate, ",husain.jalil@grnata.com,+97337334334,grnata-670,,,,,,,,,,,,,,,,,,,,,,,,,,,,,,,,89,,,,,2026-06-05T09:09:08.616835+00:00,
953052,953052,Luxury Brand-New Building for Sale in Diyyar ," مبنى فاخر جديد للبيع في ديار المحرق – موقع مميز!

للبيع: مبنى فاخر من 3 طوابق بمساحة أرض 668 متر مربع، يقع على الشارع الرئيسي في ديار المحرق، بتصميم عصري وتشطيبات عالية الجودة.

 الطابق الأرضي: استقبال + مواقف سيارات
 الطابق الأول: 9 غرف، مطبخ، 4 حمامات
 الطابق الثاني: 9 غرف، مطبخ، 4 حمامات
 الطابق الثالث: 7 غرف، مطبخ، 4 حمامات، 2 بلكونة

مثالي ليكون مركزًا طبيًا أو عيادات – جاهز للتشغيل
عائد استثماري مغري
فرصة استثمارية ممتازة في منطقة واعدة

 لا تفوّت هذه الفرصة الذهبية في ديار
المحرق!

‎المزيد من المعلومات والحجز والمعاينة، يرجى الاتصال على الأرقام:

٣٩٩٧٥٤٤٥-٠٠٩٧٣
٣٩٩٩٠٣٤٣-٠٠٩٧٣
٣٩٩٩٠٤٥٤-٠٠٩٧٣

Luxury Brand-New Building for Sale in Diyyar Al Muharraq – Prime Location!

For Sale: A 3-story luxury building with a land area of 668 sqm, located on the main road in Diyyar Al Muharraq, offering modern design and high-quality finishing.

Ground Floor: Reception + Car Parking
 First Floor: 9 Rooms, Kitchen, 4 Bathrooms
 Second Floor: 9 Rooms, Kitchen, 4 Bathrooms
 Third Floor: 7 Rooms, Kitchen, 4 Bathrooms, 2 Balconies

 Perfect for a medical center or clinics – ready to operate
Attractive ROI
Prime investment opportunity in a high-demand area

 Don’t miss this golden opportunity in Diyyar Al Muharraq!

 For more information or to schedule a viewing, contact us at:
+973 39975445
+973 39990343
+973 39990454",,,,commercial_sale,,,,7+,7+,,,,PARTLY,,,,,,,,,,,3,,,,1200000,BHD,sell,,,,,,667,sqm,259,Marassi Al Bahrain,26.303447723388672,50.6461296081543,diyar-al-muharraq-marassi-al-bahrain,AREA,Marassi Al Bahrain,3.129.259,,,,,,,4880,https://www.propertyfinder.bh/images/pf_agent/picture/0fa701e92d6c9f79055086b0473582889b9f3163/desktop,,Husain Rajab,hssain.ayoob@gmail.com,husain-rajab,,,,,,English|Arabic,,,hssain.ayoob@gmail.com,230,Property Inn,"Office 452, Building Amfa, Sanabis, 28, Capital Governorate, PO Box 00",hussain.amfa@gmail.com,+97339975445,property-inn-230,,,,,,,,,,,,,,,,,,,,,,,,,,,,,,,,100,AN|BA|LB|CR|DN|SY|SE|VW|SP|CP|AC|PG|PP,AN|BA|LB|CR|DN|SY|SE|VW|SP|CP|AC|PG|PP,,,2026-06-05T09:09:08.616835+00:00,
972994,972994,building for sale in Salmabad,"
Area: Salmabad
Reference: B004647
Plot size (SQM): 1,500
Property type: building  
Property classification: COM

******************************************************************************

The Ideal thing about investing in Bahrain property is that the demand is always at a peak due to the nation’s small geographic surface area, an indication that property prices, in general, will always rise.


Why Grnata? Your decision to select Grnata as a licensed group of companies in the field of real estate will lead you to many benefits such as:

         Qualified consultants in the Bahrain market
         Study and analysis of the investment’s opportunity
         A group of professional teams that are able to provide all real estate services.

Grnata is the leading real estate company in the Kingdom of Bahrain. Grnata and as seen by observers of the movement of the real estate market has taken its place in the real estate market, knocked off the pioneer, and gained the confidence of the stakeholders in the nation.



",,,,commercial_sale,,,,7+,7+,,,,PARTLY,,,,,,,,,,,1,,,,450000,BHD,sell,,,,,,1500,sqm,6,Salmabad,26.183332443237305,50.516666412353516,salmabad,AREA,Salmabad,2.6,,,,,,,3772,https://www.propertyfinder.bh/images/pf_agent/picture/3f908f274ea074e002665035e18e557b98b0d1a5/desktop,,Ali Najah,ali.najah@grnata.com,ali-najah,,,,,,English|Arabic,,,ali.najah@grnata.com,670,Grnata,"Office 0, Building 0, Seef, 0, Capital Governorate, ",husain.jalil@grnata.com,+97337334334,grnata-670,,,,,,,,,,,,,,,,,,,,,,,,,,,,,,,,88,CP,CP,,,2026-06-05T09:09:08.616835+00:00,
966647,966647,"Building for Sale in Exhibition Road, Manama","
Prime location directly on the main road and back road.
Land Classification: B6
Land Size: 500 sqm
4 Floors
7 Apartments
Large Commercial Showroom
Access from Two Roads (Front & Back)
Price: 550,000 BHD

Ideal for investment or redevelopment.

Location: Exhibition Road, Manama
Phone: 37733373
",,,,commercial_sale,,,,7+,7+,,,,YES,,,,,,,,,,,3,,,,550000,BHD,sell,,,,,,500,sqm,34,Manama,26.21666717529297,50.58333206176758,manama,AREA,Manama,5.34,,,,,,,2490,https://www.propertyfinder.bh/images/pf_agent/picture/2f374a174d50f7bf9ab84b1472e91eb062f28a8d/desktop,,Yusuf Alsobaiei,ysubaie@icloud.com,yusuf-alsobaiei,,,,,,English|Arabic|Spanish,,,ysubaie@icloud.com,403,Aqaratcom For Real Estate,"Office Shop 952,, Building Block 905, Al Riffa, Road 525, Southern Governorate, ",ysubaie@icloud.com,+97337733373,aqaratcom-for-real-estate-403,,,,,,,,,,,,,,,,,,,,,,,,,,,,,,,,64,LB|SE|CP,LB|SE|CP,,,2026-06-05T09:09:08.616835+00:00,
51957026,51957026,Commercial | Land | Plot | Al Ramli,"An excellent opportunity to acquire a commercial land plot in Al Ramli,strategically located in a growing commercial and industrial hub in Bahrain. This property is ideal for investors and developers looking to establish a business project in a high-demand area.

Key Property Details:
Type: Commercial Land
Location: Al Ramli, Central Governorate, Bahrain
Land Size: 1,037.70 sqm 
Classification: RTA / Commercial Use
Price per Sq. Ft.: Approx. BHD 19
Total Price: BHD 212,226

Investment Highlights:
Located in a strategic commercial zone with strong business activity
Suitable for warehouses, workshops, showrooms, or mixed-use development
Easy access to main highways and key industrial areas
Surrounded by established commercial and residential communities
Attractive investment potential with long-term growth opportunities
This land in Al Ramli, Salmabad offers a strong combination of location, size, and commercial value, making it an ideal choice for investors seeking to expand in Bahrain’s dynamic real estate market.",,,,commercial_sale,,,,,,,,,,,,,,,,,,,,1,,,,212226,BHD,sell,,,,,,1038,sqm,85,A'Ali,26.1634578704834,50.515289306640625,a-ali,AREA,A'Ali,2.85,,,,,,,5695,https://www.propertyfinder.bh/images/pf_agent/picture/9cc47237b6d82dc3caabf5a9787b90239ca47164/desktop,,Maitham Salman,maitham.salman@housemeonline.com,maitham-salman,,,,,,English|Arabic,,,maitham.salman@housemeonline.com,7,House Me,"Office 21, Building 853, block 332, Manama, 3218, Capital Governorate, PO Box 0000",mohammed@housemeonline.com,+97339522370,house-me-7,,,,,,,,,,,,,,,,,,,,,,,,,,,,,,,,100,,,,,2026-06-05T09:09:08.616835+00:00,
929690,929690,Building for Sale in Janabiya,"A BUILDING FOR SALE IN PRIME LOCATION 
Location: Janabeya
Reference: B004576 
Plot size (SQM): 360000
Property type: Building
Property classification: B4
******************************************************************************

The Ideal thing about investing in Bahrain property is that the demand is always at a peak due to the nation’s small geographic surface area, an indication that property prices, in general, will always rise.

Why Grnata? Your decision to select Grnata as a licensed group of companies in the field of real estate will lead you to many benefits such as:

	Qualified consultants in the Bahrain market
	Study and analysis of the investment’s opportunity
	A group of professional teams that are able to provide all real estate services.
Grnata is the leading real estate company in the Kingdom of Bahrain. Grnata and as seen by observers of the movement of the real estate market has taken its place in the real estate market, knocked off the pioneer, and gained the confidence of the stakeholders in the nation. ",,,,commercial_sale,,,,2,2,,,,NO,,,,,,,,,,,1,,,,450000,BHD,sell,,,,,,360,sqm,48,Janabiya,26.185943603515625,50.46711349487305,janabiya,AREA,Janabiya,4.48,,,,,,,5955,https://www.propertyfinder.bh/images/pf_agent/picture/c34f8cd21a76f1bce604afa9d88552a9b4b9823e/desktop,,Hameed Alhasaei,hameed.alhasaei@grnata.com,hameed-alhasaei,,,,,,English|Arabic,,,hameed.alhasaei@grnata.com,670,Grnata,"Office 0, Building 0, Seef, 0, Capital Governorate, ",husain.jalil@grnata.com,+97337334334,grnata-670,,,,,,,,,,,,,,,,,,,,,,,,,,,,,,,,88,BA|SY,BA|SY,,,2026-06-05T09:09:08.616835+00:00,
961225,961225,Commercial Building for Sale | ROI 10%,"Commercial Building for Sale – Prime Investment Opportunity

A semi-new commercial building for sale in Hoora, strategically located opposite Um Ayman School and just behind Al Qasr Street.
The property has been fully renovated inside and out, and sits on a corner plot with two road frontages, making it an excellent long-term investment opportunity.

Property Details:

Total of 3 floors

Comprising 10 apartments, divided as follows:
• 8 units with 1 bedroom – hall – kitchen – bathroom
• 2 units with 2 bedrooms – hall – kitchen – bathroom

1 commercial shop on the ground floor

Plot area: 134.7 sqm
Net monthly income: BHD 1,700
Net annual income: BHD 20,400
Return on investment (ROI): 10.2%
Selling price: BHD 200,000

Key Features:

Corner plot with two streets

Fully renovated (interior & exterior)

Located in a highly active area close to all essential services

Ready for immediate ownership and rental income

Why this property is a great investment:

High and stable annual yield above 10%

Central location in the heart of Manama

Strong rental demand in the area

Looking for more real estate opportunities?
We offer a wide range of residential and commercial properties across Bahrain to suit various budgets and investor goals.
Our company manages over 300 residential and commercial units across the Kingdom, supported by a 24/7 maintenance division to ensure the highest service standards.",,,,commercial_sale,,,,1,1,,,,YES,,,,,,,,,,,1,,,,200000,BHD,sell,,,,,,135,sqm,122,Exhibition Road,26.231962203979492,50.59507369995117,hoora-exhibition-road,COMMUNITY,Exhibition Road,5.14.122,,,,,,,5393,https://www.propertyfinder.bh/images/pf_agent/picture/06aedc83ff6766e720c70f16f581b58944ced8c7/desktop,,Mohamed Salah,msalah.tawfeek@gmail.com,mohamed-salah,,,,,,English|Arabic,,,msalah.tawfeek@gmail.com,951,Great Bay W.L.L,"Office 0, Building 0, Manama, 0, Capital Governorate, PO Box 0",info@greatbaybh.com,+97339101103,great-bay-w-l-l-951,,,,,,,,,,,,,,,,,,,,,,,,,,,,,,,,90,LB,LB,,,2026-06-05T09:09:08.616835+00:00,
929276,929276,LAND IN SHAKHURA ,"
Reference:L013332
Plot size (SQM):664
Property type: LAND
Property classification:RB
******************************************************************************

The Ideal thing about investing in Bahrain property is that the demand is always at a peak due to the nation’s small geographic surface area, an indication that property prices, in general, will always rise.

Why Grnata? Your decision to select Grnata as a licensed group of companies in the field of real estate will lead you to many benefits such as:

	Qualified consultants in the Bahrain market
	Study and analysis of the investment’s opportunity
	A group of professional teams that are able to provide all real estate services.
Grnata is the leading real estate company in the Kingdom of Bahrain. Grnata and as seen by observers of the movement of the real estate market has taken its place in the real estate market, knocked off the pioneer, and gained the confidence of the stakeholders in the nation. 
",,,,commercial_sale,,,,,,,,,,,,,,,,,,,,2,,,,250000,BHD,sell,,,,,,664,sqm,9,Shakhura,26.20975685119629,50.50579833984375,shakhura,AREA,Shakhura,4.9,,,,,,,6285,https://www.propertyfinder.bh/images/pf_agent/picture/a89c08e11448072588eb9c527f6adb34c67e6d8a/desktop,,Manar Jasim,manar.jasim@grnata.com,manar-jasim,,,,,,English|Arabic,,,manar.jasim@grnata.com,670,Grnata,"Office 0, Building 0, Seef, 0, Capital Governorate, ",husain.jalil@grnata.com,+97337334334,grnata-670,,,,,,,,,,,,,,,,,,,,,,,,,,,,,,,,94,,,,,2026-06-05T09:09:08.616835+00:00,
972980,972980,Land for sales in Ras Zuwayed,"Area: Ras Zuwayed
Reference: L013652
Plot size (SQM): 1050m
Property type: Land
Property classification: LD
******************************************************************************

The Ideal thing about investing in Bahrain property is that the demand is always at a peak due to the nation’s small geographic surface area, an indication that property prices, in general, will always rise.

Why Grnata? Your decision to select Grnata as a licensed group of companies in the field of real estate will lead you to many benefits such as:

	Qualified consultants in the Bahrain market
	Study and analysis of the investment’s opportunity
	A group of professional teams that are able to provide all real estate services.
Grnata is the leading real estate company in the Kingdom of Bahrain. Grnata and as seen by observers of the movement of the real estate market has taken its place in the real estate market, knocked off the pioneer, and gained the confidence of the stakeholders in the nation. 



",,,,commercial_sale,,,,,,,,,,,,,,,,,,,,2,,,,141000,BHD,sell,,,,,,1050,sqm,269,Ras Zuwayed,26.085487365722656,50.61517333984375,ras-zuwayed,AREA,Ras Zuwayed,1.269,,,,,,,5053,https://www.propertyfinder.bh/images/pf_agent/picture/27ef6437305c89e73800d68ad7a2c94dfccf37a9/desktop,,Ali AlMahafdha,s.ali.almahafdha@grnata.com,ali-almahafdha,,,,,,English|Arabic,,,s.ali.almahafdha@grnata.com,670,Grnata,"Office 0, Building 0, Seef, 0, Capital Governorate, ",husain.jalil@grnata.com,+97337334334,grnata-670,,,,,,,,,,,,,,,,,,,,,,,,,,,,,,,,98,,,,,2026-06-05T09:09:08.616835+00:00,
51665439,51665439,Commercial building for sale in Al Hoora near Exhi,"Commercial building for sale in Al Hoora near Exhibition Road on Abu Zar Al Ghaffari Street in one of the most vibrant and active areas in Manama The property is located in a strategic location surrounded by restaurants supermarkets hospitals cafes banks and various commercial activities which makes it a perfect opportunity for investors looking for a property with stable income and strong rental demand The building is suitable for both residential and commercial investment and benefits from the continuous movement and high demand for rentals in this area

Land area 173 square meters The building consists of 2 commercial shops on the ground floor and 15 residential apartments The apartment distribution includes 7 apartments with one bedroom living room kitchen and bathroom and 8 studio apartments with room kitchen and bathroom The property is well maintained and all units are currently rented which ensures immediate income for the new owner

The total monthly income from the property is 2500 Bahraini Dinars and the net monthly income is approximately 2000 Bahraini Dinars which provides a very good return on investment for buyers looking for a stable and profitable real estate opportunity in a prime area of Manama The location is very close to Exhibition Road and within minutes to key areas such as Juffair Gudaibiya and central Manama making it attractive for tenants who work or live in the surrounding areas

The building is close to all essential services including supermarkets restaurants medical centers public transportation and major roads which increases the rental demand throughout the year The area is known for its active lifestyle and constant movement which makes properties in this location highly desirable for both residents and business owners

This is a great opportunity to own an income generating commercial building in one of the most sought after investment locations in Bahrain with strong rental demand and consistent monthly income making it an ideal",,,,commercial_sale,,,,7+,7+,,,,YES,,,,,,,,,,,3,,,,245000,BHD,sell,,,,,,173,sqm,14,Hoora,26.23387908935547,50.5939826965332,hoora,AREA,Hoora,5.14,,,,,,,2633,https://www.propertyfinder.bh/images/pf_agent/picture/3d7af654eca3db8fedbcb838b490e17d079df959/desktop,,Abdulla Al Samahiji,bmcr_0@hotmail.com,abdulla-al-samahiji,,,,,,English|Arabic,,,bmcr_0@hotmail.com,447,BMCR,"Office 359, Building 321, Gudaibiya, 118, Capital Governorate, PO Box Manama",bmcr_0@hotmail.com,+97339446492,bmcr-447,,,,,,,,,,,,,,,,,,,,,,,,,,,,,,,,83,BA|AN|SE|SY|DN|LB|CR|SP|AC|PP|CP|PG|VW,BA|AN|SE|SY|DN|LB|CR|SP|AC|PP|CP|PG|VW,,,2026-06-05T09:09:08.616835+00:00,
52489215,52489215,Commercial service land for sale in Sitra,"Area: Sitra
Reference: LA010772
Plot size (SQM): 769.1
Property type: Land
Property classification: Service Areas-S
******************************************************************************

The Ideal thing about investing in Bahrain property is that the demand is always at a peak due to the nation’s small geographic surface area, an indication that property prices, in general, will always rise.

Why Grnata? Your decision to select Grnata as a licensed group of companies in the field of real estate will lead you to many benefits such as:

	Qualified consultants in the Bahrain market
	Study and analysis of the investment’s opportunity
	A group of professional teams that are able to provide all real estate services.
Grnata is the leading real estate company in the Kingdom of Bahrain. Grnata and as seen by observers of the movement of the real estate market has taken its place in the real estate market, knocked off the pioneer, and gained the confidence of the stakeholders in the nation.",,,,commercial_sale,,,,,,,,,,,,,,,,,,,,2,,,,182129,BHD,sell,,,,,,769,sqm,69,Sitra,26.162988662719727,50.6124267578125,sitra,AREA,Sitra,2.69,,,,,,,3784,https://www.propertyfinder.bh/images/pf_agent/picture/5474529c4be70e56faa0ef37f3d0f22cb975fb72/desktop,,Ahmed Salman,ahmed.salman@grnata.com,ahmed-salman,,,,,,English|Arabic,,,ahmed.salman@grnata.com,670,Grnata,"Office 0, Building 0, Seef, 0, Capital Governorate, ",husain.jalil@grnata.com,+97337334334,grnata-670,,,,,,,,,,,,,,,,,,,,,,,,,,,,,,,,100,,,,,2026-06-05T09:09:08.616835+00:00,
676632,676632,"Commercial Building For Sale in Al Hajiyat ,The Price Is 220,000","Area: Riffa - AlHajiyat
Reference: B003996
Plot size (SQM):330m
Property type: Building 
Property classification: RB
******************************************************************************

The Ideal thing about investing in Bahrain property is that the demand is always at a peak due to the nation’s small geographic surface area, an indication that property prices, in general, will always rise.

Why Grnata? Your decision to select Grnata as a licensed group of companies in the field of real estate will lead you to many benefits such as:

	Qualified consultants in the Bahrain market
	Study and analysis of the investment’s opportunity
	A group of professional teams that are able to provide all real estate services.
Grnata is the leading real estate company in the Kingdom of Bahrain. Grnata and as seen by observers of the movement of the real estate market has taken its place in the real estate market, knocked off the pioneer, and gained the confidence of the stakeholders in the nation.",,,,commercial_sale,,,,3,3,,,,NO,,,,,,,,,,,1,,,,220000,BHD,sell,,,,,,330,sqm,291,Alhajiyat,26.128984451293945,50.58171463012695,riffa-alhajiyat,COMMUNITY,Alhajiyat,1.49.291,,,,,,,3772,https://www.propertyfinder.bh/images/pf_agent/picture/3f908f274ea074e002665035e18e557b98b0d1a5/desktop,,Ali Najah,ali.najah@grnata.com,ali-najah,,,,,,English|Arabic,,,ali.najah@grnata.com,670,Grnata,"Office 0, Building 0, Seef, 0, Capital Governorate, ",husain.jalil@grnata.com,+97337334334,grnata-670,,,,,,,,,,,,,,,,,,,,,,,,,,,,,,,,87,SE,SE,,,2026-06-05T09:09:08.616835+00:00,
973039,973039,"Land for sale in Al-Akar, commercial road","Area: Eker
Reference: L013485
Plot size (SQM): 560.1
Property type: Land
Property classification: Private Residential Areas -RB-commercial road

******************************************************************************

The Ideal thing about investing in Bahrain property is that the demand is always at a peak due to the nation’s small geographic surface area, an indication that property prices, in general, will always rise.

Why Grnata? Your decision to select Grnata as a licensed group of companies in the field of real estate will lead you to many benefits such as:

	Qualified consultants in the Bahrain market
	Study and analysis of the investment’s opportunity
	A group of professional teams that are able to provide all real estate services.
Grnata is the leading real estate company in the Kingdom of Bahrain. Grnata and as seen by observers of the movement of the real estate market has taken its place in the real estate market, knocked off the pioneer, and gained the confidence of the stakeholders in the nation. 

",,,,commercial_sale,,,,,,,,,,,,,,,,,,,,2,,,,162780,BHD,sell,,,,,,560,sqm,19,Eker,26.143688201904297,50.60297393798828,eker,AREA,Eker,2.19,,,,,,,3784,https://www.propertyfinder.bh/images/pf_agent/picture/5474529c4be70e56faa0ef37f3d0f22cb975fb72/desktop,,Ahmed Salman,ahmed.salman@grnata.com,ahmed-salman,,,,,,English|Arabic,,,ahmed.salman@grnata.com,670,Grnata,"Office 0, Building 0, Seef, 0, Capital Governorate, ",husain.jalil@grnata.com,+97337334334,grnata-670,,,,,,,,,,,,,,,,,,,,,,,,,,,,,,,,100,,,,,2026-06-05T09:09:08.616835+00:00,
973034,973034,Commercial showroom land for sale in Salmabad,"Area: Salmabad
Reference: L013548
Plot size (SQM): 1,318.0
Property type: Land
Property classification: Commercial Showrooms -COM

******************************************************************************

The Ideal thing about investing in Bahrain property is that the demand is always at a peak due to the nation’s small geographic surface area, an indication that property prices, in general, will always rise.

Why Grnata? Your decision to select Grnata as a licensed group of companies in the field of real estate will lead you to many benefits such as:

	Qualified consultants in the Bahrain market
	Study and analysis of the investment’s opportunity
	A group of professional teams that are able to provide all real estate services.
Grnata is the leading real estate company in the Kingdom of Bahrain. Grnata and as seen by observers of the movement of the real estate market has taken its place in the real estate market, knocked off the pioneer, and gained the confidence of the stakeholders in the nation. 

",,,,commercial_sale,,,,,,,,,,,,,,,,,,,,2,,,,638412,BHD,sell,,,,,,1318,sqm,6,Salmabad,26.183332443237305,50.516666412353516,salmabad,AREA,Salmabad,2.6,,,,,,,3784,https://www.propertyfinder.bh/images/pf_agent/picture/5474529c4be70e56faa0ef37f3d0f22cb975fb72/desktop,,Ahmed Salman,ahmed.salman@grnata.com,ahmed-salman,,,,,,English|Arabic,,,ahmed.salman@grnata.com,670,Grnata,"Office 0, Building 0, Seef, 0, Capital Governorate, ",husain.jalil@grnata.com,+97337334334,grnata-670,,,,,,,,,,,,,,,,,,,,,,,,,,,,,,,,100,,,,,2026-06-05T09:09:08.616835+00:00,
973029,973029,Commercial land for sale in Sitra,"Area: Sitra
Reference: L013616
Plot size (SQM): 322.5
Property type: Land
Property classification: Row housing Residential Areas - RHB
******************************************************************************

The Ideal thing about investing in Bahrain property is that the demand is always at a peak due to the nation’s small geographic surface area, an indication that property prices, in general, will always rise.

Why Grnata? Your decision to select Grnata as a licensed group of companies in the field of real estate will lead you to many benefits such as:

	Qualified consultants in the Bahrain market
	Study and analysis of the investment’s opportunity
	A group of professional teams that are able to provide all real estate services.
Grnata is the leading real estate company in the Kingdom of Bahrain. Grnata and as seen by observers of the movement of the real estate market has taken its place in the real estate market, knocked off the pioneer, and gained the confidence of the stakeholders in the nation. 
",,,,commercial_sale,,,,,,,,,,,,,,,,,,,,2,,,,150000,BHD,sell,,,,,,322,sqm,69,Sitra,26.162988662719727,50.6124267578125,sitra,AREA,Sitra,2.69,,,,,,,3784,https://www.propertyfinder.bh/images/pf_agent/picture/5474529c4be70e56faa0ef37f3d0f22cb975fb72/desktop,,Ahmed Salman,ahmed.salman@grnata.com,ahmed-salman,,,,,,English|Arabic,,,ahmed.salman@grnata.com,670,Grnata,"Office 0, Building 0, Seef, 0, Capital Governorate, ",husain.jalil@grnata.com,+97337334334,grnata-670,,,,,,,,,,,,,,,,,,,,,,,,,,,,,,,,100,,,,,2026-06-05T09:09:08.616835+00:00,
936335,936335,Commercial investment building for sale in Salmaba,"Area: Salmabad
Reference: B004613
Plot size (SQM): 436.9
Property type: Building
Property classification: Row Residential Areas- B with commercial interfaces** -RHB**  
******************************************************************************

The Ideal thing about investing in Bahrain property is that the demand is always at a peak due to the nation’s small geographic surface area, an indication that property prices, in general, will always rise.

Why Grnata? Your decision to select Grnata as a licensed group of companies in the field of real estate will lead you to many benefits such as:

	Qualified consultants in the Bahrain market
	Study and analysis of the investment’s opportunity
	A group of professional teams that are able to provide all real estate services.
Grnata is the leading real estate company in the Kingdom of Bahrain. Grnata and as seen by observers of the movement of the real estate market has taken its place in the real estate market, knocked off the pioneer, and gained the confidence of the stakeholders in the nation. 
",,,,commercial_sale,,,,7+,7+,,,,PARTLY,,,,,,,,,,,3,,,,850000,BHD,sell,,,,,,437,sqm,6,Salmabad,26.183332443237305,50.516666412353516,salmabad,AREA,Salmabad,2.6,,,,,,,3784,https://www.propertyfinder.bh/images/pf_agent/picture/5474529c4be70e56faa0ef37f3d0f22cb975fb72/desktop,,Ahmed Salman,ahmed.salman@grnata.com,ahmed-salman,,,,,,English|Arabic,,,ahmed.salman@grnata.com,670,Grnata,"Office 0, Building 0, Seef, 0, Capital Governorate, ",husain.jalil@grnata.com,+97337334334,grnata-670,,,,,,,,,,,,,,,,,,,,,,,,,,,,,,,,100,AN|AC|SE,AN|AC|SE,,,2026-06-05T09:09:08.616835+00:00,
933019,933019,Land suitable for workshops and maintenance servic,"Area: Ras Zuwayed
Reference: L013434
Plot size (SQM): 1388
Property type: Land
Property classification: Workshops and Maintenance Services-WS

******************************************************************************

The Ideal thing about investing in Bahrain property is that the demand is always at a peak due to the nation’s small geographic surface area, an indication that property prices, in general, will always rise.

Why Grnata? Your decision to select Grnata as a licensed group of companies in the field of real estate will lead you to many benefits such as:

	Qualified consultants in the Bahrain market
	Study and analysis of the investment’s opportunity
	A group of professional teams that are able to provide all real estate services.
Grnata is the leading real estate company in the Kingdom of Bahrain. Grnata and as seen by observers of the movement of the real estate market has taken its place in the real estate market, knocked off the pioneer, and gained the confidence of the stakeholders in the nation. 
",,,,commercial_sale,,,,,,,,,,,,,,,,,,,,2,,,,179285,BHD,sell,,,,,,1388,sqm,269,Ras Zuwayed,26.085487365722656,50.61517333984375,ras-zuwayed,AREA,Ras Zuwayed,1.269,,,,,,,3784,https://www.propertyfinder.bh/images/pf_agent/picture/5474529c4be70e56faa0ef37f3d0f22cb975fb72/desktop,,Ahmed Salman,ahmed.salman@grnata.com,ahmed-salman,,,,,,English|Arabic,,,ahmed.salman@grnata.com,670,Grnata,"Office 0, Building 0, Seef, 0, Capital Governorate, ",husain.jalil@grnata.com,+97337334334,grnata-670,,,,,,,,,,,,,,,,,,,,,,,,,,,,,,,,100,,,,,2026-06-05T09:09:08.616835+00:00,
961621,961621,AN INVESTMENT LAND BY GERAT PRICE !,"Area: QALALI 
Reference: L013521
Plot size (SQM): 450
Property type:  LAND
Property classification: B3
******************************************************************************

The Ideal thing about investing in Bahrain property is that the demand is always at a peak due to the nation’s small geographic surface area, an indication that property prices, in general, will always rise.

Why Grnata? Your decision to select Grnata as a licensed group of companies in the field of real estate will lead you to many benefits such as:

	Qualified consultants in the Bahrain market
	Study and analysis of the investment’s opportunity
	A group of professional teams that are able to provide all real estate services.
Grnata is the leading real estate company in the Kingdom of Bahrain. Grnata and as seen by observers of the movement of the real estate market has taken its place in the real estate market, knocked off the pioneer, and gained the confidence of the stakeholders in the nation. 
",,,,commercial_sale,,,,,,,,,,,,,,,,,,,,2,,,,140470,BHD,sell,,,,,,450,sqm,93,Galali,26.266666412353516,50.650001525878906,galali,AREA,Galali,3.93,,,,,,,4471,https://www.propertyfinder.bh/images/pf_agent/picture/156210cf5cd61d435ce4bdc8ecbc09d51fe1f44c/desktop,,Ali Amin,Ali.amin@grnata.com,ali-amin,,,,,,English|Arabic,,,Ali.amin@grnata.com,670,Grnata,"Office 0, Building 0, Seef, 0, Capital Governorate, ",husain.jalil@grnata.com,+97337334334,grnata-670,,,,,,,,,,,,,,,,,,,,,,,,,,,,,,,,100,,,,,2026-06-05T09:09:08.616835+00:00,
862963,862963,Commercial Land for Sale in asker - B3*,"Area: Asker 
Reference: L012743
Plot size (SQM): 810.2
Property type: Land
Property classification: B3*
******************************************************************************

The Ideal thing about investing in Bahrain property is that the demand is always at a peak due to the nation’s small geographic surface area, an indication that property prices, in general, will always rise.

Why Grnata? Your decision to select Grnata as a licensed group of companies in the field of real estate will lead you to many benefits such as:

	Qualified consultants in the Bahrain market
	Study and analysis of the investment’s opportunity
	A group of professional teams that are able to provide all real estate services.
Grnata is the leading real estate company in the Kingdom of Bahrain. Grnata and as seen by observers of the movement of the real estate market has taken its place in the real estate market, knocked off the pioneer, and gained the confidence of the stakeholders in the nation.",,,,commercial_sale,,,,,,,,,,,,,,,,,,,,2,,,,218024,BHD,sell,,,,,,810,sqm,79,Askar,26.05678367614746,50.61648178100586,askar,AREA,Askar,1.79,,,,,,,4472,https://www.propertyfinder.bh/images/pf_agent/picture/c861b88091ab1a6eb5ccc103d90b86a3e69e14ff/desktop,,Ali Nooh,ali.nooh@grnata.com,ali-nooh,,,,,,English|Arabic,,,ali.nooh@grnata.com,670,Grnata,"Office 0, Building 0, Seef, 0, Capital Governorate, ",husain.jalil@grnata.com,+97337334334,grnata-670,,,,,,,,,,,,,,,,,,,,,,,,,,,,,,,,89,,,,,2026-06-05T09:09:08.616835+00:00,
970085,970085,Land Commercial for Sale in Al sayah  - B3,"Area: Busaiteen
Reference: L012737
Plot size (SQM): 479.1
******************************************************************************

Manama is the capital and largest city in Bahrain with an approximate population of 200,000 as of the year 2020 statistics. Due to its strategic location, it is considered a home to a very diverse amount of population, foreigners, investors in addition to international firms and ministries. Therefore, Manama is currently facing high demand and low supply.
Why Grnata? Your decision to select Grnata as a licensed group of companies in the field of real estate will lead you to many benefits:

	Qualified consultants in the Bahrain market
	Modernized working methods to work accordingly in the real estate market. 
	Study and analysis of the investment’s opportunity
	Provision of all real estate services",,,,commercial_sale,,,,,,,,,,,,,,,,,,,,2,,,,300000,BHD,sell,,,,,,479,sqm,96,Busaiteen,26.27199935913086,50.60900115966797,busaiteen,AREA,Busaiteen,3.96,,,,,,,4472,https://www.propertyfinder.bh/images/pf_agent/picture/c861b88091ab1a6eb5ccc103d90b86a3e69e14ff/desktop,,Ali Nooh,ali.nooh@grnata.com,ali-nooh,,,,,,English|Arabic,,,ali.nooh@grnata.com,670,Grnata,"Office 0, Building 0, Seef, 0, Capital Governorate, ",husain.jalil@grnata.com,+97337334334,grnata-670,,,,,,,,,,,,,,,,,,,,,,,,,,,,,,,,89,,,,,2026-06-05T09:09:08.616835+00:00,
929093,929093,LAND IN JIDHAFS,"Area:JIDHAFS
Reference:L013289
Plot size (SQM):271.5
Property type: LAND
Property classification:RA
******************************************************************************

The Ideal thing about investing in Bahrain property is that the demand is always at a peak due to the nation’s small geographic surface area, an indication that property prices, in general, will always rise.

Why Grnata? Your decision to select Grnata as a licensed group of companies in the field of real estate will lead you to many benefits such as:

	Qualified consultants in the Bahrain market
	Study and analysis of the investment’s opportunity
	A group of professional teams that are able to provide all real estate services.
Grnata is the leading real estate company in the Kingdom of Bahrain. Grnata and as seen by observers of the movement of the real estate market has taken its place in the real estate market, knocked off the pioneer, and gained the confidence of the stakeholders in the nation. 
",,,,commercial_sale,,,,,,,,,,,,,,,,,,,,2,,,,85000,BHD,sell,,,,,,271,sqm,7,Jidhafs,26.21967315673828,50.53300476074219,jidhafs,AREA,Jidhafs,4.7,,,,,,,6285,https://www.propertyfinder.bh/images/pf_agent/picture/a89c08e11448072588eb9c527f6adb34c67e6d8a/desktop,,Manar Jasim,manar.jasim@grnata.com,manar-jasim,,,,,,English|Arabic,,,manar.jasim@grnata.com,670,Grnata,"Office 0, Building 0, Seef, 0, Capital Governorate, ",husain.jalil@grnata.com,+97337334334,grnata-670,,,,,,,,,,,,,,,,,,,,,,,,,,,,,,,,93,,,,,2026-06-05T09:09:08.616835+00:00,
929474,929474,land for sale in MA'AMEER,"Area: MA'AMEER
Reference: L013315
Plot size (SQM): 1213.4m
Property type: LAND 
Property classification: SP
******************************************************************************

The Ideal thing about investing in Bahrain property is that the demand is always at a peak due to the nation’s small geographic surface area, an indication that property prices, in general, will always rise.

Why Grnata? Your decision to select Grnata as a licensed group of companies in the field of real estate will lead you to many benefits such as:

	Qualified consultants in the Bahrain market
	Study and analysis of the investment’s opportunity
	A group of professional teams that are able to provide all real estate services.
Grnata is the leading real estate company in the Kingdom of Bahrain. Grnata and as seen by observers of the movement of the real estate market has taken its place in the real estate market, knocked off the pioneer, and gained the confidence of the stakeholders in the nation. 
",,,,commercial_sale,,,,,,,,,,,,,,,,,,,,2,,,,215500,BHD,sell,,,,,,12134,sqm,17,Maameer,26.134166717529297,50.61305618286133,maameer,AREA,Maameer,2.17,,,,,,,5053,https://www.propertyfinder.bh/images/pf_agent/picture/27ef6437305c89e73800d68ad7a2c94dfccf37a9/desktop,,Ali AlMahafdha,s.ali.almahafdha@grnata.com,ali-almahafdha,,,,,,English|Arabic,,,s.ali.almahafdha@grnata.com,670,Grnata,"Office 0, Building 0, Seef, 0, Capital Governorate, ",husain.jalil@grnata.com,+97337334334,grnata-670,,,,,,,,,,,,,,,,,,,,,,,,,,,,,,,,97,,,,,2026-06-05T09:09:08.616835+00:00,
929473,929473,land for sale in MA'AMEER,"Area: MA'AMEER
Reference: L013319
Plot size (SQM): 1160.4m
Property type: LAND
Property classification: SP
******************************************************************************

The Ideal thing about investing in Bahrain property is that the demand is always at a peak due to the nation’s small geographic surface area, an indication that property prices, in general, will always rise.

Why Grnata? Your decision to select Grnata as a licensed group of companies in the field of real estate will lead you to many benefits such as:

	Qualified consultants in the Bahrain market
	Study and analysis of the investment’s opportunity
	A group of professional teams that are able to provide all real estate services.
Grnata is the leading real estate company in the Kingdom of Bahrain. Grnata and as seen by observers of the movement of the real estate market has taken its place in the real estate market, knocked off the pioneer, and gained the confidence of the stakeholders in the nation. 


",,,,commercial_sale,,,,,,,,,,,,,,,,,,,,2,,,,206094,BHD,sell,,,,,,1160,sqm,17,Maameer,26.134166717529297,50.61305618286133,maameer,AREA,Maameer,2.17,,,,,,,5053,https://www.propertyfinder.bh/images/pf_agent/picture/27ef6437305c89e73800d68ad7a2c94dfccf37a9/desktop,,Ali AlMahafdha,s.ali.almahafdha@grnata.com,ali-almahafdha,,,,,,English|Arabic,,,s.ali.almahafdha@grnata.com,670,Grnata,"Office 0, Building 0, Seef, 0, Capital Governorate, ",husain.jalil@grnata.com,+97337334334,grnata-670,,,,,,,,,,,,,,,,,,,,,,,,,,,,,,,,97,,,,,2026-06-05T09:09:08.616835+00:00,
52543683,52543683,Commercial | Mahooz | Investment Opportunity,"An exceptional opportunity to own a spacious commercial villa in the highly sought-after Al Mahooz area, Manama. Strategically positioned on a prime corner plot with access from two streets, this property is ideal for business use, offices, clinics, or upscale residential living.

Property Details:
Land Area: 754.5 sqm
Built over 3 floors
Bedrooms / Rooms: 9
Bathrooms: 5
Living Rooms: 3
Kitchen: 1 (plus outdoor kitchen)
Maid’s Room with attached bathroom
Front garden
Garage with capacity for up to 8 cars
Key Features:
Prime corner location with dual road access
Suitable for commercial or residential use
Large layout ideal for investment purposes
Excellent space for offices, clinics, or company headquarters
Financial Details:
Price: BHD 400,000
Payment Method: Cash
This property offers strong investment potential in a central and high-demand location, combining space, flexibility, and accessibility.",,,,commercial_sale,,,,5,5,,,,YES,,,,,,,,,,,3,,,,400000,BHD,sell,,,,,,754,sqm,77,Mahooz,26.207910537719727,50.587345123291016,manama-mahooz,AREA,Mahooz,5.34.77,,,,,,,5392,https://www.propertyfinder.bh/images/pf_agent/picture/2ada4d09f5f4b6cc64433190f0c16ceaf9d4f54b/desktop,,Zaid Alwaheb,zaid@housemeonline.com,zaid-alwaheb,,,,,,English|Arabic,,,zaid@housemeonline.com,7,House Me,"Office 21, Building 853, block 332, Manama, 3218, Capital Governorate, PO Box 0000",mohammed@housemeonline.com,+97339522370,house-me-7,,,,,,,,,,,,,,,,,,,,,,,,,,,,,,,,100,CP,CP,,,2026-06-05T09:09:08.616835+00:00,
52517685,52517685,Garden | Pool | Closed Kitchen | Um Al Hassam,"Discover the perfect family home in the heart of Manama with this stunning villa located in the highly sought-after Um Al Hassam neighborhood. Offering a combination of luxury, comfort, and modern design, this property is ideal for families looking for an elegant and functional living space in a prime location.

Property Highlights:

Total Area: 481.90 sqm , providing ample space for family living and entertaining guests.
Bedrooms: 4 generously-sized bedrooms, each with its own en-suite bathroom for privacy and convenience.
Bathrooms: 4 fully fitted bathrooms, designed with modern fixtures and high-quality finishes.
Kitchens: 2 functional and spacious kitchens, perfect for family meals and gatherings.
Living Spaces: 2 bright and airy living rooms ideal for relaxation and socializing with family and friends.

Additional Features and Amenities:

Modern Design: Well-designed interior layout with attention to detail, combining elegance and functionality.
Private Parking: Dedicated parking spaces for residents and guests.
Semi-Furnished Options: Flexible options available to suit the buyer’s preference.
Family-Friendly Neighborhood: Located in a secure, peaceful area with easy access to schools, shopping centers, restaurants, and medical facilities.
Convenient Access: Quick access to main roads, allowing seamless connectivity to other parts of Manama and beyond.
Investment Potential: Ideal for both residential use and long-term investment, thanks to its prime location and high demand in the area.

Nearby Attractions:

Minutes away from Al Jazira and Lulu supermarkets
Close to top schools and educational institutions
Easy access to healthcare facilities and local clinics
Proximity to restaurants, cafes, and entertainment venues in Adliya and Seef

Price: BHD 380,000 – a competitive price for a villa of this size and location, with flexible payment options including cash, loan, or mortgage.

This villa represents an exceptional opportunity to own a luxurious a",,,,commercial_sale,,,,4,4,,,,YES,,,,,,,,,,,3,,,,380000,BHD,sell,,,,,,482,sqm,90,Um Al Hasam,26.203079223632812,50.594947814941406,manama-um-al-hasam,AREA,Um Al Hasam,5.34.90,,,,,,,5392,https://www.propertyfinder.bh/images/pf_agent/picture/2ada4d09f5f4b6cc64433190f0c16ceaf9d4f54b/desktop,,Zaid Alwaheb,zaid@housemeonline.com,zaid-alwaheb,,,,,,English|Arabic,,,zaid@housemeonline.com,7,House Me,"Office 21, Building 853, block 332, Manama, 3218, Capital Governorate, PO Box 0000",mohammed@housemeonline.com,+97339522370,house-me-7,,,,,,,,,,,,,,,,,,,,,,,,,,,,,,,,100,PP|PG,PP|PG,,,2026-06-05T09:09:08.616835+00:00,
52517216,52517216,Commercial | Spacious | Villa | Mahooz,"A rare opportunity to own a large villa in the highly desirable Al Mahooz area in Manama. This property is located on a prime corner plot with access from three roads, making it ideal for both residential living and commercial use.
Property Details:
Land Area: 820 sqm
Bedrooms: 8
Bathrooms: 5
Living Rooms: 3
Kitchens: 2
Additional Rooms: 2 meeting rooms
Parking: Space for up to 7 cars
Key Features:
Prime corner location on 3 roads
Spacious and well-designed layout
Ideal for offices, clinics, or large families
Location Highlights:
Located in Al Mahooz, Manama
Opposite The Curve Mall
Near Al Jazeera Supermarket
Easy access to highways and public transport
Close to restaurants, cafes, and daily conveniences
Financial Details:
Price: BHD 450,000
Payment Method: Cash

This property offers excellent investment potential in one of Bahrain’s most central locations, combining space, accessibility, and flexibility",,,,commercial_sale,,,,5,5,,,,PARTLY,,,,,,,,,,,3,,,,450000,BHD,sell,,,,,,820,sqm,77,Mahooz,26.207910537719727,50.587345123291016,manama-mahooz,AREA,Mahooz,5.34.77,,,,,,,5392,https://www.propertyfinder.bh/images/pf_agent/picture/2ada4d09f5f4b6cc64433190f0c16ceaf9d4f54b/desktop,,Zaid Alwaheb,zaid@housemeonline.com,zaid-alwaheb,,,,,,English|Arabic,,,zaid@housemeonline.com,7,House Me,"Office 21, Building 853, block 332, Manama, 3218, Capital Governorate, PO Box 0000",mohammed@housemeonline.com,+97339522370,house-me-7,,,,,,,,,,,,,,,,,,,,,,,,,,,,,,,,100,CP|BA|LB,CP|BA|LB,,,2026-06-05T09:09:08.616835+00:00,
51904143,51904143,Modern | open-office | Burhama,"A modern, open-plan office of approximately 40 sqm is now available in the heart of Al Burhama, right behind Dana Mall, offering a prestigious location for businesses looking for visibility and convenience. Ideal for startups, small businesses, or professional offices seeking a central office in Manama.

Office Features

Total Area: 40 sqm (approx. 431 sq. ft.)

Open-plan layout, flexible for different business setups

City-facing with large glass windows

Access to shared bathrooms (for ladies and gents)

Access to a common meeting room

Dedicated car parking

Ideal for small offices, consultations, or professional workspaces

Location Benefits

Located in Al Burhama, this office provides excellent accessibility and visibility. The area is well-connected to main roads and close to Dana Mall, making it a strategic choice for businesses seeking high foot traffic and professional surroundings.

Rental Details

Monthly Rent: BHD 260

Exclusive water and electricity connections

VAT: 10%

Available for immediate rental",,,,commercial_sale,,,,1,1,1,1,,PARTLY,,,,,,,,,,,3,,,,260,BHD,sell,,,,,,40,sqm,56,Al Burhama,26.21672821044922,50.55367660522461,manama-al-burhama,AREA,Al Burhama,5.34.56,,,,,,,5392,https://www.propertyfinder.bh/images/pf_agent/picture/2ada4d09f5f4b6cc64433190f0c16ceaf9d4f54b/desktop,,Zaid Alwaheb,zaid@housemeonline.com,zaid-alwaheb,,,,,,English|Arabic,,,zaid@housemeonline.com,7,House Me,"Office 21, Building 853, block 332, Manama, 3218, Capital Governorate, PO Box 0000",mohammed@housemeonline.com,+97339522370,house-me-7,,,,,,,,,,,,,,,,,,,,,,,,,,,,,,,,100,CR|AC,CR|AC,,,2026-06-05T09:09:08.616835+00:00,
53575378,53575378,Commercial building for sale in Sanabis,"For Sale: Prime Commercial Building in Sanabis

Property Details:

Land Area: 448.2 sq m
Building Consists of:

6 Retail Shops
16 Offices
Garage
2 Warehouses
Location: On a vibrant commercial street
Monthly Income: BD 4,420
Total Price: BD 600,000
Price Negotiable
This commercial building is located in a prime and vibrant location in Sanabis, one of the most active commercial areas in Bahrain, making it an excellent investment opportunity with a steady income stream. Situated on a busy commercial street with continuous traffic throughout the day, the building is also close to shopping malls, restaurants, cafes, banks, businesses, and various services, enhancing the location's value and increasing demand for the retail and office units.

The building houses a diverse range of retail shops and offices, making it suitable for long-term commercial investment with a good and stable monthly income. Its proximity to key residential and commercial areas and easy access provide an added advantage for investors seeking commercial property in a sought-after and dynamic location.  The building’s location in Sanabis is considered a prime location due to the continuous commercial activity in the area and its proximity to the capital, Manama, and other vital areas, making this property a suitable opportunity for those wishing to invest in the commercial real estate market in Bahrain.",,,,commercial_sale,,,,7+,7+,,,,PARTLY,,,,,,,,,,,1,,,,600000,BHD,sell,,,,,,448,sqm,100,Sanabis,26.226558685302734,50.5459098815918,manama-sanabis,COMMUNITY,Sanabis,5.34.100,,,,,,,7704,,,سيد أحمد الموسوي,sayedahmed.Homex@gmail.com,سيد-أحمد-الموسوي,,,,,,,,,sayedahmed.Homex@gmail.com,1231,HOMEX PROPERTIES,"Office 0, Building 118ر, Budaiya, 79 AVENUE 79, Northern Governorate, PO Box 449",sajj52025@gmail.com,+97134343412,homex-properties-v2-1231,,,,,,,,,,,,,,,,,,,,,,,,,,,,,,,,90,SE,SE,,,2026-06-05T09:09:08.616835+00:00,
929091,929091,LAND IN ZINJ,"Plot size (SQM):390.9
Property type: LAND
Property classification: RA
******************************************************************************

The Ideal thing about investing in Bahrain property is that the demand is always at a peak due to the nation’s small geographic surface area, an indication that property prices, in general, will always rise.

Why Grnata? Your decision to select Grnata as a licensed group of companies in the field of real estate will lead you to many benefits such as:

	Qualified consultants in the Bahrain market
	Study and analysis of the investment’s opportunity
	A group of professional teams that are able to provide all real estate services.
Grnata is the leading real estate company in the Kingdom of Bahrain. Grnata and as seen by observers of the movement of the real estate market has taken its place in the real estate market, knocked off the pioneer, and gained the confidence of the stakeholders in the nation. 
",,,,commercial_sale,,,,,,,,,,,,,,,,,,,,2,,,,134000,BHD,sell,,,,,,390,sqm,24,Zinj,26.2102108001709,50.56403350830078,manama-zinj,AREA,Zinj,5.34.24,,,,,,,6285,https://www.propertyfinder.bh/images/pf_agent/picture/a89c08e11448072588eb9c527f6adb34c67e6d8a/desktop,,Manar Jasim,manar.jasim@grnata.com,manar-jasim,,,,,,English|Arabic,,,manar.jasim@grnata.com,670,Grnata,"Office 0, Building 0, Seef, 0, Capital Governorate, ",husain.jalil@grnata.com,+97337334334,grnata-670,,,,,,,,,,,,,,,,,,,,,,,,,,,,,,,,92,,,,,2026-06-05T09:09:08.616835+00:00,
1002922,1002922,"COM-SP Plot For Sale in Busaiteen,BD32/- per foot","Land

for Sale

Muharraq

Busaiteen

Block: 226

4,606 f2

427.9 m2

BD 32 /f2

Sale BHD 147,389/-

Commercial

Special Projects

SP 

26°1700.3N 50°3610.2E

Note- Ready-made plan is available for building commercial shops + residential apartments Approval has been obtained from the urban planning department


This listing prices is subject to availability. Actual property different from photographs posted and information listed is subject to change without notice.

follow us on Instagram and Facebook -




 Land

for Sale

Muharraq

Busaiteen

Block: 226

4,606 f2

427.9 m2

BD 32 /f2

Sale BHD 147,389/-

Commercial

Special Projects

SP 

26°1700.3N 50°3610.2E

ready-made plan is available for building commercial shops + residential apartments Approval has been obtained from the urban planning department

This listing prices is subject to availability. Actual property different from photographs posted and information listed is subject to change without notice.

follow us on Instagram and Facebook -




 Land

for Sale

Muharraq

Busaiteen

Block: 226

4,606 f2

427.9 m2

BD 32 /f2

Sale BHD 147,389/-

Commercial

Special Projects

SP 

26°1700.3N 50°3610.2E

ready-made plan is available for building commercial shops + residential apartments Approval has been obtained from the urban planning department

This listing prices is subject to availability. Actual property different from photographs posted and information listed is subject to change without notice.

follow us on Instagram and Facebook -",,,,commercial_sale,,,,,,,,,,,,,,,,,,,,3,,,,147389,BHD,sell,,,,,,427,sqm,96,Busaiteen,26.27199935913086,50.60900115966797,busaiteen,AREA,Busaiteen,3.96,,,,,,,7678,,,Jasmine,Info.americanabh@gmail.com,jasmine,,,,,,,,,Info.americanabh@gmail.com,850,Americana Real Estate W.L.L,"Office 33, Building 290, Manama, Hoora, Capital Governorate, PO Box 5796",americana.estate@gmail.com,+97339620054,americana-real-estate-w-l-l-850,,,,,,,,,,,,,,,,,,,,,,,,,,,,,,,,100,,,,,2026-06-05T09:09:08.616835+00:00,
1002860,1002860,"COM SP Land For Sale in Busaiteen, BD33 per foot","Land

for Sale

Muharraq

Busaiteen

Block: 226

4,326 f2

401.9 m2

BD 33 /f2

Sale BHD 142,760/-

Commercial

Special Projects

SP

26°1700.8N 50°3612.2E




Ready-made plan is available for building commercial shops + residential apartments Approval has been obtained from the urban planning department
This listing prices is subject to availability. Actual property different from photographs posted and information listed is subject to change without notice.

follow us on Instagram and Facebook -




Land

for Sale

Muharraq

Busaiteen

Block: 226

4,326 f2

401.9 m2

BD 33 /f2

Sale BHD 142,760/-

Commercial

Special Projects

SP

26°1700.8N 50°3612.2E




Ready-made plan is available for building commercial shops + residential apartments Approval has been obtained from the urban planning department
This listing prices is subject to availability. Actual property different from photographs posted and information listed is subject to change without notice.

follow us on Instagram and Facebook -

..............................................................................................",,,,commercial_sale,,,,,,,,,,,,,,,,,,,,3,,,,142760,BHD,sell,,,,,,401,sqm,96,Busaiteen,26.27199935913086,50.60900115966797,busaiteen,AREA,Busaiteen,3.96,,,,,,,7678,,,Jasmine,Info.americanabh@gmail.com,jasmine,,,,,,,,,Info.americanabh@gmail.com,850,Americana Real Estate W.L.L,"Office 33, Building 290, Manama, Hoora, Capital Governorate, PO Box 5796",americana.estate@gmail.com,+97339620054,americana-real-estate-w-l-l-850,,,,,,,,,,,,,,,,,,,,,,,,,,,,,,,,100,,,,,2026-06-05T09:09:08.616835+00:00,
1002568,1002568,Freehold commercial B3* land sale 619.6m2 onward,"Freehold B3* Commercial land for sale

Sea front plots

 Muharraq

Block: 101

Area: SHARQ AL HIDD

B3*  

Mixed-use Buildings – 3 stories with commercial interfaces*

619.6m2 

6,669f2

BD23/f2


sale BD 153,387/-

This listing prices is subject to availability. Actual property different from photographs posted and information listed is subject to change without notice.

follow us on Instagram and Facebook - 



Freehold B3* Commercial land for sale

Sea front plots

 Muharraq

Block: 101

Area: SHARQ AL HIDD

B3*  

Mixed-use Buildings – 3 stories with commercial interfaces*

619.6m2 

6,669f2

BD24/f2


sale BD 160,065/-

This listing prices is subject to availability. Actual property different from photographs posted and information listed is subject to change without notice.

follow us on Instagram and Facebook - @unicornbh1
@bahrainrental


Freehold B3* Commercial land for sale

Sea front plots

 Muharraq

Block: 101

Area: SHARQ AL HIDD

B3*  

Mixed-use Buildings – 3 stories with commercial interfaces*

619.6m2 

6,669f2

BD24/f2


sale BD 160,065/-

This listing prices is subject to availability. Actual property different from photographs posted and information listed is subject to change without notice.

follow us on Instagram and Facebook - @unicornbh1
@bahrainrental",,,,commercial_sale,,,,,,,,,,,,,,,,,,,,2,,,,153387,BHD,sell,,,,,,619,sqm,32,Hidd,26.21263313293457,50.67418670654297,hidd,AREA,Hidd,3.32,,,,,,,7678,,,Jasmine,Info.americanabh@gmail.com,jasmine,,,,,,,,,Info.americanabh@gmail.com,850,Americana Real Estate W.L.L,"Office 33, Building 290, Manama, Hoora, Capital Governorate, PO Box 5796",americana.estate@gmail.com,+97339620054,americana-real-estate-w-l-l-850,,,,,,,,,,,,,,,,,,,,,,,,,,,,,,,,100,,,,,2026-06-05T09:09:08.616835+00:00,
1002571,1002571,Freehold B3*Commercial Mix use land BD 23/f2,"Freehold B3* Commercial - Mixed-use Buildings – 3 stories with commercial interfaces*

2 road land

 Muharraq

Block: 101

Area: SHARQ AL HIDD

B3*  

Mixed-use Buildings – 3 stories with commercial interfaces*

449m2 

4,833f2

BD23/f2


sale BD 111,159/-

This listing price is subject to availability. Actual property is different from photographs posted, and the information listed is subject to change without notice.

follow us on Instagram and Facebook - 



Freehold B3* Commercial land for sale

Sea front plots

 Muharraq

Block: 101

Area: SHARQ AL HIDD

B3*  

Mixed-use Buildings – 3 stories with commercial interfaces*

449m2 

4,833f2

BD23/f2


sale BD 111,159/-

This listing price is subject to availability. Actual property is different from photographs posted, and the information listed is subject to change without notice..................................................................................................................

follow us on Instagram and Facebook - @unicornbh1
@bahrainrental",,,,commercial_sale,,,,,,,,,,,,,,,,,,,,3,,,,111159,BHD,sell,,,,,,450,sqm,32,Hidd,26.21263313293457,50.67418670654297,hidd,AREA,Hidd,3.32,,,,,,,7678,,,Jasmine,Info.americanabh@gmail.com,jasmine,,,,,,,,,Info.americanabh@gmail.com,850,Americana Real Estate W.L.L,"Office 33, Building 290, Manama, Hoora, Capital Governorate, PO Box 5796",americana.estate@gmail.com,+97339620054,americana-real-estate-w-l-l-850,,,,,,,,,,,,,,,,,,,,,,,,,,,,,,,,100,,,,,2026-06-05T09:09:08.616835+00:00,
1002559,1002559,"Commercial Land for Sale in Bahrain, IKea area","Commercial Land for Sale in Bahrain, Central, Salmabad as Ikea area 

Central Salmabad

Block: 712

SQ feet - 70,644.0 f2

SQ meter - 6,563.0 m2

BD Per Sq foot - 30.0 /f2

Total Sale BHD 2,119,320

Commercial

 26°11'9.90""N 50°30'27.22""E

This listing prices is subject to availability. Actual property different from photographs posted and information listed is subject to change without notice.



Commercial Land for Sale in Bahrain, Central, Salmabad as Ikea area 

Central Salmabad

Block: 712

SQ feet - 70,644.0 f2

SQ meter - 6,563.0 m2

BD Per Sq foot - 30.0 /f2

Total Sale BHD 2,119,320

Commercial

 26°11'9.90""N 50°30'27.22""E

This listing prices is subject to availability. Actual property different from photographs posted and information listed is subject to change without notice.
...........................................................................................................................................................................................................................................................

Commercial",,,,commercial_sale,,,,,,,,,,,,,,,,,,,,3,,,,2119320,BHD,sell,,,,,,6560,sqm,6,Salmabad,26.183332443237305,50.516666412353516,salmabad,AREA,Salmabad,2.6,,,,,,,7678,,,Jasmine,Info.americanabh@gmail.com,jasmine,,,,,,,,,Info.americanabh@gmail.com,850,Americana Real Estate W.L.L,"Office 33, Building 290, Manama, Hoora, Capital Governorate, PO Box 5796",americana.estate@gmail.com,+97339620054,americana-real-estate-w-l-l-850,,,,,,,,,,,,,,,,,,,,,,,,,,,,,,,,100,,,,,2026-06-05T09:09:08.616835+00:00,
966686,966686,Freehold- S -Service Areas land sale 390m2 onward,"Freehold Hidd Investment park for sale, Zoning - Service Areas  land for sale


 Muharraq

Block: 101

Area: SHARQ AL HIDD

S  
Service Areas

390m2 

4,198f2

BD25/f2


sale BD 104,949/-

This listing prices is subject to availability. Actual property different from photographs posted and information listed is subject to change without notice.

follow us on Instagram and Facebook - 


Freehold &#34;S &#34; Service Areas  land for sale


 Muharraq

Block: 101

Area: SHARQ AL HIDD

S  
Service Areas

390m2 

4,198f2

BD25/f2


sale BD 104,949/-



This listing prices is subject to availability. Actual property different from photographs posted and information listed is subject to change without notice.

follow us on Instagram and Facebook - @unicornbh1
@bahrainrental



Freehold land for sale in Hidd investment park, Service Areas  land for sale


 Muharraq

Block: 101

Area: SHARQ AL HIDD

S  
Service Areas

390m2 

4,198f2

BD25/f2


sale BD 104,949/-

",,,,commercial_sale,,,,,,,,,,,,,,,,,,,,1,,,,104940,BHD,sell,,,,,,390,sqm,32,Hidd,26.21263313293457,50.67418670654297,hidd,AREA,Hidd,3.32,,,,,,,7678,,,Jasmine,Info.americanabh@gmail.com,jasmine,,,,,,,,,Info.americanabh@gmail.com,850,Americana Real Estate W.L.L,"Office 33, Building 290, Manama, Hoora, Capital Governorate, PO Box 5796",americana.estate@gmail.com,+97339620054,americana-real-estate-w-l-l-850,,,,,,,,,,,,,,,,,,,,,,,,,,,,,,,,100,,,,,2026-06-05T09:09:08.616835+00:00,
945370,945370,"COM SP Land For Sale in Busaiteen, BD33 per foot","Land

for Sale

Muharraq

Busaiteen

Block: 226

4,143 f2

384.9m2

BD 33 /f2

Sale BHD 136,721/-

Commercial

Special Projects

SP



26°1700.2N 50°3609.6E


Ready-made plan is available for building commercial shops + residential apartments Approval has been obtained from the urban planning department
This listing prices is subject to availability. Actual property different from photographs posted and information listed is subject to change without notice.

follow us on Instagram and Facebook -




Land

for Sale

Muharraq

Busaiteen

Block: 226

4,143 f2

384.9m2

BD 33 /f2

Sale BHD 136,721/-

Commercial

Special Projects

SP



26°1700.2N 50°3609.6E


Ready-made plan is available for building commercial shops + residential apartments Approval has been obtained from the urban planning department
This listing prices is subject to availability. Actual property different from photographs posted and information listed is subject to change without notice.

follow us on Instagram and Facebook -

..............................................................................................",,,,commercial_sale,,,,,,,,,,,,,,,,,,,,3,,,,136721,BHD,sell,,,,,,385,sqm,96,Busaiteen,26.27199935913086,50.60900115966797,busaiteen,AREA,Busaiteen,3.96,,,,,,,7678,,,Jasmine,Info.americanabh@gmail.com,jasmine,,,,,,,,,Info.americanabh@gmail.com,850,Americana Real Estate W.L.L,"Office 33, Building 290, Manama, Hoora, Capital Governorate, PO Box 5796",americana.estate@gmail.com,+97339620054,americana-real-estate-w-l-l-850,,,,,,,,,,,,,,,,,,,,,,,,,,,,,,,,100,,,,,2026-06-05T09:09:08.616835+00:00,
876547,876547,Investment Land (BD) for sale in manama - Suwaifiya,"Area: Manama - Suwaifiya
Reference: L012880
Plot size (SQM): 890.9
Property type: Land
Property classification: BD
******************************************************************************

The Ideal thing about investing in Bahrain property is that the demand is always at a peak due to the nation’s small geographic surface area, an indication that property prices, in general, will always rise.

Why Grnata? Your decision to select Grnata as a licensed group of companies in the field of real estate will lead you to many benefits such as:

	Qualified consultants in the Bahrain market
	Study and analysis of the investment’s opportunity
	A group of professional teams that are able to provide all real estate services.
Grnata is the leading real estate company in the Kingdom of Bahrain. Grnata and as seen by observers of the movement of the real estate market has taken its place in the real estate market, knocked off the pioneer, and gained the confidence of the stakeholders in the nation.",,,,commercial_sale,,,,,,,,,,,,,,,,,,,,2,,,,287689,BHD,sell,,,,,,890,sqm,56,Al Burhama,26.21672821044922,50.55367660522461,manama-al-burhama,AREA,Al Burhama,5.34.56,,,,,,,4472,https://www.propertyfinder.bh/images/pf_agent/picture/c861b88091ab1a6eb5ccc103d90b86a3e69e14ff/desktop,,Ali Nooh,ali.nooh@grnata.com,ali-nooh,,,,,,English|Arabic,,,ali.nooh@grnata.com,670,Grnata,"Office 0, Building 0, Seef, 0, Capital Governorate, ",husain.jalil@grnata.com,+97337334334,grnata-670,,,,,,,,,,,,,,,,,,,,,,,,,,,,,,,,87,,,,,2026-06-05T09:09:08.616835+00:00,
972985,972985,Land for sale in Hidd,"Area: AL HIDD
Reference: L013828
Plot size (SQM): 3032m
Property type: Land
Property classification: RB**
******************************************************************************

The Ideal thing about investing in Bahrain property is that the demand is always at a peak due to the nation’s small geographic surface area, an indication that property prices, in general, will always rise.

Why Grnata? Your decision to select Grnata as a licensed group of companies in the field of real estate will lead you to many benefits such as:

	Qualified consultants in the Bahrain market
	Study and analysis of the investment’s opportunity
	A group of professional teams that are able to provide all real estate services.
Grnata is the leading real estate company in the Kingdom of Bahrain. Grnata and as seen by observers of the movement of the real estate market has taken its place in the real estate market, knocked off the pioneer, and gained the confidence of the stakeholders in the nation. 
",,,,commercial_sale,,,,,,,,,,,,,,,,,,,,2,,,,1142275,BHD,sell,,,,,,3032,sqm,32,Hidd,26.21263313293457,50.67418670654297,hidd,AREA,Hidd,3.32,,,,,,,5053,https://www.propertyfinder.bh/images/pf_agent/picture/27ef6437305c89e73800d68ad7a2c94dfccf37a9/desktop,,Ali AlMahafdha,s.ali.almahafdha@grnata.com,ali-almahafdha,,,,,,English|Arabic,,,s.ali.almahafdha@grnata.com,670,Grnata,"Office 0, Building 0, Seef, 0, Capital Governorate, ",husain.jalil@grnata.com,+97337334334,grnata-670,,,,,,,,,,,,,,,,,,,,,,,,,,,,,,,,95,,,,,2026-06-05T09:09:08.616835+00:00,
883668,883668,Commercial building in Manama market,"Area: Manama

Reference: B004542

Plot size (SQM): 312.7

Property type: Commercial Building

Property classification: RHB

******************************************************************************


The Ideal thing about investing in Bahrain property is that the demand is always at a peak due to the nation’s small geographic surface area, an indication that property prices, in general, will always rise.

Why Grnata? Your decision to select Grnata as a licensed group of companies in the field of real estate will lead you to many benefits such as:

	Qualified consultants in the Bahrain market
	Study and analysis of the investment’s opportunity
	A group of professional teams that are able to provide all real estate services.
Grnata is the leading real estate company in the Kingdom of Bahrain. Grnata and as seen by observers of the movement of the real estate market has taken its place in the real estate market, knocked off the pioneer, and gained the confidence of the stakeholders in the nation",,,,commercial_sale,,,,7+,7+,,,,YES,,,,,,,,,,,3,,,,380000,BHD,sell,,,,,,312,sqm,34,Manama,26.21666717529297,50.58333206176758,manama,AREA,Manama,5.34,,,,,,,3772,https://www.propertyfinder.bh/images/pf_agent/picture/3f908f274ea074e002665035e18e557b98b0d1a5/desktop,,Ali Najah,ali.najah@grnata.com,ali-najah,,,,,,English|Arabic,,,ali.najah@grnata.com,670,Grnata,"Office 0, Building 0, Seef, 0, Capital Governorate, ",husain.jalil@grnata.com,+97337334334,grnata-670,,,,,,,,,,,,,,,,,,,,,,,,,,,,,,,,84,SE,SE,,,2026-06-05T09:09:08.616835+00:00,
802943,802943,"Building For Sale In Hoora , The Price Is 200,000","Area: Hoora
Reference: B004426
Plot size (SQM): 153
Property type: Building
Property classification: BR5
******************************************************************************

The Ideal thing about investing in Bahrain property is that the demand is always at a peak due to the nation’s small geographic surface area, an indication that property prices, in general, will always rise.

Why Grnata? Your decision to select Grnata as a licensed group of companies in the field of real estate will lead you to many benefits such as:

	Qualified consultants in the Bahrain market
	Study and analysis of the investment’s opportunity
	A group of professional teams that are able to provide all real estate services.
Grnata is the leading real estate company in the Kingdom of Bahrain. Grnata and as seen by observers of the movement of the real estate market has taken its place in the real estate market, knocked off the pioneer, and gained the confidence of the stakeholders in the nation.",,,,commercial_sale,,,,7,7,,,,NO,,,,,,,,,,,1,,,,200000,BHD,sell,,,,,,153,sqm,14,Hoora,26.23387908935547,50.5939826965332,hoora,AREA,Hoora,5.14,,,,,,,3772,https://www.propertyfinder.bh/images/pf_agent/picture/3f908f274ea074e002665035e18e557b98b0d1a5/desktop,,Ali Najah,ali.najah@grnata.com,ali-najah,,,,,,English|Arabic,,,ali.najah@grnata.com,670,Grnata,"Office 0, Building 0, Seef, 0, Capital Governorate, ",husain.jalil@grnata.com,+97337334334,grnata-670,,,,,,,,,,,,,,,,,,,,,,,,,,,,,,,,84,BA,BA,,,2026-06-05T09:09:08.616835+00:00,
883667,883667,Commercial building in Manama area,"Area: Manama

Reference: B004543

Plot size (SQM): 265

Property type: Commercial Building

Property classification: BR5

******************************************************************************


The Ideal thing about investing in Bahrain property is that the demand is always at a peak due to the nation’s small geographic surface area, an indication that property prices, in general, will always rise.

Why Grnata? Your decision to select Grnata as a licensed group of companies in the field of real estate will lead you to many benefits such as:

	Qualified consultants in the Bahrain market
	Study and analysis of the investment’s opportunity
	A group of professional teams that are able to provide all real estate services.
Grnata is the leading real estate company in the Kingdom of Bahrain. Grnata and as seen by observers of the movement of the real estate market has taken its place in the real estate market, knocked off the pioneer, and gained the confidence of the stakeholders in the nation",,,,commercial_sale,,,,7+,7+,,,,YES,,,,,,,,,,,2,,,,390000,BHD,sell,,,,,,265,sqm,34,Manama,26.21666717529297,50.58333206176758,manama,AREA,Manama,5.34,,,,,,,3772,https://www.propertyfinder.bh/images/pf_agent/picture/3f908f274ea074e002665035e18e557b98b0d1a5/desktop,,Ali Najah,ali.najah@grnata.com,ali-najah,,,,,,English|Arabic,,,ali.najah@grnata.com,670,Grnata,"Office 0, Building 0, Seef, 0, Capital Governorate, ",husain.jalil@grnata.com,+97337334334,grnata-670,,,,,,,,,,,,,,,,,,,,,,,,,,,,,,,,84,SE,SE,,,2026-06-05T09:09:08.616835+00:00,
963194,963194,Commercial / Residential Building Sale In Galali,"تفاصيل العقار

 الموقع: قلالي
نوع العقار: بناية سكنية وتجارية


---

الطابق الأرضي – المحلات التجارية

المحل 1: بمساحة 22.1 متر مربع

المحل 2: بمساحة 22.1 متر مربع

المحل 3: بمساحة 25.0 متر مربع

المحل 4: بمساحة 26.0 متر مربع


جميع المحلات مطلة على الشارع، بمواقع ممتازة مناسبة لمختلف الأنشطة التجارية.


---

الطوابق العلوية – الشقق السكنية

عدد الشقق: 7 شقق

مساحة كل شقة: 124 متر مربع

التقسيم الداخلي:

3 غرف نوم واسعة

2 حمّام حديث

صالة معيشة فسيحة

مطبخ مجهّز

بلكونة في بعض الشقق



كل شقة مصممة بطريقة عملية توفر الراحة والخصوصية مع إضاءة طبيعية ممتازة.


---

مميزات الاستثمار

مبنى متعدد الاستخدام (تجاري + سكني)

عائد إيجاري مرتفع بفضل موقع قلالي المميز

مناسب للمستثمرين الباحثين عن دخل شهري ثابت


Property Details

Location: Qalali
Property Type: Residential & Commercial Building


---

Ground Floor – Commercial Shops

Shop 1: 22.1 sqm

Shop 2: 22.1 sqm

Shop 3: 25.0 sqm

Shop 4: 26.0 sqm


All shops are street-facing, providing excellent visibility and ideal space for retail or business use.


---

Upper Floors – Residential Apartments

Total Units: 7 Apartments

Each Apartment Area: 124 sqm

Layout:

3 spacious bedrooms

2 modern bathrooms

Bright and open living room

Fully equipped kitchen

Balcony in selected units



Each apartment is designed with a functional layout, offering comfort, privacy, and excellent natural lighting.


---

Investment Highlights

Mixed-use building (commercial + residential)

High rental potential due to prime Qalali location

Ideal for investors seeking steady monthly income
",,,,commercial_sale,,,,7+,7+,,,,PARTLY,,,,,,,,,,,1,,,,340000,BHD,sell,,,,,,460,sqm,93,Galali,26.266666412353516,50.650001525878906,galali,AREA,Galali,3.93,,,,,,,6750,https://www.propertyfinder.bh/images/pf_agent/picture/4e00245178bbca57889344c6c8d5b88081ff8146/desktop,,Husain Al-Shaikh,hussainalshaiikh7@gmail.com,husain-al-shaikh,,,,,,English|Arabic,,,hussainalshaiikh7@gmail.com,600,DAMAC REALESTATE ESTABLISHMENT,"Office 24, Building 1495, Tubli, 1127, Central Governorate, ",ammarzikrat@gmail.com,+97339922003,damac-realestate-establishment-600,,,,,,,,,,,,,,,,,,,,,,,,,,,,,,,,90,SE|LB,SE|LB,,,2026-06-05T09:09:08.616835+00:00,
963087,963087,Investment Commercial Building - مبنى تجاري للبيع ,"For Sale: Building in Qalali on Two Streets

This investment property features a total of 6 apartments and 4 commercial shops, offering a solid rental income.

Property Details:

Land Area: 325 sqm

Built-up Area: 750 sqm


Layout:

Ground Floor: 1 three-bedroom apartment

First Floor: 2 two-bedroom apartments + 1 studio

Second Floor: 1 two-bedroom apartment + 1 studio


Rental Income:

Apartments: BD 1,050

Shops: BD 550

Total Income: BD 1,600


Asking Price: BD 230,000

Contact: 36633143


للبيع بناية في قلالي على شارعين تتكون من 6 شقق و 4 محلات 
مساحة الأرض: 325م 
مساحة البناء: 750م
الطابق الأرضي: 1 شقة بثلاث غرف 
الطابق الأول: 2 شقة بوغرفتين + 1 شقة استوديو 
الطابق الثاني: 1 شقة بوغرفتين + 1 شقة استوديو 

مدخول الشقق : 1050 دينار 
مدخول المحلات: 550 دينار 
المجموع:1600 دينار 

المطلوب: 230,000 دينار


",,,,commercial_sale,,,,7+,7+,,,,YES,,,,,,,,,,,2,,,,230000,BHD,sell,,,,,,325,sqm,93,Galali,26.266666412353516,50.650001525878906,galali,AREA,Galali,3.93,,,,,,,6750,https://www.propertyfinder.bh/images/pf_agent/picture/4e00245178bbca57889344c6c8d5b88081ff8146/desktop,,Husain Al-Shaikh,hussainalshaiikh7@gmail.com,husain-al-shaikh,,,,,,English|Arabic,,,hussainalshaiikh7@gmail.com,600,DAMAC REALESTATE ESTABLISHMENT,"Office 24, Building 1495, Tubli, 1127, Central Governorate, ",ammarzikrat@gmail.com,+97339922003,damac-realestate-establishment-600,,,,,,,,,,,,,,,,,,,,,,,,,,,,,,,,90,CP|LB,CP|LB,,,2026-06-05T09:09:08.616835+00:00,
962259,962259,Prime location | RG |  Janabiyah Area,"Prime location Land Available for Sale in Al Janabiyah Area
Size 1,420 Sqm
Classification - RG
BD 21.900/- per ft

Selling price
BHD 336,456\-

Throughout the year, House me company manages to lease a high volume of properties, from residential apartments, offices and commercial spaces to both individuals and corporate. We have a dedicated team, mixture of human resources to inline with the variety of our clients’ culture and languages, in addition of allowing our customers to know in a clear manner; about the facilities, view, responsibilities of tenant and landlord in the proposed property. Furthermore, House me company has an outstanding competitive edge in the market, where no vacant unit available in the properties managed by the company, which in fact, shows the quality of leasing services provided by its sincere employees.",,,,commercial_sale,,,,,,,,,,,,,,,,,,,,1,,,,336456,BHD,sell,,,,,,1420,sqm,48,Janabiya,26.185943603515625,50.46711349487305,janabiya,AREA,Janabiya,4.48,,,,,,,6155,https://www.propertyfinder.bh/images/pf_agent/picture/9e7f4b5adb30a6be39ccf489dbc14a3639fa9698/desktop,,Mohamed Antar,m.antar@housemeonline.com,mohamed-antar,,,,,,English|Arabic,,,m.antar@housemeonline.com,7,House Me,"Office 21, Building 853, block 332, Manama, 3218, Capital Governorate, PO Box 0000",mohammed@housemeonline.com,+97339522370,house-me-7,,,,,,,,,,,,,,,,,,,,,,,,,,,,,,,,100,,,,,2026-06-05T09:09:08.616835+00:00,
53405339,53405339,For Sale Commercial Land In Arad,"For Sale: Commercial Land

Location: Arad

Area: 196.8 square meters

Zoning: RHB

Price per square foot: 35 Bahraini Dinars

Asking Price: 75,000 Bahraini Dinars
-----------------------------------------------------------------------------------
""Effects Real Estate"" is a leading real estate agency specialized in marketing and real estate consultancy in the Kingdom of Bahrain, providing various services to various categories in the real estate market, including individuals, institutions, banks, companies, ministries and government agencies.

Effects Real Estate"" is distinguished by its experience in the real estate field, as it has a qualified team of marketers and real estate consultants, who are fully familiar with the various requirements of the market, and it also has a wide database of various properties that meet the needs of customers in various regions.

",,,,commercial_sale,,,,,,,,,,,,,,,,,,,,1,,,,75000,BHD,sell,,,,,,196,sqm,65,Arad,26.25,50.650001525878906,arad,AREA,Arad,3.65,,,,,,,4763,https://www.propertyfinder.bh/images/pf_agent/picture/53fa03ecc27a46b320f97ae43220d2305d3d0880/desktop,,Hussain Al Mesbah,ahmed.effectsre@gmail.com,hussain-al-mesbah,,,,,,English|Arabic,,,ahmed.effectsre@gmail.com,796,Effects Services,"Office 42, Building 881, Manama, 3618, Capital Governorate, PO Box 0",anwarasaad77@gmail.com,+97339625454,effects-services-796,,,,,,,,,,,,,,,,,,,,,,,,,,,,,,,,100,,,,,2026-06-05T09:09:08.616835+00:00,
972446,972446,3 shops | 4 flats | Prime location ,"
 للبيـــع بنـاية تجارية في القضيبية مقابل سعد الدين 

شارع الزبارة 

- 3 محلات تجارية 
- 4 شقق من 5 غرف نوم 
- مساحة الارض 381 متر 
- مساحة البناء 1080 متر 
- عدادات كهرباء كاملة 
- الدخل الشهري 2,400 دينار بحريني 

- المطلوب 340000 دينار بحريني",,,,commercial_sale,,,,7+,7+,,,,YES,,,,,,,,,,,1,,,,340000,BHD,sell,,,,,,381,sqm,34,Manama,26.21666717529297,50.58333206176758,manama,AREA,Manama,5.34,,,,,,,6647,https://www.propertyfinder.bh/images/pf_agent/picture/738458e1c2e4bc60820d88244e5eaceb2005ab6e/desktop,,Ammar Zekrait,ammarzikrat@gmail.com,ammar-zekrait,,,,,,English|Arabic|Hindi,,,ammarzikrat@gmail.com,600,DAMAC REALESTATE ESTABLISHMENT,"Office 24, Building 1495, Tubli, 1127, Central Governorate, ",ammarzikrat@gmail.com,+97339922003,damac-realestate-establishment-600,,,,,,,,,,,,,,,,,,,,,,,,,,,,,,,,60,SE,SE,,,2026-06-05T09:09:08.616835+00:00,
933023,933023,"Commercial Building For Sale In Manama BD240,000","
Area: Manama 
Reference: (B004611)
Plot size (SQM): 185.4
Property type: building
Property classification: BR5

******************************************************************************

The Ideal thing about investing in Bahrain property is that the demand is always at a peak due to the nation’s small geographic surface area, an indication that property prices, in general, will always rise.


Why Grnata? Your decision to select Grnata as a licensed group of companies in the field of real estate will lead you to many benefits such as:

         Qualified consultants in the Bahrain market
         Study and analysis of the investment’s opportunity
         A group of professional teams that are able to provide all real estate services.

Grnata is the leading real estate company in the Kingdom of Bahrain. Grnata and as seen by observers of the movement of the real estate market has taken its place in the real estate market, knocked off the pioneer, and gained the confidence of the stakeholders in the nation.
",,,,commercial_sale,,,,7+,7+,,,,NO,,,,,,,,,,,3,,,,240000,BHD,sell,,,,,,185,sqm,34,Manama,26.21666717529297,50.58333206176758,manama,AREA,Manama,5.34,,,,,,,5725,https://www.propertyfinder.bh/images/pf_agent/picture/08751c1ff4dab71f3ca5f4994e7cf8fdbb97ba9e/desktop,,Mohammed AlHayki,mohammed.alhayki@grnata.com,mohammed-alhayki,,,,,,English|Arabic,,,mohammed.alhayki@grnata.com,670,Grnata,"Office 0, Building 0, Seef, 0, Capital Governorate, ",husain.jalil@grnata.com,+97337334334,grnata-670,,,,,,,,,,,,,,,,,,,,,,,,,,,,,,,,84,BA|SE,BA|SE,,,2026-06-05T09:09:08.616835+00:00,
864568,864568,Industrial land for sale 16 BD per foot - MADINAT KHALIFA/ ASKAR,"Area: MADINAT KHALIFA/ ASKAR
Reference: L012784
Plot size (SQM): 815.3
******************************************************************************

Manama is the capital and largest city in Bahrain with an approximate population of 200,000 as of the year 2020 statistics. Due to its strategic location, it is considered a home to a very diverse amount of population, foreigners, investors in addition to international firms and ministries. Therefore, Manama is currently facing high demand and low supply.
Why Grnata? Your decision to select Grnata as a licensed group of companies in the field of real estate will lead you to many benefits:

	Qualified consultants in the Bahrain market
	Modernized working methods to work accordingly in the real estate market. 
	Study and analysis of the investment’s opportunity
	Provision of all real estate services",,,,commercial_sale,,,,,,,,,,,,,,,,,,,,2,,,,100000,BHD,sell,,,,,,815,sqm,79,Askar,26.05678367614746,50.61648178100586,askar,AREA,Askar,1.79,,,,,,,4472,https://www.propertyfinder.bh/images/pf_agent/picture/c861b88091ab1a6eb5ccc103d90b86a3e69e14ff/desktop,,Ali Nooh,ali.nooh@grnata.com,ali-nooh,,,,,,English|Arabic,,,ali.nooh@grnata.com,670,Grnata,"Office 0, Building 0, Seef, 0, Capital Governorate, ",husain.jalil@grnata.com,+97337334334,grnata-670,,,,,,,,,,,,,,,,,,,,,,,,,,,,,,,,85,,,,,2026-06-05T09:09:08.616835+00:00,
929090,929090,LAND IN BU QAWAH,"Area: BU QUWAH
Reference:L013292
Plot size (SQM):310.7
Property type: LAND
Property classification: RA
******************************************************************************

The Ideal thing about investing in Bahrain property is that the demand is always at a peak due to the nation’s small geographic surface area, an indication that property prices, in general, will always rise.

Why Grnata? Your decision to select Grnata as a licensed group of companies in the field of real estate will lead you to many benefits such as:

	Qualified consultants in the Bahrain market
	Study and analysis of the investment’s opportunity
	A group of professional teams that are able to provide all real estate services.
Grnata is the leading real estate company in the Kingdom of Bahrain. Grnata and as seen by observers of the movement of the real estate market has taken its place in the real estate market, knocked off the pioneer, and gained the confidence of the stakeholders in the nation. 
",,,,commercial_sale,,,,,,,,,,,,,,,,,,,,2,,,,110000,BHD,sell,,,,,,310,sqm,91,Bu Quwah,26.202558517456055,50.519554138183594,bu-quwah,AREA,Bu Quwah,4.91,,,,,,,6285,https://www.propertyfinder.bh/images/pf_agent/picture/a89c08e11448072588eb9c527f6adb34c67e6d8a/desktop,,Manar Jasim,manar.jasim@grnata.com,manar-jasim,,,,,,English|Arabic,,,manar.jasim@grnata.com,670,Grnata,"Office 0, Building 0, Seef, 0, Capital Governorate, ",husain.jalil@grnata.com,+97337334334,grnata-670,,,,,,,,,,,,,,,,,,,,,,,,,,,,,,,,88,,,,,2026-06-05T09:09:08.616835+00:00,
840697,840697,Commercial land in Diyar Al Muharraq,"Area: Diyar Al Muharraq
Reference: L012517
Plot size (SQM): 640
******************************************************************************

Manama is the capital and largest city in Bahrain with an approximate population of 200,000 as of the year 2020 statistics. Due to its strategic location, it is considered a home to a very diverse amount of population, foreigners, investors in addition to international firms and ministries. Therefore, Manama is currently facing high demand and low supply.
Why Grnata? Your decision to select Grnata as a licensed group of companies in the field of real estate will lead you to many benefits:

	Qualified consultants in the Bahrain market
	Modernized working methods to work accordingly in the real estate market. 
	Study and analysis of the investment’s opportunity
	Provision of all real estate services",,,,commercial_sale,,,,,,,,,,,,,,,,,,,,2,,,,256183,BHD,sell,,,,,,680,sqm,129,Diyar Al Muharraq,26.31142234802246,50.64306640625,diyar-al-muharraq,COMMUNITY,Diyar Al Muharraq,3.129,,,,,,,4472,https://www.propertyfinder.bh/images/pf_agent/picture/c861b88091ab1a6eb5ccc103d90b86a3e69e14ff/desktop,,Ali Nooh,ali.nooh@grnata.com,ali-nooh,,,,,,English|Arabic,,,ali.nooh@grnata.com,670,Grnata,"Office 0, Building 0, Seef, 0, Capital Governorate, ",husain.jalil@grnata.com,+97337334334,grnata-670,,,,,,,,,,,,,,,,,,,,,,,,,,,,,,,,83,,,,,2026-06-05T09:09:08.616835+00:00,
954878,954878,Building sale | Shops | Apartments | good income ,"A high-end building with a good rental income located in Um Al Hassam Area – Kingdom of Bahrain. 
                                                                                                       
The building area: 930 square meters
Land area: 232.7 square meters

Monthly Rental Details as below:
Monthly rental income: 2,220 BD
Net monthly income: 2,000 BD

The building consists of:
3 commercial shops
12 apartments

Each apartment includes:
1 bedroom
1 living room
1 kitchen
1 bathroom
Selling price:
240,000 BD
..................................................................................................................
For inquiries, please contact us.
38800304 - 38800305",,,,commercial_sale,,,,7+,7+,,,,PARTLY,,,,,,,,,,,3,,,,240000,BHD,sell,,,,,,930,sqm,90,Um Al Hasam,26.203079223632812,50.594947814941406,manama-um-al-hasam,AREA,Um Al Hasam,5.34.90,,,,,,,5939,https://www.propertyfinder.bh/images/pf_agent/picture/79e6bf07c7930a5acbbf9462a8581abb9288d8fa/desktop,,Ebrahim Ali,Ebrahim@avantiworldbh.com,ebrahim-ali,,,,,,,,,Ebrahim@avantiworldbh.com,1041,Avanti World Real Estate,"Office 0, Building 0, Manama, 0, Capital Governorate, PO Box 0",amanyyusuf99@gmail.com,+97339812665,avanti-world-real-estate-1041,,,,,,,,,,,,,,,,,,,,,,,,,,,,,,,,87,AN|SE|LB,AN|SE|LB,,,2026-06-05T09:09:08.616835+00:00,
819595,819595,Commercial residential building for sale in Sitra,"Area: Sitra
Reference: B004439
Plot size (SQM): 356
Property type: Building
Property classification: Row housing Residential Areas -RHB

******************************************************************************

The Ideal thing about investing in Bahrain property is that the demand is always at a peak due to the nation’s small geographic surface area, an indication that property prices, in general, will always rise.

Why Grnata? Your decision to select Grnata as a licensed group of companies in the field of real estate will lead you to many benefits such as:

	Qualified consultants in the Bahrain market
	Study and analysis of the investment’s opportunity
	A group of professional teams that are able to provide all real estate services.
Grnata is the leading real estate company in the Kingdom of Bahrain. Grnata and as seen by observers of the movement of the real estate market has taken its place in the real estate market, knocked off the pioneer, and gained the confidence of the stakeholders in the nation.",,,,commercial_sale,,,,7+,7+,,,,NO,,,,,,,,,,,1,,,,190000,BHD,sell,,,,,,356,sqm,69,Sitra,26.162988662719727,50.6124267578125,sitra,AREA,Sitra,2.69,,,,,,,3784,https://www.propertyfinder.bh/images/pf_agent/picture/5474529c4be70e56faa0ef37f3d0f22cb975fb72/desktop,,Ahmed Salman,ahmed.salman@grnata.com,ahmed-salman,,,,,,English|Arabic,,,ahmed.salman@grnata.com,670,Grnata,"Office 0, Building 0, Seef, 0, Capital Governorate, ",husain.jalil@grnata.com,+97337334334,grnata-670,,,,,,,,,,,,,,,,,,,,,,,,,,,,,,,,90,SE,SE,,,2026-06-05T09:09:08.616835+00:00,
673279,673279,COMMERCIAL NEW BUILDING WITH SHOPS IN TUBLI,"Tubli is located in the east of Bahrain island and west of Sitra island. It is also situated next to the capital of Bahrain, Manama .

This Building  685.5 sqm Property Classification is RB with the Reference B003960 .


   The Building offers easy access into Manama, Jidd Ali , Isa town and more others , with the above locations being no more than 5 to 20 minutes’ drive away. The spacious location features the near following:

- Supermarket .
- Garages .
- hospitals .
- Gyms .
- clothing shops .
- Bakery .
- Restaurant .
- Cafes


Living in City allows you to be a few minutes’ drive away from all the major business districts and malls in Bahrain, which offer you a varied mix of shops, cafes, restaurants and entertainment.

This land is a unique opportunity not to be missed. Would you like to arrange for a viewing? Contact us at your earliest convenience and it would be our pleasure to show you the flat.",,,,commercial_sale,,,,6,6,,,,NO,,,,,,,,,,,3,,,,4000000,BHD,sell,,,,,,685,sqm,98,Tubli,26.188888549804688,50.54999923706055,tubli,AREA,Tubli,2.98,,,,,,,4937,https://www.propertyfinder.bh/images/pf_agent/picture/0b600c5407b83926df47fcb900a4cbc67114dffe/desktop,,Mohammed Alsari,mohamed.alsari@grnata.com,mohammed-alsari,,,,,,English|Arabic,,,mohamed.alsari@grnata.com,670,Grnata,"Office 0, Building 0, Seef, 0, Capital Governorate, ",husain.jalil@grnata.com,+97337334334,grnata-670,,,,,,,,,,,,,,,,,,,,,,,,,,,,,,,,100,BA,BA,,,2026-06-05T09:09:08.616835+00:00,
969224,969224,For sale《 commercial building 》in Aldiraz,"Nasser Real Estate Agency

Residential/commercial building for sale in Diraz
Price [300,000 dinars] - Land area [640.4 square meters] - Building area [1,800 square meters]

Monthly income [1,200 dinars]

Consists of:
3 floors - 12 apartments - 6 shops

Features/Remarks:
- Two streets (corner)
- Private parking
- Close to all services
To contact: Mohammed Khalid / 32033336
                                                                                                                                                                                                                                                                                                                                                                                                                .",,,,commercial_sale,,,,2,2,,,,YES,,,,,,,,,,,3,,,,300000,BHD,sell,,,,,,640,sqm,62,Diraz,26.220962524414062,50.46446990966797,diraz,AREA,Diraz,4.62,,,,,,,2974,https://www.propertyfinder.bh/images/pf_agent/picture/601b0dbdc2fb3d7ba11911361969e2c634904c34/desktop,,Zainab Mohammed,zainab@alahli.us,zainab-mohammed,,,,,,English|Arabic,,,zainab@alahli.us,183,Nasser Real Estate Agency,"Office 2, Building 97, Al Riffa, 13, Southern Governorate, PO Box 711",isa@alahli.us,+97317777743,nasser-real-estate-agency-183,,,,,,,,,,,,,,,,,,,,,,,,,,,,,,,,100,CP,CP,,,2026-06-05T09:09:08.616835+00:00,
844962,844962,Land for sale in Arad area private projects," Nasser Real Estate Agency
 for sale 《Land》
 Area : Arad
 Area :  38 x 65 (217.1 meters) front street and back street 
 Classification:  Special Projects (SP) Commercial
 Required : 36 dinars per foot 
 Total : 84,127 thousand dinars 
Contact : Mohammed Khaled / 32033336
                                                                                                                                                                                                                                                                                                                                                                                                                                                                                                              .",,,,commercial_sale,,,,,,,,,,,,,,,,,,,,1,,,,84127,BHD,sell,,,,,,217,sqm,65,Arad,26.25,50.650001525878906,arad,AREA,Arad,3.65,,,,,,,2974,https://www.propertyfinder.bh/images/pf_agent/picture/601b0dbdc2fb3d7ba11911361969e2c634904c34/desktop,,Zainab Mohammed,zainab@alahli.us,zainab-mohammed,,,,,,English|Arabic,,,zainab@alahli.us,183,Nasser Real Estate Agency,"Office 2, Building 97, Al Riffa, 13, Southern Governorate, PO Box 711",isa@alahli.us,+97317777743,nasser-real-estate-agency-183,,,,,,,,,,,,,,,,,,,,,,,,,,,,,,,,100,,,,,2026-06-05T09:09:08.616835+00:00,
51557357,51557357,Next to Bab al Bahrain manama souq,"For sale commercial building 

In the heart of Manama Market

Next to Bab Al Bahrain

Road and side road

Consist of 1 shop (2 doors)

3 residential flats of 2 bedrooms each

Land size 56.9 sqm

Net income BD 550

Full electricity meters 

Electricity and water in tenants
 
Asking price BD 82,000

Contact
39511511

Saray Homes Real Estate 

رRERA ID  B201803/0037 

‏ @saray_homes

—-

للبيع مبنى تجاري 
في قلب العاصمة (سوق المنامة)
عند باب البحرين مباشرة 

شارع وزاوية (ممر) 

يتكون من شترين ( محل )  
و٣ شقق سكنية من غرفتين

مساحة الارض 57 متر 
يقع على شارعين 

المدخول 550 دينار 
عدادات كاملة
 والكهرباء على المستأجرين
المطلوب 82,000 دينار 

للتواصل
39511511
سراي هومز العقارية
Saray Homes Real Estate 

رخصة عقارية رقم B201803/0037 

‏ @saray_homes",,,,commercial_sale,,,,6,6,,,,NO,,,,,,,,,,,3,,,,82000,BHD,sell,,,,,,57,sqm,123,Manama Souq,26.230899810791016,50.57709884643555,manama-manama-souq,COMMUNITY,Manama Souq,5.34.123,,,,,,,7534,,,Mohamed Mirza,mohd@saray-homes.com,mohamed-mirza,,,,,,,,,mohd@saray-homes.com,1269,Saray Homes,"Office 393, Building 203, Al Muharraq, 507, Muharraq Governorate, PO Box 2221",mohd@saray-homes.com,+97339511511,saray-homes-v2-1269,,,,,,,,,,,,,,,,,,,,,,,,,,,,,,,,85,AN,AN,,,2026-06-05T09:09:08.616835+00:00,
53113224,53113224,An investment opportunity with a good return,"Exclusive Investment Opportunity in Buri Area
Looking for a stable investment with guaranteed returns? Here's the perfect opportunity for you!

Investment Building for Sale

Number of Units: 21 fully leased studios

Total Monthly Income: 2,000 Bahraini Dinars

Monthly Expenses: 500 Bahraini Dinars (including maintenance, taxes, and other costs)

Net Monthly Income: 1,500 Bahraini Dinars

Asking Price: 150,000 Bahraini Dinars

Annual Net Return:

Net Monthly Income: 1,500 Bahraini Dinars

Annual Net Income: 18,000 Bahraini Dinars

Location: Buri Area – one of the most promising investment areas in Bahrain.

Key Benefits:

Fully leased building ensuring stable and consistent income.

Prime location close to all essential services and facilities.

Ideal opportunity for generating passive income with excellent returns.

For inquiries and more details:",,,,commercial_sale,,,,7+,7+,,,,PARTLY,,,,,,,,,,,3,,,,150000,BHD,sell,,,,,,408,sqm,36,Buri,26.14974594116211,50.50010299682617,buri,AREA,Buri,4.36,,,,,,,4578,https://www.propertyfinder.bh/images/pf_agent/picture/00cceddd22cd755a2a9eecb6817e92c6207b657f/desktop,,Ali Alkhunaizi,Yes.realestate.bh@gmail.com,ali-alkhunaizi,,,,,,English|Arabic|Hindi|Persian/Farsi,,,Yes.realestate.bh@gmail.com,762,Yes Real Estate,"Office 0, Building 0, Manama, 0, Capital Governorate, PO Box 0",yes.realestate.bh@gmail.com,+97335012030,yes-real-estate-762,,,,,,,,,,,,,,,,,,,,,,,,,,,,,,,,89,BA|AN,BA|AN,,,2026-06-05T09:09:08.616835+00:00,
53405268,53405268,Industrial Commercial Building For Sale In Tubli,"For Sale: Light Industrial Commercial Building

Location: Tubli

Building Specifications:

Land Area: 1,048 sqm

Built-up Area: [Not specified]

Floors: 3

Building Details:

6 Industrial Workshops

6 Commercial Shops

4 Labor Accommodation Apartments

(Each with 3 Bedrooms / 3 Bathrooms / Kitchen)

Gym Facility (Area: 450 sqm)

2 Office Apartments

(Each with 2 Bedrooms / 1 Bathroom / Living Room / Kitchen)

1 Studio Apartment

Additional Features:

Located in a Busy Industrial Area

Monthly Income: BHD 4,300
Price: BHD 620,000
-----------------------------------------------------------------------------------
""Effects Real Estate"" is a leading real estate agency specialized in marketing and real estate consultancy in the Kingdom of Bahrain, providing various services to various categories in the real estate market, including individuals, institutions, banks, companies, ministries and government agencies.

Effects Real Estate"" is distinguished by its experience in the real estate field, as it has a qualified team of marketers and real estate consultants, who are fully familiar with the various requirements of the market, and it also has a wide database of various properties that meet the needs of customers in various regions.",,,,commercial_sale,,,,4,4,,,,YES,,,,,,,,,,,1,,,,620000,BHD,sell,,,,,,1048,sqm,98,Tubli,26.188888549804688,50.54999923706055,tubli,AREA,Tubli,2.98,,,,,,,4763,https://www.propertyfinder.bh/images/pf_agent/picture/53fa03ecc27a46b320f97ae43220d2305d3d0880/desktop,,Hussain Al Mesbah,ahmed.effectsre@gmail.com,hussain-al-mesbah,,,,,,English|Arabic,,,ahmed.effectsre@gmail.com,796,Effects Services,"Office 42, Building 881, Manama, 3618, Capital Governorate, PO Box 0",anwarasaad77@gmail.com,+97339625454,effects-services-796,,,,,,,,,,,,,,,,,,,,,,,,,,,,,,,,90,SY,SY,,,2026-06-05T09:09:08.616835+00:00,
916542,916542,Land suitable for different activity 141 K,"Area: Al-HAJAR  
Reference: (L013210)
Plot size (SQM): 505.3
Property type: Land  
Property classification: B3

******************************************************************************

The Ideal thing about investing in Bahrain property is that the demand is always at a peak due to the nation’s small geographic surface area, an indication that property prices, in general, will always rise.


Why Grnata? Your decision to select Grnata as a licensed group of companies in the field of real estate will lead you to many benefits such as:

         Qualified consultants in the Bahrain market
         Study and analysis of the investment’s opportunity
         A group of professional teams that are able to provide all real estate services.

Grnata is the leading real estate company in the Kingdom of Bahrain. Grnata and as seen by observers of the movement of the real estate market has taken its place in the real estate market, knocked off the pioneer, and gained the confidence of the stakeholders in the nation.
",,,,commercial_sale,,,,,,,,,,,,,,,,,,,,2,,,,141000000,BHD,sell,,,,,,505,sqm,285,Al Hajar,26.21320915222168,50.512962341308594,al-hajar,AREA,Al Hajar,4.285,,,,,,,4468,https://www.propertyfinder.bh/images/pf_agent/picture/56ada1a8d6ce6ebec9fe844aa2c6f08e729e1a45/desktop,,Mohamed Jameel,Mohamed.jameel@grnata.com,mohamed-jameel,,,,,,English|Arabic,,,Mohamed.jameel@grnata.com,670,Grnata,"Office 0, Building 0, Seef, 0, Capital Governorate, ",husain.jalil@grnata.com,+97337334334,grnata-670,,,,,,,,,,,,,,,,,,,,,,,,,,,,,,,,100,,,,,2026-06-05T09:09:08.616835+00:00,
52116923,52116923,An investment opportunity with a good return,"Exclusive Investment Opportunity in Buri Area
Looking for a stable investment with guaranteed returns? Here's the perfect opportunity for you!

Investment Building for Sale

Number of Units: 21 fully leased studios

Total Monthly Income: 2,000 Bahraini Dinars

Monthly Expenses: 500 Bahraini Dinars (including maintenance, taxes, and other costs)

Net Monthly Income: 1,500 Bahraini Dinars

Asking Price: 150,000 Bahraini Dinars

Annual Net Return:

Net Monthly Income: 1,500 Bahraini Dinars

Annual Net Income: 18,000 Bahraini Dinars

Location: Buri Area – one of the most promising investment areas in Bahrain.

Key Benefits:

Fully leased building ensuring stable and consistent income.

Prime location close to all essential services and facilities.

Ideal opportunity for generating passive income with excellent returns.

For inquiries and more details:",,,,commercial_sale,,,,7+,7+,,,,PARTLY,,,,,,,,,,,3,,,,150000,BHD,sell,,,,,,408,sqm,36,Buri,26.14974594116211,50.50010299682617,buri,AREA,Buri,4.36,,,,,,,4578,https://www.propertyfinder.bh/images/pf_agent/picture/00cceddd22cd755a2a9eecb6817e92c6207b657f/desktop,,Ali Alkhunaizi,Yes.realestate.bh@gmail.com,ali-alkhunaizi,,,,,,English|Arabic|Hindi|Persian/Farsi,,,Yes.realestate.bh@gmail.com,762,Yes Real Estate,"Office 0, Building 0, Manama, 0, Capital Governorate, PO Box 0",yes.realestate.bh@gmail.com,+97335012030,yes-real-estate-762,,,,,,,,,,,,,,,,,,,,,,,,,,,,,,,,89,BA|AN,BA|AN,,,2026-06-05T09:09:08.616835+00:00,
52012406,52012406,An investment opportunity with a good return,"Exclusive Investment Opportunity in Buri Area
Looking for a stable investment with guaranteed returns? Here's the perfect opportunity for you!

Investment Building for Sale

Number of Units: 21 fully leased studios

Total Monthly Income: 2,000 Bahraini Dinars

Monthly Expenses: 500 Bahraini Dinars (including maintenance, taxes, and other costs)

Net Monthly Income: 1,500 Bahraini Dinars

Asking Price: 150,000 Bahraini Dinars

Annual Net Return:

Net Monthly Income: 1,500 Bahraini Dinars

Annual Net Income: 18,000 Bahraini Dinars

Location: Buri Area – one of the most promising investment areas in Bahrain.

Key Benefits:

Fully leased building ensuring stable and consistent income.

Prime location close to all essential services and facilities.

Ideal opportunity for generating passive income with excellent returns.

For inquiries and more details:",,,,commercial_sale,,,,7+,7+,,,,PARTLY,,,,,,,,,,,3,,,,150000,BHD,sell,,,,,,408,sqm,36,Buri,26.14974594116211,50.50010299682617,buri,AREA,Buri,4.36,,,,,,,4578,https://www.propertyfinder.bh/images/pf_agent/picture/00cceddd22cd755a2a9eecb6817e92c6207b657f/desktop,,Ali Alkhunaizi,Yes.realestate.bh@gmail.com,ali-alkhunaizi,,,,,,English|Arabic|Hindi|Persian/Farsi,,,Yes.realestate.bh@gmail.com,762,Yes Real Estate,"Office 0, Building 0, Manama, 0, Capital Governorate, PO Box 0",yes.realestate.bh@gmail.com,+97335012030,yes-real-estate-762,,,,,,,,,,,,,,,,,,,,,,,,,,,,,,,,89,BA|AN,BA|AN,,,2026-06-05T09:09:08.616835+00:00,
890869,890869,Investment land for sale in prime location Seef,"We have many other options within Seef, Sanabis, Manama and all over Bahrain",,,,commercial_sale,,,,,,,,,,,,,,,,,,,,3,,,,486726,BHD,sell,,,,,,983,sqm,37,Seef,26.239999771118164,50.5369987487793,seef,AREA,Seef,5.37,,,,,,,1649,https://www.propertyfinder.bh/images/pf_agent/picture/bfbb5ac8cbb333dfdbcd2f281296a02ceb573184/desktop,,Maytham Alhayki,m@maytham.co,maytham-alhayki,,,,,,English|Arabic,,,m@maytham.co,238,Maytham Alhayki Real Estate,"Office 21, Building 962, Sanabis, 838, Capital Governorate, ",m@maytham.co,+97339441166,maytham-alhayki-real-estate-238,,,,,,,,,,,,,,,,,,,,,,,,,,,,,,,,71,,,,,2026-06-05T09:09:08.616835+00:00,
51798929,51798929,For Sale Investment land in Mahooz Area - B4,"Area: Mahooz 
Reference: LA010629
Plot size (SQM):663.200
Property type: Land
Property classification: B4
******************************************************************************

The Ideal thing about investing in Bahrain property is that the demand is always at a peak due to the nation’s small geographic surface area, an indication that property prices, in general, will always rise.

Why Grnata? Your decision to select Grnata as a licensed group of companies in the field of real estate will lead you to many benefits such as:

	Qualified consultants in the Bahrain market
	Study and analysis of the investment’s opportunity
	A group of professional teams that are able to provide all real estate services.
Grnata is the leading real estate company in the Kingdom of Bahrain. Grnata and as seen by observers of the movement of the real estate market has taken its place in the real estate market, knocked off the pioneer, and gained the confidence of the stakeholders in the nation.",,,,commercial_sale,,,,,,,,,,,,,,,,,,,,2,,,,306963,BHD,sell,,,,,,663,sqm,77,Mahooz,26.207910537719727,50.587345123291016,manama-mahooz,AREA,Mahooz,5.34.77,,,,,,,4467,https://www.propertyfinder.bh/images/pf_agent/picture/d182fe9a4895d4fc73fc63a6fbe4206781787c93/desktop,,Sayed Hasan Alhulaibi,s.hasan.alhulaibi@grnata.com,sayed-hasan-alhulaibi,,,,,,English|Arabic,,,s.hasan.alhulaibi@grnata.com,670,Grnata,"Office 0, Building 0, Seef, 0, Capital Governorate, ",husain.jalil@grnata.com,+97337334334,grnata-670,,,,,,,,,,,,,,,,,,,,,,,,,,,,,,,,100,,,,,2026-06-05T09:09:08.616835+00:00,
52880887,52880887,Industrial Land for Sale in Salmabad – Strategic,"A great opportunity to own industrial land in the well-established area of Salmabad, known as one of the key industrial hubs in Bahrain. The property offers a strategic location with easy access to main roads and surrounding areas, making it ideal for industrial or commercial use. The land spans 900 square meters and is classified as LD, allowing flexibility for various business activities. The area benefits from strong infrastructure and proximity to logistics and service facilities, ensuring efficient operations. With increasing demand for industrial land in Salmabad, this property represents a valuable long-term investment. Priced at 35 BHD per square foot, with a total of 339,000 BHD, it is a competitive opportunity in a prime industrial location.",,,,commercial_sale,,,,,,,,,,,,,,,,,,,,1,,,,330000,BHD,sell,,,,,,900,sqm,6,Salmabad,26.183332443237305,50.516666412353516,salmabad,AREA,Salmabad,2.6,,,,,,,7658,https://www.propertyfinder.bh/images/pf_agent/picture/ea5813e1190d753daeacfcf43a679d882faea54f/desktop,,Ali Salah,Ali.Salah@askre.com,ali-salah,,,,,,English|Arabic,,,Ali.Salah@askre.com,135,ASK Real Estate,"Office Floor 8, Suite 2, Building GFH Tower, Manama, Bahrain Harbour, Capital Governorate, ",sara.ali@askre.com,+97336111323,ask-real-estate-135,,,,,,,,,,,,,,,,,,,,,,,,,,,,,,,,100,,,,,2026-06-05T09:09:08.616835+00:00,
902351,902351,Luxury Fully Furnished Office In Seef !!,"For Sale : 
A very Spacious FF Administrative Office located in Seef 
Very Elegant & Luxury ! 

For more Details and Pictures Kindly contact us !! 


Do you have a specific property requirement that you cannot find here? Or one that you would like to list discreetly or here?
Call us; We would be delighted to assist in selling, leasing, and/or managing your properties.
With over 20 years of experience, we at Maytham Alhayki Real Estate are committed to providing holistic solutions for all our Clients’ real estate needs. Our bespoke services include:
Sales and Letting of Residential, Investment and Commercial Properties, and Lands
Investment and Residential Consultancy, Property Management and Financing Solutions
Property Valuation and best use consultancy
One stop shop for; Interior Design, architecture and construction services.

Actual property may differ from the photographs posted, and information listed are subject to change without prior notice",,,,commercial_sale,,,,none,none,,,,YES,,,,,,,,,,,3,,,,749500,BHD,sell,,,,,,540,sqm,37,Seef,26.239999771118164,50.5369987487793,seef,AREA,Seef,5.37,,,,,,,1649,https://www.propertyfinder.bh/images/pf_agent/picture/bfbb5ac8cbb333dfdbcd2f281296a02ceb573184/desktop,,Maytham Alhayki,m@maytham.co,maytham-alhayki,,,,,,English|Arabic,,,m@maytham.co,238,Maytham Alhayki Real Estate,"Office 21, Building 962, Sanabis, 838, Capital Governorate, ",m@maytham.co,+97339441166,maytham-alhayki-real-estate-238,,,,,,,,,,,,,,,,,,,,,,,,,,,,,,,,70,BA,BA,,,2026-06-05T09:09:08.616835+00:00,
973043,973043,LD Land for sale in Tubli 1531 sqm ,"Area: Tubli
Reference:L013475
Plot size (SQM): 1531 sqm
Property type: Land
Property classification: LD
******************************************************************************

The Ideal thing about investing in Bahrain property is that the demand is always at a peak due to the nation’s small geographic surface area, an indication that property prices, in general, will always rise.

Why Grnata? Your decision to select Grnata as a licensed group of companies in the field of real estate will lead you to many benefits such as:

	Qualified consultants in the Bahrain market
	Study and analysis of the investment’s opportunity
	A group of professional teams that are able to provide all real estate services.
Grnata is the leading real estate company in the Kingdom of Bahrain. Grnata and as seen by observers of the movement of the real estate market has taken its place in the real estate market, knocked off the pioneer, and gained the confidence of the stakeholders in the nation. 
",,,,commercial_sale,,,,,,,,,,,,,,,,,,,,2,,,,379032,BHD,sell,,,,,,1531,sqm,98,Tubli,26.188888549804688,50.54999923706055,tubli,AREA,Tubli,2.98,,,,,,,3792,https://www.propertyfinder.bh/images/pf_agent/picture/abbe9b8f510d40e0dfc0092a880da70c2e1d424d/desktop,,Sayed Mohamed Adnan,s.mohamed.adnan@grnata.com,sayed-mohamed-adnan,,,,,,English|Arabic,,,s.mohamed.adnan@grnata.com,670,Grnata,"Office 0, Building 0, Seef, 0, Capital Governorate, ",husain.jalil@grnata.com,+97337334334,grnata-670,,,,,,,,,,,,,,,,,,,,,,,,,,,,,,,,100,,,,,2026-06-05T09:09:08.616835+00:00,
978317,978317,Commercial land in sitra 1643 sqm,"Area: Sitra
Reference:L009061
Plot size (SQM):1643 sqm
Property type: Land
Property classification:COM
******************************************************************************

The Ideal thing about investing in Bahrain property is that the demand is always at a peak due to the nation’s small geographic surface area, an indication that property prices, in general, will always rise.

Why Grnata? Your decision to select Grnata as a licensed group of companies in the field of real estate will lead you to many benefits such as:

	Qualified consultants in the Bahrain market
	Study and analysis of the investment’s opportunity
	A group of professional teams that are able to provide all real estate services.
Grnata is the leading real estate company in the Kingdom of Bahrain. Grnata and as seen by observers of the movement of the real estate market has taken its place in the real estate market, knocked off the pioneer, and gained the confidence of the stakeholders in the nation.",,,,commercial_sale,,,,none,none,,,,,,,,,,,,,,,2,,,,707410,BHD,sell,,,,,,1643,sqm,69,Sitra,26.162988662719727,50.6124267578125,sitra,AREA,Sitra,2.69,,,,,,,3792,https://www.propertyfinder.bh/images/pf_agent/picture/abbe9b8f510d40e0dfc0092a880da70c2e1d424d/desktop,,Sayed Mohamed Adnan,s.mohamed.adnan@grnata.com,sayed-mohamed-adnan,,,,,,English|Arabic,,,s.mohamed.adnan@grnata.com,670,Grnata,"Office 0, Building 0, Seef, 0, Capital Governorate, ",husain.jalil@grnata.com,+97337334334,grnata-670,,,,,,,,,,,,,,,,,,,,,,,,,,,,,,,,100,,,,,2026-06-05T09:09:08.616835+00:00,
978314,978314,Land for sale in Asker 453.5 sqm,"Area: Asker 
Reference : L007485
Plot size (SQM): 453.5
Property type: Land
Property classification: WS
******************************************************************************

The Ideal thing about investing in Bahrain property is that the demand is always at a peak due to the nation’s small geographic surface area, an indication that property prices, in general, will always rise.

Why Grnata? Your decision to select Grnata as a licensed group of companies in the field of real estate will lead you to many benefits such as:

	Qualified consultants in the Bahrain market
	Study and analysis of the investment’s opportunity
	A group of professional teams that are able to provide all real estate services.
Grnata is the leading real estate company in the Kingdom of Bahrain. Grnata and as seen by observers of the movement of the real estate market has taken its place in the real estate market, knocked off the pioneer, and gained the confidence of the stakeholders in the nations",,,,commercial_sale,,,,none,none,,,,,,,,,,,,,,,2,,,,87866,BHD,sell,,,,,,453,sqm,79,Askar,26.05678367614746,50.61648178100586,askar,AREA,Askar,1.79,,,,,,,3792,https://www.propertyfinder.bh/images/pf_agent/picture/abbe9b8f510d40e0dfc0092a880da70c2e1d424d/desktop,,Sayed Mohamed Adnan,s.mohamed.adnan@grnata.com,sayed-mohamed-adnan,,,,,,English|Arabic,,,s.mohamed.adnan@grnata.com,670,Grnata,"Office 0, Building 0, Seef, 0, Capital Governorate, ",husain.jalil@grnata.com,+97337334334,grnata-670,,,,,,,,,,,,,,,,,,,,,,,,,,,,,,,,100,,,,,2026-06-05T09:09:08.616835+00:00,
978318,978318,Commercial land for sale in sitra 916.7 sqm,"Area: Sitra
Reference: L009315
Plot size (SQM): 916.7
Property type: Land
Property classification:LD
******************************************************************************

The Ideal thing about investing in Bahrain property is that the demand is always at a peak due to the nation’s small geographic surface area, an indication that property prices, in general, will always rise.

Why Grnata? Your decision to select Grnata as a licensed group of companies in the field of real estate will lead you to many benefits such as:

	Qualified consultants in the Bahrain market
	Study and analysis of the investment’s opportunity
	A group of professional teams that are able to provide all real estate services.
Grnata is the leading real estate company in the Kingdom of Bahrain. Grnata and as seen by observers of the movement of the real estate market has taken its place in the real estate market, knocked off the pioneer, and gained the confidence of the stakeholders in the nation.",,,,commercial_sale,,,,none,none,,,,,,,,,,,,,,,2,,,,217081,BHD,sell,,,,,,916,sqm,69,Sitra,26.162988662719727,50.6124267578125,sitra,AREA,Sitra,2.69,,,,,,,3792,https://www.propertyfinder.bh/images/pf_agent/picture/abbe9b8f510d40e0dfc0092a880da70c2e1d424d/desktop,,Sayed Mohamed Adnan,s.mohamed.adnan@grnata.com,sayed-mohamed-adnan,,,,,,English|Arabic,,,s.mohamed.adnan@grnata.com,670,Grnata,"Office 0, Building 0, Seef, 0, Capital Governorate, ",husain.jalil@grnata.com,+97337334334,grnata-670,,,,,,,,,,,,,,,,,,,,,,,,,,,,,,,,100,,,,,2026-06-05T09:09:08.616835+00:00,
978315,978315,Land for sale in Askar 453.5 sqm,"Area:Askar
Reference:L008521
Plot size (SQM):453.5 sqm
Property type: Land
Property classification: WS
******************************************************************************

The Ideal thing about investing in Bahrain property is that the demand is always at a peak due to the nation’s small geographic surface area, an indication that property prices, in general, will always rise.

Why Grnata? Your decision to select Grnata as a licensed group of companies in the field of real estate will lead you to many benefits such as:

	Qualified consultants in the Bahrain market
	Study and analysis of the investment’s opportunity
	A group of professional teams that are able to provide all real estate services.
Grnata is the leading real estate company in the Kingdom of Bahrain. Grnata and as seen by observers of the movement of the real estate market has taken its place in the real estate market, knocked off the pioneer, and gained the confidence of the stakeholders in the nation.",,,,commercial_sale,,,,none,none,,,,,,,,,,,,,,,2,,,,80000,BHD,sell,,,,,,453,sqm,79,Askar,26.05678367614746,50.61648178100586,askar,AREA,Askar,1.79,,,,,,,3792,https://www.propertyfinder.bh/images/pf_agent/picture/abbe9b8f510d40e0dfc0092a880da70c2e1d424d/desktop,,Sayed Mohamed Adnan,s.mohamed.adnan@grnata.com,sayed-mohamed-adnan,,,,,,English|Arabic,,,s.mohamed.adnan@grnata.com,670,Grnata,"Office 0, Building 0, Seef, 0, Capital Governorate, ",husain.jalil@grnata.com,+97337334334,grnata-670,,,,,,,,,,,,,,,,,,,,,,,,,,,,,,,,100,,,,,2026-06-05T09:09:08.616835+00:00,
712721,712721,Top Investment Opportunity - Building in samaheej,"Area: Samaheej
Reference: B004140
Plot size (SQM): 226
******************************************************************************

Manama is the capital and largest city in Bahrain with an approximate population of 200,000 as of the year 2020 statistics. Due to its strategic location, it is considered a home to a very diverse amount of population, foreigners, investors in addition to international firms and ministries. Therefore, Manama is currently facing high demand and low supply.
Why Grnata? Your decision to select Grnata as a licensed group of companies in the field of real estate will lead you to many benefits:

	Qualified consultants in the Bahrain market
	Modernized working methods to work accordingly in the real estate market. 
	Study and analysis of the investment’s opportunity
	Provision of all real estate services",,,,commercial_sale,,,,3,3,,,,NO,,,,,,,,,,,3,,,,135000,BHD,sell,,,,,,226,sqm,27,Samaheej,26.28297996520996,50.633480072021484,samaheej,AREA,Samaheej,3.27,,,,,,,4472,https://www.propertyfinder.bh/images/pf_agent/picture/c861b88091ab1a6eb5ccc103d90b86a3e69e14ff/desktop,,Ali Nooh,ali.nooh@grnata.com,ali-nooh,,,,,,English|Arabic,,,ali.nooh@grnata.com,670,Grnata,"Office 0, Building 0, Seef, 0, Capital Governorate, ",husain.jalil@grnata.com,+97337334334,grnata-670,,,,,,,,,,,,,,,,,,,,,,,,,,,,,,,,75,SE,SE,,,2026-06-05T09:09:08.616835+00:00,
1002711,1002711,Building for sale in Al Hoora,"Area: Hoora
Reference: BU001344
Plot size (SQM): 102m
Property type: Building
Property classification: BR5
******************************************************************************

The Ideal thing about investing in Bahrain property is that the demand is always at a peak due to the nation’s small geographic surface area, an indication that property prices, in general, will always rise.

Why Grnata? Your decision to select Grnata as a licensed group of companies in the field of real estate will lead you to many benefits such as:

	Qualified consultants in the Bahrain market
	Study and analysis of the investment’s opportunity
	A group of professional teams that are able to provide all real estate services.
Grnata is the leading real estate company in the Kingdom of Bahrain. Grnata and as seen by observers of the movement of the real estate market has taken its place in the real estate market, knocked off the pioneer, and gained the confidence of the stakeholders in the nation.",,,,commercial_sale,,,,4,4,,,,YES,,,,,,,,,,,2,,,,150000,BHD,sell,,,,,,102,sqm,14,Hoora,26.23387908935547,50.5939826965332,hoora,AREA,Hoora,5.14,,,,,,,5053,https://www.propertyfinder.bh/images/pf_agent/picture/27ef6437305c89e73800d68ad7a2c94dfccf37a9/desktop,,Ali AlMahafdha,s.ali.almahafdha@grnata.com,ali-almahafdha,,,,,,English|Arabic,,,s.ali.almahafdha@grnata.com,670,Grnata,"Office 0, Building 0, Seef, 0, Capital Governorate, ",husain.jalil@grnata.com,+97337334334,grnata-670,,,,,,,,,,,,,,,,,,,,,,,,,,,,,,,,82,SE|AN,SE|AN,,,2026-06-05T09:09:08.616835+00:00,
52462504,52462504,Industrial land for sale in Salmabad Area,"Area: Salmabad
Reference:LA010814
Plot size (SQM):1060.4
Property type: Land 
Property classification: LD
******************************************************************************

The Ideal thing about investing in Bahrain property is that the demand is always at a peak due to the nation’s small geographic surface area, an indication that property prices, in general, will always rise.

Why Grnata? Your decision to select Grnata as a licensed group of companies in the field of real estate will lead you to many benefits such as:

	Qualified consultants in the Bahrain market
	Study and analysis of the investment’s opportunity
	A group of professional teams that are able to provide all real estate services.
Grnata is the leading real estate company in the Kingdom of Bahrain. Grnata and as seen by observers of the movement of the real estate market has taken its place in the real estate market, knocked off the pioneer, and gained the confidence of the stakeholders in the nation.",,,,commercial_sale,,,,,,,,,,,,,,,,,,,,2,,,,250000,BHD,sell,,,,,,1060,sqm,6,Salmabad,26.183332443237305,50.516666412353516,salmabad,AREA,Salmabad,2.6,,,,,,,4467,https://www.propertyfinder.bh/images/pf_agent/picture/d182fe9a4895d4fc73fc63a6fbe4206781787c93/desktop,,Sayed Hasan Alhulaibi,s.hasan.alhulaibi@grnata.com,sayed-hasan-alhulaibi,,,,,,English|Arabic,,,s.hasan.alhulaibi@grnata.com,670,Grnata,"Office 0, Building 0, Seef, 0, Capital Governorate, ",husain.jalil@grnata.com,+97337334334,grnata-670,,,,,,,,,,,,,,,,,,,,,,,,,,,,,,,,100,,,,,2026-06-05T09:09:08.616835+00:00,
932809,932809,"Commercial  Land in Al Sayah, Best Place For Sale","


Area: al Sayah 
Reference:L013426
Plot size (SQM):1,703.200
Property type: Land
Property classification: BC
******************************************************************************

The Ideal thing about investing in Bahrain property is that the demand is always at a peak due to the nation’s small geographic surface area, an indication that property prices, in general, will always rise.

Why Grnata? Your decision to select Grnata as a licensed group of companies in the field of real estate will lead you to many benefits such as:

 Qualified consultants in the Bahrain market
 Study and analysis of the investment’s opportunity
 A group of professional teams that are able to provide all real estate services.
Grnata is the leading real estate company in the Kingdom of Bahrain. Grnata and as seen by observers of the movement of the real estate market has taken its place in the real estate market, knocked off the pioneer, and gained the confidence of the stakeholders in the nation.",,,,commercial_sale,,,,,,,,,,,,,,,,,,,,2,,,,366664,BHD,sell,,,,,,1703,sqm,96,Busaiteen,26.27199935913086,50.60900115966797,busaiteen,AREA,Busaiteen,3.96,,,,,,,4467,https://www.propertyfinder.bh/images/pf_agent/picture/d182fe9a4895d4fc73fc63a6fbe4206781787c93/desktop,,Sayed Hasan Alhulaibi,s.hasan.alhulaibi@grnata.com,sayed-hasan-alhulaibi,,,,,,English|Arabic,,,s.hasan.alhulaibi@grnata.com,670,Grnata,"Office 0, Building 0, Seef, 0, Capital Governorate, ",husain.jalil@grnata.com,+97337334334,grnata-670,,,,,,,,,,,,,,,,,,,,,,,,,,,,,,,,100,,,,,2026-06-05T09:09:08.616835+00:00,
948340,948340,Shaikh Abdulla Building,"Building at Shaikh Abdulla Road at Manama Souq, 

4 floors Building with 14 Flats, 7 shops and 5 stores
11 flats ( Two bedrooms and living room, bathroom, kitchen)
1 Flat ( Three bedrooms, living room, bathroom, kitchen)
1 Flat ( one bedrooms, living room, bathroom, kitchen)


",,,,commercial_sale,,,,7+,7+,,,,,,,,,,,,,,,3,,,,620000,BHD,sell,,,,,,347,sqm,123,Manama Souq,26.230899810791016,50.57709884643555,manama-manama-souq,COMMUNITY,Manama Souq,5.34.123,,,,,,,6990,,,Hassan Al Saffar,hassan@jallawi.com,hassan-al-saffar,,,,,,,,,hassan@jallawi.com,1187,ALJALLAWI PROPERTIES,"Office 328, Building 271, Manama, 363, Capital Governorate, ",sharif@gsaoa.com,+97336736757,aljallawi-properties-1187,,,,,,,,,,,,,,,,,,,,,,,,,,,,,,,,77,,,,,2026-06-05T09:09:08.616835+00:00,
928547,928547,commercial land for sale 528 sqm,"Area: Jid Ali
Reference: L012990
Plot size (SQM): 528.6 sqm
Property type: land
Property classification: RB
******************************************************************************

The Ideal thing about investing in Bahrain property is that the demand is always at a peak due to the nation’s small geographic surface area, an indication that property prices, in general, will always rise.

Why Grnata? Your decision to select Grnata as a licensed group of companies in the field of real estate will lead you to many benefits such as:

	Qualified consultants in the Bahrain market
	Study and analysis of the investment’s opportunity
	A group of professional teams that are able to provide all real estate services.
Grnata is the leading real estate company in the Kingdom of Bahrain. Grnata and as seen by observers of the movement of the real estate market has taken its place in the real estate market, knocked off the pioneer, and gained the confidence of the stakeholders in the nation. 
",,,,commercial_sale,,,,,,,,,,,,,,,,,,,,2,,,,312941,BHD,sell,,,,,,528,sqm,53,Jid Ali,26.179166793823242,50.56222152709961,jid-ali,AREA,Jid Ali,2.53,,,,,,,3792,https://www.propertyfinder.bh/images/pf_agent/picture/abbe9b8f510d40e0dfc0092a880da70c2e1d424d/desktop,,Sayed Mohamed Adnan,s.mohamed.adnan@grnata.com,sayed-mohamed-adnan,,,,,,English|Arabic,,,s.mohamed.adnan@grnata.com,670,Grnata,"Office 0, Building 0, Seef, 0, Capital Governorate, ",husain.jalil@grnata.com,+97337334334,grnata-670,,,,,,,,,,,,,,,,,,,,,,,,,,,,,,,,100,,,,,2026-06-05T09:09:08.616835+00:00,
978316,978316,Land for sale in Ras Zwayed,"Area: Ras Zwayed
Reference:L008764
Plot size (SQM):1024
Property type: Land
Property classification: LD
******************************************************************************

The Ideal thing about investing in Bahrain property is that the demand is always at a peak due to the nation’s small geographic surface area, an indication that property prices, in general, will always rise.

Why Grnata? Your decision to select Grnata as a licensed group of companies in the field of real estate will lead you to many benefits such as:

	Qualified consultants in the Bahrain market
	Study and analysis of the investment’s opportunity
	A group of professional teams that are able to provide all real estate services.
Grnata is the leading real estate company in the Kingdom of Bahrain. Grnata and as seen by observers of the movement of the real estate market has taken its place in the real estate market, knocked off the pioneer, and gained the confidence of the stakeholders in the nation.",,,,commercial_sale,,,,none,none,,,,,,,,,,,,,,,2,,,,170846,BHD,sell,,,,,,1024,sqm,269,Ras Zuwayed,26.085487365722656,50.61517333984375,ras-zuwayed,AREA,Ras Zuwayed,1.269,,,,,,,3792,https://www.propertyfinder.bh/images/pf_agent/picture/abbe9b8f510d40e0dfc0092a880da70c2e1d424d/desktop,,Sayed Mohamed Adnan,s.mohamed.adnan@grnata.com,sayed-mohamed-adnan,,,,,,English|Arabic,,,s.mohamed.adnan@grnata.com,670,Grnata,"Office 0, Building 0, Seef, 0, Capital Governorate, ",husain.jalil@grnata.com,+97337334334,grnata-670,,,,,,,,,,,,,,,,,,,,,,,,,,,,,,,,97,,,,,2026-06-05T09:09:08.616835+00:00,
990455,990455,Land Commercial  For Sale In jufair,"Area: Jufair 
Reference: LA010340
Plot size (SQM): 938
Property type: Land
Property classification: BB
******************************************************************************

The Ideal thing about investing in Bahrain property is that the demand is always at a peak due to the nation’s small geographic surface area, an indication that property prices, in general, will always rise.

Why Grnata? Your decision to select Grnata as a licensed group of companies in the field of real estate will lead you to many benefits such as:

	Qualified consultants in the Bahrain market
	Study and analysis of the investment’s opportunity
	A group of professional teams that are able to provide all real estate services.
Grnata is the leading real estate company in the Kingdom of Bahrain. Grnata and as seen by observers of the movement of the real estate market has taken its place in the real estate market, knocked off the pioneer, and gained the confidence of the stakeholders in the nation.",,,,commercial_sale,,,,none,none,,,,,,,,,,,,,,,2,,,,403865,BHD,sell,,,,,,938,sqm,26,Al Juffair,26.211111068725586,50.601112365722656,al-juffair,AREA,Al Juffair,5.26,,,,,,,3810,https://www.propertyfinder.bh/images/pf_agent/picture/e2cedc5ac45a37eb43920bea360b9f321fc41c2e/desktop,,Hussain Ali,hussain@grnata.com,hussain-ali,,,,,,Arabic,,,hussain@grnata.com,670,Grnata,"Office 0, Building 0, Seef, 0, Capital Governorate, ",husain.jalil@grnata.com,+97337334334,grnata-670,,,,,,,,,,,,,,,,,,,,,,,,,,,,,,,,100,,,,,2026-06-05T09:09:08.616835+00:00,
990406,990406,Land For Sale In bilad alqadeem,"Area: Hidd
Reference: LA010384
Plot size (SQM): 3,572.800
Property type: Land
Property classification: GBD
******************************************************************************

The Ideal thing about investing in Bahrain property is that the demand is always at a peak due to the nation’s small geographic surface area, an indication that property prices, in general, will always rise.

Why Grnata? Your decision to select Grnata as a licensed group of companies in the field of real estate will lead you to many benefits such as:

	Qualified consultants in the Bahrain market
	Study and analysis of the investment’s opportunity
	A group of professional teams that are able to provide all real estate services.
Grnata is the leading real estate company in the Kingdom of Bahrain. Grnata and as seen by observers of the movement of the real estate market has taken its place in the real estate market, knocked off the pioneer, and gained the confidence of the stakeholders in the nation.",,,,commercial_sale,,,,,,,,,,,,,,,,,,,,2,,,,700000,BHD,sell,,,,,,3573,sqm,292,Bilad Al Qadeem,26.206981658935547,50.555355072021484,manama-bilad-al-qadeem,COMMUNITY,Bilad Al Qadeem,5.34.292,,,,,,,3810,https://www.propertyfinder.bh/images/pf_agent/picture/e2cedc5ac45a37eb43920bea360b9f321fc41c2e/desktop,,Hussain Ali,hussain@grnata.com,hussain-ali,,,,,,Arabic,,,hussain@grnata.com,670,Grnata,"Office 0, Building 0, Seef, 0, Capital Governorate, ",husain.jalil@grnata.com,+97337334334,grnata-670,,,,,,,,,,,,,,,,,,,,,,,,,,,,,,,,100,,,,,2026-06-05T09:09:08.616835+00:00,
52854449,52854449,office space,"office space for sale in a prime commercial location within a prestigious tower in Seef Waterfront. An outstanding investment opportunity. The 126 sq m space comprises 3 offices, a reception area, a spacious workspace, a kitchenette, 2 bathrooms, and a parking space.

 price: 78,000 BD",,,,commercial_sale,,,,2,2,4,4,,YES,,,,,,,,,,,3,,,,78000,BHD,sell,,,,,,1251,sqm,112,Manama Sea Front,26.24812126159668,50.57044219970703,manama-manama-sea-front,COMMUNITY,Manama Sea Front,5.34.112,,,,,,,7499,,,Sadeq  Fardan,sadeq.fardan@grnata.com,sadeq-fardan,,,,,,,,,sadeq.fardan@grnata.com,670,Grnata,"Office 0, Building 0, Seef, 0, Capital Governorate, ",husain.jalil@grnata.com,+97337334334,grnata-670,,,,,,,,,,,,,,,,,,,,,,,,,,,,,,,,83,CP|PP|VW,CP|PP|VW,,,2026-06-05T09:09:08.616835+00:00,
52648975,52648975,For Sale: Industrial Land in Asker,"For Sale: Industrial Land in Asker

Land Area: 453ز3 sqm  
Land classsfication: Industrial WS  
Price per sqft: BHD 16.4 
Total Price: BHD 80,000

This premium industrial land is located in the thriving industrial area of Asker, providing an excellent opportunity for commercial or industrial development. The plot is ideally situated with easy access to key transportation routes, making it a prime location for businesses.

Area Highlights:
- Strategic Location: Asker is strategically positioned with direct access to major roads and highways, ensuring efficient connectivity to other industrial zones, the capital city Manama, and the ports.
- Proximity to Key Infrastructure: The area is close to essential services such as electricity, water, and waste management facilities, providing convenience for industrial operations.
- Ideal for Commercial/Industrial Development: With its industrial zoning, the land is perfectly suited for factories, warehouses, logistics, or other commercial uses.
- Nearby Amenities: Asker is well-connected to surrounding areas, with nearby commercial hubs, retail spaces, and workforce housing.",,,,commercial_sale,,,,,,,,,,,,,,,,,,,,1,,,,80000,BHD,sell,,,,,,453,sqm,79,Askar,26.05678367614746,50.61648178100586,askar,AREA,Askar,1.79,,,,,,,2495,https://www.propertyfinder.bh/images/pf_agent/picture/26b440bda584babc18de380a3aec34931ba86ce5/desktop,,Ahmed Al-AAli,ahmed@icarlton.com,ahmed-al-aali,,,,,,English|Arabic,,,ahmed@icarlton.com,32,Carlton Real Estate,"Office 141, Building 1012, Seef, Road 3621 Block 436, Capital Governorate, PO Box 0",info@icarlton.com,+97336667000,carlton-real-estate-32,,,,,,,,,,,,,,,,,,,,,,,,,,,,,,,,100,,,,,2026-06-05T09:09:08.616835+00:00,
53058687,53058687,COMMERCIAL LAND FOR SALE IN MUHARRAQ,"COMMERCIAL LAND FOR SALE IN MUHARRAQ



Classification: RB**
Area: 428 sqm
Price per foot: 31 BHD
Price: 142850 BHD | Negotiable
Roads: 2
Features & Amenities: Sea View, Asphalt Road, Sanitary Network, Street Lighting, Electricity & Water

For more information, do not hesitate to contact me now | Eman Asad – Grnata Group

This property represents a unique opportunity not to be missed. Interested in viewing the property? Contact us to arrange your exclusive viewing.",,,,commercial_sale,,,,,,,,,,,,,,,,,,,,2,,,,142850,BHD,sell,,,,,,428,sqm,12,Muharraq,26.25,50.616668701171875,muharraq,AREA,Muharraq,3.12,,,,,,,4470,https://www.propertyfinder.bh/images/pf_agent/picture/c4687be3650eb710b84d25d94d25e53f73962915/desktop,,Eman Asad,Eman.ghuloom@grnata.com,eman-asad,,,,,,English|Arabic,,,Eman.ghuloom@grnata.com,670,Grnata,"Office 0, Building 0, Seef, 0, Capital Governorate, ",husain.jalil@grnata.com,+97337334334,grnata-670,,,,,,,,,,,,,,,,,,,,,,,,,,,,,,,,94,,,,,2026-06-05T09:09:08.616835+00:00,
965426,965426,For sale《 Commercial building 》in (Al-Hajiyat),"Nasser Real Estate Agency
 For sale Commercial building in East Riffa (Al-Hajiyat) consisting of two floors, each floor with two apartments with two rooms, a hall, two bathrooms, a kitchen, four shops, and separate electricity and water meters. 
 Age of building: 8-10 years.
 Area:  (330 meters) Street 1
 Income: 1160 dinars Available 
 Asking price: 230,000 dinars  
Contact: Mohammed Khalid / 32033336


                                                                                                                                                                                                                                                                                                                                                                                    .",,,,commercial_sale,,,,3,3,,,,YES,,,,,,,,,,,3,,,,230000,BHD,sell,,,,,,330,sqm,291,Alhajiyat,26.128984451293945,50.58171463012695,riffa-alhajiyat,COMMUNITY,Alhajiyat,1.49.291,,,,,,,2974,https://www.propertyfinder.bh/images/pf_agent/picture/601b0dbdc2fb3d7ba11911361969e2c634904c34/desktop,,Zainab Mohammed,zainab@alahli.us,zainab-mohammed,,,,,,English|Arabic,,,zainab@alahli.us,183,Nasser Real Estate Agency,"Office 2, Building 97, Al Riffa, 13, Southern Governorate, PO Box 711",isa@alahli.us,+97317777743,nasser-real-estate-agency-183,,,,,,,,,,,,,,,,,,,,,,,,,,,,,,,,90,BA,BA,,,2026-06-05T09:09:08.616835+00:00,
948265,948265,For sale commercial building in Al-Qudaybiyah,"Nasser Real Estate Agency
Investment opportunity
Residential/commercial building for sale in Al-Qudaybiyah in a densely populated, lively, and commercial area
Price [500,000 dinars] – Land area [332.6 square meters] – Building area [1,160 square meters]
Current monthly income [3,700 dinars] – Expected monthly income [4,500 dinars]
Leasing rate [80%] – Return rate [8.8%] – Classification [RHB] Residential

Consists of:
3 floors – 18 apartments – 8 shops

Building details:
14 one-bedroom apartments │ 4 two-bedroom apartments │ Elevator │ Building age 18 years
Contact: Mohammed Khaled / 32033336

                                                                                                                                                                          .",,,,commercial_sale,,,,2,2,,,,YES,,,,,,,,,,,3,,,,500000,BHD,sell,,,,,,332,sqm,80,Gudaibiya,26.218677520751953,50.59382247924805,manama-gudaibiya,AREA,Gudaibiya,5.34.80,,,,,,,2974,https://www.propertyfinder.bh/images/pf_agent/picture/601b0dbdc2fb3d7ba11911361969e2c634904c34/desktop,,Zainab Mohammed,zainab@alahli.us,zainab-mohammed,,,,,,English|Arabic,,,zainab@alahli.us,183,Nasser Real Estate Agency,"Office 2, Building 97, Al Riffa, 13, Southern Governorate, PO Box 711",isa@alahli.us,+97317777743,nasser-real-estate-agency-183,,,,,,,,,,,,,,,,,,,,,,,,,,,,,,,,90,BA,BA,,,2026-06-05T09:09:08.616835+00:00,
53433242,53433242,LD Land | Light Industrial Land Closed to Alba,"Light Industrial Land for Sale in Ras Zwaid 
On Three Roads
Closed to Alba

Land Classification: LD
Land Size: 7,000.1 sqm
Per Foot: BD 10
Total price: BD 753,490
Ref: ES012


 Majestic Properties is a well-established brokerage company in Kingdom of Bahrain for more than 15 years. We offer a co337AB3 mplete portfolio of real estate services, including sales and leasing of residential and commercial properties. 

Our professional and committed team of sales and leasing property advisors all of which are certified by Bahrain Real Estate Regulatory Authority (RERA) with license No. B201803/46. 

Our aim is to provide superior full-service real estate brokerage with in-depth market knowledge and ethical practices.

Our vision is to be recognized as the leading agency in property services as well as reliable source of market information and advice.",,,,commercial_sale,,,,,,,,,,,,,,,,,,,,3,,,,753490,BHD,sell,,,,,,7000,sqm,269,Ras Zuwayed,26.085487365722656,50.61517333984375,ras-zuwayed,AREA,Ras Zuwayed,1.269,,,,,,,7726,https://www.propertyfinder.bh/images/pf_agent/picture/062a5111f8f8a2069cb462a021f5b4fb3ad108c7/desktop,,Majestic Property ,Esra.majestic@gmail.com,majestic-property,,,,,,Arabic,,,Esra.majestic@gmail.com,114,Majestic Properties,"Office 25, Building bldg49, block 327, road 270, Adliya, 0, Capital Governorate, ",admin@majestic-bh.com,+97337602277,majestic-properties-114,,,,,,,,,,,,,,,,,,,,,,,,,,,,,,,,100,,,,,2026-06-05T09:09:08.616835+00:00,
725400,725400,Investment Building for sale in Al Hajiyat Area,"Area: Al Hajiyat

Reference:B004198

Plot size (SQM):1,627.000

Property type: Building

Property classification: B3
******************************************************************************

The Ideal thing about investing in Bahrain property is that the demand is always at a peak due to the nation’s small geographic surface area, an indication that property prices, in general, will always rise.

Why Grnata? Your decision to select Grnata as a licensed group of companies in the field of real estate will lead you to many benefits such as:

Qualified consultants in the Bahrain market
Study and analysis of the investment’s opportunity
A group of professional teams that are able to provide all real estate services.
Grnata is the leading real estate company in the Kingdom of Bahrain. Grnata and as seen by observers of the movement of the real estate market has taken its place in the real estate market, knocked off the pioneer, and gained the confidence of the stakeholders in the nation.",,,,commercial_sale,,,,7+,7+,,,,YES,,,,,,,,,,,3,,,,1800000,BHD,sell,,,,,,1627,sqm,291,Alhajiyat,26.128984451293945,50.58171463012695,riffa-alhajiyat,COMMUNITY,Alhajiyat,1.49.291,,,,,,,4467,https://www.propertyfinder.bh/images/pf_agent/picture/d182fe9a4895d4fc73fc63a6fbe4206781787c93/desktop,,Sayed Hasan Alhulaibi,s.hasan.alhulaibi@grnata.com,sayed-hasan-alhulaibi,,,,,,English|Arabic,,,s.hasan.alhulaibi@grnata.com,670,Grnata,"Office 0, Building 0, Seef, 0, Capital Governorate, ",husain.jalil@grnata.com,+97337334334,grnata-670,,,,,,,,,,,,,,,,,,,,,,,,,,,,,,,,93,SE,SE,,,2026-06-05T09:09:08.616835+00:00,
857858,857858,Comercial Land for Sale,"Directly from the Owner.

Located at Gurraifa (Juffair) Highway prime location which is a progressive business area, in a walk distance to banks, malls, markets, prime residential areas with easy access to the main roads in Bahrain that makes Juffair the perfect warehouse location

Category: BD.

If you are interested or you want to schedule your personal viewing  please feel free to contact us anytime

We hope to hear from you soon!

Property agent & manager: Ahmed Abdulnabi Mohsen.
39499938 – 17490090

Alfanar Real Estate Development & Management W.L.L
..................................................................................................................................................................................................................................................................................................................................

Thank You",,,,commercial_sale,,,,,,,,,,,,,,,,,,,,3,,,,40,BHD,sell,,,,,,1193,sqm,64,Ghuraifah (Old Juffair),26.205734252929688,50.60181427001953,manama-ghuraifah-old-juffair,AREA,Ghuraifah (Old Juffair),5.34.64,,,,,,,2958,https://www.propertyfinder.bh/images/pf_agent/picture/3ac44a46113e10679f737475bc8a14af7adfdac7/desktop,,Ahmed Mohsen,ahmed@alfanar-dev.com,ahmed-mohsen,,,,,,English|Arabic,,,ahmed@alfanar-dev.com,515,Al Fanar Real Estate,"Office 0, Building 0, Al Riffa, 0, Southern Governorate, PO Box 0",ahmed@alfanar-dev.com,+97339499938,al-fanar-real-estate-515,,,,,,,,,,,,,,,,,,,,,,,,,,,,,,,,85,DN,DN,,,2026-06-05T09:09:08.616835+00:00,
53322781,53322781,BC Land | Commercial Land Behind The K Hotel,"Commercial Land for Sale in Juffair
Behind The K Hotel

Land Classification: BC
Land Size: 2603.8 sqm
Per Foot: BD 40
Total price: BD 1,121,092

Ref: ES011

 Majestic Properties is a well-established brokerage company in Kingdom of Bahrain for more than 15 years. We offer a co337AB3 mplete portfolio of real estate services, including sales and leasing of residential and commercial properties. 

Our professional and committed team of sales and leasing property advisors all of which are certified by Bahrain Real Estate Regulatory Authority (RERA) with license No. B201803/46. 

Our aim is to provide superior full-service real estate brokerage with in-depth market knowledge and ethical practices.

Our vision is to be recognized as the leading agency in property services as well as reliable source of market information and advice.",,,,commercial_sale,,,,,,,,,,,,,,,,,,,,3,,,,1121092,BHD,sell,,,,,,2603,sqm,26,Al Juffair,26.211111068725586,50.601112365722656,al-juffair,AREA,Al Juffair,5.26,,,,,,,7726,https://www.propertyfinder.bh/images/pf_agent/picture/062a5111f8f8a2069cb462a021f5b4fb3ad108c7/desktop,,Majestic Property ,Esra.majestic@gmail.com,majestic-property,,,,,,Arabic,,,Esra.majestic@gmail.com,114,Majestic Properties,"Office 25, Building bldg49, block 327, road 270, Adliya, 0, Capital Governorate, ",admin@majestic-bh.com,+97337602277,majestic-properties-114,,,,,,,,,,,,,,,,,,,,,,,,,,,,,,,,100,,,,,2026-06-05T09:09:08.616835+00:00,
53085782,53085782,BC Land | Commercial Land for Sale in Hidd,"Commercial Land for Sale in Hidd 
Closed to Shaikh khalifa Causeway 

Land Classification: BC
Land Size: 675 sqm
Per Foot: BD 33
Total price: BD 239,768

Ref: ES007


 Majestic Properties is a well-established brokerage company in Kingdom of Bahrain for more than 15 years. We offer a co337AB3 mplete portfolio of real estate services, including sales and leasing of residential and commercial properties. 

Our professional and committed team of sales and leasing property advisors all of which are certified by Bahrain Real Estate Regulatory Authority (RERA) with license No. B201803/46. 

Our aim is to provide superior full-service real estate brokerage with in-depth market knowledge and ethical practices.

Our vision is to be recognized as the leading agency in property services as well as reliable source of market information and advice.",,,,commercial_sale,,,,,,,,,,,,,,,,,,,,3,,,,239768,BHD,sell,,,,,,675,sqm,32,Hidd,26.21263313293457,50.67418670654297,hidd,AREA,Hidd,3.32,,,,,,,7726,https://www.propertyfinder.bh/images/pf_agent/picture/062a5111f8f8a2069cb462a021f5b4fb3ad108c7/desktop,,Majestic Property ,Esra.majestic@gmail.com,majestic-property,,,,,,Arabic,,,Esra.majestic@gmail.com,114,Majestic Properties,"Office 25, Building bldg49, block 327, road 270, Adliya, 0, Capital Governorate, ",admin@majestic-bh.com,+97337602277,majestic-properties-114,,,,,,,,,,,,,,,,,,,,,,,,,,,,,,,,100,,,,,2026-06-05T09:09:08.616835+00:00,
51984276,51984276,Commercial Land for Sale in Ras Zuwaid,"Commercial Land for Sale in Ras Zuwaid

Classification: Light Industries Areas
Area: 1092 sqm
Price per foot: 14 BHD
Price: 164,560.032 BHD | Negotiable
Roads: 1
Features & Amenities: Asphalt Road, Sanitary Network, Electricity & Water

For more information, do not hesitate to contact me now | Eman Asad – Grnata Group",,,,commercial_sale,,,,,,,,,,,,,,,,,,,,1,,,,164560,BHD,sell,,,,,,1092,sqm,269,Ras Zuwayed,26.085487365722656,50.61517333984375,ras-zuwayed,AREA,Ras Zuwayed,1.269,,,,,,,4470,https://www.propertyfinder.bh/images/pf_agent/picture/c4687be3650eb710b84d25d94d25e53f73962915/desktop,,Eman Asad,Eman.ghuloom@grnata.com,eman-asad,,,,,,English|Arabic,,,Eman.ghuloom@grnata.com,670,Grnata,"Office 0, Building 0, Seef, 0, Capital Governorate, ",husain.jalil@grnata.com,+97337334334,grnata-670,,,,,,,,,,,,,,,,,,,,,,,,,,,,,,,,92,,,,,2026-06-05T09:09:08.616835+00:00,
744741,744741,"""Aluminum Workshop for Sale""","""Fully Equipped Aluminum Workshop for Sale in Salmabad - Excellent Price and Prime Location!

Discover a remarkable opportunity to acquire a fully equipped aluminum workshop in the highly desirable area of Salmabad. This workshop is thoughtfully designed and comes with all the necessary tools and equipment for aluminum fabrication and related services.

Situated in a prime location, this workshop offers excellent visibility, easy access, and a thriving business environment. Whether you're an established aluminum professional or an entrepreneur looking to enter the industry, this workshop provides the perfect foundation for success.



Take advantage of this outstanding opportunity to own an aluminum workshop in Salmabad, complete with full equipment, at a highly competitive price. Don't miss out on this chance to establish or expand your business in a prime location. Contact us now to arrange a viewing and secure this exceptional investment!""

""ورشة ألمنيوم مجهزة بالكامل للبيع في سلماباد - سعر ممتاز وموقع متميز!

اكتشف فرصة رائعة للحصول على ورشة ألمنيوم مجهزة بالكامل في منطقة سلماباد المرغوبة للغاية. تم تصميم ورشة العمل هذه بعناية وتأتي مع جميع الأدوات والمعدات اللازمة لتصنيع الألمنيوم والخدمات ذات الصلة.

تقع ورشة العمل هذه في موقع متميز، وتوفر رؤية ممتازة وسهولة الوصول وبيئة عمل مزدهرة. سواء كنت محترفًا في مجال الألمنيوم أو رجل أعمال يتطلع إلى دخول هذه الصناعة، فإن ورشة العمل هذه توفر الأساس المثالي للنجاح.

اغتنم هذه الفرصة الرائعة لامتلاك ورشة ألمنيوم في سلماباد، كاملة المعدات، بسعر تنافسي للغاية. لا تفوت هذه الفرصة لتأسيس أو توسيع عملك في موقع متميز. ا!""",,,,commercial_sale,,,,none,none,,,,,,,,,,,,,,,3,,,,2000,BHD,sell,,,,,,32,sqm,6,Salmabad,26.183332443237305,50.516666412353516,salmabad,AREA,Salmabad,2.6,,,,,,,4876,,,Al Taadul,jassimakbar@gmail.com,al-taadul,,,,,,,,,jassimakbar@gmail.com,829,Al TA'ADUL Real Estate,"Office 1, Building 231, Manama, 77, Capital Governorate, PO Box 721",jassimakbar@gmail.com,+97333755585,al-taadul-real-estate-829,,,,,,,,,,,,,,,,,,,,,,,,,,,,,,,,97,,,,,2026-06-05T09:09:08.616835+00:00,
716006,716006,Building FOR SALE IN DURAZ,"Area: DURAZ
Reference: B004159
Plot size (SQM): 120
******************************************************************************

Manama is the capital and largest city in Bahrain with an approximate population of 200,000 as of the year 2020 statistics. Due to its strategic location, it is considered a home to a very diverse amount of population, foreigners, investors in addition to international firms and ministries. Therefore, Manama is currently facing high demand and low supply.
Why Grnata? Your decision to select Grnata as a licensed group of companies in the field of real estate will lead you to many benefits:

	Qualified consultants in the Bahrain market
	Modernized working methods to work accordingly in the real estate market. 
	Study and analysis of the investment’s opportunity
	Provision of all real estate services",,,,commercial_sale,,,,3,3,,,,NO,,,,,,,,,,,2,,,,80000,BHD,sell,,,,,,120,sqm,62,Diraz,26.220962524414062,50.46446990966797,diraz,AREA,Diraz,4.62,,,,,,,4937,https://www.propertyfinder.bh/images/pf_agent/picture/0b600c5407b83926df47fcb900a4cbc67114dffe/desktop,,Mohammed Alsari,mohamed.alsari@grnata.com,mohammed-alsari,,,,,,English|Arabic,,,mohamed.alsari@grnata.com,670,Grnata,"Office 0, Building 0, Seef, 0, Capital Governorate, ",husain.jalil@grnata.com,+97337334334,grnata-670,,,,,,,,,,,,,,,,,,,,,,,,,,,,,,,,87,SE,SE,,,2026-06-05T09:09:08.616835+00:00,
51720078,51720078,Investment land B4 in aali,"Investment land for sale in Aali

Prime location close to all services 
 

-land size 284 sqm
-price per feet BD29.4 
-land category B4 (4 floors building) 
Suitable to build a 4 story building for offices, clinic or residential apartments 
 

Asking price BD 89,875

Contact 39511511

Saray Homes Real Estate

B201803/0037 RERA ID",,,,commercial_sale,,,,,,,,,,,,,,,,,,,,2,,,,89875,BHD,sell,,,,,,284,sqm,85,A'Ali,26.1634578704834,50.515289306640625,a-ali,AREA,A'Ali,2.85,,,,,,,7534,,,Mohamed Mirza,mohd@saray-homes.com,mohamed-mirza,,,,,,,,,mohd@saray-homes.com,1269,Saray Homes,"Office 393, Building 203, Al Muharraq, 507, Muharraq Governorate, PO Box 2221",mohd@saray-homes.com,+97339511511,saray-homes-v2-1269,,,,,,,,,,,,,,,,,,,,,,,,,,,,,,,,74,,,,,2026-06-05T09:09:08.616835+00:00,
748099,748099,New Building for sale in Tubli,"Area:Tubli
Reference:B004284
Plot size (SQM):562.000
Property type: Building 
Property classification:RB
******************************************************************************

The Ideal thing about investing in Bahrain property is that the demand is always at a peak due to the nation’s small geographic surface area, an indication that property prices, in general, will always rise.

Why Grnata? Your decision to select Grnata as a licensed group of companies in the field of real estate will lead you to many benefits such as:

	Qualified consultants in the Bahrain market
	Study and analysis of the investment’s opportunity
	A group of professional teams that are able to provide all real estate services.
Grnata is the leading real estate company in the Kingdom of Bahrain. Grnata and as seen by observers of the movement of the real estate market has taken its place in the real estate market, knocked off the pioneer, and gained the confidence of the stakeholders in the nation.",,,,commercial_sale,,,,7+,7+,,,,PARTLY,,,,,,,,,,,2,,,,375000,BHD,sell,,,,,,562,sqm,98,Tubli,26.188888549804688,50.54999923706055,tubli,AREA,Tubli,2.98,,,,,,,4467,https://www.propertyfinder.bh/images/pf_agent/picture/d182fe9a4895d4fc73fc63a6fbe4206781787c93/desktop,,Sayed Hasan Alhulaibi,s.hasan.alhulaibi@grnata.com,sayed-hasan-alhulaibi,,,,,,English|Arabic,,,s.hasan.alhulaibi@grnata.com,670,Grnata,"Office 0, Building 0, Seef, 0, Capital Governorate, ",husain.jalil@grnata.com,+97337334334,grnata-670,,,,,,,,,,,,,,,,,,,,,,,,,,,,,,,,90,SE,SE,,,2026-06-05T09:09:08.616835+00:00,
983392,983392,Building for sale in gudaibitya 8.4% income,"Area: gudaibitya 
Reference:BU001316
Plot size (SQM): 381 sqm
Property type: Building 
Property classification: BR5
******************************************************************************

The Ideal thing about investing in Bahrain property is that the demand is always at a peak due to the nation’s small geographic surface area, an indication that property prices, in general, will always rise.

Why Grnata? Your decision to select Grnata as a licensed group of companies in the field of real estate will lead you to many benefits such as:

	Qualified consultants in the Bahrain market
	Study and analysis of the investment’s opportunity
	A group of professional teams that are able to provide all real estate services.
Grnata is the leading real estate company in the Kingdom of Bahrain. Grnata and as seen by observers of the movement of the real estate market has taken its place in the real estate market, knocked off the pioneer, and gained the confidence of the stakeholders in the nation. 
",,,,commercial_sale,,,,2,2,,,,NO,,,,,,,,,,,1,,,,340000,BHD,sell,,,,,,381,sqm,80,Gudaibiya,26.218677520751953,50.59382247924805,manama-gudaibiya,AREA,Gudaibiya,5.34.80,,,,,,,3792,https://www.propertyfinder.bh/images/pf_agent/picture/abbe9b8f510d40e0dfc0092a880da70c2e1d424d/desktop,,Sayed Mohamed Adnan,s.mohamed.adnan@grnata.com,sayed-mohamed-adnan,,,,,,English|Arabic,,,s.mohamed.adnan@grnata.com,670,Grnata,"Office 0, Building 0, Seef, 0, Capital Governorate, ",husain.jalil@grnata.com,+97337334334,grnata-670,,,,,,,,,,,,,,,,,,,,,,,,,,,,,,,,90,BA,BA,,,2026-06-05T09:09:08.616835+00:00,
866969,866969,Great Office for Sale in Seef Area,"Area:Seef 
Reference:O002625
Plot size (SQM):87.500
Property type: Office
Property classification:BC
******************************************************************************

The Ideal thing about investing in Bahrain property is that the demand is always at a peak due to the nation’s small geographic surface area, an indication that property prices, in general, will always rise.

Why Grnata? Your decision to select Grnata as a licensed group of companies in the field of real estate will lead you to many benefits such as:

	Qualified consultants in the Bahrain market
	Study and analysis of the investment’s opportunity
	A group of professional teams that are able to provide all real estate services.
Grnata is the leading real estate company in the Kingdom of Bahrain. Grnata and as seen by observers of the movement of the real estate market has taken its place in the real estate market, knocked off the pioneer, and gained the confidence of the stakeholders in the nation.",,,,commercial_sale,,,,2,2,,,,NO,,,,,,,,,,,3,,,,82000,BHD,sell,,,,,,87,sqm,37,Seef,26.239999771118164,50.5369987487793,seef,AREA,Seef,5.37,,,,,,,4467,https://www.propertyfinder.bh/images/pf_agent/picture/d182fe9a4895d4fc73fc63a6fbe4206781787c93/desktop,,Sayed Hasan Alhulaibi,s.hasan.alhulaibi@grnata.com,sayed-hasan-alhulaibi,,,,,,English|Arabic,,,s.hasan.alhulaibi@grnata.com,670,Grnata,"Office 0, Building 0, Seef, 0, Capital Governorate, ",husain.jalil@grnata.com,+97337334334,grnata-670,,,,,,,,,,,,,,,,,,,,,,,,,,,,,,,,89,AC|CP,AC|CP,,,2026-06-05T09:09:08.616835+00:00,
978618,978618,sale residential and commercial building in qalali,"For sale: a well-located residential and commercial building in Qalali, positioned on two roads and offering a strong and stable rental return. The property consists of a total of six apartments and four shops, making it an attractive opportunity for buyers seeking an income-generating investment in a growing and high-demand area.

The land area is 325 sqm, while the built-up area reaches 750 sqm, thoughtfully distributed across multiple levels. On the ground floor, there is one spacious apartment featuring three bedrooms, ideal for families and consistently appealing to long-term tenants. The first floor includes two apartments, each with two bedrooms, in addition to one studio apartment. The second floor mirrors this layout with one two-bedroom unit and one studio apartment. This combination of unit types ensures diversified rental potential and allows the owner to target various segments of tenants, from single professionals to families.

The building also features four commercial shops on the ground level, benefiting from the visibility and accessibility provided by the dual-road location. These shops are currently rented and generate a steady monthly income. The residential units bring in 1,090 BHD per month, while the commercial shops add an additional 550 BHD, resulting in a total monthly income of 1,640 BHD. This strong return makes the property particularly appealing for investors seeking reliable cash flow and long-term appreciation.

Qalali is known for its convenient access to main roads, proximity to Amwaj Islands, and growing residential demand, which further enhances the value of owning such a mixed-use property in this strategic area. With an asking price of 230,000 BHD, this building presents a compelling opportunity for serious investors looking for a solid, income-producing asset in one of Bahrain’s active real estate markets.",,,,commercial_sale,,,,7+,7+,,,,NO,,,,,,,,,,,2,,,,230000,BHD,sell,,,,,,325,sqm,93,Galali,26.266666412353516,50.650001525878906,galali,AREA,Galali,3.93,,,,,,,6879,https://www.propertyfinder.bh/images/pf_agent/picture/04ba77b9c7d6628585971c52b2aafe0e57ea7d21/desktop,,Damac Realestate ,Ammar_z@hotmail.com,damac-realestate,,,,,,English|Arabic,,,Ammar_z@hotmail.com,600,DAMAC REALESTATE ESTABLISHMENT,"Office 24, Building 1495, Tubli, 1127, Central Governorate, ",ammarzikrat@gmail.com,+97339922003,damac-realestate-establishment-600,,,,,,,,,,,,,,,,,,,,,,,,,,,,,,,,79,CP,CP,,,2026-06-05T09:09:08.616835+00:00,
929479,929479,Building in Jurdab for sale ,"Area: Jurdab 
Reference: B004591
Plot size (SQM): 28.9m
Property type: Building 
Property classification: RB
******************************************************************************

The Ideal thing about investing in Bahrain property is that the demand is always at a peak due to the nation’s small geographic surface area, an indication that property prices, in general, will always rise.

Why Grnata? Your decision to select Grnata as a licensed group of companies in the field of real estate will lead you to many benefits such as:

	Qualified consultants in the Bahrain market
	Study and analysis of the investment’s opportunity
	A group of professional teams that are able to provide all real estate services.
Grnata is the leading real estate company in the Kingdom of Bahrain. Grnata and as seen by observers of the movement of the real estate market has taken its place in the real estate market, knocked off the pioneer, and gained the confidence of the stakeholders in the nation. 
",,,,commercial_sale,,,,3,3,,,,PARTLY,,,,,,,,,,,2,,,,40000,BHD,sell,,,,,,29,sqm,83,Jurdab,26.168216705322266,50.57180404663086,jurdab,AREA,Jurdab,2.83,,,,,,,5053,https://www.propertyfinder.bh/images/pf_agent/picture/27ef6437305c89e73800d68ad7a2c94dfccf37a9/desktop,,Ali AlMahafdha,s.ali.almahafdha@grnata.com,ali-almahafdha,,,,,,English|Arabic,,,s.ali.almahafdha@grnata.com,670,Grnata,"Office 0, Building 0, Seef, 0, Capital Governorate, ",husain.jalil@grnata.com,+97337334334,grnata-670,,,,,,,,,,,,,,,,,,,,,,,,,,,,,,,,72,SE,SE,,,2026-06-05T09:09:08.616835+00:00,
910780,910780,Building FOR SALE,"Area:
Reference:B004571
Plot size (SQM): 488
Property type: Building
Property classification: RHB*
******************************************************************************

The Ideal thing about investing in Bahrain property is that the demand is always at a peak due to the nation’s small geographic surface area, an indication that property prices, in general, will always rise.

Why Grnata? Your decision to select Grnata as a licensed group of companies in the field of real estate will lead you to many benefits such as:

	Qualified consultants in the Bahrain market
	Study and analysis of the investment’s opportunity
	A group of professional teams that are able to provide all real estate services.
Grnata is the leading real estate company in the Kingdom of Bahrain. Grnata and as seen by observers of the movement of the real estate market has taken its place in the real estate market, knocked off the pioneer, and gained the confidence of the stakeholders in the nation.",,,,commercial_sale,,,,3,3,,,,NO,,,,,,,,,,,2,,,,1000000,BHD,sell,,,,,,488,sqm,12,Muharraq,26.25,50.616668701171875,muharraq,AREA,Muharraq,3.12,,,,,,,4937,https://www.propertyfinder.bh/images/pf_agent/picture/0b600c5407b83926df47fcb900a4cbc67114dffe/desktop,,Mohammed Alsari,mohamed.alsari@grnata.com,mohammed-alsari,,,,,,English|Arabic,,,mohamed.alsari@grnata.com,670,Grnata,"Office 0, Building 0, Seef, 0, Capital Governorate, ",husain.jalil@grnata.com,+97337334334,grnata-670,,,,,,,,,,,,,,,,,,,,,,,,,,,,,,,,84,BA,BA,,,2026-06-05T09:09:08.616835+00:00,
53710252,53710252,Building with land,"Building with land, consisting of three apartments, each 145 sq m.

Each apartment has two bedrooms, a bathroom, and a kitchen.

Price: 150,000",,,,commercial_sale,,,,3,3,,,,NO,,,,,,,,,,,1,,,,150000,BHD,sell,,,,,,287,sqm,75,Nuwaidrat,26.133333206176758,50.599998474121094,nuwaidrat,AREA,Nuwaidrat,2.75,,,,,,,7499,,,Sadeq  Fardan,sadeq.fardan@grnata.com,sadeq-fardan,,,,,,,,,sadeq.fardan@grnata.com,670,Grnata,"Office 0, Building 0, Seef, 0, Capital Governorate, ",husain.jalil@grnata.com,+97337334334,grnata-670,,,,,,,,,,,,,,,,,,,,,,,,,,,,,,,,72,AN,AN,,,2026-06-05T09:09:08.616835+00:00,
51984275,51984275,Commercial Land for Sale in Diyar Al Muharraq  Cla,"Commercial Land for Sale in Diyar Al Muharraq

Classification: Special Nature Projects
Area: 700 sqm
Price per foot: 33 BHD
Price: 248,648.4 BHD | Negotiable
Roads: 2
Foreign Ownership Allowed | Freehold
Features & Amenities: Asphalt Road, Street Lighting, Electricity & Water

For more information, do not hesitate to contact me now | Eman Asad – Grnata Group",,,,commercial_sale,,,,,,,,,,,,,,,,,,,,2,,,,248648,BHD,sell,,,,,,700,sqm,129,Diyar Al Muharraq,26.31142234802246,50.64306640625,diyar-al-muharraq,COMMUNITY,Diyar Al Muharraq,3.129,,,,,,,4470,https://www.propertyfinder.bh/images/pf_agent/picture/c4687be3650eb710b84d25d94d25e53f73962915/desktop,,Eman Asad,Eman.ghuloom@grnata.com,eman-asad,,,,,,English|Arabic,,,Eman.ghuloom@grnata.com,670,Grnata,"Office 0, Building 0, Seef, 0, Capital Governorate, ",husain.jalil@grnata.com,+97337334334,grnata-670,,,,,,,,,,,,,,,,,,,,,,,,,,,,,,,,87,,,,,2026-06-05T09:09:08.616835+00:00,
973970,973970,Building for sale in QALLALI,"The Ideal thing about investing in Bahrain property is that the demand is always at a peak due to the nation’s small geographic surface area, an indication that property prices, in general, will always rise.


Why Grnata? Your decision to select Grnata as a licensed group of companies in the field of real estate will lead you to many benefits such as:

         Qualified consultants in the Bahrain market
         Study and analysis of the investment’s opportunity
         A group of professional teams that are able to provide all real estate services.

Grnata is the leading real estate company in the Kingdom of Bahrain. Grnata and as seen by observers of the movement of the real estate market has taken its place in the real estate market, knocked off the pioneer, and gained the confidence of the stakeholders in the nation.
",,,,commercial_sale,,,,1,1,,,,NO,,,,,,,,,,,1,,,,340000,BHD,sell,,,,,,450,sqm,93,Galali,26.266666412353516,50.650001525878906,galali,AREA,Galali,3.93,,,,,,,4470,https://www.propertyfinder.bh/images/pf_agent/picture/c4687be3650eb710b84d25d94d25e53f73962915/desktop,,Eman Asad,Eman.ghuloom@grnata.com,eman-asad,,,,,,English|Arabic,,,Eman.ghuloom@grnata.com,670,Grnata,"Office 0, Building 0, Seef, 0, Capital Governorate, ",husain.jalil@grnata.com,+97337334334,grnata-670,,,,,,,,,,,,,,,,,,,,,,,,,,,,,,,,87,SE,SE,,,2026-06-05T09:09:08.616835+00:00,
53268050,53268050,Up To 9% ROI Prime Investment,"Rented Office for Sale | Prime Investment Opportunity in Al Burhama

Positioned in one of the most established commercial districts of Al Burhama, this fully rented office presents a refined investment opportunity for buyers seeking immediate income and long-term value. Known for its central location and consistent demand, Al Burhama continues to attract a wide range of businesses, making it a reliable choice for commercial property investment.

This well-maintained office is located within a reputable building environment, offering a professional setting that appeals to tenants across various sectors. Its compact yet efficient layout ensures optimal space utilization, making it highly desirable in today’s market where practical and affordable office spaces are in demand.

The property is currently leased, providing steady rental income from day one. With its strategic positioning near key commercial hubs and easy connectivity to central Manama, the office benefits from ongoing tenant interest and strong occupancy potential.

Property Details:
Location: Al Burhama
Type: Commercial Office
Status: Fully Rented (Income-generating)
Total Area: Approx. 34.4 sqm
Condition: Excellent
Building: Well-maintained
Usage: Suitable for a variety of commercial activities

Selling Price:
BHD 25,500

This is an attractive entry point into Bahrain’s commercial property market, offering a combination of affordability, location advantage, and consistent returns. Ideal for investors seeking a secure asset with immediate yield in a high-demand area.
Al Burhama is a well-established and centrally located district known for its balance of residential living and commercial activity. It sits directly opposite the highly developed Seef District, one of Bahrain’s most modern business and retail hubs. The area benefits greatly from its proximity to major shopping destinations such as Seef Mall, as well as surrounding retail comp

For further details or to arrange a viewing, please get in touch.",,,,commercial_sale,,,,none,none,1,1,,YES,,,,,,,,,,,2,,,,25500,BHD,sell,,,,,,34,sqm,56,Al Burhama,26.21672821044922,50.55367660522461,manama-al-burhama,AREA,Al Burhama,5.34.56,,,,,,,7299,https://www.propertyfinder.bh/images/pf_agent/picture/4940e91ff0762749c3eb2c9590e86a089d575e77/desktop,,Najeeb Abdulwahed,najeeb@icarlton.com,najeeb-abdulwahed,,,,,,English|Arabic,,,najeeb@icarlton.com,32,Carlton Real Estate,"Office 141, Building 1012, Seef, Road 3621 Block 436, Capital Governorate, PO Box 0",info@icarlton.com,+97336667000,carlton-real-estate-32,,,,,,,,,,,,,,,,,,,,,,,,,,,,,,,,88,BA|AC|CP|SE|CR|LB,BA|AC|CP|SE|CR|LB,,,2026-06-05T09:09:08.616835+00:00,
790719,790719,Residential building in Manama area,"Area: Manama 
Reference:B004390
Plot size (SQM):487.000
Property type: Building 
Property classification: RHB
******************************************************************************

The Ideal thing about investing in Bahrain property is that the demand is always at a peak due to the nation’s small geographic surface area, an indication that property prices, in general, will always rise.

Why Grnata? Your decision to select Grnata as a licensed group of companies in the field of real estate will lead you to many benefits such as:

	Qualified consultants in the Bahrain market
	Study and analysis of the investment’s opportunity
	A group of professional teams that are able to provide all real estate services.
Grnata is the leading real estate company in the Kingdom of Bahrain. Grnata and as seen by observers of the movement of the real estate market has taken its place in the real estate market, knocked off the pioneer, and gained the confidence of the stakeholders in the nation.",,,,commercial_sale,,,,7+,7+,,,,NO,,,,,,,,,,,2,,,,350000,BHD,sell,,,,,,487,sqm,34,Manama,26.21666717529297,50.58333206176758,manama,AREA,Manama,5.34,,,,,,,4467,https://www.propertyfinder.bh/images/pf_agent/picture/d182fe9a4895d4fc73fc63a6fbe4206781787c93/desktop,,Sayed Hasan Alhulaibi,s.hasan.alhulaibi@grnata.com,sayed-hasan-alhulaibi,,,,,,English|Arabic,,,s.hasan.alhulaibi@grnata.com,670,Grnata,"Office 0, Building 0, Seef, 0, Capital Governorate, ",husain.jalil@grnata.com,+97337334334,grnata-670,,,,,,,,,,,,,,,,,,,,,,,,,,,,,,,,84,SE,SE,,,2026-06-05T09:09:08.616835+00:00,
939313,939313,Residential Building for Sale in Salmabad – Prime ,"Residential Building for Sale in Salmabad – Prime Location Near Al Hilal Hospital
6 Apartments | High Rental Yield | Spacious Layout | Investment Opportunity

An exceptional investment opportunity in the heart of Salmabad, one of Bahrain’s most active and in-demand residential and commercial hubs. This multi-unit residential building is now available for sale at a highly attractive price. Ideally located near Al Hilal Hospital, this property is surrounded by key services, commercial areas, schools, and easy access to major roads and highways, making it extremely appealing to tenants and investors alike.

⸻

Property Overview:
	•	Location: Salmabad, near Al Hilal Hospital
	•	Land Area: 299 sqm
	•	Built-up Area: 820 sqm
	•	Total Units: 6 apartments + 1 studio
	•	Current Monthly Rental Income: BHD 1,100
	•	Asking Price: BHD 165,000
	•	Ownership: Freehold (suitable for Bahraini and GCC nationals)

This well-maintained building offers a stable income stream, modern apartment layouts, and the potential for further rental growth.

⸻

Building Layout and Apartment Details:

Ground Floor:
	•	1 Large Apartment (Family Size Unit)
	•	4 Spacious Bedrooms
	•	3 Bathrooms
	•	Large Living Room
	•	Spacious Kitchen

This large unit is ideal for a big family, making it highly desirable in the rental market. The wide hall and open layout provide comfort and functionality, while the large kitchen adds to the family-friendly appeal.

⸻

First Floor:
	•	2 Apartments (Identical Layouts)
	•	2 Bedrooms each
	•	3 Bathrooms
	•	Living Room
	•	Kitchen

These units are ideal for small families, couples, or working professionals. The addition of a third bathroom in each 2-bedroom unit increases comfort and convenience for occupants.

⸻

Second Floor:
	•	2 Apartments (Identical Layouts)
	•	2 Bedrooms each
	•	3 Bathrooms
	•	Living Room
	•	Kitchen

Similar to the first floor, the second-floor units are well-proportioned and attract stable tenants due to their size, layout, and location.

⸻

Third Floo",,,,commercial_sale,,,,7+,7+,,,,PARTLY,,,,,,,,,,,1,,,,165000,BHD,sell,,,,,,299,sqm,6,Salmabad,26.183332443237305,50.516666412353516,salmabad,AREA,Salmabad,2.6,,,,,,,6879,https://www.propertyfinder.bh/images/pf_agent/picture/04ba77b9c7d6628585971c52b2aafe0e57ea7d21/desktop,,Damac Realestate ,Ammar_z@hotmail.com,damac-realestate,,,,,,English|Arabic,,,Ammar_z@hotmail.com,600,DAMAC REALESTATE ESTABLISHMENT,"Office 24, Building 1495, Tubli, 1127, Central Governorate, ",ammarzikrat@gmail.com,+97339922003,damac-realestate-establishment-600,,,,,,,,,,,,,,,,,,,,,,,,,,,,,,,,75,CP|SE|LB,CP|SE|LB,,,2026-06-05T09:09:08.616835+00:00,
963529,963529,Residential+ Commercial Building in Sitra for sale,"For Sale: Residential and Commercial Building in Sitra

An excellent investment opportunity is now available in the heart of Sitra. This property combines both residential and commercial units, making it a great choice for investors seeking stable rental income and long-term value appreciation.

Property Details:
The building consists of 8 spacious apartments and 4 commercial shops, offering a balanced mix of residential and business potential. It is located in a convenient and accessible area, close to main roads, schools, shops, and daily services, ensuring continuous demand from tenants.

Utilities:
The property is fully equipped with 13 separate electricity and water meters, providing independent utility access for each apartment and shop. This setup makes it ideal for easy management and individual leasing.

Apartment Layout:
Each apartment features:
	•	2 bedrooms
	•	2 bathrooms
	•	A comfortable living hall
	•	A kitchen

All units are designed with functionality and comfort in mind, providing suitable living spaces for families and professionals alike.

Shops:
The four ground-floor commercial units are positioned in a visible and active area, suitable for various types of businesses such as retail stores, salons, offices, or service centers. These shops offer a steady source of additional income and enhance the overall value of the property.

Investment Highlights:
	•	Prime location in Sitra
	•	Stable rental income potential from both shops and apartments
	•	Independent meters for easier management
	•	Ideal for investors seeking long-term returns

This building represents a solid investment opportunity in one of Bahrain’s developing and in-demand areas.",,,,commercial_sale,,,,7+,7+,,,,NO,,,,,,,,,,,1,,,,195000,BHD,sell,,,,,,239,sqm,69,Sitra,26.162988662719727,50.6124267578125,sitra,AREA,Sitra,2.69,,,,,,,6879,https://www.propertyfinder.bh/images/pf_agent/picture/04ba77b9c7d6628585971c52b2aafe0e57ea7d21/desktop,,Damac Realestate ,Ammar_z@hotmail.com,damac-realestate,,,,,,English|Arabic,,,Ammar_z@hotmail.com,600,DAMAC REALESTATE ESTABLISHMENT,"Office 24, Building 1495, Tubli, 1127, Central Governorate, ",ammarzikrat@gmail.com,+97339922003,damac-realestate-establishment-600,,,,,,,,,,,,,,,,,,,,,,,,,,,,,,,,75,CP,CP,,,2026-06-05T09:09:08.616835+00:00,
53682299,53682299,"Investment opportunity, An integrated building","Prime Investment Building for Sale in Tubli Bay

• Strategic location with stable rental income• 3-storey building

• Ground floor: 2 commercial shops with mezzanine (280 sqm each)
• 8 apartments on first & second floors
• Each apartment: 2 bedrooms, 2 bathrooms, living room & kitchen

• Third floor: Sea-view apartment + watchman room

• Land area: 620.9 sqm• Built-up area: 
1,547.6 sqm
• Monthly income: BHD 3,000• Asking price: BHD 475,000

Ideal opportunity for investors seeking strong returns.",,,,commercial_sale,,,,none,none,,,,PARTLY,,,,,,,,,,,1,,,,475000,BHD,sell,,,,,,620,sqm,98,Tubli,26.188888549804688,50.54999923706055,tubli,AREA,Tubli,2.98,,,,,,,7744,https://www.propertyfinder.bh/images/pf_agent/picture/0c474f50623af5571a8f1e49a4823191c42537cd/desktop,,Ahmed Alshaer,Ahmed_alshaer24@hotmail.com,ahmed-alshaer,,,,,,Arabic,,,Ahmed_alshaer24@hotmail.com,600,DAMAC REALESTATE ESTABLISHMENT,"Office 24, Building 1495, Tubli, 1127, Central Governorate, ",ammarzikrat@gmail.com,+97339922003,damac-realestate-establishment-600,,,,,,,,,,,,,,,,,,,,,,,,,,,,,,,,70,CP|SE|VW,CP|SE|VW,,,2026-06-05T09:09:08.616835+00:00,
51984277,51984277,BUILDING FORSALE IN MANAMA,"Commercial Building for Sale in Manama

Classification: Other
Area: 185 sqm
Built-up size: 900 sqm
Floors: 6
Flats: 19
Shops: 4
Furnishing: Unfurnished
Condition: Renovated
Parking spaces: 1
Price: 700,000 BHD | Negotiable
Roads: 2
Features & Amenities: Elevator, CCTV, Security System, BBQ, City View

For more information, do not hesitate to contact me now | Eman Asad – Grnata Group",,,,commercial_sale,,,,7+,7+,,,,NO,,,,,,,,,,,1,,,,700000,BHD,sell,,,,,,185,sqm,80,Gudaibiya,26.218677520751953,50.59382247924805,manama-gudaibiya,AREA,Gudaibiya,5.34.80,,,,,,,4470,https://www.propertyfinder.bh/images/pf_agent/picture/c4687be3650eb710b84d25d94d25e53f73962915/desktop,,Eman Asad,Eman.ghuloom@grnata.com,eman-asad,,,,,,English|Arabic,,,Eman.ghuloom@grnata.com,670,Grnata,"Office 0, Building 0, Seef, 0, Capital Governorate, ",husain.jalil@grnata.com,+97337334334,grnata-670,,,,,,,,,,,,,,,,,,,,,,,,,,,,,,,,80,BA|SE,BA|SE,,,2026-06-05T09:09:08.616835+00:00,
53405294,53405294,Commercial Building for Sale In Sitra,"Commercial Building for Sale

Location: Sitra

Building Specifications:

Land Area: 126 m²

Built-up Area: — m²

Floors: 2

Building Details:

5 Commercial Shops with Mezzanine

1 Apartment

Additional Features:

Possibility to add 2 more apartments

Monthly Income: BHD 900
Price: BHD 155,000 (Negotiable)
-----------------------------------------------------------------------------------
""Effects Real Estate"" is a leading real estate agency specialized in marketing and real estate consultancy in the Kingdom of Bahrain, providing various services to various categories in the real estate market, including individuals, institutions, banks, companies, ministries and government agencies.

Effects Real Estate"" is distinguished by its experience in the real estate field, as it has a qualified team of marketers and real estate consultants, who are fully familiar with the various requirements of the market, and it also has a wide database of various properties that meet the needs of customers in various regions.",,,,commercial_sale,,,,none,none,,,,NO,,,,,,,,,,,1,,,,155000,BHD,sell,,,,,,126,sqm,69,Sitra,26.162988662719727,50.6124267578125,sitra,AREA,Sitra,2.69,,,,,,,6871,https://www.propertyfinder.bh/images/pf_agent/picture/4bc6f2285796d8cf6fe11a7da6254b28e6742ba0/desktop,,Riyad  Al Mubarak,riyad.effectsre@gmail.com,riyad-al-mubarak,,,,,,English|Arabic,,,riyad.effectsre@gmail.com,796,Effects Services,"Office 42, Building 881, Manama, 3618, Capital Governorate, PO Box 0",anwarasaad77@gmail.com,+97339625454,effects-services-796,,,,,,,,,,,,,,,,,,,,,,,,,,,,,,,,90,AC,AC,,,2026-06-05T09:09:08.616835+00:00,
53405288,53405288,Two Buildings for Sale In Jid Ali,"Two Buildings for Sale – Under One Title Deed

Location: Jid Ali

Building Specifications:

Land Area: 759.6 m²

Built-up Area: — m²

Floors: 3

Building Details:

6 Commercial Shops

9 Apartments (4 Office Units / 5 Residential Units)

6 Studio Apartments

 Additional Features:

Located on a busy commercial street

 Monthly Income: BHD 5,181
 Price: BHD 575,000 (Negotiable)
-----------------------------------------------------------------------------------
""Effects Real Estate"" is a leading real estate agency specialized in marketing and real estate consultancy in the Kingdom of Bahrain, providing various services to various categories in the real estate market, including individuals, institutions, banks, companies, ministries and government agencies.

Effects Real Estate"" is distinguished by its experience in the real estate field, as it has a qualified team of marketers and real estate consultants, who are fully familiar with the various requirements of the market, and it also has a wide database of various properties that meet the needs of customers in various regions.
",,,,commercial_sale,,,,none,none,,,,NO,,,,,,,,,,,2,,,,575000,BHD,sell,,,,,,759,sqm,53,Jid Ali,26.179166793823242,50.56222152709961,jid-ali,AREA,Jid Ali,2.53,,,,,,,6871,https://www.propertyfinder.bh/images/pf_agent/picture/4bc6f2285796d8cf6fe11a7da6254b28e6742ba0/desktop,,Riyad  Al Mubarak,riyad.effectsre@gmail.com,riyad-al-mubarak,,,,,,English|Arabic,,,riyad.effectsre@gmail.com,796,Effects Services,"Office 42, Building 881, Manama, 3618, Capital Governorate, PO Box 0",anwarasaad77@gmail.com,+97339625454,effects-services-796,,,,,,,,,,,,,,,,,,,,,,,,,,,,,,,,90,AC,AC,,,2026-06-05T09:09:08.616835+00:00,
715995,715995,Building FOR SALE,"Area: Salmabad
Reference: B004115
Plot size (SQM): 300
******************************************************************************

Manama is the capital and largest city in Bahrain with an approximate population of 200,000 as of the year 2020 statistics. Due to its strategic location, it is considered a home to a very diverse amount of population, foreigners, investors in addition to international firms and ministries. Therefore, Manama is currently facing high demand and low supply.
Why Grnata? Your decision to select Grnata as a licensed group of companies in the field of real estate will lead you to many benefits:

	Qualified consultants in the Bahrain market
	Modernized working methods to work accordingly in the real estate market. 
	Study and analysis of the investment’s opportunity
	Provision of all real estate services",,,,commercial_sale,,,,4,4,,,,NO,,,,,,,,,,,1,,,,215000,BHD,sell,,,,,,300,sqm,6,Salmabad,26.183332443237305,50.516666412353516,salmabad,AREA,Salmabad,2.6,,,,,,,4937,https://www.propertyfinder.bh/images/pf_agent/picture/0b600c5407b83926df47fcb900a4cbc67114dffe/desktop,,Mohammed Alsari,mohamed.alsari@grnata.com,mohammed-alsari,,,,,,English|Arabic,,,mohamed.alsari@grnata.com,670,Grnata,"Office 0, Building 0, Seef, 0, Capital Governorate, ",husain.jalil@grnata.com,+97337334334,grnata-670,,,,,,,,,,,,,,,,,,,,,,,,,,,,,,,,69,SE,SE,,,2026-06-05T09:09:08.616835+00:00,
722130,722130,Building FOR SALE,"Area:Nuwaidrat
Reference:B004178
Plot size (SQM): 530
Property type: WS
Property classification: Building 
******************************************************************************

The Ideal thing about investing in Bahrain property is that the demand is always at a peak due to the nation’s small geographic surface area, an indication that property prices, in general, will always rise.

Why Grnata? Your decision to select Grnata as a licensed group of companies in the field of real estate will lead you to many benefits such as:

	Qualified consultants in the Bahrain market
	Study and analysis of the investment’s opportunity
	A group of professional teams that are able to provide all real estate services.
Grnata is the leading real estate company in the Kingdom of Bahrain. Grnata and as seen by observers of the movement of the real estate market has taken its place in the real estate market, knocked off the pioneer, and gained the confidence of the stakeholders in the nation.",,,,commercial_sale,,,,4,4,,,,NO,,,,,,,,,,,1,,,,290000,BHD,sell,,,,,,530,sqm,75,Nuwaidrat,26.133333206176758,50.599998474121094,nuwaidrat,AREA,Nuwaidrat,2.75,,,,,,,4937,https://www.propertyfinder.bh/images/pf_agent/picture/0b600c5407b83926df47fcb900a4cbc67114dffe/desktop,,Mohammed Alsari,mohamed.alsari@grnata.com,mohammed-alsari,,,,,,English|Arabic,,,mohamed.alsari@grnata.com,670,Grnata,"Office 0, Building 0, Seef, 0, Capital Governorate, ",husain.jalil@grnata.com,+97337334334,grnata-670,,,,,,,,,,,,,,,,,,,,,,,,,,,,,,,,69,SE,SE,,,2026-06-05T09:09:08.616835+00:00,
725399,725399,Building For Sale in Hoora Area,"Area: Hoora 

Reference:B004197

Plot size (SQM):232.300

Property type: Building 

Property classification: RHB
******************************************************************************

The Ideal thing about investing in Bahrain property is that the demand is always at a peak due to the nation’s small geographic surface area, an indication that property prices, in general, will always rise.

Why Grnata? Your decision to select Grnata as a licensed group of companies in the field of real estate will lead you to many benefits such as:

Qualified consultants in the Bahrain market
Study and analysis of the investment’s opportunity
A group of professional teams that are able to provide all real estate services.
Grnata is the leading real estate company in the Kingdom of Bahrain. Grnata and as seen by observers of the movement of the real estate market has taken its place in the real estate market, knocked off the pioneer, and gained the confidence of the stakeholders in the nation.",,,,commercial_sale,,,,7+,7+,,,,YES,,,,,,,,,,,3,,,,400000,BHD,sell,,,,,,232,sqm,14,Hoora,26.23387908935547,50.5939826965332,hoora,AREA,Hoora,5.14,,,,,,,4467,https://www.propertyfinder.bh/images/pf_agent/picture/d182fe9a4895d4fc73fc63a6fbe4206781787c93/desktop,,Sayed Hasan Alhulaibi,s.hasan.alhulaibi@grnata.com,sayed-hasan-alhulaibi,,,,,,English|Arabic,,,s.hasan.alhulaibi@grnata.com,670,Grnata,"Office 0, Building 0, Seef, 0, Capital Governorate, ",husain.jalil@grnata.com,+97337334334,grnata-670,,,,,,,,,,,,,,,,,,,,,,,,,,,,,,,,69,SE,SE,,,2026-06-05T09:09:08.616835+00:00,
