change_date,change_type,listing_id,category,listing_type,property_type,title,price_prev,price_curr,price_delta,price_delta_pct,currency,price_period,area_size,area_unit,beds_min,beds_max,baths_min,city,area,community,sub_community,compound,latitude,longitude,developer,project_name,agency_name,agent_name,agent_phone,furnished,completion_status,permit_number,rera_number,amenities,share_url,first_seen_at,last_seen_at,days_on_market,scraped_at
2026-07-24,new,1001193,,,Apartment,Don't miss this opportunity: a luxury apartment,,100000.0,,,BHD,sell,,,,,,,,,,,26.23795509338379,50.45539855957031,,,,Sajjad ALBasri,,YES,completed_primary,,,,https://www.propertyfinder.bh/en/plp/buy/apartment-for-sale-northern-governorate-northern-city-madinat-salman-1001193.html,2026-06-28T20:33:34.411222+00:00,2026-07-24T21:11:47.069485+00:00,26,2026-07-24T21:11:47.069485+00:00
2026-07-24,new,1001198,,,Villa,A unique villa you shouldn't miss,,130000.0,,,BHD,sell,,,,,,,,,,,26.22623634338379,50.49492263793945,,,,Sajjad ALBasri,,PARTLY,completed_primary,,,,https://www.propertyfinder.bh/en/plp/buy/villa-for-sale-northern-governorate-jannusan-1001198.html,2026-05-31T13:58:31.068517+00:00,2026-07-24T21:11:47.069485+00:00,54,2026-07-24T21:11:47.069485+00:00
2026-07-24,new,1003162,,,Villa,A very luxurious villa ready for occupancy,,143000.0,,,BHD,sell,,,,,,,,,,,26.22623634338379,50.49492263793945,,,,Sajjad ALBasri,,NO,completed,,,,https://www.propertyfinder.bh/en/plp/buy/villa-for-sale-northern-governorate-jannusan-1003162.html,2026-05-31T13:58:31.068517+00:00,2026-07-24T21:11:47.069485+00:00,54,2026-07-24T21:11:47.069485+00:00
2026-07-24,new,51472278,,,Villa,Luxurious and distinctive villa in Tubli,,185000.0,,,BHD,sell,,,,,,,,,,,26.188888549804688,50.54999923706055,,,,Sajjad ALBasri,,NO,completed_primary,,,,https://www.propertyfinder.bh/en/plp/buy/villa-for-sale-central-governorate-tubli-2PlNDm0OKNU.html,2026-06-28T20:33:34.411222+00:00,2026-07-24T21:11:47.069485+00:00,26,2026-07-24T21:11:47.069485+00:00
2026-07-24,new,51826022,,,Villa,Don't miss this opportunity A very luxurious villa,,200000.0,,,BHD,sell,,,,,,,,,,,26.12916374206543,50.49860763549805,,,,Sajjad ALBasri,,NO,completed,,,,https://www.propertyfinder.bh/en/plp/buy/villa-for-sale-northern-governorate-hamad-town-2Q6rlfCM9qK.html,2026-05-31T13:58:31.068517+00:00,2026-07-24T21:11:47.069485+00:00,54,2026-07-24T21:11:47.069485+00:00
2026-07-24,new,51826179,,,Villa,Don't miss this opportunity! A distinctive villa,,135000.0,,,BHD,sell,,,,,,,,,,,26.100860595703125,50.48801040649414,,,,Sajjad ALBasri,,NO,completed_primary,,,,https://www.propertyfinder.bh/en/plp/buy/villa-for-sale-northern-governorate-malkiyah-2Q6ut2YNmM4.html,2026-06-28T20:33:34.411222+00:00,2026-07-24T21:11:47.069485+00:00,26,2026-07-24T21:11:47.069485+00:00
2026-07-24,new,51904423,,,Villa,Don't miss it! A luxurious villa,,155000.0,,,BHD,sell,,,,,,,,,,,26.234378814697266,50.50168228149414,,,,Sajjad ALBasri,,NO,completed_primary,,,,https://www.propertyfinder.bh/en/plp/buy/villa-for-sale-northern-governorate-jid-al-haj-2QBnM9jrnc0.html,2026-06-28T20:33:34.411222+00:00,2026-07-24T21:11:47.069485+00:00,26,2026-07-24T21:11:47.069485+00:00
2026-07-24,new,51930179,,,Apartment,Inclusive 1 bed flat in Burhama,,250.0,,,BHD,monthly,,,,,,,,,,,26.21672821044922,50.55367660522461,,,,Ayman Jnedi,,YES,,,,,https://www.propertyfinder.bh/en/plp/rent/apartment-for-rent-capital-governorate-manama-al-burhama-51930179.html,2026-07-24T21:11:47.069485+00:00,2026-07-24T21:11:47.069485+00:00,0,2026-07-24T21:11:47.069485+00:00
2026-07-24,new,52090244,,,Whole Building,A distinctive investment building suitable for inv,,240000.0,,,BHD,sell,,,,,,,,,,,26.14974594116211,50.50010299682617,,,,Sajjad ALBasri,,NO,completed,,,,https://www.propertyfinder.bh/en/plp/commercial-buy/whole-building-for-sale-northern-governorate-buri-52090244.html,2026-05-31T13:58:31.068517+00:00,2026-07-24T21:11:47.069485+00:00,54,2026-07-24T21:11:47.069485+00:00
2026-07-24,new,52090413,,,Villa,A fantastic villa opportunity you shouldn't miss,,130000.0,,,BHD,sell,,,,,,,,,,,26.22623634338379,50.49492263793945,,,,Sajjad ALBasri,,PARTLY,completed_primary,,,,https://www.propertyfinder.bh/en/plp/buy/villa-for-sale-northern-governorate-jannusan-52090413.html,2026-05-31T13:58:31.068517+00:00,2026-07-24T21:11:47.069485+00:00,54,2026-07-24T21:11:47.069485+00:00
2026-07-24,new,52091224,,,Villa,Brand new Family Villa near Saar mall,,130000.0,,,BHD,sell,,,,,,,,,,,26.19164276123047,50.48757553100586,,,,Ayman Jnedi,,PARTLY,completed_primary,,,,https://www.propertyfinder.bh/en/plp/buy/villa-for-sale-northern-governorate-saar-52091224.html,2026-05-31T13:58:31.068517+00:00,2026-07-24T21:11:47.069485+00:00,54,2026-07-24T21:11:47.069485+00:00
2026-07-24,new,52142822,,,Apartment,great opportunity luxury apartment Durrat marina,,52000.0,,,BHD,sell,,,,,,,,Durrat Marina,,,25.860807418823242,50.604957580566406,,,,Sajjad ALBasri,,YES,completed,,,,https://www.propertyfinder.bh/en/plp/buy/apartment-for-sale-southern-governorate-durrat-al-bahrain-durrat-marina-52142822.html,2026-06-28T20:33:34.411222+00:00,2026-07-24T21:11:47.069485+00:00,26,2026-07-24T21:11:47.069485+00:00
2026-07-24,new,52196528,,,Villa,Luxury villa for sale near the sea,,215000.0,,,BHD,sell,,,,,,,,,,,26.23052978515625,50.5108757019043,,,,Sajjad ALBasri,,NO,completed,,,,https://www.propertyfinder.bh/en/plp/buy/villa-for-sale-northern-governorate-karrana-52196528.html,2026-05-31T13:58:31.068517+00:00,2026-07-24T21:11:47.069485+00:00,54,2026-07-24T21:11:47.069485+00:00
2026-07-24,new,52249397,,,Villa,A distinctive villa suitable for average families,,123000.0,,,BHD,sell,,,,,,,,,,,26.234378814697266,50.50168228149414,,,,Sajjad ALBasri,,NO,completed_primary,,,,https://www.propertyfinder.bh/en/plp/buy/villa-for-sale-northern-governorate-jid-al-haj-52249397.html,2026-05-31T13:58:31.068517+00:00,2026-07-24T21:11:47.069485+00:00,54,2026-07-24T21:11:47.069485+00:00
2026-07-24,new,52274544,,,Villa,Don’t miss out—contact us today for more details,,83000.0,,,BHD,sell,,,,,,,,Al Musalla,,,26.209121704101562,50.53927230834961,,,,Sajjad ALBasri,,NO,completed,,,,https://www.propertyfinder.bh/en/plp/buy/villa-for-sale-capital-governorate-manama-al-musalla-52274544.html,2026-06-28T20:33:34.411222+00:00,2026-07-24T21:11:47.069485+00:00,26,2026-07-24T21:11:47.069485+00:00
2026-07-24,new,52274612,,,Apartment,A very special opportunity for owners and investor,,110000.0,,,BHD,sell,,,,,,,,Manama Sea Front,,,26.24812126159668,50.57044219970703,,,,Sajjad ALBasri,,YES,completed,,,,https://www.propertyfinder.bh/en/plp/buy/apartment-for-sale-capital-governorate-manama-manama-sea-front-52274612.html,2026-06-28T20:33:34.411222+00:00,2026-07-24T21:11:47.069485+00:00,26,2026-07-24T21:11:47.069485+00:00
2026-07-24,new,52275474,,,Apartment,An excellent opportunity for those looking for fla,,40000.0,,,BHD,sell,,,,,,,,,,,26.21312713623047,50.528221130371094,,,,Sajjad ALBasri,,NO,completed,,,,https://www.propertyfinder.bh/en/plp/buy/apartment-for-sale-northern-governorate-jeblat-hebshi-52275474.html,2026-05-31T13:58:31.068517+00:00,2026-07-24T21:11:47.069485+00:00,54,2026-07-24T21:11:47.069485+00:00
2026-07-24,new,52275500,,,Villa,A unique realestate opportunity in Al-Hassan HOOD,,144000.0,,,BHD,sell,,,,,,,,,,,26.113693237304688,50.48170471191406,,,,Sajjad ALBasri,,NO,completed_primary,,,,https://www.propertyfinder.bh/en/plp/buy/villa-for-sale-northern-governorate-karzakkan-52275500.html,2026-05-31T13:58:31.068517+00:00,2026-07-24T21:11:47.069485+00:00,54,2026-07-24T21:11:47.069485+00:00
2026-07-24,new,52436735,,,Villa,A very special real estate opportunity,,90000.0,,,BHD,sell,,,,,,,,,,,26.179166793823242,50.56222152709961,,,,Sajjad ALBasri,,NO,completed,,,,https://www.propertyfinder.bh/en/plp/buy/villa-for-sale-central-governorate-jid-ali-52436735.html,2026-05-31T13:58:31.068517+00:00,2026-07-24T21:11:47.069485+00:00,54,2026-07-24T21:11:47.069485+00:00
2026-07-24,new,52463755,,,Apartment,Elegant 3 Bedroom Semi Furnished Apartment in Saar,,380.0,,,BHD,monthly,,,,,,,,,,,26.19164276123047,50.48757553100586,,,,Sajjad ALBasri,,PARTLY,,,,,https://www.propertyfinder.bh/en/plp/rent/apartment-for-rent-northern-governorate-saar-52463755.html,2026-05-31T13:58:31.068517+00:00,2026-07-24T21:11:47.069485+00:00,54,2026-07-24T21:11:47.069485+00:00
2026-07-24,new,52489803,,,Apartment,Fully Furnished 3BR Apartment for Rent in Saar,,480.0,,,BHD,monthly,,,,,,,,,,,26.19164276123047,50.48757553100586,,,,Sajjad ALBasri,,YES,,,,,https://www.propertyfinder.bh/en/plp/rent/apartment-for-rent-northern-governorate-saar-52489803.html,2026-05-31T13:58:31.068517+00:00,2026-07-24T21:11:47.069485+00:00,54,2026-07-24T21:11:47.069485+00:00
2026-07-24,new,52489817,,,Apartment,Fully Furnished 3BR Apartment for Rent in Saar,,550.0,,,BHD,monthly,,,,,,,,,,,26.19164276123047,50.48757553100586,,,,Sajjad ALBasri,,YES,,,,,https://www.propertyfinder.bh/en/plp/rent/apartment-for-rent-northern-governorate-saar-52489817.html,2026-05-31T13:58:31.068517+00:00,2026-07-24T21:11:47.069485+00:00,54,2026-07-24T21:11:47.069485+00:00
2026-07-24,new,52544259,,,Villa,"A very special villa, don't miss the opportunity!!",,156000.0,,,BHD,sell,,,,,,,,,,,26.25,50.650001525878906,,,,Sajjad ALBasri,,NO,completed_primary,,,,https://www.propertyfinder.bh/en/plp/buy/villa-for-sale-muharraq-governorate-arad-52544259.html,2026-05-31T13:58:31.068517+00:00,2026-07-24T21:11:47.069485+00:00,54,2026-07-24T21:11:47.069485+00:00
2026-07-24,new,52571905,,,Villa,"Ground floor villa in Saar, at a bargain price.",,150000.0,,,BHD,sell,,,,,,,,,,,26.19164276123047,50.48757553100586,,,,Sajjad ALBasri,,NO,completed,,,,https://www.propertyfinder.bh/en/plp/buy/villa-for-sale-northern-governorate-saar-52571905.html,2026-05-31T13:58:31.068517+00:00,2026-07-24T21:11:47.069485+00:00,54,2026-07-24T21:11:47.069485+00:00
2026-07-24,new,52675819,,,Villa,Spacious Family Villa with Garden in Ishbiliya,,155000.0,,,BHD,sell,,,,,,,,,,,26.21312713623047,50.528221130371094,,,,Sajjad ALBasri,,NO,completed,,,,https://www.propertyfinder.bh/en/plp/buy/villa-for-sale-northern-governorate-jeblat-hebshi-52675819.html,2026-05-31T13:58:31.068517+00:00,2026-07-24T21:11:47.069485+00:00,54,2026-07-24T21:11:47.069485+00:00
2026-07-24,new,52880143,,,Apartment,Brand new 2 bed in Burahama Balcony,,300.0,,,BHD,monthly,,,,,,,,,,,26.21672821044922,50.55367660522461,,,,Ayman Jnedi,,PARTLY,,,,,https://www.propertyfinder.bh/en/plp/rent/apartment-for-rent-capital-governorate-manama-al-burhama-52880143.html,2026-05-31T13:58:31.068517+00:00,2026-07-24T21:11:47.069485+00:00,54,2026-07-24T21:11:47.069485+00:00
2026-07-24,new,52880249,,,Apartment,Penthouse Sea view| MAID ROOM| BEACH,,230000.0,,,BHD,sell,,,,,,,,,,,26.241750717163086,50.5663948059082,,,,Ayman Jnedi,,YES,completed,,,,https://www.propertyfinder.bh/en/plp/buy/apartment-for-sale-capital-governorate-reef-island-52880249.html,2026-05-31T13:58:31.068517+00:00,2026-07-24T21:11:47.069485+00:00,54,2026-07-24T21:11:47.069485+00:00
2026-07-24,new,52880267,,,Whole Building,1400 BD Monthly income in Arad good investment,,183000.0,,,BHD,sell,,,,,,,,,,,26.25,50.650001525878906,,,,Ayman Jnedi,,PARTLY,completed,,,,https://www.propertyfinder.bh/en/plp/buy/whole-building-for-sale-muharraq-governorate-arad-52880267.html,2026-06-11T20:57:11.134489+00:00,2026-07-24T21:11:47.069485+00:00,43,2026-07-24T21:11:47.069485+00:00
2026-07-24,new,52880271,,,Apartment,Modern 1 bed Saar sant crest school,,240.0,,,BHD,monthly,,,,,,,,,,,26.21263313293457,50.67418670654297,,,,Ayman Jnedi,,YES,,,,,https://www.propertyfinder.bh/en/plp/rent/apartment-for-rent-muharraq-governorate-hidd-52880271.html,2026-05-31T13:58:31.068517+00:00,2026-07-24T21:11:47.069485+00:00,54,2026-07-24T21:11:47.069485+00:00
2026-07-24,new,52880351,,,Villa,Brand new Sea Beach Front villa Amwaj,,740000.0,,,BHD,sell,,,,,,,,Amwaj Marina,,,26.293058395385742,50.65943908691406,,,,Ayman Jnedi,,PARTLY,completed_primary,,,,https://www.propertyfinder.bh/en/plp/buy/villa-for-sale-muharraq-governorate-amwaj-islands-amwaj-marina-52880351.html,2026-05-31T13:58:31.068517+00:00,2026-07-24T21:11:47.069485+00:00,54,2026-07-24T21:11:47.069485+00:00
2026-07-24,new,52880588,,,Land,Corner Residential Land Near the Sea in Barbar,,68000.0,,,BHD,sell,,,,,,,,,,,26.229394912719727,50.48070526123047,,,,Sajjad ALBasri,,,,,,,https://www.propertyfinder.bh/en/plp/buy/land-for-sale-northern-governorate-barbar-52880588.html,2026-05-31T13:58:31.068517+00:00,2026-07-24T21:11:47.069485+00:00,54,2026-07-24T21:11:47.069485+00:00
2026-07-24,new,52957120,,,Apartment,Close kitchen pool inclusive 2 bed in Hidd,,300.0,,,BHD,monthly,,,,,,,,,,,26.21263313293457,50.67418670654297,,,,Ayman Jnedi,,YES,,,,,https://www.propertyfinder.bh/en/plp/rent/apartment-for-rent-muharraq-governorate-hidd-52957120.html,2026-05-31T13:58:31.068517+00:00,2026-07-24T21:11:47.069485+00:00,54,2026-07-24T21:11:47.069485+00:00
2026-07-24,new,53086494,,,Whole Building,Prime Commercial Building for Sale in Busaiteen,,1800000.0,,,BHD,sell,,,,,,,,,,,26.27199935913086,50.60900115966797,,,,Sajjad ALBasri,,PARTLY,completed_primary,,,,https://www.propertyfinder.bh/en/plp/commercial-buy/whole-building-for-sale-muharraq-governorate-busaiteen-53086494.html,2026-05-31T13:58:31.068517+00:00,2026-07-24T21:11:47.069485+00:00,54,2026-07-24T21:11:47.069485+00:00
2026-07-24,new,53086788,,,Whole Building,Prime High-Income Investment Building in Busaiteen,,3700000.0,,,BHD,sell,,,,,,,,,,,26.27199935913086,50.60900115966797,,,,Sajjad ALBasri,,YES,completed,,,,https://www.propertyfinder.bh/en/plp/commercial-buy/whole-building-for-sale-muharraq-governorate-busaiteen-53086788.html,2026-05-31T13:58:31.068517+00:00,2026-07-24T21:11:47.069485+00:00,54,2026-07-24T21:11:47.069485+00:00
2026-07-24,new,53086806,,,Whole Building,Investment Building for Sale in Al Hura – Stable,,420000.0,,,BHD,sell,,,,,,,,Exhibition Road,,,26.231962203979492,50.59507369995117,,,,Sajjad ALBasri,,YES,completed,,,,https://www.propertyfinder.bh/en/plp/buy/whole-building-for-sale-capital-governorate-hoora-exhibition-road-53086806.html,2026-05-31T13:58:31.068517+00:00,2026-07-24T21:11:47.069485+00:00,54,2026-07-24T21:11:47.069485+00:00
2026-07-24,new,53086810,,,Land,Corner Residential Land Near the Sea in Barbar,,68000.0,,,BHD,sell,,,,,,,,,,,26.229394912719727,50.48070526123047,,,,Sajjad ALBasri,,,,,,,https://www.propertyfinder.bh/en/plp/buy/land-for-sale-northern-governorate-barbar-53086810.html,2026-06-19T20:38:08.437876+00:00,2026-07-24T21:11:47.069485+00:00,35,2026-07-24T21:11:47.069485+00:00
2026-07-24,new,53433091,,,Villa,Don’t miss out—contact us today for more details,,83000.0,,,BHD,sell,,,,,,,,Al Musalla,,,26.209121704101562,50.53927230834961,,,,Sajjad ALBasri,,NO,completed,,,,https://www.propertyfinder.bh/en/plp/buy/villa-for-sale-capital-governorate-manama-al-musalla-53433091.html,2026-05-31T13:58:31.068517+00:00,2026-07-24T21:11:47.069485+00:00,54,2026-07-24T21:11:47.069485+00:00
2026-07-24,new,53433092,,,Villa,A very luxurious and elegant villa for sale,,350000.0,,,BHD,sell,,,,,,,,,,,26.19164276123047,50.48757553100586,,,,Sajjad ALBasri,,NO,completed_primary,,,,https://www.propertyfinder.bh/en/plp/buy/villa-for-sale-northern-governorate-saar-53433092.html,2026-05-31T13:58:31.068517+00:00,2026-07-24T21:11:47.069485+00:00,54,2026-07-24T21:11:47.069485+00:00
2026-07-24,new,53433200,,,Whole Building,Prime Commercial Investment Building in Salmabad,,620000.0,,,BHD,sell,,,,,,,,,,,26.183332443237305,50.516666412353516,,,,Sajjad ALBasri,,NO,completed,,,,https://www.propertyfinder.bh/en/plp/commercial-buy/whole-building-for-sale-central-governorate-salmabad-53433200.html,2026-05-31T13:58:31.068517+00:00,2026-07-24T21:11:47.069485+00:00,54,2026-07-24T21:11:47.069485+00:00
2026-07-24,new,53433486,,,Land,Residential Land for Sale in A’ali  Prime Location,,55000.0,,,BHD,sell,,,,,,,,,,,26.1634578704834,50.515289306640625,,,,Sajjad ALBasri,,,,,,,https://www.propertyfinder.bh/en/plp/buy/land-for-sale-central-governorate-a-ali-53433486.html,2026-05-31T13:58:31.068517+00:00,2026-07-24T21:11:47.069485+00:00,54,2026-07-24T21:11:47.069485+00:00
2026-07-24,new,53433510,,,Villa,Luxury Super Deluxe Vila for Sale in Jeblat Habshi,,220000.0,,,BHD,sell,,,,,,,,,,,26.21312713623047,50.528221130371094,,,,Sajjad ALBasri,,NO,completed_primary,,,,https://www.propertyfinder.bh/en/plp/buy/villa-for-sale-northern-governorate-jeblat-hebshi-53433510.html,2026-05-31T13:58:31.068517+00:00,2026-07-24T21:11:47.069485+00:00,54,2026-07-24T21:11:47.069485+00:00
2026-07-24,new,53433529,,,Villa,For Sale New and luxurious villa in Hamala,,126000.0,,,BHD,sell,,,,,,,,,,,26.140336990356445,50.478271484375,,,,سيد أحمد الموسوي,,NO,completed_primary,,,,https://www.propertyfinder.bh/en/plp/buy/villa-for-sale-northern-governorate-hamala-53433529.html,2026-05-31T13:58:31.068517+00:00,2026-07-24T21:11:47.069485+00:00,54,2026-07-24T21:11:47.069485+00:00
2026-07-24,new,53433531,,,Land,prime residential land for sale in maqaba,,112000.0,,,BHD,sell,,,,,,,,,,,26.21023941040039,50.49468231201172,,,,سيد أحمد الموسوي,,,,,,,https://www.propertyfinder.bh/en/plp/buy/land-for-sale-northern-governorate-maqabah-53433531.html,2026-05-31T13:58:31.068517+00:00,2026-07-24T21:11:47.069485+00:00,54,2026-07-24T21:11:47.069485+00:00
2026-07-24,new,53433567,,,Villa,House for Sale in Hamad Town – IN a very good loca,,120000.0,,,BHD,sell,,,,,,,,,,,26.12916374206543,50.49860763549805,,,,Sajjad ALBasri,,NO,completed,,,,https://www.propertyfinder.bh/en/plp/buy/villa-for-sale-northern-governorate-hamad-town-53433567.html,2026-05-31T13:58:31.068517+00:00,2026-07-24T21:11:47.069485+00:00,54,2026-07-24T21:11:47.069485+00:00
2026-07-24,new,53461790,,,Land,Prime residential land for sale in Al-Busaiteen,,103073.0,,,BHD,sell,,,,,,,,,,,26.27199935913086,50.60900115966797,,,,سيد أحمد الموسوي,,,,,,,https://www.propertyfinder.bh/en/plp/buy/land-for-sale-muharraq-governorate-busaiteen-53461790.html,2026-05-31T13:58:31.068517+00:00,2026-07-24T21:11:47.069485+00:00,54,2026-07-24T21:11:47.069485+00:00
2026-07-24,new,53575200,,,Villa,Villa for Sale in Isa Town Prime Family Living,,142000.0,,,BHD,sell,,,,,,,,,,,26.16529655456543,50.552181243896484,,,,Sajjad ALBasri,,NO,completed_primary,,,,https://www.propertyfinder.bh/en/plp/buy/villa-for-sale-central-governorate-isa-town-53575200.html,2026-05-31T13:58:31.068517+00:00,2026-07-24T21:11:47.069485+00:00,54,2026-07-24T21:11:47.069485+00:00
2026-07-24,new,53575262,,,Villa,Elegant Family Villa for Sale in Tubli,,155000.0,,,BHD,sell,,,,,,,,,,,26.188888549804688,50.54999923706055,,,,Sajjad ALBasri,,NO,completed,,,,https://www.propertyfinder.bh/en/plp/buy/villa-for-sale-central-governorate-tubli-53575262.html,2026-05-31T13:58:31.068517+00:00,2026-07-24T21:11:47.069485+00:00,54,2026-07-24T21:11:47.069485+00:00
2026-07-24,new,53683179,,,Land,Prime residential land for sale in bani jamrah,,102000.0,,,BHD,sell,,,,,,,,,,,26.25605010986328,50.60966491699219,,,,سيد أحمد الموسوي,,,,,,,https://www.propertyfinder.bh/en/plp/buy/land-for-sale-northern-governorate-bani-jamra-53683179.html,2026-05-31T13:58:31.068517+00:00,2026-07-24T21:11:47.069485+00:00,54,2026-07-24T21:11:47.069485+00:00
2026-07-24,new,53683183,,,Whole Building,Commercial building for sale in Buri area,,170000.0,,,BHD,sell,,,,,,,,,,,26.14974594116211,50.50010299682617,,,,سيد أحمد الموسوي,,PARTLY,completed,,,,https://www.propertyfinder.bh/en/plp/commercial-buy/whole-building-for-sale-northern-governorate-buri-53683183.html,2026-05-31T13:58:31.068517+00:00,2026-07-24T21:11:47.069485+00:00,54,2026-07-24T21:11:47.069485+00:00
2026-07-24,new,53683186,,,Villa,For sale: A distinctive villa in Hamala,,105000.0,,,BHD,sell,,,,,,,,,,,26.140336990356445,50.478271484375,,,,سيد أحمد الموسوي,,PARTLY,completed,,,,https://www.propertyfinder.bh/en/plp/buy/villa-for-sale-northern-governorate-hamala-53683186.html,2026-05-31T13:58:31.068517+00:00,2026-07-24T21:11:47.069485+00:00,54,2026-07-24T21:11:47.069485+00:00
2026-07-24,new,53710993,,,Apartment,Furnished Studio Apartment for Sale in Busaiteen,,33000.0,,,BHD,sell,,,,,,,,,,,26.27199935913086,50.60900115966797,,,,Sajjad ALBasri,,YES,completed,,,,https://www.propertyfinder.bh/en/plp/buy/apartment-for-sale-muharraq-governorate-busaiteen-53710993.html,2026-05-31T13:58:31.068517+00:00,2026-07-24T21:11:47.069485+00:00,54,2026-07-24T21:11:47.069485+00:00
2026-07-24,new,53738232,,,Villa,Luxury Waterfront GT Villa for Sale in AL- Durra,,270000.0,,,BHD,sell,,,,,,,,Durrat Marina,,,25.860807418823242,50.604957580566406,,,,Sajjad ALBasri,,YES,completed,,,,https://www.propertyfinder.bh/en/plp/buy/villa-for-sale-southern-governorate-durrat-al-bahrain-durrat-marina-53738232.html,2026-05-31T13:58:31.068517+00:00,2026-07-24T21:11:47.069485+00:00,54,2026-07-24T21:11:47.069485+00:00
2026-07-24,new,53738256,,,Villa,Luxury Waterfront GT Villa for Sale in Durrat Al B,,250000.0,,,BHD,sell,,,,,,,,Murjan 1 (Phase 1 and 2),,,25.83552360534668,50.61116027832031,,,,Sajjad ALBasri,,YES,completed,,,,https://www.propertyfinder.bh/en/plp/buy/villa-for-sale-southern-governorate-durrat-al-bahrain-murjan-1-phase-1-and-2-53738256.html,2026-05-31T13:58:31.068517+00:00,2026-07-24T21:11:47.069485+00:00,54,2026-07-24T21:11:47.069485+00:00
2026-07-24,new,53765744,,,Show Room,Prime Showroom for Rent Near King Hamad Hospital,,700.0,,,BHD,monthly,,,,,,,,,,,26.27199935913086,50.60900115966797,,,,Sajjad ALBasri,,YES,,,,,https://www.propertyfinder.bh/en/plp/commercial-rent/show-room-for-rent-muharraq-governorate-busaiteen-53765744.html,2026-05-31T13:58:31.068517+00:00,2026-07-24T21:11:47.069485+00:00,54,2026-07-24T21:11:47.069485+00:00
2026-07-24,new,53765791,,,Office Space,Office Apartment for Rent– Prime Business Location,,430.0,,,BHD,monthly,,,,,,,,,,,26.27199935913086,50.60900115966797,,,,Sajjad ALBasri,,YES,,,,,https://www.propertyfinder.bh/en/plp/commercial-rent/office-space-for-rent-muharraq-governorate-busaiteen-53765791.html,2026-05-31T13:58:31.068517+00:00,2026-07-24T21:11:47.069485+00:00,54,2026-07-24T21:11:47.069485+00:00
2026-07-24,new,53765819,,,Office Space,Office Apartment for Rent– Prime Business Location,,430.0,,,BHD,monthly,,,,,,,,,,,26.27199935913086,50.60900115966797,,,,Sajjad ALBasri,,PARTLY,,,,,https://www.propertyfinder.bh/en/plp/commercial-rent/office-space-for-rent-muharraq-governorate-busaiteen-53765819.html,2026-05-31T13:58:31.068517+00:00,2026-07-24T21:11:47.069485+00:00,54,2026-07-24T21:11:47.069485+00:00
2026-07-24,new,53765824,,,Office Space,Flexible Office Space for Rent in Busaiteen,,430.0,,,BHD,monthly,,,,,,,,,,,26.27199935913086,50.60900115966797,,,,Sajjad ALBasri,,PARTLY,,,,,https://www.propertyfinder.bh/en/plp/commercial-rent/office-space-for-rent-muharraq-governorate-busaiteen-53765824.html,2026-05-31T13:58:31.068517+00:00,2026-07-24T21:11:47.069485+00:00,54,2026-07-24T21:11:47.069485+00:00
2026-07-24,new,53765828,,,Office Space,Full Floor Office Space for Rent in Busaiteen,,1400.0,,,BHD,monthly,,,,,,,,,,,26.27199935913086,50.60900115966797,,,,Sajjad ALBasri,,PARTLY,,,,,https://www.propertyfinder.bh/en/plp/commercial-rent/office-space-for-rent-muharraq-governorate-busaiteen-53765828.html,2026-05-31T13:58:31.068517+00:00,2026-07-24T21:11:47.069485+00:00,54,2026-07-24T21:11:47.069485+00:00
2026-07-24,new,53765840,,,Medical Facility,Turnkey Medical Center for Sale in Busaiteen,,150000.0,,,BHD,sell,,,,,,,,,,,26.27199935913086,50.60900115966797,,,,Sajjad ALBasri,,YES,completed,,,,https://www.propertyfinder.bh/en/plp/commercial-buy/medical-facility-for-sale-muharraq-governorate-busaiteen-53765840.html,2026-05-31T13:58:31.068517+00:00,2026-07-24T21:11:47.069485+00:00,54,2026-07-24T21:11:47.069485+00:00
2026-07-24,new,53765850,,,Apartment,Modern Apartment for Sale with Premium,,48000.0,,,BHD,sell,,,,,,,,,,,26.211111068725586,50.601112365722656,,,,Sajjad ALBasri,,YES,completed,,,,https://www.propertyfinder.bh/en/plp/buy/apartment-for-sale-capital-governorate-al-juffair-53765850.html,2026-05-31T13:58:31.068517+00:00,2026-07-24T21:11:47.069485+00:00,54,2026-07-24T21:11:47.069485+00:00
2026-07-24,new,53765952,,,Villa,Luxury and spacious villa for sale in Shahrakkan,,158000.0,,,BHD,sell,,,,,,,,,,,26.07509422302246,50.499610900878906,,,,سيد أحمد الموسوي,,PARTLY,completed,,,,https://www.propertyfinder.bh/en/plp/buy/villa-for-sale-northern-governorate-shahrakan-53765952.html,2026-05-31T13:58:31.068517+00:00,2026-07-24T21:11:47.069485+00:00,54,2026-07-24T21:11:47.069485+00:00
2026-07-24,new,53765953,,,Land,Commercial land for sale in Al-Aker,,150000.0,,,BHD,sell,,,,,,,,,,,26.143688201904297,50.60297393798828,,,,سيد أحمد الموسوي,,,,,,,https://www.propertyfinder.bh/en/plp/commercial-buy/land-for-sale-central-governorate-eker-53765953.html,2026-05-31T13:58:31.068517+00:00,2026-07-24T21:11:47.069485+00:00,54,2026-07-24T21:11:47.069485+00:00
2026-07-24,new,53765959,,,Land,Investment land for sale in Amwaj,,300000.0,,,BHD,sell,,,,,,,,,,,26.288480758666992,50.66381072998047,,,,سيد أحمد الموسوي,,,,,,,https://www.propertyfinder.bh/en/plp/buy/land-for-sale-muharraq-governorate-amwaj-islands-53765959.html,2026-05-31T13:58:31.068517+00:00,2026-07-24T21:11:47.069485+00:00,54,2026-07-24T21:11:47.069485+00:00
2026-07-24,new,53765966,,,Land,Prime residential land for sale in Tubli,,132620.0,,,BHD,sell,,,,,,,,,,,26.188888549804688,50.54999923706055,,,,سيد أحمد الموسوي,,,,,,,https://www.propertyfinder.bh/en/plp/buy/land-for-sale-central-governorate-tubli-53765966.html,2026-05-31T13:58:31.068517+00:00,2026-07-24T21:11:47.069485+00:00,54,2026-07-24T21:11:47.069485+00:00
2026-07-24,new,53765969,,,Land,Prime residential land for sale in Sadad,,105000.0,,,BHD,sell,,,,,,,,,,,26.08335304260254,50.48234558105469,,,,سيد أحمد الموسوي,,,,,,,https://www.propertyfinder.bh/en/plp/buy/land-for-sale-northern-governorate-sadad-53765969.html,2026-05-31T13:58:31.068517+00:00,2026-07-24T21:11:47.069485+00:00,54,2026-07-24T21:11:47.069485+00:00
2026-07-24,new,53765982,,,Villa,New and luxurious villa for sale in Hamala,,118000.0,,,BHD,sell,,,,,,,,,,,26.140336990356445,50.478271484375,,,,سيد أحمد الموسوي,,NO,completed_primary,,,,https://www.propertyfinder.bh/en/plp/buy/villa-for-sale-northern-governorate-hamala-53765982.html,2026-05-31T13:58:31.068517+00:00,2026-07-24T21:11:47.069485+00:00,54,2026-07-24T21:11:47.069485+00:00
2026-07-24,new,53766028,,,Land,Residential land on two streets 4 sale in Al-Ramli,,69000.0,,,BHD,sell,,,,,,,,,,,26.183332443237305,50.516666412353516,,,,Sajjad ALBasri,,,,,,,https://www.propertyfinder.bh/en/plp/buy/land-for-sale-central-governorate-salmabad-53766028.html,2026-05-31T13:58:31.068517+00:00,2026-07-24T21:11:47.069485+00:00,54,2026-07-24T21:11:47.069485+00:00
2026-07-24,new,53766029,,,Land,Corner Residential Plot for Sale in Al Ramli,,78892.0,,,BHD,sell,,,,,,,,,,,26.183332443237305,50.516666412353516,,,,Sajjad ALBasri,,,,,,,https://www.propertyfinder.bh/en/plp/buy/land-for-sale-central-governorate-salmabad-53766029.html,2026-05-31T13:58:31.068517+00:00,2026-07-24T21:11:47.069485+00:00,54,2026-07-24T21:11:47.069485+00:00
2026-07-24,new,53766032,,,Land,Commercial Land 4Sale Prime Investment Opportunity,,269073.0,,,BHD,sell,,,,,,,,,,,26.20975685119629,50.50579833984375,,,,Sajjad ALBasri,,,,,,,https://www.propertyfinder.bh/en/plp/commercial-buy/land-for-sale-northern-governorate-shakhura-53766032.html,2026-05-31T13:58:31.068517+00:00,2026-07-24T21:11:47.069485+00:00,54,2026-07-24T21:11:47.069485+00:00
2026-07-24,new,53766034,,,Land,Residential Land 4Sale in North Sehla on Two Roads,,178084.0,,,BHD,sell,,,,,,,,,,,26.20176887512207,50.53025436401367,,,,Sajjad ALBasri,,,,,,,https://www.propertyfinder.bh/en/plp/buy/land-for-sale-northern-governorate-sehla-53766034.html,2026-05-31T13:58:31.068517+00:00,2026-07-24T21:11:47.069485+00:00,54,2026-07-24T21:11:47.069485+00:00
2026-07-24,new,53788907,,,Land,Investment Land for Sale in Ras Zuwayed,,85000.0,,,BHD,sell,,,,,,,,,,,26.085487365722656,50.61517333984375,,,,Sajjad ALBasri,,,,,,,https://www.propertyfinder.bh/en/plp/commercial-buy/land-for-sale-southern-governorate-ras-zuwayed-53788907.html,2026-05-31T13:58:31.068517+00:00,2026-07-24T21:11:47.069485+00:00,54,2026-07-24T21:11:47.069485+00:00
2026-07-24,new,53792275,,,Land,Investment Land for Sale in Ras Zuwayed,,85000.0,,,BHD,sell,,,,,,,,,,,26.085487365722656,50.61517333984375,,,,Sajjad ALBasri,,,,,,,https://www.propertyfinder.bh/en/plp/commercial-buy/land-for-sale-southern-governorate-ras-zuwayed-53792275.html,2026-05-31T13:58:31.068517+00:00,2026-07-24T21:11:47.069485+00:00,54,2026-07-24T21:11:47.069485+00:00
2026-07-24,new,53933925,,,Villa,Modern Villa for Sale with Expansion Potential,,120000.0,,,BHD,sell,,,,,,,,,,,26.149999618530273,50.58333206176758,,,,Sajjad ALBasri,,PARTLY,completed,,,,https://www.propertyfinder.bh/en/plp/buy/villa-for-sale-central-governorate-sanad-53933925.html,2026-05-31T13:58:31.068517+00:00,2026-07-24T21:11:47.069485+00:00,54,2026-07-24T21:11:47.069485+00:00
2026-07-24,new,53934240,,,Villa,Luxury GT Villa for Rent in Durrat AL Bahrain,,1700.0,,,BHD,monthly,,,,,,,,Durrat Marina,,,25.860807418823242,50.604957580566406,,,,Sajjad ALBasri,,YES,,,,,https://www.propertyfinder.bh/en/plp/rent/villa-for-rent-southern-governorate-durrat-al-bahrain-durrat-marina-53934240.html,2026-05-31T13:58:31.068517+00:00,2026-07-24T21:11:47.069485+00:00,54,2026-07-24T21:11:47.069485+00:00
2026-07-24,new,53934258,,,Villa,Luxury GT Villa for Rent in Durrat  AL Bahrain,,1700.0,,,BHD,monthly,,,,,,,,Murjan 1 (Phase 1 and 2),,,25.83552360534668,50.61116027832031,,,,Sajjad ALBasri,,YES,,,,,https://www.propertyfinder.bh/en/plp/rent/villa-for-rent-southern-governorate-durrat-al-bahrain-murjan-1-phase-1-and-2-53934258.html,2026-05-31T13:58:31.068517+00:00,2026-07-24T21:11:47.069485+00:00,54,2026-07-24T21:11:47.069485+00:00
2026-07-24,new,53934321,,,Villa,Spacious Villa for Sale in Hoorat Sanad,,120000.0,,,BHD,sell,,,,,,,,,,,26.149999618530273,50.58333206176758,,,,Sajjad ALBasri,,NO,completed,,,,https://www.propertyfinder.bh/en/plp/buy/villa-for-sale-central-governorate-sanad-53934321.html,2026-05-31T13:58:31.068517+00:00,2026-07-24T21:11:47.069485+00:00,54,2026-07-24T21:11:47.069485+00:00
2026-07-24,new,53934349,,,Land,Land for Sale in Karanah – Excellent Investment,,106164.0,,,BHD,sell,,,,,,,,,,,26.23052978515625,50.5108757019043,,,,Sajjad ALBasri,,,,,,,https://www.propertyfinder.bh/en/plp/buy/land-for-sale-northern-governorate-karrana-53934349.html,2026-05-31T13:58:31.068517+00:00,2026-07-24T21:11:47.069485+00:00,54,2026-07-24T21:11:47.069485+00:00
2026-07-24,new,55284592,,,Villa,"Private Garden, Near the Sea, Corner 2 Streets",,148000.0,,,BHD,sell,,,,,,,,,,,26.23795509338379,50.45539855957031,,,,Abdulla Murad,,YES,completed,,,,https://www.propertyfinder.bh/en/plp/buy/villa-for-sale-northern-governorate-northern-city-madinat-salman-55284592.html,2026-07-16T21:09:41.077970+00:00,2026-07-24T21:11:47.069485+00:00,8,2026-07-24T21:11:47.069485+00:00
2026-07-24,new,55484321,,,Apartment,Private Pool | Massive 3.5 BR | Brand New,,1100.0,,,BHD,monthly,,,,,,,,Water Garden City,,,26.24260139465332,50.55380630493164,,,,Adeel Ajaz,,YES,,,,,https://www.propertyfinder.bh/en/plp/rent/apartment-for-rent-capital-governorate-manama-water-garden-city-55484321.html,2026-07-24T21:11:47.069485+00:00,2026-07-24T21:11:47.069485+00:00,0,2026-07-24T21:11:47.069485+00:00
2026-07-24,new,55511635,,,Apartment,LUXURY | BALCONY | SEA VIEW | SEEF AVENUE |SUNSET,,450.0,,,BHD,monthly,,,,,,,,,,,26.239999771118164,50.5369987487793,,,,Ismail Abdullah,,YES,,,,,https://www.propertyfinder.bh/en/plp/rent/apartment-for-rent-capital-governorate-seef-55511635.html,2026-07-24T21:11:47.069485+00:00,2026-07-24T21:11:47.069485+00:00,0,2026-07-24T21:11:47.069485+00:00
2026-07-24,new,55511636,,,Apartment,LOWER FLOOR | PRIVATE TERACES | SPACIOUS | STORE,,450.0,,,BHD,monthly,,,,,,,,,,,26.239999771118164,50.5369987487793,,,,Ismail Abdullah,,YES,,,,,https://www.propertyfinder.bh/en/plp/rent/apartment-for-rent-capital-governorate-seef-55511636.html,2026-07-24T21:11:47.069485+00:00,2026-07-24T21:11:47.069485+00:00,0,2026-07-24T21:11:47.069485+00:00
2026-07-24,new,55511669,,,Apartment,SEA VIEW | HIGH FLOOR | COZY | SPACIOUS |,,350.0,,,BHD,monthly,,,,,,,,,,,26.239999771118164,50.5369987487793,,,,Gulnaz Amangeldinova,,YES,,,,,https://www.propertyfinder.bh/en/plp/rent/apartment-for-rent-capital-governorate-seef-55511669.html,2026-07-24T21:11:47.069485+00:00,2026-07-24T21:11:47.069485+00:00,0,2026-07-24T21:11:47.069485+00:00
2026-07-24,new,55511759,,,Apartment,LUXURY STUDIO l BALCONY l 5 STAR FACILITIES,,325.0,,,BHD,monthly,,,,,,,,,,,26.211111068725586,50.601112365722656,,,,Milkah Afandi,,YES,,,,,https://www.propertyfinder.bh/en/plp/rent/apartment-for-rent-capital-governorate-al-juffair-55511759.html,2026-07-24T21:11:47.069485+00:00,2026-07-24T21:11:47.069485+00:00,0,2026-07-24T21:11:47.069485+00:00
2026-07-24,new,55511772,,,Apartment,Luxury┃Spacious┃Balcony┃House keeping,,300.0,,,BHD,monthly,,,,,,,,,,,26.211111068725586,50.601112365722656,,,,Milkah Afandi,,YES,,,,,https://www.propertyfinder.bh/en/plp/rent/apartment-for-rent-capital-governorate-al-juffair-55511772.html,2026-07-24T21:11:47.069485+00:00,2026-07-24T21:11:47.069485+00:00,0,2026-07-24T21:11:47.069485+00:00
2026-07-24,new,55511775,,,Apartment,Brand new | First Occupant |Bright| Housekeeping,,450.0,,,BHD,monthly,,,,,,,,,,,26.211111068725586,50.601112365722656,,,,Milkah Afandi,,YES,,,,,https://www.propertyfinder.bh/en/plp/rent/apartment-for-rent-capital-governorate-al-juffair-55511775.html,2026-07-24T21:11:47.069485+00:00,2026-07-24T21:11:47.069485+00:00,0,2026-07-24T21:11:47.069485+00:00
2026-07-24,new,55511820,,,Apartment,SEA VIEW HIGH FLOOR | RENOVATED | WIFI | BALCONY,,300.0,,,BHD,monthly,,,,,,,,Amwaj Avenue,,,26.29302978515625,50.66474151611328,,,,Fadi Eweida,,YES,,,,,https://www.propertyfinder.bh/en/plp/rent/apartment-for-rent-muharraq-governorate-amwaj-islands-amwaj-avenue-55511820.html,2026-07-24T21:11:47.069485+00:00,2026-07-24T21:11:47.069485+00:00,0,2026-07-24T21:11:47.069485+00:00
2026-07-24,new,55511826,,,Apartment,HOT DEAL BRIGHT MODERN WITH BALCONY GYM AND POOL,,370.0,,,BHD,monthly,,,,,,,,Diyar Al Muharraq,,,26.303447723388672,50.6461296081543,,,,Fadi Eweida,,YES,,,,,https://www.propertyfinder.bh/en/plp/rent/apartment-for-rent-muharraq-governorate-diyar-al-muharraq-marassi-al-bahrain-55511826.html,2026-07-24T21:11:47.069485+00:00,2026-07-24T21:11:47.069485+00:00,0,2026-07-24T21:11:47.069485+00:00
2026-07-24,new,55511828,,,Apartment,HOT DEAL BRIGHT MODERN WITH BALCONY GYM AND POOL,,1200.0,,,BHD,monthly,,,,,,,,Diyar Al Muharraq,Marassi Shores Residences,,26.303447723388672,50.6461296081543,,,,Fadi Eweida,,YES,,,,,https://www.propertyfinder.bh/en/plp/rent/apartment-for-rent-muharraq-governorate-diyar-al-muharraq-marassi-shores-residences-55511828.html,2026-07-24T21:11:47.069485+00:00,2026-07-24T21:11:47.069485+00:00,0,2026-07-24T21:11:47.069485+00:00
2026-07-24,new,55511830,,,Apartment,NEW | HOT OFFER | SEA VIEW  | BRIGHT SPACIOUS,,375.0,,,BHD,monthly,,,,,,,,The Lagoon,,,26.287778854370117,50.66339111328125,,,,Fadi Eweida,,YES,,,,,https://www.propertyfinder.bh/en/plp/rent/apartment-for-rent-muharraq-governorate-amwaj-islands-the-lagoon-55511830.html,2026-07-24T21:11:47.069485+00:00,2026-07-24T21:11:47.069485+00:00,0,2026-07-24T21:11:47.069485+00:00
2026-07-24,new,55511867,,,Apartment,NEW FURNITURE/ FANTASTIC DEAL / BRIGHT SPACIOUS,,300.0,,,BHD,monthly,,,,,,,,The Lagoon,,,26.287778854370117,50.66339111328125,,,,Fadi Eweida,,YES,,,,,https://www.propertyfinder.bh/en/plp/rent/apartment-for-rent-muharraq-governorate-amwaj-islands-the-lagoon-55511867.html,2026-07-24T21:11:47.069485+00:00,2026-07-24T21:11:47.069485+00:00,0,2026-07-24T21:11:47.069485+00:00
2026-07-24,new,55511869,,,Apartment,BRIGHT UNIQUE | SEA VIEW | PETS ALLOWED | BALCONY,,320.0,,,BHD,monthly,,,,,,,,Amwaj Avenue,,,26.29302978515625,50.66474151611328,,,,Fadi Eweida,,YES,,,,,https://www.propertyfinder.bh/en/plp/rent/apartment-for-rent-muharraq-governorate-amwaj-islands-amwaj-avenue-55511869.html,2026-07-24T21:11:47.069485+00:00,2026-07-24T21:11:47.069485+00:00,0,2026-07-24T21:11:47.069485+00:00
2026-07-24,new,55511882,,,Whole Building,"Prime area, Strong investment, High ROI income",,75000.0,,,BHD,sell,,,,,,,,,,,26.25,50.616668701171875,,,,Abdulla Murad,,NO,completed,,,,https://www.propertyfinder.bh/en/plp/buy/whole-building-for-sale-muharraq-governorate-muharraq-55511882.html,2026-07-24T21:11:47.069485+00:00,2026-07-24T21:11:47.069485+00:00,0,2026-07-24T21:11:47.069485+00:00
2026-07-24,new,55511883,,,Apartment,Experience Luxury Living in the Heart of Juffair,,68000.0,,,BHD,sell,,,,,,,,,,,26.211111068725586,50.601112365722656,,,,Abdulrahman Mohammed,,YES,completed,,,,https://www.propertyfinder.bh/en/plp/buy/apartment-for-sale-capital-governorate-al-juffair-55511883.html,2026-07-24T21:11:47.069485+00:00,2026-07-24T21:11:47.069485+00:00,0,2026-07-24T21:11:47.069485+00:00
2026-07-24,new,55511886,,,Apartment,Ownership Opportunity in Al Busaiteen,,68000.0,,,BHD,sell,,,,,,,,,,,26.27199935913086,50.60900115966797,,,,Fahad Mohd,,NO,completed,,,,https://www.propertyfinder.bh/en/plp/buy/apartment-for-sale-muharraq-governorate-busaiteen-55511886.html,2026-07-24T21:11:47.069485+00:00,2026-07-24T21:11:47.069485+00:00,0,2026-07-24T21:11:47.069485+00:00
2026-07-24,new,55511888,,,Apartment,READY TO MOVE BRIGHT WITH 2 BALCONY | PETS ALLOWED,,320.0,,,BHD,monthly,,,,,,,,Amwaj Avenue,,,26.29302978515625,50.66474151611328,,,,Fadi Eweida,,YES,,,,,https://www.propertyfinder.bh/en/plp/rent/apartment-for-rent-muharraq-governorate-amwaj-islands-amwaj-avenue-55511888.html,2026-07-24T21:11:47.069485+00:00,2026-07-24T21:11:47.069485+00:00,0,2026-07-24T21:11:47.069485+00:00
2026-07-24,new,55511901,,,Apartment,SPACIOUS | SWIMMING POOL | GYM | KID'S PLAY AREA,,320.0,,,BHD,monthly,,,,,,,,Amwaj Avenue,,,26.29302978515625,50.66474151611328,,,,Fadi Eweida,,YES,,,,,https://www.propertyfinder.bh/en/plp/rent/apartment-for-rent-muharraq-governorate-amwaj-islands-amwaj-avenue-55511901.html,2026-07-24T21:11:47.069485+00:00,2026-07-24T21:11:47.069485+00:00,0,2026-07-24T21:11:47.069485+00:00
2026-07-24,new,55511902,,,Apartment,"Modern design, spacious, great investment",,50000.0,,,BHD,sell,,,,,,,,,,,26.21263313293457,50.67418670654297,,,,Fahad Mohd,,NO,completed,,,,https://www.propertyfinder.bh/en/plp/buy/apartment-for-sale-muharraq-governorate-hidd-55511902.html,2026-07-24T21:11:47.069485+00:00,2026-07-24T21:11:47.069485+00:00,0,2026-07-24T21:11:47.069485+00:00
2026-07-24,new,55511916,,,Villa,Luxury freehold villa with full privacy & sea view,,3750.0,,,BHD,monthly,,,,,,,,Essence of Dilmunia,,,26.27286720275879,50.672889709472656,,,,Abdulrahman Mohammed,,YES,,,,,https://www.propertyfinder.bh/en/plp/rent/villa-for-rent-muharraq-governorate-dilmunia-island-essence-of-dilmunia-55511916.html,2026-07-24T21:11:47.069485+00:00,2026-07-24T21:11:47.069485+00:00,0,2026-07-24T21:11:47.069485+00:00
2026-07-24,new,55511921,,,Apartment,"Elegant & quiet, spacious, fully furnished",,420.0,,,BHD,monthly,,,,,,,,,,,26.27199935913086,50.60900115966797,,,,Fahad Mohd,,YES,,,,,https://www.propertyfinder.bh/en/plp/rent/apartment-for-rent-muharraq-governorate-busaiteen-55511921.html,2026-07-24T21:11:47.069485+00:00,2026-07-24T21:11:47.069485+00:00,0,2026-07-24T21:11:47.069485+00:00
2026-07-24,new,55511933,,,Villa,"Prime location, quiet area, corner on two streets",,139000.0,,,BHD,sell,,,,,,,,,,,26.25,50.616668701171875,,,,Fahad Mohd,,NO,completed,,,,https://www.propertyfinder.bh/en/plp/buy/villa-for-sale-muharraq-governorate-muharraq-55511933.html,2026-07-24T21:11:47.069485+00:00,2026-07-24T21:11:47.069485+00:00,0,2026-07-24T21:11:47.069485+00:00
2026-07-24,new,55511966,,,Apartment,New | Modern | House Keeping I  Balcony I wifi,,400.0,,,BHD,monthly,,,,,,,,,,,26.211111068725586,50.601112365722656,,,,Antony Shaiju,,YES,,,,,https://www.propertyfinder.bh/en/plp/rent/apartment-for-rent-capital-governorate-al-juffair-55511966.html,2026-07-24T21:11:47.069485+00:00,2026-07-24T21:11:47.069485+00:00,0,2026-07-24T21:11:47.069485+00:00
2026-07-24,new,55511975,,,Apartment,Beautiful Sea View I Higher Floor I Huge Balcony,,400.0,,,BHD,monthly,,,,,,,,,,,26.211111068725586,50.601112365722656,,,,Antony Shaiju,,YES,,,,,https://www.propertyfinder.bh/en/plp/rent/apartment-for-rent-capital-governorate-al-juffair-55511975.html,2026-07-24T21:11:47.069485+00:00,2026-07-24T21:11:47.069485+00:00,0,2026-07-24T21:11:47.069485+00:00
2026-07-24,new,55511977,,,Apartment,Modern I Great View I Balcony I Great Facilities,,300.0,,,BHD,monthly,,,,,,,,,,,26.211111068725586,50.601112365722656,,,,Antony Shaiju,,YES,,,,,https://www.propertyfinder.bh/en/plp/rent/apartment-for-rent-capital-governorate-al-juffair-55511977.html,2026-07-24T21:11:47.069485+00:00,2026-07-24T21:11:47.069485+00:00,0,2026-07-24T21:11:47.069485+00:00
2026-07-24,new,55511978,,,Apartment,Modern Living| Private Balcony I 5-Star Facilities,,300.0,,,BHD,monthly,,,,,,,,,,,26.211111068725586,50.601112365722656,,,,Antony Shaiju,,YES,,,,,https://www.propertyfinder.bh/en/plp/rent/apartment-for-rent-capital-governorate-al-juffair-55511978.html,2026-07-24T21:11:47.069485+00:00,2026-07-24T21:11:47.069485+00:00,0,2026-07-24T21:11:47.069485+00:00
2026-07-24,new,55511981,,,Apartment,New I Modern I House Keeping | Wifi | Balcony,,300.0,,,BHD,monthly,,,,,,,,,,,26.211111068725586,50.601112365722656,,,,Antony Shaiju,,YES,,,,,https://www.propertyfinder.bh/en/plp/rent/apartment-for-rent-capital-governorate-al-juffair-55511981.html,2026-07-24T21:11:47.069485+00:00,2026-07-24T21:11:47.069485+00:00,0,2026-07-24T21:11:47.069485+00:00
2026-07-24,new,55511982,,,Apartment,New I Modern I Luxury I House Keeping I Balcony!,,520.0,,,BHD,monthly,,,,,,,,,,,26.211111068725586,50.601112365722656,,,,Antony Shaiju,,YES,,,,,https://www.propertyfinder.bh/en/plp/rent/apartment-for-rent-capital-governorate-al-juffair-55511982.html,2026-07-24T21:11:47.069485+00:00,2026-07-24T21:11:47.069485+00:00,0,2026-07-24T21:11:47.069485+00:00
2026-07-24,new,55511983,,,Apartment,Brand New Modern Spacious House Keeping Wifi,,480.0,,,BHD,monthly,,,,,,,,,,,26.211111068725586,50.601112365722656,,,,Antony Shaiju,,YES,,,,,https://www.propertyfinder.bh/en/plp/rent/apartment-for-rent-capital-governorate-al-juffair-55511983.html,2026-07-24T21:11:47.069485+00:00,2026-07-24T21:11:47.069485+00:00,0,2026-07-24T21:11:47.069485+00:00
2026-07-24,new,55511992,,,Apartment,Modern I Closed Kitchen I Balcony I 2 Master Rooms,,500.0,,,BHD,monthly,,,,,,,,,,,26.211111068725586,50.601112365722656,,,,Antony Shaiju,,YES,,,,,https://www.propertyfinder.bh/en/plp/rent/apartment-for-rent-capital-governorate-al-juffair-55511992.html,2026-07-24T21:11:47.069485+00:00,2026-07-24T21:11:47.069485+00:00,0,2026-07-24T21:11:47.069485+00:00
2026-07-24,new,55511993,,,Apartment,New | Stylish I Modern I Very Bright I Spacious,,280.0,,,BHD,monthly,,,,,,,,,,,26.211111068725586,50.601112365722656,,,,Antony Shaiju,,YES,,,,,https://www.propertyfinder.bh/en/plp/rent/apartment-for-rent-capital-governorate-al-juffair-55511993.html,2026-07-24T21:11:47.069485+00:00,2026-07-24T21:11:47.069485+00:00,0,2026-07-24T21:11:47.069485+00:00
2026-07-24,new,55512023,,,Apartment,CASH DEAL | URGENT SALE | SEAVIEW 1 BR | JUFFAIR,,35500.0,,,BHD,sell,,,,,,,,,,,26.211111068725586,50.601112365722656,,,,JUNAID MUNAWAR,,YES,completed,,,,https://www.propertyfinder.bh/en/plp/buy/apartment-for-sale-capital-governorate-al-juffair-55512023.html,2026-07-24T21:11:47.069485+00:00,2026-07-24T21:11:47.069485+00:00,0,2026-07-24T21:11:47.069485+00:00
2026-07-24,new,55512039,,,Apartment,BALCONY | CLOSED KITCHEN | AMENITIES | NEAR RCSI,,430.0,,,BHD,monthly,,,,,,,,,,,26.27199935913086,50.60900115966797,,,,SANAL KAKKAT,,YES,,,,,https://www.propertyfinder.bh/en/plp/rent/apartment-for-rent-muharraq-governorate-busaiteen-55512039.html,2026-07-24T21:11:47.069485+00:00,2026-07-24T21:11:47.069485+00:00,0,2026-07-24T21:11:47.069485+00:00
2026-07-24,new,55512050,,,Apartment,Bright | Near RCSI | Balcony | Easy Access,,350.0,,,BHD,monthly,,,,,,,,,,,26.27199935913086,50.60900115966797,,,,SANAL KAKKAT,,YES,,,,,https://www.propertyfinder.bh/en/plp/rent/apartment-for-rent-muharraq-governorate-busaiteen-55512050.html,2026-07-24T21:11:47.069485+00:00,2026-07-24T21:11:47.069485+00:00,0,2026-07-24T21:11:47.069485+00:00
2026-07-24,new,55512067,,,Apartment,Hot Deal | Luxury 2BR Apartment with Stunning City,,350.0,,,BHD,monthly,,,,,,,,,,,26.211111068725586,50.601112365722656,,,,Antony Shaiju,,YES,,,,,https://www.propertyfinder.bh/en/plp/rent/apartment-for-rent-capital-governorate-al-juffair-55512067.html,2026-07-24T21:11:47.069485+00:00,2026-07-24T21:11:47.069485+00:00,0,2026-07-24T21:11:47.069485+00:00
2026-07-24,new,55512068,,,Apartment,New I Modernly Furnished I Family Building,,1000.0,,,BHD,monthly,,,,,,,,,,,26.241750717163086,50.5663948059082,,,,Antony Shaiju,,YES,,,,,https://www.propertyfinder.bh/en/plp/rent/apartment-for-rent-capital-governorate-reef-island-55512068.html,2026-07-24T21:11:47.069485+00:00,2026-07-24T21:11:47.069485+00:00,0,2026-07-24T21:11:47.069485+00:00
2026-07-24,new,55512092,,,Apartment,Near Seef modern Studio Pool Gym for rent,,250.0,,,BHD,monthly,,,,,,,,,,,26.239999771118164,50.5369987487793,,,,Ayman Jnedi,,YES,,,,,https://www.propertyfinder.bh/en/plp/rent/apartment-for-rent-capital-governorate-seef-55512092.html,2026-07-24T21:11:47.069485+00:00,2026-07-24T21:11:47.069485+00:00,0,2026-07-24T21:11:47.069485+00:00
2026-07-24,new,55512109,,,Apartment,Very Spaciuos I All attched Baths I House Keeping,,650.0,,,BHD,monthly,,,,,,,,,,,26.207910537719727,50.587345123291016,,,,Antony Shaiju,,YES,,,,,https://www.propertyfinder.bh/en/plp/rent/apartment-for-rent-capital-governorate-manama-mahooz-55512109.html,2026-07-24T21:11:47.069485+00:00,2026-07-24T21:11:47.069485+00:00,0,2026-07-24T21:11:47.069485+00:00
2026-07-24,new,55512111,,,Villa,MODERN VILLA IN A COMPUND | WITH BIG GARDEN,,1000.0,,,BHD,monthly,,,,,,,,,,,26.185943603515625,50.46711349487305,,,,Antony Shaiju,,PARTLY,,,,,https://www.propertyfinder.bh/en/plp/rent/villa-for-rent-northern-governorate-janabiya-55512111.html,2026-07-24T21:11:47.069485+00:00,2026-07-24T21:11:47.069485+00:00,0,2026-07-24T21:11:47.069485+00:00
2026-07-24,new,55512121,,,Apartment,Pool Gym Inclusive near Sant Crest school,,350.0,,,BHD,monthly,,,,,,,,,,,26.19164276123047,50.48757553100586,,,,Ayman Jnedi,,YES,,,,,https://www.propertyfinder.bh/en/plp/rent/apartment-for-rent-northern-governorate-saar-55512121.html,2026-07-24T21:11:47.069485+00:00,2026-07-24T21:11:47.069485+00:00,0,2026-07-24T21:11:47.069485+00:00
2026-07-24,new,55512127,,,Apartment,New I Modern I  Spacious I Wifi I Pool I Balcony,,450.0,,,BHD,monthly,,,,,,,,,,,26.203079223632812,50.594947814941406,,,,Antony Shaiju,,YES,,,,,https://www.propertyfinder.bh/en/plp/rent/apartment-for-rent-capital-governorate-manama-um-al-hasam-55512127.html,2026-07-24T21:11:47.069485+00:00,2026-07-24T21:11:47.069485+00:00,0,2026-07-24T21:11:47.069485+00:00
2026-07-24,new,55512128,,,Apartment,Brand New Apartment | Modern | Prime Location,,250.0,,,BHD,monthly,,,,,,,,,,,26.2102108001709,50.56403350830078,,,,Antony Shaiju,,YES,,,,,https://www.propertyfinder.bh/en/plp/rent/apartment-for-rent-capital-governorate-manama-zinj-55512128.html,2026-07-24T21:11:47.069485+00:00,2026-07-24T21:11:47.069485+00:00,0,2026-07-24T21:11:47.069485+00:00
2026-07-24,new,55512130,,,Apartment,New I Sea View | House Keeping I EWA 80/ Per Month,,500.0,,,BHD,monthly,,,,,,,,,,,26.211111068725586,50.601112365722656,,,,Antony Shaiju,,YES,,,,,https://www.propertyfinder.bh/en/plp/rent/apartment-for-rent-capital-governorate-al-juffair-55512130.html,2026-07-24T21:11:47.069485+00:00,2026-07-24T21:11:47.069485+00:00,0,2026-07-24T21:11:47.069485+00:00
2026-07-24,new,55512131,,,Apartment,Deal !!!! Modern I New I Balcony I Great Views,,300.0,,,BHD,monthly,,,,,,,,The Treasure,,,26.27286720275879,50.672889709472656,,,,Antony Shaiju,,YES,,,,,https://www.propertyfinder.bh/en/plp/rent/apartment-for-rent-muharraq-governorate-dilmunia-island-the-treasure-55512131.html,2026-07-24T21:11:47.069485+00:00,2026-07-24T21:11:47.069485+00:00,0,2026-07-24T21:11:47.069485+00:00
2026-07-24,new,55512260,,,Apartment,UNLIMITED EWA FULLY FURNISHED  CLOSE KITCHEN,,350.0,,,BHD,monthly,,,,,,,,,,,26.211111068725586,50.601112365722656,,,,Mohamed Ali,,YES,,,,,https://www.propertyfinder.bh/en/plp/rent/apartment-for-rent-capital-governorate-al-juffair-55512260.html,2026-07-24T21:11:47.069485+00:00,2026-07-24T21:11:47.069485+00:00,0,2026-07-24T21:11:47.069485+00:00
2026-07-24,new,55512279,,,Apartment,STUNNING SEA VIEW | LUXURY LIVING | PRIME JUFFAIR,,400.0,,,BHD,monthly,,,,,,,,,,,26.211111068725586,50.601112365722656,,,,Sheraz Majeed ,,YES,,,,,https://www.propertyfinder.bh/en/plp/rent/apartment-for-rent-capital-governorate-al-juffair-55512279.html,2026-07-24T21:11:47.069485+00:00,2026-07-24T21:11:47.069485+00:00,0,2026-07-24T21:11:47.069485+00:00
2026-07-24,new,55512283,,,Apartment,STYLISH STUDIO | HIGH-END LIVING | FULL FACILITIES,,300.0,,,BHD,monthly,,,,,,,,,,,26.211111068725586,50.601112365722656,,,,Sheraz Majeed ,,YES,,,,,https://www.propertyfinder.bh/en/plp/rent/apartment-for-rent-capital-governorate-al-juffair-55512283.html,2026-07-24T21:11:47.069485+00:00,2026-07-24T21:11:47.069485+00:00,0,2026-07-24T21:11:47.069485+00:00
2026-07-24,new,55512394,,,Apartment,SPACIOUS 2BHK WITH BALCONY/BEHIND / RAMEZ RIFFA/MY,,130.0,,,BHD,monthly,,,,,,,,Alhajiyat,,,26.128984451293945,50.58171463012695,,,,Nayla Tabussam,,NO,,,,,https://www.propertyfinder.bh/en/plp/rent/apartment-for-rent-southern-governorate-riffa-alhajiyat-55512394.html,2026-07-24T21:11:47.069485+00:00,2026-07-24T21:11:47.069485+00:00,0,2026-07-24T21:11:47.069485+00:00
2026-07-24,new,55512409,,,Villa,BRAND NEW 4BHK | BEST PRICE! | STANDALONE VILLA,,126000.0,,,BHD,sell,,,,,,,,,,,26.27199935913086,50.60900115966797,,,,Hamza Rajhi,,PARTLY,completed_primary,,,,https://www.propertyfinder.bh/en/plp/buy/villa-for-sale-muharraq-governorate-busaiteen-55512409.html,2026-07-24T21:11:47.069485+00:00,2026-07-24T21:11:47.069485+00:00,0,2026-07-24T21:11:47.069485+00:00
2026-07-24,new,55512480,,,Apartment,2 BR Furnished Apartment with Shared Pool,,600.0,,,BHD,monthly,,,,,,,,,,,26.239999771118164,50.5369987487793,,,,Gaylee Cammayo,,YES,,,,,https://www.propertyfinder.bh/en/plp/rent/apartment-for-rent-capital-governorate-seef-55512480.html,2026-07-24T21:11:47.069485+00:00,2026-07-24T21:11:47.069485+00:00,0,2026-07-24T21:11:47.069485+00:00
2026-07-24,new,55512534,,,Apartment,Furnished 1 BR Apartment with Water View in Unit 424,,410.0,,,BHD,monthly,,,,,,,,,,,26.249584197998047,50.580360412597656,,,,Gaylee Cammayo,,YES,,,,,https://www.propertyfinder.bh/en/plp/rent/apartment-for-rent-capital-governorate-bahrain-bay-55512534.html,2026-07-24T21:11:47.069485+00:00,2026-07-24T21:11:47.069485+00:00,0,2026-07-24T21:11:47.069485+00:00
2026-07-24,new,55512540,,,Apartment,1 BR Furnished Apartment with Balcony in BF,,350.0,,,BHD,monthly,,,,,,,,,,,26.239999771118164,50.5369987487793,,,,Gaylee Cammayo,,YES,,,,,https://www.propertyfinder.bh/en/plp/rent/apartment-for-rent-capital-governorate-seef-55512540.html,2026-07-24T21:11:47.069485+00:00,2026-07-24T21:11:47.069485+00:00,0,2026-07-24T21:11:47.069485+00:00
2026-07-24,new,55512550,,,Apartment,2 BR Furnished Apartment with Water View,,650.0,,,BHD,monthly,,,,,,,,The Treasure,,,26.27286720275879,50.672889709472656,,,,Gaylee Cammayo,,YES,,,,,https://www.propertyfinder.bh/en/plp/rent/apartment-for-rent-muharraq-governorate-dilmunia-island-the-treasure-55512550.html,2026-07-24T21:11:47.069485+00:00,2026-07-24T21:11:47.069485+00:00,0,2026-07-24T21:11:47.069485+00:00
2026-07-24,new,55512572,,,Apartment,1 BR Furnished Apartment with Balcony in BF,,350.0,,,BHD,monthly,,,,,,,,,,,26.21263313293457,50.67418670654297,,,,Gaylee Cammayo,,YES,,,,,https://www.propertyfinder.bh/en/plp/rent/apartment-for-rent-muharraq-governorate-hidd-55512572.html,2026-07-24T21:11:47.069485+00:00,2026-07-24T21:11:47.069485+00:00,0,2026-07-24T21:11:47.069485+00:00
2026-07-24,new,55512584,,,Apartment,Limited Unit|Bright-Modern|Spacious|Balcony|Studio,,240.0,,,BHD,monthly,,,,,,,,,,,26.211111068725586,50.601112365722656,,,,Hazeeth,,YES,,,,,https://www.propertyfinder.bh/en/plp/rent/apartment-for-rent-capital-governorate-al-juffair-55512584.html,2026-07-24T21:11:47.069485+00:00,2026-07-24T21:11:47.069485+00:00,0,2026-07-24T21:11:47.069485+00:00
2026-07-24,new,55512615,,,Apartment,Never Used - No commission - High Investment,,64000.0,,,BHD,sell,,,,,,,,Bahrain Financial Harbour,,,26.23778533935547,50.57342529296875,,,,Khalid Alkhaja,,YES,completed,,,,https://www.propertyfinder.bh/en/plp/buy/apartment-for-sale-capital-governorate-manama-bahrain-financial-harbour-55512615.html,2026-07-24T21:11:47.069485+00:00,2026-07-24T21:11:47.069485+00:00,0,2026-07-24T21:11:47.069485+00:00
2026-07-24,new,55512617,,,Villa,Private Community I 25 Years Payment I FREEHOLD,,213000.0,,,BHD,sell,,,,,,,,Al Areen Development,,,26.003664016723633,50.517555236816406,,,,Khalid Alkhaja,,PARTLY,off_plan_primary,,,,https://www.propertyfinder.bh/en/plp/buy/villa-for-sale-southern-governorate-zallaq-al-areen-development-55512617.html,2026-07-24T21:11:47.069485+00:00,2026-07-24T21:11:47.069485+00:00,0,2026-07-24T21:11:47.069485+00:00
2026-07-24,new,55512619,,,Apartment,"Sale 67,000-Rent 540-Never Used-Alkoheji Furniture",,540.0,,,BHD,sell,,,,,,,,,,,26.249584197998047,50.580360412597656,,,,Khalid Alkhaja,,YES,completed_primary,,,,https://www.propertyfinder.bh/en/plp/buy/apartment-for-sale-capital-governorate-bahrain-bay-55512619.html,2026-07-24T21:11:47.069485+00:00,2026-07-24T21:11:47.069485+00:00,0,2026-07-24T21:11:47.069485+00:00
2026-07-24,new,55512621,,,Apartment,"Sale 91,000-Rent 700-Alkoheji Furniture",,700.0,,,BHD,sell,,,,,,,,,,,26.249584197998047,50.580360412597656,,,,Khalid Alkhaja,,YES,completed_primary,,,,https://www.propertyfinder.bh/en/plp/buy/apartment-for-sale-capital-governorate-bahrain-bay-55512621.html,2026-07-24T21:11:47.069485+00:00,2026-07-24T21:11:47.069485+00:00,0,2026-07-24T21:11:47.069485+00:00
2026-07-24,new,55512625,,,Apartment,Sea view large balcony compound 2 Bed Tubli,,380.0,,,BHD,monthly,,,,,,,,,,,26.188888549804688,50.54999923706055,,,,Ayman Jnedi,,YES,,,,,https://www.propertyfinder.bh/en/plp/rent/apartment-for-rent-central-governorate-tubli-55512625.html,2026-07-24T21:11:47.069485+00:00,2026-07-24T21:11:47.069485+00:00,0,2026-07-24T21:11:47.069485+00:00
2026-07-24,new,55512627,,,Apartment,Sea view 1 Bed in Tubli Balcony,,300.0,,,BHD,monthly,,,,,,,,,,,26.188888549804688,50.54999923706055,,,,Ayman Jnedi,,YES,,,,,https://www.propertyfinder.bh/en/plp/rent/apartment-for-rent-central-governorate-tubli-55512627.html,2026-07-24T21:11:47.069485+00:00,2026-07-24T21:11:47.069485+00:00,0,2026-07-24T21:11:47.069485+00:00
2026-07-24,new,55512631,,,Apartment,Sea view Inclsuive 1 1bed 5 star facilities seef,,350.0,,,BHD,monthly,,,,,,,,,,,26.239999771118164,50.5369987487793,,,,Ayman Jnedi,,YES,,,,,https://www.propertyfinder.bh/en/plp/rent/apartment-for-rent-capital-governorate-seef-55512631.html,2026-07-24T21:11:47.069485+00:00,2026-07-24T21:11:47.069485+00:00,0,2026-07-24T21:11:47.069485+00:00
2026-07-24,new,55512633,,,Apartment,Modern 3 Bed in AMWAJ for rent Balcony,,500.0,,,BHD,monthly,,,,,,,,Amwaj Avenue,,,26.29302978515625,50.66474151611328,,,,Ayman Jnedi,,YES,,,,,https://www.propertyfinder.bh/en/plp/rent/apartment-for-rent-muharraq-governorate-amwaj-islands-amwaj-avenue-55512633.html,2026-07-24T21:11:47.069485+00:00,2026-07-24T21:11:47.069485+00:00,0,2026-07-24T21:11:47.069485+00:00
2026-07-24,new,55512634,,,Apartment,Close Kitchen Balcony 2 Bed in Juffair,,300.0,,,BHD,monthly,,,,,,,,,,,26.211111068725586,50.601112365722656,,,,Ayman Jnedi,,YES,,,,,https://www.propertyfinder.bh/en/plp/rent/apartment-for-rent-capital-governorate-al-juffair-55512634.html,2026-07-24T21:11:47.069485+00:00,2026-07-24T21:11:47.069485+00:00,0,2026-07-24T21:11:47.069485+00:00
2026-07-24,new,55512642,,,Apartment,Housekeeping Balcony Sea view Balcony JuffIar,,525.0,,,BHD,monthly,,,,,,,,,,,26.211111068725586,50.601112365722656,,,,Ayman Jnedi,,YES,,,,,https://www.propertyfinder.bh/en/plp/rent/apartment-for-rent-capital-governorate-al-juffair-55512642.html,2026-07-24T21:11:47.069485+00:00,2026-07-24T21:11:47.069485+00:00,0,2026-07-24T21:11:47.069485+00:00
2026-07-24,new,55512647,,,Apartment,Elegant 3-Bedroom Semi-Furnished Villa For Rent,,650.0,,,BHD,monthly,,,,,,,,,,,26.19164276123047,50.48757553100586,,,,Abdulla Makhlooq,,PARTLY,,,,,https://www.propertyfinder.bh/en/plp/rent/apartment-for-rent-northern-governorate-saar-55512647.html,2026-07-24T21:11:47.069485+00:00,2026-07-24T21:11:47.069485+00:00,0,2026-07-24T21:11:47.069485+00:00
2026-07-24,new,55512660,,,Apartment,Close Kitchen 1 bed near Seef pool gym,,260.0,,,BHD,monthly,,,,,,,,,,,26.239999771118164,50.5369987487793,,,,Ayman Jnedi,,YES,,,,,https://www.propertyfinder.bh/en/plp/rent/apartment-for-rent-capital-governorate-seef-55512660.html,2026-07-24T21:11:47.069485+00:00,2026-07-24T21:11:47.069485+00:00,0,2026-07-24T21:11:47.069485+00:00
2026-07-24,new,55512664,,,Apartment,Modern Inclusive 2 bed Hidd Balcony,,330.0,,,BHD,monthly,,,,,,,,,,,26.211111068725586,50.601112365722656,,,,Ayman Jnedi,,YES,,,,,https://www.propertyfinder.bh/en/plp/rent/apartment-for-rent-capital-governorate-al-juffair-55512664.html,2026-07-24T21:11:47.069485+00:00,2026-07-24T21:11:47.069485+00:00,0,2026-07-24T21:11:47.069485+00:00
2026-07-24,new,55512665,,,Apartment,GREAT SEA VIEW BRIGHT AND BEACH ACCESS | POOL |GYM,,1100.0,,,BHD,monthly,,,,,,,,Diyar Al Muharraq,Marassi Shores Residences,,26.303447723388672,50.6461296081543,,,,Fadi Eweida,,YES,,,,,https://www.propertyfinder.bh/en/plp/rent/apartment-for-rent-muharraq-governorate-diyar-al-muharraq-marassi-shores-residences-55512665.html,2026-07-24T21:11:47.069485+00:00,2026-07-24T21:11:47.069485+00:00,0,2026-07-24T21:11:47.069485+00:00
2026-07-24,new,55512668,,,Villa,WATERFRONT GREEK STYLE + MAID | POOL | SEA VIEW,,850.0,,,BHD,monthly,,,,,,,,Amwaj Beachfront,,,26.28470230102539,50.664039611816406,,,,Fadi Eweida,,PARTLY,,,,,https://www.propertyfinder.bh/en/plp/rent/villa-for-rent-muharraq-governorate-amwaj-islands-amwaj-beachfront-55512668.html,2026-07-24T21:11:47.069485+00:00,2026-07-24T21:11:47.069485+00:00,0,2026-07-24T21:11:47.069485+00:00
2026-07-24,new,55512669,,,Apartment,Studio For Rent Close To King Hamad Hospital,,270.0,,,BHD,monthly,,,,,,,,,,,26.27199935913086,50.60900115966797,,,,Abdulla Makhlooq,,YES,,,,,https://www.propertyfinder.bh/en/plp/rent/apartment-for-rent-muharraq-governorate-busaiteen-55512669.html,2026-07-24T21:11:47.069485+00:00,2026-07-24T21:11:47.069485+00:00,0,2026-07-24T21:11:47.069485+00:00
2026-07-24,new,55512671,,,Apartment,Sea view maids balcony 2 bed Juffair,,52000.0,,,BHD,sell,,,,,,,,,,,26.211111068725586,50.601112365722656,,,,Ayman Jnedi,,YES,completed,,,,https://www.propertyfinder.bh/en/plp/buy/apartment-for-sale-capital-governorate-al-juffair-55512671.html,2026-07-24T21:11:47.069485+00:00,2026-07-24T21:11:47.069485+00:00,0,2026-07-24T21:11:47.069485+00:00
2026-07-24,new,55512673,,,Apartment,BIG TERRACE | SEA AND CITY VIEW | HOUSEKEEPING.,,399.0,,,BHD,monthly,,,,,,,,The Lagoon,,,26.287778854370117,50.66339111328125,,,,Fadi Eweida,,YES,,,,,https://www.propertyfinder.bh/en/plp/rent/apartment-for-rent-muharraq-governorate-amwaj-islands-the-lagoon-55512673.html,2026-07-24T21:11:47.069485+00:00,2026-07-24T21:11:47.069485+00:00,0,2026-07-24T21:11:47.069485+00:00
2026-07-24,new,55512675,,,Apartment,PRIVATE GARDEN | MODERN | POOL | GYM |SPORTS COURT,,1100.0,,,BHD,monthly,,,,,,,,Canal View,,,26.273908615112305,50.67207336425781,,,,Fadi Eweida,,YES,,,,,https://www.propertyfinder.bh/en/plp/rent/apartment-for-rent-muharraq-governorate-dilmunia-island-canal-view-55512675.html,2026-07-24T21:11:47.069485+00:00,2026-07-24T21:11:47.069485+00:00,0,2026-07-24T21:11:47.069485+00:00
2026-07-24,new,55512677,,,Apartment,FLOATING CITY + SEA VIEW | MEENA 7 GYM & POOL,,475.0,,,BHD,monthly,,,,,,,,Amwaj Marina,,,26.293058395385742,50.65943908691406,,,,Fadi Eweida,,PARTLY,,,,,https://www.propertyfinder.bh/en/plp/rent/apartment-for-rent-muharraq-governorate-amwaj-islands-amwaj-marina-55512677.html,2026-07-24T21:11:47.069485+00:00,2026-07-24T21:11:47.069485+00:00,0,2026-07-24T21:11:47.069485+00:00
2026-07-24,new,55512683,,,Apartment,SPACIOUS 4BR | JACUZZI | POOL | GYM | BRITISH CLUB,,650.0,,,BHD,monthly,,,,,,,,,,,26.203079223632812,50.594947814941406,,,,Fadi Eweida,,PARTLY,,,,,https://www.propertyfinder.bh/en/plp/rent/apartment-for-rent-capital-governorate-manama-um-al-hasam-55512683.html,2026-07-24T21:11:47.069485+00:00,2026-07-24T21:11:47.069485+00:00,0,2026-07-24T21:11:47.069485+00:00
2026-07-24,new,55512685,,,Apartment,BRAND NEW MODERN DESIGN WIFI 1 BEDROOM1 BALCONY,,350.0,,,BHD,monthly,,,,,,,,Tala Island,,,26.300025939941406,50.66316223144531,,,,Fadi Eweida,,YES,,,,,https://www.propertyfinder.bh/en/plp/rent/apartment-for-rent-muharraq-governorate-amwaj-islands-tala-island-55512685.html,2026-07-24T21:11:47.069485+00:00,2026-07-24T21:11:47.069485+00:00,0,2026-07-24T21:11:47.069485+00:00
2026-07-24,new,55512694,,,Apartment,Spacious 1BHK flat near Ansar Gallery / HM,,160.0,,,BHD,monthly,,,,,,,,,,,26.188888549804688,50.54999923706055,,,,Nayla Tabussam,,PARTLY,,,,,https://www.propertyfinder.bh/en/plp/rent/apartment-for-rent-central-governorate-tubli-55512694.html,2026-07-24T21:11:47.069485+00:00,2026-07-24T21:11:47.069485+00:00,0,2026-07-24T21:11:47.069485+00:00
2026-07-24,new,55512695,,,Apartment,BEST PRICE IN MARKET - 3 Bedrooms - Seaview,,179999.0,,,BHD,sell,,,,,,,,Bahrain Financial Harbour,,,26.23778533935547,50.57342529296875,,,,Khalid Alkhaja,,YES,completed_primary,,,,https://www.propertyfinder.bh/en/plp/buy/apartment-for-sale-capital-governorate-manama-bahrain-financial-harbour-55512695.html,2026-07-24T21:11:47.069485+00:00,2026-07-24T21:11:47.069485+00:00,0,2026-07-24T21:11:47.069485+00:00
2026-07-24,new,55512703,,,Apartment,Hotel Branded - Pooling system -,,70000.0,,,BHD,sell,,,,,,,,Amwaj Beachfront,,,26.28470230102539,50.664039611816406,,,,Khalid Alkhaja,,PARTLY,off_plan_primary,,,,https://www.propertyfinder.bh/en/plp/buy/apartment-for-sale-muharraq-governorate-amwaj-islands-amwaj-beachfront-55512703.html,2026-07-24T21:11:47.069485+00:00,2026-07-24T21:11:47.069485+00:00,0,2026-07-24T21:11:47.069485+00:00
2026-07-24,new,55512704,,,Apartment,Budget Friendly Furnished Studio flat in Tubli/ HM,,180.0,,,BHD,monthly,,,,,,,,,,,26.188888549804688,50.54999923706055,,,,Nayla Tabussam,,YES,,,,,https://www.propertyfinder.bh/en/plp/rent/apartment-for-rent-central-governorate-tubli-55512704.html,2026-07-24T21:11:47.069485+00:00,2026-07-24T21:11:47.069485+00:00,0,2026-07-24T21:11:47.069485+00:00
2026-07-24,new,55512705,,,Apartment,Fontana Infinity-SALE BELOW MARKET PRICE-Rent360BD,,49000.0,,,BHD,sell,,,,,,,,,,,26.211111068725586,50.601112365722656,,,,Khalid Alkhaja,,YES,completed,,,,https://www.propertyfinder.bh/en/plp/buy/apartment-for-sale-capital-governorate-al-juffair-55512705.html,2026-07-24T21:11:47.069485+00:00,2026-07-24T21:11:47.069485+00:00,0,2026-07-24T21:11:47.069485+00:00
2026-07-24,new,55512706,,,Apartment,8% ROI Guarantee - 2 YEAR PAYMENT- READY HANDOVER,,86000.0,,,BHD,sell,,,,,,,,Amwaj Avenue,,,26.29302978515625,50.66474151611328,,,,Khalid Alkhaja,,YES,completed_primary,,,,https://www.propertyfinder.bh/en/plp/buy/apartment-for-sale-muharraq-governorate-amwaj-islands-amwaj-avenue-55512706.html,2026-07-24T21:11:47.069485+00:00,2026-07-24T21:11:47.069485+00:00,0,2026-07-24T21:11:47.069485+00:00
2026-07-24,new,55512708,,,Apartment,Ready Building- 3 year payment plan -10% DP only,,89900.0,,,BHD,sell,,,,,,,,,,,26.241750717163086,50.5663948059082,,,,Khalid Alkhaja,,PARTLY,completed_primary,,,,https://www.propertyfinder.bh/en/plp/buy/apartment-for-sale-capital-governorate-reef-island-55512708.html,2026-07-24T21:11:47.069485+00:00,2026-07-24T21:11:47.069485+00:00,0,2026-07-24T21:11:47.069485+00:00
2026-07-24,new,55512710,,,Apartment,"Brand New Flat With New Furniture, Appliances/ HM",,370.0,,,BHD,monthly,,,,,,,,,,,26.21263313293457,50.67418670654297,,,,Nayla Tabussam,,YES,,,,,https://www.propertyfinder.bh/en/plp/rent/apartment-for-rent-muharraq-governorate-hidd-55512710.html,2026-07-24T21:11:47.069485+00:00,2026-07-24T21:11:47.069485+00:00,0,2026-07-24T21:11:47.069485+00:00
2026-07-24,new,55512712,,,Apartment,2BHK New flat with new kitchen appliances / HM,,320.0,,,BHD,monthly,,,,,,,,,,,26.21263313293457,50.67418670654297,,,,Nayla Tabussam,,PARTLY,,,,,https://www.propertyfinder.bh/en/plp/rent/apartment-for-rent-muharraq-governorate-hidd-55512712.html,2026-07-24T21:11:47.069485+00:00,2026-07-24T21:11:47.069485+00:00,0,2026-07-24T21:11:47.069485+00:00
2026-07-24,new,55512713,,,Villa,Fully Furnished 4BR Villa with Private Pool (INC.),,900.0,,,BHD,monthly,,,,,,,,,,,26.19164276123047,50.48757553100586,,,,Husain Alsebea,,YES,,,,,https://www.propertyfinder.bh/en/plp/rent/villa-for-rent-northern-governorate-saar-55512713.html,2026-07-24T21:11:47.069485+00:00,2026-07-24T21:11:47.069485+00:00,0,2026-07-24T21:11:47.069485+00:00
2026-07-24,new,55512716,,,Apartment,LUXURY 3BR + Maid | Private Beach | All Inclusive,,550.0,,,BHD,monthly,,,,,,,,Durrat Marina,,,25.860807418823242,50.604957580566406,,,,Shahra Masood,,YES,,,,,https://www.propertyfinder.bh/en/plp/rent/apartment-for-rent-southern-governorate-durrat-al-bahrain-durrat-marina-55512716.html,2026-07-24T21:11:47.069485+00:00,2026-07-24T21:11:47.069485+00:00,0,2026-07-24T21:11:47.069485+00:00
2026-07-24,new,55512742,,,Apartment,DUPLEX|SEA VIEW |NEAR CITYCENTER |ALL FACILITIES,,400.0,,,BHD,monthly,,,,,,,,,,,26.239999771118164,50.5369987487793,,,,Anna Gaydaburova,,YES,,,,,https://www.propertyfinder.bh/en/plp/rent/apartment-for-rent-capital-governorate-seef-55512742.html,2026-07-24T21:11:47.069485+00:00,2026-07-24T21:11:47.069485+00:00,0,2026-07-24T21:11:47.069485+00:00
2026-07-24,new,55512747,,,Apartment,Modern 1BR | Brand New| Prime Seef Location|Bright,,400.0,,,BHD,monthly,,,,,,,,,,,26.239999771118164,50.5369987487793,,,,Anna Gaydaburova,,YES,,,,,https://www.propertyfinder.bh/en/plp/rent/apartment-for-rent-capital-governorate-seef-55512747.html,2026-07-24T21:11:47.069485+00:00,2026-07-24T21:11:47.069485+00:00,0,2026-07-24T21:11:47.069485+00:00
2026-07-24,new,920716,,,Apartment,Housekeeping Balcony 2 Bed in new Sanabis,,375.0,,,BHD,monthly,,,,,,,,Sanabis,,,26.226558685302734,50.5459098815918,,,,Ayman Jnedi,,YES,,,,,https://www.propertyfinder.bh/en/plp/rent/apartment-for-rent-capital-governorate-manama-sanabis-920716.html,2026-07-24T21:11:47.069485+00:00,2026-07-24T21:11:47.069485+00:00,0,2026-07-24T21:11:47.069485+00:00
2026-07-24,new,994088,,,Apartment,Sea view 3 bed Maids room Dilmonia,,150000.0,,,BHD,sell,,,,,,,,,,,26.27286720275879,50.672889709472656,,,,Ayman Jnedi,,YES,completed_primary,,,,https://www.propertyfinder.bh/en/plp/buy/apartment-for-sale-muharraq-governorate-dilmunia-island-994088.html,2026-05-31T13:58:31.068517+00:00,2026-07-24T21:11:47.069485+00:00,54,2026-07-24T21:11:47.069485+00:00
2026-07-24,new,994340,,,Villa,Don't miss this opportunity! Super Deluxe Villa,,200000.0,,,BHD,sell,,,,,,,,West Riffa,,,26.123153686523438,50.54193878173828,,,,Sajjad ALBasri,,NO,completed_primary,,,,https://www.propertyfinder.bh/en/plp/buy/villa-for-sale-southern-governorate-riffa-west-riffa-994340.html,2026-05-31T13:58:31.068517+00:00,2026-07-24T21:11:47.069485+00:00,54,2026-07-24T21:11:47.069485+00:00
2026-07-24,new,994349,,,Villa,"A unique opportunity for a villa in GTV, Durrat Al",,250000.0,,,BHD,sell,,,,,,,,Durrat Marina,,,25.860807418823242,50.604957580566406,,,,Sajjad ALBasri,,YES,completed,,,,https://www.propertyfinder.bh/en/plp/buy/villa-for-sale-southern-governorate-durrat-al-bahrain-durrat-marina-994349.html,2026-05-31T13:58:31.068517+00:00,2026-07-24T21:11:47.069485+00:00,54,2026-07-24T21:11:47.069485+00:00
2026-07-24,new,994353,,,Villa,Real estate opportunity for a distinctive villa,,93000.0,,,BHD,sell,,,,,,,,,,,26.229394912719727,50.48070526123047,,,,Sajjad ALBasri,,NO,completed,,,,https://www.propertyfinder.bh/en/plp/buy/villa-for-sale-northern-governorate-barbar-994353.html,2026-05-31T13:58:31.068517+00:00,2026-07-24T21:11:47.069485+00:00,54,2026-07-24T21:11:47.069485+00:00
2026-07-24,new,994774,,,Villa,A distinctive modern villa in the Hamala area,,140000.0,,,BHD,sell,,,,,,,,,,,26.140336990356445,50.478271484375,,,,Sajjad ALBasri,,NO,completed,,,,https://www.propertyfinder.bh/en/plp/buy/villa-for-sale-northern-governorate-hamala-994774.html,2026-05-31T13:58:31.068517+00:00,2026-07-24T21:11:47.069485+00:00,54,2026-07-24T21:11:47.069485+00:00
2026-07-24,new,994779,,,Villa,Super deluxe villa for rent in Al Durra,,2200.0,,,BHD,monthly,,,,,,,,Durrat Marina,,,25.860807418823242,50.604957580566406,,,,Sajjad ALBasri,,YES,,,,,https://www.propertyfinder.bh/en/plp/rent/villa-for-rent-southern-governorate-durrat-al-bahrain-durrat-marina-994779.html,2026-05-31T13:58:31.068517+00:00,2026-07-24T21:11:47.069485+00:00,54,2026-07-24T21:11:47.069485+00:00
2026-07-24,new,995353,,,Villa,Luxury villa in a prime location in Jableh Habashi,,730000.0,,,BHD,sell,,,,,,,,,,,26.21312713623047,50.528221130371094,,,,Sajjad ALBasri,,NO,completed,,,,https://www.propertyfinder.bh/en/plp/buy/villa-for-sale-northern-governorate-jeblat-hebshi-995353.html,2026-05-31T13:58:31.068517+00:00,2026-07-24T21:11:47.069485+00:00,54,2026-07-24T21:11:47.069485+00:00
2026-07-24,new,995498,,,Apartment,Luxurious studio apartment with super deluxe finis,,34000.0,,,BHD,sell,,,,,,,,,,,26.21672821044922,50.55367660522461,,,,Sajjad ALBasri,,YES,off_plan,,,,https://www.propertyfinder.bh/en/plp/buy/apartment-for-sale-capital-governorate-manama-al-burhama-995498.html,2026-06-28T20:33:34.411222+00:00,2026-07-24T21:11:47.069485+00:00,26,2026-07-24T21:11:47.069485+00:00
2026-07-24,new,996069,,,Villa,Luxurious and distinctive villa in Tubli,,750000.0,,,BHD,sell,,,,,,,,,,,26.188888549804688,50.54999923706055,,,,Sajjad ALBasri,,NO,completed,,,,https://www.propertyfinder.bh/en/plp/buy/villa-for-sale-central-governorate-tubli-996069.html,2026-05-31T13:58:31.068517+00:00,2026-07-24T21:11:47.069485+00:00,54,2026-07-24T21:11:47.069485+00:00
2026-07-24,new,996082,,,Hotel Apartment,"Exceptional opportunity, don't miss out! Apartment",,59000.0,,,BHD,sell,,,,,,,,,,,26.21312713623047,50.528221130371094,,,,Sajjad ALBasri,,NO,completed,,,,https://www.propertyfinder.bh/en/plp/buy/hotel-apartment-for-sale-northern-governorate-jeblat-hebshi-996082.html,2026-05-31T13:58:31.068517+00:00,2026-07-24T21:11:47.069485+00:00,54,2026-07-24T21:11:47.069485+00:00
2026-07-24,removed,51203812,,,Apartment,Move-In Ready | Bright 3-Bedroom Apartment,600.0,,,,BHD,monthly,,,,,,,,,,,26.185943603515625,50.46711349487305,,,,Property Locators 2,,YES,,,,,https://www.propertyfinder.bh/en/plp/rent/apartment-for-rent-northern-governorate-janabiya-2PWGhapN9LE.html,2026-06-24T20:40:58.428770+00:00,2026-07-23T21:12:20.858482+00:00,29,2026-07-23T21:12:20.858482+00:00
2026-07-24,removed,51352472,,,Apartment,Contemporary Ground Floor 2 Bedroom Apartment,650.0,,,,BHD,monthly,,,,,,,,,,,26.19164276123047,50.48757553100586,,,,Property Locators 2,,YES,,,,,https://www.propertyfinder.bh/en/plp/rent/apartment-for-rent-northern-governorate-saar-2PeSCC9iSzQ.html,2026-06-24T20:40:58.428770+00:00,2026-07-23T21:12:20.858482+00:00,29,2026-07-23T21:12:20.858482+00:00
2026-07-24,removed,51382872,,,Villa,Villa For Rent Best Rate With AC & Parking & Pool,800.0,,,,BHD,monthly,,,,,,,,,,,26.12916374206543,50.49860763549805,,,,Hasan ABDULELAH ABDULHUSAIN Ahmed,,NO,,,,,https://www.propertyfinder.bh/en/plp/rent/villa-for-rent-northern-governorate-hamad-town-2PgMNRMhTXc.html,2026-06-02T00:10:52.106132+00:00,2026-07-23T21:12:20.858482+00:00,51,2026-07-23T21:12:20.858482+00:00
2026-07-24,removed,51412334,,,Shop,Food and Beverage Shop for Rent | Mezzanine Floor,715.0,,,,BHD,monthly,,,,,,,,Riffa Al Sharqi,,,26.1162166595459,50.57211685180664,,,,Property Locators 2,,PARTLY,,,,,https://www.propertyfinder.bh/en/plp/commercial-rent/shop-for-rent-southern-governorate-riffa-riffa-al-sharqi-2PhluesawYS.html,2026-06-24T20:40:58.428770+00:00,2026-07-23T21:12:20.858482+00:00,29,2026-07-23T21:12:20.858482+00:00
2026-07-24,removed,51583720,,,Apartment,Modern Furnished Apartment –Bright Views -Freehold,77600.0,,,,BHD,sell,,,,,,,,Diyar Al Muharraq,,,26.303447723388672,50.6461296081543,,,,Emilia Walaszczyk,,YES,completed,,,,https://www.propertyfinder.bh/en/plp/buy/apartment-for-sale-muharraq-governorate-diyar-al-muharraq-marassi-al-bahrain-2PrieIMiuxM.html,2026-05-31T13:58:31.068517+00:00,2026-07-23T21:12:20.858482+00:00,53,2026-07-23T21:12:20.858482+00:00
2026-07-24,removed,51746645,,,Villa,Luxury| Contemporary Villa in Galali,170000.0,,,,BHD,sell,,,,,,,,,,,26.266666412353516,50.650001525878906,,,,Property Locators 2,,NO,completed_primary,,,,https://www.propertyfinder.bh/en/plp/buy/villa-for-sale-muharraq-governorate-galali-2Q2Q1bC01VQ.html,2026-06-24T20:40:58.428770+00:00,2026-07-23T21:12:20.858482+00:00,29,2026-07-23T21:12:20.858482+00:00
2026-07-24,removed,51773365,,,Apartment,Modern 2-Bedroom Apartment with Balcony,450.0,,,,BHD,monthly,,,,,,,,Amwaj Avenue,,,26.29302978515625,50.66474151611328,,,,Property Locators 2,,YES,,,,,https://www.propertyfinder.bh/en/plp/rent/apartment-for-rent-muharraq-governorate-amwaj-islands-2Q3qzIRhHMG.html,2026-07-02T20:35:29.272680+00:00,2026-07-23T21:12:20.858482+00:00,21,2026-07-23T21:12:20.858482+00:00
2026-07-24,removed,51800219,,,Apartment,Great location I Harbour I Modern I light,550.0,,,,BHD,monthly,,,,,,,,Bahrain Financial Harbour,,,26.23778533935547,50.57342529296875,,,,Hanaa Adel,,YES,,,,,https://www.propertyfinder.bh/en/plp/rent/apartment-for-rent-capital-governorate-manama-bahrain-financial-harbour-2Q5krsJozvU.html,2026-06-24T20:40:58.428770+00:00,2026-07-23T21:12:20.858482+00:00,29,2026-07-23T21:12:20.858482+00:00
2026-07-24,removed,52143455,,,Office Space,Offices for rent in a commercial complex in Adliya,300.0,,,,BHD,monthly,,,,,,,,,,,26.214487075805664,50.584754943847656,,,,Deewania estate agency,,NO,,,,,https://www.propertyfinder.bh/en/plp/commercial-rent/office-space-for-rent-capital-governorate-manama-adliya-52143455.html,2026-05-31T13:58:31.068517+00:00,2026-07-23T21:12:20.858482+00:00,53,2026-07-23T21:12:20.858482+00:00
2026-07-24,removed,52143477,,,Apartment,BRAND NEW | 3BHK WITH MAIDS ROOM | BE THE FIRST |,600.0,,,,BHD,monthly,,,,,,,,Sanabis,,,26.226558685302734,50.5459098815918,,,,Anza Khurram,,YES,,,,,https://www.propertyfinder.bh/en/plp/rent/apartment-for-rent-capital-governorate-manama-sanabis-52143477.html,2026-05-31T13:58:31.068517+00:00,2026-07-23T21:12:20.858482+00:00,53,2026-07-23T21:12:20.858482+00:00
2026-07-24,removed,52143793,,,Villa,Prestigious Villa on Open Sea 1500 SQM | ATOL 2,850000.0,,,,BHD,sell,,,,,,,,Durrat Marina,,,25.860807418823242,50.604957580566406,,,,Lina Sabrawi,,YES,completed,,,,https://www.propertyfinder.bh/en/plp/buy/villa-for-sale-southern-governorate-durrat-al-bahrain-durrat-marina-52143793.html,2026-05-31T13:58:31.068517+00:00,2026-07-23T21:12:20.858482+00:00,53,2026-07-23T21:12:20.858482+00:00
2026-07-24,removed,52143796,,,Apartment,4 Years Payment Plan 0% | Rented | Freehold,145000.0,,,,BHD,sell,,,,,,,,Diyar Al Muharraq,,,26.303447723388672,50.6461296081543,,,,Emilia Walaszczyk,,YES,completed,,,,https://www.propertyfinder.bh/en/plp/buy/apartment-for-sale-muharraq-governorate-diyar-al-muharraq-marassi-al-bahrain-52143796.html,2026-05-31T13:58:31.068517+00:00,2026-07-23T21:12:20.858482+00:00,53,2026-07-23T21:12:20.858482+00:00
2026-07-24,removed,52143798,,,Apartment,Sea View | Freehold | 5 Stars | The Address,210000.0,,,,BHD,sell,,,,,,,,Diyar Al Muharraq,The Address Residences,,26.30344581604004,50.646121978759766,,,,Lina Sabrawi,,YES,completed,,,,https://www.propertyfinder.bh/en/plp/buy/apartment-for-sale-muharraq-governorate-diyar-al-muharraq-the-address-residences-52143798.html,2026-05-31T13:58:31.068517+00:00,2026-07-23T21:12:20.858482+00:00,53,2026-07-23T21:12:20.858482+00:00
2026-07-24,removed,52143805,,,Apartment,FREEHOLD | DIRECT ACCESS TO MALL | POOL | BEACH,119888.0,,,,BHD,sell,,,,,,,,Diyar Al Muharraq,,,26.303447723388672,50.6461296081543,,,,Lina Sabrawi,,YES,completed,,,,https://www.propertyfinder.bh/en/plp/buy/apartment-for-sale-muharraq-governorate-diyar-al-muharraq-marassi-al-bahrain-52143805.html,2026-05-31T13:58:31.068517+00:00,2026-07-23T21:12:20.858482+00:00,53,2026-07-23T21:12:20.858482+00:00
2026-07-24,removed,52143814,,,Apartment,Ready | 5 Years Payment Plan 0% | Freehold,145000.0,,,,BHD,sell,,,,,,,,Diyar Al Muharraq,,,26.303447723388672,50.6461296081543,,,,Lina Sabrawi,,YES,completed,,,,https://www.propertyfinder.bh/en/plp/buy/apartment-for-sale-muharraq-governorate-diyar-al-muharraq-marassi-al-bahrain-52143814.html,2026-05-31T13:58:31.068517+00:00,2026-07-23T21:12:20.858482+00:00,53,2026-07-23T21:12:20.858482+00:00
2026-07-24,removed,52143826,,,Apartment,Stunning Sea View | Brand New | 5 Stars Facilities,180000.0,,,,BHD,sell,,,,,,,,Diyar Al Muharraq,Address Marassi Vista,,26.306358337402344,50.64693069458008,,,,Lina Sabrawi,,YES,completed,,,,https://www.propertyfinder.bh/en/plp/buy/apartment-for-sale-muharraq-governorate-diyar-al-muharraq-address-marassi-vista-52143826.html,2026-05-31T13:58:31.068517+00:00,2026-07-23T21:12:20.858482+00:00,53,2026-07-23T21:12:20.858482+00:00
2026-07-24,removed,52143829,,,Apartment,Rented | Sea View | Connected to the Mall |Address,135000.0,,,,BHD,sell,,,,,,,,Diyar Al Muharraq,,,26.303447723388672,50.6461296081543,,,,Lina Sabrawi,,YES,completed,,,,https://www.propertyfinder.bh/en/plp/buy/apartment-for-sale-muharraq-governorate-diyar-al-muharraq-marassi-al-bahrain-52143829.html,2026-05-31T13:58:31.068517+00:00,2026-07-23T21:12:20.858482+00:00,53,2026-07-23T21:12:20.858482+00:00
2026-07-24,removed,52143832,,,Apartment,Direct Beach Access | Freehold | Sea View,98888.0,,,,BHD,sell,,,,,,,,Diyar Al Muharraq,Marassi Shores Residences,,26.303447723388672,50.6461296081543,,,,Lina Sabrawi,,NO,completed,,,,https://www.propertyfinder.bh/en/plp/buy/apartment-for-sale-muharraq-governorate-diyar-al-muharraq-marassi-shores-residences-52143832.html,2026-05-31T13:58:31.068517+00:00,2026-07-23T21:12:20.858482+00:00,53,2026-07-23T21:12:20.858482+00:00
2026-07-24,removed,52143837,,,Apartment,STUNNING | BEAUTIFUL | LUXURY | 5 STARS,140000.0,,,,BHD,sell,,,,,,,,Diyar Al Muharraq,Address Marassi Vista,,26.306358337402344,50.64693069458008,,,,Lina Sabrawi,,YES,completed,,,,https://www.propertyfinder.bh/en/plp/buy/apartment-for-sale-muharraq-governorate-diyar-al-muharraq-address-marassi-vista-52143837.html,2026-05-31T13:58:31.068517+00:00,2026-07-23T21:12:20.858482+00:00,53,2026-07-23T21:12:20.858482+00:00
2026-07-24,removed,52143861,,,Apartment,Sea View | New | Connected to the Mall | Address,850.0,,,,BHD,monthly,,,,,,,,Diyar Al Muharraq,The Address Residences,,26.30344581604004,50.646121978759766,,,,Lina Sabrawi,,YES,,,,,https://www.propertyfinder.bh/en/plp/rent/apartment-for-rent-muharraq-governorate-diyar-al-muharraq-the-address-residences-52143861.html,2026-05-31T13:58:31.068517+00:00,2026-07-23T21:12:20.858482+00:00,53,2026-07-23T21:12:20.858482+00:00
2026-07-24,removed,52143864,,,Apartment,Brand New | Elegant | Sea View | Beach Access,1200.0,,,,BHD,monthly,,,,,,,,Diyar Al Muharraq,The Address Residences,,26.30344581604004,50.646121978759766,,,,Lina Sabrawi,,YES,,,,,https://www.propertyfinder.bh/en/plp/rent/apartment-for-rent-muharraq-governorate-diyar-al-muharraq-the-address-residences-52143864.html,2026-05-31T13:58:31.068517+00:00,2026-07-23T21:12:20.858482+00:00,53,2026-07-23T21:12:20.858482+00:00
2026-07-24,removed,52143872,,,Apartment,Beach Access |2Yrs Payment Plan 0%| Sea Front Bldg,320000.0,,,,BHD,sell,,,,,,,,Diyar Al Muharraq,Marassi Shores Residences,,26.303447723388672,50.6461296081543,,,,Lina Sabrawi,,YES,completed,,,,https://www.propertyfinder.bh/en/plp/buy/apartment-for-sale-muharraq-governorate-diyar-al-muharraq-marassi-shores-residences-52143872.html,2026-05-31T13:58:31.068517+00:00,2026-07-23T21:12:20.858482+00:00,53,2026-07-23T21:12:20.858482+00:00
2026-07-24,removed,52170378,,,Apartment,Luxury* 1BR * Balcony * Prime Location * Hot Deal*,400.0,,,,BHD,monthly,,,,,,,,,,,26.249584197998047,50.580360412597656,,,,Gaylee Cammayo,,YES,,,,,https://www.propertyfinder.bh/en/plp/rent/apartment-for-rent-capital-governorate-bahrain-bay-52170378.html,2026-06-24T20:40:58.428770+00:00,2026-07-23T21:12:20.858482+00:00,29,2026-07-23T21:12:20.858482+00:00
2026-07-24,removed,52274633,,,Villa,IDEAL FOR A GROWING FAMILY! | GREAT INVESTMENT! |,125000.0,,,,BHD,sell,,,,,,,,Amwaj Homes,,,26.288480758666992,50.66381072998047,,,,Violeta Abboud,,PARTLY,completed_primary,,,,https://www.propertyfinder.bh/en/plp/buy/villa-for-sale-muharraq-governorate-amwaj-islands-amwaj-homes-52274633.html,2026-06-24T20:40:58.428770+00:00,2026-07-23T21:12:20.858482+00:00,29,2026-07-23T21:12:20.858482+00:00
2026-07-24,removed,52382331,,,Apartment,BARGAIN!!-Private Garden-Pets Allowed,62000.0,,,,BHD,sell,,,,,,,,,,,26.241750717163086,50.5663948059082,,,,Christine Dawn,,YES,completed,,,,https://www.propertyfinder.bh/en/plp/buy/apartment-for-sale-capital-governorate-reef-island-52382331.html,2026-05-31T13:58:31.068517+00:00,2026-07-23T21:12:20.858482+00:00,53,2026-07-23T21:12:20.858482+00:00
2026-07-24,removed,52648767,,,Shop,Brand New Shell & Core Shop on Main Road,1400.0,,,,BHD,monthly,,,,,,,,,,,26.188888549804688,50.54999923706055,,,,Aysha Adil,,NO,,,,,https://www.propertyfinder.bh/en/plp/commercial-rent/shop-for-rent-central-governorate-tubli-52648767.html,2026-05-31T13:58:31.068517+00:00,2026-07-23T21:12:20.858482+00:00,53,2026-07-23T21:12:20.858482+00:00
2026-07-24,removed,52728239,,,Whole Building,Commercial Villa Perfect For Business Activity,1000.0,,,,BHD,monthly,,,,,,,,,,,26.214487075805664,50.584754943847656,,,,Aysha Adil,,PARTLY,,,,,https://www.propertyfinder.bh/en/plp/commercial-rent/whole-building-for-rent-capital-governorate-manama-adliya-52728239.html,2026-05-31T13:58:31.068517+00:00,2026-07-23T21:12:20.858482+00:00,53,2026-07-23T21:12:20.858482+00:00
2026-07-24,removed,52728393,,,Villa,Modern-Bright Villa In Compound,1200.0,,,,BHD,monthly,,,,,,,,,,,26.214487075805664,50.584754943847656,,,,Aysha Adil,,YES,,,,,https://www.propertyfinder.bh/en/plp/rent/villa-for-rent-capital-governorate-manama-adliya-52728393.html,2026-05-31T13:58:31.068517+00:00,2026-07-23T21:12:20.858482+00:00,53,2026-07-23T21:12:20.858482+00:00
2026-07-24,removed,52728492,,,Villa,Modern Villa Near American School of Bahrain,850.0,,,,BHD,monthly,,,,,,,,Al Bahair,,,26.149368286132812,50.56598663330078,,,,Aysha Adil,,NO,,,,,https://www.propertyfinder.bh/en/plp/rent/villa-for-rent-southern-governorate-riffa-al-bahair-52728492.html,2026-05-31T13:58:31.068517+00:00,2026-07-23T21:12:20.858482+00:00,53,2026-07-23T21:12:20.858482+00:00
2026-07-24,removed,52754358,,,Apartment,Modren|Spacious studio with view,350.0,,,,BHD,monthly,,,,,,,,,,,26.27199935913086,50.60900115966797,,,,Aysha Adil,,YES,,,,,https://www.propertyfinder.bh/en/plp/rent/apartment-for-rent-muharraq-governorate-busaiteen-52754358.html,2026-05-31T13:58:31.068517+00:00,2026-07-23T21:12:20.858482+00:00,53,2026-07-23T21:12:20.858482+00:00
2026-07-24,removed,52805379,,,Apartment,luxurious cozy modern 3 bhk with maid room,480.0,,,,BHD,monthly,,,,,,,,,,,26.19164276123047,50.48757553100586,,,,Aysha Adil,,YES,,,,,https://www.propertyfinder.bh/en/plp/rent/apartment-for-rent-northern-governorate-saar-52805379.html,2026-05-31T13:58:31.068517+00:00,2026-07-23T21:12:20.858482+00:00,53,2026-07-23T21:12:20.858482+00:00
2026-07-24,removed,52805382,,,Apartment,COZY 2bhk WITH CLOSE KITCHEN GAS OPTION,320.0,,,,BHD,monthly,,,,,,,,,,,26.19164276123047,50.48757553100586,,,,Aysha Adil,,YES,,,,,https://www.propertyfinder.bh/en/plp/rent/apartment-for-rent-northern-governorate-saar-52805382.html,2026-05-31T13:58:31.068517+00:00,2026-07-23T21:12:20.858482+00:00,53,2026-07-23T21:12:20.858482+00:00
2026-07-24,removed,52805384,,,Apartment,Beautiful with close kitchen gas option,250.0,,,,BHD,monthly,,,,,,,,,,,26.19164276123047,50.48757553100586,,,,Aysha Adil,,YES,,,,,https://www.propertyfinder.bh/en/plp/rent/apartment-for-rent-northern-governorate-saar-52805384.html,2026-05-31T13:58:31.068517+00:00,2026-07-23T21:12:20.858482+00:00,53,2026-07-23T21:12:20.858482+00:00
2026-07-24,removed,52805402,,,Apartment,specious cozy 1bhk with open kitchen,270.0,,,,BHD,monthly,,,,,,,,,,,26.233417510986328,50.5331916809082,,,,Aysha Adil,,YES,,,,,https://www.propertyfinder.bh/en/plp/rent/apartment-for-rent-capital-governorate-manama-karbabad-52805402.html,2026-05-31T13:58:31.068517+00:00,2026-07-23T21:12:20.858482+00:00,53,2026-07-23T21:12:20.858482+00:00
2026-07-24,removed,52830659,,,Compound,Modern-Bright Villa With Private Garden,1500.0,,,,BHD,monthly,,,,,,,,,,,26.214487075805664,50.584754943847656,,,,Aysha Adil,,PARTLY,,,,,https://www.propertyfinder.bh/en/plp/rent/compound-for-rent-capital-governorate-manama-adliya-52830659.html,2026-05-31T13:58:31.068517+00:00,2026-07-23T21:12:20.858482+00:00,53,2026-07-23T21:12:20.858482+00:00
2026-07-24,removed,52830761,,,Apartment,beautiful 2bhk with close kitchen,250.0,,,,BHD,monthly,,,,,,,,,,,26.19164276123047,50.48757553100586,,,,Aysha Adil,,PARTLY,,,,,https://www.propertyfinder.bh/en/plp/rent/apartment-for-rent-northern-governorate-saar-52830761.html,2026-05-31T13:58:31.068517+00:00,2026-07-23T21:12:20.858482+00:00,53,2026-07-23T21:12:20.858482+00:00
2026-07-24,removed,52854374,,,Villa,Modern-Bright Villa In Compound,650.0,,,,BHD,monthly,,,,,,,,,,,26.214487075805664,50.584754943847656,,,,Aysha Adil,,PARTLY,,,,,https://www.propertyfinder.bh/en/plp/rent/villa-for-rent-capital-governorate-manama-adliya-52854374.html,2026-05-31T13:58:31.068517+00:00,2026-07-23T21:12:20.858482+00:00,53,2026-07-23T21:12:20.858482+00:00
2026-07-24,removed,52855802,,,Apartment,spacious cozy studio with pool and gym,230.0,,,,BHD,monthly,,,,,,,,Sanabis,,,26.226558685302734,50.5459098815918,,,,Aysha Adil,,YES,,,,,https://www.propertyfinder.bh/en/plp/rent/apartment-for-rent-capital-governorate-manama-sanabis-52855802.html,2026-05-31T13:58:31.068517+00:00,2026-07-23T21:12:20.858482+00:00,53,2026-07-23T21:12:20.858482+00:00
2026-07-24,removed,52905239,,,Apartment,Modern-Bright Apartment In Nice Place,330.0,,,,BHD,monthly,,,,,,,,,,,26.211111068725586,50.601112365722656,,,,Aysha Adil,,YES,,,,,https://www.propertyfinder.bh/en/plp/rent/apartment-for-rent-capital-governorate-al-juffair-52905239.html,2026-05-31T13:58:31.068517+00:00,2026-07-23T21:12:20.858482+00:00,53,2026-07-23T21:12:20.858482+00:00
2026-07-24,removed,52905368,,,Apartment,Modern-Bright Apartment In Juffair,450.0,,,,BHD,monthly,,,,,,,,,,,26.211111068725586,50.601112365722656,,,,Aysha Adil,,YES,,,,,https://www.propertyfinder.bh/en/plp/rent/apartment-for-rent-capital-governorate-al-juffair-52905368.html,2026-05-31T13:58:31.068517+00:00,2026-07-23T21:12:20.858482+00:00,53,2026-07-23T21:12:20.858482+00:00
2026-07-24,removed,52906578,,,Apartment,Closed Kitchen | Bright | Modern | Both En-suite |,450.0,,,,BHD,monthly,,,,,,,,The Lagoon,,,26.287778854370117,50.66339111328125,,,,Charisse Villaruz,,YES,,,,,https://www.propertyfinder.bh/en/plp/rent/apartment-for-rent-muharraq-governorate-amwaj-islands-the-lagoon-52906578.html,2026-05-31T13:58:31.068517+00:00,2026-07-23T21:12:20.858482+00:00,53,2026-07-23T21:12:20.858482+00:00
2026-07-24,removed,52906598,,,Apartment,MODERN AND LUXURY FLAT WITH PRIVATE GARDEN,80000.0,,,,BHD,sell,,,,,,,,,,,26.241750717163086,50.5663948059082,,,,Aysha Adil,,YES,completed,,,,https://www.propertyfinder.bh/en/plp/buy/apartment-for-sale-capital-governorate-reef-island-52906598.html,2026-05-31T13:58:31.068517+00:00,2026-07-23T21:12:20.858482+00:00,53,2026-07-23T21:12:20.858482+00:00
2026-07-24,removed,52906614,,,Apartment,MODERN AND LUXURY FLAT WITH BALCONY,99500.0,,,,BHD,sell,,,,,,,,,,,26.241750717163086,50.5663948059082,,,,Aysha Adil,,YES,completed,,,,https://www.propertyfinder.bh/en/plp/buy/apartment-for-sale-capital-governorate-reef-island-52906614.html,2026-05-31T13:58:31.068517+00:00,2026-07-23T21:12:20.858482+00:00,53,2026-07-23T21:12:20.858482+00:00
2026-07-24,removed,52930666,,,Villa,Modern-Bright Villa With Private Pool,750.0,,,,BHD,monthly,,,,,,,,,,,26.207910537719727,50.587345123291016,,,,Aysha Adil,,PARTLY,,,,,https://www.propertyfinder.bh/en/plp/rent/villa-for-rent-capital-governorate-manama-mahooz-52930666.html,2026-05-31T13:58:31.068517+00:00,2026-07-23T21:12:20.858482+00:00,53,2026-07-23T21:12:20.858482+00:00
2026-07-24,removed,52956417,,,Apartment,Ready to Move in | Payment Plan | Large Layout,70200.0,,,,BHD,sell,,,,,,,,Canal View,,,26.273908615112305,50.67207336425781,,,,Jacob Thomas,,YES,completed_primary,,,,https://www.propertyfinder.bh/en/plp/buy/apartment-for-sale-muharraq-governorate-dilmunia-island-canal-view-52956417.html,2026-05-31T13:58:31.068517+00:00,2026-07-23T21:12:20.858482+00:00,53,2026-07-23T21:12:20.858482+00:00
2026-07-24,removed,52956679,,,Apartment,Tivoli Residences Art | Deco Beachfront Living,155500.0,,,,BHD,sell,,,,,,,,,,,25.990211486816406,50.46307373046875,,,,Joy  Ayoub,,YES,off_plan_primary,,,,https://www.propertyfinder.bh/en/plp/buy/apartment-for-sale-southern-governorate-zallaq-tivoli-residences-52956679.html,2026-05-31T13:58:31.068517+00:00,2026-07-23T21:12:20.858482+00:00,53,2026-07-23T21:12:20.858482+00:00
2026-07-24,removed,52956682,,,Apartment,Beachfront Art Deco Living | Miami of Bahrain,100500.0,,,,BHD,sell,,,,,,,,,,,25.990211486816406,50.46307373046875,,,,Joy  Ayoub,,YES,completed_primary,,,,https://www.propertyfinder.bh/en/plp/buy/apartment-for-sale-southern-governorate-zallaq-tivoli-residences-52956682.html,2026-05-31T13:58:31.068517+00:00,2026-07-23T21:12:20.858482+00:00,53,2026-07-23T21:12:20.858482+00:00
2026-07-24,removed,52956691,,,Duplex,Beachfront Investment | Tivoli Residences,228000.0,,,,BHD,sell,,,,,,,,,,,25.990211486816406,50.46307373046875,,,,Joy  Ayoub,,YES,completed_primary,,,,https://www.propertyfinder.bh/en/plp/buy/duplex-for-sale-southern-governorate-zallaq-tivoli-residences-52956691.html,2026-05-31T13:58:31.068517+00:00,2026-07-23T21:12:20.858482+00:00,53,2026-07-23T21:12:20.858482+00:00
2026-07-24,removed,52956694,,,Penthouse,Ultra Luxury Beachfront Penthouse | Tivoli,401000.0,,,,BHD,sell,,,,,,,,,,,25.990211486816406,50.46307373046875,,,,Joy  Ayoub,,YES,completed_primary,,,,https://www.propertyfinder.bh/en/plp/buy/penthouse-for-sale-southern-governorate-zallaq-tivoli-residences-52956694.html,2026-05-31T13:58:31.068517+00:00,2026-07-23T21:12:20.858482+00:00,53,2026-07-23T21:12:20.858482+00:00
2026-07-24,removed,52957160,,,Villa,Executive beautiful specious brand new villa,250000.0,,,,BHD,sell,,,,,,,,,,,26.202558517456055,50.519554138183594,,,,Aysha Adil,,PARTLY,completed,,,,https://www.propertyfinder.bh/en/plp/buy/villa-for-sale-northern-governorate-bu-quwah-52957160.html,2026-05-31T13:58:31.068517+00:00,2026-07-23T21:12:20.858482+00:00,53,2026-07-23T21:12:20.858482+00:00
2026-07-24,removed,52981137,,,Apartment,Modern-Bright 1 Bathroom Apartment with Amenities,275.0,,,,BHD,monthly,,,,,,,,,,,26.211111068725586,50.601112365722656,,,,Aysha Adil,,YES,,,,,https://www.propertyfinder.bh/en/plp/rent/apartment-for-rent-capital-governorate-al-juffair-52981137.html,2026-05-31T13:58:31.068517+00:00,2026-07-23T21:12:20.858482+00:00,53,2026-07-23T21:12:20.858482+00:00
2026-07-24,removed,52981962,,,Apartment,MODERN AND LUXURY FLAT FULL SEA VIEW,200000.0,,,,BHD,sell,,,,,,,,,,,26.241750717163086,50.5663948059082,,,,Aysha Adil,,YES,completed,,,,https://www.propertyfinder.bh/en/plp/buy/apartment-for-sale-capital-governorate-reef-island-52981962.html,2026-05-31T13:58:31.068517+00:00,2026-07-23T21:12:20.858482+00:00,53,2026-07-23T21:12:20.858482+00:00
2026-07-24,removed,52981972,,,Apartment,MODERN AND LUXURY FLAT WITH BIG BALCONY,107000.0,,,,BHD,sell,,,,,,,,,,,26.241750717163086,50.5663948059082,,,,Aysha Adil,,YES,completed,,,,https://www.propertyfinder.bh/en/plp/buy/apartment-for-sale-capital-governorate-reef-island-52981972.html,2026-05-31T13:58:31.068517+00:00,2026-07-23T21:12:20.858482+00:00,53,2026-07-23T21:12:20.858482+00:00
2026-07-24,removed,52982449,,,Apartment,Modern-Bright 1 Bedroom apartment,300.0,,,,BHD,monthly,,,,,,,,,,,26.211111068725586,50.601112365722656,,,,Aysha Adil,,YES,,,,,https://www.propertyfinder.bh/en/plp/rent/apartment-for-rent-capital-governorate-al-juffair-52982449.html,2026-05-31T13:58:31.068517+00:00,2026-07-23T21:12:20.858482+00:00,53,2026-07-23T21:12:20.858482+00:00
2026-07-24,removed,53006735,,,Office Space,office for rent brand new building,300.0,,,,BHD,monthly,,,,,,,,,,,26.21672821044922,50.55367660522461,,,,Aysha Adil,,NO,,,,,https://www.propertyfinder.bh/en/plp/commercial-rent/office-space-for-rent-capital-governorate-manama-al-burhama-53006735.html,2026-05-31T13:58:31.068517+00:00,2026-07-23T21:12:20.858482+00:00,53,2026-07-23T21:12:20.858482+00:00
2026-07-24,removed,53006760,,,Office Space,EXECTIVE OFFICE WITH CITY VIEW,550.0,,,,BHD,monthly,,,,,,,,Sanabis,,,26.226558685302734,50.5459098815918,,,,Aysha Adil,,PARTLY,,,,,https://www.propertyfinder.bh/en/plp/commercial-rent/office-space-for-rent-capital-governorate-manama-sanabis-53006760.html,2026-05-31T13:58:31.068517+00:00,2026-07-23T21:12:20.858482+00:00,53,2026-07-23T21:12:20.858482+00:00
2026-07-24,removed,53006974,,,Apartment,RENTED STUDIO FOR SALE IN JUFFAIR,31000.0,,,,BHD,sell,,,,,,,,,,,26.211111068725586,50.601112365722656,,,,Gaylee Cammayo,,YES,completed,,,,https://www.propertyfinder.bh/en/plp/buy/apartment-for-sale-capital-governorate-al-juffair-53006974.html,2026-06-24T20:40:58.428770+00:00,2026-07-23T21:12:20.858482+00:00,29,2026-07-23T21:12:20.858482+00:00
2026-07-24,removed,53008256,,,Apartment,Spacious Apartment With Nice View,470.0,,,,BHD,monthly,,,,,,,,,,,26.211111068725586,50.601112365722656,,,,Aysha Adil,,YES,,,,,https://www.propertyfinder.bh/en/plp/rent/apartment-for-rent-capital-governorate-al-juffair-53008256.html,2026-05-31T13:58:31.068517+00:00,2026-07-23T21:12:20.858482+00:00,53,2026-07-23T21:12:20.858482+00:00
2026-07-24,removed,53008495,,,Apartment,Modern-Bright Apartment With Balcony,470.0,,,,BHD,monthly,,,,,,,,,,,26.21693992614746,50.57733154296875,,,,Aysha Adil,,YES,,,,,https://www.propertyfinder.bh/en/plp/rent/apartment-for-rent-capital-governorate-manama-segaya-53008495.html,2026-05-31T13:58:31.068517+00:00,2026-07-23T21:12:20.858482+00:00,53,2026-07-23T21:12:20.858482+00:00
2026-07-24,removed,53032625,,,Apartment,Apartment in Brand New Building,300.0,,,,BHD,monthly,,,,,,,,,,,26.21693992614746,50.57733154296875,,,,Aysha Adil,,YES,,,,,https://www.propertyfinder.bh/en/plp/rent/apartment-for-rent-capital-governorate-manama-segaya-53032625.html,2026-05-31T13:58:31.068517+00:00,2026-07-23T21:12:20.858482+00:00,53,2026-07-23T21:12:20.858482+00:00
2026-07-24,removed,53034152,,,Apartment,Spacious Flat with Balcony And Close Kitchen,500.0,,,,BHD,monthly,,,,,,,,,,,26.211111068725586,50.601112365722656,,,,Aysha Adil,,YES,,,,,https://www.propertyfinder.bh/en/plp/rent/apartment-for-rent-capital-governorate-al-juffair-53034152.html,2026-05-31T13:58:31.068517+00:00,2026-07-23T21:12:20.858482+00:00,53,2026-07-23T21:12:20.858482+00:00
2026-07-24,removed,53034156,,,Villa,Spacious And Modern Villa Access to The Compound,1100.0,,,,BHD,monthly,,,,,,,,,,,26.19164276123047,50.48757553100586,,,,Aysha Adil,,PARTLY,,,,,https://www.propertyfinder.bh/en/plp/rent/villa-for-rent-northern-governorate-saar-53034156.html,2026-05-31T13:58:31.068517+00:00,2026-07-23T21:12:20.858482+00:00,53,2026-07-23T21:12:20.858482+00:00
2026-07-24,removed,53034158,,,Apartment,SPACIOUS FLAT WITH AC AND APPLIANCIES,300.0,,,,BHD,monthly,,,,,,,,,,,26.185943603515625,50.46711349487305,,,,Aysha Adil,,PARTLY,,,,,https://www.propertyfinder.bh/en/plp/rent/apartment-for-rent-northern-governorate-janabiya-53034158.html,2026-05-31T13:58:31.068517+00:00,2026-07-23T21:12:20.858482+00:00,53,2026-07-23T21:12:20.858482+00:00
2026-07-24,removed,53034161,,,Apartment,Modern And Spacious Flat with Close Kitchen,500.0,,,,BHD,monthly,,,,,,,,,,,26.211111068725586,50.601112365722656,,,,Aysha Adil,,YES,,,,,https://www.propertyfinder.bh/en/plp/rent/apartment-for-rent-capital-governorate-al-juffair-53034161.html,2026-05-31T13:58:31.068517+00:00,2026-07-23T21:12:20.858482+00:00,53,2026-07-23T21:12:20.858482+00:00
2026-07-24,removed,53034164,,,Apartment,Specious 1bhk with close kitchen gym pool,270.0,,,,BHD,monthly,,,,,,,,,,,26.21672821044922,50.55367660522461,,,,Aysha Adil,,PARTLY,,,,,https://www.propertyfinder.bh/en/plp/rent/apartment-for-rent-capital-governorate-manama-al-burhama-53034164.html,2026-05-31T13:58:31.068517+00:00,2026-07-23T21:12:20.858482+00:00,53,2026-07-23T21:12:20.858482+00:00
2026-07-24,removed,53034168,,,Apartment,Spacious Modern Flat with Closed Kitchen,525.0,,,,BHD,monthly,,,,,,,,,,,26.211111068725586,50.601112365722656,,,,Aysha Adil,,YES,,,,,https://www.propertyfinder.bh/en/plp/rent/apartment-for-rent-capital-governorate-al-juffair-53034168.html,2026-05-31T13:58:31.068517+00:00,2026-07-23T21:12:20.858482+00:00,53,2026-07-23T21:12:20.858482+00:00
2026-07-24,removed,53034171,,,Apartment,Modern flat With Close Kitchen,400.0,,,,BHD,monthly,,,,,,,,,,,26.211111068725586,50.601112365722656,,,,Aysha Adil,,YES,,,,,https://www.propertyfinder.bh/en/plp/rent/apartment-for-rent-capital-governorate-al-juffair-53034171.html,2026-05-31T13:58:31.068517+00:00,2026-07-23T21:12:20.858482+00:00,53,2026-07-23T21:12:20.858482+00:00
2026-07-24,removed,53034173,,,Apartment,Spacious And Modern Flat With Colse Kitchen,900.0,,,,BHD,monthly,,,,,,,,,,,26.211111068725586,50.601112365722656,,,,Aysha Adil,,YES,,,,,https://www.propertyfinder.bh/en/plp/rent/apartment-for-rent-capital-governorate-al-juffair-53034173.html,2026-05-31T13:58:31.068517+00:00,2026-07-23T21:12:20.858482+00:00,53,2026-07-23T21:12:20.858482+00:00
2026-07-24,removed,53034178,,,Apartment,Spacious And Modern Studio Flat,260.0,,,,BHD,monthly,,,,,,,,,,,26.211111068725586,50.601112365722656,,,,Aysha Adil,,YES,,,,,https://www.propertyfinder.bh/en/plp/rent/apartment-for-rent-capital-governorate-al-juffair-53034178.html,2026-05-31T13:58:31.068517+00:00,2026-07-23T21:12:20.858482+00:00,53,2026-07-23T21:12:20.858482+00:00
2026-07-24,removed,53034187,,,Apartment,Spacious And Modern Flat With open Kitchen,350.0,,,,BHD,monthly,,,,,,,,,,,26.211111068725586,50.601112365722656,,,,Aysha Adil,,YES,,,,,https://www.propertyfinder.bh/en/plp/rent/apartment-for-rent-capital-governorate-al-juffair-53034187.html,2026-05-31T13:58:31.068517+00:00,2026-07-23T21:12:20.858482+00:00,53,2026-07-23T21:12:20.858482+00:00
2026-07-24,removed,53034191,,,Apartment,Spacious And Modern Studio Flat,290.0,,,,BHD,monthly,,,,,,,,,,,26.211111068725586,50.601112365722656,,,,Aysha Adil,,YES,,,,,https://www.propertyfinder.bh/en/plp/rent/apartment-for-rent-capital-governorate-al-juffair-53034191.html,2026-05-31T13:58:31.068517+00:00,2026-07-23T21:12:20.858482+00:00,53,2026-07-23T21:12:20.858482+00:00
2026-07-24,removed,53034195,,,Apartment,Modern Flat with close kitchen,400.0,,,,BHD,monthly,,,,,,,,,,,26.211111068725586,50.601112365722656,,,,Aysha Adil,,YES,,,,,https://www.propertyfinder.bh/en/plp/rent/apartment-for-rent-capital-governorate-al-juffair-53034195.html,2026-05-31T13:58:31.068517+00:00,2026-07-23T21:12:20.858482+00:00,53,2026-07-23T21:12:20.858482+00:00
2026-07-24,removed,53034199,,,Apartment,Spacious And Modern Flat With close Kitchen,500.0,,,,BHD,monthly,,,,,,,,,,,26.211111068725586,50.601112365722656,,,,Aysha Adil,,YES,,,,,https://www.propertyfinder.bh/en/plp/rent/apartment-for-rent-capital-governorate-al-juffair-53034199.html,2026-05-31T13:58:31.068517+00:00,2026-07-23T21:12:20.858482+00:00,53,2026-07-23T21:12:20.858482+00:00
2026-07-24,removed,53034207,,,Apartment,Spacious And Modern Flat With Open Kitchen,500.0,,,,BHD,monthly,,,,,,,,,,,26.211111068725586,50.601112365722656,,,,Aysha Adil,,YES,,,,,https://www.propertyfinder.bh/en/plp/rent/apartment-for-rent-capital-governorate-al-juffair-53034207.html,2026-05-31T13:58:31.068517+00:00,2026-07-23T21:12:20.858482+00:00,53,2026-07-23T21:12:20.858482+00:00
2026-07-24,removed,53034210,,,Apartment,Spacious And Modern Flat With  open kitchen,400.0,,,,BHD,monthly,,,,,,,,,,,26.211111068725586,50.601112365722656,,,,Aysha Adil,,YES,,,,,https://www.propertyfinder.bh/en/plp/rent/apartment-for-rent-capital-governorate-al-juffair-53034210.html,2026-05-31T13:58:31.068517+00:00,2026-07-23T21:12:20.858482+00:00,53,2026-07-23T21:12:20.858482+00:00
2026-07-24,removed,53034229,,,Apartment,Spacious And Modern Flat With open kitchen,450.0,,,,BHD,monthly,,,,,,,,,,,26.211111068725586,50.601112365722656,,,,Aysha Adil,,YES,,,,,https://www.propertyfinder.bh/en/plp/rent/apartment-for-rent-capital-governorate-al-juffair-53034229.html,2026-05-31T13:58:31.068517+00:00,2026-07-23T21:12:20.858482+00:00,53,2026-07-23T21:12:20.858482+00:00
2026-07-24,removed,53034234,,,Apartment,Spacious And Modern Flat With close kitchen,550.0,,,,BHD,monthly,,,,,,,,,,,26.211111068725586,50.601112365722656,,,,Aysha Adil,,YES,,,,,https://www.propertyfinder.bh/en/plp/rent/apartment-for-rent-capital-governorate-al-juffair-53034234.html,2026-05-31T13:58:31.068517+00:00,2026-07-23T21:12:20.858482+00:00,53,2026-07-23T21:12:20.858482+00:00
2026-07-24,removed,53034240,,,Office Space,DIFFERENT LAYOUTS AVAILABLE WITH LIFT,300.0,,,,BHD,monthly,,,,,,,,,,,26.185943603515625,50.46711349487305,,,,Aysha Adil,,PARTLY,,,,,https://www.propertyfinder.bh/en/plp/commercial-rent/office-space-for-rent-northern-governorate-janabiya-53034240.html,2026-05-31T13:58:31.068517+00:00,2026-07-23T21:12:20.858482+00:00,53,2026-07-23T21:12:20.858482+00:00
2026-07-24,removed,53034242,,,Apartment,Spacious And Luxurious Flat With Open kitchen,700.0,,,,BHD,monthly,,,,,,,,,,,26.211111068725586,50.601112365722656,,,,Aysha Adil,,YES,,,,,https://www.propertyfinder.bh/en/plp/rent/apartment-for-rent-capital-governorate-al-juffair-53034242.html,2026-05-31T13:58:31.068517+00:00,2026-07-23T21:12:20.858482+00:00,53,2026-07-23T21:12:20.858482+00:00
2026-07-24,removed,53034245,,,Apartment,Spacious And Luxurious Flat With Open kitchen,600.0,,,,BHD,monthly,,,,,,,,,,,26.211111068725586,50.601112365722656,,,,Aysha Adil,,YES,,,,,https://www.propertyfinder.bh/en/plp/rent/apartment-for-rent-capital-governorate-al-juffair-53034245.html,2026-05-31T13:58:31.068517+00:00,2026-07-23T21:12:20.858482+00:00,53,2026-07-23T21:12:20.858482+00:00
2026-07-24,removed,53034251,,,Apartment,Modern Flat With close Kitchen,450.0,,,,BHD,monthly,,,,,,,,,,,26.211111068725586,50.601112365722656,,,,Aysha Adil,,YES,,,,,https://www.propertyfinder.bh/en/plp/rent/apartment-for-rent-capital-governorate-al-juffair-53034251.html,2026-05-31T13:58:31.068517+00:00,2026-07-23T21:12:20.858482+00:00,53,2026-07-23T21:12:20.858482+00:00
2026-07-24,removed,53034254,,,Apartment,Spacious And Modern Flat With open kitchen,400.0,,,,BHD,monthly,,,,,,,,,,,26.211111068725586,50.601112365722656,,,,Aysha Adil,,YES,,,,,https://www.propertyfinder.bh/en/plp/rent/apartment-for-rent-capital-governorate-al-juffair-53034254.html,2026-05-31T13:58:31.068517+00:00,2026-07-23T21:12:20.858482+00:00,53,2026-07-23T21:12:20.858482+00:00
2026-07-24,removed,53034257,,,Apartment,Spacious And Modern Flat With open kitchen,330.0,,,,BHD,monthly,,,,,,,,,,,26.211111068725586,50.601112365722656,,,,Aysha Adil,,YES,,,,,https://www.propertyfinder.bh/en/plp/rent/apartment-for-rent-capital-governorate-al-juffair-53034257.html,2026-05-31T13:58:31.068517+00:00,2026-07-23T21:12:20.858482+00:00,53,2026-07-23T21:12:20.858482+00:00
2026-07-24,removed,53034267,,,Apartment,Spacious And Modern Flat With close kitchen,575.0,,,,BHD,monthly,,,,,,,,,,,26.211111068725586,50.601112365722656,,,,Aysha Adil,,YES,,,,,https://www.propertyfinder.bh/en/plp/rent/apartment-for-rent-capital-governorate-al-juffair-53034267.html,2026-07-16T13:23:22.641531+00:00,2026-07-23T21:12:20.858482+00:00,7,2026-07-23T21:12:20.858482+00:00
2026-07-24,removed,53034279,,,Apartment,Spacious And Modern Flat With open kitchen,300.0,,,,BHD,monthly,,,,,,,,,,,26.211111068725586,50.601112365722656,,,,Aysha Adil,,YES,,,,,https://www.propertyfinder.bh/en/plp/rent/apartment-for-rent-capital-governorate-al-juffair-53034279.html,2026-05-31T13:58:31.068517+00:00,2026-07-23T21:12:20.858482+00:00,53,2026-07-23T21:12:20.858482+00:00
2026-07-24,removed,53034282,,,Apartment,Spacious And Modern Flat With close Kitchen,300.0,,,,BHD,monthly,,,,,,,,,,,26.211111068725586,50.601112365722656,,,,Aysha Adil,,YES,,,,,https://www.propertyfinder.bh/en/plp/rent/apartment-for-rent-capital-governorate-al-juffair-53034282.html,2026-05-31T13:58:31.068517+00:00,2026-07-23T21:12:20.858482+00:00,53,2026-07-23T21:12:20.858482+00:00
2026-07-24,removed,53034286,,,Apartment,Modern Flat With close kitchen+ balcony +maidroom,400.0,,,,BHD,monthly,,,,,,,,,,,26.211111068725586,50.601112365722656,,,,Aysha Adil,,YES,,,,,https://www.propertyfinder.bh/en/plp/rent/apartment-for-rent-capital-governorate-al-juffair-53034286.html,2026-05-31T13:58:31.068517+00:00,2026-07-23T21:12:20.858482+00:00,53,2026-07-23T21:12:20.858482+00:00
2026-07-24,removed,53034289,,,Apartment,Modern Flat With open kitchen+ balcony +maidroom,400.0,,,,BHD,monthly,,,,,,,,,,,26.211111068725586,50.601112365722656,,,,Aysha Adil,,YES,,,,,https://www.propertyfinder.bh/en/plp/rent/apartment-for-rent-capital-governorate-al-juffair-53034289.html,2026-05-31T13:58:31.068517+00:00,2026-07-23T21:12:20.858482+00:00,53,2026-07-23T21:12:20.858482+00:00
2026-07-24,removed,53034311,,,Villa,Spacious Stand Alone Villa with Private Pool,1400.0,,,,BHD,monthly,,,,,,,,,,,26.185943603515625,50.46711349487305,,,,Aysha Adil,,PARTLY,,,,,https://www.propertyfinder.bh/en/plp/rent/villa-for-rent-northern-governorate-janabiya-53034311.html,2026-05-31T13:58:31.068517+00:00,2026-07-23T21:12:20.858482+00:00,53,2026-07-23T21:12:20.858482+00:00
2026-07-24,removed,53034315,,,Apartment,Grand 3bhk with close kitchen gas option,400.0,,,,BHD,monthly,,,,,,,,,,,26.185943603515625,50.46711349487305,,,,Aysha Adil,,YES,,,,,https://www.propertyfinder.bh/en/plp/rent/apartment-for-rent-northern-governorate-janabiya-53034315.html,2026-05-31T13:58:31.068517+00:00,2026-07-23T21:12:20.858482+00:00,53,2026-07-23T21:12:20.858482+00:00
2026-07-24,removed,53034321,,,Apartment,SPACIOUS FLAT WITH CLOSE KITCHEN BALCONY,325.0,,,,BHD,monthly,,,,,,,,,,,26.185943603515625,50.46711349487305,,,,Aysha Adil,,PARTLY,,,,,https://www.propertyfinder.bh/en/plp/rent/apartment-for-rent-northern-governorate-janabiya-53034321.html,2026-05-31T13:58:31.068517+00:00,2026-07-23T21:12:20.858482+00:00,53,2026-07-23T21:12:20.858482+00:00
2026-07-24,removed,53034323,,,Apartment,SPACIOUS FLAT ONLY WITH AC AND NEAR GARDEN,240.0,,,,BHD,monthly,,,,,,,,,,,26.185943603515625,50.46711349487305,,,,Aysha Adil,,PARTLY,,,,,https://www.propertyfinder.bh/en/plp/rent/apartment-for-rent-northern-governorate-janabiya-53034323.html,2026-05-31T13:58:31.068517+00:00,2026-07-23T21:12:20.858482+00:00,53,2026-07-23T21:12:20.858482+00:00
2026-07-24,removed,53034333,,,Apartment,Modern And Elegant Flat With Yearly Ewa Limit,350.0,,,,BHD,monthly,,,,,,,,,,,26.185943603515625,50.46711349487305,,,,Aysha Adil,,YES,,,,,https://www.propertyfinder.bh/en/plp/rent/apartment-for-rent-northern-governorate-janabiya-53034333.html,2026-05-31T13:58:31.068517+00:00,2026-07-23T21:12:20.858482+00:00,53,2026-07-23T21:12:20.858482+00:00
2026-07-24,removed,53034359,,,Villa,SPACIOUS AND ELEGANT STAND ALONE VILLA,1300.0,,,,BHD,monthly,,,,,,,,,,,26.19164276123047,50.48757553100586,,,,Aysha Adil,,PARTLY,,,,,https://www.propertyfinder.bh/en/plp/rent/villa-for-rent-northern-governorate-saar-53034359.html,2026-05-31T13:58:31.068517+00:00,2026-07-23T21:12:20.858482+00:00,53,2026-07-23T21:12:20.858482+00:00
2026-07-24,removed,53034379,,,Apartment,Spacious And Modern Flat With close kitchen,350.0,,,,BHD,monthly,,,,,,,,,,,26.211111068725586,50.601112365722656,,,,Aysha Adil,,YES,,,,,https://www.propertyfinder.bh/en/plp/rent/apartment-for-rent-capital-governorate-al-juffair-53034379.html,2026-05-31T13:58:31.068517+00:00,2026-07-23T21:12:20.858482+00:00,53,2026-07-23T21:12:20.858482+00:00
2026-07-24,removed,53034416,,,Apartment,Modern Flat With close kitchen,350.0,,,,BHD,monthly,,,,,,,,,,,26.211111068725586,50.601112365722656,,,,Aysha Adil,,YES,,,,,https://www.propertyfinder.bh/en/plp/rent/apartment-for-rent-capital-governorate-al-juffair-53034416.html,2026-05-31T13:58:31.068517+00:00,2026-07-23T21:12:20.858482+00:00,53,2026-07-23T21:12:20.858482+00:00
2026-07-24,removed,53059622,,,Apartment,Modern spacious 3bhk with close kitchen,430.0,,,,BHD,monthly,,,,,,,,,,,26.21312713623047,50.528221130371094,,,,Aysha Adil,,PARTLY,,,,,https://www.propertyfinder.bh/en/plp/rent/apartment-for-rent-northern-governorate-jeblat-hebshi-53059622.html,2026-05-31T13:58:31.068517+00:00,2026-07-23T21:12:20.858482+00:00,53,2026-07-23T21:12:20.858482+00:00
2026-07-24,removed,53086618,,,Apartment,Elegant And Modern  Flat With Nice Interior,550.0,,,,BHD,monthly,,,,,,,,,,,26.241750717163086,50.5663948059082,,,,Aysha Adil,,YES,,,,,https://www.propertyfinder.bh/en/plp/rent/apartment-for-rent-capital-governorate-reef-island-53086618.html,2026-05-31T13:58:31.068517+00:00,2026-07-23T21:12:20.858482+00:00,53,2026-07-23T21:12:20.858482+00:00
2026-07-24,removed,53086659,,,Apartment,Stylish Fully Furnished 2 Bedroom Apartment,600.0,,,,BHD,monthly,,,,,,,,,,,26.214487075805664,50.584754943847656,,,,Aysha Adil,,YES,,,,,https://www.propertyfinder.bh/en/plp/rent/apartment-for-rent-capital-governorate-manama-adliya-53086659.html,2026-05-31T13:58:31.068517+00:00,2026-07-23T21:12:20.858482+00:00,53,2026-07-23T21:12:20.858482+00:00
2026-07-24,removed,53086680,,,Apartment,Modern And Elegant Flat With Yearly Ewa Limit,320.0,,,,BHD,monthly,,,,,,,,,,,26.185943603515625,50.46711349487305,,,,Aysha Adil,,YES,,,,,https://www.propertyfinder.bh/en/plp/rent/apartment-for-rent-northern-governorate-janabiya-53086680.html,2026-05-31T13:58:31.068517+00:00,2026-07-23T21:12:20.858482+00:00,53,2026-07-23T21:12:20.858482+00:00
2026-07-24,removed,53086693,,,Apartment,Spacious Modern-Bright Apartment,375.0,,,,BHD,monthly,,,,,,,,,,,26.207910537719727,50.587345123291016,,,,Aysha Adil,,YES,,,,,https://www.propertyfinder.bh/en/plp/rent/apartment-for-rent-capital-governorate-manama-mahooz-53086693.html,2026-05-31T13:58:31.068517+00:00,2026-07-23T21:12:20.858482+00:00,53,2026-07-23T21:12:20.858482+00:00
2026-07-24,removed,53086698,,,Apartment,Sea View|Balcony| modern|house keeping,540.0,,,,BHD,monthly,,,,,,,,,,,26.249584197998047,50.580360412597656,,,,Aysha Adil,,YES,,,,,https://www.propertyfinder.bh/en/plp/rent/apartment-for-rent-capital-governorate-bahrain-bay-53086698.html,2026-05-31T13:58:31.068517+00:00,2026-07-23T21:12:20.858482+00:00,53,2026-07-23T21:12:20.858482+00:00
2026-07-24,removed,53189893,,,Apartment,Spacious Modern-Bright Apartment,750.0,,,,BHD,monthly,,,,,,,,,,,26.211111068725586,50.601112365722656,,,,Aysha Adil,,YES,,,,,https://www.propertyfinder.bh/en/plp/rent/apartment-for-rent-capital-governorate-al-juffair-53189893.html,2026-05-31T13:58:31.068517+00:00,2026-07-23T21:12:20.858482+00:00,53,2026-07-23T21:12:20.858482+00:00
2026-07-24,removed,53268270,,,Apartment,Spacious modern 1bhk balcony & city view,300.0,,,,BHD,monthly,,,,,,,,,,,26.21672821044922,50.55367660522461,,,,Aysha Adil,,YES,,,,,https://www.propertyfinder.bh/en/plp/rent/apartment-for-rent-capital-governorate-manama-al-burhama-53268270.html,2026-05-31T13:58:31.068517+00:00,2026-07-23T21:12:20.858482+00:00,53,2026-07-23T21:12:20.858482+00:00
2026-07-24,removed,53268281,,,Apartment,BEAUTIFUL 1BHK WITH UNLIMITED EWA,200.0,,,,BHD,monthly,,,,,,,,,,,26.21672821044922,50.55367660522461,,,,Aysha Adil,,YES,,,,,https://www.propertyfinder.bh/en/plp/rent/apartment-for-rent-capital-governorate-manama-al-burhama-53268281.html,2026-05-31T13:58:31.068517+00:00,2026-07-23T21:12:20.858482+00:00,53,2026-07-23T21:12:20.858482+00:00
2026-07-24,removed,53268309,,,Apartment,Executive beautiful cozy with pool and gym,425.0,,,,BHD,monthly,,,,,,,,Sanabis,,,26.226558685302734,50.5459098815918,,,,Aysha Adil,,YES,,,,,https://www.propertyfinder.bh/en/plp/rent/apartment-for-rent-capital-governorate-manama-sanabis-53268309.html,2026-05-31T13:58:31.068517+00:00,2026-07-23T21:12:20.858482+00:00,53,2026-07-23T21:12:20.858482+00:00
2026-07-24,removed,53268412,,,Apartment,luxurious beautiful 1bhk with open kitchen,350.0,,,,BHD,monthly,,,,,,,,,,,26.239999771118164,50.5369987487793,,,,Aysha Adil,,YES,,,,,https://www.propertyfinder.bh/en/plp/rent/apartment-for-rent-capital-governorate-seef-53268412.html,2026-05-31T13:58:31.068517+00:00,2026-07-23T21:12:20.858482+00:00,53,2026-07-23T21:12:20.858482+00:00
2026-07-24,removed,53268504,,,Villa,Luxurious Seafront Villa in Barbar,275000.0,,,,BHD,sell,,,,,,,,,,,26.19164276123047,50.48757553100586,,,,Gaylee Cammayo,,YES,completed,,,,https://www.propertyfinder.bh/en/plp/buy/villa-for-sale-northern-governorate-saar-53268504.html,2026-05-31T13:58:31.068517+00:00,2026-07-23T21:12:20.858482+00:00,53,2026-07-23T21:12:20.858482+00:00
2026-07-24,removed,53268522,,,Villa,SERENE TROPICAL SETTING | PRIVATE DECK | LUXURY,1400.0,,,,BHD,monthly,,,,,,,,,,,26.19164276123047,50.48757553100586,,,,Aysha Adil,,YES,,,,,https://www.propertyfinder.bh/en/plp/rent/villa-for-rent-northern-governorate-saar-53268522.html,2026-05-31T13:58:31.068517+00:00,2026-07-23T21:12:20.858482+00:00,53,2026-07-23T21:12:20.858482+00:00
2026-07-24,removed,53269285,,,Apartment,Spacious Apartment With Balcony,330.0,,,,BHD,monthly,,,,,,,,,,,26.211111068725586,50.601112365722656,,,,Aysha Adil,,YES,,,,,https://www.propertyfinder.bh/en/plp/rent/apartment-for-rent-capital-governorate-al-juffair-53269285.html,2026-05-31T13:58:31.068517+00:00,2026-07-23T21:12:20.858482+00:00,53,2026-07-23T21:12:20.858482+00:00
2026-07-24,removed,53269286,,,Apartment,Spacious Modern  Apartment with Balcony,450.0,,,,BHD,monthly,,,,,,,,,,,26.211111068725586,50.601112365722656,,,,Aysha Adil,,YES,,,,,https://www.propertyfinder.bh/en/plp/rent/apartment-for-rent-capital-governorate-al-juffair-53269286.html,2026-05-31T13:58:31.068517+00:00,2026-07-23T21:12:20.858482+00:00,53,2026-07-23T21:12:20.858482+00:00
2026-07-24,removed,53269296,,,Apartment,Limited Offer Spacious Modern-Bright Apartment,580.0,,,,BHD,monthly,,,,,,,,,,,26.211111068725586,50.601112365722656,,,,Aysha Adil,,YES,,,,,https://www.propertyfinder.bh/en/plp/rent/apartment-for-rent-capital-governorate-al-juffair-53269296.html,2026-05-31T13:58:31.068517+00:00,2026-07-23T21:12:20.858482+00:00,53,2026-07-23T21:12:20.858482+00:00
2026-07-24,removed,53269666,,,Apartment,beautiful spacious 2 bhk pool gym,380.0,,,,BHD,monthly,,,,,,,,,,,26.19164276123047,50.48757553100586,,,,Aysha Adil,,YES,,,,,https://www.propertyfinder.bh/en/plp/rent/apartment-for-rent-northern-governorate-saar-53269666.html,2026-05-31T13:58:31.068517+00:00,2026-07-23T21:12:20.858482+00:00,53,2026-07-23T21:12:20.858482+00:00
2026-07-24,removed,53269722,,,Apartment,Spacious Modern-Bright 2BHK With Balcony,550.0,,,,BHD,monthly,,,,,,,,,,,26.211111068725586,50.601112365722656,,,,Aysha Adil,,YES,,,,,https://www.propertyfinder.bh/en/plp/rent/apartment-for-rent-capital-governorate-al-juffair-53269722.html,2026-05-31T13:58:31.068517+00:00,2026-07-23T21:12:20.858482+00:00,53,2026-07-23T21:12:20.858482+00:00
2026-07-24,removed,53295071,,,Villa,Modern 5BR Residential Villa in Busaiteen,125000.0,,,,BHD,sell,,,,,,,,,,,26.27199935913086,50.60900115966797,,,,Mohamed Khaled,,NO,completed_primary,,,,https://www.propertyfinder.bh/en/plp/buy/villa-for-sale-muharraq-governorate-busaiteen-53295071.html,2026-05-31T13:58:31.068517+00:00,2026-07-23T21:12:20.858482+00:00,53,2026-07-23T21:12:20.858482+00:00
2026-07-24,removed,53295370,,,Apartment,MODERN FLAT WITH ALL AMENITIES IN BUILDING,500.0,,,,BHD,monthly,,,,,,,,,,,26.185943603515625,50.46711349487305,,,,Aysha Adil,,YES,,,,,https://www.propertyfinder.bh/en/plp/rent/apartment-for-rent-northern-governorate-janabiya-53295370.html,2026-05-31T13:58:31.068517+00:00,2026-07-23T21:12:20.858482+00:00,53,2026-07-23T21:12:20.858482+00:00
2026-07-24,removed,53295399,,,Apartment,Spacious Flat With Internet Yearly Ewa Offer,280.0,,,,BHD,monthly,,,,,,,,,,,26.185943603515625,50.46711349487305,,,,Aysha Adil,,YES,,,,,https://www.propertyfinder.bh/en/plp/rent/apartment-for-rent-northern-governorate-janabiya-53295399.html,2026-05-31T13:58:31.068517+00:00,2026-07-23T21:12:20.858482+00:00,53,2026-07-23T21:12:20.858482+00:00
2026-07-24,removed,53296862,,,Apartment,Spacious Modern-Bright Apartment With Balcony,525.0,,,,BHD,monthly,,,,,,,,,,,26.211111068725586,50.601112365722656,,,,Aysha Adil,,YES,,,,,https://www.propertyfinder.bh/en/plp/rent/apartment-for-rent-capital-governorate-al-juffair-53296862.html,2026-05-31T13:58:31.068517+00:00,2026-07-23T21:12:20.858482+00:00,53,2026-07-23T21:12:20.858482+00:00
2026-07-24,removed,53323437,,,Apartment,City Views | Opposite Hilton Hotel | Managed,350.0,,,,BHD,monthly,,,,,,,,,,,26.239999771118164,50.5369987487793,,,,Gaylee Cammayo,,YES,,,,,https://www.propertyfinder.bh/en/plp/rent/apartment-for-rent-capital-governorate-seef-53323437.html,2026-05-31T13:58:31.068517+00:00,2026-07-23T21:12:20.858482+00:00,53,2026-07-23T21:12:20.858482+00:00
2026-07-24,removed,53323908,,,Villa,Spacious cozy with big private garden,750.0,,,,BHD,monthly,,,,,,,,,,,26.229394912719727,50.48070526123047,,,,Aysha Adil,,PARTLY,,,,,https://www.propertyfinder.bh/en/plp/rent/villa-for-rent-northern-governorate-barbar-53323908.html,2026-05-31T13:58:31.068517+00:00,2026-07-23T21:12:20.858482+00:00,53,2026-07-23T21:12:20.858482+00:00
2026-07-24,removed,53323934,,,Apartment,Modern-Bright Apartment In Nice Building,350.0,,,,BHD,monthly,,,,,,,,,,,26.214487075805664,50.584754943847656,,,,Aysha Adil,,YES,,,,,https://www.propertyfinder.bh/en/plp/rent/apartment-for-rent-capital-governorate-manama-adliya-53323934.html,2026-05-31T13:58:31.068517+00:00,2026-07-23T21:12:20.858482+00:00,53,2026-07-23T21:12:20.858482+00:00
2026-07-24,removed,53350219,,,Apartment,LUXURY AND ELEGANT FLAT WITH GYM POOL,480.0,,,,BHD,monthly,,,,,,,,,,,26.185943603515625,50.46711349487305,,,,Aysha Adil,,YES,,,,,https://www.propertyfinder.bh/en/plp/rent/apartment-for-rent-northern-governorate-janabiya-53350219.html,2026-05-31T13:58:31.068517+00:00,2026-07-23T21:12:20.858482+00:00,53,2026-07-23T21:12:20.858482+00:00
2026-07-24,removed,53378239,,,Apartment,Luxury Apartment for Distress Sale Great Location,63000.0,,,,BHD,sell,,,,,,,,,,,26.211111068725586,50.601112365722656,,,,Aysha Adil,,YES,completed,,,,https://www.propertyfinder.bh/en/plp/buy/apartment-for-sale-capital-governorate-al-juffair-53378239.html,2026-05-31T13:58:31.068517+00:00,2026-07-23T21:12:20.858482+00:00,53,2026-07-23T21:12:20.858482+00:00
2026-07-24,removed,53404439,,,Apartment,BRAND NEW | LUXURY | SPACIOUS ROOMS | BALCONY,480.0,,,,BHD,monthly,,,,,,,,,,,26.211111068725586,50.601112365722656,,,,Daniel Nwajiaku,,YES,,,,,https://www.propertyfinder.bh/en/plp/rent/apartment-for-rent-capital-governorate-al-juffair-53404439.html,2026-05-31T13:58:31.068517+00:00,2026-07-23T21:12:20.858482+00:00,53,2026-07-23T21:12:20.858482+00:00
2026-07-24,removed,53405609,,,Apartment,Spacious with close kitchen near capital  school,350.0,,,,BHD,monthly,,,,,,,,,,,26.20176887512207,50.53025436401367,,,,Aysha Adil,,YES,,,,,https://www.propertyfinder.bh/en/plp/rent/apartment-for-rent-northern-governorate-sehla-53405609.html,2026-05-31T13:58:31.068517+00:00,2026-07-23T21:12:20.858482+00:00,53,2026-07-23T21:12:20.858482+00:00
2026-07-24,removed,53433266,,,Apartment,1BHK Apartment For Students in Nice Building,350.0,,,,BHD,monthly,,,,,,,,,,,26.2102108001709,50.56403350830078,,,,Aysha Adil,,YES,,,,,https://www.propertyfinder.bh/en/plp/rent/apartment-for-rent-capital-governorate-manama-zinj-53433266.html,2026-05-31T13:58:31.068517+00:00,2026-07-23T21:12:20.858482+00:00,53,2026-07-23T21:12:20.858482+00:00
2026-07-24,removed,53460319,,,Villa,Modern-Bright Villa in Compound Adliya,650.0,,,,BHD,monthly,,,,,,,,,,,26.214487075805664,50.584754943847656,,,,Aysha Adil,,YES,,,,,https://www.propertyfinder.bh/en/plp/rent/villa-for-rent-capital-governorate-manama-adliya-53460319.html,2026-05-31T13:58:31.068517+00:00,2026-07-23T21:12:20.858482+00:00,53,2026-07-23T21:12:20.858482+00:00
2026-07-24,removed,53461159,,,Apartment,Beautiful spacious 2bhk with close kitchen,250.0,,,,BHD,monthly,,,,,,,,,,,26.19164276123047,50.48757553100586,,,,Aysha Adil,,PARTLY,,,,,https://www.propertyfinder.bh/en/plp/rent/apartment-for-rent-northern-governorate-saar-53461159.html,2026-05-31T13:58:31.068517+00:00,2026-07-23T21:12:20.858482+00:00,53,2026-07-23T21:12:20.858482+00:00
2026-07-24,removed,53461169,,,Apartment,beautiful 2bhk with close kitchen gas option,280.0,,,,BHD,monthly,,,,,,,,,,,26.19164276123047,50.48757553100586,,,,Aysha Adil,,PARTLY,,,,,https://www.propertyfinder.bh/en/plp/rent/apartment-for-rent-northern-governorate-saar-53461169.html,2026-05-31T13:58:31.068517+00:00,2026-07-23T21:12:20.858482+00:00,53,2026-07-23T21:12:20.858482+00:00
2026-07-24,removed,53461661,,,Villa,Spacious Villa With Private Pool In Compound,1300.0,,,,BHD,monthly,,,,,,,,,,,26.2103271484375,50.57957458496094,,,,Aysha Adil,,PARTLY,,,,,https://www.propertyfinder.bh/en/plp/rent/villa-for-rent-capital-governorate-bu-ashira-53461661.html,2026-05-31T13:58:31.068517+00:00,2026-07-23T21:12:20.858482+00:00,53,2026-07-23T21:12:20.858482+00:00
2026-07-24,removed,53461683,,,Apartment,Brand New Apartment In Nice Building,320.0,,,,BHD,monthly,,,,,,,,,,,26.21693992614746,50.57733154296875,,,,Aysha Adil,,NO,,,,,https://www.propertyfinder.bh/en/plp/rent/apartment-for-rent-capital-governorate-manama-segaya-53461683.html,2026-05-31T13:58:31.068517+00:00,2026-07-23T21:12:20.858482+00:00,53,2026-07-23T21:12:20.858482+00:00
2026-07-24,removed,53461870,,,Shop,Spacious Corner Shop for Rent in Segaya,3000.0,,,,BHD,monthly,,,,,,,,,,,26.21693992614746,50.57733154296875,,,,Aysha Adil,,NO,,,,,https://www.propertyfinder.bh/en/plp/commercial-rent/shop-for-rent-capital-governorate-manama-segaya-53461870.html,2026-05-31T13:58:31.068517+00:00,2026-07-23T21:12:20.858482+00:00,53,2026-07-23T21:12:20.858482+00:00
2026-07-24,removed,53489941,,,Villa,SPACIOUS AND POCKET FRIENDLY VILLA IN COMPOUND,650.0,,,,BHD,monthly,,,,,,,,,,,26.185943603515625,50.46711349487305,,,,Aysha Adil,,PARTLY,,,,,https://www.propertyfinder.bh/en/plp/rent/villa-for-rent-northern-governorate-janabiya-53489941.html,2026-05-31T13:58:31.068517+00:00,2026-07-23T21:12:20.858482+00:00,53,2026-07-23T21:12:20.858482+00:00
2026-07-24,removed,53523172,,,Apartment,Ultra Luxury facilities|Maid Room |Prime Community,1050.0,,,,BHD,monthly,,,,,,,,,,,26.239999771118164,50.5369987487793,,,,Anna Gaydaburova,,YES,,,,,https://www.propertyfinder.bh/en/plp/rent/apartment-for-rent-capital-governorate-seef-53523172.html,2026-05-31T13:58:31.068517+00:00,2026-07-23T21:12:20.858482+00:00,53,2026-07-23T21:12:20.858482+00:00
2026-07-24,removed,53600856,,,Apartment,Modern 1BR | Brand New| Prime Seef Location|Bright,430.0,,,,BHD,monthly,,,,,,,,,,,26.239999771118164,50.5369987487793,,,,Anna Gaydaburova,,YES,,,,,https://www.propertyfinder.bh/en/plp/rent/apartment-for-rent-capital-governorate-seef-53600856.html,2026-05-31T13:58:31.068517+00:00,2026-07-23T21:12:20.858482+00:00,53,2026-07-23T21:12:20.858482+00:00
2026-07-24,removed,53792357,,,Land,Residential land for sale in Al Qarya(Al Janabiya),102941.0,,,,BHD,sell,,,,,,,,,,,26.20011329650879,50.46629333496094,,,,Hussain Alkhayaat,,,,,,,https://www.propertyfinder.bh/en/plp/buy/land-for-sale-northern-governorate-al-qurayyah-53792357.html,2026-05-31T13:58:31.068517+00:00,2026-07-23T21:12:20.858482+00:00,53,2026-07-23T21:12:20.858482+00:00
2026-07-24,removed,53792454,,,Land,Land for sale in Al Qarya area,10294.0,,,,BHD,sell,,,,,,,,,,,26.20011329650879,50.46629333496094,,,,سيد مرتضى القصاب,,,,,,,https://www.propertyfinder.bh/en/plp/buy/land-for-sale-northern-governorate-al-qurayyah-53792454.html,2026-05-31T13:58:31.068517+00:00,2026-07-23T21:12:20.858482+00:00,53,2026-07-23T21:12:20.858482+00:00
2026-07-24,removed,53792455,,,Land,Land for sale in Hamala,156939.0,,,,BHD,sell,,,,,,,,,,,26.140336990356445,50.478271484375,,,,سيد مرتضى القصاب,,,,,,,https://www.propertyfinder.bh/en/plp/buy/land-for-sale-northern-governorate-hamala-53792455.html,2026-05-31T13:58:31.068517+00:00,2026-07-23T21:12:20.858482+00:00,53,2026-07-23T21:12:20.858482+00:00
2026-07-24,removed,53792466,,,Apartment,PEACEFULL FAMILY LIVING NEAR SALMANIYA,250.0,,,,BHD,monthly,,,,,,,,,,,26.21693992614746,50.57733154296875,,,,Najeeb Abdulwahed,,NO,,,,,https://www.propertyfinder.bh/en/plp/rent/apartment-for-rent-capital-governorate-manama-segaya-53792466.html,2026-05-31T13:58:31.068517+00:00,2026-07-23T21:12:20.858482+00:00,53,2026-07-23T21:12:20.858482+00:00
2026-07-24,removed,53792616,,,Apartment,Brand new | Sound system | Ground floor parking |,750.0,,,,BHD,monthly,,,,,,,,Water Garden City,,,26.24260139465332,50.55380630493164,,,,Hanaa Adel,,YES,,,,,https://www.propertyfinder.bh/en/plp/rent/apartment-for-rent-capital-governorate-manama-water-garden-city-53792616.html,2026-05-31T13:58:31.068517+00:00,2026-07-23T21:12:20.858482+00:00,53,2026-07-23T21:12:20.858482+00:00
2026-07-24,removed,53792645,,,Villa,PRIME CENTRAL ADDRESS 12 ROOMS NEAR SAUDI HIGHWAY,3000.0,,,,BHD,monthly,,,,,,,,,,,26.188888549804688,50.54999923706055,,,,Najeeb Abdulwahed,,YES,,,,,https://www.propertyfinder.bh/en/plp/rent/villa-for-rent-central-governorate-tubli-53792645.html,2026-05-31T13:58:31.068517+00:00,2026-07-23T21:12:20.858482+00:00,53,2026-07-23T21:12:20.858482+00:00
2026-07-24,removed,53792918,,,Land,Residential Land for Sale in Karzakan – Prime Loca,85000.0,,,,BHD,sell,,,,,,,,,,,26.113693237304688,50.48170471191406,,,,Ali Salah,,,,,,,https://www.propertyfinder.bh/en/plp/buy/land-for-sale-northern-governorate-karzakkan-53792918.html,2026-05-31T13:58:31.068517+00:00,2026-07-23T21:12:20.858482+00:00,53,2026-07-23T21:12:20.858482+00:00
2026-07-24,removed,53793093,,,Land,Residential land ( RA) located in Qalali,85054.0,,,,BHD,sell,,,,,,,,,,,26.266666412353516,50.650001525878906,,,,Mohamed Khaled,,,,,,,https://www.propertyfinder.bh/en/plp/buy/land-for-sale-muharraq-governorate-galali-53793093.html,2026-05-31T13:58:31.068517+00:00,2026-07-23T21:12:20.858482+00:00,53,2026-07-23T21:12:20.858482+00:00
2026-07-24,removed,53793126,,,Land,Corner Residential (RA) land in Qalali,108561.0,,,,BHD,sell,,,,,,,,,,,26.266666412353516,50.650001525878906,,,,Mohamed Khaled,,,,,,,https://www.propertyfinder.bh/en/plp/buy/land-for-sale-muharraq-governorate-galali-53793126.html,2026-05-31T13:58:31.068517+00:00,2026-07-23T21:12:20.858482+00:00,53,2026-07-23T21:12:20.858482+00:00
2026-07-24,removed,53793133,,,Land,Residential land (RA) located in Qalali,99317.0,,,,BHD,sell,,,,,,,,,,,26.266666412353516,50.650001525878906,,,,Mohamed Khaled,,,,,,,https://www.propertyfinder.bh/en/plp/buy/land-for-sale-muharraq-governorate-galali-53793133.html,2026-05-31T13:58:31.068517+00:00,2026-07-23T21:12:20.858482+00:00,53,2026-07-23T21:12:20.858482+00:00
2026-07-24,removed,53793180,,,Apartment,SEMIFURNISHED/ 2 HUGE TERRACES / PRIME LOCATION,700.0,,,,BHD,monthly,,,,,,,,Tala Island,,,26.300025939941406,50.66316223144531,,,,Pegasus Real Estate,,PARTLY,,,,,https://www.propertyfinder.bh/en/plp/rent/apartment-for-rent-muharraq-governorate-amwaj-islands-tala-island-53793180.html,2026-05-31T13:58:31.068517+00:00,2026-07-23T21:12:20.858482+00:00,53,2026-07-23T21:12:20.858482+00:00
2026-07-24,removed,53793248,,,Apartment,"Luxurious STUDIO with Sea view, Balcony",330.0,,,,BHD,monthly,,,,,,,,,,,26.239999771118164,50.5369987487793,,,,Zsuzsanna Gecse,,YES,,,,,https://www.propertyfinder.bh/en/plp/rent/apartment-for-rent-capital-governorate-seef-53793248.html,2026-05-31T13:58:31.068517+00:00,2026-07-23T21:12:20.858482+00:00,53,2026-07-23T21:12:20.858482+00:00
2026-07-24,removed,53793278,,,Land,Land for sale in Al Ramli area,100085.0,,,,BHD,sell,,,,,,,,,,,26.1634578704834,50.515289306640625,,,,سيد مرتضى القصاب,,,,,,,https://www.propertyfinder.bh/en/plp/buy/land-for-sale-central-governorate-a-ali-53793278.html,2026-05-31T13:58:31.068517+00:00,2026-07-23T21:12:20.858482+00:00,53,2026-07-23T21:12:20.858482+00:00
2026-07-24,removed,53793421,,,Apartment,FULLY FURNISHED MODERN 1BHK APARTMENT WITH BALCONY,270.0,,,,BHD,monthly,,,,,,,,,,,26.27199935913086,50.60900115966797,,,,Osama Butt,,YES,,,,,https://www.propertyfinder.bh/en/plp/rent/apartment-for-rent-muharraq-governorate-busaiteen-53793421.html,2026-05-31T13:58:31.068517+00:00,2026-07-23T21:12:20.858482+00:00,53,2026-07-23T21:12:20.858482+00:00
2026-07-24,removed,53793493,,,Villa,MODERN VILLA WITH PRIVATE POOL AND GARDEN,1100.0,,,,BHD,monthly,,,,,,,,,,,26.140336990356445,50.478271484375,,,,Aysha Adil,,PARTLY,,,,,https://www.propertyfinder.bh/en/plp/rent/villa-for-rent-northern-governorate-hamala-53793493.html,2026-05-31T13:58:31.068517+00:00,2026-07-23T21:12:20.858482+00:00,53,2026-07-23T21:12:20.858482+00:00
2026-07-24,removed,53793540,,,Villa,Spacious 3bhk open kitchen with private pool,600.0,,,,BHD,monthly,,,,,,,,,,,26.19164276123047,50.48757553100586,,,,Aysha Adil,,PARTLY,,,,,https://www.propertyfinder.bh/en/plp/rent/villa-for-rent-northern-governorate-saar-53793540.html,2026-05-31T13:58:31.068517+00:00,2026-07-23T21:12:20.858482+00:00,53,2026-07-23T21:12:20.858482+00:00
2026-07-24,removed,53793547,,,Villa,MODERN VILLA WITH BIG PRIVATE POOL NEAR BSB,1700.0,,,,BHD,monthly,,,,,,,,,,,26.140336990356445,50.478271484375,,,,Aysha Adil,,PARTLY,,,,,https://www.propertyfinder.bh/en/plp/rent/villa-for-rent-northern-governorate-hamala-53793547.html,2026-05-31T13:58:31.068517+00:00,2026-07-23T21:12:20.858482+00:00,53,2026-07-23T21:12:20.858482+00:00
2026-07-24,removed,53793555,,,Villa,GRAND VILLA WITH PRIVATE POOL AND GARDEN,1300.0,,,,BHD,monthly,,,,,,,,,,,26.140336990356445,50.478271484375,,,,Aysha Adil,,PARTLY,,,,,https://www.propertyfinder.bh/en/plp/rent/villa-for-rent-northern-governorate-hamala-53793555.html,2026-05-31T13:58:31.068517+00:00,2026-07-23T21:12:20.858482+00:00,53,2026-07-23T21:12:20.858482+00:00
2026-07-24,removed,53793569,,,Villa,TOWNHOUSE WITH EWA FULLY AND SEMI FURNISHED,950.0,,,,BHD,monthly,,,,,,,,,,,26.140336990356445,50.478271484375,,,,Aysha Adil,,YES,,,,,https://www.propertyfinder.bh/en/plp/rent/villa-for-rent-northern-governorate-hamala-53793569.html,2026-05-31T13:58:31.068517+00:00,2026-07-23T21:12:20.858482+00:00,53,2026-07-23T21:12:20.858482+00:00
2026-07-24,removed,53793587,,,Villa,COUNTRY VILLA COMPOUND WITH ALL AMENITIES,1300.0,,,,BHD,monthly,,,,,,,,,,,26.140336990356445,50.478271484375,,,,Aysha Adil,,PARTLY,,,,,https://www.propertyfinder.bh/en/plp/rent/villa-for-rent-northern-governorate-hamala-53793587.html,2026-05-31T13:58:31.068517+00:00,2026-07-23T21:12:20.858482+00:00,53,2026-07-23T21:12:20.858482+00:00
2026-07-24,removed,53793605,,,Villa,SPCIOUS COMPOUND VILLA FOR GARDEN LOVERS,1300.0,,,,BHD,monthly,,,,,,,,,,,26.140336990356445,50.478271484375,,,,Aysha Adil,,PARTLY,,,,,https://www.propertyfinder.bh/en/plp/rent/villa-for-rent-northern-governorate-hamala-53793605.html,2026-05-31T13:58:31.068517+00:00,2026-07-23T21:12:20.858482+00:00,53,2026-07-23T21:12:20.858482+00:00
2026-07-24,removed,53793701,,,Villa,Executive beautiful with big private garden,800.0,,,,BHD,monthly,,,,,,,,,,,26.229394912719727,50.48070526123047,,,,Aysha Adil,,PARTLY,,,,,https://www.propertyfinder.bh/en/plp/rent/villa-for-rent-northern-governorate-barbar-53793701.html,2026-05-31T13:58:31.068517+00:00,2026-07-23T21:12:20.858482+00:00,53,2026-07-23T21:12:20.858482+00:00
2026-07-24,removed,53793971,,,Apartment,Studio Apartment for Rent in seef,310.0,,,,BHD,monthly,,,,,,,,,,,26.239999771118164,50.5369987487793,,,,Deewania estate agency,,YES,,,,,https://www.propertyfinder.bh/en/plp/rent/apartment-for-rent-capital-governorate-seef-53793971.html,2026-05-31T13:58:31.068517+00:00,2026-07-23T21:12:20.858482+00:00,53,2026-07-23T21:12:20.858482+00:00
2026-07-24,removed,53794076,,,Penthouse,Hot deal! Luxury penthouse/Large terrace,83000.0,,,,BHD,sell,,,,,,,,Amwaj Avenue,,,26.29302978515625,50.66474151611328,,,,Svetlana Resheliyan,,YES,completed,,,,https://www.propertyfinder.bh/en/plp/buy/penthouse-for-sale-muharraq-governorate-amwaj-islands-amwaj-avenue-53794076.html,2026-05-31T13:58:31.068517+00:00,2026-07-23T21:12:20.858482+00:00,53,2026-07-23T21:12:20.858482+00:00
2026-07-24,removed,53934249,,,Apartment,Hotel Branded - Pooling system -,70000.0,,,,BHD,sell,,,,,,,,,,,26.288480758666992,50.66381072998047,,,,Khalid Alkhaja,,PARTLY,off_plan_primary,,,,https://www.propertyfinder.bh/en/plp/buy/apartment-for-sale-muharraq-governorate-amwaj-islands-53934249.html,2026-05-31T13:58:31.068517+00:00,2026-07-23T21:12:20.858482+00:00,53,2026-07-23T21:12:20.858482+00:00
2026-07-24,removed,54013674,,,Apartment,MODERN | CITY/SEA VIEW | BRIGHT LIGHT | AMENITIES,41000.0,,,,BHD,sell,,,,,,,,,,,26.211111068725586,50.601112365722656,,,,Daniel Nwajiaku,,YES,completed,,,,https://www.propertyfinder.bh/en/plp/buy/apartment-for-sale-capital-governorate-al-juffair-54013674.html,2026-06-02T00:10:52.106132+00:00,2026-07-23T21:12:20.858482+00:00,51,2026-07-23T21:12:20.858482+00:00
2026-07-24,removed,54014206,,,Apartment,Apartment In Karbabad Near Seef - EWA and AC,240.0,,,,BHD,monthly,,,,,,,,,,,26.239999771118164,50.5369987487793,,,,Hasan ABDULELAH ABDULHUSAIN Ahmed,,PARTLY,,,,,https://www.propertyfinder.bh/en/plp/rent/apartment-for-rent-capital-governorate-seef-54014206.html,2026-06-02T00:10:52.106132+00:00,2026-07-23T21:12:20.858482+00:00,51,2026-07-23T21:12:20.858482+00:00
2026-07-24,removed,54069182,,,Office Space,Large Commercial Space for Rent In Sanabis,450.0,,,,BHD,monthly,,,,,,,,Sanabis,,,26.226558685302734,50.5459098815918,,,,Hasan ABDULELAH ABDULHUSAIN Ahmed,,NO,,,,,https://www.propertyfinder.bh/en/plp/commercial-rent/office-space-for-rent-capital-governorate-manama-sanabis-54069182.html,2026-06-03T13:37:01.156638+00:00,2026-07-23T21:12:20.858482+00:00,50,2026-07-23T21:12:20.858482+00:00
2026-07-24,removed,54151830,,,Apartment,1BHK Apartment For Sale in Juffair Free Hold,53000.0,,,,BHD,sell,,,,,,,,,,,26.211111068725586,50.601112365722656,,,,Hasan ABDULELAH ABDULHUSAIN Ahmed,,YES,completed,,,,https://www.propertyfinder.bh/en/plp/buy/apartment-for-sale-capital-governorate-al-juffair-54151830.html,2026-06-06T16:25:02.020756+00:00,2026-07-23T21:12:20.858482+00:00,47,2026-07-23T21:12:20.858482+00:00
2026-07-24,removed,54179676,,,Apartment,"Furnished, 2BHK, Balcony, Close to services",250.0,,,,BHD,monthly,,,,,,,,,,,26.211111068725586,50.601112365722656,,,,MUSTAFA mohamed ,,YES,,,,,https://www.propertyfinder.bh/en/plp/rent/apartment-for-rent-capital-governorate-al-juffair-54179676.html,2026-06-07T20:27:15.086035+00:00,2026-07-23T21:12:20.858482+00:00,46,2026-07-23T21:12:20.858482+00:00
2026-07-24,removed,54207547,,,Land,Light industrial land for sale @tubli,281220.0,,,,BHD,sell,,,,,,,,,,,26.188888549804688,50.54999923706055,,,,Antony Pereira,,,,,,,https://www.propertyfinder.bh/en/plp/commercial-buy/land-for-sale-central-governorate-tubli-54207547.html,2026-06-08T20:53:00.490897+00:00,2026-07-23T21:12:20.858482+00:00,45,2026-07-23T21:12:20.858482+00:00
2026-07-24,removed,54233994,,,Land,901 SQM Plot of Land for Sale in TUBLI,310348.0,,,,BHD,sell,,,,,,,,,,,26.188888549804688,50.54999923706055,,,,Antony Pereira,,,,,,,https://www.propertyfinder.bh/en/plp/commercial-buy/land-for-sale-central-governorate-tubli-54233994.html,2026-06-09T13:03:47.398622+00:00,2026-07-23T21:12:20.858482+00:00,44,2026-07-23T21:12:20.858482+00:00
2026-07-24,removed,54233995,,,Villa,Compund villa with private pool,1000.0,,,,BHD,monthly,,,,,,,,,,,26.19164276123047,50.48757553100586,,,,Antony Pereira,,PARTLY,,,,,https://www.propertyfinder.bh/en/plp/rent/villa-for-rent-northern-governorate-saar-54233995.html,2026-06-09T13:03:47.398622+00:00,2026-07-23T21:12:20.858482+00:00,44,2026-07-23T21:12:20.858482+00:00
2026-07-24,removed,54234020,,,Apartment,Large Apartment In Juffair High Ewa Limit,350.0,,,,BHD,monthly,,,,,,,,,,,26.211111068725586,50.601112365722656,,,,Hasan ABDULELAH ABDULHUSAIN Ahmed,,YES,,,,,https://www.propertyfinder.bh/en/plp/rent/apartment-for-rent-capital-governorate-al-juffair-54234020.html,2026-06-09T13:03:47.398622+00:00,2026-07-23T21:12:20.858482+00:00,44,2026-07-23T21:12:20.858482+00:00
2026-07-24,removed,54234354,,,Apartment,2 BR Furnished Apartment with Water View,420.0,,,,BHD,monthly,,,,,,,,,,,26.211111068725586,50.601112365722656,,,,Hasan ABDULELAH ABDULHUSAIN Ahmed,,YES,,,,,https://www.propertyfinder.bh/en/plp/rent/apartment-for-rent-capital-governorate-al-juffair-54234354.html,2026-06-09T13:03:47.398622+00:00,2026-07-23T21:12:20.858482+00:00,44,2026-07-23T21:12:20.858482+00:00
2026-07-24,removed,54234368,,,Villa,Villa For Rent In Arad Fully Furnished,700.0,,,,BHD,monthly,,,,,,,,,,,26.25,50.650001525878906,,,,Hasan ABDULELAH ABDULHUSAIN Ahmed,,YES,,,,,https://www.propertyfinder.bh/en/plp/rent/villa-for-rent-muharraq-governorate-arad-54234368.html,2026-06-09T13:03:47.398622+00:00,2026-07-23T21:12:20.858482+00:00,44,2026-07-23T21:12:20.858482+00:00
2026-07-24,removed,54234580,,,Land,Commercial land for sale at hidd,351336.0,,,,BHD,sell,,,,,,,,,,,26.21263313293457,50.67418670654297,,,,Antony Pereira,,,,,,,https://www.propertyfinder.bh/en/plp/commercial-buy/land-for-sale-muharraq-governorate-hidd-54234580.html,2026-06-09T13:03:47.398622+00:00,2026-07-23T21:12:20.858482+00:00,44,2026-07-23T21:12:20.858482+00:00
2026-07-24,removed,54234636,,,Land,Commercial land with 3 roads for sale,328990.0,,,,BHD,sell,,,,,,,,,,,26.21263313293457,50.67418670654297,,,,Antony Pereira,,,,,,,https://www.propertyfinder.bh/en/plp/commercial-buy/land-for-sale-muharraq-governorate-hidd-54234636.html,2026-06-09T13:03:47.398622+00:00,2026-07-23T21:12:20.858482+00:00,44,2026-07-23T21:12:20.858482+00:00
2026-07-24,removed,54234918,,,Office Space,Office Space For Rent In Salmaniya,350.0,,,,BHD,monthly,,,,,,,,,,,26.219327926635742,50.579288482666016,,,,Hasan ABDULELAH ABDULHUSAIN Ahmed,,PARTLY,,,,,https://www.propertyfinder.bh/en/plp/commercial-rent/office-space-for-rent-capital-governorate-manama-salmaniya-54234918.html,2026-06-09T20:48:20.669724+00:00,2026-07-23T21:12:20.858482+00:00,44,2026-07-23T21:12:20.858482+00:00
2026-07-24,removed,54234919,,,Apartment,Apartment With AC IN Salmaniya,325.0,,,,BHD,monthly,,,,,,,,,,,26.219327926635742,50.579288482666016,,,,Hasan ABDULELAH ABDULHUSAIN Ahmed,,PARTLY,,,,,https://www.propertyfinder.bh/en/plp/rent/apartment-for-rent-capital-governorate-manama-salmaniya-54234919.html,2026-06-09T20:48:20.669724+00:00,2026-07-23T21:12:20.858482+00:00,44,2026-07-23T21:12:20.858482+00:00
2026-07-24,removed,54262230,,,Villa,Stand-alone furnished villa with pool,1300.0,,,,BHD,monthly,,,,,,,,,,,26.19164276123047,50.48757553100586,,,,Antony Pereira,,YES,,,,,https://www.propertyfinder.bh/en/plp/rent/villa-for-rent-northern-governorate-saar-54262230.html,2026-06-10T21:00:38.499992+00:00,2026-07-23T21:12:20.858482+00:00,43,2026-07-23T21:12:20.858482+00:00
2026-07-24,removed,54262231,,,Compound,Compound 4 bedrooms semi furnished villa,1700.0,,,,BHD,monthly,,,,,,,,,,,26.140336990356445,50.478271484375,,,,Antony Pereira,,PARTLY,,,,,https://www.propertyfinder.bh/en/plp/rent/compound-for-rent-northern-governorate-hamala-54262231.html,2026-06-10T21:00:38.499992+00:00,2026-07-23T21:12:20.858482+00:00,43,2026-07-23T21:12:20.858482+00:00
2026-07-24,removed,54262391,,,Villa,Large Villa For Rent In Adliya With AC,800.0,,,,BHD,monthly,,,,,,,,,,,26.214487075805664,50.584754943847656,,,,Hasan ABDULELAH ABDULHUSAIN Ahmed,,PARTLY,,,,,https://www.propertyfinder.bh/en/plp/rent/villa-for-rent-capital-governorate-manama-adliya-54262391.html,2026-06-10T21:00:38.499992+00:00,2026-07-23T21:12:20.858482+00:00,43,2026-07-23T21:12:20.858482+00:00
2026-07-24,removed,54262470,,,Villa,Fully Furnished Villa In Adliya,1000.0,,,,BHD,monthly,,,,,,,,,,,26.214487075805664,50.584754943847656,,,,Hasan ABDULELAH ABDULHUSAIN Ahmed,,YES,,,,,https://www.propertyfinder.bh/en/plp/rent/villa-for-rent-capital-governorate-manama-adliya-54262470.html,2026-06-10T21:00:38.499992+00:00,2026-07-23T21:12:20.858482+00:00,43,2026-07-23T21:12:20.858482+00:00
2026-07-24,removed,54262471,,,Land,Industrial land with boundary wall for rent,800.0,,,,BHD,monthly,,,,,,,,,,,26.05678367614746,50.61648178100586,,,,Antony Pereira,,,,,,,https://www.propertyfinder.bh/en/plp/commercial-rent/land-for-rent-southern-governorate-askar-54262471.html,2026-06-10T21:00:38.499992+00:00,2026-07-23T21:12:20.858482+00:00,43,2026-07-23T21:12:20.858482+00:00
2026-07-24,removed,54262475,,,Villa,SALON & SPA VILLA -READY TO WORK- FOR RENT,1000.0,,,,BHD,monthly,,,,,,,,,,,26.214487075805664,50.584754943847656,,,,Hasan ABDULELAH ABDULHUSAIN Ahmed,,YES,,,,,https://www.propertyfinder.bh/en/plp/commercial-rent/villa-for-rent-capital-governorate-manama-adliya-54262475.html,2026-06-10T21:00:38.499992+00:00,2026-07-23T21:12:20.858482+00:00,43,2026-07-23T21:12:20.858482+00:00
2026-07-24,removed,54262478,,,Villa,Standalone private semi furnished villa,1000.0,,,,BHD,monthly,,,,,,,,,,,26.19164276123047,50.48757553100586,,,,Antony Pereira,,PARTLY,,,,,https://www.propertyfinder.bh/en/plp/rent/villa-for-rent-northern-governorate-saar-54262478.html,2026-06-10T21:00:38.499992+00:00,2026-07-23T21:12:20.858482+00:00,43,2026-07-23T21:12:20.858482+00:00
2026-07-24,removed,54262482,,,Whole Building,FULLY RENTED BUILDING FOR SALE,268000.0,,,,BHD,sell,,,,,,,,,,,26.149999618530273,50.58333206176758,,,,Antony Pereira,,PARTLY,completed,,,,https://www.propertyfinder.bh/en/plp/buy/whole-building-for-sale-central-governorate-sanad-54262482.html,2026-06-10T21:00:38.499992+00:00,2026-07-23T21:12:20.858482+00:00,43,2026-07-23T21:12:20.858482+00:00
2026-07-24,removed,54262542,,,Villa,COMMERCIAL VILLA FOR RENT IN PRIME LOCATION,1000.0,,,,BHD,monthly,,,,,,,,,,,26.214487075805664,50.584754943847656,,,,Hasan ABDULELAH ABDULHUSAIN Ahmed,,YES,,,,,https://www.propertyfinder.bh/en/plp/commercial-rent/villa-for-rent-capital-governorate-manama-adliya-54262542.html,2026-06-10T21:00:38.499992+00:00,2026-07-23T21:12:20.858482+00:00,43,2026-07-23T21:12:20.858482+00:00
2026-07-24,removed,54262700,,,Bulk Rent Unit,4000 Sqft Bulk Rent Unit with Private Pool,5000.0,,,,BHD,monthly,,,,,,,,,,,26.213165283203125,50.447471618652344,,,,Antony Pereira,,PARTLY,,,,,https://www.propertyfinder.bh/en/plp/commercial-rent/bulk-rent-unit-for-rent-northern-governorate-budaiya-54262700.html,2026-06-10T21:00:38.499992+00:00,2026-07-23T21:12:20.858482+00:00,43,2026-07-23T21:12:20.858482+00:00
2026-07-24,removed,54262701,,,Show Room,Premium showroom,15000.0,,,,BHD,monthly,,,,,,,,,,,26.162988662719727,50.6124267578125,,,,Antony Pereira,,PARTLY,,,,,https://www.propertyfinder.bh/en/plp/commercial-rent/show-room-for-rent-central-governorate-sitra-54262701.html,2026-06-10T21:00:38.499992+00:00,2026-07-23T21:12:20.858482+00:00,43,2026-07-23T21:12:20.858482+00:00
2026-07-24,removed,54262796,,,Apartment,Family Apartment For Rent in Daih Area,150.0,,,,BHD,monthly,,,,,,,,,,,26.225631713867188,50.535701751708984,,,,Hasan ABDULELAH ABDULHUSAIN Ahmed,,NO,,,,,https://www.propertyfinder.bh/en/plp/rent/apartment-for-rent-northern-governorate-al-daih-54262796.html,2026-06-10T21:00:38.499992+00:00,2026-07-23T21:12:20.858482+00:00,43,2026-07-23T21:12:20.858482+00:00
2026-07-24,removed,54262808,,,Warehouse,Warehouse/ worshop,1519.0,,,,BHD,monthly,,,,,,,,,,,26.05678367614746,50.61648178100586,,,,Antony Pereira,,PARTLY,,,,,https://www.propertyfinder.bh/en/plp/commercial-rent/warehouse-for-rent-southern-governorate-askar-54262808.html,2026-06-10T21:00:38.499992+00:00,2026-07-23T21:12:20.858482+00:00,43,2026-07-23T21:12:20.858482+00:00
2026-07-24,removed,54262814,,,Show Room,Showroom with office  2 floors,3500.0,,,,BHD,monthly,,,,,,,,,,,26.20176887512207,50.53025436401367,,,,Antony Pereira,,NO,,,,,https://www.propertyfinder.bh/en/plp/commercial-rent/show-room-for-rent-northern-governorate-sehla-54262814.html,2026-06-10T21:00:38.499992+00:00,2026-07-23T21:12:20.858482+00:00,43,2026-07-23T21:12:20.858482+00:00
2026-07-24,removed,54262817,,,Villa,Compound fully furnished 4 room villa with pool,1600.0,,,,BHD,monthly,,,,,,,,,,,26.140336990356445,50.478271484375,,,,Antony Pereira,,YES,,,,,https://www.propertyfinder.bh/en/plp/rent/villa-for-rent-northern-governorate-hamala-54262817.html,2026-06-10T21:00:38.499992+00:00,2026-07-23T21:12:20.858482+00:00,43,2026-07-23T21:12:20.858482+00:00
2026-07-24,removed,54262821,,,Land,Residential garden land (RG),1492729.0,,,,BHD,sell,,,,,,,,,,,26.185943603515625,50.46711349487305,,,,Antony Pereira,,,,,,,https://www.propertyfinder.bh/en/plp/buy/land-for-sale-northern-governorate-janabiya-54262821.html,2026-06-10T21:00:38.499992+00:00,2026-07-23T21:12:20.858482+00:00,43,2026-07-23T21:12:20.858482+00:00
2026-07-24,removed,54262823,,,Villa,Comerecial 6 rooms and 2 halls villa,1500.0,,,,BHD,monthly,,,,,,,,,,,26.203079223632812,50.594947814941406,,,,Antony Pereira,,PARTLY,,,,,https://www.propertyfinder.bh/en/plp/commercial-rent/villa-for-rent-capital-governorate-manama-um-al-hasam-54262823.html,2026-06-10T21:00:38.499992+00:00,2026-07-23T21:12:20.858482+00:00,43,2026-07-23T21:12:20.858482+00:00
2026-07-24,removed,54262825,,,Villa,Compound 4 bedrooms semi furnished villa,650.0,,,,BHD,monthly,,,,,,,,,,,26.20176887512207,50.53025436401367,,,,Antony Pereira,,PARTLY,,,,,https://www.propertyfinder.bh/en/plp/rent/villa-for-rent-northern-governorate-sehla-54262825.html,2026-06-10T21:00:38.499992+00:00,2026-07-23T21:12:20.858482+00:00,43,2026-07-23T21:12:20.858482+00:00
2026-07-24,removed,54262831,,,Apartment,# bedroom fully furnished apartment,450.0,,,,BHD,monthly,,,,,,,,,,,26.19164276123047,50.48757553100586,,,,Antony Pereira,,YES,,,,,https://www.propertyfinder.bh/en/plp/rent/apartment-for-rent-northern-governorate-saar-54262831.html,2026-06-10T21:00:38.499992+00:00,2026-07-23T21:12:20.858482+00:00,43,2026-07-23T21:12:20.858482+00:00
2026-07-24,removed,54262833,,,Land,2379 Sqft Light Industrial Land for Sale,691404.0,,,,BHD,sell,,,,,,,,,,,26.134166717529297,50.61305618286133,,,,Antony Pereira,,,,,,,https://www.propertyfinder.bh/en/plp/commercial-buy/land-for-sale-central-governorate-maameer-54262833.html,2026-06-10T21:00:38.499992+00:00,2026-07-23T21:12:20.858482+00:00,43,2026-07-23T21:12:20.858482+00:00
2026-07-24,removed,54262877,,,Apartment,2BHK Apartment In New Building In Jid Ali,170.0,,,,BHD,monthly,,,,,,,,,,,26.179166793823242,50.56222152709961,,,,Hasan ABDULELAH ABDULHUSAIN Ahmed,,NO,,,,,https://www.propertyfinder.bh/en/plp/rent/apartment-for-rent-central-governorate-jid-ali-54262877.html,2026-06-10T21:00:38.499992+00:00,2026-07-23T21:12:20.858482+00:00,43,2026-07-23T21:12:20.858482+00:00
2026-07-24,removed,54263792,,,Apartment,1 BR Apartment in Marassi Shores with Beach Access,65000.0,,,,BHD,sell,,,,,,,,Diyar Al Muharraq,Marassi Shores Residences,,26.303447723388672,50.6461296081543,,,,Ali  Jawad ,,PARTLY,completed_primary,,,,https://www.propertyfinder.bh/en/plp/buy/apartment-for-sale-muharraq-governorate-diyar-al-muharraq-marassi-shores-residences-54263792.html,2026-06-11T20:57:11.134489+00:00,2026-07-23T21:12:20.858482+00:00,42,2026-07-23T21:12:20.858482+00:00
2026-07-24,removed,54396497,,,Duplex,Luxury and Modern 3BR Plus Maid Duplex For Rent,1000.0,,,,BHD,monthly,,,,,,,,Amwaj Marina,,,26.293058395385742,50.65943908691406,,,,Ali  Jawad ,,YES,,,,,https://www.propertyfinder.bh/en/plp/rent/duplex-for-rent-muharraq-governorate-amwaj-islands-amwaj-marina-54396497.html,2026-06-15T21:06:46.439420+00:00,2026-07-23T21:12:20.858482+00:00,38,2026-07-23T21:12:20.858482+00:00
2026-07-24,removed,54396808,,,Apartment,"Affordable, Spacious Family Flat | Don’t Miss Out",460.0,,,,BHD,monthly,,,,,,,,,,,26.21693992614746,50.57733154296875,,,,Abijeet    ,,YES,,,,,https://www.propertyfinder.bh/en/plp/rent/apartment-for-rent-capital-governorate-manama-segaya-54396808.html,2026-06-15T21:06:46.439420+00:00,2026-07-23T21:12:20.858482+00:00,38,2026-07-23T21:12:20.858482+00:00
2026-07-24,removed,54452037,,,Apartment,Sea view 2BR Apartment For Rent | Pets Friendly,400.0,,,,BHD,monthly,,,,,,,,Amwaj Avenue,,,26.29302978515625,50.66474151611328,,,,Ali  Jawad ,,YES,,,,,https://www.propertyfinder.bh/en/plp/rent/apartment-for-rent-muharraq-governorate-amwaj-islands-amwaj-avenue-54452037.html,2026-06-17T20:50:56.644034+00:00,2026-07-23T21:12:20.858482+00:00,36,2026-07-23T21:12:20.858482+00:00
2026-07-24,removed,54483995,,,Land,REDUCED PRICE!!! Commercial Land (B3*) in Hidd,87500.0,,,,BHD,sell,,,,,,,,,,,26.21263313293457,50.67418670654297,,,,Violeta Abboud,,,,,,,https://www.propertyfinder.bh/en/plp/commercial-buy/land-for-sale-muharraq-governorate-hidd-862628.html,2026-06-24T20:40:58.428770+00:00,2026-07-23T21:12:20.858482+00:00,29,2026-07-23T21:12:20.858482+00:00
2026-07-24,removed,54568980,,,Land,Prime Residential Land for Sale in Samaheej - RA,95000.0,,,,BHD,sell,,,,,,,,,,,26.28297996520996,50.633480072021484,,,,Mohamed Khaled,,,,,,,https://www.propertyfinder.bh/en/plp/buy/land-for-sale-muharraq-governorate-samaheej-54568980.html,2026-06-21T11:17:16.187019+00:00,2026-07-23T21:12:20.858482+00:00,32,2026-07-23T21:12:20.858482+00:00
2026-07-24,removed,54597218,,,Apartment,Elegant 2BR and High Quality Apartment for Rent,650.0,,,,BHD,monthly,,,,,,,,Amwaj Avenue,,,26.29302978515625,50.66474151611328,,,,Ali  Jawad ,,YES,,,,,https://www.propertyfinder.bh/en/plp/rent/apartment-for-rent-muharraq-governorate-amwaj-islands-amwaj-avenue-54597218.html,2026-06-22T21:07:15.511458+00:00,2026-07-23T21:12:20.858482+00:00,31,2026-07-23T21:12:20.858482+00:00
2026-07-24,removed,54597623,,,Apartment,BRAND NEW | HOUSEKEEPING | SPACIOUS ROOM | BALCONY,350.0,,,,BHD,monthly,,,,,,,,,,,26.211111068725586,50.601112365722656,,,,Daniel Nwajiaku,,YES,,,,,https://www.propertyfinder.bh/en/plp/rent/apartment-for-rent-capital-governorate-al-juffair-54597623.html,2026-06-22T21:07:15.511458+00:00,2026-07-23T21:12:20.858482+00:00,31,2026-07-23T21:12:20.858482+00:00
2026-07-24,removed,54624940,,,Apartment,Pets Friendly 2BR for Rent | Modern and Sea View,600.0,,,,BHD,monthly,,,,,,,,Amwaj Avenue,,,26.29302978515625,50.66474151611328,,,,Ali  Jawad ,,YES,,,,,https://www.propertyfinder.bh/en/plp/rent/apartment-for-rent-muharraq-governorate-amwaj-islands-amwaj-avenue-54624940.html,2026-06-23T20:51:22.852189+00:00,2026-07-23T21:12:20.858482+00:00,30,2026-07-23T21:12:20.858482+00:00
2026-07-24,removed,54625483,,,Apartment,NEW | HOT OFFER | SEA VIEW  | BRIGHT SPACIOUS,375.0,,,,BHD,monthly,,,,,,,,The Lagoon,,,26.287778854370117,50.66339111328125,,,,Fadi Eweida,,YES,,,,,https://www.propertyfinder.bh/en/plp/rent/apartment-for-rent-muharraq-governorate-amwaj-islands-the-lagoon-54625483.html,2026-06-23T20:51:22.852189+00:00,2026-07-23T21:12:20.858482+00:00,30,2026-07-23T21:12:20.858482+00:00
2026-07-24,removed,54625576,,,Apartment,SPACIOUS | SWIMMING POOL | GYM | KID'S PLAY AREA,320.0,,,,BHD,monthly,,,,,,,,Amwaj Avenue,,,26.29302978515625,50.66474151611328,,,,Fadi Eweida,,YES,,,,,https://www.propertyfinder.bh/en/plp/rent/apartment-for-rent-muharraq-governorate-amwaj-islands-amwaj-avenue-54625576.html,2026-06-23T20:51:22.852189+00:00,2026-07-23T21:12:20.858482+00:00,30,2026-07-23T21:12:20.858482+00:00
2026-07-24,removed,54625749,,,Apartment,HOT DEAL BRIGHT MODERN WITH BALCONY GYM AND POOL,1200.0,,,,BHD,monthly,,,,,,,,Diyar Al Muharraq,Marassi Shores Residences,,26.303447723388672,50.6461296081543,,,,Fadi Eweida,,YES,,,,,https://www.propertyfinder.bh/en/plp/rent/apartment-for-rent-muharraq-governorate-diyar-al-muharraq-marassi-shores-residences-54625749.html,2026-06-23T20:51:22.852189+00:00,2026-07-23T21:12:20.858482+00:00,30,2026-07-23T21:12:20.858482+00:00
2026-07-24,removed,54625854,,,Apartment,HOT DEAL BRIGHT MODERN WITH BALCONY GYM AND POOL,370.0,,,,BHD,monthly,,,,,,,,Diyar Al Muharraq,,,26.303447723388672,50.6461296081543,,,,Fadi Eweida,,YES,,,,,https://www.propertyfinder.bh/en/plp/rent/apartment-for-rent-muharraq-governorate-diyar-al-muharraq-marassi-al-bahrain-54625854.html,2026-06-23T20:51:22.852189+00:00,2026-07-23T21:12:20.858482+00:00,30,2026-07-23T21:12:20.858482+00:00
2026-07-24,removed,54626457,,,Apartment,"Furnished apartment for rent in Busaiteen, includi",400.0,,,,BHD,monthly,,,,,,,,,,,26.27199935913086,50.60900115966797,,,,Mohammed Ali   ,,YES,,,,,https://www.propertyfinder.bh/en/plp/rent/apartment-for-rent-muharraq-governorate-busaiteen-54626457.html,2026-06-24T20:40:58.428770+00:00,2026-07-23T21:12:20.858482+00:00,29,2026-07-23T21:12:20.858482+00:00
2026-07-24,removed,54653294,,,Villa,BRAND NEW VILLA LUXURY | ELEVATOR MAJLIS MAIDROOM,275000.0,,,,BHD,sell,,,,,,,,,,,26.1314754486084,50.568843841552734,,,,khan Mohammad khan,,NO,completed,,,,https://www.propertyfinder.bh/en/plp/buy/villa-for-sale-southern-governorate-riffa-bu-kowarah-54653294.html,2026-06-24T20:40:58.428770+00:00,2026-07-23T21:12:20.858482+00:00,29,2026-07-23T21:12:20.858482+00:00
2026-07-24,removed,54653332,,,Duplex,Sea + City View Duplex 2BR | Balconies Sauna Steam,450.0,,,,BHD,monthly,,,,,,,,Amwaj Avenue,,,26.29302978515625,50.66474151611328,,,,Muhammad Usman,,YES,,,,,https://www.propertyfinder.bh/en/plp/rent/duplex-for-rent-muharraq-governorate-amwaj-islands-amwaj-avenue-54653332.html,2026-06-24T20:40:58.428770+00:00,2026-07-23T21:12:20.858482+00:00,29,2026-07-23T21:12:20.858482+00:00
2026-07-24,removed,54653339,,,Apartment,Sea View Higher Floor 2BR | Gym Pool Balcony Sauna,380.0,,,,BHD,monthly,,,,,,,,Amwaj Avenue,,,26.29302978515625,50.66474151611328,,,,Muhammad Usman,,YES,,,,,https://www.propertyfinder.bh/en/plp/rent/apartment-for-rent-muharraq-governorate-amwaj-islands-amwaj-avenue-54653339.html,2026-06-24T20:40:58.428770+00:00,2026-07-23T21:12:20.858482+00:00,29,2026-07-23T21:12:20.858482+00:00
2026-07-24,removed,54653345,,,Villa,Luxurious Stand-Alone Beachfront Villa 5BR | Pool,2200.0,,,,BHD,monthly,,,,,,,,Amwaj Avenue,,,26.29302978515625,50.66474151611328,,,,Muhammad Usman,,YES,,,,,https://www.propertyfinder.bh/en/plp/rent/villa-for-rent-muharraq-governorate-amwaj-islands-amwaj-avenue-54653345.html,2026-06-24T20:40:58.428770+00:00,2026-07-23T21:12:20.858482+00:00,29,2026-07-23T21:12:20.858482+00:00
2026-07-24,removed,54653346,,,Apartment,Sea View 2BHK | Gym Pool Balcony | Sauna Steam BBQ,390.0,,,,BHD,monthly,,,,,,,,Amwaj Avenue,,,26.29302978515625,50.66474151611328,,,,Muhammad Usman,,YES,,,,,https://www.propertyfinder.bh/en/plp/rent/apartment-for-rent-muharraq-governorate-amwaj-islands-amwaj-avenue-54653346.html,2026-06-24T20:40:58.428770+00:00,2026-07-23T21:12:20.858482+00:00,29,2026-07-23T21:12:20.858482+00:00
2026-07-24,removed,54653349,,,Apartment,SPACIOUS ROOMS | BALCONY | CITYVIEW | AMENITIES,425.0,,,,BHD,monthly,,,,,,,,,,,26.211111068725586,50.601112365722656,,,,Daniel Nwajiaku,,YES,,,,,https://www.propertyfinder.bh/en/plp/rent/apartment-for-rent-capital-governorate-al-juffair-54653349.html,2026-06-24T20:40:58.428770+00:00,2026-07-23T21:12:20.858482+00:00,29,2026-07-23T21:12:20.858482+00:00
2026-07-24,removed,54653350,,,Apartment,HOUSE KEEPING | SPACIOUS ROOM | BALCONY | CITYVIEW,500.0,,,,BHD,monthly,,,,,,,,,,,26.211111068725586,50.601112365722656,,,,Daniel Nwajiaku,,YES,,,,,https://www.propertyfinder.bh/en/plp/rent/apartment-for-rent-capital-governorate-al-juffair-54653350.html,2026-06-24T20:40:58.428770+00:00,2026-07-23T21:12:20.858482+00:00,29,2026-07-23T21:12:20.858482+00:00
2026-07-24,removed,54653351,,,Apartment,HOUSE KEEPING | BALCONY | CITYVIEW | SPACIOUS,850.0,,,,BHD,monthly,,,,,,,,,,,26.211111068725586,50.601112365722656,,,,Daniel Nwajiaku,,YES,,,,,https://www.propertyfinder.bh/en/plp/rent/apartment-for-rent-capital-governorate-al-juffair-54653351.html,2026-06-24T20:40:58.428770+00:00,2026-07-23T21:12:20.858482+00:00,29,2026-07-23T21:12:20.858482+00:00
2026-07-24,removed,54653363,,,Apartment,MODERN FULL SEA VIEW SPACIOUS ROOM BALCONY,330.0,,,,BHD,monthly,,,,,,,,,,,26.211111068725586,50.601112365722656,,,,Daniel Nwajiaku,,YES,,,,,https://www.propertyfinder.bh/en/plp/rent/apartment-for-rent-capital-governorate-al-juffair-54653363.html,2026-06-24T20:40:58.428770+00:00,2026-07-23T21:12:20.858482+00:00,29,2026-07-23T21:12:20.858482+00:00
2026-07-24,removed,54653371,,,Apartment,MODERN | CITY VIEW | SPACIOUS ROOMS | JACUZZI,600.0,,,,BHD,monthly,,,,,,,,,,,26.211111068725586,50.601112365722656,,,,Daniel Nwajiaku,,YES,,,,,https://www.propertyfinder.bh/en/plp/rent/apartment-for-rent-capital-governorate-al-juffair-54653371.html,2026-06-24T20:40:58.428770+00:00,2026-07-23T21:12:20.858482+00:00,29,2026-07-23T21:12:20.858482+00:00
2026-07-24,removed,54653372,,,Apartment,BRAND NEW | CITYVIEW | SPACIOUS ROOMS | BALCONY,320.0,,,,BHD,monthly,,,,,,,,,,,26.211111068725586,50.601112365722656,,,,Daniel Nwajiaku,,YES,,,,,https://www.propertyfinder.bh/en/plp/rent/apartment-for-rent-capital-governorate-al-juffair-54653372.html,2026-06-24T20:40:58.428770+00:00,2026-07-23T21:12:20.858482+00:00,29,2026-07-23T21:12:20.858482+00:00
2026-07-24,removed,54653373,,,Apartment,BALCONY | MODERN | SPACIOUS ROOMS | CITY VIEW,350.0,,,,BHD,monthly,,,,,,,,,,,26.21263313293457,50.67418670654297,,,,Daniel Nwajiaku,,YES,,,,,https://www.propertyfinder.bh/en/plp/rent/apartment-for-rent-muharraq-governorate-hidd-54653373.html,2026-06-24T20:40:58.428770+00:00,2026-07-23T21:12:20.858482+00:00,29,2026-07-23T21:12:20.858482+00:00
2026-07-24,removed,54653376,,,Apartment,MODERN | CITY VIEW | SPACIOUS ROOMS | BALCONY,700.0,,,,BHD,monthly,,,,,,,,,,,26.207910537719727,50.587345123291016,,,,Daniel Nwajiaku,,YES,,,,,https://www.propertyfinder.bh/en/plp/rent/apartment-for-rent-capital-governorate-manama-mahooz-54653376.html,2026-06-24T20:40:58.428770+00:00,2026-07-23T21:12:20.858482+00:00,29,2026-07-23T21:12:20.858482+00:00
2026-07-24,removed,54653386,,,Apartment,HOUSEKEEPING | MODERN | SPACIOUS ROOMS | CITY VIEW,500.0,,,,BHD,monthly,,,,,,,,,,,26.211111068725586,50.601112365722656,,,,Daniel Nwajiaku,,YES,,,,,https://www.propertyfinder.bh/en/plp/rent/apartment-for-rent-capital-governorate-al-juffair-54653386.html,2026-06-24T20:40:58.428770+00:00,2026-07-23T21:12:20.858482+00:00,29,2026-07-23T21:12:20.858482+00:00
2026-07-24,removed,54653392,,,Apartment,BRAND NEW | HOUSEKEEPING | SPACIOUS | BALCONY |,450.0,,,,BHD,monthly,,,,,,,,,,,26.211111068725586,50.601112365722656,,,,Daniel Nwajiaku,,YES,,,,,https://www.propertyfinder.bh/en/plp/rent/apartment-for-rent-capital-governorate-al-juffair-54653392.html,2026-06-24T20:40:58.428770+00:00,2026-07-23T21:12:20.858482+00:00,29,2026-07-23T21:12:20.858482+00:00
2026-07-24,removed,54653396,,,Apartment,HUGE BALCONIES GREAT VIEWS GREAT FACILITIES,110000.0,,,,BHD,sell,,,,,,,,,,,26.211111068725586,50.601112365722656,,,,Daniel Nwajiaku,,YES,completed,,,,https://www.propertyfinder.bh/en/plp/buy/apartment-for-sale-capital-governorate-al-juffair-54653396.html,2026-06-24T20:40:58.428770+00:00,2026-07-23T21:12:20.858482+00:00,29,2026-07-23T21:12:20.858482+00:00
2026-07-24,removed,54653415,,,Apartment,LUXURY | MAID ROOM | SPACIOUS ROOMS | AMENITIES,117000.0,,,,BHD,sell,,,,,,,,,,,26.211111068725586,50.601112365722656,,,,Daniel Nwajiaku,,YES,completed,,,,https://www.propertyfinder.bh/en/plp/buy/apartment-for-sale-capital-governorate-al-juffair-54653415.html,2026-06-24T20:40:58.428770+00:00,2026-07-23T21:12:20.858482+00:00,29,2026-07-23T21:12:20.858482+00:00
2026-07-24,removed,54653421,,,Apartment,CITYVIEW | SPACIOUS ROOMS | GREAT FACILITIES,350.0,,,,BHD,monthly,,,,,,,,,,,26.211111068725586,50.601112365722656,,,,Daniel Nwajiaku,,YES,,,,,https://www.propertyfinder.bh/en/plp/rent/apartment-for-rent-capital-governorate-al-juffair-54653421.html,2026-06-24T20:40:58.428770+00:00,2026-07-23T21:12:20.858482+00:00,29,2026-07-23T21:12:20.858482+00:00
2026-07-24,removed,54653423,,,Apartment,SPACIOUS ROOMS | MODERN | CITY VIEW | AMENITIES,300.0,,,,BHD,monthly,,,,,,,,,,,26.211111068725586,50.601112365722656,,,,Daniel Nwajiaku,,YES,,,,,https://www.propertyfinder.bh/en/plp/rent/apartment-for-rent-capital-governorate-al-juffair-54653423.html,2026-06-24T20:40:58.428770+00:00,2026-07-23T21:12:20.858482+00:00,29,2026-07-23T21:12:20.858482+00:00
2026-07-24,removed,54653430,,,Apartment,Corner Layout | Huge Balconies | Bright & Modern.,800.0,,,,BHD,monthly,,,,,,,,Bahrain Financial Harbour,,,26.23778533935547,50.57342529296875,,,,Ahmad Hassan,,YES,,,,,https://www.propertyfinder.bh/en/plp/rent/apartment-for-rent-capital-governorate-manama-bahrain-financial-harbour-54653430.html,2026-06-24T20:40:58.428770+00:00,2026-07-23T21:12:20.858482+00:00,29,2026-07-23T21:12:20.858482+00:00
2026-07-24,removed,54653451,,,Apartment,HIGH ROI | SPACIOUS| INVESTMENT | BEACH ACCESS,158888.0,,,,BHD,sell,,,,,,,,Diyar Al Muharraq,,,26.303447723388672,50.6461296081543,,,,Chippy Jiji,,YES,completed_primary,,,,https://www.propertyfinder.bh/en/plp/buy/apartment-for-sale-muharraq-governorate-diyar-al-muharraq-marassi-al-bahrain-54653451.html,2026-06-24T20:40:58.428770+00:00,2026-07-23T21:12:20.858482+00:00,29,2026-07-23T21:12:20.858482+00:00
2026-07-24,removed,54653458,,,Apartment,Huge Windows | Sea View | 2- Balconies.,800.0,,,,BHD,monthly,,,,,,,,Bahrain Financial Harbour,,,26.23778533935547,50.57342529296875,,,,Ahmad Hassan,,PARTLY,,,,,https://www.propertyfinder.bh/en/plp/rent/apartment-for-rent-capital-governorate-manama-bahrain-financial-harbour-54653458.html,2026-06-24T20:40:58.428770+00:00,2026-07-23T21:12:20.858482+00:00,29,2026-07-23T21:12:20.858482+00:00
2026-07-24,removed,54653487,,,Apartment,INCL EWA+ INTERNET | SEA + CITY VIEW | LUXURY,1200.0,,,,BHD,monthly,,,,,,,,,,,26.241750717163086,50.5663948059082,,,,Faustine Chantal,,YES,,,,,https://www.propertyfinder.bh/en/plp/rent/apartment-for-rent-capital-governorate-reef-island-54653487.html,2026-06-24T20:40:58.428770+00:00,2026-07-23T21:12:20.858482+00:00,29,2026-07-23T21:12:20.858482+00:00
2026-07-24,removed,54653509,,,Apartment,Sea View | Luxury Furnishing | Closed Kitchen.,700.0,,,,BHD,monthly,,,,,,,,Bahrain Financial Harbour,,,26.23778533935547,50.57342529296875,,,,Ahmad Hassan,,YES,,,,,https://www.propertyfinder.bh/en/plp/rent/apartment-for-rent-capital-governorate-manama-bahrain-financial-harbour-54653509.html,2026-06-24T20:40:58.428770+00:00,2026-07-23T21:12:20.858482+00:00,29,2026-07-23T21:12:20.858482+00:00
2026-07-24,removed,54653543,,,Land,Prime Investment Land for Sale in Hajiyat,335000.0,,,,BHD,sell,,,,,,,,Alhajiyat,,,26.128984451293945,50.58171463012695,,,,Salah Hashem,,,,,,,https://www.propertyfinder.bh/en/plp/buy/land-for-sale-southern-governorate-riffa-alhajiyat-54653543.html,2026-06-24T20:40:58.428770+00:00,2026-07-23T21:12:20.858482+00:00,29,2026-07-23T21:12:20.858482+00:00
2026-07-24,removed,54653555,,,Apartment,Beautiful/Spacious/gym/Balcony/Family Apartment,320.0,,,,BHD,monthly,,,,,,,,,,,26.21672821044922,50.55367660522461,,,,Rineesh Kumar,,YES,,,,,https://www.propertyfinder.bh/en/plp/rent/apartment-for-rent-capital-governorate-manama-al-burhama-54653555.html,2026-06-24T20:40:58.428770+00:00,2026-07-23T21:12:20.858482+00:00,29,2026-07-23T21:12:20.858482+00:00
2026-07-24,removed,54653577,,,Apartment,Affordable | Partial Sea View | Spacious.,450.0,,,,BHD,monthly,,,,,,,,Bahrain Financial Harbour,,,26.23778533935547,50.57342529296875,,,,Ahmad Hassan,,PARTLY,,,,,https://www.propertyfinder.bh/en/plp/rent/apartment-for-rent-capital-governorate-manama-bahrain-financial-harbour-54653577.html,2026-06-24T20:40:58.428770+00:00,2026-07-23T21:12:20.858482+00:00,29,2026-07-23T21:12:20.858482+00:00
2026-07-24,removed,54653620,,,Apartment,Spacious/Beautiful/Family Apartment/good Location,230.0,,,,BHD,monthly,,,,,,,,,,,26.21672821044922,50.55367660522461,,,,Rineesh Kumar,,PARTLY,,,,,https://www.propertyfinder.bh/en/plp/rent/apartment-for-rent-capital-governorate-manama-al-burhama-54653620.html,2026-06-24T20:40:58.428770+00:00,2026-07-23T21:12:20.858482+00:00,29,2026-07-23T21:12:20.858482+00:00
2026-07-24,removed,54653625,,,Apartment,Four Season View | Affordable | Prime Location,650.0,,,,BHD,monthly,,,,,,,,Bahrain Financial Harbour,,,26.23778533935547,50.57342529296875,,,,Ahmad Hassan,,YES,,,,,https://www.propertyfinder.bh/en/plp/rent/apartment-for-rent-capital-governorate-manama-bahrain-financial-harbour-54653625.html,2026-06-24T20:40:58.428770+00:00,2026-07-23T21:12:20.858482+00:00,29,2026-07-23T21:12:20.858482+00:00
2026-07-24,removed,54653665,,,Apartment,New | Modern | House Keeping I  Balcony I wifi,400.0,,,,BHD,monthly,,,,,,,,,,,26.211111068725586,50.601112365722656,,,,Antony Shaiju,,YES,,,,,https://www.propertyfinder.bh/en/plp/rent/apartment-for-rent-capital-governorate-al-juffair-54653665.html,2026-06-24T20:40:58.428770+00:00,2026-07-23T21:12:20.858482+00:00,29,2026-07-23T21:12:20.858482+00:00
2026-07-24,removed,54653667,,,Apartment,Seaview Modern Furnished Apartment-Balcony,310.0,,,,BHD,monthly,,,,,,,,,,,26.23387908935547,50.5939826965332,,,,Violeta Abboud,,YES,,,,,https://www.propertyfinder.bh/en/plp/rent/apartment-for-rent-capital-governorate-hoora-54653667.html,2026-06-24T20:40:58.428770+00:00,2026-07-23T21:12:20.858482+00:00,29,2026-07-23T21:12:20.858482+00:00
2026-07-24,removed,54653668,,,Whole Building,afordable building for sale in Riffa/ BuKuwara,82000.0,,,,BHD,sell,,,,,,,,,,,26.1314754486084,50.568843841552734,,,,AHMED ALI ,,NO,completed,,,,https://www.propertyfinder.bh/en/plp/buy/whole-building-for-sale-southern-governorate-riffa-bu-kowarah-54653668.html,2026-06-24T20:40:58.428770+00:00,2026-07-23T21:12:20.858482+00:00,29,2026-07-23T21:12:20.858482+00:00
2026-07-24,removed,54653671,,,Apartment,Offer Price Sea view Balcony & Weekly Cleaning,750.0,,,,BHD,monthly,,,,,,,,,,,26.211111068725586,50.601112365722656,,,,Ahmad Hassan,,YES,,,,,https://www.propertyfinder.bh/en/plp/rent/apartment-for-rent-capital-governorate-al-juffair-54653671.html,2026-06-24T20:40:58.428770+00:00,2026-07-23T21:12:20.858482+00:00,29,2026-07-23T21:12:20.858482+00:00
2026-07-24,removed,54653673,,,Apartment,Beautiful Sea View I Higher Floor I Huge Balcony,400.0,,,,BHD,monthly,,,,,,,,,,,26.211111068725586,50.601112365722656,,,,Antony Shaiju,,YES,,,,,https://www.propertyfinder.bh/en/plp/rent/apartment-for-rent-capital-governorate-al-juffair-54653673.html,2026-06-24T20:40:58.428770+00:00,2026-07-23T21:12:20.858482+00:00,29,2026-07-23T21:12:20.858482+00:00
2026-07-24,removed,54653683,,,Apartment,Modern I Great View I Balcony I Great Facilities,300.0,,,,BHD,monthly,,,,,,,,,,,26.211111068725586,50.601112365722656,,,,Antony Shaiju,,YES,,,,,https://www.propertyfinder.bh/en/plp/rent/apartment-for-rent-capital-governorate-al-juffair-54653683.html,2026-06-24T20:40:58.428770+00:00,2026-07-23T21:12:20.858482+00:00,29,2026-07-23T21:12:20.858482+00:00
2026-07-24,removed,54653685,,,Apartment,MODERN / SPACIOUS / SPLIT AC /NEW / SAFE,390.0,,,,BHD,monthly,,,,,,,,,,,26.21693992614746,50.57733154296875,,,,Sahebaz Makki,,YES,,,,,https://www.propertyfinder.bh/en/plp/rent/apartment-for-rent-capital-governorate-manama-segaya-54653685.html,2026-06-24T20:40:58.428770+00:00,2026-07-23T21:12:20.858482+00:00,29,2026-07-23T21:12:20.858482+00:00
2026-07-24,removed,54653689,,,Apartment,New I Modern I House Keeping | Wifi | Balcony,300.0,,,,BHD,monthly,,,,,,,,,,,26.211111068725586,50.601112365722656,,,,Antony Shaiju,,YES,,,,,https://www.propertyfinder.bh/en/plp/rent/apartment-for-rent-capital-governorate-al-juffair-54653689.html,2026-06-24T20:40:58.428770+00:00,2026-07-23T21:12:20.858482+00:00,29,2026-07-23T21:12:20.858482+00:00
2026-07-24,removed,54653695,,,Apartment,New I Modern I Luxury I House Keeping I Balcony,520.0,,,,BHD,monthly,,,,,,,,,,,26.211111068725586,50.601112365722656,,,,Antony Shaiju,,YES,,,,,https://www.propertyfinder.bh/en/plp/rent/apartment-for-rent-capital-governorate-al-juffair-54653695.html,2026-06-24T20:40:58.428770+00:00,2026-07-23T21:12:20.858482+00:00,29,2026-07-23T21:12:20.858482+00:00
2026-07-24,removed,54653699,,,Apartment,Four Season View | Spacious | Two-Balconies.,800.0,,,,BHD,monthly,,,,,,,,Bahrain Financial Harbour,,,26.23778533935547,50.57342529296875,,,,Ahmad Hassan,,YES,,,,,https://www.propertyfinder.bh/en/plp/rent/apartment-for-rent-capital-governorate-manama-bahrain-financial-harbour-54653699.html,2026-06-24T20:40:58.428770+00:00,2026-07-23T21:12:20.858482+00:00,29,2026-07-23T21:12:20.858482+00:00
2026-07-24,removed,54653700,,,Apartment,Brand New Modern Spacious House Keeping Wifi,480.0,,,,BHD,monthly,,,,,,,,,,,26.211111068725586,50.601112365722656,,,,Antony Shaiju,,YES,,,,,https://www.propertyfinder.bh/en/plp/rent/apartment-for-rent-capital-governorate-al-juffair-54653700.html,2026-06-24T20:40:58.428770+00:00,2026-07-23T21:12:20.858482+00:00,29,2026-07-23T21:12:20.858482+00:00
2026-07-24,removed,54653703,,,Apartment,Brand New Sea View 1BR+Terrace+Store/Best Location,620.0,,,,BHD,monthly,,,,,,,,,,,26.239999771118164,50.5369987487793,,,,Mona Raz,,YES,,,,,https://www.propertyfinder.bh/en/plp/rent/apartment-for-rent-capital-governorate-seef-54653703.html,2026-06-24T20:40:58.428770+00:00,2026-07-23T21:12:20.858482+00:00,29,2026-07-23T21:12:20.858482+00:00
2026-07-24,removed,54653704,,,Apartment,Elevated- Modern- Spacious- Prime Location,450.0,,,,BHD,monthly,,,,,,,,Bahrain Financial Harbour,,,26.23778533935547,50.57342529296875,,,,Ahmad Hassan,,YES,,,,,https://www.propertyfinder.bh/en/plp/rent/apartment-for-rent-capital-governorate-manama-bahrain-financial-harbour-54653704.html,2026-06-24T20:40:58.428770+00:00,2026-07-23T21:12:20.858482+00:00,29,2026-07-23T21:12:20.858482+00:00
2026-07-24,removed,54653711,,,Apartment,Modern I Closed Kitchen I Balcony I 2 Master Rooms,500.0,,,,BHD,monthly,,,,,,,,,,,26.211111068725586,50.601112365722656,,,,Antony Shaiju,,YES,,,,,https://www.propertyfinder.bh/en/plp/rent/apartment-for-rent-capital-governorate-al-juffair-54653711.html,2026-06-24T20:40:58.428770+00:00,2026-07-23T21:12:20.858482+00:00,29,2026-07-23T21:12:20.858482+00:00
2026-07-24,removed,54653733,,,Apartment,Affordable | Spacious | 2 - Balconies.,700.0,,,,BHD,monthly,,,,,,,,Bahrain Financial Harbour,,,26.23778533935547,50.57342529296875,,,,Ahmad Hassan,,PARTLY,,,,,https://www.propertyfinder.bh/en/plp/rent/apartment-for-rent-capital-governorate-manama-bahrain-financial-harbour-54653733.html,2026-06-24T20:40:58.428770+00:00,2026-07-23T21:12:20.858482+00:00,29,2026-07-23T21:12:20.858482+00:00
2026-07-24,removed,54653737,,,Apartment,Modern | Bright | Prime Location.,350.0,,,,BHD,monthly,,,,,,,,Bahrain Financial Harbour,,,26.23778533935547,50.57342529296875,,,,Ahmad Hassan,,YES,,,,,https://www.propertyfinder.bh/en/plp/rent/apartment-for-rent-capital-governorate-manama-bahrain-financial-harbour-54653737.html,2026-06-24T20:40:58.428770+00:00,2026-07-23T21:12:20.858482+00:00,29,2026-07-23T21:12:20.858482+00:00
2026-07-24,removed,54653738,,,Apartment,Studio For Sale Behind Seef District,34000.0,,,,BHD,sell,,,,,,,,Sanabis,,,26.226558685302734,50.5459098815918,,,,Mohammed Radhi,,YES,completed,,,,https://www.propertyfinder.bh/en/plp/buy/apartment-for-sale-capital-governorate-manama-sanabis-54653738.html,2026-06-24T20:40:58.428770+00:00,2026-07-23T21:12:20.858482+00:00,29,2026-07-23T21:12:20.858482+00:00
2026-07-24,removed,54653743,,,Apartment,LUXURY SEA VIEW | SPACIOUS | HIGH END FURNITURES,60000.0,,,,BHD,sell,,,,,,,,,,,26.211111068725586,50.601112365722656,,,,Daniel Nwajiaku,,YES,completed,,,,https://www.propertyfinder.bh/en/plp/buy/apartment-for-sale-capital-governorate-al-juffair-54653743.html,2026-06-24T20:40:58.428770+00:00,2026-07-23T21:12:20.858482+00:00,29,2026-07-23T21:12:20.858482+00:00
2026-07-24,removed,54653760,,,Apartment,Sea View | Modern | Five-star Amenities.,950.0,,,,BHD,monthly,,,,,,,,,,,26.249584197998047,50.580360412597656,,,,Ahmad Hassan,,YES,,,,,https://www.propertyfinder.bh/en/plp/rent/apartment-for-rent-capital-governorate-bahrain-bay-54653760.html,2026-06-24T20:40:58.428770+00:00,2026-07-23T21:12:20.858482+00:00,29,2026-07-23T21:12:20.858482+00:00
2026-07-24,removed,54653763,,,Apartment,Spacious | Two Balconies | Modern Layout.,750.0,,,,BHD,monthly,,,,,,,,Bahrain Financial Harbour,,,26.23778533935547,50.57342529296875,,,,Ahmad Hassan,,YES,,,,,https://www.propertyfinder.bh/en/plp/rent/apartment-for-rent-capital-governorate-manama-bahrain-financial-harbour-54653763.html,2026-06-24T20:40:58.428770+00:00,2026-07-23T21:12:20.858482+00:00,29,2026-07-23T21:12:20.858482+00:00
2026-07-24,removed,54653768,,,Apartment,Corner Layout | Huge Balcony | Prime Location.,650.0,,,,BHD,monthly,,,,,,,,,,,26.239999771118164,50.5369987487793,,,,Ahmad Hassan,,YES,,,,,https://www.propertyfinder.bh/en/plp/rent/apartment-for-rent-capital-governorate-seef-54653768.html,2026-06-24T20:40:58.428770+00:00,2026-07-23T21:12:20.858482+00:00,29,2026-07-23T21:12:20.858482+00:00
2026-07-24,removed,54653769,,,Apartment,MODERN / SAFE / EASY LIFE / SUPER MARKET / SEA,260.0,,,,BHD,monthly,,,,,,,,,,,26.207910537719727,50.587345123291016,,,,Sahebaz Makki,,YES,,,,,https://www.propertyfinder.bh/en/plp/rent/apartment-for-rent-capital-governorate-manama-mahooz-54653769.html,2026-06-24T20:40:58.428770+00:00,2026-07-23T21:12:20.858482+00:00,29,2026-07-23T21:12:20.858482+00:00
2026-07-24,removed,54653777,,,Apartment,MODERN  / OFFER / SPACIOUS / SAFE / BRIGHT,245.0,,,,BHD,monthly,,,,,,,,,,,26.207910537719727,50.587345123291016,,,,Sahebaz Makki,,YES,,,,,https://www.propertyfinder.bh/en/plp/rent/apartment-for-rent-capital-governorate-manama-mahooz-54653777.html,2026-06-24T20:40:58.428770+00:00,2026-07-23T21:12:20.858482+00:00,29,2026-07-23T21:12:20.858482+00:00
2026-07-24,removed,54653780,,,Apartment,Affordable | Modern | Prime Location.,400.0,,,,BHD,monthly,,,,,,,,,,,26.239999771118164,50.5369987487793,,,,Ahmad Hassan,,YES,,,,,https://www.propertyfinder.bh/en/plp/rent/apartment-for-rent-capital-governorate-seef-54653780.html,2026-06-24T20:40:58.428770+00:00,2026-07-23T21:12:20.858482+00:00,29,2026-07-23T21:12:20.858482+00:00
2026-07-24,removed,54653798,,,Apartment,MODERN LAYOUT | SPACIOUS | SEA VIEW,520.0,,,,BHD,monthly,,,,,,,,Bahrain Financial Harbour,,,26.23778533935547,50.57342529296875,,,,Ahmad Hassan,,YES,,,,,https://www.propertyfinder.bh/en/plp/rent/apartment-for-rent-capital-governorate-manama-bahrain-financial-harbour-54653798.html,2026-06-24T20:40:58.428770+00:00,2026-07-23T21:12:20.858482+00:00,29,2026-07-23T21:12:20.858482+00:00
2026-07-24,removed,54653805,,,Apartment,Affordable | Spacious | Balcony.,450.0,,,,BHD,monthly,,,,,,,,Bahrain Financial Harbour,,,26.23778533935547,50.57342529296875,,,,Ahmad Hassan,,YES,,,,,https://www.propertyfinder.bh/en/plp/rent/apartment-for-rent-capital-governorate-manama-bahrain-financial-harbour-54653805.html,2026-06-24T20:40:58.428770+00:00,2026-07-23T21:12:20.858482+00:00,29,2026-07-23T21:12:20.858482+00:00
2026-07-24,removed,54653808,,,Apartment,Super Spacious | Huge Balcony | Breathtaking view,1150.0,,,,BHD,monthly,,,,,,,,Bahrain Financial Harbour,,,26.23778533935547,50.57342529296875,,,,Ahmad Hassan,,YES,,,,,https://www.propertyfinder.bh/en/plp/rent/apartment-for-rent-capital-governorate-manama-bahrain-financial-harbour-54653808.html,2026-06-24T20:40:58.428770+00:00,2026-07-23T21:12:20.858482+00:00,29,2026-07-23T21:12:20.858482+00:00
2026-07-24,removed,54653816,,,Apartment,BRAND NEW | MODERN LAYOUT | PRIME LOCATION.,450.0,,,,BHD,monthly,,,,,,,,Bahrain Financial Harbour,,,26.23778533935547,50.57342529296875,,,,Ahmad Hassan,,YES,,,,,https://www.propertyfinder.bh/en/plp/rent/apartment-for-rent-capital-governorate-manama-bahrain-financial-harbour-54653816.html,2026-06-24T20:40:58.428770+00:00,2026-07-23T21:12:20.858482+00:00,29,2026-07-23T21:12:20.858482+00:00
2026-07-24,removed,54653827,,,Apartment,Elegant | Prime Location | Marina & Sea View.,800.0,,,,BHD,monthly,,,,,,,,Bahrain Financial Harbour,,,26.23778533935547,50.57342529296875,,,,Ahmad Hassan,,YES,,,,,https://www.propertyfinder.bh/en/plp/rent/apartment-for-rent-capital-governorate-manama-bahrain-financial-harbour-54653827.html,2026-06-24T20:40:58.428770+00:00,2026-07-23T21:12:20.858482+00:00,29,2026-07-23T21:12:20.858482+00:00
2026-07-24,removed,54653832,,,Apartment,Corner Layout | Sea View | Well-Furnished,850.0,,,,BHD,monthly,,,,,,,,Bahrain Financial Harbour,,,26.23778533935547,50.57342529296875,,,,Ahmad Hassan,,YES,,,,,https://www.propertyfinder.bh/en/plp/rent/apartment-for-rent-capital-governorate-manama-bahrain-financial-harbour-54653832.html,2026-06-24T20:40:58.428770+00:00,2026-07-23T21:12:20.858482+00:00,29,2026-07-23T21:12:20.858482+00:00
2026-07-24,removed,54653838,,,Office Space,Full Floor Office | Prime Tower | 360° view.,2100.0,,,,BHD,monthly,,,,,,,,Diplomatic Area,,,26.240070343017578,50.587345123291016,,,,Ahmad Hassan,,YES,,,,,https://www.propertyfinder.bh/en/plp/commercial-rent/office-space-for-rent-capital-governorate-manama-diplomatic-area-54653838.html,2026-06-24T20:40:58.428770+00:00,2026-07-23T21:12:20.858482+00:00,29,2026-07-23T21:12:20.858482+00:00
2026-07-24,removed,54653839,,,Land,Prime Residential Land for Sale in Al Busaiteen,102122.0,,,,BHD,sell,,,,,,,,,,,26.27199935913086,50.60900115966797,,,,Mohamed Khaled,,,,,,,https://www.propertyfinder.bh/en/plp/buy/land-for-sale-muharraq-governorate-busaiteen-54653839.html,2026-06-24T20:40:58.428770+00:00,2026-07-23T21:12:20.858482+00:00,29,2026-07-23T21:12:20.858482+00:00
2026-07-24,removed,54653843,,,Apartment,Iconic Views | Navy Approved | Naturally Bright.,800.0,,,,BHD,monthly,,,,,,,,Bahrain Financial Harbour,,,26.23778533935547,50.57342529296875,,,,Ahmad Hassan,,YES,,,,,https://www.propertyfinder.bh/en/plp/rent/apartment-for-rent-capital-governorate-manama-bahrain-financial-harbour-54653843.html,2026-06-24T20:40:58.428770+00:00,2026-07-23T21:12:20.858482+00:00,29,2026-07-23T21:12:20.858482+00:00
2026-07-24,removed,54653934,,,Apartment,3BR FOR SALE | AMWAJ ISLAND | HOT PRICE | FREEHOLD,65000.0,,,,BHD,sell,,,,,,,,Amwaj Marina,,,26.293058395385742,50.65943908691406,,,,Ali  Jawad ,,YES,completed,,,,https://www.propertyfinder.bh/en/plp/buy/apartment-for-sale-muharraq-governorate-amwaj-islands-amwaj-marina-54653934.html,2026-06-24T20:40:58.428770+00:00,2026-07-23T21:12:20.858482+00:00,29,2026-07-23T21:12:20.858482+00:00
2026-07-24,removed,54653967,,,Apartment,SEA VIEW HIGH FLOOR | RENOVATED | WIFI | BALCONY,300.0,,,,BHD,monthly,,,,,,,,Amwaj Avenue,,,26.29302978515625,50.66474151611328,,,,Fadi Eweida,,YES,,,,,https://www.propertyfinder.bh/en/plp/rent/apartment-for-rent-muharraq-governorate-amwaj-islands-amwaj-avenue-54653967.html,2026-06-24T20:40:58.428770+00:00,2026-07-23T21:12:20.858482+00:00,29,2026-07-23T21:12:20.858482+00:00
2026-07-24,removed,54653979,,,Apartment,Brand New/Spacious/Balcony/Family Apatment,260.0,,,,BHD,monthly,,,,,,,,,,,26.21672821044922,50.55367660522461,,,,Rineesh Kumar,,PARTLY,,,,,https://www.propertyfinder.bh/en/plp/rent/apartment-for-rent-capital-governorate-manama-al-burhama-54653979.html,2026-06-24T20:40:58.428770+00:00,2026-07-23T21:12:20.858482+00:00,29,2026-07-23T21:12:20.858482+00:00
2026-07-24,removed,54653981,,,Apartment,New | Stylish I Modern I Very Bright I Spacious,280.0,,,,BHD,monthly,,,,,,,,,,,26.211111068725586,50.601112365722656,,,,Antony Shaiju,,YES,,,,,https://www.propertyfinder.bh/en/plp/rent/apartment-for-rent-capital-governorate-al-juffair-54653981.html,2026-06-24T20:40:58.428770+00:00,2026-07-23T21:12:20.858482+00:00,29,2026-07-23T21:12:20.858482+00:00
2026-07-24,removed,54653986,,,Apartment,READY TO MOVE BRIGHT WITH 2 BALCONY | PETS ALLOWED,320.0,,,,BHD,monthly,,,,,,,,Amwaj Avenue,,,26.29302978515625,50.66474151611328,,,,Fadi Eweida,,YES,,,,,https://www.propertyfinder.bh/en/plp/rent/apartment-for-rent-muharraq-governorate-amwaj-islands-amwaj-avenue-54653986.html,2026-06-24T20:40:58.428770+00:00,2026-07-23T21:12:20.858482+00:00,29,2026-07-23T21:12:20.858482+00:00
2026-07-24,removed,54654035,,,Apartment,Hot Deal | Luxury 2BR Apartment with Stunning City,350.0,,,,BHD,monthly,,,,,,,,,,,26.211111068725586,50.601112365722656,,,,Antony Shaiju,,YES,,,,,https://www.propertyfinder.bh/en/plp/rent/apartment-for-rent-capital-governorate-al-juffair-54654035.html,2026-06-24T20:40:58.428770+00:00,2026-07-23T21:12:20.858482+00:00,29,2026-07-23T21:12:20.858482+00:00
2026-07-24,removed,54654036,,,Apartment,New I Modernly Furnished I Family Building,1000.0,,,,BHD,monthly,,,,,,,,,,,26.241750717163086,50.5663948059082,,,,Antony Shaiju,,YES,,,,,https://www.propertyfinder.bh/en/plp/rent/apartment-for-rent-capital-governorate-reef-island-54654036.html,2026-06-24T20:40:58.428770+00:00,2026-07-23T21:12:20.858482+00:00,29,2026-07-23T21:12:20.858482+00:00
2026-07-24,removed,54654038,,,Apartment,New | House Keeping | Children Play Room,650.0,,,,BHD,monthly,,,,,,,,,,,26.211111068725586,50.601112365722656,,,,Antony Shaiju,,YES,,,,,https://www.propertyfinder.bh/en/plp/rent/apartment-for-rent-capital-governorate-al-juffair-54654038.html,2026-06-24T20:40:58.428770+00:00,2026-07-23T21:12:20.858482+00:00,29,2026-07-23T21:12:20.858482+00:00
2026-07-24,removed,54654045,,,Apartment,Experience Luxury Living in This Stunning Studio,525.0,,,,BHD,monthly,,,,,,,,,,,26.249584197998047,50.580360412597656,,,,Sheraz Butt,,YES,,,,,https://www.propertyfinder.bh/en/plp/rent/apartment-for-rent-capital-governorate-bahrain-bay-54654045.html,2026-06-24T20:40:58.428770+00:00,2026-07-23T21:12:20.858482+00:00,29,2026-07-23T21:12:20.858482+00:00
2026-07-24,removed,54654050,,,Apartment,Very Spaciuos I All attched Baths I House Keeping,650.0,,,,BHD,monthly,,,,,,,,,,,26.207910537719727,50.587345123291016,,,,Antony Shaiju,,YES,,,,,https://www.propertyfinder.bh/en/plp/rent/apartment-for-rent-capital-governorate-manama-mahooz-54654050.html,2026-06-24T20:40:58.428770+00:00,2026-07-23T21:12:20.858482+00:00,29,2026-07-23T21:12:20.858482+00:00
2026-07-24,removed,54654052,,,Villa,MODERN VILLA IN A COMPUND | WITH BIG GARDEN,1000.0,,,,BHD,monthly,,,,,,,,,,,26.185943603515625,50.46711349487305,,,,Antony Shaiju,,PARTLY,,,,,https://www.propertyfinder.bh/en/plp/rent/villa-for-rent-northern-governorate-janabiya-54654052.html,2026-06-24T20:40:58.428770+00:00,2026-07-23T21:12:20.858482+00:00,29,2026-07-23T21:12:20.858482+00:00
2026-07-24,removed,54654055,,,Apartment,New I Modern I  Spacious I Wifi I Pool I Balcony,450.0,,,,BHD,monthly,,,,,,,,,,,26.203079223632812,50.594947814941406,,,,Antony Shaiju,,YES,,,,,https://www.propertyfinder.bh/en/plp/rent/apartment-for-rent-capital-governorate-manama-um-al-hasam-54654055.html,2026-06-24T20:40:58.428770+00:00,2026-07-23T21:12:20.858482+00:00,29,2026-07-23T21:12:20.858482+00:00
2026-07-24,removed,54654056,,,Apartment,Beautiful/Spacious/Gym/Pool/Family Apartment,400.0,,,,BHD,monthly,,,,,,,,,,,26.21672821044922,50.55367660522461,,,,Rineesh Kumar,,YES,,,,,https://www.propertyfinder.bh/en/plp/rent/apartment-for-rent-capital-governorate-manama-al-burhama-54654056.html,2026-06-24T20:40:58.428770+00:00,2026-07-23T21:12:20.858482+00:00,29,2026-07-23T21:12:20.858482+00:00
2026-07-24,removed,54654065,,,Apartment,Brand New Apartment | Modern | Prime Location,250.0,,,,BHD,monthly,,,,,,,,,,,26.2102108001709,50.56403350830078,,,,Antony Shaiju,,YES,,,,,https://www.propertyfinder.bh/en/plp/rent/apartment-for-rent-capital-governorate-manama-zinj-54654065.html,2026-06-24T20:40:58.428770+00:00,2026-07-23T21:12:20.858482+00:00,29,2026-07-23T21:12:20.858482+00:00
2026-07-24,removed,54654101,,,Apartment,Beautiful/Spacious/Gym/Pool/Family Apartment,250.0,,,,BHD,monthly,,,,,,,,,,,26.21672821044922,50.55367660522461,,,,Rineesh Kumar,,YES,,,,,https://www.propertyfinder.bh/en/plp/rent/apartment-for-rent-capital-governorate-manama-al-burhama-54654101.html,2026-06-24T20:40:58.428770+00:00,2026-07-23T21:12:20.858482+00:00,29,2026-07-23T21:12:20.858482+00:00
2026-07-24,removed,54654115,,,Office Space,Seef : office space for rent,500.0,,,,BHD,monthly,,,,,,,,,,,26.239999771118164,50.5369987487793,,,,Antony Pereira,,PARTLY,,,,,https://www.propertyfinder.bh/en/plp/commercial-rent/office-space-for-rent-capital-governorate-seef-54654115.html,2026-06-24T20:40:58.428770+00:00,2026-07-23T21:12:20.858482+00:00,29,2026-07-23T21:12:20.858482+00:00
2026-07-24,removed,54654116,,,Villa,BRAND NEW 4 BEDROOMS SEMIFURNISHED VILLA FOR RENT,650.0,,,,BHD,monthly,,,,,,,,,,,26.27199935913086,50.60900115966797,,,,Antony Pereira,,PARTLY,,,,,https://www.propertyfinder.bh/en/plp/rent/villa-for-rent-muharraq-governorate-busaiteen-54654116.html,2026-06-24T20:40:58.428770+00:00,2026-07-23T21:12:20.858482+00:00,29,2026-07-23T21:12:20.858482+00:00
2026-07-24,removed,54654117,,,Office Space,Seef : office space available for rent .,475.0,,,,BHD,monthly,,,,,,,,,,,26.239999771118164,50.5369987487793,,,,Antony Pereira,,PARTLY,,,,,https://www.propertyfinder.bh/en/plp/commercial-rent/office-space-for-rent-capital-governorate-seef-54654117.html,2026-06-24T20:40:58.428770+00:00,2026-07-23T21:12:20.858482+00:00,29,2026-07-23T21:12:20.858482+00:00
2026-07-24,removed,54654151,,,Apartment,2BHK Apartment In Manama With AC + Car Park + EWA,250.0,,,,BHD,monthly,,,,,,,,Manama Downtown,,,26.23276138305664,50.57925033569336,,,,Hasan ABDULELAH ABDULHUSAIN Ahmed,,PARTLY,,,,,https://www.propertyfinder.bh/en/plp/rent/apartment-for-rent-capital-governorate-manama-manama-downtown-54654151.html,2026-06-24T20:40:58.428770+00:00,2026-07-23T21:12:20.858482+00:00,29,2026-07-23T21:12:20.858482+00:00
2026-07-24,removed,54654159,,,Apartment,Deal !!!! Modern I New I Balcony I Great Views,300.0,,,,BHD,monthly,,,,,,,,The Treasure,,,26.27286720275879,50.672889709472656,,,,Antony Shaiju,,YES,,,,,https://www.propertyfinder.bh/en/plp/rent/apartment-for-rent-muharraq-governorate-dilmunia-island-the-treasure-54654159.html,2026-06-24T20:40:58.428770+00:00,2026-07-23T21:12:20.858482+00:00,29,2026-07-23T21:12:20.858482+00:00
2026-07-24,removed,54654251,,,Apartment,Huge Balcony | Water Views | High ROI,185000.0,,,,BHD,sell,,,,,,,,Bahrain Financial Harbour,,,26.23778533935547,50.57342529296875,,,,Ahmad Hassan,,YES,completed,,,,https://www.propertyfinder.bh/en/plp/buy/apartment-for-sale-capital-governorate-manama-bahrain-financial-harbour-54654251.html,2026-06-24T20:40:58.428770+00:00,2026-07-23T21:12:20.858482+00:00,29,2026-07-23T21:12:20.858482+00:00
2026-07-24,removed,54654418,,,Apartment,2 BEDROOM FURNISHED II PRIME LOCATION II BUSAITEEN,400.0,,,,BHD,monthly,,,,,,,,,,,26.27199935913086,50.60900115966797,,,,SHAJJAD,,YES,,,,,https://www.propertyfinder.bh/en/plp/rent/apartment-for-rent-muharraq-governorate-busaiteen-54654418.html,2026-06-24T20:40:58.428770+00:00,2026-07-23T21:12:20.858482+00:00,29,2026-07-23T21:12:20.858482+00:00
2026-07-24,removed,54654419,,,Apartment,LUXURIOUS DUPLEX APARTMENT II TWO BEDROOM II,600.0,,,,BHD,monthly,,,,,,,,,,,26.27199935913086,50.60900115966797,,,,SHAJJAD,,YES,,,,,https://www.propertyfinder.bh/en/plp/rent/apartment-for-rent-muharraq-governorate-busaiteen-54654419.html,2026-06-24T20:40:58.428770+00:00,2026-07-23T21:12:20.858482+00:00,29,2026-07-23T21:12:20.858482+00:00
2026-07-24,removed,54654420,,,Apartment,LUXURY | SPACIOUS ROOM | SEA VIEW | GREAT AMBIENCE,550.0,,,,BHD,monthly,,,,,,,,,,,26.211111068725586,50.601112365722656,,,,Daniel Nwajiaku,,YES,,,,,https://www.propertyfinder.bh/en/plp/rent/apartment-for-rent-capital-governorate-al-juffair-54654420.html,2026-06-24T20:40:58.428770+00:00,2026-07-23T21:12:20.858482+00:00,29,2026-07-23T21:12:20.858482+00:00
2026-07-24,removed,54654440,,,Apartment,BIG APARTMENT II FULLY FURNISHED II 2 BEDROOM II,500.0,,,,BHD,monthly,,,,,,,,,,,26.27199935913086,50.60900115966797,,,,SHAJJAD,,YES,,,,,https://www.propertyfinder.bh/en/plp/rent/apartment-for-rent-muharraq-governorate-busaiteen-54654440.html,2026-06-24T20:40:58.428770+00:00,2026-07-23T21:12:20.858482+00:00,29,2026-07-23T21:12:20.858482+00:00
2026-07-24,removed,54654459,,,Apartment,LUXURY SUITE APARTMENT II PRIME LOCATION II 1 BHK,450.0,,,,BHD,monthly,,,,,,,,,,,26.27199935913086,50.60900115966797,,,,SHAJJAD,,YES,,,,,https://www.propertyfinder.bh/en/plp/rent/apartment-for-rent-muharraq-governorate-busaiteen-54654459.html,2026-06-24T20:40:58.428770+00:00,2026-07-23T21:12:20.858482+00:00,29,2026-07-23T21:12:20.858482+00:00
2026-07-24,removed,54654507,,,Apartment,New I Sea View | House Keeping I EWA 80/ Per Month,500.0,,,,BHD,monthly,,,,,,,,,,,26.211111068725586,50.601112365722656,,,,Antony Shaiju,,YES,,,,,https://www.propertyfinder.bh/en/plp/rent/apartment-for-rent-capital-governorate-al-juffair-54654507.html,2026-06-24T20:40:58.428770+00:00,2026-07-23T21:12:20.858482+00:00,29,2026-07-23T21:12:20.858482+00:00
2026-07-24,removed,54654537,,,Apartment,SECOND FLOOR | NO LIFT  | GAS STOVE | RENOVATED,300.0,,,,BHD,monthly,,,,,,,,,,,26.21672821044922,50.55367660522461,,,,Anza Khurram,,PARTLY,,,,,https://www.propertyfinder.bh/en/plp/rent/apartment-for-rent-capital-governorate-manama-al-burhama-54654537.html,2026-06-24T20:40:58.428770+00:00,2026-07-23T21:12:20.858482+00:00,29,2026-07-23T21:12:20.858482+00:00
2026-07-24,removed,54654548,,,Apartment,Luxury Lifestyle Awaits | Stunning 1 Bedroom Apart,600.0,,,,BHD,monthly,,,,,,,,,,,26.239999771118164,50.5369987487793,,,,Sheraz Butt,,YES,,,,,https://www.propertyfinder.bh/en/plp/rent/apartment-for-rent-capital-governorate-seef-54654548.html,2026-06-24T20:40:58.428770+00:00,2026-07-23T21:12:20.858482+00:00,29,2026-07-23T21:12:20.858482+00:00
2026-07-24,removed,54654571,,,Land,Residential Investment Land for Sale in Al Dair –,120000.0,,,,BHD,sell,,,,,,,,,,,26.285566329956055,50.623756408691406,,,,Ali Salah,,,,,,,https://www.propertyfinder.bh/en/plp/buy/land-for-sale-muharraq-governorate-al-dair-54654571.html,2026-06-24T20:40:58.428770+00:00,2026-07-23T21:12:20.858482+00:00,29,2026-07-23T21:12:20.858482+00:00
2026-07-24,removed,54654572,,,Apartment,Super Spacious 3BR Duplex Home perfect for Familiy,450.0,,,,BHD,monthly,,,,,,,,,,,26.211111068725586,50.601112365722656,,,,Sushant Anand,,YES,,,,,https://www.propertyfinder.bh/en/plp/rent/apartment-for-rent-capital-governorate-al-juffair-54654572.html,2026-06-24T20:40:58.428770+00:00,2026-07-23T21:12:20.858482+00:00,29,2026-07-23T21:12:20.858482+00:00
2026-07-24,removed,54654602,,,Apartment,CLOSED KITCHEN | GAS STOVE | SPLIT AC | LIFT |,375.0,,,,BHD,monthly,,,,,,,,,,,26.21672821044922,50.55367660522461,,,,Anza Khurram,,PARTLY,,,,,https://www.propertyfinder.bh/en/plp/rent/apartment-for-rent-capital-governorate-manama-al-burhama-54654602.html,2026-06-24T20:40:58.428770+00:00,2026-07-23T21:12:20.858482+00:00,29,2026-07-23T21:12:20.858482+00:00
2026-07-24,removed,54654626,,,Villa,Elegant Villa for Sale in Ria Suburb – Modern Desi,142000.0,,,,BHD,sell,,,,,,,,Diyar Al Muharraq,,,26.31142234802246,50.64306640625,,,,Ali Salah,,NO,completed_primary,,,,https://www.propertyfinder.bh/en/plp/buy/villa-for-sale-muharraq-governorate-diyar-al-muharraq-54654626.html,2026-06-24T20:40:58.428770+00:00,2026-07-23T21:12:20.858482+00:00,29,2026-07-23T21:12:20.858482+00:00
2026-07-24,removed,54654656,,,Land,Residential Land for Sale in Abu Quwah – Excellent,126000.0,,,,BHD,sell,,,,,,,,,,,26.202558517456055,50.519554138183594,,,,Ali Salah,,,,,,,https://www.propertyfinder.bh/en/plp/buy/land-for-sale-northern-governorate-bu-quwah-54654656.html,2026-06-24T20:40:58.428770+00:00,2026-07-23T21:12:20.858482+00:00,29,2026-07-23T21:12:20.858482+00:00
2026-07-24,removed,54654661,,,Land,Residential Land for Sale in Busaiteen – Prime Loc,103.0,,,,BHD,sell,,,,,,,,,,,26.27199935913086,50.60900115966797,,,,Ali Salah,,,,,,,https://www.propertyfinder.bh/en/plp/buy/land-for-sale-muharraq-governorate-busaiteen-54654661.html,2026-06-24T20:40:58.428770+00:00,2026-07-23T21:12:20.858482+00:00,29,2026-07-23T21:12:20.858482+00:00
2026-07-24,removed,54654666,,,Apartment,Navy Approved | Balcony | Maid Room | Luxury |,900.0,,,,BHD,monthly,,,,,,,,The Treasure,,,26.27286720275879,50.672889709472656,,,,Muhammad Jahengir Akram,,YES,,,,,https://www.propertyfinder.bh/en/plp/rent/apartment-for-rent-muharraq-governorate-dilmunia-island-the-treasure-54654666.html,2026-06-24T20:40:58.428770+00:00,2026-07-23T21:12:20.858482+00:00,29,2026-07-23T21:12:20.858482+00:00
2026-07-24,removed,54654667,,,Land,Residential Land for Sale in Daih – Jidhafs | Corn,180000.0,,,,BHD,sell,,,,,,,,,,,26.225631713867188,50.535701751708984,,,,Ali Salah,,,,,,,https://www.propertyfinder.bh/en/plp/buy/land-for-sale-northern-governorate-al-daih-54654667.html,2026-06-24T20:40:58.428770+00:00,2026-07-23T21:12:20.858482+00:00,29,2026-07-23T21:12:20.858482+00:00
2026-07-24,removed,54654684,,,Land,Prime Residential Land for Sale in Hamala – Phase,53000.0,,,,BHD,sell,,,,,,,,,,,26.140336990356445,50.478271484375,,,,Ali Salah,,,,,,,https://www.propertyfinder.bh/en/plp/buy/land-for-sale-northern-governorate-hamala-54654684.html,2026-06-24T20:40:58.428770+00:00,2026-07-23T21:12:20.858482+00:00,29,2026-07-23T21:12:20.858482+00:00
2026-07-24,removed,54654946,,,Apartment,Beautiful/Spacious/Gym/Family Apartment Good  Area,300.0,,,,BHD,monthly,,,,,,,,,,,26.21672821044922,50.55367660522461,,,,Rineesh Kumar,,YES,,,,,https://www.propertyfinder.bh/en/plp/rent/apartment-for-rent-capital-governorate-manama-al-burhama-54654946.html,2026-06-24T20:40:58.428770+00:00,2026-07-23T21:12:20.858482+00:00,29,2026-07-23T21:12:20.858482+00:00
2026-07-24,removed,54655011,,,Apartment,Beautiful/Brand new/Spacious/Family Apartment,320.0,,,,BHD,monthly,,,,,,,,,,,26.21672821044922,50.55367660522461,,,,Rineesh Kumar,,YES,,,,,https://www.propertyfinder.bh/en/plp/rent/apartment-for-rent-capital-governorate-manama-al-burhama-54655011.html,2026-06-24T20:40:58.428770+00:00,2026-07-23T21:12:20.858482+00:00,29,2026-07-23T21:12:20.858482+00:00
2026-07-24,removed,54655065,,,Apartment,Beautiful/Spacious/Family Apartment/Good Location,300.0,,,,BHD,monthly,,,,,,,,,,,26.21672821044922,50.55367660522461,,,,Rineesh Kumar,,YES,,,,,https://www.propertyfinder.bh/en/plp/rent/apartment-for-rent-capital-governorate-manama-al-burhama-54655065.html,2026-06-24T20:40:58.428770+00:00,2026-07-23T21:12:20.858482+00:00,29,2026-07-23T21:12:20.858482+00:00
2026-07-24,removed,54655089,,,Apartment,Beautiful/Spacious/Gym/Pool/Baloney/Family bldg,350.0,,,,BHD,monthly,,,,,,,,,,,26.21672821044922,50.55367660522461,,,,Rineesh Kumar,,YES,,,,,https://www.propertyfinder.bh/en/plp/rent/apartment-for-rent-capital-governorate-manama-al-burhama-54655089.html,2026-06-24T20:40:58.428770+00:00,2026-07-23T21:12:20.858482+00:00,29,2026-07-23T21:12:20.858482+00:00
2026-07-24,removed,54655113,,,Apartment,CATCHY DEAL | 2BR SEA VIEW FOR RENT | AMWAJ ISLAND,400.0,,,,BHD,monthly,,,,,,,,The Lagoon,,,26.287778854370117,50.66339111328125,,,,Ali  Jawad ,,YES,,,,,https://www.propertyfinder.bh/en/plp/rent/apartment-for-rent-muharraq-governorate-amwaj-islands-the-lagoon-54655113.html,2026-06-24T20:40:58.428770+00:00,2026-07-23T21:12:20.858482+00:00,29,2026-07-23T21:12:20.858482+00:00
2026-07-24,removed,54655131,,,Apartment,Premium 2BR Sea View Apartment for Rent in Amwaj,650.0,,,,BHD,monthly,,,,,,,,Amwaj Avenue,,,26.29302978515625,50.66474151611328,,,,Ali  Jawad ,,YES,,,,,https://www.propertyfinder.bh/en/plp/rent/apartment-for-rent-muharraq-governorate-amwaj-islands-amwaj-avenue-54655131.html,2026-06-24T20:40:58.428770+00:00,2026-07-23T21:12:20.858482+00:00,29,2026-07-23T21:12:20.858482+00:00
2026-07-24,removed,54655135,,,Apartment,Amazing 2BR Sea View in Tala Island Ready to Move,550.0,,,,BHD,monthly,,,,,,,,Tala Island,,,26.300025939941406,50.66316223144531,,,,Ali  Jawad ,,YES,,,,,https://www.propertyfinder.bh/en/plp/rent/apartment-for-rent-muharraq-governorate-amwaj-islands-tala-island-54655135.html,2026-06-24T20:40:58.428770+00:00,2026-07-23T21:12:20.858482+00:00,29,2026-07-23T21:12:20.858482+00:00
2026-07-24,removed,54655148,,,Apartment,New |Modern | Bright | Wifi | Classy Furnitures,250.0,,,,BHD,monthly,,,,,,,,,,,26.2102108001709,50.56403350830078,,,,Aby N,,YES,,,,,https://www.propertyfinder.bh/en/plp/rent/apartment-for-rent-capital-governorate-manama-zinj-54655148.html,2026-06-24T20:40:58.428770+00:00,2026-07-23T21:12:20.858482+00:00,29,2026-07-23T21:12:20.858482+00:00
2026-07-24,removed,54655153,,,Apartment,Freehold 2BR Apartment Fully Furnished for Sale,55000.0,,,,BHD,sell,,,,,,,,The Lagoon,,,26.287778854370117,50.66339111328125,,,,Ali  Jawad ,,YES,completed,,,,https://www.propertyfinder.bh/en/plp/buy/apartment-for-sale-muharraq-governorate-amwaj-islands-the-lagoon-54655153.html,2026-06-24T20:40:58.428770+00:00,2026-07-23T21:12:20.858482+00:00,29,2026-07-23T21:12:20.858482+00:00
2026-07-24,removed,54655173,,,Villa,Freehold Ownership | Golden Visa | Sea View Villa,390000.0,,,,BHD,sell,,,,,,,,Diyar Al Muharraq,Al Naseem,,26.31142234802246,50.64306640625,,,,Ali  Jawad ,,PARTLY,completed,,,,https://www.propertyfinder.bh/en/plp/buy/villa-for-sale-muharraq-governorate-diyar-al-muharraq-al-naseem-54655173.html,2026-06-24T20:40:58.428770+00:00,2026-07-23T21:12:20.858482+00:00,29,2026-07-23T21:12:20.858482+00:00
2026-07-24,removed,54655213,,,Duplex,Massive 3BR Duplex with Maid Room | Ready to move,900.0,,,,BHD,monthly,,,,,,,,Amwaj Avenue,,,26.29302978515625,50.66474151611328,,,,Ali  Jawad ,,YES,,,,,https://www.propertyfinder.bh/en/plp/rent/duplex-for-rent-muharraq-governorate-amwaj-islands-amwaj-avenue-54655213.html,2026-06-24T20:40:58.428770+00:00,2026-07-23T21:12:20.858482+00:00,29,2026-07-23T21:12:20.858482+00:00
2026-07-24,removed,54689238,,,Villa,Modern | Bright | Furnished | Private Pool,1530.0,,,,BHD,monthly,,,,,,,,,,,26.166685104370117,50.45078659057617,,,,Aileen Camarillo,,YES,,,,,https://www.propertyfinder.bh/en/plp/rent/villa-for-rent-northern-governorate-al-jasra-54689238.html,2026-06-25T20:46:51.206174+00:00,2026-07-23T21:12:20.858482+00:00,28,2026-07-23T21:12:20.858482+00:00
2026-07-24,removed,54689268,,,Villa,Spacious | Bright | Private Garden | Large Living,900.0,,,,BHD,monthly,,,,,,,,,,,26.185943603515625,50.46711349487305,,,,Aileen Camarillo,,PARTLY,,,,,https://www.propertyfinder.bh/en/plp/rent/villa-for-rent-northern-governorate-janabiya-54689268.html,2026-06-26T20:41:07.599923+00:00,2026-07-23T21:12:20.858482+00:00,27,2026-07-23T21:12:20.858482+00:00
2026-07-24,removed,54689276,,,Villa,Spacious | Private Garden | Maids Room | Bright,900.0,,,,BHD,monthly,,,,,,,,,,,26.185943603515625,50.46711349487305,,,,Aileen Camarillo,,PARTLY,,,,,https://www.propertyfinder.bh/en/plp/rent/villa-for-rent-northern-governorate-janabiya-54689276.html,2026-06-26T20:41:07.599923+00:00,2026-07-23T21:12:20.858482+00:00,27,2026-07-23T21:12:20.858482+00:00
2026-07-24,removed,54689284,,,Villa,Family Living | Bright | Big Garden | Central AC,1500.0,,,,BHD,monthly,,,,,,,,,,,26.140336990356445,50.478271484375,,,,Aileen Camarillo,,PARTLY,,,,,https://www.propertyfinder.bh/en/plp/rent/villa-for-rent-northern-governorate-hamala-54689284.html,2026-06-26T20:41:07.599923+00:00,2026-07-23T21:12:20.858482+00:00,27,2026-07-23T21:12:20.858482+00:00
2026-07-24,removed,54689290,,,Villa,Spacious Living | Private Pool | Private Garden,1400.0,,,,BHD,monthly,,,,,,,,,,,26.140336990356445,50.478271484375,,,,Aileen Camarillo,,PARTLY,,,,,https://www.propertyfinder.bh/en/plp/rent/villa-for-rent-northern-governorate-hamala-54689290.html,2026-06-26T20:41:07.599923+00:00,2026-07-23T21:12:20.858482+00:00,27,2026-07-23T21:12:20.858482+00:00
2026-07-24,removed,54800726,,,Villa,WATERFRONT GREEK STYLE + MAID | POOL | SEA VIEW,850.0,,,,BHD,monthly,,,,,,,,Amwaj Beachfront,,,26.28470230102539,50.664039611816406,,,,Fadi Eweida,,PARTLY,,,,,https://www.propertyfinder.bh/en/plp/rent/villa-for-rent-muharraq-governorate-amwaj-islands-amwaj-beachfront-54800726.html,2026-06-29T20:43:30.057141+00:00,2026-07-23T21:12:20.858482+00:00,24,2026-07-23T21:12:20.858482+00:00
2026-07-24,removed,54801162,,,Apartment,BIG TERRACE | SEA AND CITY VIEW | HOUSEKEEPING.,399.0,,,,BHD,monthly,,,,,,,,The Lagoon,,,26.287778854370117,50.66339111328125,,,,Fadi Eweida,,YES,,,,,https://www.propertyfinder.bh/en/plp/rent/apartment-for-rent-muharraq-governorate-amwaj-islands-the-lagoon-54801162.html,2026-06-29T20:43:30.057141+00:00,2026-07-23T21:12:20.858482+00:00,24,2026-07-23T21:12:20.858482+00:00
2026-07-24,removed,54801236,,,Villa,ELEGANT 5BHK | LUXURY CORNER VILLA | PRIME AREA,140000.0,,,,BHD,sell,,,,,,,,,,,26.16529655456543,50.552181243896484,,,,Rolin Faouri,,NO,completed_primary,,,,https://www.propertyfinder.bh/en/plp/buy/villa-for-sale-central-governorate-isa-town-54801236.html,2026-06-29T20:43:30.057141+00:00,2026-07-23T21:12:20.858482+00:00,24,2026-07-23T21:12:20.858482+00:00
2026-07-24,removed,54801669,,,Apartment,Never Used - No commission - High Investment,64000.0,,,,BHD,sell,,,,,,,,Bahrain Financial Harbour,,,26.23778533935547,50.57342529296875,,,,Khalid Alkhaja,,YES,completed,,,,https://www.propertyfinder.bh/en/plp/buy/apartment-for-sale-capital-governorate-manama-bahrain-financial-harbour-54801669.html,2026-06-29T20:43:30.057141+00:00,2026-07-23T21:12:20.858482+00:00,24,2026-07-23T21:12:20.858482+00:00
2026-07-24,removed,54801679,,,Apartment,"Sale 91,000-Rent 700-Alkoheji Furniture",700.0,,,,BHD,sell,,,,,,,,,,,26.249584197998047,50.580360412597656,,,,Khalid Alkhaja,,YES,completed_primary,,,,https://www.propertyfinder.bh/en/plp/buy/apartment-for-sale-capital-governorate-bahrain-bay-54801679.html,2026-06-29T20:43:30.057141+00:00,2026-07-23T21:12:20.858482+00:00,24,2026-07-23T21:12:20.858482+00:00
2026-07-24,removed,54801684,,,Apartment,"Sale 67,000-Rent 540-Never Used-Alkoheji Furniture",540.0,,,,BHD,sell,,,,,,,,,,,26.249584197998047,50.580360412597656,,,,Khalid Alkhaja,,YES,completed_primary,,,,https://www.propertyfinder.bh/en/plp/buy/apartment-for-sale-capital-governorate-bahrain-bay-54801684.html,2026-06-29T20:43:30.057141+00:00,2026-07-23T21:12:20.858482+00:00,24,2026-07-23T21:12:20.858482+00:00
2026-07-24,removed,54801688,,,Villa,Private Community I 25 Years Payment I FREEHOLD,213000.0,,,,BHD,sell,,,,,,,,Al Areen Development,,,26.003664016723633,50.517555236816406,,,,Khalid Alkhaja,,PARTLY,off_plan_primary,,,,https://www.propertyfinder.bh/en/plp/buy/villa-for-sale-southern-governorate-zallaq-al-areen-development-54801688.html,2026-06-29T20:43:30.057141+00:00,2026-07-23T21:12:20.858482+00:00,24,2026-07-23T21:12:20.858482+00:00
2026-07-24,removed,54801766,,,Apartment,Fontana Infinity-SALE BELOW MARKET PRICE-Rent360BD,49000.0,,,,BHD,sell,,,,,,,,,,,26.211111068725586,50.601112365722656,,,,Khalid Alkhaja,,YES,completed,,,,https://www.propertyfinder.bh/en/plp/buy/apartment-for-sale-capital-governorate-al-juffair-54801766.html,2026-06-29T20:43:30.057141+00:00,2026-07-23T21:12:20.858482+00:00,24,2026-07-23T21:12:20.858482+00:00
2026-07-24,removed,54801784,,,Apartment,BEST PRICE IN MARKET - 3 Bedrooms - Seaview,179999.0,,,,BHD,sell,,,,,,,,Bahrain Financial Harbour,,,26.23778533935547,50.57342529296875,,,,Khalid Alkhaja,,YES,completed_primary,,,,https://www.propertyfinder.bh/en/plp/buy/apartment-for-sale-capital-governorate-manama-bahrain-financial-harbour-54801784.html,2026-06-29T20:43:30.057141+00:00,2026-07-23T21:12:20.858482+00:00,24,2026-07-23T21:12:20.858482+00:00
2026-07-24,removed,54828440,,,Compound,4 BR Compound Villa with Private Garden,1400.0,,,,BHD,monthly,,,,,,,,,,,26.166685104370117,50.45078659057617,,,,Antony Pereira,,PARTLY,,,,,https://www.propertyfinder.bh/en/plp/rent/compound-for-rent-northern-governorate-al-jasra-54828440.html,2026-06-30T20:46:10.808700+00:00,2026-07-23T21:12:20.858482+00:00,23,2026-07-23T21:12:20.858482+00:00
2026-07-24,removed,54828442,,,Office Space,Tubli - 183 s.m large office at BD330/-,330.0,,,,BHD,monthly,,,,,,,,,,,26.188888549804688,50.54999923706055,,,,Antony Pereira,,NO,,,,,https://www.propertyfinder.bh/en/plp/commercial-rent/office-space-for-rent-central-governorate-tubli-54828442.html,2026-06-30T20:46:10.808700+00:00,2026-07-23T21:12:20.858482+00:00,23,2026-07-23T21:12:20.858482+00:00
2026-07-24,removed,54828443,,,Office Space,150 sqm Office Space with Covered Parking,600.0,,,,BHD,monthly,,,,,,,,,,,26.207910537719727,50.587345123291016,,,,Antony Pereira,,PARTLY,,,,,https://www.propertyfinder.bh/en/plp/commercial-rent/office-space-for-rent-capital-governorate-manama-mahooz-54828443.html,2026-06-30T20:46:10.808700+00:00,2026-07-23T21:12:20.858482+00:00,23,2026-07-23T21:12:20.858482+00:00
2026-07-24,removed,54829492,,,Apartment,Affordable / Brand New Furniture / Prime Spot,190.0,,,,BHD,monthly,,,,,,,,,,,26.203079223632812,50.594947814941406,,,,Enkhee Eegnes,,YES,,,,,https://www.propertyfinder.bh/en/plp/rent/apartment-for-rent-capital-governorate-manama-um-al-hasam-54829492.html,2026-06-30T20:46:10.808700+00:00,2026-07-23T21:12:20.858482+00:00,23,2026-07-23T21:12:20.858482+00:00
2026-07-24,removed,54856805,,,Land,Large Land For Sale in Al Jasra,372917.0,,,,BHD,sell,,,,,,,,,,,26.166685104370117,50.45078659057617,,,,Hasan ABDULELAH ABDULHUSAIN Ahmed,,,,,,,https://www.propertyfinder.bh/en/plp/buy/land-for-sale-northern-governorate-al-jasra-54856805.html,2026-07-01T20:42:37.190448+00:00,2026-07-23T21:12:20.858482+00:00,22,2026-07-23T21:12:20.858482+00:00
2026-07-24,removed,54856852,,,Apartment,OFFER PRICE | AMAZING FACILITIES | PRIME LOCATION,420.0,,,,BHD,monthly,,,,,,,,,,,26.239999771118164,50.5369987487793,,,,Anna Gaydaburova,,YES,,,,,https://www.propertyfinder.bh/en/plp/rent/apartment-for-rent-capital-governorate-seef-54856852.html,2026-07-01T20:42:37.190448+00:00,2026-07-23T21:12:20.858482+00:00,22,2026-07-23T21:12:20.858482+00:00
2026-07-24,removed,54886642,,,Apartment,1BHK Apartment With EWA + Elevator And Car Park,180.0,,,,BHD,monthly,,,,,,,,Sanabis,,,26.226558685302734,50.5459098815918,,,,Hasan ABDULELAH ABDULHUSAIN Ahmed,,NO,,,,,https://www.propertyfinder.bh/en/plp/rent/apartment-for-rent-capital-governorate-manama-sanabis-54886642.html,2026-07-02T20:35:29.272680+00:00,2026-07-23T21:12:20.858482+00:00,21,2026-07-23T21:12:20.858482+00:00
2026-07-24,removed,54914236,,,Apartment,LOWER FLOOR | PRIVATE TERACES | SPACIOUS | STORE,460.0,,,,BHD,monthly,,,,,,,,,,,26.239999771118164,50.5369987487793,,,,Ismail Abdullah,,YES,,,,,https://www.propertyfinder.bh/en/plp/rent/apartment-for-rent-capital-governorate-seef-54914236.html,2026-07-03T21:14:40.318230+00:00,2026-07-23T21:12:20.858482+00:00,19,2026-07-23T21:12:20.858482+00:00
2026-07-24,removed,54941834,,,Villa,Furnished Villa In Amwaj With Beach Access,1800.0,,,,BHD,monthly,,,,,,,,Amwaj Beachfront,,,26.28470230102539,50.664039611816406,,,,Hasan ABDULELAH ABDULHUSAIN Ahmed,,YES,,,,,https://www.propertyfinder.bh/en/plp/rent/villa-for-rent-muharraq-governorate-amwaj-islands-amwaj-beachfront-54941834.html,2026-07-04T21:05:04.819049+00:00,2026-07-23T21:12:20.858482+00:00,19,2026-07-23T21:12:20.858482+00:00
2026-07-24,removed,54942381,,,Apartment,LUXURY | BALCONY | SEA VIEW | SEEF AVENUE |SUNSET,450.0,,,,BHD,monthly,,,,,,,,,,,26.239999771118164,50.5369987487793,,,,Ismail Abdullah,,YES,,,,,https://www.propertyfinder.bh/en/plp/rent/apartment-for-rent-capital-governorate-seef-54942381.html,2026-07-04T21:05:04.819049+00:00,2026-07-23T21:12:20.858482+00:00,19,2026-07-23T21:12:20.858482+00:00
2026-07-24,removed,54942392,,,Villa,Fully Furnished 4BR Villa with Private Pool (INC.),900.0,,,,BHD,monthly,,,,,,,,,,,26.19164276123047,50.48757553100586,,,,Husain Alsebea,,YES,,,,,https://www.propertyfinder.bh/en/plp/rent/villa-for-rent-northern-governorate-saar-54942392.html,2026-07-04T21:05:04.819049+00:00,2026-07-23T21:12:20.858482+00:00,19,2026-07-23T21:12:20.858482+00:00
2026-07-24,removed,54970004,,,Apartment,NEW FURNITURE/ FANTASTIC DEAL / BRIGHT SPACIOUS,300.0,,,,BHD,monthly,,,,,,,,The Lagoon,,,26.287778854370117,50.66339111328125,,,,Fadi Eweida,,YES,,,,,https://www.propertyfinder.bh/en/plp/rent/apartment-for-rent-muharraq-governorate-amwaj-islands-the-lagoon-54970004.html,2026-07-05T21:09:19.331111+00:00,2026-07-23T21:12:20.858482+00:00,18,2026-07-23T21:12:20.858482+00:00
2026-07-24,removed,54998490,,,Shop,Large showroom - Restaurant | Two Floors,1200.0,,,,BHD,monthly,,,,,,,,,,,26.188888549804688,50.54999923706055,,,,Hasan ABDULELAH ABDULHUSAIN Ahmed,,PARTLY,,,,,https://www.propertyfinder.bh/en/plp/commercial-rent/shop-for-rent-central-governorate-tubli-54998490.html,2026-07-06T21:42:21.442506+00:00,2026-07-23T21:12:20.858482+00:00,16,2026-07-23T21:12:20.858482+00:00
2026-07-24,removed,54998527,,,Apartment,FULLY FURNISHED | PRIME LOCATION | POOL,480.0,,,,BHD,monthly,,,,,,,,,,,26.19164276123047,50.48757553100586,,,,Hasan ABDULELAH ABDULHUSAIN Ahmed,,YES,,,,,https://www.propertyfinder.bh/en/plp/rent/apartment-for-rent-northern-governorate-saar-54998527.html,2026-07-06T21:42:21.442506+00:00,2026-07-23T21:12:20.858482+00:00,16,2026-07-23T21:12:20.858482+00:00
2026-07-24,removed,54998534,,,Apartment,FULLY FURNISHED APARTMENT | POOL & GYM,380.0,,,,BHD,monthly,,,,,,,,,,,26.19164276123047,50.48757553100586,,,,Hasan ABDULELAH ABDULHUSAIN Ahmed,,YES,,,,,https://www.propertyfinder.bh/en/plp/rent/apartment-for-rent-northern-governorate-saar-54998534.html,2026-07-06T21:42:21.442506+00:00,2026-07-23T21:12:20.858482+00:00,16,2026-07-23T21:12:20.858482+00:00
2026-07-24,removed,55026427,,,Apartment,BRAND NEW MODERN DESIGN WIFI 1 BEDROOM1 BALCONY,350.0,,,,BHD,monthly,,,,,,,,Tala Island,,,26.300025939941406,50.66316223144531,,,,Fadi Eweida,,YES,,,,,https://www.propertyfinder.bh/en/plp/rent/apartment-for-rent-muharraq-governorate-amwaj-islands-tala-island-55026427.html,2026-07-07T21:36:02.082787+00:00,2026-07-23T21:12:20.858482+00:00,15,2026-07-23T21:12:20.858482+00:00
2026-07-24,removed,55026437,,,Apartment,BRIGHT UNIQUE | SEA VIEW | PETS ALLOWED | BALCONY,320.0,,,,BHD,monthly,,,,,,,,Amwaj Avenue,,,26.29302978515625,50.66474151611328,,,,Fadi Eweida,,YES,,,,,https://www.propertyfinder.bh/en/plp/rent/apartment-for-rent-muharraq-governorate-amwaj-islands-amwaj-avenue-55026437.html,2026-07-07T21:36:02.082787+00:00,2026-07-23T21:12:20.858482+00:00,15,2026-07-23T21:12:20.858482+00:00
2026-07-24,removed,55026444,,,Apartment,SPACIOUS 4BR | JACUZZI | POOL | GYM | BRITISH CLUB,650.0,,,,BHD,monthly,,,,,,,,,,,26.203079223632812,50.594947814941406,,,,Fadi Eweida,,PARTLY,,,,,https://www.propertyfinder.bh/en/plp/rent/apartment-for-rent-capital-governorate-manama-um-al-hasam-55026444.html,2026-07-07T21:36:02.082787+00:00,2026-07-23T21:12:20.858482+00:00,15,2026-07-23T21:12:20.858482+00:00
2026-07-24,removed,55026447,,,Apartment,FLOATING CITY + SEA VIEW | MEENA 7 GYM & POOL,475.0,,,,BHD,monthly,,,,,,,,Amwaj Marina,,,26.293058395385742,50.65943908691406,,,,Fadi Eweida,,PARTLY,,,,,https://www.propertyfinder.bh/en/plp/rent/apartment-for-rent-muharraq-governorate-amwaj-islands-amwaj-marina-55026447.html,2026-07-07T21:36:02.082787+00:00,2026-07-23T21:12:20.858482+00:00,15,2026-07-23T21:12:20.858482+00:00
2026-07-24,removed,55026450,,,Apartment,PRIVATE GARDEN | MODERN | POOL | GYM |SPORTS COURT,1100.0,,,,BHD,monthly,,,,,,,,Canal View,,,26.273908615112305,50.67207336425781,,,,Fadi Eweida,,YES,,,,,https://www.propertyfinder.bh/en/plp/rent/apartment-for-rent-muharraq-governorate-dilmunia-island-canal-view-55026450.html,2026-07-07T21:36:02.082787+00:00,2026-07-23T21:12:20.858482+00:00,15,2026-07-23T21:12:20.858482+00:00
2026-07-24,removed,55055877,,,Land,"1,132 S.M Commercial Land for Rent in @ Tubli",700.0,,,,BHD,monthly,,,,,,,,,,,26.188888549804688,50.54999923706055,,,,Antony Pereira,,,,,,,https://www.propertyfinder.bh/en/plp/commercial-rent/land-for-rent-central-governorate-tubli-55055877.html,2026-07-08T21:15:46.223277+00:00,2026-07-23T21:12:20.858482+00:00,14,2026-07-23T21:12:20.858482+00:00
2026-07-24,removed,55055881,,,Villa,Full Floor | private Pool | Maid Room & Laundry,700.0,,,,BHD,monthly,,,,,,,,,,,26.19164276123047,50.48757553100586,,,,Hasan ABDULELAH ABDULHUSAIN Ahmed,,PARTLY,,,,,https://www.propertyfinder.bh/en/plp/rent/villa-for-rent-northern-governorate-saar-55055881.html,2026-07-08T21:15:46.223277+00:00,2026-07-23T21:12:20.858482+00:00,14,2026-07-23T21:12:20.858482+00:00
2026-07-24,removed,55055976,,,Office Space,Large Hall | EWA | Elevator | Prime Location,400.0,,,,BHD,monthly,,,,,,,,,,,26.19164276123047,50.48757553100586,,,,Hasan ABDULELAH ABDULHUSAIN Ahmed,,YES,,,,,https://www.propertyfinder.bh/en/plp/commercial-rent/office-space-for-rent-northern-governorate-saar-55055976.html,2026-07-08T21:15:46.223277+00:00,2026-07-23T21:12:20.858482+00:00,14,2026-07-23T21:12:20.858482+00:00
2026-07-24,removed,55056088,,,Apartment,3BHK + MaidRoom | Pool | EWA Inclusive,480.0,,,,BHD,monthly,,,,,,,,,,,26.20975685119629,50.50579833984375,,,,Hasan ABDULELAH ABDULHUSAIN Ahmed,,YES,,,,,https://www.propertyfinder.bh/en/plp/rent/apartment-for-rent-northern-governorate-shakhura-55056088.html,2026-07-08T21:15:46.223277+00:00,2026-07-23T21:12:20.858482+00:00,14,2026-07-23T21:12:20.858482+00:00
2026-07-24,removed,55056604,,,Apartment,Orchid Spiral | Sea View| Balcony | Sunset View,500.0,,,,BHD,monthly,,,,,,,,Water Garden City,,,26.24260139465332,50.55380630493164,,,,Gulnaz Amangeldinova,,YES,,,,,https://www.propertyfinder.bh/en/plp/rent/apartment-for-rent-capital-governorate-manama-water-garden-city-55056604.html,2026-07-08T21:15:46.223277+00:00,2026-07-23T21:12:20.858482+00:00,14,2026-07-23T21:12:20.858482+00:00
2026-07-24,removed,55084647,,,Apartment,Limited Unit|Bright-Modern|Spacious|Balcony|Studio,240.0,,,,BHD,monthly,,,,,,,,,,,26.211111068725586,50.601112365722656,,,,Hazeeth,,YES,,,,,https://www.propertyfinder.bh/en/plp/rent/apartment-for-rent-capital-governorate-al-juffair-55084647.html,2026-07-09T21:28:23.078681+00:00,2026-07-23T21:12:20.858482+00:00,13,2026-07-23T21:12:20.858482+00:00
2026-07-24,removed,55085126,,,Apartment,GREAT SEA VIEW BRIGHT AND BEACH ACCESS | POOL |GYM,1100.0,,,,BHD,monthly,,,,,,,,Diyar Al Muharraq,Marassi Shores Residences,,26.303447723388672,50.6461296081543,,,,Fadi Eweida,,YES,,,,,https://www.propertyfinder.bh/en/plp/rent/apartment-for-rent-muharraq-governorate-diyar-al-muharraq-marassi-shores-residences-55085126.html,2026-07-09T21:28:23.078681+00:00,2026-07-23T21:12:20.858482+00:00,13,2026-07-23T21:12:20.858482+00:00
2026-07-24,removed,55085310,,,Office Space,Office Space in Prime Location of Tubli,250.0,,,,BHD,monthly,,,,,,,,,,,26.188888549804688,50.54999923706055,,,,Hasan ABDULELAH ABDULHUSAIN Ahmed,,YES,,,,,https://www.propertyfinder.bh/en/plp/commercial-rent/office-space-for-rent-central-governorate-tubli-55085310.html,2026-07-09T21:28:23.078681+00:00,2026-07-23T21:12:20.858482+00:00,13,2026-07-23T21:12:20.858482+00:00
2026-07-24,removed,55113762,,,Office Space,Large Size | Main Road | Prime location,300.0,,,,BHD,monthly,,,,,,,,,,,26.21967315673828,50.53300476074219,,,,Hasan ABDULELAH ABDULHUSAIN Ahmed,,YES,,,,,https://www.propertyfinder.bh/en/plp/commercial-rent/office-space-for-rent-northern-governorate-jidhafs-55113762.html,2026-07-10T21:12:15.222994+00:00,2026-07-23T21:12:20.858482+00:00,13,2026-07-23T21:12:20.858482+00:00
2026-07-24,removed,55113774,,,Apartment,2BHK Apartment | Prime Location,120.0,,,,BHD,monthly,,,,,,,,,,,26.21967315673828,50.53300476074219,,,,Hasan ABDULELAH ABDULHUSAIN Ahmed,,NO,,,,,https://www.propertyfinder.bh/en/plp/rent/apartment-for-rent-northern-governorate-jidhafs-55113774.html,2026-07-10T21:12:15.222994+00:00,2026-07-23T21:12:20.858482+00:00,13,2026-07-23T21:12:20.858482+00:00
2026-07-24,removed,55114295,,,Apartment,Fully Furnished | Large Hall | Free Hold,80000.0,,,,BHD,sell,,,,,,,,Sanabis,,,26.226558685302734,50.5459098815918,,,,Hasan ABDULELAH ABDULHUSAIN Ahmed,,YES,completed,,,,https://www.propertyfinder.bh/en/plp/buy/apartment-for-sale-capital-governorate-manama-sanabis-55114295.html,2026-07-10T21:12:15.222994+00:00,2026-07-23T21:12:20.858482+00:00,13,2026-07-23T21:12:20.858482+00:00
2026-07-24,removed,55114306,,,Office Space,Large Office In Prime Location Of Adliya,350.0,,,,BHD,monthly,,,,,,,,,,,26.214487075805664,50.584754943847656,,,,Hasan ABDULELAH ABDULHUSAIN Ahmed,,PARTLY,,,,,https://www.propertyfinder.bh/en/plp/commercial-rent/office-space-for-rent-capital-governorate-manama-adliya-55114306.html,2026-07-10T21:12:15.222994+00:00,2026-07-23T21:12:20.858482+00:00,13,2026-07-23T21:12:20.858482+00:00
2026-07-24,removed,55114311,,,Land,Land For Sale in Amwaj With Beach Access,242180.0,,,,BHD,sell,,,,,,,,,,,26.288480758666992,50.66381072998047,,,,Hasan ABDULELAH ABDULHUSAIN Ahmed,,,,,,,https://www.propertyfinder.bh/en/plp/buy/land-for-sale-muharraq-governorate-amwaj-islands-55114311.html,2026-07-10T21:12:15.222994+00:00,2026-07-23T21:12:20.858482+00:00,13,2026-07-23T21:12:20.858482+00:00
2026-07-24,removed,55114312,,,Office Space,2BHK Office | Prime Location | Car Park,250.0,,,,BHD,monthly,,,,,,,,Sanabis,,,26.226558685302734,50.5459098815918,,,,Hasan ABDULELAH ABDULHUSAIN Ahmed,,PARTLY,,,,,https://www.propertyfinder.bh/en/plp/commercial-rent/office-space-for-rent-capital-governorate-manama-sanabis-55114312.html,2026-07-10T21:12:15.222994+00:00,2026-07-23T21:12:20.858482+00:00,13,2026-07-23T21:12:20.858482+00:00
2026-07-24,removed,55114315,,,Office Space,2BHK Office In Main Road of Sitra,200.0,,,,BHD,monthly,,,,,,,,,,,26.162988662719727,50.6124267578125,,,,Hasan ABDULELAH ABDULHUSAIN Ahmed,,PARTLY,,,,,https://www.propertyfinder.bh/en/plp/commercial-rent/office-space-for-rent-central-governorate-sitra-55114315.html,2026-07-10T21:12:15.222994+00:00,2026-07-23T21:12:20.858482+00:00,13,2026-07-23T21:12:20.858482+00:00
2026-07-24,removed,55114319,,,Apartment,Studio With EWA For Rent in Gudaibiya,150.0,,,,BHD,monthly,,,,,,,,,,,26.218677520751953,50.59382247924805,,,,Hasan ABDULELAH ABDULHUSAIN Ahmed,,PARTLY,,,,,https://www.propertyfinder.bh/en/plp/rent/apartment-for-rent-capital-governorate-manama-gudaibiya-55114319.html,2026-07-10T21:12:15.222994+00:00,2026-07-23T21:12:20.858482+00:00,13,2026-07-23T21:12:20.858482+00:00
2026-07-24,removed,55114321,,,Apartment,Large Apartment For Rent in Malkiyah,170.0,,,,BHD,monthly,,,,,,,,,,,26.100860595703125,50.48801040649414,,,,Hasan ABDULELAH ABDULHUSAIN Ahmed,,NO,,,,,https://www.propertyfinder.bh/en/plp/rent/apartment-for-rent-northern-governorate-malkiyah-55114321.html,2026-07-10T21:12:15.222994+00:00,2026-07-23T21:12:20.858482+00:00,13,2026-07-23T21:12:20.858482+00:00
2026-07-24,removed,55171641,,,Apartment,Spacious 1BHK flat near Ansar Gallery / HM,160.0,,,,BHD,monthly,,,,,,,,,,,26.188888549804688,50.54999923706055,,,,Nayla Tabussam,,PARTLY,,,,,https://www.propertyfinder.bh/en/plp/rent/apartment-for-rent-central-governorate-tubli-55171641.html,2026-07-12T20:58:01.791743+00:00,2026-07-23T21:12:20.858482+00:00,11,2026-07-23T21:12:20.858482+00:00
2026-07-24,removed,55172184,,,Apartment,ONLY AC | EWA EXCL BALCONY GYM POOL PRIME LOCATION,399.0,,,,BHD,monthly,,,,,,,,,,,26.214487075805664,50.584754943847656,,,,khan Mohammad khan,,PARTLY,,,,,https://www.propertyfinder.bh/en/plp/rent/apartment-for-rent-capital-governorate-manama-adliya-55172184.html,2026-07-12T20:58:01.791743+00:00,2026-07-23T21:12:20.858482+00:00,11,2026-07-23T21:12:20.858482+00:00
2026-07-24,removed,55172193,,,Apartment,EWA UNLIMITED | SPACIOUS BRIGHT BALCONY WIFI,350.0,,,,BHD,monthly,,,,,,,,,,,26.214487075805664,50.584754943847656,,,,khan Mohammad khan,,YES,,,,,https://www.propertyfinder.bh/en/plp/rent/apartment-for-rent-capital-governorate-manama-adliya-55172193.html,2026-07-12T20:58:01.791743+00:00,2026-07-23T21:12:20.858482+00:00,11,2026-07-23T21:12:20.858482+00:00
2026-07-24,removed,55256828,,,Apartment,ELEGANT APARTMENT WITH NICE AMENITIES,500.0,,,,BHD,monthly,,,,,,,,,,,26.211111068725586,50.601112365722656,,,,Mohamed Ali,,YES,,,,,https://www.propertyfinder.bh/en/plp/rent/apartment-for-rent-capital-governorate-al-juffair-55256828.html,2026-07-16T13:23:22.641531+00:00,2026-07-23T21:12:20.858482+00:00,7,2026-07-23T21:12:20.858482+00:00
2026-07-24,removed,55284558,,,Apartment,8% ROI Guarantee - 2 YEAR PAYMENT- READY HANDOVER,86000.0,,,,BHD,sell,,,,,,,,Amwaj Avenue,,,26.29302978515625,50.66474151611328,,,,Khalid Alkhaja,,YES,completed_primary,,,,https://www.propertyfinder.bh/en/plp/buy/apartment-for-sale-muharraq-governorate-amwaj-islands-amwaj-avenue-55284558.html,2026-07-16T21:09:41.077970+00:00,2026-07-23T21:12:20.858482+00:00,7,2026-07-23T21:12:20.858482+00:00
2026-07-24,removed,55311346,,,Apartment,COZY FLAT WITH SEAVIEW WITH WIFI,250.0,,,,BHD,monthly,,,,,,,,,,,26.211111068725586,50.601112365722656,,,,Mohamed Ali,,YES,,,,,https://www.propertyfinder.bh/en/plp/rent/apartment-for-rent-capital-governorate-al-juffair-55311346.html,2026-07-17T21:02:53.302860+00:00,2026-07-23T21:12:20.858482+00:00,6,2026-07-23T21:12:20.858482+00:00
2026-07-24,removed,55396720,,,Apartment,MODERN┃ POOL ┃GYM┃ SPACIOUS┃ BALCONY ┃SPACIOUS,380.0,,,,BHD,monthly,,,,,,,,,,,26.207910537719727,50.587345123291016,,,,Sahebaz Makki,,YES,,,,,https://www.propertyfinder.bh/en/plp/rent/apartment-for-rent-capital-governorate-manama-mahooz-55396720.html,2026-07-20T21:17:02.364062+00:00,2026-07-23T21:12:20.858482+00:00,2,2026-07-23T21:12:20.858482+00:00
2026-07-24,removed,55483536,,,Apartment,Inclusive | Furnished | Services available,200.0,,,,BHD,monthly,,,,,,,,,,,26.19164276123047,50.48757553100586,,,,Al Lagoon Real Estate ,,YES,,,,,https://www.propertyfinder.bh/en/plp/rent/apartment-for-rent-northern-governorate-saar-55483536.html,2026-07-23T21:12:20.858482+00:00,2026-07-23T21:12:20.858482+00:00,0,2026-07-23T21:12:20.858482+00:00
2026-07-24,removed,893011,,,Apartment,Prime Location I Renovated I House Keeping,500.0,,,,BHD,monthly,,,,,,,,,,,26.211111068725586,50.601112365722656,,,,Jessica Ricci,,YES,,,,,https://www.propertyfinder.bh/en/plp/rent/apartment-for-rent-capital-governorate-al-juffair-893011.html,2026-06-24T20:40:58.428770+00:00,2026-07-23T21:12:20.858482+00:00,29,2026-07-23T21:12:20.858482+00:00
2026-07-24,removed,896596,,,Duplex,Stylish I Amazing Amenities Package I Maid&#39;s,1300.0,,,,BHD,monthly,,,,,,,,,,,26.239999771118164,50.5369987487793,,,,Jessica Ricci,,YES,,,,,https://www.propertyfinder.bh/en/plp/rent/duplex-for-rent-capital-governorate-seef-896596.html,2026-06-24T20:40:58.428770+00:00,2026-07-23T21:12:20.858482+00:00,29,2026-07-23T21:12:20.858482+00:00
2026-07-24,removed,899668,,,Apartment,Exquisite I Balcony I Unlimited EWA,750.0,,,,BHD,monthly,,,,,,,,,,,26.239999771118164,50.5369987487793,,,,Jessica Ricci,,YES,,,,,https://www.propertyfinder.bh/en/plp/rent/apartment-for-rent-capital-governorate-seef-899668.html,2026-06-24T20:40:58.428770+00:00,2026-07-23T21:12:20.858482+00:00,29,2026-07-23T21:12:20.858482+00:00
2026-07-24,removed,974690,,,Apartment,Best Deal For Spacious Duplex Pent House 5 Bedroom,900.0,,,,BHD,monthly,,,,,,,,Abraj Al Lulu,,,26.230030059814453,50.55890655517578,,,,Sushant Anand,,PARTLY,,,,,https://www.propertyfinder.bh/en/plp/rent/apartment-for-rent-capital-governorate-manama-abraj-al-lulu-974690.html,2026-05-31T13:58:31.068517+00:00,2026-07-23T21:12:20.858482+00:00,53,2026-07-23T21:12:20.858482+00:00
2026-07-24,removed,974717,,,Apartment,Modern Brand New Semi-Furnished 2BHK Apartment,265.0,,,,BHD,monthly,,,,,,,,,,,26.214487075805664,50.584754943847656,,,,Anu K H,,PARTLY,,,,,https://www.propertyfinder.bh/en/plp/rent/apartment-for-rent-capital-governorate-manama-adliya-974717.html,2026-05-31T13:58:31.068517+00:00,2026-07-23T21:12:20.858482+00:00,53,2026-07-23T21:12:20.858482+00:00
2026-07-24,removed,983338,,,Villa,Luxury freehold villa with full privacy & sea view,3750.0,,,,BHD,monthly,,,,,,,,Essence of Dilmunia,,,26.27286720275879,50.672889709472656,,,,Fahad Mohamed,,YES,,,,,https://www.propertyfinder.bh/en/plp/rent/villa-for-rent-muharraq-governorate-dilmunia-island-essence-of-dilmunia-983338.html,2026-05-31T13:58:31.068517+00:00,2026-07-23T21:12:20.858482+00:00,53,2026-07-23T21:12:20.858482+00:00
2026-07-24,removed,986973,,,Apartment,Best Price - High Floor - Freehold - Furnished,100000.0,,,,BHD,sell,,,,,,,,Diyar Al Muharraq,,,26.303447723388672,50.6461296081543,,,,Lina Sabrawi,,YES,completed,,,,https://www.propertyfinder.bh/en/plp/buy/apartment-for-sale-muharraq-governorate-diyar-al-muharraq-marassi-shores-residences-986973.html,2026-05-31T13:58:31.068517+00:00,2026-07-23T21:12:20.858482+00:00,53,2026-07-23T21:12:20.858482+00:00
2026-07-24,removed,995099,,,Apartment,"Elegant & quiet, spacious, fully furnished",420.0,,,,BHD,monthly,,,,,,,,,,,26.27199935913086,50.60900115966797,,,,Fahad Mohamed,,YES,,,,,https://www.propertyfinder.bh/en/plp/rent/apartment-for-rent-muharraq-governorate-busaiteen-995099.html,2026-05-31T13:58:31.068517+00:00,2026-07-23T21:12:20.858482+00:00,53,2026-07-23T21:12:20.858482+00:00
2026-07-24,removed,995211,,,Villa,"Prime location, quiet area, corner on two streets",139000.0,,,,BHD,sell,,,,,,,,,,,26.25,50.616668701171875,,,,Fahad Mohamed,,NO,completed,,,,https://www.propertyfinder.bh/en/plp/buy/villa-for-sale-muharraq-governorate-muharraq-995211.html,2026-05-31T13:58:31.068517+00:00,2026-07-23T21:12:20.858482+00:00,53,2026-07-23T21:12:20.858482+00:00
2026-07-24,removed,999787,,,Apartment,LUXURIOUS I UNLIMITED EWA I NEAR CITY CENTER,1050.0,,,,BHD,monthly,,,,,,,,Sanabis,,,26.226558685302734,50.5459098815918,,,,Sheraz Butt,,YES,,,,,https://www.propertyfinder.bh/en/plp/rent/apartment-for-rent-capital-governorate-manama-sanabis-999787.html,2026-05-31T13:58:31.068517+00:00,2026-07-23T21:12:20.858482+00:00,53,2026-07-23T21:12:20.858482+00:00
2026-07-24,price_changed,52222037,,,Apartment,Brand New Apartment Near Gulf University,380.0,360.0,-20.0,-5.26,BHD,monthly,,,,,,,,Al Bahair,,,26.149368286132812,50.56598663330078,,,,Aysha Adil,,PARTLY,,,,,https://www.propertyfinder.bh/en/plp/rent/apartment-for-rent-southern-governorate-riffa-al-bahair-52222037.html,2026-05-31T13:58:31.068517+00:00,2026-07-24T21:11:47.069485+00:00,54,2026-07-24T21:11:47.069485+00:00
2026-07-24,price_changed,52517680,,,Villa,Waterfront Luxury | Private Pool,4500.0,4000.0,-500.0,-11.11,BHD,monthly,,,,,,,,Diyar Al Muharraq,Al Naseem,,26.31142234802246,50.64306640625,,,,Sonali Fernandes,,YES,,,,,https://www.propertyfinder.bh/en/plp/rent/villa-for-rent-muharraq-governorate-diyar-al-muharraq-al-naseem-52517680.html,2026-05-31T13:58:31.068517+00:00,2026-07-24T21:11:47.069485+00:00,54,2026-07-24T21:11:47.069485+00:00
2026-07-24,price_changed,52700814,,,Apartment,Specious natural lights Ground floor Parking,320.0,300.0,-20.0,-6.25,BHD,monthly,,,,,,,,,,,26.207910537719727,50.587345123291016,,,,Seby Augustine,,PARTLY,,,,,https://www.propertyfinder.bh/en/plp/rent/apartment-for-rent-capital-governorate-manama-mahooz-52700814.html,2026-06-19T20:38:08.437876+00:00,2026-07-24T21:11:47.069485+00:00,35,2026-07-24T21:11:47.069485+00:00
2026-07-24,price_changed,52880926,,,Apartment,FURNISHED FLAT | BIG LIVING HALL | OPEN KITCHEN,350.0,400.0,50.0,14.29,BHD,monthly,,,,,,,,,,,26.21263313293457,50.67418670654297,,,,Muhammad,,YES,,,,,https://www.propertyfinder.bh/en/plp/rent/apartment-for-rent-muharraq-governorate-hidd-52880926.html,2026-05-31T13:58:31.068517+00:00,2026-07-24T21:11:47.069485+00:00,54,2026-07-24T21:11:47.069485+00:00
2026-07-24,price_changed,52982406,,,Apartment,Spacious  / Unlimited Ewa / 1st floor/ No Lift,130.0,140.0,10.0,7.69,BHD,monthly,,,,,,,,,,,26.266666412353516,50.650001525878906,,,,A. Mhaout,,NO,,,,,https://www.propertyfinder.bh/en/plp/rent/apartment-for-rent-muharraq-governorate-galali-52982406.html,2026-05-31T13:58:31.068517+00:00,2026-07-24T21:11:47.069485+00:00,54,2026-07-24T21:11:47.069485+00:00
2026-07-24,price_changed,55113749,,,Apartment,Very Spacious I Big Kitchen I Swimming Pool I Gym,380.0,450.0,70.0,18.42,BHD,monthly,,,,,,,,,,,26.211111068725586,50.601112365722656,,,,Antony Shaiju,,YES,,,,,https://www.propertyfinder.bh/en/plp/rent/apartment-for-rent-capital-governorate-al-juffair-55113749.html,2026-07-10T21:12:15.222994+00:00,2026-07-24T21:11:47.069485+00:00,13,2026-07-24T21:11:47.069485+00:00
2026-07-24,price_changed,55172181,,,Apartment,SPACIOUS BRIGHT BALCONY PRIME LOCATION EWA 30 BD,340.0,330.0,-10.0,-2.94,BHD,monthly,,,,,,,,,,,26.214487075805664,50.584754943847656,,,,khan Mohammad khan,,YES,,,,,https://www.propertyfinder.bh/en/plp/rent/apartment-for-rent-capital-governorate-manama-adliya-55172181.html,2026-07-12T20:58:01.791743+00:00,2026-07-24T21:11:47.069485+00:00,12,2026-07-24T21:11:47.069485+00:00
2026-07-24,price_changed,55256812,,,Apartment,SPACIOUS AND ELEGANT FLAT 2BEDROOM / HALF,550.0,500.0,-50.0,-9.09,BHD,monthly,,,,,,,,,,,26.2102108001709,50.56403350830078,,,,Mohamed Ali,,YES,,,,,https://www.propertyfinder.bh/en/plp/rent/apartment-for-rent-capital-governorate-manama-zinj-55256812.html,2026-07-16T13:23:22.641531+00:00,2026-07-24T21:11:47.069485+00:00,8,2026-07-24T21:11:47.069485+00:00
2026-07-24,price_changed,55483186,,,Apartment,Private Pool | Massive 3.5 BR | Brand New,1200.0,1100.0,-100.0,-8.33,BHD,monthly,,,,,,,,,,,26.239999771118164,50.5369987487793,,,,Adeel Ajaz,,YES,,,,,https://www.propertyfinder.bh/en/plp/rent/apartment-for-rent-capital-governorate-seef-55483186.html,2026-07-23T21:12:20.858482+00:00,2026-07-24T21:11:47.069485+00:00,0,2026-07-24T21:11:47.069485+00:00
