change_date,change_type,listing_id,category,listing_type,property_type,title,price_prev,price_curr,price_delta,price_delta_pct,currency,price_period,area_size,area_unit,beds_min,beds_max,baths_min,city,area,community,sub_community,compound,latitude,longitude,developer,project_name,agency_name,agent_name,agent_phone,furnished,completion_status,permit_number,rera_number,amenities,share_url,first_seen_at,last_seen_at,days_on_market,scraped_at
2026-07-21,new,1003056,,,Apartment,2 BHKapartments/ Near Casino/ Inclusive,,150.0,,,BHD,monthly,,,,,,,,,,,26.25,50.616668701171875,,,,A. Mhaout,,NO,,,,,https://www.propertyfinder.bh/en/plp/rent/apartment-for-rent-muharraq-governorate-muharraq-1003056.html,2026-05-31T13:58:31.068517+00:00,2026-07-21T21:17:21.978520+00:00,51,2026-07-21T21:17:21.978520+00:00
2026-07-21,new,51145022,,,Villa,Prime Location - Garden View -,,140000.0,,,BHD,sell,,,,,,,,,,,26.229394912719727,50.48070526123047,,,,Ali AlBanna,,NO,completed_primary,,,,https://www.propertyfinder.bh/en/plp/buy/villa-for-sale-northern-governorate-barbar-2PSisMdsNsG.html,2026-05-31T13:58:31.068517+00:00,2026-07-21T21:17:21.978520+00:00,51,2026-07-21T21:17:21.978520+00:00
2026-07-21,new,51351978,,,Apartment,Beautiful 2 BHK / Balcony / Prime Location,,52000.0,,,BHD,sell,,,,,,,,,,,26.211111068725586,50.601112365722656,,,,A. Mhaout,,YES,completed,,,,https://www.propertyfinder.bh/en/plp/buy/apartment-for-sale-capital-governorate-al-juffair-2Pdm5FYiTUe.html,2026-05-31T13:58:31.068517+00:00,2026-07-21T21:17:21.978520+00:00,51,2026-07-21T21:17:21.978520+00:00
2026-07-21,new,51353198,,,Apartment,Newly Renovated/ with  Ewa/ Prime Location,,280.0,,,BHD,monthly,,,,,,,,,,,26.214487075805664,50.584754943847656,,,,A. Mhaout,,NO,,,,,https://www.propertyfinder.bh/en/plp/rent/apartment-for-rent-capital-governorate-manama-adliya-2Pf28mB9m7c.html,2026-06-11T20:57:11.134489+00:00,2026-07-21T21:17:21.978520+00:00,40,2026-07-21T21:17:21.978520+00:00
2026-07-21,new,51411755,,,Apartment,Spacious 2 BHK Apartment/ AC / Balcony,,40000.0,,,BHD,sell,,,,,,,,,,,26.21263313293457,50.67418670654297,,,,A. Mhaout,,NO,completed,,,,https://www.propertyfinder.bh/en/plp/buy/apartment-for-sale-muharraq-governorate-hidd-2PhcC0gSohE.html,2026-05-31T13:58:31.068517+00:00,2026-07-21T21:17:21.978520+00:00,51,2026-07-21T21:17:21.978520+00:00
2026-07-21,new,51612021,,,Apartment,Spacious 2 BHK /  AC / Exclusive,,170.0,,,BHD,monthly,,,,,,,,,,,26.188888549804688,50.54999923706055,,,,A. Mhaout,,NO,,,,,https://www.propertyfinder.bh/en/plp/rent/apartment-for-rent-central-governorate-tubli-2PuDjUL8ss4.html,2026-06-05T20:36:54.354740+00:00,2026-07-21T21:17:21.978520+00:00,46,2026-07-21T21:17:21.978520+00:00
2026-07-21,new,51772458,,,Apartment,SPACIOUS UN FURNSHED FLAT IN SAAR,,320.0,,,BHD,monthly,,,,,,,,,,,26.19164276123047,50.48757553100586,,,,Imad Hasan,,NO,,,,,https://www.propertyfinder.bh/en/plp/rent/apartment-for-rent-northern-governorate-saar-2Q3Q5DFXtuC.html,2026-07-21T21:17:21.978520+00:00,2026-07-21T21:17:21.978520+00:00,0,2026-07-21T21:17:21.978520+00:00
2026-07-21,new,51984229,,,Villa,Spacious Villa/ Private Garden/ Maid's Room,,600.0,,,BHD,monthly,,,,,,,,,,,26.149999618530273,50.58333206176758,,,,A. Mhaout,,NO,,,,,https://www.propertyfinder.bh/en/plp/rent/villa-for-rent-central-governorate-sanad-51984229.html,2026-06-11T20:57:11.134489+00:00,2026-07-21T21:17:21.978520+00:00,40,2026-07-21T21:17:21.978520+00:00
2026-07-21,new,51984382,,,Villa,Spacious 5 BHK Villa/ Private Pool,,850.0,,,BHD,monthly,,,,,,,,North Riffa,,,26.143957138061523,50.547142028808594,,,,A. Mhaout,,PARTLY,,,,,https://www.propertyfinder.bh/en/plp/rent/villa-for-rent-southern-governorate-riffa-north-riffa-51984382.html,2026-05-31T13:58:31.068517+00:00,2026-07-21T21:17:21.978520+00:00,51,2026-07-21T21:17:21.978520+00:00
2026-07-21,new,52117458,,,Villa,Spacious Villa / Maid's Room / Exclusive,,600.0,,,BHD,monthly,,,,,,,,,,,26.27199935913086,50.60900115966797,,,,A. Mhaout,,NO,,,,,https://www.propertyfinder.bh/en/plp/rent/villa-for-rent-muharraq-governorate-busaiteen-52117458.html,2026-06-04T20:43:07.946899+00:00,2026-07-21T21:17:21.978520+00:00,47,2026-07-21T21:17:21.978520+00:00
2026-07-21,new,52117489,,,Villa,Spacious Villa/ Maid's Room/ Private Pool,,700.0,,,BHD,monthly,,,,,,,,,,,26.27199935913086,50.60900115966797,,,,A. Mhaout,,PARTLY,,,,,https://www.propertyfinder.bh/en/plp/rent/villa-for-rent-muharraq-governorate-busaiteen-52117489.html,2026-05-31T13:58:31.068517+00:00,2026-07-21T21:17:21.978520+00:00,51,2026-07-21T21:17:21.978520+00:00
2026-07-21,new,52142722,,,Apartment,Great Location/ Open Kitchen/ Inclusive,,220.0,,,BHD,monthly,,,,,,,,,,,26.207910537719727,50.587345123291016,,,,A. Mhaout,,PARTLY,,,,,https://www.propertyfinder.bh/en/plp/rent/apartment-for-rent-capital-governorate-manama-mahooz-52142722.html,2026-05-31T13:58:31.068517+00:00,2026-07-21T21:17:21.978520+00:00,51,2026-07-21T21:17:21.978520+00:00
2026-07-21,new,52169833,,,Office Space,Executive  Fully Furnished  Office Space,,145.0,,,BHD,monthly,,,,,,,,,,,26.239999771118164,50.5369987487793,,,,Abdelrahman Hassan,,YES,,,,,https://www.propertyfinder.bh/en/plp/commercial-rent/office-space-for-rent-capital-governorate-seef-52169833.html,2026-05-31T13:58:31.068517+00:00,2026-07-21T21:17:21.978520+00:00,51,2026-07-21T21:17:21.978520+00:00
2026-07-21,new,52169845,,,Office Space,Fully Equipped Office | Prime Location in Seef,,150.0,,,BHD,monthly,,,,,,,,,,,26.239999771118164,50.5369987487793,,,,Abdelrahman Hassan,,YES,,,,,https://www.propertyfinder.bh/en/plp/commercial-rent/office-space-for-rent-capital-governorate-seef-52169845.html,2026-05-31T13:58:31.068517+00:00,2026-07-21T21:17:21.978520+00:00,51,2026-07-21T21:17:21.978520+00:00
2026-07-21,new,52169911,,,Apartment,Modern 2 BHK / Central AC/Shared Pool,,225.0,,,BHD,monthly,,,,,,,,,,,26.213165283203125,50.447471618652344,,,,A. Mhaout,,NO,,,,,https://www.propertyfinder.bh/en/plp/rent/apartment-for-rent-northern-governorate-budaiya-52169911.html,2026-05-31T13:58:31.068517+00:00,2026-07-21T21:17:21.978520+00:00,51,2026-07-21T21:17:21.978520+00:00
2026-07-21,new,52516863,,,Apartment,"FF 2BR Flats, Atrium Apartments Saar",,480.0,,,BHD,monthly,,,,,,,,,,,26.19164276123047,50.48757553100586,,,,Suresh Babu,,YES,,,,,https://www.propertyfinder.bh/en/plp/rent/apartment-for-rent-northern-governorate-saar-52516863.html,2026-07-21T21:17:21.978520+00:00,2026-07-21T21:17:21.978520+00:00,0,2026-07-21T21:17:21.978520+00:00
2026-07-21,new,52516871,,,Apartment,"Atrium Apartments, Sh Isa Hwy Saar - 1BR Flat",,400.0,,,BHD,monthly,,,,,,,,,,,26.19164276123047,50.48757553100586,,,,Suresh Babu,,YES,,,,,https://www.propertyfinder.bh/en/plp/rent/apartment-for-rent-northern-governorate-saar-52516871.html,2026-07-21T21:17:21.978520+00:00,2026-07-21T21:17:21.978520+00:00,0,2026-07-21T21:17:21.978520+00:00
2026-07-21,new,52701899,,,Villa,Elegant - Hot Deal - Swimming Pool,,155000.0,,,BHD,sell,,,,,,,,,,,26.19164276123047,50.48757553100586,,,,Ahmed Alkuwaiti,,PARTLY,completed,,,,https://www.propertyfinder.bh/en/plp/buy/villa-for-sale-northern-governorate-saar-52701899.html,2026-05-31T13:58:31.068517+00:00,2026-07-21T21:17:21.978520+00:00,51,2026-07-21T21:17:21.978520+00:00
2026-07-21,new,52726883,,,Shop,NEW SQUARE SHOP IN ZINJ PRIM LOCATION,,1000.0,,,BHD,monthly,,,,,,,,,,,26.2102108001709,50.56403350830078,,,,Mohammed Alseba,,NO,,,,,https://www.propertyfinder.bh/en/plp/commercial-rent/shop-for-rent-capital-governorate-manama-zinj-52726883.html,2026-05-31T13:58:31.068517+00:00,2026-07-21T21:17:21.978520+00:00,51,2026-07-21T21:17:21.978520+00:00
2026-07-21,new,52726971,,,Apartment,Clean apartment for rent in Salmabad,,180.0,,,BHD,monthly,,,,,,,,,,,26.183332443237305,50.516666412353516,,,,Husain  Sadeq,,NO,,,,,https://www.propertyfinder.bh/en/plp/rent/apartment-for-rent-central-governorate-salmabad-52726971.html,2026-06-10T21:00:38.499992+00:00,2026-07-21T21:17:21.978520+00:00,41,2026-07-21T21:17:21.978520+00:00
2026-07-21,new,52830220,,,Land,Great location II Classification BD II 40 BHD PF I,,275000.0,,,BHD,sell,,,,,,,,,,,26.203079223632812,50.594947814941406,,,,Hanaa Adel,,,,,,,https://www.propertyfinder.bh/en/plp/buy/land-for-sale-capital-governorate-manama-um-al-hasam-52830220.html,2026-05-31T13:58:31.068517+00:00,2026-07-21T21:17:21.978520+00:00,51,2026-07-21T21:17:21.978520+00:00
2026-07-21,new,52880172,,,Villa,Seafront with Private pool 5 Bed in Amwaj,,470000.0,,,BHD,sell,,,,,,,,Amwaj Avenue,,,26.29302978515625,50.66474151611328,,,,Ayman Jnedi,,PARTLY,completed,,,,https://www.propertyfinder.bh/en/plp/buy/villa-for-sale-muharraq-governorate-amwaj-islands-amwaj-avenue-52880172.html,2026-05-31T13:58:31.068517+00:00,2026-07-21T21:17:21.978520+00:00,51,2026-07-21T21:17:21.978520+00:00
2026-07-21,new,52880282,,,Villa,Waterfront Free Hold Private Pool Bfand new,,219000.0,,,BHD,sell,,,,,,,,Diyar Al Muharraq,Al Naseem,,26.31142234802246,50.64306640625,,,,Ayman Jnedi,,PARTLY,completed,,,,https://www.propertyfinder.bh/en/plp/buy/villa-for-sale-muharraq-governorate-diyar-al-muharraq-al-naseem-52880282.html,2026-05-31T13:58:31.068517+00:00,2026-07-21T21:17:21.978520+00:00,51,2026-07-21T21:17:21.978520+00:00
2026-07-21,new,52880298,,,Apartment,Closed kitchen 2-room apartment for rent in Manama,,400.0,,,BHD,monthly,,,,,,,,,,,26.21666717529297,50.58333206176758,,,,Husain  Sadeq,,YES,,,,,https://www.propertyfinder.bh/en/plp/rent/apartment-for-rent-capital-governorate-manama-52880298.html,2026-07-21T21:17:21.978520+00:00,2026-07-21T21:17:21.978520+00:00,0,2026-07-21T21:17:21.978520+00:00
2026-07-21,new,52930626,,,Apartment,Spacious 3 BHK Apartment/ Prime Location,,320.0,,,BHD,monthly,,,,,,,,,,,26.219327926635742,50.579288482666016,,,,A. Mhaout,,NO,,,,,https://www.propertyfinder.bh/en/plp/rent/apartment-for-rent-capital-governorate-manama-salmaniya-52930626.html,2026-05-31T13:58:31.068517+00:00,2026-07-21T21:17:21.978520+00:00,51,2026-07-21T21:17:21.978520+00:00
2026-07-21,new,52957025,,,Apartment,MODERN| Spacious | 2BEDROOM APARTMENT | Buher,,200.0,,,BHD,monthly,,,,,,,,Riffa Views,,,26.097333908081055,50.56736373901367,,,,Ayman Jnedi,,PARTLY,,,,,https://www.propertyfinder.bh/en/plp/rent/apartment-for-rent-southern-governorate-riffa-riffa-views-52957025.html,2026-06-11T20:57:11.134489+00:00,2026-07-21T21:17:21.978520+00:00,40,2026-07-21T21:17:21.978520+00:00
2026-07-21,new,52957127,,,Apartment,Sea view 2 bed Balcony maids room Amwaj,,350.0,,,BHD,monthly,,,,,,,,Amwaj Avenue,,,26.29302978515625,50.66474151611328,,,,Ayman Jnedi,,YES,,,,,https://www.propertyfinder.bh/en/plp/rent/apartment-for-rent-muharraq-governorate-amwaj-islands-amwaj-avenue-52957127.html,2026-07-21T21:17:21.978520+00:00,2026-07-21T21:17:21.978520+00:00,0,2026-07-21T21:17:21.978520+00:00
2026-07-21,new,52957132,,,Villa,Modern 5 Bed Villa in Janabiya Brand new,,330000.0,,,BHD,sell,,,,,,,,,,,26.185943603515625,50.46711349487305,,,,Ayman Jnedi,,PARTLY,completed_primary,,,,https://www.propertyfinder.bh/en/plp/buy/villa-for-sale-northern-governorate-janabiya-52957132.html,2026-06-11T20:57:11.134489+00:00,2026-07-21T21:17:21.978520+00:00,40,2026-07-21T21:17:21.978520+00:00
2026-07-21,new,52957139,,,Villa,Corner Location Brand new Pool 4 BED Janabiya,,280000.0,,,BHD,sell,,,,,,,,,,,26.185943603515625,50.46711349487305,,,,Ayman Jnedi,,PARTLY,completed_primary,,,,https://www.propertyfinder.bh/en/plp/buy/villa-for-sale-northern-governorate-janabiya-52957139.html,2026-06-11T20:57:11.134489+00:00,2026-07-21T21:17:21.978520+00:00,40,2026-07-21T21:17:21.978520+00:00
2026-07-21,new,52957141,,,Villa,512 m2 Brand new Modern Villa in Saar,,360000.0,,,BHD,sell,,,,,,,,,,,26.19164276123047,50.48757553100586,,,,Ayman Jnedi,,PARTLY,completed_primary,,,,https://www.propertyfinder.bh/en/plp/buy/villa-for-sale-northern-governorate-saar-52957141.html,2026-06-11T20:57:11.134489+00:00,2026-07-21T21:17:21.978520+00:00,40,2026-07-21T21:17:21.978520+00:00
2026-07-21,new,53032568,,,Apartment,Great Apartment For Rent In Jidd Ali,,250.0,,,BHD,monthly,,,,,,,,,,,26.179166793823242,50.56222152709961,,,,Ayman Idrees,,NO,,,,,https://www.propertyfinder.bh/en/plp/rent/apartment-for-rent-central-governorate-jid-ali-53032568.html,2026-07-21T21:17:21.978520+00:00,2026-07-21T21:17:21.978520+00:00,0,2026-07-21T21:17:21.978520+00:00
2026-07-21,new,53323442,,,Villa,3 bedrooms inclusive villa for rent in Busaiteen,,700.0,,,BHD,monthly,,,,,,,,,,,26.27199935913086,50.60900115966797,,,,Husain  Sadeq,,YES,,,,,https://www.propertyfinder.bh/en/plp/rent/villa-for-rent-muharraq-governorate-busaiteen-53323442.html,2026-05-31T13:58:31.068517+00:00,2026-07-21T21:17:21.978520+00:00,51,2026-07-21T21:17:21.978520+00:00
2026-07-21,new,53404197,,,Apartment,Spacious 2/3 Bedrooms/ Balcony,,250.0,,,BHD,monthly,,,,,,,,,,,26.25,50.650001525878906,,,,A. Mhaout,,NO,,,,,https://www.propertyfinder.bh/en/plp/rent/apartment-for-rent-muharraq-governorate-arad-53404197.html,2026-05-31T13:58:31.068517+00:00,2026-07-21T21:17:21.978520+00:00,51,2026-07-21T21:17:21.978520+00:00
2026-07-21,new,53433406,,,Apartment,Modern 1 bed Balcony with 5 Star facilities,,280.0,,,BHD,monthly,,,,,,,,,,,26.211111068725586,50.601112365722656,,,,Ayman Jnedi,,YES,,,,,https://www.propertyfinder.bh/en/plp/rent/apartment-for-rent-capital-governorate-al-juffair-53433406.html,2026-05-31T13:58:31.068517+00:00,2026-07-21T21:17:21.978520+00:00,51,2026-07-21T21:17:21.978520+00:00
2026-07-21,new,53433535,,,Apartment,Sea view Brand new Sea view 4 Bed Hidd,,65000.0,,,BHD,sell,,,,,,,,,,,26.21263313293457,50.67418670654297,,,,Ayman Jnedi,,PARTLY,completed_primary,,,,https://www.propertyfinder.bh/en/plp/buy/apartment-for-sale-muharraq-governorate-hidd-53433535.html,2026-05-31T13:58:31.068517+00:00,2026-07-21T21:17:21.978520+00:00,51,2026-07-21T21:17:21.978520+00:00
2026-07-21,new,53628036,,,Villa,4BR Villa for Rent in Diyar Al Muharraq – Al Sidra,,720.0,,,BHD,monthly,,,,,,,,Diyar Al Muharraq,Al Sidra,,26.31142234802246,50.64306640625,,,,Abbas  Altaraifi,,PARTLY,,,,,https://www.propertyfinder.bh/en/plp/rent/villa-for-rent-muharraq-governorate-diyar-al-muharraq-al-sidra-53628036.html,2026-05-31T13:58:31.068517+00:00,2026-07-21T21:17:21.978520+00:00,51,2026-07-21T21:17:21.978520+00:00
2026-07-21,new,53737516,,,Apartment,Close kitchen Sea View inclusive 3 bed Amwaj,,550.0,,,BHD,monthly,,,,,,,,Amwaj Avenue,,,26.29302978515625,50.66474151611328,,,,Ayman Jnedi,,YES,,,,,https://www.propertyfinder.bh/en/plp/rent/apartment-for-rent-muharraq-governorate-amwaj-islands-amwaj-avenue-53737516.html,2026-05-31T13:58:31.068517+00:00,2026-07-21T21:17:21.978520+00:00,51,2026-07-21T21:17:21.978520+00:00
2026-07-21,new,53737680,,,Apartment,Spacious | very good price | full renovated,,190.0,,,BHD,monthly,,,,,,,,,,,26.179166793823242,50.56222152709961,,,,AHMED ALI ,,NO,,,,,https://www.propertyfinder.bh/en/plp/rent/apartment-for-rent-central-governorate-jid-ali-53737680.html,2026-05-31T13:58:31.068517+00:00,2026-07-21T21:17:21.978520+00:00,51,2026-07-21T21:17:21.978520+00:00
2026-07-21,new,54344539,,,Shop,Premium LOCATION shop in JURDAB,,400.0,,,BHD,monthly,,,,,,,,,,,26.168216705322266,50.57180404663086,,,,Mohammed Alseba,,PARTLY,,,,,https://www.propertyfinder.bh/en/plp/commercial-rent/shop-for-rent-central-governorate-jurdab-54344539.html,2026-06-13T20:35:51.033624+00:00,2026-07-21T21:17:21.978520+00:00,38,2026-07-21T21:17:21.978520+00:00
2026-07-21,new,54345406,,,Apartment,HIGH DEMAND NO DEPOSITE STUDIO FLAT UNLIMITED EWAA,,150.0,,,BHD,monthly,,,,,,,,,,,26.218677520751953,50.59382247924805,,,,Abdulla Al Samahiji,,YES,,,,,https://www.propertyfinder.bh/en/plp/rent/apartment-for-rent-capital-governorate-manama-gudaibiya-54345406.html,2026-06-13T20:35:51.033624+00:00,2026-07-21T21:17:21.978520+00:00,38,2026-07-21T21:17:21.978520+00:00
2026-07-21,new,54451803,,,Villa,Brand new 4 Bed Villa in Janabiya,,250000.0,,,BHD,sell,,,,,,,,,,,26.185943603515625,50.46711349487305,,,,Ayman Jnedi,,PARTLY,completed_primary,,,,https://www.propertyfinder.bh/en/plp/buy/villa-for-sale-northern-governorate-janabiya-54451803.html,2026-06-17T20:50:56.644034+00:00,2026-07-21T21:17:21.978520+00:00,34,2026-07-21T21:17:21.978520+00:00
2026-07-21,new,55424701,,,Apartment,SPECIOUS | WELL MAINTAINED | READY TO MOVE IN,,300.0,,,BHD,monthly,,,,,,,,,,,26.185943603515625,50.46711349487305,,,,Moueen Charfi,,YES,,,,,https://www.propertyfinder.bh/en/plp/rent/apartment-for-rent-northern-governorate-janabiya-55424701.html,2026-07-21T21:17:21.978520+00:00,2026-07-21T21:17:21.978520+00:00,0,2026-07-21T21:17:21.978520+00:00
2026-07-21,new,55424702,,,Warehouse,Warehouse for rent with electricity in Samaheej,,800.0,,,BHD,monthly,,,,,,,,,,,26.28297996520996,50.633480072021484,,,,Mohammed Ali   ,,YES,,,,,https://www.propertyfinder.bh/en/plp/commercial-rent/warehouse-for-rent-muharraq-governorate-samaheej-55424702.html,2026-07-21T21:17:21.978520+00:00,2026-07-21T21:17:21.978520+00:00,0,2026-07-21T21:17:21.978520+00:00
2026-07-21,new,55424704,,,Apartment,BEAUTIFUL AND SUPER COZY | WELL MAINYTAINED,,300.0,,,BHD,monthly,,,,,,,,,,,26.185943603515625,50.46711349487305,,,,Moueen Charfi,,YES,,,,,https://www.propertyfinder.bh/en/plp/rent/apartment-for-rent-northern-governorate-janabiya-55424704.html,2026-07-21T21:17:21.978520+00:00,2026-07-21T21:17:21.978520+00:00,0,2026-07-21T21:17:21.978520+00:00
2026-07-21,new,55424742,,,Apartment,HOT DEAL | MODERN | SPACIOUS | GYM | POOL | SAUNA,,300.0,,,BHD,monthly,,,,,,,,The Treasure,,,26.27286720275879,50.672889709472656,,,,Fadi Eweida,,YES,,,,,https://www.propertyfinder.bh/en/plp/rent/apartment-for-rent-muharraq-governorate-dilmunia-island-the-treasure-55424742.html,2026-07-21T21:17:21.978520+00:00,2026-07-21T21:17:21.978520+00:00,0,2026-07-21T21:17:21.978520+00:00
2026-07-21,new,55424744,,,Apartment,BRAND NEW | COZY | READY TO MOVE IN,,280.0,,,BHD,monthly,,,,,,,,,,,26.185943603515625,50.46711349487305,,,,Moueen Charfi,,YES,,,,,https://www.propertyfinder.bh/en/plp/rent/apartment-for-rent-northern-governorate-janabiya-55424744.html,2026-07-21T21:17:21.978520+00:00,2026-07-21T21:17:21.978520+00:00,0,2026-07-21T21:17:21.978520+00:00
2026-07-21,new,55424745,,,Apartment,SUPER LUXURY | VERY MODERN AND COZY,,450.0,,,BHD,monthly,,,,,,,,,,,26.185943603515625,50.46711349487305,,,,Moueen Charfi,,YES,,,,,https://www.propertyfinder.bh/en/plp/rent/apartment-for-rent-northern-governorate-janabiya-55424745.html,2026-07-21T21:17:21.978520+00:00,2026-07-21T21:17:21.978520+00:00,0,2026-07-21T21:17:21.978520+00:00
2026-07-21,new,55424747,,,Apartment,SEA VIEW | BALCONY | JACUZZI | STEAM | SAUNA WIFI,,580.0,,,BHD,monthly,,,,,,,,Amwaj Avenue,,,26.29302978515625,50.66474151611328,,,,Fadi Eweida,,YES,,,,,https://www.propertyfinder.bh/en/plp/rent/apartment-for-rent-muharraq-governorate-amwaj-islands-amwaj-avenue-55424747.html,2026-07-21T21:17:21.978520+00:00,2026-07-21T21:17:21.978520+00:00,0,2026-07-21T21:17:21.978520+00:00
2026-07-21,new,55424751,,,Villa,PRIVATE BEACH & LAWN | BRIGHT SPACIOUS VILLA,,1350.0,,,BHD,monthly,,,,,,,,Amwaj Beachfront,,,26.28470230102539,50.664039611816406,,,,Fadi Eweida,,PARTLY,,,,,https://www.propertyfinder.bh/en/plp/rent/villa-for-rent-muharraq-governorate-amwaj-islands-amwaj-beachfront-55424751.html,2026-07-21T21:17:21.978520+00:00,2026-07-21T21:17:21.978520+00:00,0,2026-07-21T21:17:21.978520+00:00
2026-07-21,new,55424754,,,Apartment,GREAT PRICE | HOUSEKEEPING | PET FRIENDLY | WIFI,,350.0,,,BHD,monthly,,,,,,,,The Lagoon,,,26.287778854370117,50.66339111328125,,,,Fadi Eweida,,YES,,,,,https://www.propertyfinder.bh/en/plp/rent/apartment-for-rent-muharraq-governorate-amwaj-islands-the-lagoon-55424754.html,2026-07-21T21:17:21.978520+00:00,2026-07-21T21:17:21.978520+00:00,0,2026-07-21T21:17:21.978520+00:00
2026-07-21,new,55424756,,,Apartment,NEW | HOT OFFER | SEA VIEW  | BRIGHT SPACIOUS,,399.0,,,BHD,monthly,,,,,,,,Amwaj Avenue,,,26.29302978515625,50.66474151611328,,,,Fadi Eweida,,YES,,,,,https://www.propertyfinder.bh/en/plp/rent/apartment-for-rent-muharraq-governorate-amwaj-islands-amwaj-avenue-55424756.html,2026-07-21T21:17:21.978520+00:00,2026-07-21T21:17:21.978520+00:00,0,2026-07-21T21:17:21.978520+00:00
2026-07-21,new,55424758,,,Apartment,LOOKING 4 EXCLUSIVE SEA VIEW DUPLEX CALL US NOW,,500.0,,,BHD,monthly,,,,,,,,The Lagoon,,,26.287778854370117,50.66339111328125,,,,Fadi Eweida,,YES,,,,,https://www.propertyfinder.bh/en/plp/rent/apartment-for-rent-muharraq-governorate-amwaj-islands-the-lagoon-55424758.html,2026-07-21T21:17:21.978520+00:00,2026-07-21T21:17:21.978520+00:00,0,2026-07-21T21:17:21.978520+00:00
2026-07-21,new,55424764,,,Apartment,HOT PRICE | SPACIOUS BRIGHT | SEA VIEW | FREE WIFI,,350.0,,,BHD,monthly,,,,,,,,Amwaj Marina,,,26.293058395385742,50.65943908691406,,,,Fadi Eweida,,YES,,,,,https://www.propertyfinder.bh/en/plp/rent/apartment-for-rent-muharraq-governorate-amwaj-islands-amwaj-marina-55424764.html,2026-07-21T21:17:21.978520+00:00,2026-07-21T21:17:21.978520+00:00,0,2026-07-21T21:17:21.978520+00:00
2026-07-21,new,55424767,,,Apartment,CITY VIEW | BRIGHT | READY TO MOVE IN,,250.0,,,BHD,monthly,,,,,,,,,,,26.211111068725586,50.601112365722656,,,,Moueen Charfi,,YES,,,,,https://www.propertyfinder.bh/en/plp/rent/apartment-for-rent-capital-governorate-al-juffair-55424767.html,2026-07-21T21:17:21.978520+00:00,2026-07-21T21:17:21.978520+00:00,0,2026-07-21T21:17:21.978520+00:00
2026-07-21,new,55424769,,,Villa,Luxury 4 BHK Villa with Private Pool | Prime Loc,,1500.0,,,BHD,monthly,,,,,,,,,,,26.214487075805664,50.584754943847656,,,,Shameer  Palathil,,PARTLY,,,,,https://www.propertyfinder.bh/en/plp/rent/villa-for-rent-capital-governorate-manama-adliya-55424769.html,2026-07-21T21:17:21.978520+00:00,2026-07-21T21:17:21.978520+00:00,0,2026-07-21T21:17:21.978520+00:00
2026-07-21,new,55424778,,,Compound,BRAND NEW 3 BHK VILLA IN SEGEYA + MAID ROOM,,850.0,,,BHD,monthly,,,,,,,,,,,26.21693992614746,50.57733154296875,,,,Shameer  Palathil,,PARTLY,,,,,https://www.propertyfinder.bh/en/plp/rent/compound-for-rent-capital-governorate-manama-segaya-55424778.html,2026-07-21T21:17:21.978520+00:00,2026-07-21T21:17:21.978520+00:00,0,2026-07-21T21:17:21.978520+00:00
2026-07-21,new,55424779,,,Apartment,BEST PRICE | Cozy Layout | INVESTMENT,,32000.0,,,BHD,sell,,,,,,,,,,,26.211111068725586,50.601112365722656,,,,Iqbal Mayoddin,,YES,completed,,,,https://www.propertyfinder.bh/en/plp/buy/apartment-for-sale-capital-governorate-al-juffair-55424779.html,2026-07-21T21:17:21.978520+00:00,2026-07-21T21:17:21.978520+00:00,0,2026-07-21T21:17:21.978520+00:00
2026-07-21,new,55424782,,,Shop,SHOP FOR RENT WITH MEZANINE - GREAT LOCATION,,520.0,,,BHD,monthly,,,,,,,,,,,26.16529655456543,50.552181243896484,,,,Joyace  Joy,,PARTLY,,,,,https://www.propertyfinder.bh/en/plp/commercial-rent/shop-for-rent-central-governorate-isa-town-55424782.html,2026-07-21T21:17:21.978520+00:00,2026-07-21T21:17:21.978520+00:00,0,2026-07-21T21:17:21.978520+00:00
2026-07-21,new,55424795,,,Apartment,VERY MODERN AND COZY | HIGH FLOOR | 2 BALCONIES,,350.0,,,BHD,monthly,,,,,,,,,,,26.211111068725586,50.601112365722656,,,,Moueen Charfi,,YES,,,,,https://www.propertyfinder.bh/en/plp/rent/apartment-for-rent-capital-governorate-al-juffair-55424795.html,2026-07-21T21:17:21.978520+00:00,2026-07-21T21:17:21.978520+00:00,0,2026-07-21T21:17:21.978520+00:00
2026-07-21,new,55424799,,,Apartment,Floating City View with Private Beach Access,,290.0,,,BHD,monthly,,,,,,,,Amwaj Avenue,,,26.29302978515625,50.66474151611328,,,,Iqbal Mayoddin,,PARTLY,,,,,https://www.propertyfinder.bh/en/plp/rent/apartment-for-rent-muharraq-governorate-amwaj-islands-amwaj-avenue-55424799.html,2026-07-21T21:17:21.978520+00:00,2026-07-21T21:17:21.978520+00:00,0,2026-07-21T21:17:21.978520+00:00
2026-07-21,new,55424800,,,Land,A LAND IN AKER BEST PLACE FOR SALE,,155000.0,,,BHD,sell,,,,,,,,,,,26.143688201904297,50.60297393798828,,,,Manar Jasim,,,,,,,https://www.propertyfinder.bh/en/plp/commercial-buy/land-for-sale-central-governorate-eker-55424800.html,2026-07-21T21:17:21.978520+00:00,2026-07-21T21:17:21.978520+00:00,0,2026-07-21T21:17:21.978520+00:00
2026-07-21,new,55424801,,,Villa,A SPECIAL DESIGN VILLA IN GREAT AREA 3 ROADS,,340000.0,,,BHD,sell,,,,,,,,,,,26.20975685119629,50.50579833984375,,,,Ali Amin,,YES,completed_primary,,,,https://www.propertyfinder.bh/en/plp/buy/villa-for-sale-northern-governorate-shakhura-55424801.html,2026-07-21T21:17:21.978520+00:00,2026-07-21T21:17:21.978520+00:00,0,2026-07-21T21:17:21.978520+00:00
2026-07-21,new,55424802,,,Land,A LAND FOR SALE IN GREAT  PLACE,,116956.0,,,BHD,sell,,,,,,,,,,,26.229394912719727,50.48070526123047,,,,Ali Amin,,,,,,,https://www.propertyfinder.bh/en/plp/buy/land-for-sale-northern-governorate-barbar-55424802.html,2026-07-21T21:17:21.978520+00:00,2026-07-21T21:17:21.978520+00:00,0,2026-07-21T21:17:21.978520+00:00
2026-07-21,new,55424803,,,Land,Investment Land In Hidd Area BD,,165000000.0,,,BHD,sell,,,,,,,,,,,26.21263313293457,50.67418670654297,,,,Sayed Hasan Alhulaibi,,,,,,,https://www.propertyfinder.bh/en/plp/commercial-buy/land-for-sale-muharraq-governorate-hidd-55424803.html,2026-07-21T21:17:21.978520+00:00,2026-07-21T21:17:21.978520+00:00,0,2026-07-21T21:17:21.978520+00:00
2026-07-21,new,55424804,,,Office Space,Investment Office for Sale in Seef,,99000.0,,,BHD,sell,,,,,,,,,,,26.239999771118164,50.5369987487793,,,,Talal Al Halal ,,NO,completed,,,,https://www.propertyfinder.bh/en/plp/commercial-buy/office-space-for-sale-capital-governorate-seef-55424804.html,2026-07-21T21:17:21.978520+00:00,2026-07-21T21:17:21.978520+00:00,0,2026-07-21T21:17:21.978520+00:00
2026-07-21,new,55424805,,,Land,A LAND IN BARBAR 2 ROADS FOR SALE,,151225.0,,,BHD,sell,,,,,,,,,,,26.229394912719727,50.48070526123047,,,,Ali Amin,,,,,,,https://www.propertyfinder.bh/en/plp/buy/land-for-sale-northern-governorate-barbar-55424805.html,2026-07-21T21:17:21.978520+00:00,2026-07-21T21:17:21.978520+00:00,0,2026-07-21T21:17:21.978520+00:00
2026-07-21,new,55424807,,,Villa,Brand New Wonderful Villa in Quiet Area- Arad,,155000.0,,,BHD,sell,,,,,,,,,,,26.25,50.650001525878906,,,,Sayed Hasan Alhulaibi,,NO,completed_primary,,,,https://www.propertyfinder.bh/en/plp/buy/villa-for-sale-muharraq-governorate-arad-55424807.html,2026-07-21T21:17:21.978520+00:00,2026-07-21T21:17:21.978520+00:00,0,2026-07-21T21:17:21.978520+00:00
2026-07-21,new,55424808,,,Apartment,2 BR Apartment with Private Gym and Jacuzzi,,110000.0,,,BHD,sell,,,,,,,,,,,26.241750717163086,50.5663948059082,,,,Basel Adel,,YES,completed,,,,https://www.propertyfinder.bh/en/plp/buy/apartment-for-sale-capital-governorate-reef-island-55424808.html,2026-07-21T21:17:21.978520+00:00,2026-07-21T21:17:21.978520+00:00,0,2026-07-21T21:17:21.978520+00:00
2026-07-21,new,55424809,,,Land,Prime Land for Sale in Al Diyar Al Muharraq,,86000.0,,,BHD,sell,,,,,,,,Diyar Al Muharraq,,,26.31142234802246,50.64306640625,,,,Basel Adel,,,,,,,https://www.propertyfinder.bh/en/plp/buy/land-for-sale-muharraq-governorate-diyar-al-muharraq-55424809.html,2026-07-21T21:17:21.978520+00:00,2026-07-21T21:17:21.978520+00:00,0,2026-07-21T21:17:21.978520+00:00
2026-07-21,new,55424810,,,Land,Residential Land for Sale in Al Hidd  RB,,85987.0,,,BHD,sell,,,,,,,,,,,26.21263313293457,50.67418670654297,,,,Ali Saleh,,,,,,,https://www.propertyfinder.bh/en/plp/buy/land-for-sale-muharraq-governorate-hidd-55424810.html,2026-07-21T21:17:21.978520+00:00,2026-07-21T21:17:21.978520+00:00,0,2026-07-21T21:17:21.978520+00:00
2026-07-21,new,55424841,,,Apartment,BRAND NEW/ 3BHK WITH GYM/PARTYHALL/GAMEROOM/ MY,,430.0,,,BHD,monthly,,,,,,,,Al Bahair,,,26.149368286132812,50.56598663330078,,,,Nayla Tabussam,,PARTLY,,,,,https://www.propertyfinder.bh/en/plp/rent/apartment-for-rent-southern-governorate-riffa-al-bahair-55424841.html,2026-07-21T21:17:21.978520+00:00,2026-07-21T21:17:21.978520+00:00,0,2026-07-21T21:17:21.978520+00:00
2026-07-21,new,55424844,,,Apartment,Affordable Semi-Furnished 2BR Apartment with EWA,,230.0,,,BHD,monthly,,,,,,,,,,,26.219327926635742,50.579288482666016,,,,Anu K H,,PARTLY,,,,,https://www.propertyfinder.bh/en/plp/rent/apartment-for-rent-capital-governorate-manama-salmaniya-55424844.html,2026-07-21T21:17:21.978520+00:00,2026-07-21T21:17:21.978520+00:00,0,2026-07-21T21:17:21.978520+00:00
2026-07-21,new,55424848,,,Apartment,Renovated | Seaview | Private Entrance | Beach,,350.0,,,BHD,monthly,,,,,,,,Al Marsa Floating City,,,26.2847957611084,50.669620513916016,,,,Tariq Al Alaiwat,,YES,,,,,https://www.propertyfinder.bh/en/plp/rent/apartment-for-rent-muharraq-governorate-amwaj-islands-al-marsa-floating-city-55424848.html,2026-07-21T21:17:21.978520+00:00,2026-07-21T21:17:21.978520+00:00,0,2026-07-21T21:17:21.978520+00:00
2026-07-21,new,55424860,,,Villa,TOP-LUXURY | PRIVATE POOL | ELEVATOR | SKY VILLA,,2050677.0,,,BHD,sell,,,,,,,,Bahrain Financial Harbour,,,26.23778533935547,50.57342529296875,,,,Loai Bitar,,PARTLY,completed_primary,,,,https://www.propertyfinder.bh/en/plp/buy/villa-for-sale-capital-governorate-manama-bahrain-financial-harbour-55424860.html,2026-07-21T21:17:21.978520+00:00,2026-07-21T21:17:21.978520+00:00,0,2026-07-21T21:17:21.978520+00:00
2026-07-21,new,55424872,,,Apartment,MODERN INTERIOR | PRIME LOCATION | LUXURIOUS 2BHK,,850.0,,,BHD,monthly,,,,,,,,,,,26.241750717163086,50.5663948059082,,,,Loai Bitar,,YES,,,,,https://www.propertyfinder.bh/en/plp/rent/apartment-for-rent-capital-governorate-reef-island-55424872.html,2026-07-21T21:17:21.978520+00:00,2026-07-21T21:17:21.978520+00:00,0,2026-07-21T21:17:21.978520+00:00
2026-07-21,new,55424875,,,Villa,PREMIUM 5BHK | SAAR | FAMILY VILLA,,350000.0,,,BHD,sell,,,,,,,,,,,26.20011329650879,50.46629333496094,,,,Loai Bitar,,PARTLY,completed_primary,,,,https://www.propertyfinder.bh/en/plp/buy/villa-for-sale-northern-governorate-al-qurayyah-55424875.html,2026-07-21T21:17:21.978520+00:00,2026-07-21T21:17:21.978520+00:00,0,2026-07-21T21:17:21.978520+00:00
2026-07-21,new,55424880,,,Apartment,2BHK | SEA VIEW | SMART HOME SYSTEM | BALCONY,,99000.0,,,BHD,sell,,,,,,,,,,,26.241750717163086,50.5663948059082,,,,Loai Bitar,,YES,completed_primary,,,,https://www.propertyfinder.bh/en/plp/buy/apartment-for-sale-capital-governorate-reef-island-55424880.html,2026-07-21T21:17:21.978520+00:00,2026-07-21T21:17:21.978520+00:00,0,2026-07-21T21:17:21.978520+00:00
2026-07-21,new,55424884,,,Apartment,MODERN 1BHK | SEA VIEW | PRIME LOCATION,,350.0,,,BHD,monthly,,,,,,,,Amwaj Marina,,,26.293058395385742,50.65943908691406,,,,Rolin Faouri,,YES,,,,,https://www.propertyfinder.bh/en/plp/rent/apartment-for-rent-muharraq-governorate-amwaj-islands-amwaj-marina-55424884.html,2026-07-21T21:17:21.978520+00:00,2026-07-21T21:17:21.978520+00:00,0,2026-07-21T21:17:21.978520+00:00
2026-07-21,new,55424885,,,Apartment,Cozy 2BR| Semi Furnished| Hot Deal | Prime Area**,,600.0,,,BHD,monthly,,,,,,,,,,,26.241750717163086,50.5663948059082,,,,Anna Berdysheva,,PARTLY,,,,,https://www.propertyfinder.bh/en/plp/rent/apartment-for-rent-capital-governorate-reef-island-55424885.html,2026-07-21T21:17:21.978520+00:00,2026-07-21T21:17:21.978520+00:00,0,2026-07-21T21:17:21.978520+00:00
2026-07-21,new,55424888,,,Apartment,BRAND NEW 2BHK WITH GYM/PARTYHALL/GAME ROOM/ MY,,300.0,,,BHD,monthly,,,,,,,,Al Bahair,,,26.149368286132812,50.56598663330078,,,,Nayla Tabussam,,PARTLY,,,,,https://www.propertyfinder.bh/en/plp/rent/apartment-for-rent-southern-governorate-riffa-al-bahair-55424888.html,2026-07-21T21:17:21.978520+00:00,2026-07-21T21:17:21.978520+00:00,0,2026-07-21T21:17:21.978520+00:00
2026-07-21,new,55424889,,,Apartment,BRAND NEW 1BHK | NEAR GULF UNIVERSITY | AFFORDABLE,,350.0,,,BHD,monthly,,,,,,,,,,,26.2102108001709,50.56403350830078,,,,Zuhair Tlili,,YES,,,,,https://www.propertyfinder.bh/en/plp/rent/apartment-for-rent-capital-governorate-manama-zinj-55424889.html,2026-07-21T21:17:21.978520+00:00,2026-07-21T21:17:21.978520+00:00,0,2026-07-21T21:17:21.978520+00:00
2026-07-21,new,55424891,,,Apartment,SEA VIEW | BALCONY | PREMIUM FACILITIES | 2BHK,,945.0,,,BHD,monthly,,,,,,,,,,,26.241750717163086,50.5663948059082,,,,Zuhair Tlili,,YES,,,,,https://www.propertyfinder.bh/en/plp/rent/apartment-for-rent-capital-governorate-reef-island-55424891.html,2026-07-21T21:17:21.978520+00:00,2026-07-21T21:17:21.978520+00:00,0,2026-07-21T21:17:21.978520+00:00
2026-07-21,new,55424894,,,Apartment,Bright 2BR Apartment | Amenities | Balcony,,56000.0,,,BHD,sell,,,,,,,,Amwaj Avenue,,,26.29302978515625,50.66474151611328,,,,SANAL KAKKAT,,YES,completed_primary,,,,https://www.propertyfinder.bh/en/plp/buy/apartment-for-sale-muharraq-governorate-amwaj-islands-amwaj-avenue-55424894.html,2026-07-21T21:17:21.978520+00:00,2026-07-21T21:17:21.978520+00:00,0,2026-07-21T21:17:21.978520+00:00
2026-07-21,new,55424895,,,Apartment,PANORAMIC VIEW | FREEHOLD | FLEXI PP | LIMITED!!,,95000.0,,,BHD,sell,,,,,,,,Canal View,,,26.273908615112305,50.67207336425781,,,,Rolin Faouri,,PARTLY,completed_primary,,,,https://www.propertyfinder.bh/en/plp/buy/apartment-for-sale-muharraq-governorate-dilmunia-island-canal-view-55424895.html,2026-07-21T21:17:21.978520+00:00,2026-07-21T21:17:21.978520+00:00,0,2026-07-21T21:17:21.978520+00:00
2026-07-21,new,55424896,,,Villa,Brand New Luxurious Villa With a Modern Design,,300000.0,,,BHD,sell,,,,,,,,,,,26.19164276123047,50.48757553100586,,,,Mahmood Al-Shaikh,,NO,completed_primary,,,,https://www.propertyfinder.bh/en/plp/buy/villa-for-sale-northern-governorate-saar-55424896.html,2026-07-21T21:17:21.978520+00:00,2026-07-21T21:17:21.978520+00:00,0,2026-07-21T21:17:21.978520+00:00
2026-07-21,new,55424903,,,Villa,SPACIOUS LUXURY 4BHK VILLA | LARGE LIVING SPACES,,147000.0,,,BHD,sell,,,,,,,,,,,26.20975685119629,50.50579833984375,,,,Loai Bitar,,PARTLY,completed_primary,,,,https://www.propertyfinder.bh/en/plp/buy/villa-for-sale-northern-governorate-shakhura-55424903.html,2026-07-21T21:17:21.978520+00:00,2026-07-21T21:17:21.978520+00:00,0,2026-07-21T21:17:21.978520+00:00
2026-07-21,new,55424905,,,Apartment,BRAND NEW 1BHK | GREAT LOCATION | HIGHEND FINISH,,300.0,,,BHD,monthly,,,,,,,,,,,26.239999771118164,50.5369987487793,,,,Zuhair Tlili,,YES,,,,,https://www.propertyfinder.bh/en/plp/rent/apartment-for-rent-capital-governorate-seef-55424905.html,2026-07-21T21:17:21.978520+00:00,2026-07-21T21:17:21.978520+00:00,0,2026-07-21T21:17:21.978520+00:00
2026-07-21,new,55424909,,,Villa,ELEGANT & SPACIOUS LIVING | JANABIYAH | 3BHK VILLA,,800.0,,,BHD,monthly,,,,,,,,,,,26.19164276123047,50.48757553100586,,,,Yumna Awad,,PARTLY,,,,,https://www.propertyfinder.bh/en/plp/rent/villa-for-rent-northern-governorate-saar-55424909.html,2026-07-21T21:17:21.978520+00:00,2026-07-21T21:17:21.978520+00:00,0,2026-07-21T21:17:21.978520+00:00
2026-07-21,new,55424918,,,Apartment,Beautiful Lagoon Views | Large Private Balcony,,600.0,,,BHD,monthly,,,,,,,,Amwaj Avenue,,,26.29302978515625,50.66474151611328,,,,Iqbal Mayoddin,,YES,,,,,https://www.propertyfinder.bh/en/plp/rent/apartment-for-rent-muharraq-governorate-amwaj-islands-amwaj-avenue-55424918.html,2026-07-21T21:17:21.978520+00:00,2026-07-21T21:17:21.978520+00:00,0,2026-07-21T21:17:21.978520+00:00
2026-07-21,new,55424922,,,Villa,Modern | Closed Kitchen | Garden | A’ali,,139000.0,,,BHD,sell,,,,,,,,,,,26.1634578704834,50.515289306640625,,,,Mohamed Abdali,,PARTLY,completed,,,,https://www.propertyfinder.bh/en/plp/buy/villa-for-sale-central-governorate-a-ali-55424922.html,2026-07-21T21:17:21.978520+00:00,2026-07-21T21:17:21.978520+00:00,0,2026-07-21T21:17:21.978520+00:00
2026-07-21,new,55424923,,,Apartment,Sea View| Fontana|High Floor|Special Price|1BHK,,380.0,,,BHD,monthly,,,,,,,,,,,26.211111068725586,50.601112365722656,,,,Hazeeth,,YES,,,,,https://www.propertyfinder.bh/en/plp/rent/apartment-for-rent-capital-governorate-al-juffair-55424923.html,2026-07-21T21:17:21.978520+00:00,2026-07-21T21:17:21.978520+00:00,0,2026-07-21T21:17:21.978520+00:00
2026-07-21,new,55424937,,,Villa,MODERN LIFESTYLE -BRAND NEW VILLA-FLEXIBLE PAYMENT,,740000.0,,,BHD,sell,,,,,,,,,,,26.241750717163086,50.5663948059082,,,,Alice Muthoni,,PARTLY,completed_primary,,,,https://www.propertyfinder.bh/en/plp/buy/villa-for-sale-capital-governorate-reef-island-55424937.html,2026-07-21T21:17:21.978520+00:00,2026-07-21T21:17:21.978520+00:00,0,2026-07-21T21:17:21.978520+00:00
2026-07-21,new,55424941,,,Land,Prime Residential Land for Sale in Aali - RB,,114873.0,,,BHD,sell,,,,,,,,,,,26.1634578704834,50.515289306640625,,,,Mohamed Khaled,,,,,,,https://www.propertyfinder.bh/en/plp/buy/land-for-sale-central-governorate-a-ali-55424941.html,2026-07-21T21:17:21.978520+00:00,2026-07-21T21:17:21.978520+00:00,0,2026-07-21T21:17:21.978520+00:00
2026-07-21,new,55424945,,,Shop,Shops for Rent in Prime Location in Dar kulaib,,220.0,,,BHD,monthly,,,,,,,,,,,26.06790542602539,50.50537109375,,,,Ayman Idrees,,PARTLY,,,,,https://www.propertyfinder.bh/en/plp/commercial-rent/shop-for-rent-northern-governorate-dar-kulaib-55424945.html,2026-07-21T21:17:21.978520+00:00,2026-07-21T21:17:21.978520+00:00,0,2026-07-21T21:17:21.978520+00:00
2026-07-21,new,55424955,,,Villa,Best sea side Amwaj Villa floating,,1350.0,,,BHD,monthly,,,,,,,,Al Marsa Floating City,,,26.2847957611084,50.669620513916016,,,,Yusuf Alsobaiei,,YES,,,,,https://www.propertyfinder.bh/en/plp/rent/villa-for-rent-muharraq-governorate-amwaj-islands-al-marsa-floating-city-55424955.html,2026-07-21T21:17:21.978520+00:00,2026-07-21T21:17:21.978520+00:00,0,2026-07-21T21:17:21.978520+00:00
2026-07-21,new,55424958,,,Land,Prime Residential Land in Hamad Town - RA,,185226.0,,,BHD,sell,,,,,,,,,,,26.12916374206543,50.49860763549805,,,,Mohamed Khaled,,,,,,,https://www.propertyfinder.bh/en/plp/buy/land-for-sale-northern-governorate-hamad-town-55424958.html,2026-07-21T21:17:21.978520+00:00,2026-07-21T21:17:21.978520+00:00,0,2026-07-21T21:17:21.978520+00:00
2026-07-21,new,55424962,,,Office Space,PREMIUM OFFICE | FULLY FURNISHED | ELEGANT LUXURY,,700.0,,,BHD,monthly,,,,,,,,Sanabis,,,26.226558685302734,50.5459098815918,,,,Loai Bitar,,YES,,,,,https://www.propertyfinder.bh/en/plp/commercial-rent/office-space-for-rent-capital-governorate-manama-sanabis-55424962.html,2026-07-21T21:17:21.978520+00:00,2026-07-21T21:17:21.978520+00:00,0,2026-07-21T21:17:21.978520+00:00
2026-07-21,new,55424966,,,Apartment,3BHK + MAIDS ROOM | SEA VIEW | HIGH-END LUXURY,,292806.0,,,BHD,sell,,,,,,,,Bahrain Financial Harbour,,,26.23778533935547,50.57342529296875,,,,Loai Bitar,,PARTLY,completed,,,,https://www.propertyfinder.bh/en/plp/buy/apartment-for-sale-capital-governorate-manama-bahrain-financial-harbour-55424966.html,2026-07-21T21:17:21.978520+00:00,2026-07-21T21:17:21.978520+00:00,0,2026-07-21T21:17:21.978520+00:00
2026-07-21,new,55424970,,,Apartment,GREAT DEAL | PRIME SEEF AREA | BALCONY | 2BHK,,400.0,,,BHD,monthly,,,,,,,,,,,26.239999771118164,50.5369987487793,,,,Loai Bitar,,YES,,,,,https://www.propertyfinder.bh/en/plp/rent/apartment-for-rent-capital-governorate-seef-55424970.html,2026-07-21T21:17:21.978520+00:00,2026-07-21T21:17:21.978520+00:00,0,2026-07-21T21:17:21.978520+00:00
2026-07-21,new,55424972,,,Land,Prime Residential Land for Sale in Al Hamala - RHA,,65229.0,,,BHD,sell,,,,,,,,,,,26.140336990356445,50.478271484375,,,,Mohamed Khaled,,,,,,,https://www.propertyfinder.bh/en/plp/buy/land-for-sale-northern-governorate-hamala-55424972.html,2026-07-21T21:17:21.978520+00:00,2026-07-21T21:17:21.978520+00:00,0,2026-07-21T21:17:21.978520+00:00
2026-07-21,new,55424976,,,Villa,PRIVATE POOL | DELUXE | WATERFRONT | PP AVAILABLE,,680000.0,,,BHD,sell,,,,,,,,,,,26.241750717163086,50.5663948059082,,,,Loai Bitar,,PARTLY,off_plan_primary,,,,https://www.propertyfinder.bh/en/plp/buy/villa-for-sale-capital-governorate-reef-island-55424976.html,2026-07-21T21:17:21.978520+00:00,2026-07-21T21:17:21.978520+00:00,0,2026-07-21T21:17:21.978520+00:00
2026-07-21,new,55424983,,,Apartment,YOUR DREAM HOME | LUXURY 3BR+MAID | TOP FACILITIES,,2000.0,,,BHD,monthly,,,,,,,,,,,26.249584197998047,50.580360412597656,,,,Loai Bitar,,YES,,,,,https://www.propertyfinder.bh/en/plp/rent/apartment-for-rent-capital-governorate-bahrain-bay-55424983.html,2026-07-21T21:17:21.978520+00:00,2026-07-21T21:17:21.978520+00:00,0,2026-07-21T21:17:21.978520+00:00
2026-07-21,new,55424990,,,Office Space,SPACIOUS/BRIGHT/ OFFICE SPACE AVAILABLE/PARKING/MY,,300.0,,,BHD,monthly,,,,,,,,Alhajiyat,,,26.128984451293945,50.58171463012695,,,,Nayla Tabussam,,PARTLY,,,,,https://www.propertyfinder.bh/en/plp/commercial-rent/office-space-for-rent-southern-governorate-riffa-alhajiyat-55424990.html,2026-07-21T21:17:21.978520+00:00,2026-07-21T21:17:21.978520+00:00,0,2026-07-21T21:17:21.978520+00:00
2026-07-21,new,55424991,,,Apartment,BRAND NEW 1BHK | AFFORDABLE | HOUSE KEEPING,,400.0,,,BHD,monthly,,,,,,,,,,,26.239999771118164,50.5369987487793,,,,Zuhair Tlili,,YES,,,,,https://www.propertyfinder.bh/en/plp/rent/apartment-for-rent-capital-governorate-seef-55424991.html,2026-07-21T21:17:21.978520+00:00,2026-07-21T21:17:21.978520+00:00,0,2026-07-21T21:17:21.978520+00:00
2026-07-21,new,55424994,,,Apartment,Very Attractive Deal | Seaview | Well Below Market,,94500.0,,,BHD,sell,,,,,,,,Canal View,,,26.273908615112305,50.67207336425781,,,,Tariq Al Alaiwat,,YES,completed,,,,https://www.propertyfinder.bh/en/plp/buy/apartment-for-sale-muharraq-governorate-dilmunia-island-canal-view-55424994.html,2026-07-21T21:17:21.978520+00:00,2026-07-21T21:17:21.978520+00:00,0,2026-07-21T21:17:21.978520+00:00
2026-07-21,new,55424995,,,Villa,ELEGANT 4BR VILLA WITH PRIVATE POOL,,850.0,,,BHD,monthly,,,,,,,,,,,26.19164276123047,50.48757553100586,,,,Oskar Laupsa,,PARTLY,,,,,https://www.propertyfinder.bh/en/plp/rent/villa-for-rent-northern-governorate-saar-55424995.html,2026-07-21T21:17:21.978520+00:00,2026-07-21T21:17:21.978520+00:00,0,2026-07-21T21:17:21.978520+00:00
2026-07-21,new,55424996,,,Apartment,FULLY RENOVATED | PRIME LOCATION | SPACIOUS 3BHK,,600.0,,,BHD,monthly,,,,,,,,,,,26.239999771118164,50.5369987487793,,,,Zuhair Tlili,,YES,,,,,https://www.propertyfinder.bh/en/plp/rent/apartment-for-rent-capital-governorate-seef-55424996.html,2026-07-21T21:17:21.978520+00:00,2026-07-21T21:17:21.978520+00:00,0,2026-07-21T21:17:21.978520+00:00
2026-07-21,new,55424998,,,Villa,NAVY APPROVED | PRIVATE POOL | ELEVATOR | 3BHK,,1380.0,,,BHD,monthly,,,,,,,,,,,26.266666412353516,50.650001525878906,,,,Loai Bitar,,YES,,,,,https://www.propertyfinder.bh/en/plp/rent/villa-for-rent-muharraq-governorate-galali-55424998.html,2026-07-21T21:17:21.978520+00:00,2026-07-21T21:17:21.978520+00:00,0,2026-07-21T21:17:21.978520+00:00
2026-07-21,new,55425013,,,Apartment,Internet | Beautiful Sea Views | Spacious,,600.0,,,BHD,monthly,,,,,,,,Canal View,,,26.273908615112305,50.67207336425781,,,,Tariq Al Alaiwat,,YES,,,,,https://www.propertyfinder.bh/en/plp/rent/apartment-for-rent-muharraq-governorate-dilmunia-island-canal-view-55425013.html,2026-07-21T21:17:21.978520+00:00,2026-07-21T21:17:21.978520+00:00,0,2026-07-21T21:17:21.978520+00:00
2026-07-21,new,55425014,,,Land,Prime | SP | Investment | Dilmunia,,228436.0,,,BHD,sell,,,,,,,,Essence of Dilmunia,,,26.27286720275879,50.672889709472656,,,,Fadhel Ahmed,,,,,,,https://www.propertyfinder.bh/en/plp/buy/land-for-sale-muharraq-governorate-dilmunia-island-essence-of-dilmunia-55425014.html,2026-07-21T21:17:21.978520+00:00,2026-07-21T21:17:21.978520+00:00,0,2026-07-21T21:17:21.978520+00:00
2026-07-21,new,55425032,,,Apartment,Luxury flat / Spacious / Swimming pool / Gym / 3BR,,460.0,,,BHD,monthly,,,,,,,,,,,26.2102108001709,50.56403350830078,,,,Arshad Thasim,,YES,,,,,https://www.propertyfinder.bh/en/plp/rent/apartment-for-rent-capital-governorate-manama-zinj-55425032.html,2026-07-21T21:17:21.978520+00:00,2026-07-21T21:17:21.978520+00:00,0,2026-07-21T21:17:21.978520+00:00
2026-07-21,new,55425033,,,Apartment,Spacious Apartments in a Central Location,,480.0,,,BHD,monthly,,,,,,,,,,,26.19164276123047,50.48757553100586,,,,Vikki Ann Lord,,YES,,,,,https://www.propertyfinder.bh/en/plp/rent/apartment-for-rent-northern-governorate-saar-55425033.html,2026-07-21T21:17:21.978520+00:00,2026-07-21T21:17:21.978520+00:00,0,2026-07-21T21:17:21.978520+00:00
2026-07-21,new,55425036,,,Villa,Spacious Family Villa in Lovely Compound,,680.0,,,BHD,monthly,,,,,,,,,,,26.185943603515625,50.46711349487305,,,,Vikki Ann Lord,,PARTLY,,,,,https://www.propertyfinder.bh/en/plp/rent/villa-for-rent-northern-governorate-janabiya-55425036.html,2026-07-21T21:17:21.978520+00:00,2026-07-21T21:17:21.978520+00:00,0,2026-07-21T21:17:21.978520+00:00
2026-07-21,new,55425043,,,Villa,BRAND NEW ● MODERN ● NEAR ST. CHRIS ● PRIVATE POOL,,1200.0,,,BHD,monthly,,,,,,,,,,,26.19164276123047,50.48757553100586,,,,Edna Maundu,,PARTLY,,,,,https://www.propertyfinder.bh/en/plp/rent/villa-for-rent-northern-governorate-saar-55425043.html,2026-07-21T21:17:21.978520+00:00,2026-07-21T21:17:21.978520+00:00,0,2026-07-21T21:17:21.978520+00:00
2026-07-21,new,55425049,,,Villa,Gated Compound with Four-Bedroom Villas in Hamala,,1200.0,,,BHD,monthly,,,,,,,,,,,26.140336990356445,50.478271484375,,,,Vikki Ann Lord,,PARTLY,,,,,https://www.propertyfinder.bh/en/plp/rent/villa-for-rent-northern-governorate-hamala-55425049.html,2026-07-21T21:17:21.978520+00:00,2026-07-21T21:17:21.978520+00:00,0,2026-07-21T21:17:21.978520+00:00
2026-07-21,new,55425052,,,Land,Spacious Land for Sale in Prime Location Janabiyah,,470000.0,,,BHD,sell,,,,,,,,,,,26.185943603515625,50.46711349487305,,,,Ali Almalek,,,,,,,https://www.propertyfinder.bh/en/plp/buy/land-for-sale-northern-governorate-janabiya-55425052.html,2026-07-21T21:17:21.978520+00:00,2026-07-21T21:17:21.978520+00:00,0,2026-07-21T21:17:21.978520+00:00
2026-07-21,new,55425056,,,Apartment,Saraya 2 boqowa,,350.0,,,BHD,monthly,,,,,,,,,,,26.202558517456055,50.519554138183594,,,,Mohamed Mirza,,PARTLY,,,,,https://www.propertyfinder.bh/en/plp/rent/apartment-for-rent-northern-governorate-bu-quwah-55425056.html,2026-07-21T21:17:21.978520+00:00,2026-07-21T21:17:21.978520+00:00,0,2026-07-21T21:17:21.978520+00:00
2026-07-21,new,55425065,,,Villa,Spacious Villa with Private Pool,,800.0,,,BHD,monthly,,,,,,,,,,,26.185943603515625,50.46711349487305,,,,Vikki Ann Lord,,PARTLY,,,,,https://www.propertyfinder.bh/en/plp/rent/villa-for-rent-northern-governorate-janabiya-55425065.html,2026-07-21T21:17:21.978520+00:00,2026-07-21T21:17:21.978520+00:00,0,2026-07-21T21:17:21.978520+00:00
2026-07-21,new,55425077,,,Villa,RENOVATED VILLA-GARDEN AREA-ONE STOREY-PRIME AREA,,525.0,,,BHD,monthly,,,,,,,,,,,26.21672821044922,50.55367660522461,,,,Alice Muthoni,,NO,,,,,https://www.propertyfinder.bh/en/plp/rent/villa-for-rent-capital-governorate-manama-al-burhama-55425077.html,2026-07-21T21:17:21.978520+00:00,2026-07-21T21:17:21.978520+00:00,0,2026-07-21T21:17:21.978520+00:00
2026-07-21,new,55425080,,,Apartment,NAVY APPROVED -PRIVATE POOL-HOUSEKEEPING SERVICE,,1600.0,,,BHD,monthly,,,,,,,,,,,26.211111068725586,50.601112365722656,,,,Alice Muthoni,,YES,,,,,https://www.propertyfinder.bh/en/plp/rent/apartment-for-rent-capital-governorate-al-juffair-55425080.html,2026-07-21T21:17:21.978520+00:00,2026-07-21T21:17:21.978520+00:00,0,2026-07-21T21:17:21.978520+00:00
2026-07-21,new,55425081,,,Apartment,Comfortable Apartment for Rent in Janabiya,,300.0,,,BHD,monthly,,,,,,,,,,,26.185943603515625,50.46711349487305,,,,Dafina Muca,,YES,,,,,https://www.propertyfinder.bh/en/plp/rent/apartment-for-rent-northern-governorate-janabiya-55425081.html,2026-07-21T21:17:21.978520+00:00,2026-07-21T21:17:21.978520+00:00,0,2026-07-21T21:17:21.978520+00:00
2026-07-21,new,55425082,,,Apartment,Elegant Living on Exclusive Reef Island,,1100.0,,,BHD,monthly,,,,,,,,,,,26.241750717163086,50.5663948059082,,,,Vikki Ann Lord,,YES,,,,,https://www.propertyfinder.bh/en/plp/rent/apartment-for-rent-capital-governorate-reef-island-55425082.html,2026-07-21T21:17:21.978520+00:00,2026-07-21T21:17:21.978520+00:00,0,2026-07-21T21:17:21.978520+00:00
2026-07-21,new,55425083,,,Apartment,Apartment for rent in Riffa Al Hajyat,,150.0,,,BHD,monthly,,,,,,,,Alhajiyat,,,26.128984451293945,50.58171463012695,,,,Deewania estate agency,,NO,,,,,https://www.propertyfinder.bh/en/plp/rent/apartment-for-rent-southern-governorate-riffa-alhajiyat-55425083.html,2026-07-21T21:17:21.978520+00:00,2026-07-21T21:17:21.978520+00:00,0,2026-07-21T21:17:21.978520+00:00
2026-07-21,new,55425088,,,Apartment,Bright spacious luxury apt in great area,,500.0,,,BHD,monthly,,,,,,,,,,,26.185943603515625,50.46711349487305,,,,Vikki Ann Lord,,YES,,,,,https://www.propertyfinder.bh/en/plp/rent/apartment-for-rent-northern-governorate-janabiya-55425088.html,2026-07-21T21:17:21.978520+00:00,2026-07-21T21:17:21.978520+00:00,0,2026-07-21T21:17:21.978520+00:00
2026-07-21,new,55425091,,,Apartment,SPACIOUS 2BHK | HUGE BALCONY | PRIME LOCATION,,480.0,,,BHD,monthly,,,,,,,,Sanabis,,,26.226558685302734,50.5459098815918,,,,Zuhair Tlili,,PARTLY,,,,,https://www.propertyfinder.bh/en/plp/rent/apartment-for-rent-capital-governorate-manama-sanabis-55425091.html,2026-07-21T21:17:21.978520+00:00,2026-07-21T21:17:21.978520+00:00,0,2026-07-21T21:17:21.978520+00:00
2026-07-21,new,55425094,,,Apartment,BEST IN SEEF | DELUXE 3BHK + 1| 5-STAR FACILITIES,,1200.0,,,BHD,monthly,,,,,,,,,,,26.239999771118164,50.5369987487793,,,,Zuhair Tlili,,YES,,,,,https://www.propertyfinder.bh/en/plp/rent/apartment-for-rent-capital-governorate-seef-55425094.html,2026-07-21T21:17:21.978520+00:00,2026-07-21T21:17:21.978520+00:00,0,2026-07-21T21:17:21.978520+00:00
2026-07-21,new,55425095,,,Villa,MODERN 4BHK VILLA | SPACIOUS | SADAD,,180000.0,,,BHD,sell,,,,,,,,,,,26.08335304260254,50.48234558105469,,,,Yumna Awad,,NO,completed_primary,,,,https://www.propertyfinder.bh/en/plp/buy/villa-for-sale-northern-governorate-sadad-55425095.html,2026-07-21T21:17:21.978520+00:00,2026-07-21T21:17:21.978520+00:00,0,2026-07-21T21:17:21.978520+00:00
2026-07-21,new,55425096,,,Land,Prime | Residential | SP | Diyar Al Muharraq,,89000.0,,,BHD,sell,,,,,,,,Diyar Al Muharraq,Al Thurya villa Diyar Al Muharraq,,26.307880401611328,50.631385803222656,,,,Husian Aqeel,,,,,,,https://www.propertyfinder.bh/en/plp/buy/land-for-sale-muharraq-governorate-diyar-al-muharraq-al-thurya-villa-diyar-al-muharraq-55425096.html,2026-07-21T21:17:21.978520+00:00,2026-07-21T21:17:21.978520+00:00,0,2026-07-21T21:17:21.978520+00:00
2026-07-21,new,55425097,,,Villa,LUXURY 6BHK VILLA | 601 SQM | PRIME RIFFA,,150000.0,,,BHD,sell,,,,,,,,,,,26.130512237548828,50.55546569824219,,,,Yumna Awad,,PARTLY,completed,,,,https://www.propertyfinder.bh/en/plp/buy/villa-for-sale-southern-governorate-riffa-55425097.html,2026-07-21T21:17:21.978520+00:00,2026-07-21T21:17:21.978520+00:00,0,2026-07-21T21:17:21.978520+00:00
2026-07-21,new,55425100,,,Apartment,NOT FOR FAMILY rent flat in East Riffa,,110.0,,,BHD,monthly,,,,,,,,Riffa Al Sharqi,,,26.1162166595459,50.57211685180664,,,,Deewania estate agency,,NO,,,,,https://www.propertyfinder.bh/en/plp/rent/apartment-for-rent-southern-governorate-riffa-riffa-al-sharqi-55425100.html,2026-07-21T21:17:21.978520+00:00,2026-07-21T21:17:21.978520+00:00,0,2026-07-21T21:17:21.978520+00:00
2026-07-21,new,55425102,,,Villa,MODERN 4BHK VILLA | BRAND NEW LUXURY | 2 KITCHENS,,195000.0,,,BHD,sell,,,,,,,,,,,26.213165283203125,50.447471618652344,,,,Loai Bitar,,YES,completed_primary,,,,https://www.propertyfinder.bh/en/plp/buy/villa-for-sale-northern-governorate-budaiya-55425102.html,2026-07-21T21:17:21.978520+00:00,2026-07-21T21:17:21.978520+00:00,0,2026-07-21T21:17:21.978520+00:00
2026-07-21,new,55425114,,,Villa,LOWEST PRICE!! | SPACIOUS 4BHK | BRIGHT and MODERN,,450.0,,,BHD,monthly,,,,,,,,,,,26.220962524414062,50.46446990966797,,,,Loai Bitar,,PARTLY,,,,,https://www.propertyfinder.bh/en/plp/rent/villa-for-rent-northern-governorate-diraz-55425114.html,2026-07-21T21:17:21.978520+00:00,2026-07-21T21:17:21.978520+00:00,0,2026-07-21T21:17:21.978520+00:00
2026-07-21,new,55425116,,,Villa,4 BR Corner Villa | Brand New | Diyar Al Muharraq,,147000.0,,,BHD,sell,,,,,,,,Diyar Al Muharraq,Al Sidra,,26.31142234802246,50.64306640625,,,,Beshoy Milad,,PARTLY,completed_primary,,,,https://www.propertyfinder.bh/en/plp/buy/villa-for-sale-muharraq-governorate-diyar-al-muharraq-al-sidra-55425116.html,2026-07-21T21:17:21.978520+00:00,2026-07-21T21:17:21.978520+00:00,0,2026-07-21T21:17:21.978520+00:00
2026-07-21,new,55425118,,,Apartment,NAVY APPROVED | WATER PARK | 2BHK+MAIDS | BALCONY,,750.0,,,BHD,monthly,,,,,,,,Essence of Dilmunia,,,26.27286720275879,50.672889709472656,,,,Rolin Faouri,,YES,,,,,https://www.propertyfinder.bh/en/plp/rent/apartment-for-rent-muharraq-governorate-dilmunia-island-essence-of-dilmunia-55425118.html,2026-07-21T21:17:21.978520+00:00,2026-07-21T21:17:21.978520+00:00,0,2026-07-21T21:17:21.978520+00:00
2026-07-21,new,55425119,,,Villa,Corner Villa | Huge Garden | Ideal Family Home,,194000.0,,,BHD,sell,,,,,,,,Diyar Al Muharraq,Al Sidra,,26.31142234802246,50.64306640625,,,,Beshoy Milad,,PARTLY,completed_primary,,,,https://www.propertyfinder.bh/en/plp/buy/villa-for-sale-muharraq-governorate-diyar-al-muharraq-al-sidra-55425119.html,2026-07-21T21:17:21.978520+00:00,2026-07-21T21:17:21.978520+00:00,0,2026-07-21T21:17:21.978520+00:00
2026-07-21,new,55425123,,,Apartment,ELEGANTLY FURNISHED 2BHK | GREAT FACILITIES | SALE,,68000.0,,,BHD,sell,,,,,,,,,,,26.19164276123047,50.48757553100586,,,,Irina Matvievici,,YES,completed,,,,https://www.propertyfinder.bh/en/plp/buy/apartment-for-sale-northern-governorate-saar-55425123.html,2026-07-21T21:17:21.978520+00:00,2026-07-21T21:17:21.978520+00:00,0,2026-07-21T21:17:21.978520+00:00
2026-07-21,new,55425137,,,Office Space,sea view | Semi furnished | near the highway,,240.0,,,BHD,monthly,,,,,,,,,,,26.21263313293457,50.67418670654297,,,,AHMED ALI ,,PARTLY,,,,,https://www.propertyfinder.bh/en/plp/commercial-rent/office-space-for-rent-muharraq-governorate-hidd-55425137.html,2026-07-21T21:17:21.978520+00:00,2026-07-21T21:17:21.978520+00:00,0,2026-07-21T21:17:21.978520+00:00
2026-07-21,new,55425139,,,Villa,HOT DEAL!!! | 2 VILLAS FOR THE PRICE OF ONE!!,,150000.0,,,BHD,sell,,,,,,,,West Riffa,,,26.123153686523438,50.54193878173828,,,,Yumna Awad,,NO,completed_primary,,,,https://www.propertyfinder.bh/en/plp/buy/villa-for-sale-southern-governorate-riffa-west-riffa-55425139.html,2026-07-21T21:17:21.978520+00:00,2026-07-21T21:17:21.978520+00:00,0,2026-07-21T21:17:21.978520+00:00
2026-07-21,new,55425140,,,Apartment,Spacious Partial Sea View 3 bedroom in Mahooz !!,,550.0,,,BHD,monthly,,,,,,,,,,,26.207910537719727,50.587345123291016,,,,Anil Kunnikal,,YES,,,,,https://www.propertyfinder.bh/en/plp/rent/apartment-for-rent-capital-governorate-manama-mahooz-55425140.html,2026-07-21T21:17:21.978520+00:00,2026-07-21T21:17:21.978520+00:00,0,2026-07-21T21:17:21.978520+00:00
2026-07-21,new,55425144,,,Apartment,TASTEFULLY FURNISHED | READY to MOVE IN | 2BHK,,400.0,,,BHD,monthly,,,,,,,,,,,26.1314754486084,50.568843841552734,,,,Yumna Awad,,YES,,,,,https://www.propertyfinder.bh/en/plp/rent/apartment-for-rent-southern-governorate-riffa-bu-kowarah-55425144.html,2026-07-21T21:17:21.978520+00:00,2026-07-21T21:17:21.978520+00:00,0,2026-07-21T21:17:21.978520+00:00
2026-07-21,new,55425154,,,Villa,BRAND NEW 5BR | PRIME LOCATION | SPACIOUS | MODERN,,139000.0,,,BHD,sell,,,,,,,,,,,26.27199935913086,50.60900115966797,,,,Zuhair Tlili,,NO,completed_primary,,,,https://www.propertyfinder.bh/en/plp/buy/villa-for-sale-muharraq-governorate-busaiteen-55425154.html,2026-07-21T21:17:21.978520+00:00,2026-07-21T21:17:21.978520+00:00,0,2026-07-21T21:17:21.978520+00:00
2026-07-21,new,55425157,,,Penthouse,BRAND NEW | PENTHOUSE | CLOSED KITCHEN | SPACIOUS,,750.0,,,BHD,monthly,,,,,,,,,,,26.239999771118164,50.5369987487793,,,,Zuhair Tlili,,YES,,,,,https://www.propertyfinder.bh/en/plp/rent/penthouse-for-rent-capital-governorate-seef-55425157.html,2026-07-21T21:17:21.978520+00:00,2026-07-21T21:17:21.978520+00:00,0,2026-07-21T21:17:21.978520+00:00
2026-07-21,new,55425159,,,Apartment,Unlimited Electricity | Spacious I House Keeping,,325.0,,,BHD,monthly,,,,,,,,,,,26.207910537719727,50.587345123291016,,,,Antony Shaiju,,YES,,,,,https://www.propertyfinder.bh/en/plp/rent/apartment-for-rent-capital-governorate-manama-mahooz-55425159.html,2026-07-21T21:17:21.978520+00:00,2026-07-21T21:17:21.978520+00:00,0,2026-07-21T21:17:21.978520+00:00
2026-07-21,new,55425161,,,Villa,ELEGANT |  SPACIOUS | 5 BHK | EXQUISITE 3 LEVEL,,131500.0,,,BHD,sell,,,,,,,,,,,26.19164276123047,50.48757553100586,,,,Loai Bitar,,NO,completed,,,,https://www.propertyfinder.bh/en/plp/buy/villa-for-sale-northern-governorate-saar-55425161.html,2026-07-21T21:17:21.978520+00:00,2026-07-21T21:17:21.978520+00:00,0,2026-07-21T21:17:21.978520+00:00
2026-07-21,new,55425163,,,Apartment,MODERN 3BHK | READY TO MOVE IN | SPACIOUS,,400.0,,,BHD,monthly,,,,,,,,,,,26.20975685119629,50.50579833984375,,,,Loai Bitar,,YES,,,,,https://www.propertyfinder.bh/en/plp/rent/apartment-for-rent-northern-governorate-shakhura-55425163.html,2026-07-21T21:17:21.978520+00:00,2026-07-21T21:17:21.978520+00:00,0,2026-07-21T21:17:21.978520+00:00
2026-07-21,new,55425170,,,Villa,STANDALONE | 4BHK VILLA | PRIVATE POOL | SPACIOUS,,160000.0,,,BHD,sell,,,,,,,,,,,26.21263313293457,50.67418670654297,,,,Zuhair Tlili,,PARTLY,completed,,,,https://www.propertyfinder.bh/en/plp/buy/villa-for-sale-muharraq-governorate-hidd-55425170.html,2026-07-21T21:17:21.978520+00:00,2026-07-21T21:17:21.978520+00:00,0,2026-07-21T21:17:21.978520+00:00
2026-07-21,new,55425174,,,Villa,Modernly Furnished Villa | Private Garden and Pool,,1700.0,,,BHD,monthly,,,,,,,,,,,26.140336990356445,50.478271484375,,,,Antony Shaiju,,YES,,,,,https://www.propertyfinder.bh/en/plp/rent/villa-for-rent-northern-governorate-hamala-55425174.html,2026-07-21T21:17:21.978520+00:00,2026-07-21T21:17:21.978520+00:00,0,2026-07-21T21:17:21.978520+00:00
2026-07-21,new,55425175,,,Apartment,READY 1BHK APARTMENT | MARASSI,,99888.0,,,BHD,sell,,,,,,,,Diyar Al Muharraq,,,26.303447723388672,50.6461296081543,,,,Loai Bitar,,PARTLY,completed_primary,,,,https://www.propertyfinder.bh/en/plp/buy/apartment-for-sale-muharraq-governorate-diyar-al-muharraq-marassi-al-bahrain-55425175.html,2026-07-21T21:17:21.978520+00:00,2026-07-21T21:17:21.978520+00:00,0,2026-07-21T21:17:21.978520+00:00
2026-07-21,new,55425176,,,Apartment,Family building | facilities | big layout,,52500.0,,,BHD,sell,,,,,,,,,,,26.211111068725586,50.601112365722656,,,,AHMED ALI ,,YES,completed,,,,https://www.propertyfinder.bh/en/plp/buy/apartment-for-sale-capital-governorate-al-juffair-55425176.html,2026-07-21T21:17:21.978520+00:00,2026-07-21T21:17:21.978520+00:00,0,2026-07-21T21:17:21.978520+00:00
2026-07-21,new,55425180,,,Apartment,4 BR Furnished Apartment with large terrace,,580.0,,,BHD,monthly,,,,,,,,,,,26.185943603515625,50.46711349487305,,,,Vikki Ann Lord,,YES,,,,,https://www.propertyfinder.bh/en/plp/rent/apartment-for-rent-northern-governorate-janabiya-55425180.html,2026-07-21T21:17:21.978520+00:00,2026-07-21T21:17:21.978520+00:00,0,2026-07-21T21:17:21.978520+00:00
2026-07-21,new,55425181,,,Apartment,LUXURY 2BHK | MARASSI | PRIME LOCATION,,137888.0,,,BHD,sell,,,,,,,,Diyar Al Muharraq,,,26.303447723388672,50.6461296081543,,,,Loai Bitar,,PARTLY,completed_primary,,,,https://www.propertyfinder.bh/en/plp/buy/apartment-for-sale-muharraq-governorate-diyar-al-muharraq-marassi-al-bahrain-55425181.html,2026-07-21T21:17:21.978520+00:00,2026-07-21T21:17:21.978520+00:00,0,2026-07-21T21:17:21.978520+00:00
2026-07-21,new,55425182,,,Apartment,Newly furnished | Inclusive | House Keeping |wifi,,400.0,,,BHD,monthly,,,,,,,,,,,26.211111068725586,50.601112365722656,,,,Antony Shaiju,,YES,,,,,https://www.propertyfinder.bh/en/plp/rent/apartment-for-rent-capital-governorate-al-juffair-55425182.html,2026-07-21T21:17:21.978520+00:00,2026-07-21T21:17:21.978520+00:00,0,2026-07-21T21:17:21.978520+00:00
2026-07-21,new,55425185,,,Apartment,BRAND NEW 3BHK | TERRACES | MARASSI,,249888.0,,,BHD,sell,,,,,,,,Diyar Al Muharraq,,,26.303447723388672,50.6461296081543,,,,Loai Bitar,,PARTLY,completed_primary,,,,https://www.propertyfinder.bh/en/plp/buy/apartment-for-sale-muharraq-governorate-diyar-al-muharraq-marassi-al-bahrain-55425185.html,2026-07-21T21:17:21.978520+00:00,2026-07-21T21:17:21.978520+00:00,0,2026-07-21T21:17:21.978520+00:00
2026-07-21,new,55425186,,,Apartment,Best Price | Good income | family building,,350.0,,,BHD,monthly,,,,,,,,,,,26.211111068725586,50.601112365722656,,,,AHMED ALI ,,YES,,,,,https://www.propertyfinder.bh/en/plp/rent/apartment-for-rent-capital-governorate-al-juffair-55425186.html,2026-07-21T21:17:21.978520+00:00,2026-07-21T21:17:21.978520+00:00,0,2026-07-21T21:17:21.978520+00:00
2026-07-21,new,55425188,,,Villa,SPACIOUS 4BHK VILLA | SAAR | MAID ROOM | POOL,,1100.0,,,BHD,monthly,,,,,,,,,,,26.19164276123047,50.48757553100586,,,,Loai Bitar,,PARTLY,,,,,https://www.propertyfinder.bh/en/plp/rent/villa-for-rent-northern-governorate-saar-55425188.html,2026-07-21T21:17:21.978520+00:00,2026-07-21T21:17:21.978520+00:00,0,2026-07-21T21:17:21.978520+00:00
2026-07-21,new,55425203,,,Apartment,Gym | pool | Free internet | near mall,,330.0,,,BHD,monthly,,,,,,,,,,,26.211111068725586,50.601112365722656,,,,AHMED ALI ,,YES,,,,,https://www.propertyfinder.bh/en/plp/rent/apartment-for-rent-capital-governorate-al-juffair-55425203.html,2026-07-21T21:17:21.978520+00:00,2026-07-21T21:17:21.978520+00:00,0,2026-07-21T21:17:21.978520+00:00
2026-07-21,new,55425204,,,Apartment,Brand new | semi furnished | inclusive | balcony,,320.0,,,BHD,monthly,,,,,,,,,,,26.21672821044922,50.55367660522461,,,,AHMED ALI ,,PARTLY,,,,,https://www.propertyfinder.bh/en/plp/rent/apartment-for-rent-capital-governorate-manama-al-burhama-55425204.html,2026-07-21T21:17:21.978520+00:00,2026-07-21T21:17:21.978520+00:00,0,2026-07-21T21:17:21.978520+00:00
2026-07-21,new,55425205,,,Apartment,Water Front - Modern-Balcony-Kids Play Area -Pool,,57000.0,,,BHD,sell,,,,,,,,,,,26.211111068725586,50.601112365722656,,,,Saiful Shamim,,YES,completed,,,,https://www.propertyfinder.bh/en/plp/buy/apartment-for-sale-capital-governorate-al-juffair-55425205.html,2026-07-21T21:17:21.978520+00:00,2026-07-21T21:17:21.978520+00:00,0,2026-07-21T21:17:21.978520+00:00
2026-07-21,new,55425207,,,Apartment,Amazing open view full glass &balcony with natural,,380.0,,,BHD,monthly,,,,,,,,,,,26.288480758666992,50.66381072998047,,,,Maria,,YES,,,,,https://www.propertyfinder.bh/en/plp/rent/apartment-for-rent-muharraq-governorate-amwaj-islands-55425207.html,2026-07-21T21:17:21.978520+00:00,2026-07-21T21:17:21.978520+00:00,0,2026-07-21T21:17:21.978520+00:00
2026-07-21,new,55425208,,,Apartment,Stylish apartment building with pool and gym,,650.0,,,BHD,monthly,,,,,,,,,,,26.185943603515625,50.46711349487305,,,,Vikki Ann Lord,,YES,,,,,https://www.propertyfinder.bh/en/plp/rent/apartment-for-rent-northern-governorate-janabiya-55425208.html,2026-07-21T21:17:21.978520+00:00,2026-07-21T21:17:21.978520+00:00,0,2026-07-21T21:17:21.978520+00:00
2026-07-21,new,55425209,,,Apartment,Ground floor | 2 master rooms | behind Alhelli m,,250.0,,,BHD,monthly,,,,,,,,,,,26.19164276123047,50.48757553100586,,,,AHMED ALI ,,PARTLY,,,,,https://www.propertyfinder.bh/en/plp/rent/apartment-for-rent-northern-governorate-saar-55425209.html,2026-07-21T21:17:21.978520+00:00,2026-07-21T21:17:21.978520+00:00,0,2026-07-21T21:17:21.978520+00:00
2026-07-21,new,55425210,,,Apartment,Fully Furnished 1-BR | Gym Pool Lift | Maintenance,,300.0,,,BHD,monthly,,,,,,,,,,,26.21672821044922,50.55367660522461,,,,Saika Rukanaldin,,YES,,,,,https://www.propertyfinder.bh/en/plp/rent/apartment-for-rent-capital-governorate-manama-al-burhama-55425210.html,2026-07-21T21:17:21.978520+00:00,2026-07-21T21:17:21.978520+00:00,0,2026-07-21T21:17:21.978520+00:00
2026-07-21,new,55425215,,,Apartment,Unique Luxuries presented By Rotana,,145000.0,,,BHD,sell,,,,,,,,,,,26.249584197998047,50.580360412597656,,,,Maher Alimadi,,YES,completed,,,,https://www.propertyfinder.bh/en/plp/buy/apartment-for-sale-capital-governorate-bahrain-bay-55425215.html,2026-07-21T21:17:21.978520+00:00,2026-07-21T21:17:21.978520+00:00,0,2026-07-21T21:17:21.978520+00:00
2026-07-21,new,55425216,,,Apartment,quite location | parking | behind alhelli market,,375.0,,,BHD,monthly,,,,,,,,,,,26.20975685119629,50.50579833984375,,,,AHMED ALI ,,PARTLY,,,,,https://www.propertyfinder.bh/en/plp/rent/apartment-for-rent-northern-governorate-shakhura-55425216.html,2026-07-21T21:17:21.978520+00:00,2026-07-21T21:17:21.978520+00:00,0,2026-07-21T21:17:21.978520+00:00
2026-07-21,new,55425217,,,Villa,Premium 5 BR Villa | Swimming Pool | 526 SQM,,240000.0,,,BHD,sell,,,,,,,,Saraya 2,,,26.19185447692871,50.509178161621094,,,,Sr Pegasus Agent Dridi,,PARTLY,completed,,,,https://www.propertyfinder.bh/en/plp/buy/villa-for-sale-northern-governorate-bu-quwah-saraya-2-55425217.html,2026-07-21T21:17:21.978520+00:00,2026-07-21T21:17:21.978520+00:00,0,2026-07-21T21:17:21.978520+00:00
2026-07-21,new,55425219,,,Apartment,Duplex Bright City View Balcony,,70000.0,,,BHD,sell,,,,,,,,,,,26.211111068725586,50.601112365722656,,,,Maher Alimadi,,YES,completed,,,,https://www.propertyfinder.bh/en/plp/buy/apartment-for-sale-capital-governorate-al-juffair-55425219.html,2026-07-21T21:17:21.978520+00:00,2026-07-21T21:17:21.978520+00:00,0,2026-07-21T21:17:21.978520+00:00
2026-07-21,new,55425221,,,Apartment,Fantastic facilities | amazing balcony | Sea view,,300.0,,,BHD,monthly,,,,,,,,,,,26.211111068725586,50.601112365722656,,,,AHMED ALI ,,YES,,,,,https://www.propertyfinder.bh/en/plp/rent/apartment-for-rent-capital-governorate-al-juffair-55425221.html,2026-07-21T21:17:21.978520+00:00,2026-07-21T21:17:21.978520+00:00,0,2026-07-21T21:17:21.978520+00:00
2026-07-21,new,55425223,,,Apartment,Premium 3 Bedrooms Sea View + Maids Room,,150000.0,,,BHD,sell,,,,,,,,,,,26.211111068725586,50.601112365722656,,,,Maher Alimadi,,YES,completed,,,,https://www.propertyfinder.bh/en/plp/buy/apartment-for-sale-capital-governorate-al-juffair-55425223.html,2026-07-21T21:17:21.978520+00:00,2026-07-21T21:17:21.978520+00:00,0,2026-07-21T21:17:21.978520+00:00
2026-07-21,new,55425225,,,Villa,Brand new | 3 stories | 5 rooms + maids'room,,128000.0,,,BHD,sell,,,,,,,,,,,26.27199935913086,50.60900115966797,,,,AHMED ALI ,,NO,completed_primary,,,,https://www.propertyfinder.bh/en/plp/buy/villa-for-sale-muharraq-governorate-busaiteen-55425225.html,2026-07-21T21:17:21.978520+00:00,2026-07-21T21:17:21.978520+00:00,0,2026-07-21T21:17:21.978520+00:00
2026-07-21,new,55425229,,,Apartment,Infinity Tower A Top floors Balcony Sea View,,130000.0,,,BHD,sell,,,,,,,,,,,26.211111068725586,50.601112365722656,,,,Maher Alimadi,,YES,completed,,,,https://www.propertyfinder.bh/en/plp/buy/apartment-for-sale-capital-governorate-al-juffair-55425229.html,2026-07-21T21:17:21.978520+00:00,2026-07-21T21:17:21.978520+00:00,0,2026-07-21T21:17:21.978520+00:00
2026-07-21,new,55425230,,,Apartment,Beautiful studio/Affordable/For Rent/Ready to Move,,250.0,,,BHD,monthly,,,,,,,,Sanabis,,,26.226558685302734,50.5459098815918,,,,Dafina Muca,,YES,,,,,https://www.propertyfinder.bh/en/plp/rent/apartment-for-rent-capital-governorate-manama-sanabis-55425230.html,2026-07-21T21:17:21.978520+00:00,2026-07-21T21:17:21.978520+00:00,0,2026-07-21T21:17:21.978520+00:00
2026-07-21,new,55425241,,,Villa,Brand new | 3 stories | 5 rooms + maids'room,,950.0,,,BHD,monthly,,,,,,,,,,,26.27199935913086,50.60900115966797,,,,AHMED ALI ,,YES,,,,,https://www.propertyfinder.bh/en/plp/rent/villa-for-rent-muharraq-governorate-busaiteen-55425241.html,2026-07-21T21:17:21.978520+00:00,2026-07-21T21:17:21.978520+00:00,0,2026-07-21T21:17:21.978520+00:00
2026-07-21,new,55425243,,,Apartment,Spacious| Bright| Prime Location| Inclusive| Lift,,300.0,,,BHD,monthly,,,,,,,,,,,26.239999771118164,50.5369987487793,,,,Nayla Tabussam,,YES,,,,,https://www.propertyfinder.bh/en/plp/rent/apartment-for-rent-capital-governorate-seef-55425243.html,2026-07-21T21:17:21.978520+00:00,2026-07-21T21:17:21.978520+00:00,0,2026-07-21T21:17:21.978520+00:00
2026-07-21,new,55425244,,,Villa,Brand new | 3 stories | 5 rooms + maids'room,,128000.0,,,BHD,sell,,,,,,,,,,,26.27199935913086,50.60900115966797,,,,AHMED ALI ,,NO,completed_primary,,,,https://www.propertyfinder.bh/en/plp/buy/villa-for-sale-muharraq-governorate-busaiteen-55425244.html,2026-07-21T21:17:21.978520+00:00,2026-07-21T21:17:21.978520+00:00,0,2026-07-21T21:17:21.978520+00:00
2026-07-21,new,55425245,,,Apartment,Family tower | good opportunity to stay or invest,,57000.0,,,BHD,sell,,,,,,,,,,,26.211111068725586,50.601112365722656,,,,AHMED ALI ,,YES,completed,,,,https://www.propertyfinder.bh/en/plp/buy/apartment-for-sale-capital-governorate-al-juffair-55425245.html,2026-07-21T21:17:21.978520+00:00,2026-07-21T21:17:21.978520+00:00,0,2026-07-21T21:17:21.978520+00:00
2026-07-21,new,55425246,,,Apartment,Extremely Large Bright Modern Prime Location,,67000.0,,,BHD,sell,,,,,,,,,,,26.211111068725586,50.601112365722656,,,,Maher Alimadi,,YES,completed,,,,https://www.propertyfinder.bh/en/plp/buy/apartment-for-sale-capital-governorate-al-juffair-55425246.html,2026-07-21T21:17:21.978520+00:00,2026-07-21T21:17:21.978520+00:00,0,2026-07-21T21:17:21.978520+00:00
2026-07-21,new,55425247,,,Apartment,Sea View 2BHK | Gym Pool | Balcony | Free WiFi,,380.0,,,BHD,monthly,,,,,,,,Amwaj Marina,,,26.293058395385742,50.65943908691406,,,,Muhammad Usman,,YES,,,,,https://www.propertyfinder.bh/en/plp/rent/apartment-for-rent-muharraq-governorate-amwaj-islands-amwaj-marina-55425247.html,2026-07-21T21:17:21.978520+00:00,2026-07-21T21:17:21.978520+00:00,0,2026-07-21T21:17:21.978520+00:00
2026-07-21,new,55425248,,,Apartment,Partial Sea Views | Hot Deal | Title Deed Ready,,79869.0,,,BHD,sell,,,,,,,,Bahrain Financial Harbour,,,26.23778533935547,50.57342529296875,,,,Adeel Ajaz,,PARTLY,completed,,,,https://www.propertyfinder.bh/en/plp/buy/apartment-for-sale-capital-governorate-manama-bahrain-financial-harbour-55425248.html,2026-07-21T21:17:21.978520+00:00,2026-07-21T21:17:21.978520+00:00,0,2026-07-21T21:17:21.978520+00:00
2026-07-21,new,55425252,,,Apartment,Cozy&Modern flat for rent/ Janabiyah/Ready to Move,,350.0,,,BHD,monthly,,,,,,,,,,,26.185943603515625,50.46711349487305,,,,Dafina Muca,,YES,,,,,https://www.propertyfinder.bh/en/plp/rent/apartment-for-rent-northern-governorate-janabiya-55425252.html,2026-07-21T21:17:21.978520+00:00,2026-07-21T21:17:21.978520+00:00,0,2026-07-21T21:17:21.978520+00:00
2026-07-21,new,55425253,,,Apartment,Fontana Infinity A Top Floor Full Sea View,,69000.0,,,BHD,sell,,,,,,,,,,,26.211111068725586,50.601112365722656,,,,Maher Alimadi,,YES,completed,,,,https://www.propertyfinder.bh/en/plp/buy/apartment-for-sale-capital-governorate-al-juffair-55425253.html,2026-07-21T21:17:21.978520+00:00,2026-07-21T21:17:21.978520+00:00,0,2026-07-21T21:17:21.978520+00:00
2026-07-21,new,55425255,,,Apartment,Elegant 1 BR FF Apartment with Balcony,,300.0,,,BHD,monthly,,,,,,,,The Lagoon,,,26.287778854370117,50.66339111328125,,,,Muhammad Jahengir Akram,,YES,,,,,https://www.propertyfinder.bh/en/plp/rent/apartment-for-rent-muharraq-governorate-amwaj-islands-the-lagoon-55425255.html,2026-07-21T21:17:21.978520+00:00,2026-07-21T21:17:21.978520+00:00,0,2026-07-21T21:17:21.978520+00:00
2026-07-21,new,55425256,,,Land,Prime | Residential | RA | Tubli,,111515.0,,,BHD,sell,,,,,,,,,,,26.188888549804688,50.54999923706055,,,,Sadeq Habib,,,,,,,https://www.propertyfinder.bh/en/plp/buy/land-for-sale-central-governorate-tubli-55425256.html,2026-07-21T21:17:21.978520+00:00,2026-07-21T21:17:21.978520+00:00,0,2026-07-21T21:17:21.978520+00:00
2026-07-21,new,55425263,,,Apartment,MODERN┃ 3 BALCONYS┃ CPR┃ BRIGHT┃ HS KEEPING┃SAFE,,350.0,,,BHD,monthly,,,,,,,,,,,26.211111068725586,50.601112365722656,,,,Sahebaz Makki,,YES,,,,,https://www.propertyfinder.bh/en/plp/rent/apartment-for-rent-capital-governorate-al-juffair-55425263.html,2026-07-21T21:17:21.978520+00:00,2026-07-21T21:17:21.978520+00:00,0,2026-07-21T21:17:21.978520+00:00
2026-07-21,new,55425264,,,Apartment,MODERN 2BHK | LAGOON | PRIME LOCATION,,600.0,,,BHD,monthly,,,,,,,,The Lagoon,,,26.287778854370117,50.66339111328125,,,,Rolin Faouri,,YES,,,,,https://www.propertyfinder.bh/en/plp/rent/apartment-for-rent-muharraq-governorate-amwaj-islands-the-lagoon-55425264.html,2026-07-21T21:17:21.978520+00:00,2026-07-21T21:17:21.978520+00:00,0,2026-07-21T21:17:21.978520+00:00
2026-07-21,new,55425266,,,Office Space,SHELL & CORE OFFICE | BFH | HUGE SPACE,,5000.0,,,BHD,monthly,,,,,,,,Bahrain Financial Harbour,,,26.23778533935547,50.57342529296875,,,,Loai Bitar,,NO,,,,,https://www.propertyfinder.bh/en/plp/commercial-rent/office-space-for-rent-capital-governorate-manama-bahrain-financial-harbour-55425266.html,2026-07-21T21:17:21.978520+00:00,2026-07-21T21:17:21.978520+00:00,0,2026-07-21T21:17:21.978520+00:00
2026-07-21,new,55425283,,,Apartment,MODERN┃CLOSE KITCHEN┃BALCONY┃UNLIMITED EWA┃HSKEPG,,500.0,,,BHD,monthly,,,,,,,,,,,26.211111068725586,50.601112365722656,,,,Sahebaz Makki,,YES,,,,,https://www.propertyfinder.bh/en/plp/rent/apartment-for-rent-capital-governorate-al-juffair-55425283.html,2026-07-21T21:17:21.978520+00:00,2026-07-21T21:17:21.978520+00:00,0,2026-07-21T21:17:21.978520+00:00
2026-07-21,new,55425285,,,Apartment,MODERN 3BHK | MAID ROOM | BEACH ACCESS,,650.0,,,BHD,monthly,,,,,,,,Diyar Al Muharraq,Marassi Boulevard,,26.303447723388672,50.6461296081543,,,,Rolin Faouri,,YES,,,,,https://www.propertyfinder.bh/en/plp/rent/apartment-for-rent-muharraq-governorate-diyar-al-muharraq-marassi-boulevard-55425285.html,2026-07-21T21:17:21.978520+00:00,2026-07-21T21:17:21.978520+00:00,0,2026-07-21T21:17:21.978520+00:00
2026-07-21,new,55425294,,,Villa,3BR SPACIOUS VILLA | JIDD HAFS | EWA INCLUSIVE,,550.0,,,BHD,monthly,,,,,,,,,,,26.21967315673828,50.53300476074219,,,,Sr Pegasus Agent Dridi,,PARTLY,,,,,https://www.propertyfinder.bh/en/plp/rent/villa-for-rent-northern-governorate-jidhafs-55425294.html,2026-07-21T21:17:21.978520+00:00,2026-07-21T21:17:21.978520+00:00,0,2026-07-21T21:17:21.978520+00:00
2026-07-21,new,55425295,,,Apartment,Inclusive | Balcony | available semi | services,,200.0,,,BHD,monthly,,,,,,,,,,,26.21263313293457,50.67418670654297,,,,AHMED ALI ,,PARTLY,,,,,https://www.propertyfinder.bh/en/plp/rent/apartment-for-rent-muharraq-governorate-hidd-55425295.html,2026-07-21T21:17:21.978520+00:00,2026-07-21T21:17:21.978520+00:00,0,2026-07-21T21:17:21.978520+00:00
2026-07-21,new,55425296,,,Apartment,near Saar mall | ground floor | closed kitchen,,390.0,,,BHD,monthly,,,,,,,,,,,26.19164276123047,50.48757553100586,,,,AHMED ALI ,,PARTLY,,,,,https://www.propertyfinder.bh/en/plp/rent/apartment-for-rent-northern-governorate-saar-55425296.html,2026-07-21T21:17:21.978520+00:00,2026-07-21T21:17:21.978520+00:00,0,2026-07-21T21:17:21.978520+00:00
2026-07-21,new,55425297,,,Apartment,BRAND NEW l BEACH ACCESS l AZAMING SEA VIEW,,800.0,,,BHD,monthly,,,,,,,,Diyar Al Muharraq,,,26.303447723388672,50.6461296081543,,,,Wilfred Pagalan,,YES,,,,,https://www.propertyfinder.bh/en/plp/rent/apartment-for-rent-muharraq-governorate-diyar-al-muharraq-marassi-al-bahrain-55425297.html,2026-07-21T21:17:21.978520+00:00,2026-07-21T21:17:21.978520+00:00,0,2026-07-21T21:17:21.978520+00:00
2026-07-21,new,55425298,,,Duplex,Sea View / Duplex /2 Balconies /WIFI /Housekeeping,,650.0,,,BHD,monthly,,,,,,,,Amwaj Marina,,,26.293058395385742,50.65943908691406,,,,Muhammad Jahengir Akram,,YES,,,,,https://www.propertyfinder.bh/en/plp/rent/duplex-for-rent-muharraq-governorate-amwaj-islands-amwaj-marina-55425298.html,2026-07-21T21:17:21.978520+00:00,2026-07-21T21:17:21.978520+00:00,0,2026-07-21T21:17:21.978520+00:00
2026-07-21,new,55425299,,,Apartment,inclusive | fully furnished | near saar mall,,240.0,,,BHD,monthly,,,,,,,,,,,26.19164276123047,50.48757553100586,,,,AHMED ALI ,,YES,,,,,https://www.propertyfinder.bh/en/plp/rent/apartment-for-rent-northern-governorate-saar-55425299.html,2026-07-21T21:17:21.978520+00:00,2026-07-21T21:17:21.978520+00:00,0,2026-07-21T21:17:21.978520+00:00
2026-07-21,new,55425302,,,Apartment,2BR Apartment for rent in Riffa - Al-Hujiyat,,160.0,,,BHD,monthly,,,,,,,,Alhajiyat,,,26.128984451293945,50.58171463012695,,,,Yahya Zainal,,NO,,,,,https://www.propertyfinder.bh/en/plp/rent/apartment-for-rent-southern-governorate-riffa-alhajiyat-55425302.html,2026-07-21T21:17:21.978520+00:00,2026-07-21T21:17:21.978520+00:00,0,2026-07-21T21:17:21.978520+00:00
2026-07-21,new,55425303,,,Villa,Brand New Villa | Closed to All Facilities,,224000.0,,,BHD,sell,,,,,,,,Saraya 2,,,26.19185447692871,50.509178161621094,,,,Mahmood Al-Shaikh,,NO,completed_primary,,,,https://www.propertyfinder.bh/en/plp/buy/villa-for-sale-northern-governorate-bu-quwah-saraya-2-55425303.html,2026-07-21T21:17:21.978520+00:00,2026-07-21T21:17:21.978520+00:00,0,2026-07-21T21:17:21.978520+00:00
2026-07-21,new,55425304,,,Apartment,Maid Room | Balcony | near the highway,,330.0,,,BHD,monthly,,,,,,,,,,,26.21263313293457,50.67418670654297,,,,AHMED ALI ,,YES,,,,,https://www.propertyfinder.bh/en/plp/rent/apartment-for-rent-muharraq-governorate-hidd-55425304.html,2026-07-21T21:17:21.978520+00:00,2026-07-21T21:17:21.978520+00:00,0,2026-07-21T21:17:21.978520+00:00
2026-07-21,new,55425305,,,Apartment,Spacious | Inclusive| Parking|Gas&Electric options,,300.0,,,BHD,monthly,,,,,,,,,,,26.219327926635742,50.579288482666016,,,,Nayla Tabussam,,YES,,,,,https://www.propertyfinder.bh/en/plp/rent/apartment-for-rent-capital-governorate-manama-salmaniya-55425305.html,2026-07-21T21:17:21.978520+00:00,2026-07-21T21:17:21.978520+00:00,0,2026-07-21T21:17:21.978520+00:00
2026-07-21,new,55425310,,,Villa,2 stories | spacious | near the sea | modern,,165000.0,,,BHD,sell,,,,,,,,,,,26.25,50.650001525878906,,,,AHMED ALI ,,PARTLY,completed,,,,https://www.propertyfinder.bh/en/plp/buy/villa-for-sale-muharraq-governorate-arad-55425310.html,2026-07-21T21:17:21.978520+00:00,2026-07-21T21:17:21.978520+00:00,0,2026-07-21T21:17:21.978520+00:00
2026-07-21,new,55425311,,,Apartment,Deluxe 3-Bedrooms | Sea View | Super Spacious.,,250000.0,,,BHD,sell,,,,,,,,,,,26.241750717163086,50.5663948059082,,,,Ahmad Hassan,,YES,completed,,,,https://www.propertyfinder.bh/en/plp/buy/apartment-for-sale-capital-governorate-reef-island-55425311.html,2026-07-21T21:17:21.978520+00:00,2026-07-21T21:17:21.978520+00:00,0,2026-07-21T21:17:21.978520+00:00
2026-07-21,new,55425312,,,Apartment,Luxury Apatrment in seef|Spacious|Prime Location|,,425.0,,,BHD,monthly,,,,,,,,,,,26.239999771118164,50.5369987487793,,,,Nayla Tabussam,,YES,,,,,https://www.propertyfinder.bh/en/plp/rent/apartment-for-rent-capital-governorate-seef-55425312.html,2026-07-21T21:17:21.978520+00:00,2026-07-21T21:17:21.978520+00:00,0,2026-07-21T21:17:21.978520+00:00
2026-07-21,new,55425326,,,Villa,A unique villa in Riffa with 6 bedrooms,,155.0,,,BHD,sell,,,,,,,,Alhajiyat,,,26.128984451293945,50.58171463012695,,,,Ahmed Saleh,,NO,completed,,,,https://www.propertyfinder.bh/en/plp/buy/villa-for-sale-southern-governorate-riffa-alhajiyat-55425326.html,2026-07-21T21:17:21.978520+00:00,2026-07-21T21:17:21.978520+00:00,0,2026-07-21T21:17:21.978520+00:00
2026-07-21,new,55425330,,,Apartment,MODERN 2BHK | PRIME LOCATION | BIG LAYOUT,,400.0,,,BHD,monthly,,,,,,,,Amwaj Avenue,,,26.29302978515625,50.66474151611328,,,,Rolin Faouri,,YES,,,,,https://www.propertyfinder.bh/en/plp/rent/apartment-for-rent-muharraq-governorate-amwaj-islands-amwaj-avenue-55425330.html,2026-07-21T21:17:21.978520+00:00,2026-07-21T21:17:21.978520+00:00,0,2026-07-21T21:17:21.978520+00:00
2026-07-21,new,55425331,,,Land,SPECIAL VILLA FOR SALE IN QUITE PLACE,,167900.0,,,BHD,sell,,,,,,,,,,,26.20975685119629,50.50579833984375,,,,Ali Khudhair,,,,,,,https://www.propertyfinder.bh/en/plp/buy/land-for-sale-northern-governorate-shakhura-55425331.html,2026-07-21T21:17:21.978520+00:00,2026-07-21T21:17:21.978520+00:00,0,2026-07-21T21:17:21.978520+00:00
2026-07-21,new,55425332,,,Apartment,Spacious | Prime Location | Excellent ROI,,81000.0,,,BHD,sell,,,,,,,,Sanabis,,,26.226558685302734,50.5459098815918,,,,Abubakar Abdulghafar,,YES,completed,,,,https://www.propertyfinder.bh/en/plp/buy/apartment-for-sale-capital-governorate-manama-sanabis-55425332.html,2026-07-21T21:17:21.978520+00:00,2026-07-21T21:17:21.978520+00:00,0,2026-07-21T21:17:21.978520+00:00
2026-07-21,new,55425345,,,Apartment,MODERN 3BHK | MAID ROOM | SEA VIEW,,450.0,,,BHD,monthly,,,,,,,,Amwaj Avenue,,,26.29302978515625,50.66474151611328,,,,Rolin Faouri,,YES,,,,,https://www.propertyfinder.bh/en/plp/rent/apartment-for-rent-muharraq-governorate-amwaj-islands-amwaj-avenue-55425345.html,2026-07-21T21:17:21.978520+00:00,2026-07-21T21:17:21.978520+00:00,0,2026-07-21T21:17:21.978520+00:00
2026-07-21,new,55425346,,,Apartment,HS. KEEPING │ GAS COOK │ CLOSEKITCHEN/SPLIT AC/NEW,,350.0,,,BHD,monthly,,,,,,,,,,,26.207910537719727,50.587345123291016,,,,Sahebaz Makki,,YES,,,,,https://www.propertyfinder.bh/en/plp/rent/apartment-for-rent-capital-governorate-manama-mahooz-55425346.html,2026-07-21T21:17:21.978520+00:00,2026-07-21T21:17:21.978520+00:00,0,2026-07-21T21:17:21.978520+00:00
2026-07-21,new,55425349,,,Apartment,MODERN 2BHK | SEA VIEW | BALCONY,,480.0,,,BHD,monthly,,,,,,,,Amwaj Avenue,,,26.29302978515625,50.66474151611328,,,,Rolin Faouri,,YES,,,,,https://www.propertyfinder.bh/en/plp/rent/apartment-for-rent-muharraq-governorate-amwaj-islands-amwaj-avenue-55425349.html,2026-07-21T21:17:21.978520+00:00,2026-07-21T21:17:21.978520+00:00,0,2026-07-21T21:17:21.978520+00:00
2026-07-21,new,55425350,,,Apartment,Brand new | Balcony | inclusive,,300.0,,,BHD,monthly,,,,,,,,,,,26.185943603515625,50.46711349487305,,,,AHMED ALI ,,YES,,,,,https://www.propertyfinder.bh/en/plp/rent/apartment-for-rent-northern-governorate-janabiya-55425350.html,2026-07-21T21:17:21.978520+00:00,2026-07-21T21:17:21.978520+00:00,0,2026-07-21T21:17:21.978520+00:00
2026-07-21,new,55425352,,,Land,For sale land in Hamala,,88000.0,,,BHD,sell,,,,,,,,,,,26.140336990356445,50.478271484375,,,,Jaafar Hasan,,,,,,,https://www.propertyfinder.bh/en/plp/buy/land-for-sale-northern-governorate-hamala-55425352.html,2026-07-21T21:17:21.978520+00:00,2026-07-21T21:17:21.978520+00:00,0,2026-07-21T21:17:21.978520+00:00
2026-07-21,new,55425353,,,Apartment,MODERN 2BHK | SEA VIEW | PRIME LOCATION,,350.0,,,BHD,monthly,,,,,,,,Amwaj Marina,,,26.293058395385742,50.65943908691406,,,,Rolin Faouri,,YES,,,,,https://www.propertyfinder.bh/en/plp/rent/apartment-for-rent-muharraq-governorate-amwaj-islands-amwaj-marina-55425353.html,2026-07-21T21:17:21.978520+00:00,2026-07-21T21:17:21.978520+00:00,0,2026-07-21T21:17:21.978520+00:00
2026-07-21,new,55425354,,,Villa,SPECIAL VILLA FOR SALE IN QUITE PLACE,,245000.0,,,BHD,sell,,,,,,,,,,,26.1314754486084,50.568843841552734,,,,Ali Khudhair,,PARTLY,completed_primary,,,,https://www.propertyfinder.bh/en/plp/buy/villa-for-sale-southern-governorate-riffa-bu-kowarah-55425354.html,2026-07-21T21:17:21.978520+00:00,2026-07-21T21:17:21.978520+00:00,0,2026-07-21T21:17:21.978520+00:00
2026-07-21,new,55425356,,,Apartment,FURNISHED 1BHK | GREAT INVESTMENT | ELEGANT LIVING,,72000.0,,,BHD,sell,,,,,,,,Canal View,,,26.273908615112305,50.67207336425781,,,,Zuhair Tlili,,YES,completed_primary,,,,https://www.propertyfinder.bh/en/plp/buy/apartment-for-sale-muharraq-governorate-dilmunia-island-canal-view-55425356.html,2026-07-21T21:17:21.978520+00:00,2026-07-21T21:17:21.978520+00:00,0,2026-07-21T21:17:21.978520+00:00
2026-07-21,new,55425360,,,Apartment,1 BHK | COZY | HIGH-FACILITIES | FULLY FURNISHED,,400.0,,,BHD,monthly,,,,,,,,,,,26.239999771118164,50.5369987487793,,,,Loai Bitar,,YES,,,,,https://www.propertyfinder.bh/en/plp/rent/apartment-for-rent-capital-governorate-seef-55425360.html,2026-07-21T21:17:21.978520+00:00,2026-07-21T21:17:21.978520+00:00,0,2026-07-21T21:17:21.978520+00:00
2026-07-21,new,55425361,,,Villa,Brand new villa with 3 master-rooms,,200000.0,,,BHD,sell,,,,,,,,,,,26.19164276123047,50.48757553100586,,,,Eman Asad,,NO,completed_primary,,,,https://www.propertyfinder.bh/en/plp/buy/villa-for-sale-northern-governorate-saar-55425361.html,2026-07-21T21:17:21.978520+00:00,2026-07-21T21:17:21.978520+00:00,0,2026-07-21T21:17:21.978520+00:00
2026-07-21,new,55425362,,,Villa,Spacious Villa | Terrace | Facilities | Water Park,,1300.0,,,BHD,monthly,,,,,,,,,,,26.203079223632812,50.594947814941406,,,,Christyl Lebosada,,PARTLY,,,,,https://www.propertyfinder.bh/en/plp/rent/villa-for-rent-capital-governorate-manama-um-al-hasam-55425362.html,2026-07-21T21:17:21.978520+00:00,2026-07-21T21:17:21.978520+00:00,0,2026-07-21T21:17:21.978520+00:00
2026-07-21,new,55425364,,,Apartment,Comfortable 2 Bedroom Apartment  Marassi Boulevard,,400.0,,,BHD,monthly,,,,,,,,Diyar Al Muharraq,Marassi Boulevard,,26.303447723388672,50.6461296081543,,,,Abbas  Altaraifi,,YES,,,,,https://www.propertyfinder.bh/en/plp/rent/apartment-for-rent-muharraq-governorate-diyar-al-muharraq-marassi-boulevard-55425364.html,2026-07-21T21:17:21.978520+00:00,2026-07-21T21:17:21.978520+00:00,0,2026-07-21T21:17:21.978520+00:00
2026-07-21,new,55425365,,,Apartment,Lounge | 24hr Security | Laundry Closet | Modern,,650.0,,,BHD,monthly,,,,,,,,,,,26.214487075805664,50.584754943847656,,,,Christyl Lebosada,,YES,,,,,https://www.propertyfinder.bh/en/plp/rent/apartment-for-rent-capital-governorate-manama-adliya-55425365.html,2026-07-21T21:17:21.978520+00:00,2026-07-21T21:17:21.978520+00:00,0,2026-07-21T21:17:21.978520+00:00
2026-07-21,new,55425366,,,Land,RESIDENTIAL LAND FOR SALE IN AL RAMLI,,68500.0,,,BHD,sell,,,,,,,,,,,26.1634578704834,50.515289306640625,,,,Eman Asad,,,,,,,https://www.propertyfinder.bh/en/plp/buy/land-for-sale-central-governorate-a-ali-55425366.html,2026-07-21T21:17:21.978520+00:00,2026-07-21T21:17:21.978520+00:00,0,2026-07-21T21:17:21.978520+00:00
2026-07-21,new,55425367,,,Apartment,Brand new | Balcony  | inclusive | near delmoniya,,230.0,,,BHD,monthly,,,,,,,,,,,26.21263313293457,50.67418670654297,,,,AHMED ALI ,,YES,,,,,https://www.propertyfinder.bh/en/plp/rent/apartment-for-rent-muharraq-governorate-hidd-55425367.html,2026-07-21T21:17:21.978520+00:00,2026-07-21T21:17:21.978520+00:00,0,2026-07-21T21:17:21.978520+00:00
2026-07-21,new,55425369,,,Apartment,Penthouse | Terrace | Spacious | 24hr Security,,400.0,,,BHD,monthly,,,,,,,,,,,26.214487075805664,50.584754943847656,,,,Christyl Lebosada,,YES,,,,,https://www.propertyfinder.bh/en/plp/rent/apartment-for-rent-capital-governorate-manama-adliya-55425369.html,2026-07-21T21:17:21.978520+00:00,2026-07-21T21:17:21.978520+00:00,0,2026-07-21T21:17:21.978520+00:00
2026-07-21,new,55425371,,,Apartment,Ultra-Modern 3 Bedroom | Huge Balcony  | Hot Deal*,,119000.0,,,BHD,sell,,,,,,,,,,,26.241750717163086,50.5663948059082,,,,Anna Berdysheva,,PARTLY,completed,,,,https://www.propertyfinder.bh/en/plp/buy/apartment-for-sale-capital-governorate-reef-island-55425371.html,2026-07-21T21:17:21.978520+00:00,2026-07-21T21:17:21.978520+00:00,0,2026-07-21T21:17:21.978520+00:00
2026-07-21,new,55425372,,,Whole Building,9-Floor Whole Building with 71 Parking Slots,,6500000.0,,,BHD,sell,,,,,,,,,,,26.239999771118164,50.5369987487793,,,,Hasan Aljeshi,,PARTLY,completed,,,,https://www.propertyfinder.bh/en/plp/commercial-buy/whole-building-for-sale-capital-governorate-seef-55425372.html,2026-07-21T21:17:21.978520+00:00,2026-07-21T21:17:21.978520+00:00,0,2026-07-21T21:17:21.978520+00:00
2026-07-21,new,55425373,,,Land,SPECIAL VILLA FOR SALE IN QUITE PLACE,,236000.0,,,BHD,sell,,,,,,,,,,,26.21320915222168,50.512962341308594,,,,Ali Khudhair,,,,,,,https://www.propertyfinder.bh/en/plp/commercial-buy/land-for-sale-northern-governorate-al-hajar-55425373.html,2026-07-21T21:17:21.978520+00:00,2026-07-21T21:17:21.978520+00:00,0,2026-07-21T21:17:21.978520+00:00
2026-07-21,new,55425374,,,Land,890 Sqft Land Plot for Mixed-Use Development,,190000.0,,,BHD,sell,,,,,,,,,,,26.08335304260254,50.48234558105469,,,,Hasan Aljeshi,,,,,,,https://www.propertyfinder.bh/en/plp/buy/land-for-sale-northern-governorate-sadad-55425374.html,2026-07-21T21:17:21.978520+00:00,2026-07-21T21:17:21.978520+00:00,0,2026-07-21T21:17:21.978520+00:00
2026-07-21,new,55425375,,,Villa,SPECIAL VILLA FOR SALE IN QUITE PLACE,,215000.0,,,BHD,sell,,,,,,,,,,,26.25,50.650001525878906,,,,Ali Khudhair,,YES,completed,,,,https://www.propertyfinder.bh/en/plp/buy/villa-for-sale-muharraq-governorate-arad-55425375.html,2026-07-21T21:17:21.978520+00:00,2026-07-21T21:17:21.978520+00:00,0,2026-07-21T21:17:21.978520+00:00
2026-07-21,new,55425384,,,Villa,SPECIAL VILLA FOR SALE IN QUITE PLACE,,145000.0,,,BHD,sell,,,,,,,,,,,26.266666412353516,50.650001525878906,,,,Ali Khudhair,,PARTLY,completed_primary,,,,https://www.propertyfinder.bh/en/plp/buy/villa-for-sale-muharraq-governorate-galali-55425384.html,2026-07-21T21:17:21.978520+00:00,2026-07-21T21:17:21.978520+00:00,0,2026-07-21T21:17:21.978520+00:00
2026-07-21,new,55425386,,,Apartment,Brand  New 2 Bedroom Ready to move in/Janabiya,,375.0,,,BHD,monthly,,,,,,,,,,,26.185943603515625,50.46711349487305,,,,Dafina Muca,,YES,,,,,https://www.propertyfinder.bh/en/plp/rent/apartment-for-rent-northern-governorate-janabiya-55425386.html,2026-07-21T21:17:21.978520+00:00,2026-07-21T21:17:21.978520+00:00,0,2026-07-21T21:17:21.978520+00:00
2026-07-21,new,55425387,,,Land,PREMIUM SP PLOT | GREAT INVESTMENT | BEST VALUE,,241000.0,,,BHD,sell,,,,,,,,Diyar Al Muharraq,,,26.31142234802246,50.64306640625,,,,Zuhair Tlili,,,,,,,https://www.propertyfinder.bh/en/plp/buy/land-for-sale-muharraq-governorate-diyar-al-muharraq-55425387.html,2026-07-21T21:17:21.978520+00:00,2026-07-21T21:17:21.978520+00:00,0,2026-07-21T21:17:21.978520+00:00
2026-07-21,new,55425394,,,Apartment,ELEGANT 2 BHK | LARGE BALCONY | SEA VIEW,,500.0,,,BHD,monthly,,,,,,,,Diyar Al Muharraq,,,26.303447723388672,50.6461296081543,,,,Zuhair Tlili,,YES,,,,,https://www.propertyfinder.bh/en/plp/rent/apartment-for-rent-muharraq-governorate-diyar-al-muharraq-marassi-al-bahrain-55425394.html,2026-07-21T21:17:21.978520+00:00,2026-07-21T21:17:21.978520+00:00,0,2026-07-21T21:17:21.978520+00:00
2026-07-21,new,55425396,,,Apartment,SEA + CANAL VIEW | LUXURIOUS | POOL | GYM | SPORTS,,500.0,,,BHD,monthly,,,,,,,,Canal View,,,26.273908615112305,50.67207336425781,,,,Fadi Eweida,,YES,,,,,https://www.propertyfinder.bh/en/plp/rent/apartment-for-rent-muharraq-governorate-dilmunia-island-canal-view-55425396.html,2026-07-21T21:17:21.978520+00:00,2026-07-21T21:17:21.978520+00:00,0,2026-07-21T21:17:21.978520+00:00
2026-07-21,new,55425397,,,Apartment,MAKE IT YOURS | 2 WASHROOMS | POOL | GYM | MARKET,,300.0,,,BHD,monthly,,,,,,,,The Lagoon,,,26.287778854370117,50.66339111328125,,,,Fadi Eweida,,PARTLY,,,,,https://www.propertyfinder.bh/en/plp/rent/apartment-for-rent-muharraq-governorate-amwaj-islands-the-lagoon-55425397.html,2026-07-21T21:17:21.978520+00:00,2026-07-21T21:17:21.978520+00:00,0,2026-07-21T21:17:21.978520+00:00
2026-07-21,new,55425398,,,Apartment,PRIVATE BEACH | LARGE BALCONY | POOL | GYM | GATED,,800.0,,,BHD,monthly,,,,,,,,Tala Island,,,26.300025939941406,50.66316223144531,,,,Fadi Eweida,,PARTLY,,,,,https://www.propertyfinder.bh/en/plp/rent/apartment-for-rent-muharraq-governorate-amwaj-islands-tala-island-55425398.html,2026-07-21T21:17:21.978520+00:00,2026-07-21T21:17:21.978520+00:00,0,2026-07-21T21:17:21.978520+00:00
2026-07-21,new,55425399,,,Apartment,TOP INVESTMENT OPPORTUNITY | PRIVATE BEACH | GATED,,144000.0,,,BHD,sell,,,,,,,,Tala Island,,,26.300025939941406,50.66316223144531,,,,Fadi Eweida,,PARTLY,completed,,,,https://www.propertyfinder.bh/en/plp/buy/apartment-for-sale-muharraq-governorate-amwaj-islands-tala-island-55425399.html,2026-07-21T21:17:21.978520+00:00,2026-07-21T21:17:21.978520+00:00,0,2026-07-21T21:17:21.978520+00:00
2026-07-21,new,55425400,,,Villa,LUXURY WATERFRONT | MAID ROOM  | PRIVATE POOL,,1200.0,,,BHD,monthly,,,,,,,,Al Marsa Floating City,,,26.2847957611084,50.669620513916016,,,,Fadi Eweida,,YES,,,,,https://www.propertyfinder.bh/en/plp/rent/villa-for-rent-muharraq-governorate-amwaj-islands-al-marsa-floating-city-55425400.html,2026-07-21T21:17:21.978520+00:00,2026-07-21T21:17:21.978520+00:00,0,2026-07-21T21:17:21.978520+00:00
2026-07-21,new,55425401,,,Apartment,UNIQUE MODERN DUPLEX | H-KEEPING | PETS ALLOWED,,850.0,,,BHD,monthly,,,,,,,,Amwaj Avenue,,,26.29302978515625,50.66474151611328,,,,Fadi Eweida,,YES,,,,,https://www.propertyfinder.bh/en/plp/rent/apartment-for-rent-muharraq-governorate-amwaj-islands-amwaj-avenue-55425401.html,2026-07-21T21:17:21.978520+00:00,2026-07-21T21:17:21.978520+00:00,0,2026-07-21T21:17:21.978520+00:00
2026-07-21,new,55425402,,,Apartment,LARGE BALCONY | SPACIOUS | POOL | GYM | SAUNA,,450.0,,,BHD,monthly,,,,,,,,The Lagoon,,,26.287778854370117,50.66339111328125,,,,Fadi Eweida,,YES,,,,,https://www.propertyfinder.bh/en/plp/rent/apartment-for-rent-muharraq-governorate-amwaj-islands-the-lagoon-55425402.html,2026-07-21T21:17:21.978520+00:00,2026-07-21T21:17:21.978520+00:00,0,2026-07-21T21:17:21.978520+00:00
2026-07-21,new,55425407,,,Apartment,1 Bedroom Furnished Apartment with Water View,,500.0,,,BHD,monthly,,,,,,,,Bahrain Financial Harbour,,,26.23778533935547,50.57342529296875,,,,Rawan Althawadi,,YES,,,,,https://www.propertyfinder.bh/en/plp/rent/apartment-for-rent-capital-governorate-manama-bahrain-financial-harbour-55425407.html,2026-07-21T21:17:21.978520+00:00,2026-07-21T21:17:21.978520+00:00,0,2026-07-21T21:17:21.978520+00:00
2026-07-21,new,55425410,,,Land,WATERFRONT LIVING | 5 BHK VILLA | GARDEN,,3000.0,,,BHD,monthly,,,,,,,,,,,25.833925247192383,50.613853454589844,,,,Yumna Awad,,,,,,,https://www.propertyfinder.bh/en/plp/rent/land-for-rent-southern-governorate-durrat-al-bahrain-55425410.html,2026-07-21T21:17:21.978520+00:00,2026-07-21T21:17:21.978520+00:00,0,2026-07-21T21:17:21.978520+00:00
2026-07-21,new,55425416,,,Apartment,2 Bedroom Fully Furnished Flat,,320.0,,,BHD,monthly,,,,,,,,,,,26.218677520751953,50.59382247924805,,,,RAJESH  SHIBU,,YES,,,,,https://www.propertyfinder.bh/en/plp/rent/apartment-for-rent-capital-governorate-manama-gudaibiya-55425416.html,2026-07-21T21:17:21.978520+00:00,2026-07-21T21:17:21.978520+00:00,0,2026-07-21T21:17:21.978520+00:00
2026-07-21,new,55425417,,,Apartment,Brand New building/Ready to move in/Furnished,,330.0,,,BHD,monthly,,,,,,,,,,,26.185943603515625,50.46711349487305,,,,Dafina Muca,,YES,,,,,https://www.propertyfinder.bh/en/plp/rent/apartment-for-rent-northern-governorate-janabiya-55425417.html,2026-07-21T21:17:21.978520+00:00,2026-07-21T21:17:21.978520+00:00,0,2026-07-21T21:17:21.978520+00:00
2026-07-21,new,55425429,,,Apartment,2 bedrooms with crystal water views | Tala island,,600.0,,,BHD,monthly,,,,,,,,Tala Island,,,26.300025939941406,50.66316223144531,,,,Linda Mehdi,,YES,,,,,https://www.propertyfinder.bh/en/plp/rent/apartment-for-rent-muharraq-governorate-amwaj-islands-tala-island-55425429.html,2026-07-21T21:17:21.978520+00:00,2026-07-21T21:17:21.978520+00:00,0,2026-07-21T21:17:21.978520+00:00
2026-07-21,new,55425431,,,Penthouse,Stunning Penthouse With  Family room,,550.0,,,BHD,monthly,,,,,,,,,,,26.188888549804688,50.54999923706055,,,,Adeel Ajaz,,PARTLY,,,,,https://www.propertyfinder.bh/en/plp/rent/penthouse-for-rent-central-governorate-tubli-55425431.html,2026-07-21T21:17:21.978520+00:00,2026-07-21T21:17:21.978520+00:00,0,2026-07-21T21:17:21.978520+00:00
2026-07-21,new,55425441,,,Villa,Modernly Fully Furnished I Private Pool and Garden,,1550.0,,,BHD,monthly,,,,,,,,,,,26.185943603515625,50.46711349487305,,,,Antony Shaiju,,PARTLY,,,,,https://www.propertyfinder.bh/en/plp/rent/villa-for-rent-northern-governorate-janabiya-55425441.html,2026-07-21T21:17:21.978520+00:00,2026-07-21T21:17:21.978520+00:00,0,2026-07-21T21:17:21.978520+00:00
2026-07-21,new,55425442,,,Apartment,BRAND NEW | 4 BEDROOM VILLA | ROOFTOP TERRACE,,156000.0,,,BHD,sell,,,,,,,,,,,26.25,50.650001525878906,,,,Princess Antonnette Caranto,,NO,completed_primary,,,,https://www.propertyfinder.bh/en/plp/buy/apartment-for-sale-muharraq-governorate-arad-55425442.html,2026-07-21T21:17:21.978520+00:00,2026-07-21T21:17:21.978520+00:00,0,2026-07-21T21:17:21.978520+00:00
2026-07-21,new,55425446,,,Apartment,hotel-style living l housekeeping l prestigious,,825.0,,,BHD,monthly,,,,,,,,,,,26.211111068725586,50.601112365722656,,,,Rawan Abdulwadood,,YES,,,,,https://www.propertyfinder.bh/en/plp/rent/apartment-for-rent-capital-governorate-al-juffair-55425446.html,2026-07-21T21:17:21.978520+00:00,2026-07-21T21:17:21.978520+00:00,0,2026-07-21T21:17:21.978520+00:00
2026-07-21,new,55425447,,,Apartment,Marina View | Cozy 2BR | Naturally Well-Lit,,995.0,,,BHD,monthly,,,,,,,,,,,26.241750717163086,50.5663948059082,,,,Adeel Ajaz,,YES,,,,,https://www.propertyfinder.bh/en/plp/rent/apartment-for-rent-capital-governorate-reef-island-55425447.html,2026-07-21T21:17:21.978520+00:00,2026-07-21T21:17:21.978520+00:00,0,2026-07-21T21:17:21.978520+00:00
2026-07-21,new,55425454,,,Apartment,3BR NAVY APPROVED | REEF ISLAND | 2 BALCONIES,,1000.0,,,BHD,monthly,,,,,,,,,,,26.241750717163086,50.5663948059082,,,,Sr Pegasus Agent Dridi,,YES,,,,,https://www.propertyfinder.bh/en/plp/rent/apartment-for-rent-capital-governorate-reef-island-55425454.html,2026-07-21T21:17:21.978520+00:00,2026-07-21T21:17:21.978520+00:00,0,2026-07-21T21:17:21.978520+00:00
2026-07-21,new,55425456,,,Apartment,2 Bedroom Apartment for Rent in Hajiyat Area,,120.0,,,BHD,monthly,,,,,,,,Alhajiyat,,,26.128984451293945,50.58171463012695,,,,Yahya Zainal,,NO,,,,,https://www.propertyfinder.bh/en/plp/rent/apartment-for-rent-southern-governorate-riffa-alhajiyat-55425456.html,2026-07-21T21:17:21.978520+00:00,2026-07-21T21:17:21.978520+00:00,0,2026-07-21T21:17:21.978520+00:00
2026-07-21,new,55425457,,,Apartment,Rent a Semi Furnished flat in Janabiya/2 Bedroom,,300.0,,,BHD,monthly,,,,,,,,,,,26.185943603515625,50.46711349487305,,,,Dafina Muca,,YES,,,,,https://www.propertyfinder.bh/en/plp/rent/apartment-for-rent-northern-governorate-janabiya-55425457.html,2026-07-21T21:17:21.978520+00:00,2026-07-21T21:17:21.978520+00:00,0,2026-07-21T21:17:21.978520+00:00
2026-07-21,new,55425476,,,Office Space,2 Bedroom commercial Flat for rent in Adliya,,310.0,,,BHD,monthly,,,,,,,,,,,26.214487075805664,50.584754943847656,,,,RAJESH  SHIBU,,YES,,,,,https://www.propertyfinder.bh/en/plp/commercial-rent/office-space-for-rent-capital-governorate-manama-adliya-55425476.html,2026-07-21T21:17:21.978520+00:00,2026-07-21T21:17:21.978520+00:00,0,2026-07-21T21:17:21.978520+00:00
2026-07-21,new,55425477,,,Apartment,Panoramic Sea View Studio Huge Balcony Great Deal*,,370.0,,,BHD,monthly,,,,,,,,Water Garden City,,,26.24260139465332,50.55380630493164,,,,Anna Berdysheva,,YES,,,,,https://www.propertyfinder.bh/en/plp/rent/apartment-for-rent-capital-governorate-manama-water-garden-city-55425477.html,2026-07-21T21:17:21.978520+00:00,2026-07-21T21:17:21.978520+00:00,0,2026-07-21T21:17:21.978520+00:00
2026-07-21,new,55425480,,,Villa,MODERN 5BHK VILLA | SPACIOUS LAYOUT | PRIME HAMALA,,109000.0,,,BHD,sell,,,,,,,,,,,26.140336990356445,50.478271484375,,,,Yumna Awad,,NO,completed_primary,,,,https://www.propertyfinder.bh/en/plp/buy/villa-for-sale-northern-governorate-hamala-55425480.html,2026-07-21T21:17:21.978520+00:00,2026-07-21T21:17:21.978520+00:00,0,2026-07-21T21:17:21.978520+00:00
2026-07-21,new,55425482,,,Penthouse,Luxury Penthouse  | 3BR+Maid's room Beach Access,,1800.0,,,BHD,monthly,,,,,,,,Diyar Al Muharraq,,,26.303447723388672,50.6461296081543,,,,Muhammad Jahengir Akram,,YES,,,,,https://www.propertyfinder.bh/en/plp/rent/penthouse-for-rent-muharraq-governorate-diyar-al-muharraq-marassi-al-bahrain-55425482.html,2026-07-21T21:17:21.978520+00:00,2026-07-21T21:17:21.978520+00:00,0,2026-07-21T21:17:21.978520+00:00
2026-07-21,new,55425483,,,Apartment,Fully Furnished 1BR 2 Bath | Gym Pool | Lift,,240.0,,,BHD,monthly,,,,,,,,,,,26.21672821044922,50.55367660522461,,,,Saika Rukanaldin,,YES,,,,,https://www.propertyfinder.bh/en/plp/rent/apartment-for-rent-capital-governorate-manama-al-burhama-55425483.html,2026-07-21T21:17:21.978520+00:00,2026-07-21T21:17:21.978520+00:00,0,2026-07-21T21:17:21.978520+00:00
2026-07-21,new,55425485,,,Land,RESIDENTIAL PLOT | AL QARYAH | 351 SQM,,115000.0,,,BHD,sell,,,,,,,,,,,26.20011329650879,50.46629333496094,,,,Yumna Awad,,,,,,,https://www.propertyfinder.bh/en/plp/buy/land-for-sale-northern-governorate-al-qurayyah-55425485.html,2026-07-21T21:17:21.978520+00:00,2026-07-21T21:17:21.978520+00:00,0,2026-07-21T21:17:21.978520+00:00
2026-07-21,new,55425507,,,Villa,MODERN 3 BHK VILLA | SALMABAD | 319 SQM,,150000.0,,,BHD,sell,,,,,,,,,,,26.183332443237305,50.516666412353516,,,,Yumna Awad,,NO,completed_primary,,,,https://www.propertyfinder.bh/en/plp/buy/villa-for-sale-central-governorate-salmabad-55425507.html,2026-07-21T21:17:21.978520+00:00,2026-07-21T21:17:21.978520+00:00,0,2026-07-21T21:17:21.978520+00:00
2026-07-21,new,55425509,,,Apartment,MODERN 2BHK | GENEROUS SPACE | BALCONY | LUXURIOUS,,700.0,,,BHD,monthly,,,,,,,,,,,26.249584197998047,50.580360412597656,,,,Zuhair Tlili,,YES,,,,,https://www.propertyfinder.bh/en/plp/rent/apartment-for-rent-capital-governorate-bahrain-bay-55425509.html,2026-07-21T21:17:21.978520+00:00,2026-07-21T21:17:21.978520+00:00,0,2026-07-21T21:17:21.978520+00:00
2026-07-21,new,55425511,,,Villa,EXCEPTIONAL 5BHK VILLA | PRIVATE POOL | MODERN,,350000.0,,,BHD,sell,,,,,,,,,,,26.19164276123047,50.48757553100586,,,,Yumna Awad,,NO,completed_primary,,,,https://www.propertyfinder.bh/en/plp/buy/villa-for-sale-northern-governorate-saar-55425511.html,2026-07-21T21:17:21.978520+00:00,2026-07-21T21:17:21.978520+00:00,0,2026-07-21T21:17:21.978520+00:00
2026-07-21,new,55425512,,,Land,Prime Residential Land for Sale in Al Ramli - RB,,103480.0,,,BHD,sell,,,,,,,,,,,26.183332443237305,50.516666412353516,,,,Mohamed Khaled,,,,,,,https://www.propertyfinder.bh/en/plp/buy/land-for-sale-central-governorate-salmabad-55425512.html,2026-07-21T21:17:21.978520+00:00,2026-07-21T21:17:21.978520+00:00,0,2026-07-21T21:17:21.978520+00:00
2026-07-21,new,55425514,,,Land,Prime | RB | Residential | East Riffa,,96197.0,,,BHD,sell,,,,,,,,Riffa Al Sharqi,,,26.1162166595459,50.57211685180664,,,,Mohamed Abdali,,,,,,,https://www.propertyfinder.bh/en/plp/buy/land-for-sale-southern-governorate-riffa-riffa-al-sharqi-55425514.html,2026-07-21T21:17:21.978520+00:00,2026-07-21T21:17:21.978520+00:00,0,2026-07-21T21:17:21.978520+00:00
2026-07-21,new,55425516,,,Apartment,REAL SPACIOUS 2BHK | AFFORDABLE PRICE | PRIME AREA,,250.0,,,BHD,monthly,,,,,,,,,,,26.1314754486084,50.568843841552734,,,,Yumna Awad,,NO,,,,,https://www.propertyfinder.bh/en/plp/rent/apartment-for-rent-southern-governorate-riffa-bu-kowarah-55425516.html,2026-07-21T21:17:21.978520+00:00,2026-07-21T21:17:21.978520+00:00,0,2026-07-21T21:17:21.978520+00:00
2026-07-21,new,55425518,,,Apartment,SEA VIEW - SPACIOUS - WELL FURNISHED - BALCONY,,420.0,,,BHD,monthly,,,,,,,,Amwaj Avenue,,,26.29302978515625,50.66474151611328,,,,Unus Sirajuddin,,YES,,,,,https://www.propertyfinder.bh/en/plp/rent/apartment-for-rent-muharraq-governorate-amwaj-islands-amwaj-avenue-55425518.html,2026-07-21T21:17:21.978520+00:00,2026-07-21T21:17:21.978520+00:00,0,2026-07-21T21:17:21.978520+00:00
2026-07-21,new,55425534,,,Apartment,ELEGANT 3BHK + MAIDS ROOM | SEA VIEW | HIGH-END,,1300.0,,,BHD,monthly,,,,,,,,,,,26.241750717163086,50.5663948059082,,,,Loai Bitar,,YES,,,,,https://www.propertyfinder.bh/en/plp/rent/apartment-for-rent-capital-governorate-reef-island-55425534.html,2026-07-21T21:17:21.978520+00:00,2026-07-21T21:17:21.978520+00:00,0,2026-07-21T21:17:21.978520+00:00
2026-07-21,new,55425536,,,Apartment,FULLY RENOVATED -BRAND NEW - SPACIOUS -LUXURY 3BHK,,62000.0,,,BHD,sell,,,,,,,,Amwaj Avenue,,,26.29302978515625,50.66474151611328,,,,Unus Sirajuddin,,YES,completed_primary,,,,https://www.propertyfinder.bh/en/plp/buy/apartment-for-sale-muharraq-governorate-amwaj-islands-amwaj-avenue-55425536.html,2026-07-21T21:17:21.978520+00:00,2026-07-21T21:17:21.978520+00:00,0,2026-07-21T21:17:21.978520+00:00
2026-07-21,new,55425538,,,Apartment,360° SEA VIEW | REEF RESIDENCE | LUXURIOUS 2BHK,,1250.0,,,BHD,monthly,,,,,,,,,,,26.241750717163086,50.5663948059082,,,,Loai Bitar,,YES,,,,,https://www.propertyfinder.bh/en/plp/rent/apartment-for-rent-capital-governorate-reef-island-55425538.html,2026-07-21T21:17:21.978520+00:00,2026-07-21T21:17:21.978520+00:00,0,2026-07-21T21:17:21.978520+00:00
2026-07-21,new,55425540,,,Apartment,Very Spacious I House Keeping I Family Building,,450.0,,,BHD,monthly,,,,,,,,,,,26.211111068725586,50.601112365722656,,,,Antony Shaiju,,YES,,,,,https://www.propertyfinder.bh/en/plp/rent/apartment-for-rent-capital-governorate-al-juffair-55425540.html,2026-07-21T21:17:21.978520+00:00,2026-07-21T21:17:21.978520+00:00,0,2026-07-21T21:17:21.978520+00:00
2026-07-21,new,55425543,,,Apartment,Gas Cooking I Closed Kitchen  I Wifi I Pool I Gym,,425.0,,,BHD,monthly,,,,,,,,,,,26.211111068725586,50.601112365722656,,,,Antony Shaiju,,YES,,,,,https://www.propertyfinder.bh/en/plp/rent/apartment-for-rent-capital-governorate-al-juffair-55425543.html,2026-07-21T21:17:21.978520+00:00,2026-07-21T21:17:21.978520+00:00,0,2026-07-21T21:17:21.978520+00:00
2026-07-21,new,55425550,,,Apartment,OPEN KITCHEN l PLAYING AREA FOR KIDS l LIVING AREA,,300.0,,,BHD,monthly,,,,,,,,Amwaj Avenue,,,26.29302978515625,50.66474151611328,,,,Monica Medhat,,YES,,,,,https://www.propertyfinder.bh/en/plp/rent/apartment-for-rent-muharraq-governorate-amwaj-islands-amwaj-avenue-55425550.html,2026-07-21T21:17:21.978520+00:00,2026-07-21T21:17:21.978520+00:00,0,2026-07-21T21:17:21.978520+00:00
2026-07-21,new,55425551,,,Land,Large | Residential area | Services available,,257712.0,,,BHD,sell,,,,,,,,Al Bahair,,,26.149368286132812,50.56598663330078,,,,Al Lagoon Real Estate ,,,,,,,https://www.propertyfinder.bh/en/plp/buy/land-for-sale-southern-governorate-riffa-al-bahair-55425551.html,2026-07-21T21:17:21.978520+00:00,2026-07-21T21:17:21.978520+00:00,0,2026-07-21T21:17:21.978520+00:00
2026-07-21,new,55425553,,,Whole Building,Commercial Building for Rent in Tubli,,7000.0,,,BHD,monthly,,,,,,,,,,,26.188888549804688,50.54999923706055,,,,RAJESH  SHIBU,,YES,,,,,https://www.propertyfinder.bh/en/plp/commercial-rent/whole-building-for-rent-central-governorate-tubli-55425553.html,2026-07-21T21:17:21.978520+00:00,2026-07-21T21:17:21.978520+00:00,0,2026-07-21T21:17:21.978520+00:00
2026-07-21,new,55425555,,,Apartment,NEWLY RENOVATED | SPACIOUS | BEACH VIEW,,800.0,,,BHD,monthly,,,,,,,,,,,26.241750717163086,50.5663948059082,,,,Preeti Paudel,,YES,,,,,https://www.propertyfinder.bh/en/plp/rent/apartment-for-rent-capital-governorate-reef-island-55425555.html,2026-07-21T21:17:21.978520+00:00,2026-07-21T21:17:21.978520+00:00,0,2026-07-21T21:17:21.978520+00:00
2026-07-21,new,55425559,,,Apartment,HOT DEAL | HIGHER FLOOR | WELL MAINTAINED,,330.0,,,BHD,monthly,,,,,,,,,,,26.239999771118164,50.5369987487793,,,,Preeti Paudel,,YES,,,,,https://www.propertyfinder.bh/en/plp/rent/apartment-for-rent-capital-governorate-seef-55425559.html,2026-07-21T21:17:21.978520+00:00,2026-07-21T21:17:21.978520+00:00,0,2026-07-21T21:17:21.978520+00:00
2026-07-21,new,55425561,,,Apartment,Sea View I Modernly Furnished I Premium Facilities,,280.0,,,BHD,monthly,,,,,,,,,,,26.211111068725586,50.601112365722656,,,,Antony Shaiju,,YES,,,,,https://www.propertyfinder.bh/en/plp/rent/apartment-for-rent-capital-governorate-al-juffair-55425561.html,2026-07-21T21:17:21.978520+00:00,2026-07-21T21:17:21.978520+00:00,0,2026-07-21T21:17:21.978520+00:00
2026-07-21,new,55425562,,,Apartment,BALCONY l LAUNDRY ROOM l SUNNY FLAT,,375.0,,,BHD,monthly,,,,,,,,Amwaj Avenue,,,26.29302978515625,50.66474151611328,,,,Monica Medhat,,YES,,,,,https://www.propertyfinder.bh/en/plp/rent/apartment-for-rent-muharraq-governorate-amwaj-islands-amwaj-avenue-55425562.html,2026-07-21T21:17:21.978520+00:00,2026-07-21T21:17:21.978520+00:00,0,2026-07-21T21:17:21.978520+00:00
2026-07-21,new,55425563,,,Apartment,HIGHER FLOOR | INCLUSIVE | PRIME LOCATION,,750.0,,,BHD,monthly,,,,,,,,Bahrain Financial Harbour,,,26.23778533935547,50.57342529296875,,,,Preeti Paudel,,YES,,,,,https://www.propertyfinder.bh/en/plp/rent/apartment-for-rent-capital-governorate-manama-bahrain-financial-harbour-55425563.html,2026-07-21T21:17:21.978520+00:00,2026-07-21T21:17:21.978520+00:00,0,2026-07-21T21:17:21.978520+00:00
2026-07-21,new,55425565,,,Apartment,Contemporary | Paddle Court | Huge Swimming Pool,,400.0,,,BHD,monthly,,,,,,,,,,,26.239999771118164,50.5369987487793,,,,Adeel Ajaz,,YES,,,,,https://www.propertyfinder.bh/en/plp/rent/apartment-for-rent-capital-governorate-seef-55425565.html,2026-07-21T21:17:21.978520+00:00,2026-07-21T21:17:21.978520+00:00,0,2026-07-21T21:17:21.978520+00:00
2026-07-21,new,55425566,,,Apartment,SEPARATE MAIDS ROOM | PRIME LOCATION | SPACIOUS,,750.0,,,BHD,monthly,,,,,,,,,,,26.239999771118164,50.5369987487793,,,,Preeti Paudel,,YES,,,,,https://www.propertyfinder.bh/en/plp/rent/apartment-for-rent-capital-governorate-seef-55425566.html,2026-07-21T21:17:21.978520+00:00,2026-07-21T21:17:21.978520+00:00,0,2026-07-21T21:17:21.978520+00:00
2026-07-21,new,55425568,,,Apartment,DISCOUNTED PRICE | WELL MAINTAINED | SEA VIEW,,480.0,,,BHD,monthly,,,,,,,,,,,26.239999771118164,50.5369987487793,,,,Preeti Paudel,,YES,,,,,https://www.propertyfinder.bh/en/plp/rent/apartment-for-rent-capital-governorate-seef-55425568.html,2026-07-21T21:17:21.978520+00:00,2026-07-21T21:17:21.978520+00:00,0,2026-07-21T21:17:21.978520+00:00
2026-07-21,new,55425593,,,Apartment,PURE LUXURY/ NO COMPROMISES/ HIGH END FURNISHING,,400.0,,,BHD,monthly,,,,,,,,Abraj Al Lulu,,,26.230030059814453,50.55890655517578,,,,Nanda Kumar,,YES,,,,,https://www.propertyfinder.bh/en/plp/rent/apartment-for-rent-capital-governorate-manama-abraj-al-lulu-55425593.html,2026-07-21T21:17:21.978520+00:00,2026-07-21T21:17:21.978520+00:00,0,2026-07-21T21:17:21.978520+00:00
2026-07-21,new,55425594,,,Apartment,SEA VIEW / BIG BALCONY / LUXURY TOWER / AMENITIES,,290.0,,,BHD,monthly,,,,,,,,,,,26.23387908935547,50.5939826965332,,,,Unus Sirajuddin,,YES,,,,,https://www.propertyfinder.bh/en/plp/rent/apartment-for-rent-capital-governorate-hoora-55425594.html,2026-07-21T21:17:21.978520+00:00,2026-07-21T21:17:21.978520+00:00,0,2026-07-21T21:17:21.978520+00:00
2026-07-21,new,55425602,,,Apartment,LUXURIOUS AND QUIT PLACE II 3 BEDROOM APARTMENT,,450.0,,,BHD,monthly,,,,,,,,,,,26.19164276123047,50.48757553100586,,,,SABIR,,YES,,,,,https://www.propertyfinder.bh/en/plp/rent/apartment-for-rent-northern-governorate-saar-55425602.html,2026-07-21T21:17:21.978520+00:00,2026-07-21T21:17:21.978520+00:00,0,2026-07-21T21:17:21.978520+00:00
2026-07-21,new,55425608,,,Villa,SPACIOUS INTERIORS l MODERN CANAL SIDE VILLA,,822.0,,,BHD,monthly,,,,,,,,Al Marsa Floating City,,,26.2847957611084,50.669620513916016,,,,Tricia Mae Africano,,YES,,,,,https://www.propertyfinder.bh/en/plp/rent/villa-for-rent-muharraq-governorate-amwaj-islands-al-marsa-floating-city-55425608.html,2026-07-21T21:17:21.978520+00:00,2026-07-21T21:17:21.978520+00:00,0,2026-07-21T21:17:21.978520+00:00
2026-07-21,new,55425609,,,Apartment,Pool | balcony | gym | Water Garden City,,110000.0,,,BHD,sell,,,,,,,,Water Garden City,,,26.24260139465332,50.55380630493164,,,,Mohamed Khalaf,,YES,completed,,,,https://www.propertyfinder.bh/en/plp/buy/apartment-for-sale-capital-governorate-manama-water-garden-city-55425609.html,2026-07-21T21:17:21.978520+00:00,2026-07-21T21:17:21.978520+00:00,0,2026-07-21T21:17:21.978520+00:00
2026-07-21,new,55425615,,,Apartment,3BHK + MAIDS ROOM | SEA VIEW | EXQUISITE LUXURY,,260000.0,,,BHD,sell,,,,,,,,,,,26.241750717163086,50.5663948059082,,,,Zuhair Tlili,,YES,completed,,,,https://www.propertyfinder.bh/en/plp/buy/apartment-for-sale-capital-governorate-reef-island-55425615.html,2026-07-21T21:17:21.978520+00:00,2026-07-21T21:17:21.978520+00:00,0,2026-07-21T21:17:21.978520+00:00
2026-07-21,new,55425616,,,Apartment,MODERN | SEA VIEW | BRIGHT LIGHT | GREAT AMENITIES,,800.0,,,BHD,monthly,,,,,,,,,,,26.211111068725586,50.601112365722656,,,,Daniel Nwajiaku,,YES,,,,,https://www.propertyfinder.bh/en/plp/rent/apartment-for-rent-capital-governorate-al-juffair-55425616.html,2026-07-21T21:17:21.978520+00:00,2026-07-21T21:17:21.978520+00:00,0,2026-07-21T21:17:21.978520+00:00
2026-07-21,new,55425618,,,Land,Prime Residential Land in Shahrakan - RA,,107000.0,,,BHD,sell,,,,,,,,,,,26.07509422302246,50.499610900878906,,,,Mohamed Khaled,,,,,,,https://www.propertyfinder.bh/en/plp/buy/land-for-sale-northern-governorate-shahrakan-55425618.html,2026-07-21T21:17:21.978520+00:00,2026-07-21T21:17:21.978520+00:00,0,2026-07-21T21:17:21.978520+00:00
2026-07-21,new,55425620,,,Apartment,WATER PARK | NAVY APPROVED | BALCONIES | SEA VIEW,,1200.0,,,BHD,monthly,,,,,,,,Essence of Dilmunia,,,26.27286720275879,50.672889709472656,,,,Rolin Faouri,,YES,,,,,https://www.propertyfinder.bh/en/plp/rent/apartment-for-rent-muharraq-governorate-dilmunia-island-essence-of-dilmunia-55425620.html,2026-07-21T21:17:21.978520+00:00,2026-07-21T21:17:21.978520+00:00,0,2026-07-21T21:17:21.978520+00:00
2026-07-21,new,55425621,,,Villa,Canal Access / 2 BR / Navy Approved / WIFI,,850.0,,,BHD,monthly,,,,,,,,Al Marsa Floating City,,,26.2847957611084,50.669620513916016,,,,Muhammad Jahengir Akram,,YES,,,,,https://www.propertyfinder.bh/en/plp/rent/villa-for-rent-muharraq-governorate-amwaj-islands-al-marsa-floating-city-55425621.html,2026-07-21T21:17:21.978520+00:00,2026-07-21T21:17:21.978520+00:00,0,2026-07-21T21:17:21.978520+00:00
2026-07-21,new,55425635,,,Apartment,COZY 1BR | NEW | BALCONY | MODERN | PRIME LOCATION,,300.0,,,BHD,monthly,,,,,,,,,,,26.239999771118164,50.5369987487793,,,,Zuhair Tlili,,YES,,,,,https://www.propertyfinder.bh/en/plp/rent/apartment-for-rent-capital-governorate-seef-55425635.html,2026-07-21T21:17:21.978520+00:00,2026-07-21T21:17:21.978520+00:00,0,2026-07-21T21:17:21.978520+00:00
2026-07-21,new,55425638,,,Apartment,BRAND NEW | BALCONY | FACILITIES | PRIME LOCATION,,450.0,,,BHD,monthly,,,,,,,,,,,26.239999771118164,50.5369987487793,,,,Zuhair Tlili,,YES,,,,,https://www.propertyfinder.bh/en/plp/rent/apartment-for-rent-capital-governorate-seef-55425638.html,2026-07-21T21:17:21.978520+00:00,2026-07-21T21:17:21.978520+00:00,0,2026-07-21T21:17:21.978520+00:00
2026-07-21,new,55425639,,,Apartment,Hot Price |Semi Furnished |Unlimited EWA | Juffair,,150.0,,,BHD,monthly,,,,,,,,,,,26.211111068725586,50.601112365722656,,,,Hazeeth,,PARTLY,,,,,https://www.propertyfinder.bh/en/plp/rent/apartment-for-rent-capital-governorate-al-juffair-55425639.html,2026-07-21T21:17:21.978520+00:00,2026-07-21T21:17:21.978520+00:00,0,2026-07-21T21:17:21.978520+00:00
2026-07-21,new,55425645,,,Apartment,PETS ALLOWED STUDIO WITH BALCONY | POOL | GYM |,,260.0,,,BHD,monthly,,,,,,,,Amwaj Avenue,,,26.29302978515625,50.66474151611328,,,,Fadi Eweida,,YES,,,,,https://www.propertyfinder.bh/en/plp/rent/apartment-for-rent-muharraq-governorate-amwaj-islands-amwaj-avenue-55425645.html,2026-07-21T21:17:21.978520+00:00,2026-07-21T21:17:21.978520+00:00,0,2026-07-21T21:17:21.978520+00:00
2026-07-21,new,55425647,,,Apartment,HOT OFFER | BRIGHT |LAST UNIT |PETS OK | FREE WIFI,,300.0,,,BHD,monthly,,,,,,,,Amwaj Avenue,,,26.29302978515625,50.66474151611328,,,,Fadi Eweida,,YES,,,,,https://www.propertyfinder.bh/en/plp/rent/apartment-for-rent-muharraq-governorate-amwaj-islands-amwaj-avenue-55425647.html,2026-07-21T21:17:21.978520+00:00,2026-07-21T21:17:21.978520+00:00,0,2026-07-21T21:17:21.978520+00:00
2026-07-21,new,55425648,,,Apartment,FULL CITY VIEW | BALCONY | MODERN | AMENITIES,,250.0,,,BHD,monthly,,,,,,,,,,,26.211111068725586,50.601112365722656,,,,Daniel Nwajiaku,,YES,,,,,https://www.propertyfinder.bh/en/plp/rent/apartment-for-rent-capital-governorate-al-juffair-55425648.html,2026-07-21T21:17:21.978520+00:00,2026-07-21T21:17:21.978520+00:00,0,2026-07-21T21:17:21.978520+00:00
2026-07-21,new,55425650,,,Apartment,BUDGET FRIENDLY | DRAGON CITY | MODERN | BRIGHT,,300.0,,,BHD,monthly,,,,,,,,Diyar Al Muharraq,Al Bareh,,26.31142234802246,50.64306640625,,,,Fadi Eweida,,PARTLY,,,,,https://www.propertyfinder.bh/en/plp/rent/apartment-for-rent-muharraq-governorate-diyar-al-muharraq-al-bareh-55425650.html,2026-07-21T21:17:21.978520+00:00,2026-07-21T21:17:21.978520+00:00,0,2026-07-21T21:17:21.978520+00:00
2026-07-21,new,55425653,,,Apartment,STUNING OPEN SEA VIEW | H-KEEPING |WIFI | POOL GYM,,330.0,,,BHD,monthly,,,,,,,,The Lagoon,,,26.287778854370117,50.66339111328125,,,,Fadi Eweida,,YES,,,,,https://www.propertyfinder.bh/en/plp/rent/apartment-for-rent-muharraq-governorate-amwaj-islands-the-lagoon-55425653.html,2026-07-21T21:17:21.978520+00:00,2026-07-21T21:17:21.978520+00:00,0,2026-07-21T21:17:21.978520+00:00
2026-07-21,new,55425657,,,Apartment,Invest Where Stabilized Income Generating 1BR,,69000.0,,,BHD,sell,,,,,,,,,,,26.211111068725586,50.601112365722656,,,,Anil Kunnikal,,YES,completed,,,,https://www.propertyfinder.bh/en/plp/buy/apartment-for-sale-capital-governorate-al-juffair-55425657.html,2026-07-21T21:17:21.978520+00:00,2026-07-21T21:17:21.978520+00:00,0,2026-07-21T21:17:21.978520+00:00
2026-07-21,new,55425658,,,Apartment,STYLISH COASTAL LIVING | 2BHK | PREMIUM FACILITIES,,550.0,,,BHD,monthly,,,,,,,,Diyar Al Muharraq,Marassi Shores Residences,,26.303447723388672,50.6461296081543,,,,Rolin Faouri,,YES,,,,,https://www.propertyfinder.bh/en/plp/rent/apartment-for-rent-muharraq-governorate-diyar-al-muharraq-marassi-shores-residences-55425658.html,2026-07-21T21:17:21.978520+00:00,2026-07-21T21:17:21.978520+00:00,0,2026-07-21T21:17:21.978520+00:00
2026-07-21,new,55425659,,,Apartment,SPACIOUS | WITH STORE | CLOSE TO LAGOON,,63000.0,,,BHD,sell,,,,,,,,The Lagoon,,,26.287778854370117,50.66339111328125,,,,Ali Sultani,,YES,completed,,,,https://www.propertyfinder.bh/en/plp/buy/apartment-for-sale-muharraq-governorate-amwaj-islands-the-lagoon-55425659.html,2026-07-21T21:17:21.978520+00:00,2026-07-21T21:17:21.978520+00:00,0,2026-07-21T21:17:21.978520+00:00
2026-07-21,new,55425662,,,Apartment,UNLIMITED EWA | MODERN 2BHK | SPACIOUS LAYOUT,,400.0,,,BHD,monthly,,,,,,,,,,,26.239999771118164,50.5369987487793,,,,Loai Bitar,,YES,,,,,https://www.propertyfinder.bh/en/plp/rent/apartment-for-rent-capital-governorate-seef-55425662.html,2026-07-21T21:17:21.978520+00:00,2026-07-21T21:17:21.978520+00:00,0,2026-07-21T21:17:21.978520+00:00
2026-07-21,new,55425670,,,Villa,EXPANSIVE 5BHK VILLA | ELEGANT INTERIORS | IDEAL,,1500.0,,,BHD,monthly,,,,,,,,,,,26.19164276123047,50.48757553100586,,,,Loai Bitar,,PARTLY,,,,,https://www.propertyfinder.bh/en/plp/rent/villa-for-rent-northern-governorate-saar-55425670.html,2026-07-21T21:17:21.978520+00:00,2026-07-21T21:17:21.978520+00:00,0,2026-07-21T21:17:21.978520+00:00
2026-07-21,new,55425671,,,Apartment,"2 BR Apartment, 120 sqm, Semi-Furnished",,220.0,,,BHD,monthly,,,,,,,,,,,26.19164276123047,50.48757553100586,,,,Mohammed Alseba,,PARTLY,,,,,https://www.propertyfinder.bh/en/plp/rent/apartment-for-rent-northern-governorate-saar-55425671.html,2026-07-21T21:17:21.978520+00:00,2026-07-21T21:17:21.978520+00:00,0,2026-07-21T21:17:21.978520+00:00
2026-07-21,new,55425673,,,Villa,LUXURY 4BHK | MODERN COMFORT | BRIGHT INTERIORS,,950.0,,,BHD,monthly,,,,,,,,,,,26.185943603515625,50.46711349487305,,,,Yumna Awad,,PARTLY,,,,,https://www.propertyfinder.bh/en/plp/rent/villa-for-rent-northern-governorate-janabiya-55425673.html,2026-07-21T21:17:21.978520+00:00,2026-07-21T21:17:21.978520+00:00,0,2026-07-21T21:17:21.978520+00:00
2026-07-21,new,55425680,,,Penthouse,LUXURY 4BHK PENTHOUSE | NAVY APPROVED | SEA VIEW,,2200.0,,,BHD,monthly,,,,,,,,,,,26.241750717163086,50.5663948059082,,,,Loai Bitar,,YES,,,,,https://www.propertyfinder.bh/en/plp/rent/penthouse-for-rent-capital-governorate-reef-island-55425680.html,2026-07-21T21:17:21.978520+00:00,2026-07-21T21:17:21.978520+00:00,0,2026-07-21T21:17:21.978520+00:00
2026-07-21,new,55425681,,,Apartment,3 BED ROOM NEW FLAT IN MAQAPAH,,350.0,,,BHD,monthly,,,,,,,,,,,26.21023941040039,50.49468231201172,,,,Mohammed Alseba,,PARTLY,,,,,https://www.propertyfinder.bh/en/plp/rent/apartment-for-rent-northern-governorate-maqabah-55425681.html,2026-07-21T21:17:21.978520+00:00,2026-07-21T21:17:21.978520+00:00,0,2026-07-21T21:17:21.978520+00:00
2026-07-21,new,55425692,,,Villa,Corner Villa | Brand New | Modern Design,,480000.0,,,BHD,sell,,,,,,,,,,,26.19164276123047,50.48757553100586,,,,Mahmood Al-Shaikh,,NO,completed_primary,,,,https://www.propertyfinder.bh/en/plp/buy/villa-for-sale-northern-governorate-saar-55425692.html,2026-07-21T21:17:21.978520+00:00,2026-07-21T21:17:21.978520+00:00,0,2026-07-21T21:17:21.978520+00:00
2026-07-21,new,55425693,,,Villa,LUXURY 4BHK VILLA | PRIME SAAR LOCATION | ELEGANT,,177000.0,,,BHD,sell,,,,,,,,,,,26.19164276123047,50.48757553100586,,,,Loai Bitar,,PARTLY,completed,,,,https://www.propertyfinder.bh/en/plp/buy/villa-for-sale-northern-governorate-saar-55425693.html,2026-07-21T21:17:21.978520+00:00,2026-07-21T21:17:21.978520+00:00,0,2026-07-21T21:17:21.978520+00:00
2026-07-21,new,55425695,,,Apartment,Spacious 2 Bedrooms Fully Furnished with WIFI,,350.0,,,BHD,monthly,,,,,,,,Amwaj Marina,,,26.293058395385742,50.65943908691406,,,,Muhammad Jahengir Akram,,YES,,,,,https://www.propertyfinder.bh/en/plp/rent/apartment-for-rent-muharraq-governorate-amwaj-islands-amwaj-marina-55425695.html,2026-07-21T21:17:21.978520+00:00,2026-07-21T21:17:21.978520+00:00,0,2026-07-21T21:17:21.978520+00:00
2026-07-21,new,55425704,,,Apartment,MODREN 4 BEDROOMS II BRIGHT AND SPECIOUS II TUBLI,,430.0,,,BHD,monthly,,,,,,,,,,,26.188888549804688,50.54999923706055,,,,Sheraz Butt,,NO,,,,,https://www.propertyfinder.bh/en/plp/rent/apartment-for-rent-central-governorate-tubli-55425704.html,2026-07-21T21:17:21.978520+00:00,2026-07-21T21:17:21.978520+00:00,0,2026-07-21T21:17:21.978520+00:00
2026-07-21,new,55425706,,,Apartment,Great Apartment For Rent In Diraz,,160.0,,,BHD,monthly,,,,,,,,,,,26.220962524414062,50.46446990966797,,,,Ayman Idrees,,NO,,,,,https://www.propertyfinder.bh/en/plp/rent/apartment-for-rent-northern-governorate-diraz-55425706.html,2026-07-21T21:17:21.978520+00:00,2026-07-21T21:17:21.978520+00:00,0,2026-07-21T21:17:21.978520+00:00
2026-07-21,new,55425708,,,Apartment,$ BIG BALCONY | SEA VIEW | PREMIUM FURNITURE $,,750.0,,,BHD,monthly,,,,,,,,,,,26.239999771118164,50.5369987487793,,,,Ali Khamis,,YES,,,,,https://www.propertyfinder.bh/en/plp/rent/apartment-for-rent-capital-governorate-seef-55425708.html,2026-07-21T21:17:21.978520+00:00,2026-07-21T21:17:21.978520+00:00,0,2026-07-21T21:17:21.978520+00:00
2026-07-21,new,55425709,,,Compound,AFFORDABLE 4BHK VILLA | PRIME JANABIYA LOCATION,,650.0,,,BHD,monthly,,,,,,,,,,,26.185943603515625,50.46711349487305,,,,Loai Bitar,,PARTLY,,,,,https://www.propertyfinder.bh/en/plp/rent/compound-for-rent-northern-governorate-janabiya-55425709.html,2026-07-21T21:17:21.978520+00:00,2026-07-21T21:17:21.978520+00:00,0,2026-07-21T21:17:21.978520+00:00
2026-07-21,new,55425716,,,Apartment,MODERN 2BHK | BALCONY | PRIME LOCATION,,53000.0,,,BHD,sell,,,,,,,,Amwaj Avenue,,,26.29302978515625,50.66474151611328,,,,Rolin Faouri,,YES,completed,,,,https://www.propertyfinder.bh/en/plp/buy/apartment-for-sale-muharraq-governorate-amwaj-islands-amwaj-avenue-55425716.html,2026-07-21T21:17:21.978520+00:00,2026-07-21T21:17:21.978520+00:00,0,2026-07-21T21:17:21.978520+00:00
2026-07-21,new,55425718,,,Apartment,Great Apartment For Rent With Ewa In Um Alhasam,,350.0,,,BHD,monthly,,,,,,,,,,,26.203079223632812,50.594947814941406,,,,Ayman Idrees,,YES,,,,,https://www.propertyfinder.bh/en/plp/rent/apartment-for-rent-capital-governorate-manama-um-al-hasam-55425718.html,2026-07-21T21:17:21.978520+00:00,2026-07-21T21:17:21.978520+00:00,0,2026-07-21T21:17:21.978520+00:00
2026-07-21,new,55425721,,,Land,PRIME RESIDENTIAL PLOT | SANAD | RA ZONED,,99600.0,,,BHD,sell,,,,,,,,,,,26.149999618530273,50.58333206176758,,,,Rolin Faouri,,,,,,,https://www.propertyfinder.bh/en/plp/buy/land-for-sale-central-governorate-sanad-55425721.html,2026-07-21T21:17:21.978520+00:00,2026-07-21T21:17:21.978520+00:00,0,2026-07-21T21:17:21.978520+00:00
2026-07-21,new,55425725,,,Apartment,Modern I Family Building I Amazing Facilities,,500.0,,,BHD,monthly,,,,,,,,,,,26.211111068725586,50.601112365722656,,,,Antony Shaiju,,YES,,,,,https://www.propertyfinder.bh/en/plp/rent/apartment-for-rent-capital-governorate-al-juffair-55425725.html,2026-07-21T21:17:21.978520+00:00,2026-07-21T21:17:21.978520+00:00,0,2026-07-21T21:17:21.978520+00:00
2026-07-21,new,55425726,,,Apartment,Very Bright  |Modernly Furnished I Big Balcony,,350.0,,,BHD,monthly,,,,,,,,,,,26.211111068725586,50.601112365722656,,,,Antony Shaiju,,YES,,,,,https://www.propertyfinder.bh/en/plp/rent/apartment-for-rent-capital-governorate-al-juffair-55425726.html,2026-07-21T21:17:21.978520+00:00,2026-07-21T21:17:21.978520+00:00,0,2026-07-21T21:17:21.978520+00:00
2026-07-21,new,55425738,,,Apartment,New Modern Hosue Keeping Balcony Great Facilites,,375.0,,,BHD,monthly,,,,,,,,,,,26.211111068725586,50.601112365722656,,,,Antony Shaiju,,YES,,,,,https://www.propertyfinder.bh/en/plp/rent/apartment-for-rent-capital-governorate-al-juffair-55425738.html,2026-07-21T21:17:21.978520+00:00,2026-07-21T21:17:21.978520+00:00,0,2026-07-21T21:17:21.978520+00:00
2026-07-21,new,55425739,,,Apartment,Spacious  2-Bedroom Apartment | Budget-Friendly,,260.0,,,BHD,monthly,,,,,,,,Amwaj Avenue,,,26.29302978515625,50.66474151611328,,,,ALMA  PEPITO,,PARTLY,,,,,https://www.propertyfinder.bh/en/plp/rent/apartment-for-rent-muharraq-governorate-amwaj-islands-amwaj-avenue-55425739.html,2026-07-21T21:17:21.978520+00:00,2026-07-21T21:17:21.978520+00:00,0,2026-07-21T21:17:21.978520+00:00
2026-07-21,new,55425741,,,Villa,Sea Views | Arad | Luxury | Modern | Must Have!,,420000.0,,,BHD,sell,,,,,,,,,,,26.266666412353516,50.650001525878906,,,,Ali Almalek,,PARTLY,completed,,,,https://www.propertyfinder.bh/en/plp/buy/villa-for-sale-muharraq-governorate-galali-55425741.html,2026-07-21T21:17:21.978520+00:00,2026-07-21T21:17:21.978520+00:00,0,2026-07-21T21:17:21.978520+00:00
2026-07-21,new,55425742,,,Apartment,Waterfront Living with Private Beach Access,,350.0,,,BHD,monthly,,,,,,,,Amwaj Avenue,,,26.29302978515625,50.66474151611328,,,,Christian Brunet,,YES,,,,,https://www.propertyfinder.bh/en/plp/rent/apartment-for-rent-muharraq-governorate-amwaj-islands-amwaj-avenue-55425742.html,2026-07-21T21:17:21.978520+00:00,2026-07-21T21:17:21.978520+00:00,0,2026-07-21T21:17:21.978520+00:00
2026-07-21,new,55425751,,,Apartment,Luxury Sea View | 2BR + Maid | Pet Friendly,,480.0,,,BHD,monthly,,,,,,,,,,,26.211111068725586,50.601112365722656,,,,ALMA  PEPITO,,YES,,,,,https://www.propertyfinder.bh/en/plp/rent/apartment-for-rent-capital-governorate-al-juffair-55425751.html,2026-07-21T21:17:21.978520+00:00,2026-07-21T21:17:21.978520+00:00,0,2026-07-21T21:17:21.978520+00:00
2026-07-21,new,55425755,,,Duplex,Elegant 1Bedroom Duplex | Higher Floor | City View,,400.0,,,BHD,monthly,,,,,,,,,,,26.239999771118164,50.5369987487793,,,,Anna Berdysheva,,YES,,,,,https://www.propertyfinder.bh/en/plp/rent/duplex-for-rent-capital-governorate-seef-55425755.html,2026-07-21T21:17:21.978520+00:00,2026-07-21T21:17:21.978520+00:00,0,2026-07-21T21:17:21.978520+00:00
2026-07-21,new,55425765,,,Duplex,SPACIOUS 3BHK DUPLEX | CLOSED KITCHEN | POOL & GYM,,450.0,,,BHD,monthly,,,,,,,,,,,26.211111068725586,50.601112365722656,,,,Osama Butt,,YES,,,,,https://www.propertyfinder.bh/en/plp/rent/duplex-for-rent-capital-governorate-al-juffair-55425765.html,2026-07-21T21:17:21.978520+00:00,2026-07-21T21:17:21.978520+00:00,0,2026-07-21T21:17:21.978520+00:00
2026-07-21,new,55425767,,,Land,Freehold Open Sea Residential Land Prime location,,39.0,,,BHD,sell,,,,,,,,Amwaj Marina,,,26.293058395385742,50.65943908691406,,,,Muhammad Jahengir Akram,,,,,,,https://www.propertyfinder.bh/en/plp/buy/land-for-sale-muharraq-governorate-amwaj-islands-amwaj-marina-55425767.html,2026-07-21T21:17:21.978520+00:00,2026-07-21T21:17:21.978520+00:00,0,2026-07-21T21:17:21.978520+00:00
2026-07-21,new,55425773,,,Apartment,Luxury Beachfront Living | 2BR | Beach Access,,800.0,,,BHD,monthly,,,,,,,,Diyar Al Muharraq,Marassi Shores Residences,,26.303447723388672,50.6461296081543,,,,ALMA  PEPITO,,YES,,,,,https://www.propertyfinder.bh/en/plp/rent/apartment-for-rent-muharraq-governorate-diyar-al-muharraq-marassi-shores-residences-55425773.html,2026-07-21T21:17:21.978520+00:00,2026-07-21T21:17:21.978520+00:00,0,2026-07-21T21:17:21.978520+00:00
2026-07-21,new,55425775,,,Apartment,Furnished Studio Apartment with Water View,,300.0,,,BHD,monthly,,,,,,,,Hanging Garden,,,26.27286720275879,50.672889709472656,,,,JUNAID MUNAWAR,,YES,,,,,https://www.propertyfinder.bh/en/plp/rent/apartment-for-rent-muharraq-governorate-dilmunia-island-hanging-garden-55425775.html,2026-07-21T21:17:21.978520+00:00,2026-07-21T21:17:21.978520+00:00,0,2026-07-21T21:17:21.978520+00:00
2026-07-21,new,55425777,,,Land,PRIME RESIDENTIAL PLOT | SANAD | RA ZONED,,86000.0,,,BHD,sell,,,,,,,,,,,26.149999618530273,50.58333206176758,,,,Rolin Faouri,,,,,,,https://www.propertyfinder.bh/en/plp/buy/land-for-sale-central-governorate-sanad-55425777.html,2026-07-21T21:17:21.978520+00:00,2026-07-21T21:17:21.978520+00:00,0,2026-07-21T21:17:21.978520+00:00
2026-07-21,new,55425796,,,Land,RG-Build Your Dream Villa in Prestigious Hamala,,344448.0,,,BHD,sell,,,,,,,,,,,26.140336990356445,50.478271484375,,,,Jasmine,,,,,,,https://www.propertyfinder.bh/en/plp/buy/land-for-sale-northern-governorate-hamala-55425796.html,2026-07-21T21:17:21.978520+00:00,2026-07-21T21:17:21.978520+00:00,0,2026-07-21T21:17:21.978520+00:00
2026-07-21,new,55425797,,,Apartment,1 BR Furnished Apartment with Water View,,350.0,,,BHD,monthly,,,,,,,,Essence of Dilmunia,,,26.27286720275879,50.672889709472656,,,,JUNAID MUNAWAR,,YES,,,,,https://www.propertyfinder.bh/en/plp/rent/apartment-for-rent-muharraq-governorate-dilmunia-island-essence-of-dilmunia-55425797.html,2026-07-21T21:17:21.978520+00:00,2026-07-21T21:17:21.978520+00:00,0,2026-07-21T21:17:21.978520+00:00
2026-07-21,new,55425799,,,Land,BUILD YOUR VILLA | RESIDENTIAL LAND | SANAD,,96700.0,,,BHD,sell,,,,,,,,,,,26.149999618530273,50.58333206176758,,,,Rolin Faouri,,,,,,,https://www.propertyfinder.bh/en/plp/buy/land-for-sale-central-governorate-sanad-55425799.html,2026-07-21T21:17:21.978520+00:00,2026-07-21T21:17:21.978520+00:00,0,2026-07-21T21:17:21.978520+00:00
2026-07-21,new,55425802,,,Apartment,Private Beach access I EWA and Tax included,,290.0,,,BHD,monthly,,,,,,,,Amwaj Avenue,,,26.29302978515625,50.66474151611328,,,,Majeed Moosa,,YES,,,,,https://www.propertyfinder.bh/en/plp/rent/apartment-for-rent-muharraq-governorate-amwaj-islands-amwaj-avenue-55425802.html,2026-07-21T21:17:21.978520+00:00,2026-07-21T21:17:21.978520+00:00,0,2026-07-21T21:17:21.978520+00:00
2026-07-21,new,55425803,,,Land,RESIDENTIAL PLOT | WELL-CONNECTED | BUSAITEEN,,106000.0,,,BHD,sell,,,,,,,,,,,26.27199935913086,50.60900115966797,,,,Zuhair Tlili,,,,,,,https://www.propertyfinder.bh/en/plp/buy/land-for-sale-muharraq-governorate-busaiteen-55425803.html,2026-07-21T21:17:21.978520+00:00,2026-07-21T21:17:21.978520+00:00,0,2026-07-21T21:17:21.978520+00:00
2026-07-21,new,55425805,,,Land,RESIDENTIAL LAND | NEAR SEA | PRIVATE RESIDENCE,,145000.0,,,BHD,sell,,,,,,,,,,,26.188888549804688,50.54999923706055,,,,Zuhair Tlili,,,,,,,https://www.propertyfinder.bh/en/plp/buy/land-for-sale-central-governorate-tubli-55425805.html,2026-07-21T21:17:21.978520+00:00,2026-07-21T21:17:21.978520+00:00,0,2026-07-21T21:17:21.978520+00:00
2026-07-21,new,55425806,,,Apartment,MODERN & SPACIOUS 1BHK  | POOL & GYM,,400.0,,,BHD,monthly,,,,,,,,,,,26.27199935913086,50.60900115966797,,,,Osama Butt,,YES,,,,,https://www.propertyfinder.bh/en/plp/rent/apartment-for-rent-muharraq-governorate-busaiteen-55425806.html,2026-07-21T21:17:21.978520+00:00,2026-07-21T21:17:21.978520+00:00,0,2026-07-21T21:17:21.978520+00:00
2026-07-21,new,55425807,,,Villa,NEW VILLA IN SAAR IN PRIM LOCATION,,800.0,,,BHD,monthly,,,,,,,,,,,26.19164276123047,50.48757553100586,,,,Mohammed Alseba,,PARTLY,,,,,https://www.propertyfinder.bh/en/plp/rent/villa-for-rent-northern-governorate-saar-55425807.html,2026-07-21T21:17:21.978520+00:00,2026-07-21T21:17:21.978520+00:00,0,2026-07-21T21:17:21.978520+00:00
2026-07-21,new,55425808,,,Apartment,MODERN & SPACIOUS STUDIO | POOL & GYM,,300.0,,,BHD,monthly,,,,,,,,,,,26.27199935913086,50.60900115966797,,,,Osama Butt,,YES,,,,,https://www.propertyfinder.bh/en/plp/rent/apartment-for-rent-muharraq-governorate-busaiteen-55425808.html,2026-07-21T21:17:21.978520+00:00,2026-07-21T21:17:21.978520+00:00,0,2026-07-21T21:17:21.978520+00:00
2026-07-21,new,55425810,,,Apartment,2 Bedroom/ sea view/ beautiful/ family residence,,625.0,,,BHD,monthly,,,,,,,,Canal View,,,26.273908615112305,50.67207336425781,,,,Myrah Ganapathy,,YES,,,,,https://www.propertyfinder.bh/en/plp/rent/apartment-for-rent-muharraq-governorate-dilmunia-island-canal-view-55425810.html,2026-07-21T21:17:21.978520+00:00,2026-07-21T21:17:21.978520+00:00,0,2026-07-21T21:17:21.978520+00:00
2026-07-21,new,55425813,,,Land,Freehold Beachfront Prime Residential Land,,306900.0,,,BHD,sell,,,,,,,,Amwaj Homes,,,26.288480758666992,50.66381072998047,,,,Muhammad Jahengir Akram,,,,,,,https://www.propertyfinder.bh/en/plp/buy/land-for-sale-muharraq-governorate-amwaj-islands-amwaj-homes-55425813.html,2026-07-21T21:17:21.978520+00:00,2026-07-21T21:17:21.978520+00:00,0,2026-07-21T21:17:21.978520+00:00
2026-07-21,new,55425819,,,Apartment,NAVY APPROVED | FULL SEA VIEW | RENOVATED | 1BHK,,650.0,,,BHD,monthly,,,,,,,,,,,26.241750717163086,50.5663948059082,,,,Loai Bitar,,YES,,,,,https://www.propertyfinder.bh/en/plp/rent/apartment-for-rent-capital-governorate-reef-island-55425819.html,2026-07-21T21:17:21.978520+00:00,2026-07-21T21:17:21.978520+00:00,0,2026-07-21T21:17:21.978520+00:00
2026-07-21,new,55425823,,,Apartment,FULLY FURNISHED | 2 BHK | BRIGHT & SPACIOUS,,650.0,,,BHD,monthly,,,,,,,,,,,26.19164276123047,50.48757553100586,,,,Yumna Awad,,YES,,,,,https://www.propertyfinder.bh/en/plp/rent/apartment-for-rent-northern-governorate-saar-55425823.html,2026-07-21T21:17:21.978520+00:00,2026-07-21T21:17:21.978520+00:00,0,2026-07-21T21:17:21.978520+00:00
2026-07-21,new,55425824,,,Apartment,ONE BHK FLAT AVAILABLE NEAR REEF AL YEMAN,,200.0,,,BHD,monthly,,,,,,,,Exhibition Road,,,26.231962203979492,50.59507369995117,,,,Imad Hasan,,YES,,,,,https://www.propertyfinder.bh/en/plp/rent/apartment-for-rent-capital-governorate-hoora-exhibition-road-55425824.html,2026-07-21T21:17:21.978520+00:00,2026-07-21T21:17:21.978520+00:00,0,2026-07-21T21:17:21.978520+00:00
2026-07-21,new,55425827,,,Apartment,4BHK + MAID | MARASSI | FURNISHED,,255888.0,,,BHD,sell,,,,,,,,Diyar Al Muharraq,,,26.303447723388672,50.6461296081543,,,,Loai Bitar,,PARTLY,completed_primary,,,,https://www.propertyfinder.bh/en/plp/buy/apartment-for-sale-muharraq-governorate-diyar-al-muharraq-marassi-al-bahrain-55425827.html,2026-07-21T21:17:21.978520+00:00,2026-07-21T21:17:21.978520+00:00,0,2026-07-21T21:17:21.978520+00:00
2026-07-21,new,55425829,,,Apartment,LUXURY 1BHK | MARASSI | BEACH ACCESS,,79888.0,,,BHD,sell,,,,,,,,Diyar Al Muharraq,,,26.303447723388672,50.6461296081543,,,,Loai Bitar,,PARTLY,completed_primary,,,,https://www.propertyfinder.bh/en/plp/buy/apartment-for-sale-muharraq-governorate-diyar-al-muharraq-marassi-al-bahrain-55425829.html,2026-07-21T21:17:21.978520+00:00,2026-07-21T21:17:21.978520+00:00,0,2026-07-21T21:17:21.978520+00:00
2026-07-21,new,55425835,,,Apartment,Furnished 2 BR Apartment with Water View,,650.0,,,BHD,monthly,,,,,,,,The Treasure,,,26.27286720275879,50.672889709472656,,,,JUNAID MUNAWAR,,YES,,,,,https://www.propertyfinder.bh/en/plp/rent/apartment-for-rent-muharraq-governorate-dilmunia-island-the-treasure-55425835.html,2026-07-21T21:17:21.978520+00:00,2026-07-21T21:17:21.978520+00:00,0,2026-07-21T21:17:21.978520+00:00
2026-07-21,new,55425836,,,Apartment,BRAND NEW STUDIO | MARASSI | PAYMENT PLAN,,93888.0,,,BHD,sell,,,,,,,,Diyar Al Muharraq,,,26.303447723388672,50.6461296081543,,,,Loai Bitar,,YES,completed_primary,,,,https://www.propertyfinder.bh/en/plp/buy/apartment-for-sale-muharraq-governorate-diyar-al-muharraq-marassi-al-bahrain-55425836.html,2026-07-21T21:17:21.978520+00:00,2026-07-21T21:17:21.978520+00:00,0,2026-07-21T21:17:21.978520+00:00
2026-07-21,new,55425839,,,Apartment,Bright Studio Apartment | Budget-Friendly,,250.0,,,BHD,monthly,,,,,,,,Sanabis,,,26.226558685302734,50.5459098815918,,,,ALMA  PEPITO,,YES,,,,,https://www.propertyfinder.bh/en/plp/rent/apartment-for-rent-capital-governorate-manama-sanabis-55425839.html,2026-07-21T21:17:21.978520+00:00,2026-07-21T21:17:21.978520+00:00,0,2026-07-21T21:17:21.978520+00:00
2026-07-21,new,55425840,,,Apartment,AFFORDABLE 1BHK |  PRIME LOCATION | ELEGANT LAYOUT,,57000.0,,,BHD,sell,,,,,,,,,,,26.239999771118164,50.5369987487793,,,,Zuhair Tlili,,PARTLY,completed,,,,https://www.propertyfinder.bh/en/plp/buy/apartment-for-sale-capital-governorate-seef-55425840.html,2026-07-21T21:17:21.978520+00:00,2026-07-21T21:17:21.978520+00:00,0,2026-07-21T21:17:21.978520+00:00
2026-07-21,new,55425846,,,Villa,MODERN | LUXRIOUS | POOL | GARDEN | NEAR ST. CHRIS,,1300.0,,,BHD,monthly,,,,,,,,,,,26.19164276123047,50.48757553100586,,,,Ismail Abdullah,,PARTLY,,,,,https://www.propertyfinder.bh/en/plp/rent/villa-for-rent-northern-governorate-saar-55425846.html,2026-07-21T21:17:21.978520+00:00,2026-07-21T21:17:21.978520+00:00,0,2026-07-21T21:17:21.978520+00:00
2026-07-21,new,55425847,,,Villa,Villa in Saar's Finest Neighborhood,,650.0,,,BHD,monthly,,,,,,,,,,,26.19164276123047,50.48757553100586,,,,Ali AlBanna,,PARTLY,,,,,https://www.propertyfinder.bh/en/plp/rent/villa-for-rent-northern-governorate-saar-55425847.html,2026-07-21T21:17:21.978520+00:00,2026-07-21T21:17:21.978520+00:00,0,2026-07-21T21:17:21.978520+00:00
2026-07-21,new,55425849,,,Penthouse,Spacious 3BR Penthouse Private Pool & Housekeeping,,1600.0,,,BHD,monthly,,,,,,,,,,,26.211111068725586,50.601112365722656,,,,Soha Younes,,YES,,,,,https://www.propertyfinder.bh/en/plp/rent/penthouse-for-rent-capital-governorate-al-juffair-55425849.html,2026-07-21T21:17:21.978520+00:00,2026-07-21T21:17:21.978520+00:00,0,2026-07-21T21:17:21.978520+00:00
2026-07-21,new,55425850,,,Apartment,DIRECT BEACH ACCESS | TERRACE | HIGHFLOOR,,600.0,,,BHD,monthly,,,,,,,,Diyar Al Muharraq,,,26.303447723388672,50.6461296081543,,,,Wilfred Pagalan,,YES,,,,,https://www.propertyfinder.bh/en/plp/rent/apartment-for-rent-muharraq-governorate-diyar-al-muharraq-marassi-al-bahrain-55425850.html,2026-07-21T21:17:21.978520+00:00,2026-07-21T21:17:21.978520+00:00,0,2026-07-21T21:17:21.978520+00:00
2026-07-21,new,55425852,,,Land,Hot Deal Sandy Beach 2 Plots next to each other,,168493.0,,,BHD,sell,,,,,,,,Amwaj Homes,,,26.288480758666992,50.66381072998047,,,,Muhammad Jahengir Akram,,,,,,,https://www.propertyfinder.bh/en/plp/buy/land-for-sale-muharraq-governorate-amwaj-islands-amwaj-homes-55425852.html,2026-07-21T21:17:21.978520+00:00,2026-07-21T21:17:21.978520+00:00,0,2026-07-21T21:17:21.978520+00:00
2026-07-21,new,55425854,,,Villa,Villa in Saar's Finest Neighborhood,,850.0,,,BHD,monthly,,,,,,,,,,,26.19164276123047,50.48757553100586,,,,Ali AlBanna,,PARTLY,,,,,https://www.propertyfinder.bh/en/plp/rent/villa-for-rent-northern-governorate-saar-55425854.html,2026-07-21T21:17:21.978520+00:00,2026-07-21T21:17:21.978520+00:00,0,2026-07-21T21:17:21.978520+00:00
2026-07-21,new,55425858,,,Villa,Luxury Furnished Villa | 4BR | Private Beach Acces,,1000.0,,,BHD,monthly,,,,,,,,Al Marsa Floating City,,,26.2847957611084,50.669620513916016,,,,ALMA  PEPITO,,YES,,,,,https://www.propertyfinder.bh/en/plp/rent/villa-for-rent-muharraq-governorate-amwaj-islands-al-marsa-floating-city-55425858.html,2026-07-21T21:17:21.978520+00:00,2026-07-21T21:17:21.978520+00:00,0,2026-07-21T21:17:21.978520+00:00
2026-07-21,new,55425863,,,Office Space,Modern Office | Stunning Skyline View | Free EWA,,225.0,,,BHD,monthly,,,,,,,,,,,26.239999771118164,50.5369987487793,,,,Abdelrahman Hassan,,YES,,,,,https://www.propertyfinder.bh/en/plp/commercial-rent/office-space-for-rent-capital-governorate-seef-55425863.html,2026-07-21T21:17:21.978520+00:00,2026-07-21T21:17:21.978520+00:00,0,2026-07-21T21:17:21.978520+00:00
2026-07-21,new,55425865,,,Apartment,New 1 bedroom inclusive in Nuwaidrat,,230.0,,,BHD,monthly,,,,,,,,,,,26.133333206176758,50.599998474121094,,,,Husain  Sadeq,,PARTLY,,,,,https://www.propertyfinder.bh/en/plp/rent/apartment-for-rent-central-governorate-nuwaidrat-55425865.html,2026-07-21T21:17:21.978520+00:00,2026-07-21T21:17:21.978520+00:00,0,2026-07-21T21:17:21.978520+00:00
2026-07-21,new,55425867,,,Apartment,HARBOR WATER VIEW | FAMILY FRIENDLY BLDG | 3 BHK,,525.0,,,BHD,monthly,,,,,,,,Abraj Al Lulu,,,26.230030059814453,50.55890655517578,,,,Anza Khurram,,YES,,,,,https://www.propertyfinder.bh/en/plp/rent/apartment-for-rent-capital-governorate-manama-abraj-al-lulu-55425867.html,2026-07-21T21:17:21.978520+00:00,2026-07-21T21:17:21.978520+00:00,0,2026-07-21T21:17:21.978520+00:00
2026-07-21,new,55425868,,,Villa,SPACIOUS LAYOUT | GARDEN | POOL | NEAR CHRISTOPHER,,1400.0,,,BHD,monthly,,,,,,,,,,,26.19164276123047,50.48757553100586,,,,Usman Ali,,YES,,,,,https://www.propertyfinder.bh/en/plp/rent/villa-for-rent-northern-governorate-saar-55425868.html,2026-07-21T21:17:21.978520+00:00,2026-07-21T21:17:21.978520+00:00,0,2026-07-21T21:17:21.978520+00:00
2026-07-21,new,55425869,,,Apartment,MODERN & COZY SEA VIEW 2BHK| BALCONY| POOL & GYM,,450.0,,,BHD,monthly,,,,,,,,Amwaj Avenue,,,26.29302978515625,50.66474151611328,,,,Osama Butt,,YES,,,,,https://www.propertyfinder.bh/en/plp/rent/apartment-for-rent-muharraq-governorate-amwaj-islands-amwaj-avenue-55425869.html,2026-07-21T21:17:21.978520+00:00,2026-07-21T21:17:21.978520+00:00,0,2026-07-21T21:17:21.978520+00:00
2026-07-21,new,55425878,,,Apartment,IDEAL LOCATION | NICELY FURNISHED | GOOD AMENITIES,,420.0,,,BHD,monthly,,,,,,,,Abraj Al Lulu,,,26.230030059814453,50.55890655517578,,,,Anza Khurram,,YES,,,,,https://www.propertyfinder.bh/en/plp/rent/apartment-for-rent-capital-governorate-manama-abraj-al-lulu-55425878.html,2026-07-21T21:17:21.978520+00:00,2026-07-21T21:17:21.978520+00:00,0,2026-07-21T21:17:21.978520+00:00
2026-07-21,new,55425879,,,Apartment,1 BHK | SEAVIEW | SERVICE APARTMENT | BEACH ACCESS,,126888.0,,,BHD,sell,,,,,,,,Diyar Al Muharraq,,,26.303447723388672,50.6461296081543,,,,Loai Bitar,,YES,completed_primary,,,,https://www.propertyfinder.bh/en/plp/buy/apartment-for-sale-muharraq-governorate-diyar-al-muharraq-marassi-al-bahrain-55425879.html,2026-07-21T21:17:21.978520+00:00,2026-07-21T21:17:21.978520+00:00,0,2026-07-21T21:17:21.978520+00:00
2026-07-21,new,55425883,,,Villa,Villa in Saar's Finest Neighborhood,,1000.0,,,BHD,monthly,,,,,,,,,,,26.19164276123047,50.48757553100586,,,,Ali AlBanna,,YES,,,,,https://www.propertyfinder.bh/en/plp/rent/villa-for-rent-northern-governorate-saar-55425883.html,2026-07-21T21:17:21.978520+00:00,2026-07-21T21:17:21.978520+00:00,0,2026-07-21T21:17:21.978520+00:00
2026-07-21,new,55425884,,,Villa,HIGH-MODERN | LUXURY | INCLUSIVE | BRITISH SCHOOL,,1700.0,,,BHD,monthly,,,,,,,,,,,26.166685104370117,50.45078659057617,,,,Ismail Abdullah,,PARTLY,,,,,https://www.propertyfinder.bh/en/plp/rent/villa-for-rent-northern-governorate-al-jasra-55425884.html,2026-07-21T21:17:21.978520+00:00,2026-07-21T21:17:21.978520+00:00,0,2026-07-21T21:17:21.978520+00:00
2026-07-21,new,55425889,,,Apartment,3 BR Furnished Apartment with Seaview,,1350.0,,,BHD,monthly,,,,,,,,Canal View,,,26.273908615112305,50.67207336425781,,,,JUNAID MUNAWAR,,YES,,,,,https://www.propertyfinder.bh/en/plp/rent/apartment-for-rent-muharraq-governorate-dilmunia-island-canal-view-55425889.html,2026-07-21T21:17:21.978520+00:00,2026-07-21T21:17:21.978520+00:00,0,2026-07-21T21:17:21.978520+00:00
2026-07-21,new,55425891,,,Villa,Luxury Furnished Villa | Private Beach Access,,140000.0,,,BHD,sell,,,,,,,,Al Marsa Floating City,,,26.2847957611084,50.669620513916016,,,,ALMA  PEPITO,,YES,completed_primary,,,,https://www.propertyfinder.bh/en/plp/buy/villa-for-sale-muharraq-governorate-amwaj-islands-al-marsa-floating-city-55425891.html,2026-07-21T21:17:21.978520+00:00,2026-07-21T21:17:21.978520+00:00,0,2026-07-21T21:17:21.978520+00:00
2026-07-21,new,55425906,,,Apartment,SERVICE APARTMENT | BEACH ACCESS | BRAND NEW 3 BHK,,309888.0,,,BHD,sell,,,,,,,,Diyar Al Muharraq,,,26.303447723388672,50.6461296081543,,,,Loai Bitar,,YES,completed_primary,,,,https://www.propertyfinder.bh/en/plp/buy/apartment-for-sale-muharraq-governorate-diyar-al-muharraq-marassi-al-bahrain-55425906.html,2026-07-21T21:17:21.978520+00:00,2026-07-21T21:17:21.978520+00:00,0,2026-07-21T21:17:21.978520+00:00
2026-07-21,new,55425911,,,Apartment,2BHK | SERVICE APARTMENT | BEACH ACCESS,,240000.0,,,BHD,sell,,,,,,,,Diyar Al Muharraq,,,26.303447723388672,50.6461296081543,,,,Loai Bitar,,YES,completed_primary,,,,https://www.propertyfinder.bh/en/plp/buy/apartment-for-sale-muharraq-governorate-diyar-al-muharraq-marassi-al-bahrain-55425911.html,2026-07-21T21:17:21.978520+00:00,2026-07-21T21:17:21.978520+00:00,0,2026-07-21T21:17:21.978520+00:00
2026-07-21,new,55425922,,,Apartment,BRAND NEW | PAYMENT PLAN | BEACH ACCESS,,223888.0,,,BHD,sell,,,,,,,,Diyar Al Muharraq,,,26.303447723388672,50.6461296081543,,,,Loai Bitar,,YES,completed_primary,,,,https://www.propertyfinder.bh/en/plp/buy/apartment-for-sale-muharraq-governorate-diyar-al-muharraq-marassi-al-bahrain-55425922.html,2026-07-21T21:17:21.978520+00:00,2026-07-21T21:17:21.978520+00:00,0,2026-07-21T21:17:21.978520+00:00
2026-07-21,new,55425924,,,Duplex,EXQUISITE 3BHK | BRAND NEW DUPLEX | LUXURY LIVING,,1600.0,,,BHD,monthly,,,,,,,,,,,26.239999771118164,50.5369987487793,,,,Loai Bitar,,YES,,,,,https://www.propertyfinder.bh/en/plp/rent/duplex-for-rent-capital-governorate-seef-55425924.html,2026-07-21T21:17:21.978520+00:00,2026-07-21T21:17:21.978520+00:00,0,2026-07-21T21:17:21.978520+00:00
2026-07-21,new,55425926,,,Apartment,Hot Deal | Luxury 1-Bedroom Apartment,,350.0,,,BHD,monthly,,,,,,,,,,,26.239999771118164,50.5369987487793,,,,ALMA  PEPITO,,YES,,,,,https://www.propertyfinder.bh/en/plp/rent/apartment-for-rent-capital-governorate-seef-55425926.html,2026-07-21T21:17:21.978520+00:00,2026-07-21T21:17:21.978520+00:00,0,2026-07-21T21:17:21.978520+00:00
2026-07-21,new,55425927,,,Apartment,MASSIVE SPACE | FF 1BHK | HOUSEKEEPING | WIFI,,400.0,,,BHD,monthly,,,,,,,,Amwaj Marina,,,26.293058395385742,50.65943908691406,,,,Rolin Faouri,,YES,,,,,https://www.propertyfinder.bh/en/plp/rent/apartment-for-rent-muharraq-governorate-amwaj-islands-amwaj-marina-55425927.html,2026-07-21T21:17:21.978520+00:00,2026-07-21T21:17:21.978520+00:00,0,2026-07-21T21:17:21.978520+00:00
2026-07-21,new,55425932,,,Apartment,2 BR Furnished Apartment with Huge terrace,,550.0,,,BHD,monthly,,,,,,,,Essence of Dilmunia,,,26.27286720275879,50.672889709472656,,,,JUNAID MUNAWAR,,YES,,,,,https://www.propertyfinder.bh/en/plp/rent/apartment-for-rent-muharraq-governorate-dilmunia-island-essence-of-dilmunia-55425932.html,2026-07-21T21:17:21.978520+00:00,2026-07-21T21:17:21.978520+00:00,0,2026-07-21T21:17:21.978520+00:00
2026-07-21,new,55425935,,,Apartment,Best Value in Juffair | Elegant 2BR Semi-Furnished,,300.0,,,BHD,monthly,,,,,,,,,,,26.211111068725586,50.601112365722656,,,,ALMA  PEPITO,,PARTLY,,,,,https://www.propertyfinder.bh/en/plp/rent/apartment-for-rent-capital-governorate-al-juffair-55425935.html,2026-07-21T21:17:21.978520+00:00,2026-07-21T21:17:21.978520+00:00,0,2026-07-21T21:17:21.978520+00:00
2026-07-21,new,55425940,,,Apartment,MODERN | FULL FURNISHED | TOP FACILITIES,,400.0,,,BHD,monthly,,,,,,,,,,,26.239999771118164,50.5369987487793,,,,Loai Bitar,,YES,,,,,https://www.propertyfinder.bh/en/plp/rent/apartment-for-rent-capital-governorate-seef-55425940.html,2026-07-21T21:17:21.978520+00:00,2026-07-21T21:17:21.978520+00:00,0,2026-07-21T21:17:21.978520+00:00
2026-07-21,new,55425952,,,Land,RESIDENTIAL LAND | RHA | PRIME LOCATION,,68600.0,,,BHD,sell,,,,,,,,,,,26.1634578704834,50.515289306640625,,,,Rolin Faouri,,,,,,,https://www.propertyfinder.bh/en/plp/buy/land-for-sale-central-governorate-a-ali-55425952.html,2026-07-21T21:17:21.978520+00:00,2026-07-21T21:17:21.978520+00:00,0,2026-07-21T21:17:21.978520+00:00
2026-07-21,new,55425954,,,Villa,FULLY RENOVATED | LUXURY 5BHk VILLA | SPACIOUS,,225000.0,,,BHD,sell,,,,,,,,,,,26.288480758666992,50.66381072998047,,,,Zuhair Tlili,,YES,completed,,,,https://www.propertyfinder.bh/en/plp/buy/villa-for-sale-muharraq-governorate-amwaj-islands-55425954.html,2026-07-21T21:17:21.978520+00:00,2026-07-21T21:17:21.978520+00:00,0,2026-07-21T21:17:21.978520+00:00
2026-07-21,new,55425957,,,Apartment,Luxury Apartment For Rent In Aali,,180.0,,,BHD,monthly,,,,,,,,,,,26.1634578704834,50.515289306640625,,,,Ayman Idrees,,PARTLY,,,,,https://www.propertyfinder.bh/en/plp/rent/apartment-for-rent-central-governorate-a-ali-55425957.html,2026-07-21T21:17:21.978520+00:00,2026-07-21T21:17:21.978520+00:00,0,2026-07-21T21:17:21.978520+00:00
2026-07-21,new,55425958,,,Apartment,ELEGANT 2BHK | BALCONY | MALL ACCESS | FACILITIES,,550.0,,,BHD,monthly,,,,,,,,Diyar Al Muharraq,Marassi Residences,,26.303447723388672,50.6461296081543,,,,Rolin Faouri,,YES,,,,,https://www.propertyfinder.bh/en/plp/rent/apartment-for-rent-muharraq-governorate-diyar-al-muharraq-marassi-residences-55425958.html,2026-07-21T21:17:21.978520+00:00,2026-07-21T21:17:21.978520+00:00,0,2026-07-21T21:17:21.978520+00:00
2026-07-21,new,55425966,,,Apartment,WIFI | PETS ALLOWED | GOOD SIZE LAYOUT | MOVE NOW,,310.0,,,BHD,monthly,,,,,,,,Amwaj Avenue,,,26.29302978515625,50.66474151611328,,,,Rolin Faouri,,YES,,,,,https://www.propertyfinder.bh/en/plp/rent/apartment-for-rent-muharraq-governorate-amwaj-islands-amwaj-avenue-55425966.html,2026-07-21T21:17:21.978520+00:00,2026-07-21T21:17:21.978520+00:00,0,2026-07-21T21:17:21.978520+00:00
2026-07-21,new,55425969,,,Apartment,Luxurious 2 BHK Seef | Sea View Gym Pool BD 500,,500.0,,,BHD,monthly,,,,,,,,,,,26.239999771118164,50.5369987487793,,,,JUNAID MUNAWAR,,YES,,,,,https://www.propertyfinder.bh/en/plp/rent/apartment-for-rent-capital-governorate-seef-55425969.html,2026-07-21T21:17:21.978520+00:00,2026-07-21T21:17:21.978520+00:00,0,2026-07-21T21:17:21.978520+00:00
2026-07-21,new,55425970,,,Villa,SPACIOUS VILLA | EASY ACCESS | 4BHK+MAID | BRIGHT,,138500.0,,,BHD,sell,,,,,,,,,,,26.113693237304688,50.48170471191406,,,,Yumna Awad,,NO,completed_primary,,,,https://www.propertyfinder.bh/en/plp/buy/villa-for-sale-northern-governorate-karzakkan-55425970.html,2026-07-21T21:17:21.978520+00:00,2026-07-21T21:17:21.978520+00:00,0,2026-07-21T21:17:21.978520+00:00
2026-07-21,new,55425971,,,Apartment,Elite 2BHK Flat Seef | Balcony Pool Gym Net 500,,500.0,,,BHD,monthly,,,,,,,,,,,26.239999771118164,50.5369987487793,,,,JUNAID MUNAWAR,,YES,,,,,https://www.propertyfinder.bh/en/plp/rent/apartment-for-rent-capital-governorate-seef-55425971.html,2026-07-21T21:17:21.978520+00:00,2026-07-21T21:17:21.978520+00:00,0,2026-07-21T21:17:21.978520+00:00
2026-07-21,new,55425973,,,Apartment,LAUNDRY ROOM | WIFI | SPACIOUS | PET FRIENDLY,,350.0,,,BHD,monthly,,,,,,,,Amwaj Avenue,,,26.29302978515625,50.66474151611328,,,,Rolin Faouri,,YES,,,,,https://www.propertyfinder.bh/en/plp/rent/apartment-for-rent-muharraq-governorate-amwaj-islands-amwaj-avenue-55425973.html,2026-07-21T21:17:21.978520+00:00,2026-07-21T21:17:21.978520+00:00,0,2026-07-21T21:17:21.978520+00:00
2026-07-21,new,55426003,,,Villa,LUXURY FURNISHED VILLA | MAID ROOM | EWA INCLUSIVE,,850.0,,,BHD,monthly,,,,,,,,,,,26.19164276123047,50.48757553100586,,,,Sachal Khan,,YES,,,,,https://www.propertyfinder.bh/en/plp/rent/villa-for-rent-northern-governorate-saar-55426003.html,2026-07-21T21:17:21.978520+00:00,2026-07-21T21:17:21.978520+00:00,0,2026-07-21T21:17:21.978520+00:00
2026-07-21,new,55426004,,,Villa,Super Deluxe Waterfront Villa,,2400.0,,,BHD,monthly,,,,,,,,,,,26.188888549804688,50.54999923706055,,,,Eva Gavin,,PARTLY,,,,,https://www.propertyfinder.bh/en/plp/rent/villa-for-rent-central-governorate-tubli-55426004.html,2026-07-21T21:17:21.978520+00:00,2026-07-21T21:17:21.978520+00:00,0,2026-07-21T21:17:21.978520+00:00
2026-07-21,new,55426005,,,Villa,Special price \ 1 road \ Distinctive Villa,,235000.0,,,BHD,sell,,,,,,,,Saraya 2,,,26.19185447692871,50.509178161621094,,,,Ali AlBanna,,NO,completed,,,,https://www.propertyfinder.bh/en/plp/buy/villa-for-sale-northern-governorate-bu-quwah-saraya-2-974627.html,2026-07-21T21:17:21.978520+00:00,2026-07-21T21:17:21.978520+00:00,0,2026-07-21T21:17:21.978520+00:00
2026-07-21,new,55426051,,,Villa,Luxury 4BR Beachfront Villa | Semi  Furnished,,1050.0,,,BHD,monthly,,,,,,,,Najma,,,26.29715919494629,50.669647216796875,,,,ALMA  PEPITO,,PARTLY,,,,,https://www.propertyfinder.bh/en/plp/rent/villa-for-rent-muharraq-governorate-amwaj-islands-najma-55426051.html,2026-07-21T21:17:21.978520+00:00,2026-07-21T21:17:21.978520+00:00,0,2026-07-21T21:17:21.978520+00:00
2026-07-21,new,55426055,,,Apartment,DISCOUNTED PRICE | PRIME LOCATION | SPACIOUS,,60000.0,,,BHD,sell,,,,,,,,Sanabis,,,26.226558685302734,50.5459098815918,,,,Preeti Paudel,,NO,completed,,,,https://www.propertyfinder.bh/en/plp/buy/apartment-for-sale-capital-governorate-manama-sanabis-55426055.html,2026-07-21T21:17:21.978520+00:00,2026-07-21T21:17:21.978520+00:00,0,2026-07-21T21:17:21.978520+00:00
2026-07-21,new,55426056,,,Apartment,DISCOUNTED PRICE | PRIME LOCATION | SPACIOUS,,85000.0,,,BHD,sell,,,,,,,,Sanabis,,,26.226558685302734,50.5459098815918,,,,Preeti Paudel,,NO,completed,,,,https://www.propertyfinder.bh/en/plp/buy/apartment-for-sale-capital-governorate-manama-sanabis-55426056.html,2026-07-21T21:17:21.978520+00:00,2026-07-21T21:17:21.978520+00:00,0,2026-07-21T21:17:21.978520+00:00
2026-07-21,new,55426057,,,Apartment,DISCOUNTED PRICE | SPACIOUS | WELL MAINTAINED,,54000.0,,,BHD,sell,,,,,,,,Sanabis,,,26.226558685302734,50.5459098815918,,,,Preeti Paudel,,NO,completed,,,,https://www.propertyfinder.bh/en/plp/buy/apartment-for-sale-capital-governorate-manama-sanabis-55426057.html,2026-07-21T21:17:21.978520+00:00,2026-07-21T21:17:21.978520+00:00,0,2026-07-21T21:17:21.978520+00:00
2026-07-21,new,55426069,,,Staff Accommodation,STAFF ACCOMODATION | STAND ALONE | IDEAL LOCATION,,1100.0,,,BHD,monthly,,,,,,,,,,,26.2102108001709,50.56403350830078,,,,Anza Khurram,,PARTLY,,,,,https://www.propertyfinder.bh/en/plp/commercial-rent/staff-accommodation-for-rent-capital-governorate-manama-zinj-55426069.html,2026-07-21T21:17:21.978520+00:00,2026-07-21T21:17:21.978520+00:00,0,2026-07-21T21:17:21.978520+00:00
2026-07-21,new,55426080,,,Apartment,Luxurious Seef 1BHK | Sea View Gym Pool  400 Inc,,400.0,,,BHD,monthly,,,,,,,,,,,26.239999771118164,50.5369987487793,,,,JUNAID MUNAWAR,,YES,,,,,https://www.propertyfinder.bh/en/plp/rent/apartment-for-rent-capital-governorate-seef-55426080.html,2026-07-21T21:17:21.978520+00:00,2026-07-21T21:17:21.978520+00:00,0,2026-07-21T21:17:21.978520+00:00
2026-07-21,new,55426082,,,Apartment,LAGOON VIEW | HIGH FLOOR | ATTRACTIVE PRICE,,400.0,,,BHD,monthly,,,,,,,,The Lagoon,,,26.287778854370117,50.66339111328125,,,,Rolin Faouri,,YES,,,,,https://www.propertyfinder.bh/en/plp/rent/apartment-for-rent-muharraq-governorate-amwaj-islands-the-lagoon-55426082.html,2026-07-21T21:17:21.978520+00:00,2026-07-21T21:17:21.978520+00:00,0,2026-07-21T21:17:21.978520+00:00
2026-07-21,new,55426084,,,Apartment,BRAND NEW 2BHK | BALCONY | NEAR MERCADO MALL,,50000.0,,,BHD,sell,,,,,,,,,,,26.185943603515625,50.46711349487305,,,,Irina Matvievici,,PARTLY,completed_primary,,,,https://www.propertyfinder.bh/en/plp/buy/apartment-for-sale-northern-governorate-janabiya-55426084.html,2026-07-21T21:17:21.978520+00:00,2026-07-21T21:17:21.978520+00:00,0,2026-07-21T21:17:21.978520+00:00
2026-07-21,new,55426085,,,Apartment,BRAND NEW | PET FRIENDLY | BEACH ACCESS,,450.0,,,BHD,monthly,,,,,,,,Diyar Al Muharraq,Marassi Park Residences,,26.307302474975586,50.645973205566406,,,,ALMA  PEPITO,,YES,,,,,https://www.propertyfinder.bh/en/plp/rent/apartment-for-rent-muharraq-governorate-diyar-al-muharraq-marassi-park-residences-55426085.html,2026-07-21T21:17:21.978520+00:00,2026-07-21T21:17:21.978520+00:00,0,2026-07-21T21:17:21.978520+00:00
2026-07-21,new,55426086,,,Apartment,Spacious 1BHK in Seef | Pool Gym Balcony BD 350,,350.0,,,BHD,monthly,,,,,,,,,,,26.239999771118164,50.5369987487793,,,,JUNAID MUNAWAR,,YES,,,,,https://www.propertyfinder.bh/en/plp/rent/apartment-for-rent-capital-governorate-seef-55426086.html,2026-07-21T21:17:21.978520+00:00,2026-07-21T21:17:21.978520+00:00,0,2026-07-21T21:17:21.978520+00:00
2026-07-21,new,55426087,,,Villa,For sale luxurious and spacious villa in Shahrakan,,158000.0,,,BHD,sell,,,,,,,,,,,26.07509422302246,50.499610900878906,,,,Yes Real Estate,,YES,completed,,,,https://www.propertyfinder.bh/en/plp/buy/villa-for-sale-northern-governorate-shahrakan-55426087.html,2026-07-21T21:17:21.978520+00:00,2026-07-21T21:17:21.978520+00:00,0,2026-07-21T21:17:21.978520+00:00
2026-07-21,new,55426089,,,Villa,WATERFRONT LIVING | 5 BHK VILLA | GARDEN,,129000.0,,,BHD,sell,,,,,,,,,,,26.12916374206543,50.49860763549805,,,,Yumna Awad,,NO,completed_primary,,,,https://www.propertyfinder.bh/en/plp/buy/villa-for-sale-northern-governorate-hamad-town-55426089.html,2026-07-21T21:17:21.978520+00:00,2026-07-21T21:17:21.978520+00:00,0,2026-07-21T21:17:21.978520+00:00
2026-07-21,new,55426093,,,Apartment,Beautiful 1BHK|Inclusive|Luxury|WIFI|Sea View,,260.0,,,BHD,monthly,,,,,,,,,,,26.211111068725586,50.601112365722656,,,,Shahbaz Memon,,YES,,,,,https://www.propertyfinder.bh/en/plp/rent/apartment-for-rent-capital-governorate-al-juffair-55426093.html,2026-07-21T21:17:21.978520+00:00,2026-07-21T21:17:21.978520+00:00,0,2026-07-21T21:17:21.978520+00:00
2026-07-21,new,55426094,,,Apartment,Family Friendly|Spacious|Special Price|2BH,,425.0,,,BHD,monthly,,,,,,,,Sanabis,,,26.226558685302734,50.5459098815918,,,,Hazeeth,,YES,,,,,https://www.propertyfinder.bh/en/plp/rent/apartment-for-rent-capital-governorate-manama-sanabis-55426094.html,2026-07-21T21:17:21.978520+00:00,2026-07-21T21:17:21.978520+00:00,0,2026-07-21T21:17:21.978520+00:00
2026-07-21,new,55426098,,,Apartment,Spacious 3 BHK Villa / Private Garden/ Shared Pool,,450.0,,,BHD,monthly,,,,,,,,,,,26.188888549804688,50.54999923706055,,,,A. Mhaout,,NO,,,,,https://www.propertyfinder.bh/en/plp/rent/apartment-for-rent-central-governorate-tubli-55426098.html,2026-07-21T21:17:21.978520+00:00,2026-07-21T21:17:21.978520+00:00,0,2026-07-21T21:17:21.978520+00:00
2026-07-21,new,55426099,,,Villa,LUXURIOUS COMPOUND VILLA WITH PRIVATE POOL,,1600.0,,,BHD,monthly,,,,,,,,,,,26.19164276123047,50.48757553100586,,,,Husain Alsebea,,PARTLY,,,,,https://www.propertyfinder.bh/en/plp/rent/villa-for-rent-northern-governorate-saar-55426099.html,2026-07-21T21:17:21.978520+00:00,2026-07-21T21:17:21.978520+00:00,0,2026-07-21T21:17:21.978520+00:00
2026-07-21,new,55426100,,,Villa,MODERN VILLA | PRIVATE MAJLIS | 5 BEDROOMS,,200000.0,,,BHD,sell,,,,,,,,,,,26.130512237548828,50.55546569824219,,,,Yumna Awad,,PARTLY,completed,,,,https://www.propertyfinder.bh/en/plp/buy/villa-for-sale-southern-governorate-riffa-55426100.html,2026-07-21T21:17:21.978520+00:00,2026-07-21T21:17:21.978520+00:00,0,2026-07-21T21:17:21.978520+00:00
2026-07-21,new,55426110,,,Villa,MODERN 5BHK VILLA | MAQABA | ELEVATOR READY,,235000.0,,,BHD,sell,,,,,,,,,,,26.21023941040039,50.49468231201172,,,,Yumna Awad,,NO,completed_primary,,,,https://www.propertyfinder.bh/en/plp/buy/villa-for-sale-northern-governorate-maqabah-55426110.html,2026-07-21T21:17:21.978520+00:00,2026-07-21T21:17:21.978520+00:00,0,2026-07-21T21:17:21.978520+00:00
2026-07-21,new,55426112,,,Apartment,Balcony|Pet allowed|Inclusive|Spacious|2BHK,,500.0,,,BHD,monthly,,,,,,,,Sanabis,,,26.226558685302734,50.5459098815918,,,,Hazeeth,,YES,,,,,https://www.propertyfinder.bh/en/plp/rent/apartment-for-rent-capital-governorate-manama-sanabis-55426112.html,2026-07-21T21:17:21.978520+00:00,2026-07-21T21:17:21.978520+00:00,0,2026-07-21T21:17:21.978520+00:00
2026-07-21,new,55426122,,,Apartment,SPACIOUS FAMILY APARTMENT | POOL & GYM | BALCONY,,69000.0,,,BHD,sell,,,,,,,,,,,26.212005615234375,50.520294189453125,,,,Yumna Awad,,YES,completed,,,,https://www.propertyfinder.bh/en/plp/buy/apartment-for-sale-northern-governorate-al-qadam-55426122.html,2026-07-21T21:17:21.978520+00:00,2026-07-21T21:17:21.978520+00:00,0,2026-07-21T21:17:21.978520+00:00
2026-07-21,new,55426129,,,Apartment,Flat for rent in jid Ali,,140.0,,,BHD,monthly,,,,,,,,,,,26.179166793823242,50.56222152709961,,,,Ammar Zekrait,,NO,,,,,https://www.propertyfinder.bh/en/plp/rent/apartment-for-rent-central-governorate-jid-ali-55426129.html,2026-07-21T21:17:21.978520+00:00,2026-07-21T21:17:21.978520+00:00,0,2026-07-21T21:17:21.978520+00:00
2026-07-21,new,55426134,,,Villa,EXTREMELY SPACIOUS 8BHK VILLA | FOR SALE,,320000.0,,,BHD,sell,,,,,,,,,,,26.149999618530273,50.58333206176758,,,,Yumna Awad,,PARTLY,completed,,,,https://www.propertyfinder.bh/en/plp/buy/villa-for-sale-central-governorate-sanad-55426134.html,2026-07-21T21:17:21.978520+00:00,2026-07-21T21:17:21.978520+00:00,0,2026-07-21T21:17:21.978520+00:00
2026-07-21,new,55426135,,,Villa,ULTRA LUXURY | POOL | SEA FACING | TROPICAL GARDEN,,2400.0,,,BHD,monthly,,,,,,,,,,,26.188888549804688,50.54999923706055,,,,Ismail Abdullah,,PARTLY,,,,,https://www.propertyfinder.bh/en/plp/rent/villa-for-rent-central-governorate-tubli-55426135.html,2026-07-21T21:17:21.978520+00:00,2026-07-21T21:17:21.978520+00:00,0,2026-07-21T21:17:21.978520+00:00
2026-07-21,new,55426147,,,Apartment,Spacious 1BHK|Inclusive||Close Kitchen|Balcony,,270.0,,,BHD,monthly,,,,,,,,,,,26.211111068725586,50.601112365722656,,,,Shahbaz Memon,,YES,,,,,https://www.propertyfinder.bh/en/plp/rent/apartment-for-rent-capital-governorate-al-juffair-55426147.html,2026-07-21T21:17:21.978520+00:00,2026-07-21T21:17:21.978520+00:00,0,2026-07-21T21:17:21.978520+00:00
2026-07-21,new,55426157,,,Apartment,Luxury 1BHK|Inclusive|Modern Apartment,,250.0,,,BHD,monthly,,,,,,,,,,,26.211111068725586,50.601112365722656,,,,Shahbaz Memon,,YES,,,,,https://www.propertyfinder.bh/en/plp/rent/apartment-for-rent-capital-governorate-al-juffair-55426157.html,2026-07-21T21:17:21.978520+00:00,2026-07-21T21:17:21.978520+00:00,0,2026-07-21T21:17:21.978520+00:00
2026-07-21,new,55426162,,,Apartment,Prime Location | World Class Amenities | Unique,,200000.0,,,BHD,sell,,,,,,,,Bahrain Financial Harbour,,,26.23778533935547,50.57342529296875,,,,Adeel Ajaz,,YES,completed,,,,https://www.propertyfinder.bh/en/plp/buy/apartment-for-sale-capital-governorate-manama-bahrain-financial-harbour-55426162.html,2026-07-21T21:17:21.978520+00:00,2026-07-21T21:17:21.978520+00:00,0,2026-07-21T21:17:21.978520+00:00
2026-07-21,new,55426167,,,Apartment,STUNNING 1BR | PETS ALLOWED | PRIME LOCATION,,400.0,,,BHD,monthly,,,,,,,,Sanabis,,,26.226558685302734,50.5459098815918,,,,Adeel Ajaz,,YES,,,,,https://www.propertyfinder.bh/en/plp/rent/apartment-for-rent-capital-governorate-manama-sanabis-55426167.html,2026-07-21T21:17:21.978520+00:00,2026-07-21T21:17:21.978520+00:00,0,2026-07-21T21:17:21.978520+00:00
2026-07-21,new,55426170,,,Apartment,High-End Finish | Prime Location | High Floor,,180000.0,,,BHD,sell,,,,,,,,,,,26.249584197998047,50.580360412597656,,,,Adeel Ajaz,,YES,completed,,,,https://www.propertyfinder.bh/en/plp/buy/apartment-for-sale-capital-governorate-bahrain-bay-55426170.html,2026-07-21T21:17:21.978520+00:00,2026-07-21T21:17:21.978520+00:00,0,2026-07-21T21:17:21.978520+00:00
2026-07-21,new,55426174,,,Apartment,Huge 3BR | Maids Room | Modern Design,,1100.0,,,BHD,monthly,,,,,,,,,,,26.241750717163086,50.5663948059082,,,,Adeel Ajaz,,YES,,,,,https://www.propertyfinder.bh/en/plp/rent/apartment-for-rent-capital-governorate-reef-island-55426174.html,2026-07-21T21:17:21.978520+00:00,2026-07-21T21:17:21.978520+00:00,0,2026-07-21T21:17:21.978520+00:00
2026-07-21,new,55426176,,,Villa,Well Designed Massive Villa With A Private Pool,,330000.0,,,BHD,sell,,,,,,,,,,,26.188888549804688,50.54999923706055,,,,Adeel Ajaz,,YES,completed,,,,https://www.propertyfinder.bh/en/plp/buy/villa-for-sale-central-governorate-tubli-55426176.html,2026-07-21T21:17:21.978520+00:00,2026-07-21T21:17:21.978520+00:00,0,2026-07-21T21:17:21.978520+00:00
2026-07-21,new,55426178,,,Apartment,Exceptional 1BR | Prime Location | Spacious,,600.0,,,BHD,monthly,,,,,,,,Bahrain Financial Harbour,,,26.23778533935547,50.57342529296875,,,,Adeel Ajaz,,YES,,,,,https://www.propertyfinder.bh/en/plp/rent/apartment-for-rent-capital-governorate-manama-bahrain-financial-harbour-55426178.html,2026-07-21T21:17:21.978520+00:00,2026-07-21T21:17:21.978520+00:00,0,2026-07-21T21:17:21.978520+00:00
2026-07-21,new,55426182,,,Apartment,High End Apartment | Prime Area | Maids Room,,950.0,,,BHD,monthly,,,,,,,,,,,26.239999771118164,50.5369987487793,,,,Adeel Ajaz,,YES,,,,,https://www.propertyfinder.bh/en/plp/rent/apartment-for-rent-capital-governorate-seef-55426182.html,2026-07-21T21:17:21.978520+00:00,2026-07-21T21:17:21.978520+00:00,0,2026-07-21T21:17:21.978520+00:00
2026-07-21,new,55426205,,,Duplex,DUPLEX / RENOVATED / SPACIOUS / BELOW MARKET PRICE,,450.0,,,BHD,monthly,,,,,,,,,,,26.239999771118164,50.5369987487793,,,,Gulnaz Amangeldinova,,YES,,,,,https://www.propertyfinder.bh/en/plp/rent/duplex-for-rent-capital-governorate-seef-55426205.html,2026-07-21T21:17:21.978520+00:00,2026-07-21T21:17:21.978520+00:00,0,2026-07-21T21:17:21.978520+00:00
2026-07-21,new,55426206,,,Apartment,SEA + LAGOON VIEW | GENEROUS EWA | BIG |POOL | GYM,,450.0,,,BHD,monthly,,,,,,,,The Lagoon,,,26.287778854370117,50.66339111328125,,,,Fadi Eweida,,YES,,,,,https://www.propertyfinder.bh/en/plp/rent/apartment-for-rent-muharraq-governorate-amwaj-islands-the-lagoon-55426206.html,2026-07-21T21:17:21.978520+00:00,2026-07-21T21:17:21.978520+00:00,0,2026-07-21T21:17:21.978520+00:00
2026-07-21,new,55426207,,,Apartment,SEA VIEW / LUXURIOUS / PET FRIENDLY / BIG BALCONY,,1000.0,,,BHD,monthly,,,,,,,,The Treasure,,,26.27286720275879,50.672889709472656,,,,Gulnaz Amangeldinova,,YES,,,,,https://www.propertyfinder.bh/en/plp/rent/apartment-for-rent-muharraq-governorate-dilmunia-island-the-treasure-55426207.html,2026-07-21T21:17:21.978520+00:00,2026-07-21T21:17:21.978520+00:00,0,2026-07-21T21:17:21.978520+00:00
2026-07-21,new,55426208,,,Villa,Luxury villa for rent|Private pool|Inclusive|Store,,850.0,,,BHD,monthly,,,,,,,,,,,26.214487075805664,50.584754943847656,,,,Nayla Tabussam,,YES,,,,,https://www.propertyfinder.bh/en/plp/rent/villa-for-rent-capital-governorate-manama-adliya-55426208.html,2026-07-21T21:17:21.978520+00:00,2026-07-21T21:17:21.978520+00:00,0,2026-07-21T21:17:21.978520+00:00
2026-07-21,new,55426209,,,Apartment,Modern-Bright Apartment In Nice Building,,450.0,,,BHD,monthly,,,,,,,,,,,26.149999618530273,50.58333206176758,,,,Aysha Adil,,YES,,,,,https://www.propertyfinder.bh/en/plp/rent/apartment-for-rent-central-governorate-sanad-55426209.html,2026-07-21T21:17:21.978520+00:00,2026-07-21T21:17:21.978520+00:00,0,2026-07-21T21:17:21.978520+00:00
2026-07-21,new,55426211,,,Penthouse,SPACIOUS | SEA VIEW | DIRECT BEACH ACCESS | GYM,,1200.0,,,BHD,monthly,,,,,,,,Tala Island,,,26.300025939941406,50.66316223144531,,,,Fadi Eweida,,PARTLY,,,,,https://www.propertyfinder.bh/en/plp/rent/penthouse-for-rent-muharraq-governorate-amwaj-islands-tala-island-55426211.html,2026-07-21T21:17:21.978520+00:00,2026-07-21T21:17:21.978520+00:00,0,2026-07-21T21:17:21.978520+00:00
2026-07-21,new,55426212,,,Apartment,BRAND NEW | POOL VIEW | SPACIOUS |NEXT TO THE MALL,,400.0,,,BHD,monthly,,,,,,,,Diyar Al Muharraq,,,26.303447723388672,50.6461296081543,,,,Moueen Charfi,,NO,,,,,https://www.propertyfinder.bh/en/plp/rent/apartment-for-rent-muharraq-governorate-diyar-al-muharraq-marassi-al-bahrain-55426212.html,2026-07-21T21:17:21.978520+00:00,2026-07-21T21:17:21.978520+00:00,0,2026-07-21T21:17:21.978520+00:00
2026-07-21,new,55426222,,,Apartment,New |Pool|Gym|clean|modern|Spacious,,275.0,,,BHD,monthly,,,,,,,,,,,26.214487075805664,50.584754943847656,,,,JASIM AHMED ABDULLA MOHAMED HASAN,,PARTLY,,,,,https://www.propertyfinder.bh/en/plp/rent/apartment-for-rent-capital-governorate-manama-adliya-55426222.html,2026-07-21T21:17:21.978520+00:00,2026-07-21T21:17:21.978520+00:00,0,2026-07-21T21:17:21.978520+00:00
2026-07-21,new,55426254,,,Apartment,Modern | Closed Kitchen| GAS | GYM | Parking,,350.0,,,BHD,monthly,,,,,,,,,,,26.214487075805664,50.584754943847656,,,,JASIM AHMED ABDULLA MOHAMED HASAN,,YES,,,,,https://www.propertyfinder.bh/en/plp/rent/apartment-for-rent-capital-governorate-manama-adliya-55426254.html,2026-07-21T21:17:21.978520+00:00,2026-07-21T21:17:21.978520+00:00,0,2026-07-21T21:17:21.978520+00:00
2026-07-21,new,55426255,,,Villa,Luxury villa for rent|Maid Room|Private Garden,,850.0,,,BHD,monthly,,,,,,,,,,,26.214487075805664,50.584754943847656,,,,Nayla Tabussam,,YES,,,,,https://www.propertyfinder.bh/en/plp/rent/villa-for-rent-capital-governorate-manama-adliya-55426255.html,2026-07-21T21:17:21.978520+00:00,2026-07-21T21:17:21.978520+00:00,0,2026-07-21T21:17:21.978520+00:00
2026-07-21,new,55426265,,,Apartment,Spacious 1 bHK in Adliya|Gas option|Lift,,250.0,,,BHD,monthly,,,,,,,,,,,26.214487075805664,50.584754943847656,,,,Nayla Tabussam,,PARTLY,,,,,https://www.propertyfinder.bh/en/plp/rent/apartment-for-rent-capital-governorate-manama-adliya-55426265.html,2026-07-21T21:17:21.978520+00:00,2026-07-21T21:17:21.978520+00:00,0,2026-07-21T21:17:21.978520+00:00
2026-07-21,new,55426276,,,Apartment,Spacious 2 BHK| Gas option| inclusive|Lift|Balcony,,300.0,,,BHD,monthly,,,,,,,,,,,26.214487075805664,50.584754943847656,,,,Nayla Tabussam,,PARTLY,,,,,https://www.propertyfinder.bh/en/plp/rent/apartment-for-rent-capital-governorate-manama-adliya-55426276.html,2026-07-21T21:17:21.978520+00:00,2026-07-21T21:17:21.978520+00:00,0,2026-07-21T21:17:21.978520+00:00
2026-07-21,new,55426279,,,Villa,Navy Approved | Private Pool | Garden | Modern,,1530.0,,,BHD,monthly,,,,,,,,,,,26.140336990356445,50.478271484375,,,,Aileen Camarillo,,PARTLY,,,,,https://www.propertyfinder.bh/en/plp/rent/villa-for-rent-northern-governorate-hamala-55426279.html,2026-07-21T21:17:21.978520+00:00,2026-07-21T21:17:21.978520+00:00,0,2026-07-21T21:17:21.978520+00:00
2026-07-21,new,55426281,,,Apartment,Spacious 1 BHK in Adliya| Prime Location | Lift,,250.0,,,BHD,monthly,,,,,,,,,,,26.214487075805664,50.584754943847656,,,,Nayla Tabussam,,YES,,,,,https://www.propertyfinder.bh/en/plp/rent/apartment-for-rent-capital-governorate-manama-adliya-55426281.html,2026-07-21T21:17:21.978520+00:00,2026-07-21T21:17:21.978520+00:00,0,2026-07-21T21:17:21.978520+00:00
2026-07-21,new,55426284,,,Apartment,Best price|Studio Apartment | Prime Location| Lift,,170.0,,,BHD,monthly,,,,,,,,,,,26.214487075805664,50.584754943847656,,,,Nayla Tabussam,,YES,,,,,https://www.propertyfinder.bh/en/plp/rent/apartment-for-rent-capital-governorate-manama-adliya-55426284.html,2026-07-21T21:17:21.978520+00:00,2026-07-21T21:17:21.978520+00:00,0,2026-07-21T21:17:21.978520+00:00
2026-07-21,new,55426285,,,Villa,Private Pool | Garden | Near British School,,1400.0,,,BHD,monthly,,,,,,,,,,,26.140336990356445,50.478271484375,,,,Aileen Camarillo,,PARTLY,,,,,https://www.propertyfinder.bh/en/plp/rent/villa-for-rent-northern-governorate-hamala-55426285.html,2026-07-21T21:17:21.978520+00:00,2026-07-21T21:17:21.978520+00:00,0,2026-07-21T21:17:21.978520+00:00
2026-07-21,new,55426287,,,Villa,Private Pool | Garden | Balcony | Maids Room |,,1200.0,,,BHD,monthly,,,,,,,,,,,26.140336990356445,50.478271484375,,,,Aileen Camarillo,,PARTLY,,,,,https://www.propertyfinder.bh/en/plp/rent/villa-for-rent-northern-governorate-hamala-55426287.html,2026-07-21T21:17:21.978520+00:00,2026-07-21T21:17:21.978520+00:00,0,2026-07-21T21:17:21.978520+00:00
2026-07-21,new,55426288,,,Apartment,Pets Allowed | Refurnished | Laundry | Kids Play |,,900.0,,,BHD,monthly,,,,,,,,,,,26.140336990356445,50.478271484375,,,,Aileen Camarillo,,PARTLY,,,,,https://www.propertyfinder.bh/en/plp/rent/apartment-for-rent-northern-governorate-hamala-55426288.html,2026-07-21T21:17:21.978520+00:00,2026-07-21T21:17:21.978520+00:00,0,2026-07-21T21:17:21.978520+00:00
2026-07-21,new,55426289,,,Apartment,Option of Semi or Fully Furnished | Maids Room |,,600.0,,,BHD,monthly,,,,,,,,,,,26.17919921875,50.49909210205078,,,,Aileen Camarillo,,YES,,,,,https://www.propertyfinder.bh/en/plp/rent/apartment-for-rent-capital-governorate-nabih-saleh-55426289.html,2026-07-21T21:17:21.978520+00:00,2026-07-21T21:17:21.978520+00:00,0,2026-07-21T21:17:21.978520+00:00
2026-07-21,new,55426298,,,Villa,Luxurious - High Quality Furniture - Pool - Gym,,1500.0,,,BHD,monthly,,,,,,,,,,,26.140336990356445,50.478271484375,,,,Irfan Ali,,YES,,,,,https://www.propertyfinder.bh/en/plp/rent/villa-for-rent-northern-governorate-hamala-55426298.html,2026-07-21T21:17:21.978520+00:00,2026-07-21T21:17:21.978520+00:00,0,2026-07-21T21:17:21.978520+00:00
2026-07-21,new,55426307,,,Apartment,Luxury Fully Furnished 1-Bedroom Apartment with Pr,,320.0,,,BHD,monthly,,,,,,,,Essence of Dilmunia,,,26.27286720275879,50.672889709472656,,,,H2H,,YES,,,,,https://www.propertyfinder.bh/en/plp/rent/apartment-for-rent-muharraq-governorate-dilmunia-island-essence-of-dilmunia-55426307.html,2026-07-21T21:17:21.978520+00:00,2026-07-21T21:17:21.978520+00:00,0,2026-07-21T21:17:21.978520+00:00
2026-07-21,new,55426308,,,Apartment,Luxury Fully Furnished 1BR Apartment with Premium,,300.0,,,BHD,monthly,,,,,,,,Essence of Dilmunia,,,26.27286720275879,50.672889709472656,,,,H2H,,YES,,,,,https://www.propertyfinder.bh/en/plp/rent/apartment-for-rent-muharraq-governorate-dilmunia-island-essence-of-dilmunia-55426308.html,2026-07-21T21:17:21.978520+00:00,2026-07-21T21:17:21.978520+00:00,0,2026-07-21T21:17:21.978520+00:00
2026-07-21,new,55426309,,,Apartment,BEAUTIFULL 2 BHK/ LOW BUDGET/PARKING/ MY,,120.0,,,BHD,monthly,,,,,,,,Alhajiyat,,,26.128984451293945,50.58171463012695,,,,Nayla Tabussam,,NO,,,,,https://www.propertyfinder.bh/en/plp/rent/apartment-for-rent-southern-governorate-riffa-alhajiyat-55426309.html,2026-07-21T21:17:21.978520+00:00,2026-07-21T21:17:21.978520+00:00,0,2026-07-21T21:17:21.978520+00:00
2026-07-21,new,55426314,,,Apartment,"BEAUTYFULL, LUXURY,3BHK WITH SWIMMING POOL/MY",,300.0,,,BHD,monthly,,,,,,,,,,,26.1314754486084,50.568843841552734,,,,Nayla Tabussam,,YES,,,,,https://www.propertyfinder.bh/en/plp/rent/apartment-for-rent-southern-governorate-riffa-bu-kowarah-55426314.html,2026-07-21T21:17:21.978520+00:00,2026-07-21T21:17:21.978520+00:00,0,2026-07-21T21:17:21.978520+00:00
2026-07-21,new,55426318,,,Apartment,Luxury Studio Apartment / Inclusive / Lift / MY,,200.0,,,BHD,monthly,,,,,,,,Alhajiyat,,,26.128984451293945,50.58171463012695,,,,Nayla Tabussam,,YES,,,,,https://www.propertyfinder.bh/en/plp/rent/apartment-for-rent-southern-governorate-riffa-alhajiyat-55426318.html,2026-07-21T21:17:21.978520+00:00,2026-07-21T21:17:21.978520+00:00,0,2026-07-21T21:17:21.978520+00:00
2026-07-21,new,55426321,,,Apartment,Spacious 3 BHK with Lift / Close Kitchen / MY,,180.0,,,BHD,monthly,,,,,,,,Riffa Al Sharqi,,,26.1162166595459,50.57211685180664,,,,Nayla Tabussam,,NO,,,,,https://www.propertyfinder.bh/en/plp/rent/apartment-for-rent-southern-governorate-riffa-riffa-al-sharqi-55426321.html,2026-07-21T21:17:21.978520+00:00,2026-07-21T21:17:21.978520+00:00,0,2026-07-21T21:17:21.978520+00:00
2026-07-21,new,55426323,,,Apartment,Luxury Fully Furnished 1-Bedroom Apartment,,400.0,,,BHD,monthly,,,,,,,,Essence of Dilmunia,,,26.27286720275879,50.672889709472656,,,,H2H,,YES,,,,,https://www.propertyfinder.bh/en/plp/rent/apartment-for-rent-muharraq-governorate-dilmunia-island-essence-of-dilmunia-55426323.html,2026-07-21T21:17:21.978520+00:00,2026-07-21T21:17:21.978520+00:00,0,2026-07-21T21:17:21.978520+00:00
2026-07-21,new,55426331,,,Apartment,Furnished / Spacious Apartment with Balcony / MY,,350.0,,,BHD,monthly,,,,,,,,Riffa Al Sharqi,,,26.1162166595459,50.57211685180664,,,,Nayla Tabussam,,YES,,,,,https://www.propertyfinder.bh/en/plp/rent/apartment-for-rent-southern-governorate-riffa-riffa-al-sharqi-55426331.html,2026-07-21T21:17:21.978520+00:00,2026-07-21T21:17:21.978520+00:00,0,2026-07-21T21:17:21.978520+00:00
2026-07-21,new,55426333,,,Apartment,Elegant / Spacious / 2 BHK / Lift / Inclusive / MY,,300.0,,,BHD,monthly,,,,,,,,Riffa Al Sharqi,,,26.1162166595459,50.57211685180664,,,,Nayla Tabussam,,PARTLY,,,,,https://www.propertyfinder.bh/en/plp/rent/apartment-for-rent-southern-governorate-riffa-riffa-al-sharqi-55426333.html,2026-07-21T21:17:21.978520+00:00,2026-07-21T21:17:21.978520+00:00,0,2026-07-21T21:17:21.978520+00:00
2026-07-21,new,55426335,,,Apartment,Spacious 3 Bedroom Flat / Private Parking / MY,,260.0,,,BHD,monthly,,,,,,,,Riffa Al Sharqi,,,26.1162166595459,50.57211685180664,,,,Nayla Tabussam,,NO,,,,,https://www.propertyfinder.bh/en/plp/rent/apartment-for-rent-southern-governorate-riffa-riffa-al-sharqi-55426335.html,2026-07-21T21:17:21.978520+00:00,2026-07-21T21:17:21.978520+00:00,0,2026-07-21T21:17:21.978520+00:00
2026-07-21,new,55426337,,,Apartment,Bright / Master Bed / Lift / Parking / MY,,200.0,,,BHD,monthly,,,,,,,,Riffa Al Sharqi,,,26.1162166595459,50.57211685180664,,,,Nayla Tabussam,,NO,,,,,https://www.propertyfinder.bh/en/plp/rent/apartment-for-rent-southern-governorate-riffa-riffa-al-sharqi-55426337.html,2026-07-21T21:17:21.978520+00:00,2026-07-21T21:17:21.978520+00:00,0,2026-07-21T21:17:21.978520+00:00
2026-07-21,new,55426340,,,Apartment,Spacious 2 BHK with Lift / AC / Covered Parking/MY,,190.0,,,BHD,monthly,,,,,,,,Riffa Al Sharqi,,,26.1162166595459,50.57211685180664,,,,Nayla Tabussam,,PARTLY,,,,,https://www.propertyfinder.bh/en/plp/rent/apartment-for-rent-southern-governorate-riffa-riffa-al-sharqi-55426340.html,2026-07-21T21:17:21.978520+00:00,2026-07-21T21:17:21.978520+00:00,0,2026-07-21T21:17:21.978520+00:00
2026-07-21,new,55426343,,,Apartment,2 BHK with Master Bed & Lift & Covered Parking /MY,,180.0,,,BHD,monthly,,,,,,,,Riffa Al Sharqi,,,26.1162166595459,50.57211685180664,,,,Nayla Tabussam,,NO,,,,,https://www.propertyfinder.bh/en/plp/rent/apartment-for-rent-southern-governorate-riffa-riffa-al-sharqi-55426343.html,2026-07-21T21:17:21.978520+00:00,2026-07-21T21:17:21.978520+00:00,0,2026-07-21T21:17:21.978520+00:00
2026-07-21,new,55426346,,,Apartment,3 BHK with Laundry/Balcony and Covered Parking /MY,,240.0,,,BHD,monthly,,,,,,,,Riffa Al Sharqi,,,26.1162166595459,50.57211685180664,,,,Nayla Tabussam,,NO,,,,,https://www.propertyfinder.bh/en/plp/rent/apartment-for-rent-southern-governorate-riffa-riffa-al-sharqi-55426346.html,2026-07-21T21:17:21.978520+00:00,2026-07-21T21:17:21.978520+00:00,0,2026-07-21T21:17:21.978520+00:00
2026-07-21,new,55426348,,,Apartment,Luxury Fully Furnished 1-Bedroom Apartment with Pr,,280.0,,,BHD,monthly,,,,,,,,,,,26.211111068725586,50.601112365722656,,,,H2H,,YES,,,,,https://www.propertyfinder.bh/en/plp/rent/apartment-for-rent-capital-governorate-al-juffair-55426348.html,2026-07-21T21:17:21.978520+00:00,2026-07-21T21:17:21.978520+00:00,0,2026-07-21T21:17:21.978520+00:00
2026-07-21,new,55426349,,,Apartment,Elegant Semi-Furnished Apt  | Inclusive,,210.0,,,BHD,monthly,,,,,,,,,,,26.168216705322266,50.57180404663086,,,,Sonali Fernandes,,PARTLY,,,,,https://www.propertyfinder.bh/en/plp/rent/apartment-for-rent-central-governorate-jurdab-55426349.html,2026-07-21T21:17:21.978520+00:00,2026-07-21T21:17:21.978520+00:00,0,2026-07-21T21:17:21.978520+00:00
2026-07-21,new,55426351,,,Apartment,2 BHK Flat with American Style Open Kitchen / MY,,220.0,,,BHD,monthly,,,,,,,,Riffa Al Sharqi,,,26.1162166595459,50.57211685180664,,,,Nayla Tabussam,,PARTLY,,,,,https://www.propertyfinder.bh/en/plp/rent/apartment-for-rent-southern-governorate-riffa-riffa-al-sharqi-55426351.html,2026-07-21T21:17:21.978520+00:00,2026-07-21T21:17:21.978520+00:00,0,2026-07-21T21:17:21.978520+00:00
2026-07-21,new,55426354,,,Apartment,2 Bedroom / Laundry Hall / Reserved Parking / MY,,250.0,,,BHD,monthly,,,,,,,,Riffa Al Sharqi,,,26.1162166595459,50.57211685180664,,,,Nayla Tabussam,,NO,,,,,https://www.propertyfinder.bh/en/plp/rent/apartment-for-rent-southern-governorate-riffa-riffa-al-sharqi-55426354.html,2026-07-21T21:17:21.978520+00:00,2026-07-21T21:17:21.978520+00:00,0,2026-07-21T21:17:21.978520+00:00
2026-07-21,new,55426381,,,Apartment,3 Bedroom | Sea View | Spacious and affordable,,550.0,,,BHD,monthly,,,,,,,,Amwaj Avenue,,,26.29302978515625,50.66474151611328,,,,Linda Mehdi,,YES,,,,,https://www.propertyfinder.bh/en/plp/rent/apartment-for-rent-muharraq-governorate-amwaj-islands-amwaj-avenue-55426381.html,2026-07-21T21:17:21.978520+00:00,2026-07-21T21:17:21.978520+00:00,0,2026-07-21T21:17:21.978520+00:00
2026-07-21,new,55426401,,,Apartment,| Prime Location | Furnished | Luxury | Gym | Pool,,66000.0,,,BHD,sell,,,,,,,,,,,26.241750717163086,50.5663948059082,,,,Sayed Mohamed Hasan,,YES,completed,,,,https://www.propertyfinder.bh/en/plp/buy/apartment-for-sale-capital-governorate-reef-island-55426401.html,2026-07-21T21:17:21.978520+00:00,2026-07-21T21:17:21.978520+00:00,0,2026-07-21T21:17:21.978520+00:00
2026-07-21,new,55426414,,,Apartment,| Luxury | High Floor | Pool | Gym | Furnished |,,550.0,,,BHD,monthly,,,,,,,,,,,26.211111068725586,50.601112365722656,,,,Sayed Mohamed Hasan,,YES,,,,,https://www.propertyfinder.bh/en/plp/rent/apartment-for-rent-capital-governorate-al-juffair-55426414.html,2026-07-21T21:17:21.978520+00:00,2026-07-21T21:17:21.978520+00:00,0,2026-07-21T21:17:21.978520+00:00
2026-07-21,new,55426431,,,Land,| Hot Deal | Residential | Prime Location |,,105000.0,,,BHD,sell,,,,,,,,,,,26.25,50.650001525878906,,,,Sayed Mohamed Hasan,,,,,,,https://www.propertyfinder.bh/en/plp/buy/land-for-sale-muharraq-governorate-arad-55426431.html,2026-07-21T21:17:21.978520+00:00,2026-07-21T21:17:21.978520+00:00,0,2026-07-21T21:17:21.978520+00:00
2026-07-21,new,725333,,,Apartment,1 Bedroom Fully Furnished apartment,,360.0,,,BHD,monthly,,,,,,,,,,,26.19164276123047,50.48757553100586,,,,Suresh Babu,,YES,,,,,https://www.propertyfinder.bh/en/plp/rent/apartment-for-rent-northern-governorate-saar-725333.html,2026-07-21T21:17:21.978520+00:00,2026-07-21T21:17:21.978520+00:00,0,2026-07-21T21:17:21.978520+00:00
2026-07-21,new,881931,,,Office Space,Fully Equipped Office | Prime Location in Seef,,149.0,,,BHD,monthly,,,,,,,,,,,26.239999771118164,50.5369987487793,,,,Abdelrahman Hassan,,YES,,,,,https://www.propertyfinder.bh/en/plp/commercial-rent/office-space-for-rent-capital-governorate-seef-881931.html,2026-05-31T13:58:31.068517+00:00,2026-07-21T21:17:21.978520+00:00,51,2026-07-21T21:17:21.978520+00:00
2026-07-21,new,903172,,,Villa,Family Compound: Excellent Communal Facilities,,1530.0,,,BHD,monthly,,,,,,,,,,,26.140336990356445,50.478271484375,,,,Vikki Ann Lord,,PARTLY,,,,,https://www.propertyfinder.bh/en/plp/rent/villa-for-rent-northern-governorate-hamala-903172.html,2026-05-31T13:58:31.068517+00:00,2026-07-21T21:17:21.978520+00:00,51,2026-07-21T21:17:21.978520+00:00
2026-07-21,new,903192,,,Apartment,Uniquely Designed Apartments on Reef Island,,900.0,,,BHD,monthly,,,,,,,,,,,26.241750717163086,50.5663948059082,,,,Vikki Ann Lord,,YES,,,,,https://www.propertyfinder.bh/en/plp/rent/apartment-for-rent-capital-governorate-reef-island-903192.html,2026-07-21T21:17:21.978520+00:00,2026-07-21T21:17:21.978520+00:00,0,2026-07-21T21:17:21.978520+00:00
2026-07-21,new,904322,,,Villa,Double-Storey Villa great location,,850.0,,,BHD,monthly,,,,,,,,,,,26.185943603515625,50.46711349487305,,,,Vikki Ann Lord,,PARTLY,,,,,https://www.propertyfinder.bh/en/plp/rent/villa-for-rent-northern-governorate-janabiya-904322.html,2026-05-31T13:58:31.068517+00:00,2026-07-21T21:17:21.978520+00:00,51,2026-07-21T21:17:21.978520+00:00
2026-07-21,new,925593,,,Apartment,"Saar Fully Furnished Studio, utilities included",,325.0,,,BHD,monthly,,,,,,,,,,,26.19164276123047,50.48757553100586,,,,Suresh Babu,,YES,,,,,https://www.propertyfinder.bh/en/plp/rent/apartment-for-rent-northern-governorate-saar-925593.html,2026-07-21T21:17:21.978520+00:00,2026-07-21T21:17:21.978520+00:00,0,2026-07-21T21:17:21.978520+00:00
2026-07-21,new,925599,,,Apartment,2 BR Fully Furnished Apartment with utilities,,525.0,,,BHD,monthly,,,,,,,,,,,26.19164276123047,50.48757553100586,,,,Suresh Babu,,YES,,,,,https://www.propertyfinder.bh/en/plp/rent/apartment-for-rent-northern-governorate-saar-925599.html,2026-07-21T21:17:21.978520+00:00,2026-07-21T21:17:21.978520+00:00,0,2026-07-21T21:17:21.978520+00:00
2026-07-21,new,955477,,,Villa,MODERN FURNISHED - CANAL ACCESS - PRIVATE POOL,,1000.0,,,BHD,monthly,,,,,,,,Al Marsa Floating City,,,26.2847957611084,50.669620513916016,,,,Sheila  Mcewan,,YES,,,,,https://www.propertyfinder.bh/en/plp/rent/villa-for-rent-muharraq-governorate-amwaj-islands-al-marsa-floating-city-955477.html,2026-07-21T21:17:21.978520+00:00,2026-07-21T21:17:21.978520+00:00,0,2026-07-21T21:17:21.978520+00:00
2026-07-21,new,967167,,,Apartment,Spacious Apartments in Well-Maintained Building,,390.0,,,BHD,monthly,,,,,,,,,,,26.19164276123047,50.48757553100586,,,,Vikki Ann Lord,,PARTLY,,,,,https://www.propertyfinder.bh/en/plp/rent/apartment-for-rent-northern-governorate-saar-967167.html,2026-05-31T13:58:31.068517+00:00,2026-07-21T21:17:21.978520+00:00,51,2026-07-21T21:17:21.978520+00:00
2026-07-21,new,984211,,,Apartment,Furnished Two-Bedroom Apartment for Rent in Seef,,450.0,,,BHD,monthly,,,,,,,,,,,26.239999771118164,50.5369987487793,,,,Abbas  Altaraifi,,YES,,,,,https://www.propertyfinder.bh/en/plp/rent/apartment-for-rent-capital-governorate-seef-984211.html,2026-05-31T13:58:31.068517+00:00,2026-07-21T21:17:21.978520+00:00,51,2026-07-21T21:17:21.978520+00:00
2026-07-21,new,989481,,,Villa,Fully Furnished Townhouse with Modern Amenities,,1000.0,,,BHD,monthly,,,,,,,,,,,26.19164276123047,50.48757553100586,,,,Vikki Ann Lord,,YES,,,,,https://www.propertyfinder.bh/en/plp/rent/villa-for-rent-northern-governorate-saar-989481.html,2026-07-21T21:17:21.978520+00:00,2026-07-21T21:17:21.978520+00:00,0,2026-07-21T21:17:21.978520+00:00
2026-07-21,new,992578,,,Villa,Private Pool/Big  Garden/ One Month Free,,600.0,,,BHD,monthly,,,,,,,,,,,26.207910537719727,50.587345123291016,,,,A. Mhaout,,NO,,,,,https://www.propertyfinder.bh/en/plp/rent/villa-for-rent-capital-governorate-manama-mahooz-992578.html,2026-06-15T21:06:46.439420+00:00,2026-07-21T21:17:21.978520+00:00,36,2026-07-21T21:17:21.978520+00:00
2026-07-21,new,993774,,,Villa,Modern Furnished Villa/Maid's Room/Inclusive,,1000.0,,,BHD,monthly,,,,,,,,,,,26.19164276123047,50.48757553100586,,,,A. Mhaout,,YES,,,,,https://www.propertyfinder.bh/en/plp/rent/villa-for-rent-northern-governorate-saar-993774.html,2026-05-31T13:58:31.068517+00:00,2026-07-21T21:17:21.978520+00:00,51,2026-07-21T21:17:21.978520+00:00
2026-07-21,new,994071,,,Apartment,Modern/Furnished Apartment/ Near RCSI,,64000.0,,,BHD,sell,,,,,,,,,,,26.27199935913086,50.60900115966797,,,,A. Mhaout,,YES,completed,,,,https://www.propertyfinder.bh/en/plp/buy/apartment-for-sale-muharraq-governorate-busaiteen-994071.html,2026-05-31T13:58:31.068517+00:00,2026-07-21T21:17:21.978520+00:00,51,2026-07-21T21:17:21.978520+00:00
2026-07-21,new,994090,,,Apartment,MODERN FURNISHED APRT/ NEAR RSRCIS,,75500.0,,,BHD,sell,,,,,,,,,,,26.27199935913086,50.60900115966797,,,,A. Mhaout,,YES,completed,,,,https://www.propertyfinder.bh/en/plp/buy/apartment-for-sale-muharraq-governorate-busaiteen-994090.html,2026-05-31T13:58:31.068517+00:00,2026-07-21T21:17:21.978520+00:00,51,2026-07-21T21:17:21.978520+00:00
2026-07-21,new,995219,,,Villa,Spacious Villa / maid's Room_/ Private Garden,,500.0,,,BHD,monthly,,,,,,,,,,,26.140336990356445,50.478271484375,,,,A. Mhaout,,PARTLY,,,,,https://www.propertyfinder.bh/en/plp/rent/villa-for-rent-northern-governorate-hamala-995219.html,2026-05-31T13:58:31.068517+00:00,2026-07-21T21:17:21.978520+00:00,51,2026-07-21T21:17:21.978520+00:00
2026-07-21,new,995220,,,Villa,Beautiful 3Bhk VillaWith a Private Garden,,450.0,,,BHD,monthly,,,,,,,,,,,26.188888549804688,50.54999923706055,,,,A. Mhaout,,NO,,,,,https://www.propertyfinder.bh/en/plp/rent/villa-for-rent-central-governorate-tubli-995220.html,2026-07-21T21:17:21.978520+00:00,2026-07-21T21:17:21.978520+00:00,0,2026-07-21T21:17:21.978520+00:00
2026-07-21,new,996683,,,Apartment,SF / 2BHK / Inclusive / Ground/ Prime location,,235.0,,,BHD,monthly,,,,,,,,,,,26.188888549804688,50.54999923706055,,,,A. Mhaout,,PARTLY,,,,,https://www.propertyfinder.bh/en/plp/rent/apartment-for-rent-central-governorate-tubli-996683.html,2026-05-31T13:58:31.068517+00:00,2026-07-21T21:17:21.978520+00:00,51,2026-07-21T21:17:21.978520+00:00
2026-07-21,new,996684,,,Apartment,Spacious Apartment/ Balcony/S.pool,,220.0,,,BHD,monthly,,,,,,,,,,,26.21263313293457,50.67418670654297,,,,A. Mhaout,,NO,,,,,https://www.propertyfinder.bh/en/plp/rent/apartment-for-rent-muharraq-governorate-hidd-996684.html,2026-05-31T13:58:31.068517+00:00,2026-07-21T21:17:21.978520+00:00,51,2026-07-21T21:17:21.978520+00:00
2026-07-21,new,996685,,,Apartment,Spacious 2 BHK APRt/ Prime Location,,200.0,,,BHD,monthly,,,,,,,,,,,26.149999618530273,50.58333206176758,,,,A. Mhaout,,NO,,,,,https://www.propertyfinder.bh/en/plp/rent/apartment-for-rent-central-governorate-sanad-996685.html,2026-05-31T13:58:31.068517+00:00,2026-07-21T21:17:21.978520+00:00,51,2026-07-21T21:17:21.978520+00:00
2026-07-21,new,996924,,,Villa,New Villas / Prime Location /Excellent finishing,,135000.0,,,BHD,sell,,,,,,,,,,,26.25,50.650001525878906,,,,A. Mhaout,,NO,completed_primary,,,,https://www.propertyfinder.bh/en/plp/buy/villa-for-sale-muharraq-governorate-arad-996924.html,2026-05-31T13:58:31.068517+00:00,2026-07-21T21:17:21.978520+00:00,51,2026-07-21T21:17:21.978520+00:00
2026-07-21,new,996926,,,Apartment,Spacious 3 BHK Apartment  / Balcony,,260.0,,,BHD,monthly,,,,,,,,,,,26.188888549804688,50.54999923706055,,,,A. Mhaout,,NO,,,,,https://www.propertyfinder.bh/en/plp/rent/apartment-for-rent-central-governorate-tubli-996926.html,2026-05-31T13:58:31.068517+00:00,2026-07-21T21:17:21.978520+00:00,51,2026-07-21T21:17:21.978520+00:00
2026-07-21,removed,1000525,,,Apartment,Modern 2Bed+Closed Kitchen+Balcony BD350,350.0,,,,BHD,monthly,,,,,,,,,,,26.211111068725586,50.601112365722656,,,,Sushant Anand,,YES,,,,,https://www.propertyfinder.bh/en/plp/rent/apartment-for-rent-capital-governorate-al-juffair-1000525.html,2026-06-13T20:35:51.033624+00:00,2026-07-20T21:17:02.364062+00:00,37,2026-07-20T21:17:02.364062+00:00
2026-07-21,removed,51028423,,,Whole Building,Building for sale in Muharraq on two streets,139000.0,,,,BHD,sell,,,,,,,,,,,26.25,50.616668701171875,,,,Deewania estate agency,,NO,completed_primary,,,,https://www.propertyfinder.bh/en/plp/commercial-buy/whole-building-for-sale-muharraq-governorate-muharraq-2PLxqXt7ITQ.html,2026-05-31T13:58:31.068517+00:00,2026-07-20T21:17:02.364062+00:00,50,2026-07-20T21:17:02.364062+00:00
2026-07-21,removed,51145057,,,Apartment,Spacious Bright 2br Flat Great Decor Take it Quick,390.0,,,,BHD,monthly,,,,,,,,Abraj Al Lulu,,,26.230030059814453,50.55890655517578,,,,Sushant Anand,,YES,,,,,https://www.propertyfinder.bh/en/plp/rent/apartment-for-rent-capital-governorate-manama-abraj-al-lulu-2PSl9pNRJRo.html,2026-05-31T13:58:31.068517+00:00,2026-07-20T21:17:02.364062+00:00,50,2026-07-20T21:17:02.364062+00:00
2026-07-21,removed,51146029,,,Apartment,ELEGANT | 1 BEDROOM | OFFER | BD280 WITH BALCONY,280.0,,,,BHD,monthly,,,,,,,,,,,26.211111068725586,50.601112365722656,,,,Shafeeq Rahman,,YES,,,,,https://www.propertyfinder.bh/en/plp/rent/apartment-for-rent-capital-governorate-al-juffair-2PTWZGCAsrY.html,2026-07-16T13:23:22.641531+00:00,2026-07-20T21:17:02.364062+00:00,4,2026-07-20T21:17:02.364062+00:00
2026-07-21,removed,51234129,,,Apartment,Private parking | Services available | Quiet area,300.0,,,,BHD,monthly,,,,,,,,,,,26.185943603515625,50.46711349487305,,,,Al Lagoon Real Estate ,,PARTLY,,,,,https://www.propertyfinder.bh/en/plp/rent/apartment-for-rent-northern-governorate-janabiya-2PY8UUujTFI.html,2026-05-31T13:58:31.068517+00:00,2026-07-20T21:17:02.364062+00:00,50,2026-07-20T21:17:02.364062+00:00
2026-07-21,removed,51234323,,,Apartment,2BHK | FURNISHED APARTMENT | PRIME LOCATION.,450.0,,,,BHD,monthly,,,,,,,,,,,26.21666717529297,50.58333206176758,,,,Jasim Uddin,,YES,,,,,https://www.propertyfinder.bh/en/plp/rent/apartment-for-rent-capital-governorate-manama-2PYTlQYzKAC.html,2026-07-16T13:23:22.641531+00:00,2026-07-20T21:17:02.364062+00:00,4,2026-07-20T21:17:02.364062+00:00
2026-07-21,removed,51234325,,,Apartment,2BHK | SEMI FURNISHED APARTMENT | PRIME LOCATION.,260.0,,,,BHD,monthly,,,,,,,,,,,26.179166793823242,50.56222152709961,,,,Jasim Uddin,,PARTLY,,,,,https://www.propertyfinder.bh/en/plp/rent/apartment-for-rent-central-governorate-jid-ali-2PYU2zo6aZc.html,2026-06-26T20:41:07.599923+00:00,2026-07-20T21:17:02.364062+00:00,24,2026-07-20T21:17:02.364062+00:00
2026-07-21,removed,51353410,,,Shop,RESTAURANT/ SHOP | PRIME LOCATION.,450.0,,,,BHD,monthly,,,,,,,,Exhibition Road,,,26.231962203979492,50.59507369995117,,,,Jasim Uddin,,YES,,,,,https://www.propertyfinder.bh/en/plp/commercial-rent/shop-for-rent-capital-governorate-hoora-exhibition-road-2PfEQsfYPce.html,2026-05-31T13:58:31.068517+00:00,2026-07-20T21:17:02.364062+00:00,50,2026-07-20T21:17:02.364062+00:00
2026-07-21,removed,51413364,,,Apartment,2BHK | SEMI FURNISHED APARTMENT | PRIME LOCATION.,270.0,,,,BHD,monthly,,,,,,,,Exhibition Road,,,26.231962203979492,50.59507369995117,,,,Jasim Uddin,,PARTLY,,,,,https://www.propertyfinder.bh/en/plp/rent/apartment-for-rent-capital-governorate-hoora-exhibition-road-2PiZY0DZh2W.html,2026-05-31T13:58:31.068517+00:00,2026-07-20T21:17:02.364062+00:00,50,2026-07-20T21:17:02.364062+00:00
2026-07-21,removed,51441445,,,Apartment,3BHK | SEMI FURNISHED APARTMENT | PRIME LOCATION.,210.0,,,,BHD,monthly,,,,,,,,,,,26.188888549804688,50.54999923706055,,,,Jasim Uddin,,PARTLY,,,,,https://www.propertyfinder.bh/en/plp/rent/apartment-for-rent-central-governorate-tubli-2Pj3gJ4wZ1c.html,2026-05-31T13:58:31.068517+00:00,2026-07-20T21:17:02.364062+00:00,50,2026-07-20T21:17:02.364062+00:00
2026-07-21,removed,51529085,,,Apartment,للإيجار شقة في إسكان عالي تتكون من 3 غرف وحمامين و,150.0,,,,BHD,monthly,,,,,,,,,,,26.1634578704834,50.515289306640625,,,,Abdulfattah ali,,NO,,,,,https://www.propertyfinder.bh/en/plp/rent/apartment-for-rent-central-governorate-a-ali-2PoQtyuIMlM.html,2026-05-31T13:58:31.068517+00:00,2026-07-20T21:17:02.364062+00:00,50,2026-07-20T21:17:02.364062+00:00
2026-07-21,removed,51826182,,,Villa,LUXURY VILLA | SPACIOUS | PRIVATE SWIMMING POOL,1400.0,,,,BHD,monthly,,,,,,,,,,,26.19164276123047,50.48757553100586,,,,Christopher Lyria,,PARTLY,,,,,https://www.propertyfinder.bh/en/plp/rent/villa-for-rent-northern-governorate-saar-2Q6v89T9Myu.html,2026-05-31T13:58:31.068517+00:00,2026-07-20T21:17:02.364062+00:00,50,2026-07-20T21:17:02.364062+00:00
2026-07-21,removed,51878512,,,Apartment,Modern 1BHK Furnished Apartment in Busaiteen,48000.0,,,,BHD,sell,,,,,,,,,,,26.27199935913086,50.60900115966797,,,,Ahmed Janahi,,YES,completed,,,,https://www.propertyfinder.bh/en/plp/buy/apartment-for-sale-muharraq-governorate-busaiteen-2QAceR5VONM.html,2026-05-31T13:58:31.068517+00:00,2026-07-20T21:17:02.364062+00:00,50,2026-07-20T21:17:02.364062+00:00
2026-07-21,removed,51878558,,,Apartment,Modern Furnished Studio for Rent in Seef,300.0,,,,BHD,monthly,,,,,,,,,,,26.239999771118164,50.5369987487793,,,,Ahmed Janahi,,YES,,,,,https://www.propertyfinder.bh/en/plp/rent/apartment-for-rent-capital-governorate-seef-2QAf1Ukrebo.html,2026-05-31T13:58:31.068517+00:00,2026-07-20T21:17:02.364062+00:00,50,2026-07-20T21:17:02.364062+00:00
2026-07-21,removed,51878575,,,Apartment,Modern 1 Bedroom Apartment for Sale in Marassi,63000.0,,,,BHD,sell,,,,,,,,Diyar Al Muharraq,,,26.303447723388672,50.6461296081543,,,,Ahmed Janahi,,YES,completed,,,,https://www.propertyfinder.bh/en/plp/buy/apartment-for-sale-muharraq-governorate-diyar-al-muharraq-marassi-al-bahrain-2QAfnsYrqqW.html,2026-05-31T13:58:31.068517+00:00,2026-07-20T21:17:02.364062+00:00,50,2026-07-20T21:17:02.364062+00:00
2026-07-21,removed,51931391,,,Apartment,Fully Furnished Studio for Rent with sea view,270.0,,,,BHD,monthly,,,,,,,,,,,26.21666717529297,50.58333206176758,,,,Ahmed Janahi,,YES,,,,,https://www.propertyfinder.bh/en/plp/rent/apartment-for-rent-capital-governorate-manama-51931391.html,2026-07-16T13:23:22.641531+00:00,2026-07-20T21:17:02.364062+00:00,4,2026-07-20T21:17:02.364062+00:00
2026-07-21,removed,51958277,,,Apartment,2BHK | LUXURIOUS FURNISHED APARTMENT.,450.0,,,,BHD,monthly,,,,,,,,,,,26.203079223632812,50.594947814941406,,,,Jasim Uddin,,YES,,,,,https://www.propertyfinder.bh/en/plp/rent/apartment-for-rent-capital-governorate-manama-um-al-hasam-51958277.html,2026-05-31T13:58:31.068517+00:00,2026-07-20T21:17:02.364062+00:00,50,2026-07-20T21:17:02.364062+00:00
2026-07-21,removed,51958304,,,Apartment,3BHK | FURNISHED APARTMENT | PRIME LOCATION.,550.0,,,,BHD,monthly,,,,,,,,,,,26.23387908935547,50.5939826965332,,,,Jasim Uddin,,YES,,,,,https://www.propertyfinder.bh/en/plp/rent/apartment-for-rent-capital-governorate-hoora-51958304.html,2026-05-31T13:58:31.068517+00:00,2026-07-20T21:17:02.364062+00:00,50,2026-07-20T21:17:02.364062+00:00
2026-07-21,removed,51984844,,,Apartment,3BHK | BRAND NEW | SEMI FURNISHED | UNLIMITED EWA,500.0,,,,BHD,monthly,,,,,,,,,,,26.149999618530273,50.58333206176758,,,,Jasim Uddin,,PARTLY,,,,,https://www.propertyfinder.bh/en/plp/rent/apartment-for-rent-central-governorate-sanad-51984844.html,2026-05-31T13:58:31.068517+00:00,2026-07-20T21:17:02.364062+00:00,50,2026-07-20T21:17:02.364062+00:00
2026-07-21,removed,52012245,,,Apartment,Higher floor apartment with luxury City views,450.0,,,,BHD,monthly,,,,,,,,Diyar Al Muharraq,Marassi Boulevard,,26.303447723388672,50.6461296081543,,,,Christian Brunet,,YES,,,,,https://www.propertyfinder.bh/en/plp/rent/apartment-for-rent-muharraq-governorate-diyar-al-muharraq-marassi-boulevard-52012245.html,2026-05-31T13:58:31.068517+00:00,2026-07-20T21:17:02.364062+00:00,50,2026-07-20T21:17:02.364062+00:00
2026-07-21,removed,52038767,,,Apartment,Classic Royal-Spacious 3Bed Sea and Island Views,1200.0,,,,BHD,monthly,,,,,,,,,,,26.241750717163086,50.5663948059082,,,,Sushant Anand,,YES,,,,,https://www.propertyfinder.bh/en/plp/rent/apartment-for-rent-capital-governorate-reef-island-52038767.html,2026-05-31T13:58:31.068517+00:00,2026-07-20T21:17:02.364062+00:00,50,2026-07-20T21:17:02.364062+00:00
2026-07-21,removed,52064800,,,Apartment,Fully Furnished Luxury Flat With Private Pool,650.0,,,,BHD,monthly,,,,,,,,,,,26.19164276123047,50.48757553100586,,,,Joy  Ayoub,,YES,,,,,https://www.propertyfinder.bh/en/plp/rent/apartment-for-rent-northern-governorate-saar-52064800.html,2026-05-31T13:58:31.068517+00:00,2026-07-20T21:17:02.364062+00:00,50,2026-07-20T21:17:02.364062+00:00
2026-07-21,removed,52064805,,,Villa,Modern Four Bedroom Three Storey Villa,1000.0,,,,BHD,monthly,,,,,,,,,,,26.19164276123047,50.48757553100586,,,,Joy  Ayoub,,YES,,,,,https://www.propertyfinder.bh/en/plp/rent/villa-for-rent-northern-governorate-saar-52064805.html,2026-05-31T13:58:31.068517+00:00,2026-07-20T21:17:02.364062+00:00,50,2026-07-20T21:17:02.364062+00:00
2026-07-21,removed,52064806,,,Villa,Elegant Four Bed Villa with Private Pool,1250.0,,,,BHD,monthly,,,,,,,,,,,26.19164276123047,50.48757553100586,,,,Joy  Ayoub,,PARTLY,,,,,https://www.propertyfinder.bh/en/plp/rent/villa-for-rent-northern-governorate-saar-52064806.html,2026-05-31T13:58:31.068517+00:00,2026-07-20T21:17:02.364062+00:00,50,2026-07-20T21:17:02.364062+00:00
2026-07-21,removed,52064810,,,Villa,Spacious Elegant Four Bedroom Villa,1200.0,,,,BHD,monthly,,,,,,,,,,,26.19164276123047,50.48757553100586,,,,Joy  Ayoub,,PARTLY,,,,,https://www.propertyfinder.bh/en/plp/rent/villa-for-rent-northern-governorate-saar-52064810.html,2026-05-31T13:58:31.068517+00:00,2026-07-20T21:17:02.364062+00:00,50,2026-07-20T21:17:02.364062+00:00
2026-07-21,removed,52090234,,,Apartment,Modern 2-BHK Furnished for Rent in – Mahooz,430.0,,,,BHD,monthly,,,,,,,,,,,26.207910537719727,50.587345123291016,,,,Pegasus Real Estate,,YES,,,,,https://www.propertyfinder.bh/en/plp/rent/apartment-for-rent-capital-governorate-manama-mahooz-52090234.html,2026-05-31T13:58:31.068517+00:00,2026-07-20T21:17:02.364062+00:00,50,2026-07-20T21:17:02.364062+00:00
2026-07-21,removed,52091407,,,Office Space,7BHK | SEMI FITTED OFFICE SPACE | PRIME LOCATION.,600.0,,,,BHD,monthly,,,,,,,,,,,26.239999771118164,50.5369987487793,,,,Jasim Uddin,,PARTLY,,,,,https://www.propertyfinder.bh/en/plp/commercial-rent/office-space-for-rent-capital-governorate-seef-52091407.html,2026-05-31T13:58:31.068517+00:00,2026-07-20T21:17:02.364062+00:00,50,2026-07-20T21:17:02.364062+00:00
2026-07-21,removed,52170082,,,Apartment,Close Kitchen 2 Bed room Apartment / MY,130.0,,,,BHD,monthly,,,,,,,,Riffa Al Sharqi,,,26.1162166595459,50.57211685180664,,,,Nayla Tabussam,,NO,,,,,https://www.propertyfinder.bh/en/plp/rent/apartment-for-rent-southern-governorate-riffa-riffa-al-sharqi-52170082.html,2026-05-31T13:58:31.068517+00:00,2026-07-20T21:17:02.364062+00:00,50,2026-07-20T21:17:02.364062+00:00
2026-07-21,removed,52170091,,,Apartment,2 BHK Flat with American Style Open Kitchen / MY,220.0,,,,BHD,monthly,,,,,,,,Riffa Al Sharqi,,,26.1162166595459,50.57211685180664,,,,Nayla Tabussam,,PARTLY,,,,,https://www.propertyfinder.bh/en/plp/rent/apartment-for-rent-southern-governorate-riffa-riffa-al-sharqi-52170091.html,2026-05-31T13:58:31.068517+00:00,2026-07-20T21:17:02.364062+00:00,50,2026-07-20T21:17:02.364062+00:00
2026-07-21,removed,52170101,,,Apartment,2 Bedroom / Laundry Hall / Reserved Parking / MY,250.0,,,,BHD,monthly,,,,,,,,Riffa Al Sharqi,,,26.1162166595459,50.57211685180664,,,,Nayla Tabussam,,NO,,,,,https://www.propertyfinder.bh/en/plp/rent/apartment-for-rent-southern-governorate-riffa-riffa-al-sharqi-52170101.html,2026-05-31T13:58:31.068517+00:00,2026-07-20T21:17:02.364062+00:00,50,2026-07-20T21:17:02.364062+00:00
2026-07-21,removed,52170314,,,Apartment,2BHK | LUXURIOUS APARTMENT | UNLIMITED EWA.,450.0,,,,BHD,monthly,,,,,,,,,,,26.207910537719727,50.587345123291016,,,,Jasim Uddin,,YES,,,,,https://www.propertyfinder.bh/en/plp/rent/apartment-for-rent-capital-governorate-manama-mahooz-52170314.html,2026-06-26T20:41:07.599923+00:00,2026-07-20T21:17:02.364062+00:00,24,2026-07-20T21:17:02.364062+00:00
2026-07-21,removed,52249389,,,Apartment,2BHK | LUXURIOUS APARTMENT | PRIME LOCATION.,500.0,,,,BHD,monthly,,,,,,,,,,,26.2103271484375,50.57957458496094,,,,Jasim Uddin,,YES,,,,,https://www.propertyfinder.bh/en/plp/rent/apartment-for-rent-capital-governorate-bu-ashira-52249389.html,2026-07-04T21:05:04.819049+00:00,2026-07-20T21:17:02.364062+00:00,16,2026-07-20T21:17:02.364062+00:00
2026-07-21,removed,52302218,,,Apartment,Luxury Living in Seef,500.0,,,,BHD,monthly,,,,,,,,,,,26.239999771118164,50.5369987487793,,,,Pegasus Real Estate,,YES,,,,,https://www.propertyfinder.bh/en/plp/rent/apartment-for-rent-capital-governorate-seef-52302218.html,2026-05-31T13:58:31.068517+00:00,2026-07-20T21:17:02.364062+00:00,50,2026-07-20T21:17:02.364062+00:00
2026-07-21,removed,52328849,,,Apartment,Sea View Apartment in Bahrain Bay High ROI,110000.0,,,,BHD,sell,,,,,,,,,,,26.249584197998047,50.580360412597656,,,,Ahmed Janahi,,YES,completed,,,,https://www.propertyfinder.bh/en/plp/buy/apartment-for-sale-capital-governorate-bahrain-bay-52328849.html,2026-05-31T13:58:31.068517+00:00,2026-07-20T21:17:02.364062+00:00,50,2026-07-20T21:17:02.364062+00:00
2026-07-21,removed,52462212,,,Apartment,3BHK | SEMI FURNISHED APARTMENT | PRIME LOCATION.,350.0,,,,BHD,monthly,,,,,,,,,,,26.188888549804688,50.54999923706055,,,,Jasim Uddin,,PARTLY,,,,,https://www.propertyfinder.bh/en/plp/rent/apartment-for-rent-central-governorate-tubli-52462212.html,2026-06-26T20:41:07.599923+00:00,2026-07-20T21:17:02.364062+00:00,24,2026-07-20T21:17:02.364062+00:00
2026-07-21,removed,52462213,,,Apartment,2BHK | FURNISHED APARTMENT | PRIME LOCATION.,400.0,,,,BHD,monthly,,,,,,,,,,,26.203079223632812,50.594947814941406,,,,Jasim Uddin,,YES,,,,,https://www.propertyfinder.bh/en/plp/rent/apartment-for-rent-capital-governorate-manama-um-al-hasam-52462213.html,2026-07-06T21:42:21.442506+00:00,2026-07-20T21:17:02.364062+00:00,13,2026-07-20T21:17:02.364062+00:00
2026-07-21,removed,52462929,,,Apartment,SPACIOUS | MODERN | VERY NEAT | GREAT LOCATION,430.0,,,,BHD,monthly,,,,,,,,,,,26.188888549804688,50.54999923706055,,,,Christopher Lyria,,PARTLY,,,,,https://www.propertyfinder.bh/en/plp/rent/apartment-for-rent-central-governorate-tubli-52462929.html,2026-05-31T13:58:31.068517+00:00,2026-07-20T21:17:02.364062+00:00,50,2026-07-20T21:17:02.364062+00:00
2026-07-21,removed,52517296,,,Apartment,3BHK | LUXURIOUS APARTMENT | PRIME LOCATION.,600.0,,,,BHD,monthly,,,,,,,,,,,26.2102108001709,50.56403350830078,,,,Jasim Uddin,,YES,,,,,https://www.propertyfinder.bh/en/plp/rent/apartment-for-rent-capital-governorate-manama-zinj-52517296.html,2026-05-31T13:58:31.068517+00:00,2026-07-20T21:17:02.364062+00:00,50,2026-07-20T21:17:02.364062+00:00
2026-07-21,removed,52517409,,,Apartment,4BHK | LUXURIOUS SEMI FURNISHED APARTMENT.,650.0,,,,BHD,monthly,,,,,,,,,,,26.203079223632812,50.594947814941406,,,,Jasim Uddin,,PARTLY,,,,,https://www.propertyfinder.bh/en/plp/rent/apartment-for-rent-capital-governorate-manama-um-al-hasam-52517409.html,2026-05-31T13:58:31.068517+00:00,2026-07-20T21:17:02.364062+00:00,50,2026-07-20T21:17:02.364062+00:00
2026-07-21,removed,52517547,,,Apartment,2BHK | LUXURIOUS APARTMENT | PRIME LOCATION.,400.0,,,,BHD,monthly,,,,,,,,,,,26.2102108001709,50.56403350830078,,,,Jasim Uddin,,YES,,,,,https://www.propertyfinder.bh/en/plp/rent/apartment-for-rent-capital-governorate-manama-zinj-52517547.html,2026-05-31T13:58:31.068517+00:00,2026-07-20T21:17:02.364062+00:00,50,2026-07-20T21:17:02.364062+00:00
2026-07-21,removed,52829958,,,Whole Building,Residential Building for Sale | Manama,1000000.0,,,,BHD,sell,,,,,,,,,,,26.211111068725586,50.601112365722656,,,,Ahmed Janahi,,YES,completed,,,,https://www.propertyfinder.bh/en/plp/buy/whole-building-for-sale-capital-governorate-al-juffair-52829958.html,2026-05-31T13:58:31.068517+00:00,2026-07-20T21:17:02.364062+00:00,50,2026-07-20T21:17:02.364062+00:00
2026-07-21,removed,52830585,,,Apartment,8 Instalments I 0% Interest I Direct From Dev.,112559.0,,,,BHD,sell,,,,,,,,,,,26.239999771118164,50.5369987487793,,,,Haytham Gomaa,,PARTLY,completed,,,,https://www.propertyfinder.bh/en/plp/buy/apartment-for-sale-capital-governorate-seef-52830585.html,2026-05-31T13:58:31.068517+00:00,2026-07-20T21:17:02.364062+00:00,50,2026-07-20T21:17:02.364062+00:00
2026-07-21,removed,52855776,,,Apartment,3BHK | SEMI FURNISHED | PRIME LOCATION. PETS ALLOW,330.0,,,,BHD,monthly,,,,,,,,,,,26.188888549804688,50.54999923706055,,,,Jasim Uddin,,PARTLY,,,,,https://www.propertyfinder.bh/en/plp/rent/apartment-for-rent-central-governorate-tubli-52855776.html,2026-05-31T13:58:31.068517+00:00,2026-07-20T21:17:02.364062+00:00,50,2026-07-20T21:17:02.364062+00:00
2026-07-21,removed,52855786,,,Apartment,3BHK | SEMI FURNISHED | GROUND FLOOR.,370.0,,,,BHD,monthly,,,,,,,,,,,26.188888549804688,50.54999923706055,,,,Jasim Uddin,,PARTLY,,,,,https://www.propertyfinder.bh/en/plp/rent/apartment-for-rent-central-governorate-tubli-52855786.html,2026-05-31T13:58:31.068517+00:00,2026-07-20T21:17:02.364062+00:00,50,2026-07-20T21:17:02.364062+00:00
2026-07-21,removed,52879714,,,Apartment,1 BHK | Balcony | Gym Pool | Jacuzzi | Sauna steam,450.0,,,,BHD,monthly,,,,,,,,Amwaj Avenue,,,26.29302978515625,50.66474151611328,,,,Muhammad Usman,,YES,,,,,https://www.propertyfinder.bh/en/plp/rent/apartment-for-rent-muharraq-governorate-amwaj-islands-amwaj-avenue-52879714.html,2026-05-31T13:58:31.068517+00:00,2026-07-20T21:17:02.364062+00:00,50,2026-07-20T21:17:02.364062+00:00
2026-07-21,removed,52879891,,,Apartment,Modern Bright Prime Location Duplex,57000.0,,,,BHD,sell,,,,,,,,,,,26.211111068725586,50.601112365722656,,,,Maher Alimadi,,YES,completed,,,,https://www.propertyfinder.bh/en/plp/buy/apartment-for-sale-capital-governorate-al-juffair-52879891.html,2026-05-31T13:58:31.068517+00:00,2026-07-20T21:17:02.364062+00:00,50,2026-07-20T21:17:02.364062+00:00
2026-07-21,removed,52879981,,,Villa,3BHK Villa | Spacious | Bright | 2 Story | Adliya,1100.0,,,,BHD,monthly,,,,,,,,,,,26.21693992614746,50.57733154296875,,,,Aneela Mukhtar,,NO,,,,,https://www.propertyfinder.bh/en/plp/rent/villa-for-rent-capital-governorate-manama-segaya-52879981.html,2026-05-31T13:58:31.068517+00:00,2026-07-20T21:17:02.364062+00:00,50,2026-07-20T21:17:02.364062+00:00
2026-07-21,removed,52879996,,,Villa,3BHK Villa | Spacious | Bright | 2 Story | Adliya,1100.0,,,,BHD,monthly,,,,,,,,,,,26.214487075805664,50.584754943847656,,,,Aneela Mukhtar,,PARTLY,,,,,https://www.propertyfinder.bh/en/plp/rent/villa-for-rent-capital-governorate-manama-adliya-52879996.html,2026-05-31T13:58:31.068517+00:00,2026-07-20T21:17:02.364062+00:00,50,2026-07-20T21:17:02.364062+00:00
2026-07-21,removed,52880011,,,Villa,3BHK Villa |Semi furnished | Pool | Maid Room|,700.0,,,,BHD,monthly,,,,,,,,,,,26.2102108001709,50.56403350830078,,,,Aneela Mukhtar,,PARTLY,,,,,https://www.propertyfinder.bh/en/plp/rent/villa-for-rent-capital-governorate-manama-zinj-52880011.html,2026-05-31T13:58:31.068517+00:00,2026-07-20T21:17:02.364062+00:00,50,2026-07-20T21:17:02.364062+00:00
2026-07-21,removed,52880027,,,Villa,3BHK Villa |Semi furnished | Bright | Maid Room|,600.0,,,,BHD,monthly,,,,,,,,,,,26.2102108001709,50.56403350830078,,,,Aneela Mukhtar,,PARTLY,,,,,https://www.propertyfinder.bh/en/plp/rent/villa-for-rent-capital-governorate-manama-zinj-52880027.html,2026-05-31T13:58:31.068517+00:00,2026-07-20T21:17:02.364062+00:00,50,2026-07-20T21:17:02.364062+00:00
2026-07-21,removed,52880043,,,Apartment,1BHK |Unfurnished | Bright | Open Kitchen |,190.0,,,,BHD,monthly,,,,,,,,,,,26.188888549804688,50.54999923706055,,,,Aneela Mukhtar,,NO,,,,,https://www.propertyfinder.bh/en/plp/rent/apartment-for-rent-central-governorate-tubli-52880043.html,2026-05-31T13:58:31.068517+00:00,2026-07-20T21:17:02.364062+00:00,50,2026-07-20T21:17:02.364062+00:00
2026-07-21,removed,52880149,,,Apartment,Fontana Suites 2+Maids High Standard Lifestyle,500.0,,,,BHD,monthly,,,,,,,,,,,26.211111068725586,50.601112365722656,,,,Sushant Anand,,YES,,,,,https://www.propertyfinder.bh/en/plp/rent/apartment-for-rent-capital-governorate-al-juffair-52880149.html,2026-06-12T20:52:20.984950+00:00,2026-07-20T21:17:02.364062+00:00,38,2026-07-20T21:17:02.364062+00:00
2026-07-21,removed,52880190,,,Shop,BRAND NEW SHOP FOR RENT IN TUBLI,150.0,,,,BHD,monthly,,,,,,,,,,,26.188888549804688,50.54999923706055,,,,Aneela Mukhtar,,NO,,,,,https://www.propertyfinder.bh/en/plp/commercial-rent/shop-for-rent-central-governorate-tubli-52880190.html,2026-05-31T13:58:31.068517+00:00,2026-07-20T21:17:02.364062+00:00,50,2026-07-20T21:17:02.364062+00:00
2026-07-21,removed,52880205,,,Apartment,Furnished Studio |Brand New | Bright | Isa town,170.0,,,,BHD,monthly,,,,,,,,,,,26.16529655456543,50.552181243896484,,,,Aneela Mukhtar,,YES,,,,,https://www.propertyfinder.bh/en/plp/rent/apartment-for-rent-central-governorate-isa-town-52880205.html,2026-05-31T13:58:31.068517+00:00,2026-07-20T21:17:02.364062+00:00,50,2026-07-20T21:17:02.364062+00:00
2026-07-21,removed,52880277,,,Shop,BRAND NEW SHOP FOR RENT IN TUBLI,150.0,,,,BHD,monthly,,,,,,,,,,,26.188888549804688,50.54999923706055,,,,Aneela Mukhtar,,NO,,,,,https://www.propertyfinder.bh/en/plp/commercial-rent/shop-for-rent-central-governorate-tubli-52880277.html,2026-05-31T13:58:31.068517+00:00,2026-07-20T21:17:02.364062+00:00,50,2026-07-20T21:17:02.364062+00:00
2026-07-21,removed,52880299,,,Warehouse,SPACIOUS WAREHOUSE | BUDGET FRIENDLY | HIDD |,550.0,,,,BHD,monthly,,,,,,,,,,,26.21263313293457,50.67418670654297,,,,Aneela Mukhtar,,NO,,,,,https://www.propertyfinder.bh/en/plp/commercial-rent/warehouse-for-rent-muharraq-governorate-hidd-52880299.html,2026-05-31T13:58:31.068517+00:00,2026-07-20T21:17:02.364062+00:00,50,2026-07-20T21:17:02.364062+00:00
2026-07-21,removed,52880361,,,Penthouse,6BHK PENTHOUSE FOR SALE IN AMWAJ/FLOATING CITY,260950.0,,,,BHD,sell,,,,,,,,Amwaj Avenue,,,26.29302978515625,50.66474151611328,,,,Aneela Mukhtar,,YES,completed,,,,https://www.propertyfinder.bh/en/plp/buy/penthouse-for-sale-muharraq-governorate-amwaj-islands-amwaj-avenue-52880361.html,2026-05-31T13:58:31.068517+00:00,2026-07-20T21:17:02.364062+00:00,50,2026-07-20T21:17:02.364062+00:00
2026-07-21,removed,52880409,,,Apartment,1BHK |Brand New | Bright | Closed Kitchen | Gas,220.0,,,,BHD,monthly,,,,,,,,,,,26.188888549804688,50.54999923706055,,,,Aneela Mukhtar,,PARTLY,,,,,https://www.propertyfinder.bh/en/plp/rent/apartment-for-rent-central-governorate-tubli-52880409.html,2026-05-31T13:58:31.068517+00:00,2026-07-20T21:17:02.364062+00:00,50,2026-07-20T21:17:02.364062+00:00
2026-07-21,removed,52880507,,,Show Room,SHOWROOM | BRAND NEW | PRIME LOCATION | READY |,1050.0,,,,BHD,monthly,,,,,,,,,,,26.219327926635742,50.579288482666016,,,,Shaji Pathrose,,YES,,,,,https://www.propertyfinder.bh/en/plp/commercial-rent/show-room-for-rent-capital-governorate-manama-salmaniya-52880507.html,2026-05-31T13:58:31.068517+00:00,2026-07-20T21:17:02.364062+00:00,50,2026-07-20T21:17:02.364062+00:00
2026-07-21,removed,52880642,,,Villa,Sea view | Fully Furnished | Private Pool,1700.0,,,,BHD,monthly,,,,,,,,Diyar Al Muharraq,Al Naseem,,26.31142234802246,50.64306640625,,,,Osama Ahmad,,YES,,,,,https://www.propertyfinder.bh/en/plp/rent/villa-for-rent-muharraq-governorate-diyar-al-muharraq-al-naseem-52880642.html,2026-05-31T13:58:31.068517+00:00,2026-07-20T21:17:02.364062+00:00,50,2026-07-20T21:17:02.364062+00:00
2026-07-21,removed,52880890,,,Apartment,SPACIOUS | PARTIAL SEA VIEW | FURNISHED,380.0,,,,BHD,monthly,,,,,,,,Amwaj Avenue,,,26.29302978515625,50.66474151611328,,,,Christopher Lyria,,YES,,,,,https://www.propertyfinder.bh/en/plp/rent/apartment-for-rent-muharraq-governorate-amwaj-islands-amwaj-avenue-52880890.html,2026-05-31T13:58:31.068517+00:00,2026-07-20T21:17:02.364062+00:00,50,2026-07-20T21:17:02.364062+00:00
2026-07-21,removed,52880897,,,Apartment,Unobstructed Sea View High Floor 1Bed BD450/-,450.0,,,,BHD,monthly,,,,,,,,,,,26.249584197998047,50.580360412597656,,,,Sushant Anand,,YES,,,,,https://www.propertyfinder.bh/en/plp/rent/apartment-for-rent-capital-governorate-bahrain-bay-52880897.html,2026-05-31T13:58:31.068517+00:00,2026-07-20T21:17:02.364062+00:00,50,2026-07-20T21:17:02.364062+00:00
2026-07-21,removed,52880941,,,Apartment,Modern|spacious|Bright|prime Location|Inclusive,300.0,,,,BHD,monthly,,,,,,,,,,,26.239999771118164,50.5369987487793,,,,Osama Ahmad,,YES,,,,,https://www.propertyfinder.bh/en/plp/rent/apartment-for-rent-capital-governorate-seef-52880941.html,2026-05-31T13:58:31.068517+00:00,2026-07-20T21:17:02.364062+00:00,50,2026-07-20T21:17:02.364062+00:00
2026-07-21,removed,52880948,,,Villa,MODERN | BRIGHT | SPACIOUS | PRIVATE POOL | LIFT,1200.0,,,,BHD,monthly,,,,,,,,,,,26.188888549804688,50.54999923706055,,,,Shaji Pathrose,,PARTLY,,,,,https://www.propertyfinder.bh/en/plp/rent/villa-for-rent-central-governorate-tubli-52880948.html,2026-05-31T13:58:31.068517+00:00,2026-07-20T21:17:02.364062+00:00,50,2026-07-20T21:17:02.364062+00:00
2026-07-21,removed,52881093,,,Apartment,1BHK | LUXURIOUS APARTMENT | PRIME LOCATION.,300.0,,,,BHD,monthly,,,,,,,,,,,26.288480758666992,50.66381072998047,,,,Jasim Uddin,,YES,,,,,https://www.propertyfinder.bh/en/plp/rent/apartment-for-rent-muharraq-governorate-amwaj-islands-52881093.html,2026-07-16T13:23:22.641531+00:00,2026-07-20T21:17:02.364062+00:00,4,2026-07-20T21:17:02.364062+00:00
2026-07-21,removed,52957348,,,Apartment,Sea/City View Apartment in Seef Modern Building,56000.0,,,,BHD,sell,,,,,,,,,,,26.239999771118164,50.5369987487793,,,,Mohammed Radhi,,YES,completed,,,,https://www.propertyfinder.bh/en/plp/buy/apartment-for-sale-capital-governorate-seef-52957348.html,2026-05-31T13:58:31.068517+00:00,2026-07-20T21:17:02.364062+00:00,50,2026-07-20T21:17:02.364062+00:00
2026-07-21,removed,53059490,,,Apartment,Extremely Large Bright Modern Prime Location,67000.0,,,,BHD,sell,,,,,,,,,,,26.211111068725586,50.601112365722656,,,,Maher Alimadi,,YES,completed,,,,https://www.propertyfinder.bh/en/plp/buy/apartment-for-sale-capital-governorate-al-juffair-53059490.html,2026-06-02T00:10:52.106132+00:00,2026-07-20T21:17:02.364062+00:00,48,2026-07-20T21:17:02.364062+00:00
2026-07-21,removed,53085589,,,Apartment,Luxury Coastal Home | Strong Investment Appeal,105000.0,,,,BHD,sell,,,,,,,,Diyar Al Muharraq,,,26.303447723388672,50.6461296081543,,,,Christian Brunet,,YES,completed,,,,https://www.propertyfinder.bh/en/plp/buy/apartment-for-sale-muharraq-governorate-diyar-al-muharraq-marassi-al-bahrain-53085589.html,2026-06-18T20:57:37.279688+00:00,2026-07-20T21:17:02.364062+00:00,32,2026-07-20T21:17:02.364062+00:00
2026-07-21,removed,53085954,,,Apartment,3 BHK with Laundry/Balcony and Covered Parking /MY,240.0,,,,BHD,monthly,,,,,,,,Riffa Al Sharqi,,,26.1162166595459,50.57211685180664,,,,Nayla Tabussam,,NO,,,,,https://www.propertyfinder.bh/en/plp/rent/apartment-for-rent-southern-governorate-riffa-riffa-al-sharqi-53085954.html,2026-05-31T13:58:31.068517+00:00,2026-07-20T21:17:02.364062+00:00,50,2026-07-20T21:17:02.364062+00:00
2026-07-21,removed,53086521,,,Apartment,Sea View Studio For Rent in New Hidd,270.0,,,,BHD,monthly,,,,,,,,,,,26.21263313293457,50.67418670654297,,,,Mohammed Radhi,,YES,,,,,https://www.propertyfinder.bh/en/plp/rent/apartment-for-rent-muharraq-governorate-hidd-53086521.html,2026-05-31T13:58:31.068517+00:00,2026-07-20T21:17:02.364062+00:00,50,2026-07-20T21:17:02.364062+00:00
2026-07-21,removed,53086790,,,Apartment,For Sale | 2 Bedroom Apartment in Dar El Ez 2,43000.0,,,,BHD,sell,,,,,,,,,,,26.27199935913086,50.60900115966797,,,,Ahmed Janahi,,YES,completed,,,,https://www.propertyfinder.bh/en/plp/buy/apartment-for-sale-muharraq-governorate-busaiteen-53086790.html,2026-05-31T13:58:31.068517+00:00,2026-07-20T21:17:02.364062+00:00,50,2026-07-20T21:17:02.364062+00:00
2026-07-21,removed,53113387,,,Office Space,3BHK | UNFURNISHED OFFICE SPACE | GROUND FLOOR.,280.0,,,,BHD,monthly,,,,,,,,,,,26.218677520751953,50.59382247924805,,,,Jasim Uddin,,NO,,,,,https://www.propertyfinder.bh/en/plp/commercial-rent/office-space-for-rent-capital-governorate-manama-gudaibiya-53113387.html,2026-05-31T13:58:31.068517+00:00,2026-07-20T21:17:02.364062+00:00,50,2026-07-20T21:17:02.364062+00:00
2026-07-21,removed,53215476,,,Apartment,Fontana Infinity A Top Floor Full Sea View,69000.0,,,,BHD,sell,,,,,,,,,,,26.211111068725586,50.601112365722656,,,,Maher Alimadi,,YES,completed,,,,https://www.propertyfinder.bh/en/plp/buy/apartment-for-sale-capital-governorate-al-juffair-53215476.html,2026-05-31T13:58:31.068517+00:00,2026-07-20T21:17:02.364062+00:00,50,2026-07-20T21:17:02.364062+00:00
2026-07-21,removed,53322705,,,Penthouse,Spacious with Premium Living | Pool Access,650.0,,,,BHD,monthly,,,,,,,,,,,26.207910537719727,50.587345123291016,,,,Christian Brunet,,PARTLY,,,,,https://www.propertyfinder.bh/en/plp/rent/penthouse-for-rent-capital-governorate-manama-mahooz-53322705.html,2026-05-31T13:58:31.068517+00:00,2026-07-20T21:17:02.364062+00:00,50,2026-07-20T21:17:02.364062+00:00
2026-07-21,removed,53322964,,,Apartment,Luxury | Fully-Furnished | Balconies | Pool,320.0,,,,BHD,monthly,,,,,,,,,,,26.27199935913086,50.60900115966797,,,,Abid Siddique,,YES,,,,,https://www.propertyfinder.bh/en/plp/rent/apartment-for-rent-muharraq-governorate-busaiteen-53322964.html,2026-05-31T13:58:31.068517+00:00,2026-07-20T21:17:02.364062+00:00,50,2026-07-20T21:17:02.364062+00:00
2026-07-21,removed,53404732,,,Apartment,Duplex Bright City View Balcony,70000.0,,,,BHD,sell,,,,,,,,,,,26.211111068725586,50.601112365722656,,,,Maher Alimadi,,YES,completed,,,,https://www.propertyfinder.bh/en/plp/buy/apartment-for-sale-capital-governorate-al-juffair-53404732.html,2026-05-31T13:58:31.068517+00:00,2026-07-20T21:17:02.364062+00:00,50,2026-07-20T21:17:02.364062+00:00
2026-07-21,removed,53404747,,,Apartment,2 BHK with Master Bed & Lift & Covered Parking /MY,180.0,,,,BHD,monthly,,,,,,,,Riffa Al Sharqi,,,26.1162166595459,50.57211685180664,,,,Nayla Tabussam,,NO,,,,,https://www.propertyfinder.bh/en/plp/rent/apartment-for-rent-southern-governorate-riffa-riffa-al-sharqi-53404747.html,2026-05-31T13:58:31.068517+00:00,2026-07-20T21:17:02.364062+00:00,50,2026-07-20T21:17:02.364062+00:00
2026-07-21,removed,53432595,,,Apartment,2 BHK Apartment with Unlimited EWA / MY,250.0,,,,BHD,monthly,,,,,,,,Riffa Al Sharqi,,,26.1162166595459,50.57211685180664,,,,Nayla Tabussam,,NO,,,,,https://www.propertyfinder.bh/en/plp/rent/apartment-for-rent-southern-governorate-riffa-riffa-al-sharqi-53432595.html,2026-05-31T13:58:31.068517+00:00,2026-07-20T21:17:02.364062+00:00,50,2026-07-20T21:17:02.364062+00:00
2026-07-21,removed,53432604,,,Apartment,Sea View Balcony | High Floor | Great Facilities,60000.0,,,,BHD,sell,,,,,,,,,,,26.211111068725586,50.601112365722656,,,,Christian Brunet,,YES,completed,,,,https://www.propertyfinder.bh/en/plp/buy/apartment-for-sale-capital-governorate-al-juffair-53432604.html,2026-05-31T13:58:31.068517+00:00,2026-07-20T21:17:02.364062+00:00,50,2026-07-20T21:17:02.364062+00:00
2026-07-21,removed,53432841,,,Apartment,Sea View Apartments For Rent In Amwaj Island,400.0,,,,BHD,monthly,,,,,,,,,,,26.288480758666992,50.66381072998047,,,,Mohammed Radhi,,YES,,,,,https://www.propertyfinder.bh/en/plp/rent/apartment-for-rent-muharraq-governorate-amwaj-islands-53432841.html,2026-07-16T13:23:22.641531+00:00,2026-07-20T21:17:02.364062+00:00,4,2026-07-20T21:17:02.364062+00:00
2026-07-21,removed,53460565,,,Apartment,Luxury | Hot Deal | Sea View | Balcony | Security,90000.0,,,,BHD,sell,,,,,,,,Bahrain Financial Harbour,,,26.23778533935547,50.57342529296875,,,,Sayed Mohamed Hasan,,YES,completed,,,,https://www.propertyfinder.bh/en/plp/buy/apartment-for-sale-capital-governorate-manama-bahrain-financial-harbour-53460565.html,2026-05-31T13:58:31.068517+00:00,2026-07-20T21:17:02.364062+00:00,50,2026-07-20T21:17:02.364062+00:00
2026-07-21,removed,53461745,,,Villa,3BHK |Semi furnished | Pool & Gym | Salmaniya |,600.0,,,,BHD,monthly,,,,,,,,,,,26.219327926635742,50.579288482666016,,,,Aneela Mukhtar,,PARTLY,,,,,https://www.propertyfinder.bh/en/plp/rent/villa-for-rent-capital-governorate-manama-salmaniya-53461745.html,2026-05-31T13:58:31.068517+00:00,2026-07-20T21:17:02.364062+00:00,50,2026-07-20T21:17:02.364062+00:00
2026-07-21,removed,53461756,,,Villa,Premium Commercial Villa for Rent – Salmaniya,1200.0,,,,BHD,monthly,,,,,,,,,,,26.219327926635742,50.579288482666016,,,,Aneela Mukhtar,,YES,,,,,https://www.propertyfinder.bh/en/plp/commercial-rent/villa-for-rent-capital-governorate-manama-salmaniya-53461756.html,2026-05-31T13:58:31.068517+00:00,2026-07-20T21:17:02.364062+00:00,50,2026-07-20T21:17:02.364062+00:00
2026-07-21,removed,53488642,,,Office Space,2BHK | SEMI FURNISHED | PRIME LOCATION.,240.0,,,,BHD,monthly,,,,,,,,,,,26.207910537719727,50.587345123291016,,,,Jasim Uddin,,PARTLY,,,,,https://www.propertyfinder.bh/en/plp/commercial-rent/office-space-for-rent-capital-governorate-manama-mahooz-53488642.html,2026-05-31T13:58:31.068517+00:00,2026-07-20T21:17:02.364062+00:00,50,2026-07-20T21:17:02.364062+00:00
2026-07-21,removed,53488676,,,Apartment,2BHK |Semi Furnished| Bright |Prime Location| Gas,260.0,,,,BHD,monthly,,,,,,,,,,,26.188888549804688,50.54999923706055,,,,Aneela Mukhtar,,PARTLY,,,,,https://www.propertyfinder.bh/en/plp/rent/apartment-for-rent-central-governorate-tubli-53488676.html,2026-05-31T13:58:31.068517+00:00,2026-07-20T21:17:02.364062+00:00,50,2026-07-20T21:17:02.364062+00:00
2026-07-21,removed,53489639,,,Apartment,Unique Luxuries presented By Rotana,145000.0,,,,BHD,sell,,,,,,,,,,,26.249584197998047,50.580360412597656,,,,Maher Alimadi,,YES,completed,,,,https://www.propertyfinder.bh/en/plp/buy/apartment-for-sale-capital-governorate-bahrain-bay-53489639.html,2026-05-31T13:58:31.068517+00:00,2026-07-20T21:17:02.364062+00:00,50,2026-07-20T21:17:02.364062+00:00
2026-07-21,removed,53601492,,,Villa,Premium 5 BR Villa | Swimming Pool | 526 SQM,265000.0,,,,BHD,sell,,,,,,,,Saraya 2,,,26.19185447692871,50.509178161621094,,,,Sr Pegasus Agent Dridi,,PARTLY,completed,,,,https://www.propertyfinder.bh/en/plp/buy/villa-for-sale-northern-governorate-bu-quwah-saraya-2-53601492.html,2026-05-31T13:58:31.068517+00:00,2026-07-20T21:17:02.364062+00:00,50,2026-07-20T21:17:02.364062+00:00
2026-07-21,removed,53601590,,,Duplex,4BHK DUPLEX | LUXURIOUS APARTMENT | PRIME LOCATION,750.0,,,,BHD,monthly,,,,,,,,,,,26.23387908935547,50.5939826965332,,,,Jasim Uddin,,YES,,,,,https://www.propertyfinder.bh/en/plp/rent/duplex-for-rent-capital-governorate-hoora-969018.html,2026-05-31T13:58:31.068517+00:00,2026-07-20T21:17:02.364062+00:00,50,2026-07-20T21:17:02.364062+00:00
2026-07-21,removed,53626863,,,Apartment,Pool View | Cozy Layout | Stylish Home,32000.0,,,,BHD,sell,,,,,,,,,,,26.211111068725586,50.601112365722656,,,,Iqbal Mayoddin,,YES,completed,,,,https://www.propertyfinder.bh/en/plp/buy/apartment-for-sale-capital-governorate-al-juffair-53626863.html,2026-05-31T13:58:31.068517+00:00,2026-07-20T21:17:02.364062+00:00,50,2026-07-20T21:17:02.364062+00:00
2026-07-21,removed,53628341,,,Apartment,Island Lifestyle with Inclusive Rental Offer,600.0,,,,BHD,monthly,,,,,,,,Amwaj Avenue,,,26.29302978515625,50.66474151611328,,,,Christian Brunet,,YES,,,,,https://www.propertyfinder.bh/en/plp/rent/apartment-for-rent-muharraq-governorate-amwaj-islands-amwaj-avenue-53628341.html,2026-05-31T13:58:31.068517+00:00,2026-07-20T21:17:02.364062+00:00,50,2026-07-20T21:17:02.364062+00:00
2026-07-21,removed,53655549,,,Apartment,Resort-style Living with Direct Pool Entry,64000.0,,,,BHD,sell,,,,,,,,Diyar Al Muharraq,Marassi Park Residences,,26.307302474975586,50.645973205566406,,,,Christian Brunet,,YES,completed,,,,https://www.propertyfinder.bh/en/plp/buy/apartment-for-sale-muharraq-governorate-diyar-al-muharraq-marassi-park-residences-53655549.html,2026-05-31T13:58:31.068517+00:00,2026-07-20T21:17:02.364062+00:00,50,2026-07-20T21:17:02.364062+00:00
2026-07-21,removed,53709005,,,Land,Residential land for sale in Al Qarya(Al Janabiya),96201.0,,,,BHD,sell,,,,,,,,,,,26.20011329650879,50.46629333496094,,,,Hussain Alkhayaat,,,,,,,https://www.propertyfinder.bh/en/plp/buy/land-for-sale-northern-governorate-al-qurayyah-53709005.html,2026-05-31T13:58:31.068517+00:00,2026-07-20T21:17:02.364062+00:00,50,2026-07-20T21:17:02.364062+00:00
2026-07-21,removed,53709014,,,Land,Residential land for sale in Al Qarya(Al Janabiya),108313.0,,,,BHD,sell,,,,,,,,,,,26.20011329650879,50.46629333496094,,,,Hussain Alkhayaat,,,,,,,https://www.propertyfinder.bh/en/plp/buy/land-for-sale-northern-governorate-al-qurayyah-53709014.html,2026-05-31T13:58:31.068517+00:00,2026-07-20T21:17:02.364062+00:00,50,2026-07-20T21:17:02.364062+00:00
2026-07-21,removed,53709503,,,Apartment,Luxury Reef Island View Apartment for Rent,650.0,,,,BHD,monthly,,,,,,,,,,,26.241750717163086,50.5663948059082,,,,Pegasus Real Estate,,YES,,,,,https://www.propertyfinder.bh/en/plp/rent/apartment-for-rent-capital-governorate-reef-island-53709503.html,2026-05-31T13:58:31.068517+00:00,2026-07-20T21:17:02.364062+00:00,50,2026-07-20T21:17:02.364062+00:00
2026-07-21,removed,53709652,,,Apartment,Luxury Reef Island View Apartment for Rent,1300.0,,,,BHD,monthly,,,,,,,,,,,26.241750717163086,50.5663948059082,,,,Pegasus Real Estate,,YES,,,,,https://www.propertyfinder.bh/en/plp/rent/apartment-for-rent-capital-governorate-reef-island-53709652.html,2026-05-31T13:58:31.068517+00:00,2026-07-20T21:17:02.364062+00:00,50,2026-07-20T21:17:02.364062+00:00
2026-07-21,removed,53710515,,,Show Room,Premium Showroom Space Available in Tubli,600.0,,,,BHD,monthly,,,,,,,,,,,26.188888549804688,50.54999923706055,,,,Aneela Mukhtar,,NO,,,,,https://www.propertyfinder.bh/en/plp/commercial-rent/show-room-for-rent-central-governorate-tubli-53710515.html,2026-05-31T13:58:31.068517+00:00,2026-07-20T21:17:02.364062+00:00,50,2026-07-20T21:17:02.364062+00:00
2026-07-21,removed,53710551,,,Villa,3BHK |Semi furnished | Private Pool |Old Juffair |,500.0,,,,BHD,monthly,,,,,,,,,,,26.205734252929688,50.60181427001953,,,,Aneela Mukhtar,,PARTLY,,,,,https://www.propertyfinder.bh/en/plp/rent/villa-for-rent-capital-governorate-manama-ghuraifah-old-juffair-53710551.html,2026-05-31T13:58:31.068517+00:00,2026-07-20T21:17:02.364062+00:00,50,2026-07-20T21:17:02.364062+00:00
2026-07-21,removed,53710556,,,Whole Building,10% ROI | BRAND NEW INVESTMENT BUILDING,150000.0,,,,BHD,monthly,,,,,,,,,,,26.218677520751953,50.59382247924805,,,,Najeeb Abdulwahed,,PARTLY,,,,,https://www.propertyfinder.bh/en/plp/rent/whole-building-for-rent-capital-governorate-manama-gudaibiya-53710556.html,2026-05-31T13:58:31.068517+00:00,2026-07-20T21:17:02.364062+00:00,50,2026-07-20T21:17:02.364062+00:00
2026-07-21,removed,53710676,,,Villa,RESORT-STYLE LIVING IN PREMIUM GATED COMPOUND/POOL,1199.0,,,,BHD,monthly,,,,,,,,,,,26.229394912719727,50.48070526123047,,,,Najeeb Abdulwahed,,PARTLY,,,,,https://www.propertyfinder.bh/en/plp/rent/villa-for-rent-northern-governorate-barbar-53710676.html,2026-05-31T13:58:31.068517+00:00,2026-07-20T21:17:02.364062+00:00,50,2026-07-20T21:17:02.364062+00:00
2026-07-21,removed,53710678,,,Land,Corner Plot | Al Sidra | Diyar Al Muharraq,110000.0,,,,BHD,sell,,,,,,,,Diyar Al Muharraq,Al Sidra,,26.31142234802246,50.64306640625,,,,Husain Jaber Abdulla Zaid,,,,,,,https://www.propertyfinder.bh/en/plp/buy/land-for-sale-muharraq-governorate-diyar-al-muharraq-al-sidra-53710678.html,2026-05-31T13:58:31.068517+00:00,2026-07-20T21:17:02.364062+00:00,50,2026-07-20T21:17:02.364062+00:00
2026-07-21,removed,53710775,,,Apartment,PRIVATE POOL II LUXURY AND BRIGHT II 2 BEDROOM II,650.0,,,,BHD,monthly,,,,,,,,,,,26.19164276123047,50.48757553100586,,,,Sheraz Butt,,YES,,,,,https://www.propertyfinder.bh/en/plp/rent/apartment-for-rent-northern-governorate-saar-53710775.html,2026-05-31T13:58:31.068517+00:00,2026-07-20T21:17:02.364062+00:00,50,2026-07-20T21:17:02.364062+00:00
2026-07-21,removed,53765176,,,Apartment,SEA VIEW | BEACHFRONT | PRIVATE BEACH ACCESS,1200.0,,,,BHD,monthly,,,,,,,,Diyar Al Muharraq,Marassi Shores Residences,,26.303447723388672,50.6461296081543,,,,Christian Brunet,,YES,,,,,https://www.propertyfinder.bh/en/plp/rent/apartment-for-rent-muharraq-governorate-diyar-al-muharraq-marassi-shores-residences-53765176.html,2026-05-31T13:58:31.068517+00:00,2026-07-20T21:17:02.364062+00:00,50,2026-07-20T21:17:02.364062+00:00
2026-07-21,removed,53792379,,,Penthouse,3BHK | SEMI FURNISHED PENTHOUSE | PRIME LOCATION.,650.0,,,,BHD,monthly,,,,,,,,,,,26.207910537719727,50.587345123291016,,,,Jasim Uddin,,PARTLY,,,,,https://www.propertyfinder.bh/en/plp/rent/penthouse-for-rent-capital-governorate-manama-mahooz-53792379.html,2026-05-31T13:58:31.068517+00:00,2026-07-20T21:17:02.364062+00:00,50,2026-07-20T21:17:02.364062+00:00
2026-07-21,removed,53792504,,,Apartment,Spacious 2 BHK with Lift / AC / Covered Parking/MY,190.0,,,,BHD,monthly,,,,,,,,Riffa Al Sharqi,,,26.1162166595459,50.57211685180664,,,,Nayla Tabussam,,PARTLY,,,,,https://www.propertyfinder.bh/en/plp/rent/apartment-for-rent-southern-governorate-riffa-riffa-al-sharqi-53792504.html,2026-05-31T13:58:31.068517+00:00,2026-07-20T21:17:02.364062+00:00,50,2026-07-20T21:17:02.364062+00:00
2026-07-21,removed,53792571,,,Apartment,BRAND NEW 2BHK | BALCONY | NEAR MERCADO MALL,50000.0,,,,BHD,sell,,,,,,,,,,,26.185943603515625,50.46711349487305,,,,Irina Matvievici,,PARTLY,completed_primary,,,,https://www.propertyfinder.bh/en/plp/buy/apartment-for-sale-northern-governorate-janabiya-53792571.html,2026-05-31T13:58:31.068517+00:00,2026-07-20T21:17:02.364062+00:00,50,2026-07-20T21:17:02.364062+00:00
2026-07-21,removed,53792578,,,Apartment,LAGOON VIEW | HIGH FLOOR | ATTRACTIVE PRICE,400.0,,,,BHD,monthly,,,,,,,,The Lagoon,,,26.287778854370117,50.66339111328125,,,,Rolin Faouri,,YES,,,,,https://www.propertyfinder.bh/en/plp/rent/apartment-for-rent-muharraq-governorate-amwaj-islands-the-lagoon-53792578.html,2026-05-31T13:58:31.068517+00:00,2026-07-20T21:17:02.364062+00:00,50,2026-07-20T21:17:02.364062+00:00
2026-07-21,removed,53792589,,,Apartment,LAUNDRY ROOM | WIFI | SPACIOUS | PET FRIENDLY,350.0,,,,BHD,monthly,,,,,,,,Amwaj Avenue,,,26.29302978515625,50.66474151611328,,,,Rolin Faouri,,YES,,,,,https://www.propertyfinder.bh/en/plp/rent/apartment-for-rent-muharraq-governorate-amwaj-islands-amwaj-avenue-53792589.html,2026-05-31T13:58:31.068517+00:00,2026-07-20T21:17:02.364062+00:00,50,2026-07-20T21:17:02.364062+00:00
2026-07-21,removed,53792605,,,Villa,SPACIOUS VILLA | EASY ACCESS | 4BHK+MAID | BRIGHT,138500.0,,,,BHD,sell,,,,,,,,,,,26.113693237304688,50.48170471191406,,,,Yumna Awad,,NO,completed_primary,,,,https://www.propertyfinder.bh/en/plp/buy/villa-for-sale-northern-governorate-karzakkan-53792605.html,2026-05-31T13:58:31.068517+00:00,2026-07-20T21:17:02.364062+00:00,50,2026-07-20T21:17:02.364062+00:00
2026-07-21,removed,53792614,,,Apartment,WIFI | PETS ALLOWED | GOOD SIZE LAYOUT | MOVE NOW,310.0,,,,BHD,monthly,,,,,,,,Amwaj Avenue,,,26.29302978515625,50.66474151611328,,,,Rolin Faouri,,YES,,,,,https://www.propertyfinder.bh/en/plp/rent/apartment-for-rent-muharraq-governorate-amwaj-islands-amwaj-avenue-53792614.html,2026-05-31T13:58:31.068517+00:00,2026-07-20T21:17:02.364062+00:00,50,2026-07-20T21:17:02.364062+00:00
2026-07-21,removed,53792622,,,Apartment,ELEGANT 2BHK | BALCONY | MALL ACCESS | FACILITIES,550.0,,,,BHD,monthly,,,,,,,,Diyar Al Muharraq,Marassi Residences,,26.303447723388672,50.6461296081543,,,,Rolin Faouri,,YES,,,,,https://www.propertyfinder.bh/en/plp/rent/apartment-for-rent-muharraq-governorate-diyar-al-muharraq-marassi-residences-53792622.html,2026-05-31T13:58:31.068517+00:00,2026-07-20T21:17:02.364062+00:00,50,2026-07-20T21:17:02.364062+00:00
2026-07-21,removed,53792625,,,Villa,FULLY RENOVATED | LUXURY 5BHk VILLA | SPACIOUS,225000.0,,,,BHD,sell,,,,,,,,,,,26.288480758666992,50.66381072998047,,,,Zuhair Tlili,,YES,completed,,,,https://www.propertyfinder.bh/en/plp/buy/villa-for-sale-muharraq-governorate-amwaj-islands-53792625.html,2026-05-31T13:58:31.068517+00:00,2026-07-20T21:17:02.364062+00:00,50,2026-07-20T21:17:02.364062+00:00
2026-07-21,removed,53792628,,,Land,RESIDENTIAL LAND | RHA | PRIME LOCATION,68600.0,,,,BHD,sell,,,,,,,,,,,26.1634578704834,50.515289306640625,,,,Rolin Faouri,,,,,,,https://www.propertyfinder.bh/en/plp/buy/land-for-sale-central-governorate-a-ali-53792628.html,2026-05-31T13:58:31.068517+00:00,2026-07-20T21:17:02.364062+00:00,50,2026-07-20T21:17:02.364062+00:00
2026-07-21,removed,53792634,,,Apartment,MODERN | FULL FURNISHED | TOP FACILITIES,400.0,,,,BHD,monthly,,,,,,,,,,,26.239999771118164,50.5369987487793,,,,Loai Bitar,,YES,,,,,https://www.propertyfinder.bh/en/plp/rent/apartment-for-rent-capital-governorate-seef-53792634.html,2026-05-31T13:58:31.068517+00:00,2026-07-20T21:17:02.364062+00:00,50,2026-07-20T21:17:02.364062+00:00
2026-07-21,removed,53792638,,,Apartment,Huge 3BR | Maids Room | Modern Design,1100.0,,,,BHD,monthly,,,,,,,,,,,26.241750717163086,50.5663948059082,,,,Adeel Ajaz,,YES,,,,,https://www.propertyfinder.bh/en/plp/rent/apartment-for-rent-capital-governorate-reef-island-53792638.html,2026-05-31T13:58:31.068517+00:00,2026-07-20T21:17:02.364062+00:00,50,2026-07-20T21:17:02.364062+00:00
2026-07-21,removed,53792639,,,Apartment,MASSIVE SPACE | FF 1BHK | HOUSEKEEPING | WIFI,400.0,,,,BHD,monthly,,,,,,,,Amwaj Marina,,,26.293058395385742,50.65943908691406,,,,Rolin Faouri,,YES,,,,,https://www.propertyfinder.bh/en/plp/rent/apartment-for-rent-muharraq-governorate-amwaj-islands-amwaj-marina-53792639.html,2026-05-31T13:58:31.068517+00:00,2026-07-20T21:17:02.364062+00:00,50,2026-07-20T21:17:02.364062+00:00
2026-07-21,removed,53792650,,,Duplex,EXQUISITE 3BHK | BRAND NEW DUPLEX | LUXURY LIVING,1600.0,,,,BHD,monthly,,,,,,,,,,,26.239999771118164,50.5369987487793,,,,Loai Bitar,,YES,,,,,https://www.propertyfinder.bh/en/plp/rent/duplex-for-rent-capital-governorate-seef-53792650.html,2026-05-31T13:58:31.068517+00:00,2026-07-20T21:17:02.364062+00:00,50,2026-07-20T21:17:02.364062+00:00
2026-07-21,removed,53792656,,,Apartment,Spacious 2 BHK / Lift / Low Rent / Parking / MY,150.0,,,,BHD,monthly,,,,,,,,Riffa Al Sharqi,,,26.1162166595459,50.57211685180664,,,,Nayla Tabussam,,NO,,,,,https://www.propertyfinder.bh/en/plp/rent/apartment-for-rent-southern-governorate-riffa-riffa-al-sharqi-53792656.html,2026-05-31T13:58:31.068517+00:00,2026-07-20T21:17:02.364062+00:00,50,2026-07-20T21:17:02.364062+00:00
2026-07-21,removed,53792683,,,Apartment,BRAND NEW | PAYMENT PLAN | BEACH ACCESS,223888.0,,,,BHD,sell,,,,,,,,Diyar Al Muharraq,,,26.303447723388672,50.6461296081543,,,,Loai Bitar,,YES,completed_primary,,,,https://www.propertyfinder.bh/en/plp/buy/apartment-for-sale-muharraq-governorate-diyar-al-muharraq-marassi-al-bahrain-53792683.html,2026-05-31T13:58:31.068517+00:00,2026-07-20T21:17:02.364062+00:00,50,2026-07-20T21:17:02.364062+00:00
2026-07-21,removed,53792687,,,Apartment,2BHK | SERVICE APARTMENT | BEACH ACCESS,254888.0,,,,BHD,sell,,,,,,,,Diyar Al Muharraq,,,26.303447723388672,50.6461296081543,,,,Loai Bitar,,YES,completed_primary,,,,https://www.propertyfinder.bh/en/plp/buy/apartment-for-sale-muharraq-governorate-diyar-al-muharraq-marassi-al-bahrain-53792687.html,2026-05-31T13:58:31.068517+00:00,2026-07-20T21:17:02.364062+00:00,50,2026-07-20T21:17:02.364062+00:00
2026-07-21,removed,53792704,,,Apartment,SERVICE APARTMENT | BEACH ACCESS | BRAND NEW 3 BHK,309888.0,,,,BHD,sell,,,,,,,,Diyar Al Muharraq,,,26.303447723388672,50.6461296081543,,,,Loai Bitar,,YES,completed_primary,,,,https://www.propertyfinder.bh/en/plp/buy/apartment-for-sale-muharraq-governorate-diyar-al-muharraq-marassi-al-bahrain-53792704.html,2026-05-31T13:58:31.068517+00:00,2026-07-20T21:17:02.364062+00:00,50,2026-07-20T21:17:02.364062+00:00
2026-07-21,removed,53792707,,,Apartment,1 BHK | SEAVIEW | SERVICE APARTMENT | BEACH ACCESS,126888.0,,,,BHD,sell,,,,,,,,Diyar Al Muharraq,,,26.303447723388672,50.6461296081543,,,,Loai Bitar,,YES,completed_primary,,,,https://www.propertyfinder.bh/en/plp/buy/apartment-for-sale-muharraq-governorate-diyar-al-muharraq-marassi-al-bahrain-53792707.html,2026-05-31T13:58:31.068517+00:00,2026-07-20T21:17:02.364062+00:00,50,2026-07-20T21:17:02.364062+00:00
2026-07-21,removed,53792711,,,Apartment,AFFORDABLE 1BHK |  PRIME LOCATION | ELEGANT LAYOUT,57000.0,,,,BHD,sell,,,,,,,,,,,26.239999771118164,50.5369987487793,,,,Zuhair Tlili,,PARTLY,completed,,,,https://www.propertyfinder.bh/en/plp/buy/apartment-for-sale-capital-governorate-seef-53792711.html,2026-05-31T13:58:31.068517+00:00,2026-07-20T21:17:02.364062+00:00,50,2026-07-20T21:17:02.364062+00:00
2026-07-21,removed,53792747,,,Apartment,BRAND NEW STUDIO | MARASSI | PAYMENT PLAN,93888.0,,,,BHD,sell,,,,,,,,Diyar Al Muharraq,,,26.303447723388672,50.6461296081543,,,,Loai Bitar,,YES,completed_primary,,,,https://www.propertyfinder.bh/en/plp/buy/apartment-for-sale-muharraq-governorate-diyar-al-muharraq-marassi-al-bahrain-53792747.html,2026-05-31T13:58:31.068517+00:00,2026-07-20T21:17:02.364062+00:00,50,2026-07-20T21:17:02.364062+00:00
2026-07-21,removed,53792749,,,Apartment,LUXURY 1BHK | MARASSI | BEACH ACCESS,79888.0,,,,BHD,sell,,,,,,,,Diyar Al Muharraq,,,26.303447723388672,50.6461296081543,,,,Loai Bitar,,PARTLY,completed_primary,,,,https://www.propertyfinder.bh/en/plp/buy/apartment-for-sale-muharraq-governorate-diyar-al-muharraq-marassi-al-bahrain-53792749.html,2026-05-31T13:58:31.068517+00:00,2026-07-20T21:17:02.364062+00:00,50,2026-07-20T21:17:02.364062+00:00
2026-07-21,removed,53792756,,,Apartment,4BHK + MAID | MARASSI | FURNISHED,255888.0,,,,BHD,sell,,,,,,,,Diyar Al Muharraq,,,26.303447723388672,50.6461296081543,,,,Loai Bitar,,PARTLY,completed_primary,,,,https://www.propertyfinder.bh/en/plp/buy/apartment-for-sale-muharraq-governorate-diyar-al-muharraq-marassi-al-bahrain-53792756.html,2026-05-31T13:58:31.068517+00:00,2026-07-20T21:17:02.364062+00:00,50,2026-07-20T21:17:02.364062+00:00
2026-07-21,removed,53792759,,,Apartment,FULLY FURNISHED | 2 BHK | BRIGHT & SPACIOUS,650.0,,,,BHD,monthly,,,,,,,,,,,26.19164276123047,50.48757553100586,,,,Yumna Awad,,YES,,,,,https://www.propertyfinder.bh/en/plp/rent/apartment-for-rent-northern-governorate-saar-53792759.html,2026-05-31T13:58:31.068517+00:00,2026-07-20T21:17:02.364062+00:00,50,2026-07-20T21:17:02.364062+00:00
2026-07-21,removed,53792763,,,Apartment,NAVY APPROVED | FULL SEA VIEW | RENOVATED | 1BHK,650.0,,,,BHD,monthly,,,,,,,,,,,26.241750717163086,50.5663948059082,,,,Loai Bitar,,YES,,,,,https://www.propertyfinder.bh/en/plp/rent/apartment-for-rent-capital-governorate-reef-island-53792763.html,2026-05-31T13:58:31.068517+00:00,2026-07-20T21:17:02.364062+00:00,50,2026-07-20T21:17:02.364062+00:00
2026-07-21,removed,53792771,,,Land,RESIDENTIAL LAND | NEAR SEA | PRIVATE RESIDENCE,145000.0,,,,BHD,sell,,,,,,,,,,,26.188888549804688,50.54999923706055,,,,Zuhair Tlili,,,,,,,https://www.propertyfinder.bh/en/plp/buy/land-for-sale-central-governorate-tubli-53792771.html,2026-05-31T13:58:31.068517+00:00,2026-07-20T21:17:02.364062+00:00,50,2026-07-20T21:17:02.364062+00:00
2026-07-21,removed,53792773,,,Land,RESIDENTIAL PLOT | WELL-CONNECTED | BUSAITEEN,106000.0,,,,BHD,sell,,,,,,,,,,,26.27199935913086,50.60900115966797,,,,Zuhair Tlili,,,,,,,https://www.propertyfinder.bh/en/plp/buy/land-for-sale-muharraq-governorate-busaiteen-53792773.html,2026-05-31T13:58:31.068517+00:00,2026-07-20T21:17:02.364062+00:00,50,2026-07-20T21:17:02.364062+00:00
2026-07-21,removed,53792779,,,Land,BUILD YOUR VILLA | RESIDENTIAL LAND | SANAD,96700.0,,,,BHD,sell,,,,,,,,,,,26.149999618530273,50.58333206176758,,,,Rolin Faouri,,,,,,,https://www.propertyfinder.bh/en/plp/buy/land-for-sale-central-governorate-sanad-53792779.html,2026-05-31T13:58:31.068517+00:00,2026-07-20T21:17:02.364062+00:00,50,2026-07-20T21:17:02.364062+00:00
2026-07-21,removed,53792781,,,Land,PRIME RESIDENTIAL PLOT | SANAD | RA ZONED,86000.0,,,,BHD,sell,,,,,,,,,,,26.149999618530273,50.58333206176758,,,,Rolin Faouri,,,,,,,https://www.propertyfinder.bh/en/plp/buy/land-for-sale-central-governorate-sanad-53792781.html,2026-05-31T13:58:31.068517+00:00,2026-07-20T21:17:02.364062+00:00,50,2026-07-20T21:17:02.364062+00:00
2026-07-21,removed,53792785,,,Land,PRIME RESIDENTIAL PLOT | SANAD | RA ZONED,99600.0,,,,BHD,sell,,,,,,,,,,,26.149999618530273,50.58333206176758,,,,Rolin Faouri,,,,,,,https://www.propertyfinder.bh/en/plp/buy/land-for-sale-central-governorate-sanad-53792785.html,2026-05-31T13:58:31.068517+00:00,2026-07-20T21:17:02.364062+00:00,50,2026-07-20T21:17:02.364062+00:00
2026-07-21,removed,53792789,,,Apartment,MODERN 2BHK | BALCONY | PRIME LOCATION,53000.0,,,,BHD,sell,,,,,,,,Amwaj Avenue,,,26.29302978515625,50.66474151611328,,,,Rolin Faouri,,YES,completed,,,,https://www.propertyfinder.bh/en/plp/buy/apartment-for-sale-muharraq-governorate-amwaj-islands-amwaj-avenue-53792789.html,2026-05-31T13:58:31.068517+00:00,2026-07-20T21:17:02.364062+00:00,50,2026-07-20T21:17:02.364062+00:00
2026-07-21,removed,53792794,,,Compound,AFFORDABLE 4BHK VILLA | PRIME JANABIYA LOCATION,650.0,,,,BHD,monthly,,,,,,,,,,,26.185943603515625,50.46711349487305,,,,Loai Bitar,,PARTLY,,,,,https://www.propertyfinder.bh/en/plp/rent/compound-for-rent-northern-governorate-janabiya-53792794.html,2026-05-31T13:58:31.068517+00:00,2026-07-20T21:17:02.364062+00:00,50,2026-07-20T21:17:02.364062+00:00
2026-07-21,removed,53792796,,,Villa,LUXURY 4BHK VILLA | PRIME SAAR LOCATION | ELEGANT,177000.0,,,,BHD,sell,,,,,,,,,,,26.19164276123047,50.48757553100586,,,,Loai Bitar,,PARTLY,completed,,,,https://www.propertyfinder.bh/en/plp/buy/villa-for-sale-northern-governorate-saar-53792796.html,2026-05-31T13:58:31.068517+00:00,2026-07-20T21:17:02.364062+00:00,50,2026-07-20T21:17:02.364062+00:00
2026-07-21,removed,53792800,,,Penthouse,LUXURY 4BHK PENTHOUSE | NAVY APPROVED | SEA VIEW,2200.0,,,,BHD,monthly,,,,,,,,,,,26.241750717163086,50.5663948059082,,,,Loai Bitar,,YES,,,,,https://www.propertyfinder.bh/en/plp/rent/penthouse-for-rent-capital-governorate-reef-island-53792800.html,2026-05-31T13:58:31.068517+00:00,2026-07-20T21:17:02.364062+00:00,50,2026-07-20T21:17:02.364062+00:00
2026-07-21,removed,53792806,,,Villa,LUXURY 4BHK | MODERN COMFORT | BRIGHT INTERIORS,950.0,,,,BHD,monthly,,,,,,,,,,,26.185943603515625,50.46711349487305,,,,Yumna Awad,,PARTLY,,,,,https://www.propertyfinder.bh/en/plp/rent/villa-for-rent-northern-governorate-janabiya-53792806.html,2026-05-31T13:58:31.068517+00:00,2026-07-20T21:17:02.364062+00:00,50,2026-07-20T21:17:02.364062+00:00
2026-07-21,removed,53792809,,,Villa,EXPANSIVE 5BHK VILLA | ELEGANT INTERIORS | IDEAL,1500.0,,,,BHD,monthly,,,,,,,,,,,26.19164276123047,50.48757553100586,,,,Loai Bitar,,PARTLY,,,,,https://www.propertyfinder.bh/en/plp/rent/villa-for-rent-northern-governorate-saar-53792809.html,2026-05-31T13:58:31.068517+00:00,2026-07-20T21:17:02.364062+00:00,50,2026-07-20T21:17:02.364062+00:00
2026-07-21,removed,53792816,,,Apartment,UNLIMITED EWA | MODERN 2BHK | SPACIOUS LAYOUT,400.0,,,,BHD,monthly,,,,,,,,,,,26.239999771118164,50.5369987487793,,,,Loai Bitar,,YES,,,,,https://www.propertyfinder.bh/en/plp/rent/apartment-for-rent-capital-governorate-seef-53792816.html,2026-05-31T13:58:31.068517+00:00,2026-07-20T21:17:02.364062+00:00,50,2026-07-20T21:17:02.364062+00:00
2026-07-21,removed,53792822,,,Apartment,STYLISH COASTAL LIVING | 2BHK | PREMIUM FACILITIES,550.0,,,,BHD,monthly,,,,,,,,Diyar Al Muharraq,Marassi Shores Residences,,26.303447723388672,50.6461296081543,,,,Rolin Faouri,,YES,,,,,https://www.propertyfinder.bh/en/plp/rent/apartment-for-rent-muharraq-governorate-diyar-al-muharraq-marassi-shores-residences-53792822.html,2026-05-31T13:58:31.068517+00:00,2026-07-20T21:17:02.364062+00:00,50,2026-07-20T21:17:02.364062+00:00
2026-07-21,removed,53792826,,,Apartment,BRAND NEW | BALCONY | FACILITIES | PRIME LOCATION,450.0,,,,BHD,monthly,,,,,,,,,,,26.239999771118164,50.5369987487793,,,,Zuhair Tlili,,YES,,,,,https://www.propertyfinder.bh/en/plp/rent/apartment-for-rent-capital-governorate-seef-53792826.html,2026-05-31T13:58:31.068517+00:00,2026-07-20T21:17:02.364062+00:00,50,2026-07-20T21:17:02.364062+00:00
2026-07-21,removed,53792829,,,Apartment,COZY 1BR | NEW | BALCONY | MODERN | PRIME LOCATION,300.0,,,,BHD,monthly,,,,,,,,,,,26.239999771118164,50.5369987487793,,,,Zuhair Tlili,,YES,,,,,https://www.propertyfinder.bh/en/plp/rent/apartment-for-rent-capital-governorate-seef-53792829.html,2026-05-31T13:58:31.068517+00:00,2026-07-20T21:17:02.364062+00:00,50,2026-07-20T21:17:02.364062+00:00
2026-07-21,removed,53792834,,,Apartment,WATER PARK | NAVY APPROVED | BALCONIES | SEA VIEW,1200.0,,,,BHD,monthly,,,,,,,,Essence of Dilmunia,,,26.27286720275879,50.672889709472656,,,,Rolin Faouri,,YES,,,,,https://www.propertyfinder.bh/en/plp/rent/apartment-for-rent-muharraq-governorate-dilmunia-island-essence-of-dilmunia-53792834.html,2026-05-31T13:58:31.068517+00:00,2026-07-20T21:17:02.364062+00:00,50,2026-07-20T21:17:02.364062+00:00
2026-07-21,removed,53792845,,,Apartment,3BHK + MAIDS ROOM | SEA VIEW | EXQUISITE LUXURY,260000.0,,,,BHD,sell,,,,,,,,,,,26.241750717163086,50.5663948059082,,,,Zuhair Tlili,,YES,completed,,,,https://www.propertyfinder.bh/en/plp/buy/apartment-for-sale-capital-governorate-reef-island-53792845.html,2026-05-31T13:58:31.068517+00:00,2026-07-20T21:17:02.364062+00:00,50,2026-07-20T21:17:02.364062+00:00
2026-07-21,removed,53792849,,,Apartment,360° SEA VIEW | REEF RESIDENCE | LUXURIOUS 2BHK,1250.0,,,,BHD,monthly,,,,,,,,,,,26.241750717163086,50.5663948059082,,,,Loai Bitar,,YES,,,,,https://www.propertyfinder.bh/en/plp/rent/apartment-for-rent-capital-governorate-reef-island-53792849.html,2026-05-31T13:58:31.068517+00:00,2026-07-20T21:17:02.364062+00:00,50,2026-07-20T21:17:02.364062+00:00
2026-07-21,removed,53792990,,,Apartment,ELEGANT 3BHK + MAIDS ROOM | SEA VIEW | HIGH-END,1300.0,,,,BHD,monthly,,,,,,,,,,,26.241750717163086,50.5663948059082,,,,Loai Bitar,,YES,,,,,https://www.propertyfinder.bh/en/plp/rent/apartment-for-rent-capital-governorate-reef-island-53792990.html,2026-05-31T13:58:31.068517+00:00,2026-07-20T21:17:02.364062+00:00,50,2026-07-20T21:17:02.364062+00:00
2026-07-21,removed,53792998,,,Apartment,REAL SPACIOUS 2BHK | AFFORDABLE PRICE | PRIME AREA,250.0,,,,BHD,monthly,,,,,,,,,,,26.1314754486084,50.568843841552734,,,,Yumna Awad,,NO,,,,,https://www.propertyfinder.bh/en/plp/rent/apartment-for-rent-southern-governorate-riffa-bu-kowarah-53792998.html,2026-05-31T13:58:31.068517+00:00,2026-07-20T21:17:02.364062+00:00,50,2026-07-20T21:17:02.364062+00:00
2026-07-21,removed,53793011,,,Villa,EXCEPTIONAL 5BHK VILLA | PRIVATE POOL | MODERN,350000.0,,,,BHD,sell,,,,,,,,,,,26.19164276123047,50.48757553100586,,,,Yumna Awad,,NO,completed_primary,,,,https://www.propertyfinder.bh/en/plp/buy/villa-for-sale-northern-governorate-saar-53793011.html,2026-05-31T13:58:31.068517+00:00,2026-07-20T21:17:02.364062+00:00,50,2026-07-20T21:17:02.364062+00:00
2026-07-21,removed,53793015,,,Apartment,MODERN 2BHK | GENEROUS SPACE | BALCONY | LUXURIOUS,700.0,,,,BHD,monthly,,,,,,,,,,,26.249584197998047,50.580360412597656,,,,Zuhair Tlili,,YES,,,,,https://www.propertyfinder.bh/en/plp/rent/apartment-for-rent-capital-governorate-bahrain-bay-53793015.html,2026-05-31T13:58:31.068517+00:00,2026-07-20T21:17:02.364062+00:00,50,2026-07-20T21:17:02.364062+00:00
2026-07-21,removed,53794335,,,Apartment,Contemporary | Paddle Court | Huge Swimming Pool,400.0,,,,BHD,monthly,,,,,,,,,,,26.239999771118164,50.5369987487793,,,,Adeel Ajaz,,YES,,,,,https://www.propertyfinder.bh/en/plp/rent/apartment-for-rent-capital-governorate-seef-53794335.html,2026-05-31T13:58:31.068517+00:00,2026-07-20T21:17:02.364062+00:00,50,2026-07-20T21:17:02.364062+00:00
2026-07-21,removed,53822196,,,Apartment,Bright / Master Bed / Lift / Parking / MY,200.0,,,,BHD,monthly,,,,,,,,Riffa Al Sharqi,,,26.1162166595459,50.57211685180664,,,,Nayla Tabussam,,NO,,,,,https://www.propertyfinder.bh/en/plp/rent/apartment-for-rent-southern-governorate-riffa-riffa-al-sharqi-53822196.html,2026-05-31T13:58:31.068517+00:00,2026-07-20T21:17:02.364062+00:00,50,2026-07-20T21:17:02.364062+00:00
2026-07-21,removed,53822414,,,Apartment,HOLIDAY VIBE / PRIVATE BEACH / AMAZING FACILITIES!,370.0,,,,BHD,monthly,,,,,,,,,,,26.140336990356445,50.478271484375,,,,Enkhee Eegnes,,PARTLY,,,,,https://www.propertyfinder.bh/en/plp/rent/apartment-for-rent-northern-governorate-hamala-53822414.html,2026-05-31T13:58:31.068517+00:00,2026-07-20T21:17:02.364062+00:00,50,2026-07-20T21:17:02.364062+00:00
2026-07-21,removed,54014150,,,Apartment,Premium 3 Bedrooms Sea View + Maids Room,150000.0,,,,BHD,sell,,,,,,,,,,,26.211111068725586,50.601112365722656,,,,Maher Alimadi,,YES,completed,,,,https://www.propertyfinder.bh/en/plp/buy/apartment-for-sale-capital-governorate-al-juffair-54014150.html,2026-06-02T00:10:52.106132+00:00,2026-07-20T21:17:02.364062+00:00,48,2026-07-20T21:17:02.364062+00:00
2026-07-21,removed,54068480,,,Apartment,Infinity Tower A Top floors Balcony Sea View,130000.0,,,,BHD,sell,,,,,,,,,,,26.211111068725586,50.601112365722656,,,,Maher Alimadi,,YES,completed,,,,https://www.propertyfinder.bh/en/plp/buy/apartment-for-sale-capital-governorate-al-juffair-54068480.html,2026-06-03T09:37:20.928181+00:00,2026-07-20T21:17:02.364062+00:00,47,2026-07-20T21:17:02.364062+00:00
2026-07-21,removed,54068482,,,Apartment,A BEAUTIFUL LUXURY ONE BEDROOM FLATS AVAILABLE NOW,300.0,,,,BHD,monthly,,,,,,,,,,,26.21672821044922,50.55367660522461,,,,Abdulla Al Samahiji,,YES,,,,,https://www.propertyfinder.bh/en/plp/rent/apartment-for-rent-capital-governorate-manama-al-burhama-54068482.html,2026-06-03T09:37:20.928181+00:00,2026-07-20T21:17:02.364062+00:00,47,2026-07-20T21:17:02.364062+00:00
2026-07-21,removed,54068829,,,Villa,Brand New Luxurious Villa for Sale in Saar,330000.0,,,,BHD,sell,,,,,,,,,,,26.19164276123047,50.48757553100586,,,,Mahmood Al-Shaikh,,NO,completed_primary,,,,https://www.propertyfinder.bh/en/plp/buy/villa-for-sale-northern-governorate-saar-54068829.html,2026-06-03T13:37:01.156638+00:00,2026-07-20T21:17:02.364062+00:00,47,2026-07-20T21:17:02.364062+00:00
2026-07-21,removed,54068841,,,Villa,Brand New Corner Luxurious Villas for Sale in Saar,480000.0,,,,BHD,sell,,,,,,,,,,,26.19164276123047,50.48757553100586,,,,Mahmood Al-Shaikh,,NO,completed_primary,,,,https://www.propertyfinder.bh/en/plp/buy/villa-for-sale-northern-governorate-saar-54068841.html,2026-06-03T13:37:01.156638+00:00,2026-07-20T21:17:02.364062+00:00,47,2026-07-20T21:17:02.364062+00:00
2026-07-21,removed,54096637,,,Villa,4 Bedroom - with private pool - maid room- Rented,135000.0,,,,BHD,sell,,,,,,,,Amwaj Homes,,,26.288480758666992,50.66381072998047,,,,Linda Mehdi,,PARTLY,completed,,,,https://www.propertyfinder.bh/en/plp/buy/villa-for-sale-muharraq-governorate-amwaj-islands-amwaj-homes-54096637.html,2026-06-04T13:03:45.430623+00:00,2026-07-20T21:17:02.364062+00:00,46,2026-07-20T21:17:02.364062+00:00
2026-07-21,removed,54150654,,,Apartment,3 Master Bedroom | 4 Bathrooms | Semi-Furnished,400.0,,,,BHD,monthly,,,,,,,,,,,26.185943603515625,50.46711349487305,,,,Zain Jabbar,,PARTLY,,,,,https://www.propertyfinder.bh/en/plp/rent/apartment-for-rent-northern-governorate-janabiya-54150654.html,2026-06-06T05:18:19.795906+00:00,2026-07-20T21:17:02.364062+00:00,44,2026-07-20T21:17:02.364062+00:00
2026-07-21,removed,54344269,,,Apartment,LUXURY | SPACIOUS | CLOSED KITCHEN | NEAR MERCADO,400.0,,,,BHD,monthly,,,,,,,,,,,26.185943603515625,50.46711349487305,,,,Unus Sirajuddin,,YES,,,,,https://www.propertyfinder.bh/en/plp/rent/apartment-for-rent-northern-governorate-janabiya-54344269.html,2026-06-13T20:35:51.033624+00:00,2026-07-20T21:17:02.364062+00:00,37,2026-07-20T21:17:02.364062+00:00
2026-07-21,removed,54344314,,,Apartment,SEMI FURNISHED DUPLEX 2 BR-MODERN-PREMIUM LOCATION,330.0,,,,BHD,monthly,,,,,,,,,,,26.185943603515625,50.46711349487305,,,,Unus Sirajuddin,,PARTLY,,,,,https://www.propertyfinder.bh/en/plp/rent/apartment-for-rent-northern-governorate-janabiya-54344314.html,2026-06-13T20:35:51.033624+00:00,2026-07-20T21:17:02.364062+00:00,37,2026-07-20T21:17:02.364062+00:00
2026-07-21,removed,54344442,,,Apartment,FULLY RENOVATED -BRAND NEW - SPACIOUS -LUXURY 3BHK,62000.0,,,,BHD,sell,,,,,,,,Amwaj Avenue,,,26.29302978515625,50.66474151611328,,,,Unus Sirajuddin,,YES,completed_primary,,,,https://www.propertyfinder.bh/en/plp/buy/apartment-for-sale-muharraq-governorate-amwaj-islands-amwaj-avenue-54344442.html,2026-06-13T20:35:51.033624+00:00,2026-07-20T21:17:02.364062+00:00,37,2026-07-20T21:17:02.364062+00:00
2026-07-21,removed,54345100,,,Apartment,Sea View| Fontana|High Floor|Special Price|1BHK,399.0,,,,BHD,monthly,,,,,,,,,,,26.211111068725586,50.601112365722656,,,,Hazeeth,,YES,,,,,https://www.propertyfinder.bh/en/plp/rent/apartment-for-rent-capital-governorate-al-juffair-54345100.html,2026-06-13T20:35:51.033624+00:00,2026-07-20T21:17:02.364062+00:00,37,2026-07-20T21:17:02.364062+00:00
2026-07-21,removed,54370553,,,Apartment,Spacious 3 Bedroom Flat / Private Parking / MY,260.0,,,,BHD,monthly,,,,,,,,Riffa Al Sharqi,,,26.1162166595459,50.57211685180664,,,,Nayla Tabussam,,NO,,,,,https://www.propertyfinder.bh/en/plp/rent/apartment-for-rent-southern-governorate-riffa-riffa-al-sharqi-54370553.html,2026-06-14T20:36:23.817039+00:00,2026-07-20T21:17:02.364062+00:00,36,2026-07-20T21:17:02.364062+00:00
2026-07-21,removed,54397798,,,Apartment,Elegant / Spacious / 2 BHK / Lift / Inclusive / MY,300.0,,,,BHD,monthly,,,,,,,,Riffa Al Sharqi,,,26.1162166595459,50.57211685180664,,,,Nayla Tabussam,,PARTLY,,,,,https://www.propertyfinder.bh/en/plp/rent/apartment-for-rent-southern-governorate-riffa-riffa-al-sharqi-54397798.html,2026-06-15T21:06:46.439420+00:00,2026-07-20T21:17:02.364062+00:00,35,2026-07-20T21:17:02.364062+00:00
2026-07-21,removed,54397802,,,Apartment,Furnished / Spacious Apartment with Balcony / MY,350.0,,,,BHD,monthly,,,,,,,,Riffa Al Sharqi,,,26.1162166595459,50.57211685180664,,,,Nayla Tabussam,,YES,,,,,https://www.propertyfinder.bh/en/plp/rent/apartment-for-rent-southern-governorate-riffa-riffa-al-sharqi-54397802.html,2026-06-15T21:06:46.439420+00:00,2026-07-20T21:17:02.364062+00:00,35,2026-07-20T21:17:02.364062+00:00
2026-07-21,removed,54398394,,,Apartment,Best Price 3 BHK / Lift / Covered Parking / MY,200.0,,,,BHD,monthly,,,,,,,,Riffa Al Sharqi,,,26.1162166595459,50.57211685180664,,,,Nayla Tabussam,,NO,,,,,https://www.propertyfinder.bh/en/plp/rent/apartment-for-rent-southern-governorate-riffa-riffa-al-sharqi-54398394.html,2026-06-15T21:06:46.439420+00:00,2026-07-20T21:17:02.364062+00:00,35,2026-07-20T21:17:02.364062+00:00
2026-07-21,removed,54398615,,,Land,Apartment for rent in A'ali Near the new petrol st,180.0,,,,BHD,sell,,,,,,,,,,,26.1634578704834,50.515289306640625,,,,Abdulfattah ali,,,,,,,https://www.propertyfinder.bh/en/plp/buy/land-for-sale-central-governorate-a-ali-54398615.html,2026-06-15T21:06:46.439420+00:00,2026-07-20T21:17:02.364062+00:00,35,2026-07-20T21:17:02.364062+00:00
2026-07-21,removed,54424525,,,Apartment,SEA VIEW / BIG BALCONY / LUXURY TOWER / AMENITIES,290.0,,,,BHD,monthly,,,,,,,,,,,26.23387908935547,50.5939826965332,,,,Unus Sirajuddin,,YES,,,,,https://www.propertyfinder.bh/en/plp/rent/apartment-for-rent-capital-governorate-hoora-54424525.html,2026-06-16T21:07:55.403626+00:00,2026-07-20T21:17:02.364062+00:00,34,2026-07-20T21:17:02.364062+00:00
2026-07-21,removed,54451883,,,Apartment,Best Deal: 1BR Furnished -BD 200/-Exclusive of EW,200.0,,,,BHD,monthly,,,,,,,,,,,26.211111068725586,50.601112365722656,,,,Haroon Sorathia,,YES,,,,,https://www.propertyfinder.bh/en/plp/rent/apartment-for-rent-capital-governorate-al-juffair-54451883.html,2026-06-17T20:50:56.644034+00:00,2026-07-20T21:17:02.364062+00:00,33,2026-07-20T21:17:02.364062+00:00
2026-07-21,removed,54477762,,,Villa,Luxurious - High Quality Furniture - Pool - Gym,1500.0,,,,BHD,monthly,,,,,,,,,,,26.140336990356445,50.478271484375,,,,Irfan Ali,,YES,,,,,https://www.propertyfinder.bh/en/plp/rent/villa-for-rent-northern-governorate-hamala-54477762.html,2026-06-18T20:57:37.279688+00:00,2026-07-20T21:17:02.364062+00:00,32,2026-07-20T21:17:02.364062+00:00
2026-07-21,removed,54485604,,,Apartment,Best Deal Spacious 2 BR+Laundry room furnished,45000.0,,,,BHD,sell,,,,,,,,The Lagoon,,,26.287778854370117,50.66339111328125,,,,Muhammad Jahengir Akram,,YES,completed,,,,https://www.propertyfinder.bh/en/plp/buy/apartment-for-sale-muharraq-governorate-amwaj-islands-the-lagoon-54485604.html,2026-06-18T20:57:37.279688+00:00,2026-07-20T21:17:02.364062+00:00,32,2026-07-20T21:17:02.364062+00:00
2026-07-21,removed,54513158,,,Apartment,Elegant 3 bedroom with maid room | lagoon view,600.0,,,,BHD,monthly,,,,,,,,The Lagoon,,,26.287778854370117,50.66339111328125,,,,Linda Mehdi,,YES,,,,,https://www.propertyfinder.bh/en/plp/rent/apartment-for-rent-muharraq-governorate-amwaj-islands-the-lagoon-54513158.html,2026-06-19T20:38:08.437876+00:00,2026-07-20T21:17:02.364062+00:00,31,2026-07-20T21:17:02.364062+00:00
2026-07-21,removed,54541618,,,Villa,SPACIOUS INTERIORS l MODERN CANAL SIDE VILLA,822.0,,,,BHD,monthly,,,,,,,,Al Marsa Floating City,,,26.2847957611084,50.669620513916016,,,,Tricia Mae Africano,,YES,,,,,https://www.propertyfinder.bh/en/plp/rent/villa-for-rent-muharraq-governorate-amwaj-islands-al-marsa-floating-city-54541618.html,2026-06-20T20:35:32.453033+00:00,2026-07-20T21:17:02.364062+00:00,30,2026-07-20T21:17:02.364062+00:00
2026-07-21,removed,54541906,,,Apartment,2BR 5-Star Fontana Lower Floor BD500 Inc,500.0,,,,BHD,monthly,,,,,,,,,,,26.211111068725586,50.601112365722656,,,,JUNAID MUNAWAR,,YES,,,,,https://www.propertyfinder.bh/en/plp/rent/apartment-for-rent-capital-governorate-al-juffair-54541906.html,2026-06-20T20:35:32.453033+00:00,2026-07-20T21:17:02.364062+00:00,30,2026-07-20T21:17:02.364062+00:00
2026-07-21,removed,54541911,,,Apartment,Fontana Gardens | 2BR | Full Sea View | Balcony,630.0,,,,BHD,monthly,,,,,,,,,,,26.211111068725586,50.601112365722656,,,,JUNAID MUNAWAR,,YES,,,,,https://www.propertyfinder.bh/en/plp/rent/apartment-for-rent-capital-governorate-al-juffair-54541911.html,2026-06-20T20:35:32.453033+00:00,2026-07-20T21:17:02.364062+00:00,30,2026-07-20T21:17:02.364062+00:00
2026-07-21,removed,54568827,,,Villa,ELEGANT BRAND NEW /NEAR KING HAMAD HOSPITAL,850.0,,,,BHD,monthly,,,,,,,,,,,26.27199935913086,50.60900115966797,,,,Najeeb Abdulwahed,,YES,,,,,https://www.propertyfinder.bh/en/plp/rent/villa-for-rent-muharraq-governorate-busaiteen-54568827.html,2026-06-21T11:17:16.187019+00:00,2026-07-20T21:17:02.364062+00:00,29,2026-07-20T21:17:02.364062+00:00
2026-07-21,removed,54568878,,,Villa,Luxury 3BR Semi-Furnished Villa | Maid room,600.0,,,,BHD,monthly,,,,,,,,,,,26.212005615234375,50.520294189453125,,,,Zain Jabbar,,PARTLY,,,,,https://www.propertyfinder.bh/en/plp/rent/villa-for-rent-northern-governorate-al-qadam-54568878.html,2026-06-21T11:17:16.187019+00:00,2026-07-20T21:17:02.364062+00:00,29,2026-07-20T21:17:02.364062+00:00
2026-07-21,removed,54568918,,,Villa,NEWLY RENOVATED | INCLUSIVE | STAND ALONE,1800.0,,,,BHD,monthly,,,,,,,,,,,26.19164276123047,50.48757553100586,,,,Faustine Chantal,,YES,,,,,https://www.propertyfinder.bh/en/plp/rent/villa-for-rent-northern-governorate-saar-54568918.html,2026-06-21T11:17:16.187019+00:00,2026-07-20T21:17:02.364062+00:00,29,2026-07-20T21:17:02.364062+00:00
2026-07-21,removed,54569174,,,Apartment,Luxurious Coastal Living | Newly Refurbished,500.0,,,,BHD,monthly,,,,,,,,Amwaj Avenue,,,26.29302978515625,50.66474151611328,,,,Property Locators 2,,YES,,,,,https://www.propertyfinder.bh/en/plp/rent/apartment-for-rent-muharraq-governorate-amwaj-islands-amwaj-avenue-54569174.html,2026-07-02T20:35:29.272680+00:00,2026-07-20T21:17:02.364062+00:00,18,2026-07-20T21:17:02.364062+00:00
2026-07-21,removed,54569182,,,Apartment,BRAND NEW  | HIGH END FINISH | SPACIOUS | BALCONY,480.0,,,,BHD,monthly,,,,,,,,,,,26.211111068725586,50.601112365722656,,,,Anna Gaydaburova,,YES,,,,,https://www.propertyfinder.bh/en/plp/rent/apartment-for-rent-capital-governorate-al-juffair-54569182.html,2026-06-21T11:17:16.187019+00:00,2026-07-20T21:17:02.364062+00:00,29,2026-07-20T21:17:02.364062+00:00
2026-07-21,removed,54569249,,,Apartment,FREE HOLD LUXURY SEA VIEW HOT DEAL RENTED @320,38500.0,,,,BHD,sell,,,,,,,,,,,26.211111068725586,50.601112365722656,,,,khan Mohammad khan,,YES,completed,,,,https://www.propertyfinder.bh/en/plp/buy/apartment-for-sale-capital-governorate-al-juffair-54569249.html,2026-06-21T11:17:16.187019+00:00,2026-07-20T21:17:02.364062+00:00,29,2026-07-20T21:17:02.364062+00:00
2026-07-21,removed,54569310,,,Apartment,3 BR Semi-Furnished Villa | Pool | Maid's Room,650.0,,,,BHD,monthly,,,,,,,,,,,26.185943603515625,50.46711349487305,,,,Alifya ,,PARTLY,,,,,https://www.propertyfinder.bh/en/plp/rent/apartment-for-rent-northern-governorate-janabiya-54569310.html,2026-06-21T11:17:16.187019+00:00,2026-07-20T21:17:02.364062+00:00,29,2026-07-20T21:17:02.364062+00:00
2026-07-21,removed,54569333,,,Apartment,BEST DEAL LUXURY BIG TERRECE SPACIOUS FREE HOLD,60000.0,,,,BHD,sell,,,,,,,,,,,26.211111068725586,50.601112365722656,,,,khan Mohammad khan,,YES,completed,,,,https://www.propertyfinder.bh/en/plp/buy/apartment-for-sale-capital-governorate-al-juffair-54569333.html,2026-06-21T11:17:16.187019+00:00,2026-07-20T21:17:02.364062+00:00,29,2026-07-20T21:17:02.364062+00:00
2026-07-21,removed,54569361,,,Villa,Semi-furnished villa 3BR | Maid's Room | Pool,650.0,,,,BHD,monthly,,,,,,,,,,,26.185943603515625,50.46711349487305,,,,Zain Jabbar,,PARTLY,,,,,https://www.propertyfinder.bh/en/plp/rent/villa-for-rent-northern-governorate-janabiya-54569361.html,2026-06-21T11:17:16.187019+00:00,2026-07-20T21:17:02.364062+00:00,29,2026-07-20T21:17:02.364062+00:00
2026-07-21,removed,54569364,,,Apartment,Stunning 2 Bedroom Awesome Sea-View Prime Area*,630.0,,,,BHD,monthly,,,,,,,,,,,26.241750717163086,50.5663948059082,,,,Zain Shamsi,,PARTLY,,,,,https://www.propertyfinder.bh/en/plp/rent/apartment-for-rent-capital-governorate-reef-island-54569364.html,2026-06-21T11:17:16.187019+00:00,2026-07-20T21:17:02.364062+00:00,29,2026-07-20T21:17:02.364062+00:00
2026-07-21,removed,54569593,,,Apartment,SUNLIT  LIVING NEAR SALMANIYA/MEDICAL UNIVERSITY,1100.0,,,,BHD,monthly,,,,,,,,,,,26.207910537719727,50.587345123291016,,,,Najeeb Abdulwahed,,YES,,,,,https://www.propertyfinder.bh/en/plp/rent/apartment-for-rent-capital-governorate-manama-mahooz-54569593.html,2026-06-21T20:39:42.027222+00:00,2026-07-20T21:17:02.364062+00:00,29,2026-07-20T21:17:02.364062+00:00
2026-07-21,removed,54569631,,,Apartment,RENOVATED | Partial Sea View | Closed Kitchen,55000.0,,,,BHD,sell,,,,,,,,The Lagoon,,,26.287778854370117,50.66339111328125,,,,Faten Seyeh,,YES,completed,,,,https://www.propertyfinder.bh/en/plp/buy/apartment-for-sale-muharraq-governorate-amwaj-islands-the-lagoon-54569631.html,2026-06-21T20:39:42.027222+00:00,2026-07-20T21:17:02.364062+00:00,29,2026-07-20T21:17:02.364062+00:00
2026-07-21,removed,54569635,,,Apartment,Luxury lifestyle living in Bahrain Bay,800.0,,,,BHD,monthly,,,,,,,,,,,26.249584197998047,50.580360412597656,,,,Gaylee Cammayo,,YES,,,,,https://www.propertyfinder.bh/en/plp/rent/apartment-for-rent-capital-governorate-bahrain-bay-54569635.html,2026-06-21T20:39:42.027222+00:00,2026-07-20T21:17:02.364062+00:00,29,2026-07-20T21:17:02.364062+00:00
2026-07-21,removed,54569656,,,Apartment,THREE BEDROMS WITH BIG BALCONY IN JUFFAIR,500.0,,,,BHD,monthly,,,,,,,,,,,26.211111068725586,50.601112365722656,,,,Gaylee Cammayo,,YES,,,,,https://www.propertyfinder.bh/en/plp/rent/apartment-for-rent-capital-governorate-al-juffair-54569656.html,2026-06-21T20:39:42.027222+00:00,2026-07-20T21:17:02.364062+00:00,29,2026-07-20T21:17:02.364062+00:00
2026-07-21,removed,54569659,,,Apartment,Cosy Stunning Sunny Apartment With Sea View,350.0,,,,BHD,monthly,,,,,,,,Amwaj Marina,,,26.293058395385742,50.65943908691406,,,,Faten Seyeh,,YES,,,,,https://www.propertyfinder.bh/en/plp/rent/apartment-for-rent-muharraq-governorate-amwaj-islands-amwaj-marina-54569659.html,2026-06-21T20:39:42.027222+00:00,2026-07-20T21:17:02.364062+00:00,29,2026-07-20T21:17:02.364062+00:00
2026-07-21,removed,54569687,,,Apartment,Sea View | 3BHK | Lobby | Lift | WiFi | AC,550.0,,,,BHD,monthly,,,,,,,,Amwaj Avenue,,,26.29302978515625,50.66474151611328,,,,Abid Siddique,,YES,,,,,https://www.propertyfinder.bh/en/plp/rent/apartment-for-rent-muharraq-governorate-amwaj-islands-amwaj-avenue-54569687.html,2026-06-21T20:39:42.027222+00:00,2026-07-20T21:17:02.364062+00:00,29,2026-07-20T21:17:02.364062+00:00
2026-07-21,removed,54569715,,,Apartment,NEXT MALL - DIRECT TO THE BEACH - 5 STARS LIVING,700.0,,,,BHD,monthly,,,,,,,,Diyar Al Muharraq,Address Marassi Vista,,26.306358337402344,50.64693069458008,,,,Faten Seyeh,,YES,,,,,https://www.propertyfinder.bh/en/plp/rent/apartment-for-rent-muharraq-governorate-diyar-al-muharraq-address-marassi-vista-54569715.html,2026-06-21T20:39:42.027222+00:00,2026-07-20T21:17:02.364062+00:00,29,2026-07-20T21:17:02.364062+00:00
2026-07-21,removed,54569733,,,Villa,Spacious 3BR Villa | 4 Bathrooms | Maid's Room,700.0,,,,BHD,monthly,,,,,,,,,,,26.233417510986328,50.5331916809082,,,,Alifya ,,PARTLY,,,,,https://www.propertyfinder.bh/en/plp/rent/villa-for-rent-capital-governorate-manama-karbabad-54569733.html,2026-06-21T20:39:42.027222+00:00,2026-07-20T21:17:02.364062+00:00,29,2026-07-20T21:17:02.364062+00:00
2026-07-21,removed,54569830,,,Apartment,Unlimited Electricity | Spacious I House Keeping,325.0,,,,BHD,monthly,,,,,,,,,,,26.207910537719727,50.587345123291016,,,,Antony Shaiju,,YES,,,,,https://www.propertyfinder.bh/en/plp/rent/apartment-for-rent-capital-governorate-manama-mahooz-54569830.html,2026-06-21T20:39:42.027222+00:00,2026-07-20T21:17:02.364062+00:00,29,2026-07-20T21:17:02.364062+00:00
2026-07-21,removed,54569850,,,Villa,Modernly Furnished Villa | Private Garden and Pool,1700.0,,,,BHD,monthly,,,,,,,,,,,26.140336990356445,50.478271484375,,,,Antony Shaiju,,YES,,,,,https://www.propertyfinder.bh/en/plp/rent/villa-for-rent-northern-governorate-hamala-54569850.html,2026-06-21T20:39:42.027222+00:00,2026-07-20T21:17:02.364062+00:00,29,2026-07-20T21:17:02.364062+00:00
2026-07-21,removed,54569867,,,Apartment,Newly furnished | Inclusive | House Keeping |wifi,400.0,,,,BHD,monthly,,,,,,,,,,,26.211111068725586,50.601112365722656,,,,Antony Shaiju,,YES,,,,,https://www.propertyfinder.bh/en/plp/rent/apartment-for-rent-capital-governorate-al-juffair-54569867.html,2026-06-21T20:39:42.027222+00:00,2026-07-20T21:17:02.364062+00:00,29,2026-07-20T21:17:02.364062+00:00
2026-07-21,removed,54569871,,,Villa,Modernly Fully Furnished I Private Pool and Garden,1550.0,,,,BHD,monthly,,,,,,,,,,,26.185943603515625,50.46711349487305,,,,Antony Shaiju,,PARTLY,,,,,https://www.propertyfinder.bh/en/plp/rent/villa-for-rent-northern-governorate-janabiya-54569871.html,2026-06-21T20:39:42.027222+00:00,2026-07-20T21:17:02.364062+00:00,29,2026-07-20T21:17:02.364062+00:00
2026-07-21,removed,54569872,,,Apartment,Very Spacious I House Keeping I Family Building,450.0,,,,BHD,monthly,,,,,,,,,,,26.211111068725586,50.601112365722656,,,,Antony Shaiju,,YES,,,,,https://www.propertyfinder.bh/en/plp/rent/apartment-for-rent-capital-governorate-al-juffair-54569872.html,2026-06-21T20:39:42.027222+00:00,2026-07-20T21:17:02.364062+00:00,29,2026-07-20T21:17:02.364062+00:00
2026-07-21,removed,54569874,,,Apartment,Gas Cooking I Closed Kitchen  I Wifi I Pool I Gym,425.0,,,,BHD,monthly,,,,,,,,,,,26.211111068725586,50.601112365722656,,,,Antony Shaiju,,YES,,,,,https://www.propertyfinder.bh/en/plp/rent/apartment-for-rent-capital-governorate-al-juffair-54569874.html,2026-06-21T20:39:42.027222+00:00,2026-07-20T21:17:02.364062+00:00,29,2026-07-20T21:17:02.364062+00:00
2026-07-21,removed,54569875,,,Apartment,Modern I Family Building I Amazing Facilities,500.0,,,,BHD,monthly,,,,,,,,,,,26.211111068725586,50.601112365722656,,,,Antony Shaiju,,YES,,,,,https://www.propertyfinder.bh/en/plp/rent/apartment-for-rent-capital-governorate-al-juffair-54569875.html,2026-06-21T20:39:42.027222+00:00,2026-07-20T21:17:02.364062+00:00,29,2026-07-20T21:17:02.364062+00:00
2026-07-21,removed,54569876,,,Apartment,Very Bright  |Modernly Furnished I Big Balcony,350.0,,,,BHD,monthly,,,,,,,,,,,26.211111068725586,50.601112365722656,,,,Antony Shaiju,,YES,,,,,https://www.propertyfinder.bh/en/plp/rent/apartment-for-rent-capital-governorate-al-juffair-54569876.html,2026-06-21T20:39:42.027222+00:00,2026-07-20T21:17:02.364062+00:00,29,2026-07-20T21:17:02.364062+00:00
2026-07-21,removed,54569877,,,Apartment,New Modern Hosue Keeping Balcony Great Facilites,375.0,,,,BHD,monthly,,,,,,,,,,,26.211111068725586,50.601112365722656,,,,Antony Shaiju,,YES,,,,,https://www.propertyfinder.bh/en/plp/rent/apartment-for-rent-capital-governorate-al-juffair-54569877.html,2026-06-21T20:39:42.027222+00:00,2026-07-20T21:17:02.364062+00:00,29,2026-07-20T21:17:02.364062+00:00
2026-07-21,removed,54569893,,,Apartment,Modern 1BR Apartment with Balcony,280.0,,,,BHD,monthly,,,,,,,,,,,26.211111068725586,50.601112365722656,,,,Violeta Abboud,,YES,,,,,https://www.propertyfinder.bh/en/plp/rent/apartment-for-rent-capital-governorate-al-juffair-54569893.html,2026-06-21T20:39:42.027222+00:00,2026-07-20T21:17:02.364062+00:00,29,2026-07-20T21:17:02.364062+00:00
2026-07-21,removed,54569896,,,Apartment,Modern Furnished 1BR Apartment in Juffair,280.0,,,,BHD,monthly,,,,,,,,,,,26.211111068725586,50.601112365722656,,,,Violeta Abboud,,YES,,,,,https://www.propertyfinder.bh/en/plp/rent/apartment-for-rent-capital-governorate-al-juffair-54569896.html,2026-06-21T20:39:42.027222+00:00,2026-07-20T21:17:02.364062+00:00,29,2026-07-20T21:17:02.364062+00:00
2026-07-21,removed,54569899,,,Apartment,3 BHK | right | Ac | with store | family building,300.0,,,,BHD,monthly,,,,,,,,,,,26.21263313293457,50.67418670654297,,,,AHMED ALI ,,PARTLY,,,,,https://www.propertyfinder.bh/en/plp/rent/apartment-for-rent-muharraq-governorate-hidd-54569899.html,2026-06-21T20:39:42.027222+00:00,2026-07-20T21:17:02.364062+00:00,29,2026-07-20T21:17:02.364062+00:00
2026-07-21,removed,54569918,,,Apartment,Fontana Infinity –  Studio Apartment | Sea View,330.0,,,,BHD,monthly,,,,,,,,,,,26.211111068725586,50.601112365722656,,,,Ahmed Janahi,,YES,,,,,https://www.propertyfinder.bh/en/plp/rent/apartment-for-rent-capital-governorate-al-juffair-54569918.html,2026-06-21T20:39:42.027222+00:00,2026-07-20T21:17:02.364062+00:00,29,2026-07-20T21:17:02.364062+00:00
2026-07-21,removed,54569999,,,Apartment,SEA VIEW 1 BR| CINEMA | BEACH | POOL,500.0,,,,BHD,monthly,,,,,,,,,,,26.239999771118164,50.5369987487793,,,,Zsuzsanna Gecse,,YES,,,,,https://www.propertyfinder.bh/en/plp/rent/apartment-for-rent-capital-governorate-seef-54569999.html,2026-06-21T20:39:42.027222+00:00,2026-07-20T21:17:02.364062+00:00,29,2026-07-20T21:17:02.364062+00:00
2026-07-21,removed,54570031,,,Villa,Modern Villa 4 BR |Terrace| Private Pool | Garden,1400.0,,,,BHD,monthly,,,,,,,,Najma,,,26.29715919494629,50.669647216796875,,,,Zsuzsanna Gecse,,PARTLY,,,,,https://www.propertyfinder.bh/en/plp/rent/villa-for-rent-muharraq-governorate-amwaj-islands-najma-54570031.html,2026-06-21T20:39:42.027222+00:00,2026-07-20T21:17:02.364062+00:00,29,2026-07-20T21:17:02.364062+00:00
2026-07-21,removed,54570083,,,Apartment,ICONIC TOWER | PRIME LOCATION | BEACH ACCESS,800.0,,,,BHD,monthly,,,,,,,,Water Garden City,,,26.24260139465332,50.55380630493164,,,,Adeel Ajaz,,YES,,,,,https://www.propertyfinder.bh/en/plp/rent/apartment-for-rent-capital-governorate-manama-water-garden-city-54570083.html,2026-06-21T20:39:42.027222+00:00,2026-07-20T21:17:02.364062+00:00,29,2026-07-20T21:17:02.364062+00:00
2026-07-21,removed,54570150,,,Apartment,AFFORDABLE STUDIO | PRIME LOCATION | CLOSE TO RCSI,250.0,,,,BHD,monthly,,,,,,,,,,,26.27199935913086,50.60900115966797,,,,Amina Moosa,,YES,,,,,https://www.propertyfinder.bh/en/plp/rent/apartment-for-rent-muharraq-governorate-busaiteen-54570150.html,2026-06-21T20:39:42.027222+00:00,2026-07-20T21:17:02.364062+00:00,29,2026-07-20T21:17:02.364062+00:00
2026-07-21,removed,54570155,,,Apartment,MODERN STUDIO | WALKING DISTANCE TO RCSI,280.0,,,,BHD,monthly,,,,,,,,,,,26.27199935913086,50.60900115966797,,,,Amina Moosa,,YES,,,,,https://www.propertyfinder.bh/en/plp/rent/apartment-for-rent-muharraq-governorate-busaiteen-54570155.html,2026-06-21T20:39:42.027222+00:00,2026-07-20T21:17:02.364062+00:00,29,2026-07-20T21:17:02.364062+00:00
2026-07-21,removed,54570161,,,Apartment,FULLY FURNISHED STUDIO | NEAR RCSI |,280.0,,,,BHD,monthly,,,,,,,,,,,26.27199935913086,50.60900115966797,,,,Amina Moosa,,YES,,,,,https://www.propertyfinder.bh/en/plp/rent/apartment-for-rent-muharraq-governorate-busaiteen-54570161.html,2026-06-21T20:39:42.027222+00:00,2026-07-20T21:17:02.364062+00:00,29,2026-07-20T21:17:02.364062+00:00
2026-07-21,removed,54597309,,,Apartment,3 BEDROOM VILLA FOR RENT II STANDALONE II,550.0,,,,BHD,monthly,,,,,,,,,,,26.21312713623047,50.528221130371094,,,,Sheraz Butt,,PARTLY,,,,,https://www.propertyfinder.bh/en/plp/rent/apartment-for-rent-northern-governorate-jeblat-hebshi-54597309.html,2026-06-22T21:07:15.511458+00:00,2026-07-20T21:17:02.364062+00:00,28,2026-07-20T21:17:02.364062+00:00
2026-07-21,removed,54597952,,,Apartment,Refurbished | Sea View | Maids Room | Kids Play |,675.0,,,,BHD,monthly,,,,,,,,,,,26.241750717163086,50.5663948059082,,,,Prashanth Poojari,,YES,,,,,https://www.propertyfinder.bh/en/plp/rent/apartment-for-rent-capital-governorate-reef-island-54597952.html,2026-06-22T21:07:15.511458+00:00,2026-07-20T21:17:02.364062+00:00,28,2026-07-20T21:17:02.364062+00:00
2026-07-21,removed,54597957,,,Apartment,Modern | Bright | Sea View | Balcony | Library |,400.0,,,,BHD,monthly,,,,,,,,,,,26.241750717163086,50.5663948059082,,,,Prashanth Poojari,,YES,,,,,https://www.propertyfinder.bh/en/plp/rent/apartment-for-rent-capital-governorate-reef-island-54597957.html,2026-06-22T21:07:15.511458+00:00,2026-07-20T21:17:02.364062+00:00,28,2026-07-20T21:17:02.364062+00:00
2026-07-21,removed,54597959,,,Apartment,Spacious | Modern | Balcony | Library | Store Room,830.0,,,,BHD,monthly,,,,,,,,,,,26.241750717163086,50.5663948059082,,,,Prashanth Poojari,,YES,,,,,https://www.propertyfinder.bh/en/plp/rent/apartment-for-rent-capital-governorate-reef-island-54597959.html,2026-06-22T21:07:15.511458+00:00,2026-07-20T21:17:02.364062+00:00,28,2026-07-20T21:17:02.364062+00:00
2026-07-21,removed,54597961,,,Apartment,Bright | Modern | Balcony | Laundry Room | Library,995.0,,,,BHD,monthly,,,,,,,,,,,26.241750717163086,50.5663948059082,,,,Prashanth Poojari,,YES,,,,,https://www.propertyfinder.bh/en/plp/rent/apartment-for-rent-capital-governorate-reef-island-54597961.html,2026-06-22T21:07:15.511458+00:00,2026-07-20T21:17:02.364062+00:00,28,2026-07-20T21:17:02.364062+00:00
2026-07-21,removed,54597968,,,Apartment,Navy Approved | Refurbished | Kids Play Area | Gym,650.0,,,,BHD,monthly,,,,,,,,,,,26.241750717163086,50.5663948059082,,,,Prashanth Poojari,,YES,,,,,https://www.propertyfinder.bh/en/plp/rent/apartment-for-rent-capital-governorate-reef-island-54597968.html,2026-06-22T21:07:15.511458+00:00,2026-07-20T21:17:02.364062+00:00,28,2026-07-20T21:17:02.364062+00:00
2026-07-21,removed,54598069,,,Villa,Never Lived In | FULLY FURNISHED /LUXURY /POOL,1470.0,,,,BHD,monthly,,,,,,,,Diyar Al Muharraq,Al Naseem,,26.31142234802246,50.64306640625,,,,Katarzyna Smolinska3668,,YES,,,,,https://www.propertyfinder.bh/en/plp/rent/villa-for-rent-muharraq-governorate-diyar-al-muharraq-al-naseem-54598069.html,2026-06-22T21:07:15.511458+00:00,2026-07-20T21:17:02.364062+00:00,28,2026-07-20T21:17:02.364062+00:00
2026-07-21,removed,54598120,,,Apartment,Marina View | Cozy 2BR | Naturally Well-Lit,995.0,,,,BHD,monthly,,,,,,,,,,,26.241750717163086,50.5663948059082,,,,Adeel Ajaz,,YES,,,,,https://www.propertyfinder.bh/en/plp/rent/apartment-for-rent-capital-governorate-reef-island-54598120.html,2026-06-22T21:07:15.511458+00:00,2026-07-20T21:17:02.364062+00:00,28,2026-07-20T21:17:02.364062+00:00
2026-07-21,removed,54598143,,,Apartment,Prime Location | World Class Amenities | Unique,200000.0,,,,BHD,sell,,,,,,,,Bahrain Financial Harbour,,,26.23778533935547,50.57342529296875,,,,Adeel Ajaz,,YES,completed,,,,https://www.propertyfinder.bh/en/plp/buy/apartment-for-sale-capital-governorate-manama-bahrain-financial-harbour-54598143.html,2026-06-22T21:07:15.511458+00:00,2026-07-20T21:17:02.364062+00:00,28,2026-07-20T21:17:02.364062+00:00
2026-07-21,removed,54598146,,,Apartment,STUNNING 1BR | PETS ALLOWED | PRIME LOCATION,400.0,,,,BHD,monthly,,,,,,,,Sanabis,,,26.226558685302734,50.5459098815918,,,,Adeel Ajaz,,YES,,,,,https://www.propertyfinder.bh/en/plp/rent/apartment-for-rent-capital-governorate-manama-sanabis-54598146.html,2026-06-22T21:07:15.511458+00:00,2026-07-20T21:17:02.364062+00:00,28,2026-07-20T21:17:02.364062+00:00
2026-07-21,removed,54624987,,,Villa,Well Designed Massive Villa With A Private Pool,330000.0,,,,BHD,sell,,,,,,,,,,,26.188888549804688,50.54999923706055,,,,Adeel Ajaz,,YES,completed,,,,https://www.propertyfinder.bh/en/plp/buy/villa-for-sale-central-governorate-tubli-54624987.html,2026-06-23T20:51:22.852189+00:00,2026-07-20T21:17:02.364062+00:00,27,2026-07-20T21:17:02.364062+00:00
2026-07-21,removed,54625008,,,Apartment,High-End Finish | Prime Location | High Floor,180000.0,,,,BHD,sell,,,,,,,,,,,26.249584197998047,50.580360412597656,,,,Adeel Ajaz,,YES,completed,,,,https://www.propertyfinder.bh/en/plp/buy/apartment-for-sale-capital-governorate-bahrain-bay-54625008.html,2026-06-23T20:51:22.852189+00:00,2026-07-20T21:17:02.364062+00:00,27,2026-07-20T21:17:02.364062+00:00
2026-07-21,removed,54625009,,,Apartment,High End Apartment | Prime Area | Maids Room,950.0,,,,BHD,monthly,,,,,,,,,,,26.239999771118164,50.5369987487793,,,,Adeel Ajaz,,YES,,,,,https://www.propertyfinder.bh/en/plp/rent/apartment-for-rent-capital-governorate-seef-54625009.html,2026-06-23T20:51:22.852189+00:00,2026-07-20T21:17:02.364062+00:00,27,2026-07-20T21:17:02.364062+00:00
2026-07-21,removed,54625015,,,Apartment,Partial Sea Views | Hot Deal | Title Deed Ready,79869.0,,,,BHD,sell,,,,,,,,Bahrain Financial Harbour,,,26.23778533935547,50.57342529296875,,,,Adeel Ajaz,,PARTLY,completed,,,,https://www.propertyfinder.bh/en/plp/buy/apartment-for-sale-capital-governorate-manama-bahrain-financial-harbour-54625015.html,2026-06-23T20:51:22.852189+00:00,2026-07-20T21:17:02.364062+00:00,27,2026-07-20T21:17:02.364062+00:00
2026-07-21,removed,54626113,,,Apartment,"Elegant, Spacious, Maids Room, Great Spot",750.0,,,,BHD,monthly,,,,,,,,,,,26.239999771118164,50.5369987487793,,,,Eva Gavin,,YES,,,,,https://www.propertyfinder.bh/en/plp/rent/apartment-for-rent-capital-governorate-seef-54626113.html,2026-06-23T20:51:22.852189+00:00,2026-07-20T21:17:02.364062+00:00,27,2026-07-20T21:17:02.364062+00:00
2026-07-21,removed,54653497,,,Land,RESIDENTIAL PLOT | AL QARYAH | 351 SQM,115000.0,,,,BHD,sell,,,,,,,,,,,26.20011329650879,50.46629333496094,,,,Yumna Awad,,,,,,,https://www.propertyfinder.bh/en/plp/buy/land-for-sale-northern-governorate-al-qurayyah-54653497.html,2026-06-24T20:40:58.428770+00:00,2026-07-20T21:17:02.364062+00:00,26,2026-07-20T21:17:02.364062+00:00
2026-07-21,removed,54653535,,,Land,WATERFRONT LIVING | 5 BHK VILLA | GARDEN,3000.0,,,,BHD,monthly,,,,,,,,,,,25.833925247192383,50.613853454589844,,,,Yumna Awad,,,,,,,https://www.propertyfinder.bh/en/plp/rent/land-for-rent-southern-governorate-durrat-al-bahrain-54653535.html,2026-07-16T13:23:22.641531+00:00,2026-07-20T21:17:02.364062+00:00,4,2026-07-20T21:17:02.364062+00:00
2026-07-21,removed,54653539,,,Villa,MODERN 3 BHK VILLA | SALMABAD | 319 SQM,150000.0,,,,BHD,sell,,,,,,,,,,,26.183332443237305,50.516666412353516,,,,Yumna Awad,,NO,completed_primary,,,,https://www.propertyfinder.bh/en/plp/buy/villa-for-sale-central-governorate-salmabad-54653539.html,2026-06-24T20:40:58.428770+00:00,2026-07-20T21:17:02.364062+00:00,26,2026-07-20T21:17:02.364062+00:00
2026-07-21,removed,54653540,,,Villa,MODERN VILLA | PRIVATE MAJLIS | 5 BEDROOMS,200000.0,,,,BHD,sell,,,,,,,,,,,26.130512237548828,50.55546569824219,,,,Yumna Awad,,PARTLY,completed,,,,https://www.propertyfinder.bh/en/plp/buy/villa-for-sale-southern-governorate-riffa-54653540.html,2026-06-24T20:40:58.428770+00:00,2026-07-20T21:17:02.364062+00:00,26,2026-07-20T21:17:02.364062+00:00
2026-07-21,removed,54653541,,,Villa,MODERN 5BHK VILLA | MAQABA | ELEVATOR READY,235000.0,,,,BHD,sell,,,,,,,,,,,26.21023941040039,50.49468231201172,,,,Yumna Awad,,NO,completed_primary,,,,https://www.propertyfinder.bh/en/plp/buy/villa-for-sale-northern-governorate-maqabah-54653541.html,2026-06-24T20:40:58.428770+00:00,2026-07-20T21:17:02.364062+00:00,26,2026-07-20T21:17:02.364062+00:00
2026-07-21,removed,54653542,,,Villa,WATERFRONT LIVING | 5 BHK VILLA | GARDEN,129000.0,,,,BHD,sell,,,,,,,,,,,26.12916374206543,50.49860763549805,,,,Yumna Awad,,NO,completed_primary,,,,https://www.propertyfinder.bh/en/plp/buy/villa-for-sale-northern-governorate-hamad-town-54653542.html,2026-06-24T20:40:58.428770+00:00,2026-07-20T21:17:02.364062+00:00,26,2026-07-20T21:17:02.364062+00:00
2026-07-21,removed,54654067,,,Apartment,STUNING OPEN SEA VIEW | H-KEEPING |WIFI | POOL GYM,325.0,,,,BHD,monthly,,,,,,,,The Lagoon,,,26.287778854370117,50.66339111328125,,,,Fadi Eweida,,YES,,,,,https://www.propertyfinder.bh/en/plp/rent/apartment-for-rent-muharraq-governorate-amwaj-islands-the-lagoon-54654067.html,2026-06-24T20:40:58.428770+00:00,2026-07-20T21:17:02.364062+00:00,26,2026-07-20T21:17:02.364062+00:00
2026-07-21,removed,54654122,,,Villa,MODERN 5BHK VILLA | SPACIOUS LAYOUT | PRIME HAMALA,109000.0,,,,BHD,sell,,,,,,,,,,,26.140336990356445,50.478271484375,,,,Yumna Awad,,NO,completed_primary,,,,https://www.propertyfinder.bh/en/plp/buy/villa-for-sale-northern-governorate-hamala-54654122.html,2026-06-24T20:40:58.428770+00:00,2026-07-20T21:17:02.364062+00:00,26,2026-07-20T21:17:02.364062+00:00
2026-07-21,removed,54654491,,,Land,PREMIUM SP PLOT | GREAT INVESTMENT | BEST VALUE,241000.0,,,,BHD,sell,,,,,,,,Diyar Al Muharraq,,,26.31142234802246,50.64306640625,,,,Zuhair Tlili,,,,,,,https://www.propertyfinder.bh/en/plp/buy/land-for-sale-muharraq-governorate-diyar-al-muharraq-54654491.html,2026-06-24T20:40:58.428770+00:00,2026-07-20T21:17:02.364062+00:00,26,2026-07-20T21:17:02.364062+00:00
2026-07-21,removed,54654492,,,Apartment,ELEGANT 2 BHK | LARGE BALCONY | SEA VIEW,500.0,,,,BHD,monthly,,,,,,,,Diyar Al Muharraq,,,26.303447723388672,50.6461296081543,,,,Zuhair Tlili,,YES,,,,,https://www.propertyfinder.bh/en/plp/rent/apartment-for-rent-muharraq-governorate-diyar-al-muharraq-marassi-al-bahrain-54654492.html,2026-06-24T20:40:58.428770+00:00,2026-07-20T21:17:02.364062+00:00,26,2026-07-20T21:17:02.364062+00:00
2026-07-21,removed,54654518,,,Apartment,1 BHK | COZY | HIGH-FACILITIES | FULLY FURNISHED,400.0,,,,BHD,monthly,,,,,,,,,,,26.239999771118164,50.5369987487793,,,,Loai Bitar,,YES,,,,,https://www.propertyfinder.bh/en/plp/rent/apartment-for-rent-capital-governorate-seef-54654518.html,2026-06-24T20:40:58.428770+00:00,2026-07-20T21:17:02.364062+00:00,26,2026-07-20T21:17:02.364062+00:00
2026-07-21,removed,54654521,,,Apartment,FURNISHED 1BHK | GREAT INVESTMENT | ELEGANT LIVING,72000.0,,,,BHD,sell,,,,,,,,Canal View,,,26.273908615112305,50.67207336425781,,,,Zuhair Tlili,,YES,completed_primary,,,,https://www.propertyfinder.bh/en/plp/buy/apartment-for-sale-muharraq-governorate-dilmunia-island-canal-view-54654521.html,2026-06-24T20:40:58.428770+00:00,2026-07-20T21:17:02.364062+00:00,26,2026-07-20T21:17:02.364062+00:00
2026-07-21,removed,54654522,,,Apartment,MODERN 2BHK | SEA VIEW | PRIME LOCATION,350.0,,,,BHD,monthly,,,,,,,,Amwaj Marina,,,26.293058395385742,50.65943908691406,,,,Rolin Faouri,,YES,,,,,https://www.propertyfinder.bh/en/plp/rent/apartment-for-rent-muharraq-governorate-amwaj-islands-amwaj-marina-54654522.html,2026-06-24T20:40:58.428770+00:00,2026-07-20T21:17:02.364062+00:00,26,2026-07-20T21:17:02.364062+00:00
2026-07-21,removed,54654524,,,Apartment,MODERN 2BHK | SEA VIEW | BALCONY,480.0,,,,BHD,monthly,,,,,,,,Amwaj Avenue,,,26.29302978515625,50.66474151611328,,,,Rolin Faouri,,YES,,,,,https://www.propertyfinder.bh/en/plp/rent/apartment-for-rent-muharraq-governorate-amwaj-islands-amwaj-avenue-54654524.html,2026-06-24T20:40:58.428770+00:00,2026-07-20T21:17:02.364062+00:00,26,2026-07-20T21:17:02.364062+00:00
2026-07-21,removed,54654533,,,Apartment,MODERN 3BHK | MAID ROOM | SEA VIEW,450.0,,,,BHD,monthly,,,,,,,,Amwaj Avenue,,,26.29302978515625,50.66474151611328,,,,Rolin Faouri,,YES,,,,,https://www.propertyfinder.bh/en/plp/rent/apartment-for-rent-muharraq-governorate-amwaj-islands-amwaj-avenue-54654533.html,2026-06-24T20:40:58.428770+00:00,2026-07-20T21:17:02.364062+00:00,26,2026-07-20T21:17:02.364062+00:00
2026-07-21,removed,54654539,,,Apartment,MODERN 2BHK | PRIME LOCATION | BIG LAYOUT,400.0,,,,BHD,monthly,,,,,,,,Amwaj Avenue,,,26.29302978515625,50.66474151611328,,,,Rolin Faouri,,YES,,,,,https://www.propertyfinder.bh/en/plp/rent/apartment-for-rent-muharraq-governorate-amwaj-islands-amwaj-avenue-54654539.html,2026-06-24T20:40:58.428770+00:00,2026-07-20T21:17:02.364062+00:00,26,2026-07-20T21:17:02.364062+00:00
2026-07-21,removed,54654544,,,Apartment,MODERN 3BHK | MAID ROOM | BEACH ACCESS,650.0,,,,BHD,monthly,,,,,,,,Diyar Al Muharraq,Marassi Boulevard,,26.303447723388672,50.6461296081543,,,,Rolin Faouri,,YES,,,,,https://www.propertyfinder.bh/en/plp/rent/apartment-for-rent-muharraq-governorate-diyar-al-muharraq-marassi-boulevard-54654544.html,2026-06-24T20:40:58.428770+00:00,2026-07-20T21:17:02.364062+00:00,26,2026-07-20T21:17:02.364062+00:00
2026-07-21,removed,54654545,,,Office Space,SHELL & CORE OFFICE | BFH | HUGE SPACE,5000.0,,,,BHD,monthly,,,,,,,,Bahrain Financial Harbour,,,26.23778533935547,50.57342529296875,,,,Loai Bitar,,NO,,,,,https://www.propertyfinder.bh/en/plp/commercial-rent/office-space-for-rent-capital-governorate-manama-bahrain-financial-harbour-54654545.html,2026-06-24T20:40:58.428770+00:00,2026-07-20T21:17:02.364062+00:00,26,2026-07-20T21:17:02.364062+00:00
2026-07-21,removed,54654547,,,Apartment,MODERN 2BHK | LAGOON | PRIME LOCATION,600.0,,,,BHD,monthly,,,,,,,,The Lagoon,,,26.287778854370117,50.66339111328125,,,,Rolin Faouri,,YES,,,,,https://www.propertyfinder.bh/en/plp/rent/apartment-for-rent-muharraq-governorate-amwaj-islands-the-lagoon-54654547.html,2026-06-24T20:40:58.428770+00:00,2026-07-20T21:17:02.364062+00:00,26,2026-07-20T21:17:02.364062+00:00
2026-07-21,removed,54654550,,,Villa,SPACIOUS 4BHK VILLA | SAAR | MAID ROOM | POOL,1100.0,,,,BHD,monthly,,,,,,,,,,,26.19164276123047,50.48757553100586,,,,Loai Bitar,,PARTLY,,,,,https://www.propertyfinder.bh/en/plp/rent/villa-for-rent-northern-governorate-saar-54654550.html,2026-06-24T20:40:58.428770+00:00,2026-07-20T21:17:02.364062+00:00,26,2026-07-20T21:17:02.364062+00:00
2026-07-21,removed,54654670,,,Apartment,BRAND NEW 3BHK | TERRACES | MARASSI,249888.0,,,,BHD,sell,,,,,,,,Diyar Al Muharraq,,,26.303447723388672,50.6461296081543,,,,Loai Bitar,,PARTLY,completed_primary,,,,https://www.propertyfinder.bh/en/plp/buy/apartment-for-sale-muharraq-governorate-diyar-al-muharraq-marassi-al-bahrain-54654670.html,2026-06-24T20:40:58.428770+00:00,2026-07-20T21:17:02.364062+00:00,26,2026-07-20T21:17:02.364062+00:00
2026-07-21,removed,54654675,,,Apartment,LUXURY 2BHK | MARASSI | PRIME LOCATION,137888.0,,,,BHD,sell,,,,,,,,Diyar Al Muharraq,,,26.303447723388672,50.6461296081543,,,,Loai Bitar,,PARTLY,completed_primary,,,,https://www.propertyfinder.bh/en/plp/buy/apartment-for-sale-muharraq-governorate-diyar-al-muharraq-marassi-al-bahrain-54654675.html,2026-06-24T20:40:58.428770+00:00,2026-07-20T21:17:02.364062+00:00,26,2026-07-20T21:17:02.364062+00:00
2026-07-21,removed,54654679,,,Apartment,READY 1BHK APARTMENT | MARASSI,99888.0,,,,BHD,sell,,,,,,,,Diyar Al Muharraq,,,26.303447723388672,50.6461296081543,,,,Loai Bitar,,PARTLY,completed_primary,,,,https://www.propertyfinder.bh/en/plp/buy/apartment-for-sale-muharraq-governorate-diyar-al-muharraq-marassi-al-bahrain-54654679.html,2026-06-24T20:40:58.428770+00:00,2026-07-20T21:17:02.364062+00:00,26,2026-07-20T21:17:02.364062+00:00
2026-07-21,removed,54654686,,,Villa,STANDALONE | 4BHK VILLA | PRIVATE POOL | SPACIOUS,160000.0,,,,BHD,sell,,,,,,,,,,,26.21263313293457,50.67418670654297,,,,Zuhair Tlili,,PARTLY,completed,,,,https://www.propertyfinder.bh/en/plp/buy/villa-for-sale-muharraq-governorate-hidd-54654686.html,2026-06-24T20:40:58.428770+00:00,2026-07-20T21:17:02.364062+00:00,26,2026-07-20T21:17:02.364062+00:00
2026-07-21,removed,54654688,,,Apartment,MODERN 3BHK | READY TO MOVE IN | SPACIOUS,400.0,,,,BHD,monthly,,,,,,,,,,,26.20975685119629,50.50579833984375,,,,Loai Bitar,,YES,,,,,https://www.propertyfinder.bh/en/plp/rent/apartment-for-rent-northern-governorate-shakhura-54654688.html,2026-06-24T20:40:58.428770+00:00,2026-07-20T21:17:02.364062+00:00,26,2026-07-20T21:17:02.364062+00:00
2026-07-21,removed,54654704,,,Villa,ELEGANT |  SPACIOUS | 5 BHK | EXQUISITE 3 LEVEL,131500.0,,,,BHD,sell,,,,,,,,,,,26.19164276123047,50.48757553100586,,,,Loai Bitar,,NO,completed,,,,https://www.propertyfinder.bh/en/plp/buy/villa-for-sale-northern-governorate-saar-54654704.html,2026-06-24T20:40:58.428770+00:00,2026-07-20T21:17:02.364062+00:00,26,2026-07-20T21:17:02.364062+00:00
2026-07-21,removed,54654707,,,Penthouse,BRAND NEW | PENTHOUSE | CLOSED KITCHEN | SPACIOUS,750.0,,,,BHD,monthly,,,,,,,,,,,26.239999771118164,50.5369987487793,,,,Zuhair Tlili,,YES,,,,,https://www.propertyfinder.bh/en/plp/rent/penthouse-for-rent-capital-governorate-seef-54654707.html,2026-06-24T20:40:58.428770+00:00,2026-07-20T21:17:02.364062+00:00,26,2026-07-20T21:17:02.364062+00:00
2026-07-21,removed,54654756,,,Villa,BRAND NEW 5BR | PRIME LOCATION | SPACIOUS | MODERN,139000.0,,,,BHD,sell,,,,,,,,,,,26.27199935913086,50.60900115966797,,,,Zuhair Tlili,,NO,completed_primary,,,,https://www.propertyfinder.bh/en/plp/buy/villa-for-sale-muharraq-governorate-busaiteen-54654756.html,2026-06-24T20:40:58.428770+00:00,2026-07-20T21:17:02.364062+00:00,26,2026-07-20T21:17:02.364062+00:00
2026-07-21,removed,54654761,,,Apartment,TASTEFULLY FURNISHED | READY to MOVE IN | 2BHK,400.0,,,,BHD,monthly,,,,,,,,,,,26.1314754486084,50.568843841552734,,,,Yumna Awad,,YES,,,,,https://www.propertyfinder.bh/en/plp/rent/apartment-for-rent-southern-governorate-riffa-bu-kowarah-54654761.html,2026-06-24T20:40:58.428770+00:00,2026-07-20T21:17:02.364062+00:00,26,2026-07-20T21:17:02.364062+00:00
2026-07-21,removed,54654769,,,Villa,HOT DEAL!!! | 2 VILLAS FOR THE PRICE OF ONE!!,150000.0,,,,BHD,sell,,,,,,,,West Riffa,,,26.123153686523438,50.54193878173828,,,,Yumna Awad,,NO,completed_primary,,,,https://www.propertyfinder.bh/en/plp/buy/villa-for-sale-southern-governorate-riffa-west-riffa-54654769.html,2026-06-24T20:40:58.428770+00:00,2026-07-20T21:17:02.364062+00:00,26,2026-07-20T21:17:02.364062+00:00
2026-07-21,removed,54654774,,,Apartment,ELEGANTLY FURNISHED 2BHK | GREAT FACILITIES | SALE,68000.0,,,,BHD,sell,,,,,,,,,,,26.19164276123047,50.48757553100586,,,,Irina Matvievici,,YES,completed,,,,https://www.propertyfinder.bh/en/plp/buy/apartment-for-sale-northern-governorate-saar-54654774.html,2026-06-24T20:40:58.428770+00:00,2026-07-20T21:17:02.364062+00:00,26,2026-07-20T21:17:02.364062+00:00
2026-07-21,removed,54654781,,,Apartment,NAVY APPROVED | WATER PARK | 2BHK+MAIDS | BALCONY,750.0,,,,BHD,monthly,,,,,,,,Essence of Dilmunia,,,26.27286720275879,50.672889709472656,,,,Rolin Faouri,,YES,,,,,https://www.propertyfinder.bh/en/plp/rent/apartment-for-rent-muharraq-governorate-dilmunia-island-essence-of-dilmunia-54654781.html,2026-06-24T20:40:58.428770+00:00,2026-07-20T21:17:02.364062+00:00,26,2026-07-20T21:17:02.364062+00:00
2026-07-21,removed,54654847,,,Villa,LOWEST PRICE!! | SPACIOUS 4BHK | BRIGHT and MODERN,450.0,,,,BHD,monthly,,,,,,,,,,,26.220962524414062,50.46446990966797,,,,Loai Bitar,,PARTLY,,,,,https://www.propertyfinder.bh/en/plp/rent/villa-for-rent-northern-governorate-diraz-54654847.html,2026-06-24T20:40:58.428770+00:00,2026-07-20T21:17:02.364062+00:00,26,2026-07-20T21:17:02.364062+00:00
2026-07-21,removed,54654851,,,Villa,MODERN 4BHK VILLA | BRAND NEW LUXURY | 2 KITCHENS,195000.0,,,,BHD,sell,,,,,,,,,,,26.213165283203125,50.447471618652344,,,,Loai Bitar,,YES,completed_primary,,,,https://www.propertyfinder.bh/en/plp/buy/villa-for-sale-northern-governorate-budaiya-54654851.html,2026-06-24T20:40:58.428770+00:00,2026-07-20T21:17:02.364062+00:00,26,2026-07-20T21:17:02.364062+00:00
2026-07-21,removed,54654855,,,Apartment,BEST IN SEEF | DELUXE 3BHK + 1| 5-STAR FACILITIES,1200.0,,,,BHD,monthly,,,,,,,,,,,26.239999771118164,50.5369987487793,,,,Zuhair Tlili,,YES,,,,,https://www.propertyfinder.bh/en/plp/rent/apartment-for-rent-capital-governorate-seef-54654855.html,2026-06-24T20:40:58.428770+00:00,2026-07-20T21:17:02.364062+00:00,26,2026-07-20T21:17:02.364062+00:00
2026-07-21,removed,54654858,,,Apartment,SPACIOUS 2BHK | HUGE BALCONY | PRIME LOCATION,480.0,,,,BHD,monthly,,,,,,,,Sanabis,,,26.226558685302734,50.5459098815918,,,,Zuhair Tlili,,PARTLY,,,,,https://www.propertyfinder.bh/en/plp/rent/apartment-for-rent-capital-governorate-manama-sanabis-54654858.html,2026-06-24T20:40:58.428770+00:00,2026-07-20T21:17:02.364062+00:00,26,2026-07-20T21:17:02.364062+00:00
2026-07-21,removed,54654862,,,Villa,NAVY APPROVED | PRIVATE POOL | ELEVATOR | 3BHK,1380.0,,,,BHD,monthly,,,,,,,,,,,26.266666412353516,50.650001525878906,,,,Loai Bitar,,YES,,,,,https://www.propertyfinder.bh/en/plp/rent/villa-for-rent-muharraq-governorate-galali-54654862.html,2026-06-24T20:40:58.428770+00:00,2026-07-20T21:17:02.364062+00:00,26,2026-07-20T21:17:02.364062+00:00
2026-07-21,removed,54654864,,,Apartment,FULLY RENOVATED | PRIME LOCATION | SPACIOUS 3BHK,600.0,,,,BHD,monthly,,,,,,,,,,,26.239999771118164,50.5369987487793,,,,Zuhair Tlili,,YES,,,,,https://www.propertyfinder.bh/en/plp/rent/apartment-for-rent-capital-governorate-seef-54654864.html,2026-06-24T20:40:58.428770+00:00,2026-07-20T21:17:02.364062+00:00,26,2026-07-20T21:17:02.364062+00:00
2026-07-21,removed,54654868,,,Apartment,BRAND NEW 1BHK | AFFORDABLE | HOUSE KEEPING,400.0,,,,BHD,monthly,,,,,,,,,,,26.239999771118164,50.5369987487793,,,,Zuhair Tlili,,YES,,,,,https://www.propertyfinder.bh/en/plp/rent/apartment-for-rent-capital-governorate-seef-54654868.html,2026-06-24T20:40:58.428770+00:00,2026-07-20T21:17:02.364062+00:00,26,2026-07-20T21:17:02.364062+00:00
2026-07-21,removed,54654903,,,Apartment,YOUR DREAM HOME | LUXURY 3BR+MAID | TOP FACILITIES,2000.0,,,,BHD,monthly,,,,,,,,,,,26.249584197998047,50.580360412597656,,,,Loai Bitar,,YES,,,,,https://www.propertyfinder.bh/en/plp/rent/apartment-for-rent-capital-governorate-bahrain-bay-54654903.html,2026-06-24T20:40:58.428770+00:00,2026-07-20T21:17:02.364062+00:00,26,2026-07-20T21:17:02.364062+00:00
2026-07-21,removed,54654909,,,Villa,PRIVATE POOL | DELUXE | WATERFRONT | PP AVAILABLE,680000.0,,,,BHD,sell,,,,,,,,,,,26.241750717163086,50.5663948059082,,,,Loai Bitar,,PARTLY,off_plan_primary,,,,https://www.propertyfinder.bh/en/plp/buy/villa-for-sale-capital-governorate-reef-island-54654909.html,2026-06-24T20:40:58.428770+00:00,2026-07-20T21:17:02.364062+00:00,26,2026-07-20T21:17:02.364062+00:00
2026-07-21,removed,54654915,,,Apartment,GREAT DEAL | PRIME SEEF AREA | BALCONY | 2BHK,400.0,,,,BHD,monthly,,,,,,,,,,,26.239999771118164,50.5369987487793,,,,Loai Bitar,,YES,,,,,https://www.propertyfinder.bh/en/plp/rent/apartment-for-rent-capital-governorate-seef-54654915.html,2026-06-24T20:40:58.428770+00:00,2026-07-20T21:17:02.364062+00:00,26,2026-07-20T21:17:02.364062+00:00
2026-07-21,removed,54654923,,,Apartment,3BHK + MAIDS ROOM | SEA VIEW | HIGH-END LUXURY,292806.0,,,,BHD,sell,,,,,,,,Bahrain Financial Harbour,,,26.23778533935547,50.57342529296875,,,,Loai Bitar,,PARTLY,completed,,,,https://www.propertyfinder.bh/en/plp/buy/apartment-for-sale-capital-governorate-manama-bahrain-financial-harbour-54654923.html,2026-06-24T20:40:58.428770+00:00,2026-07-20T21:17:02.364062+00:00,26,2026-07-20T21:17:02.364062+00:00
2026-07-21,removed,54654948,,,Office Space,PREMIUM OFFICE | FULLY FURNISHED | ELEGANT LUXURY,700.0,,,,BHD,monthly,,,,,,,,Sanabis,,,26.226558685302734,50.5459098815918,,,,Loai Bitar,,YES,,,,,https://www.propertyfinder.bh/en/plp/commercial-rent/office-space-for-rent-capital-governorate-manama-sanabis-54654948.html,2026-06-24T20:40:58.428770+00:00,2026-07-20T21:17:02.364062+00:00,26,2026-07-20T21:17:02.364062+00:00
2026-07-21,removed,54654954,,,Villa,ELEGANT & SPACIOUS LIVING | JANABIYAH | 3BHK VILLA,800.0,,,,BHD,monthly,,,,,,,,,,,26.19164276123047,50.48757553100586,,,,Yumna Awad,,PARTLY,,,,,https://www.propertyfinder.bh/en/plp/rent/villa-for-rent-northern-governorate-saar-54654954.html,2026-06-24T20:40:58.428770+00:00,2026-07-20T21:17:02.364062+00:00,26,2026-07-20T21:17:02.364062+00:00
2026-07-21,removed,54654960,,,Apartment,BRAND NEW 1BHK | GREAT LOCATION | HIGHEND FINISH,300.0,,,,BHD,monthly,,,,,,,,,,,26.239999771118164,50.5369987487793,,,,Zuhair Tlili,,YES,,,,,https://www.propertyfinder.bh/en/plp/rent/apartment-for-rent-capital-governorate-seef-54654960.html,2026-06-24T20:40:58.428770+00:00,2026-07-20T21:17:02.364062+00:00,26,2026-07-20T21:17:02.364062+00:00
2026-07-21,removed,54654968,,,Villa,SPACIOUS LUXURY 4BHK VILLA | LARGE LIVING SPACES,147000.0,,,,BHD,sell,,,,,,,,,,,26.20975685119629,50.50579833984375,,,,Loai Bitar,,PARTLY,completed_primary,,,,https://www.propertyfinder.bh/en/plp/buy/villa-for-sale-northern-governorate-shakhura-54654968.html,2026-06-24T20:40:58.428770+00:00,2026-07-20T21:17:02.364062+00:00,26,2026-07-20T21:17:02.364062+00:00
2026-07-21,removed,54654972,,,Apartment,PANORAMIC VIEW | FREEHOLD | FLEXI PP | LIMITED!!,95000.0,,,,BHD,sell,,,,,,,,Canal View,,,26.273908615112305,50.67207336425781,,,,Rolin Faouri,,PARTLY,completed_primary,,,,https://www.propertyfinder.bh/en/plp/buy/apartment-for-sale-muharraq-governorate-dilmunia-island-canal-view-54654972.html,2026-06-24T20:40:58.428770+00:00,2026-07-20T21:17:02.364062+00:00,26,2026-07-20T21:17:02.364062+00:00
2026-07-21,removed,54654981,,,Apartment,SEA VIEW | BALCONY | PREMIUM FACILITIES | 2BHK,945.0,,,,BHD,monthly,,,,,,,,,,,26.241750717163086,50.5663948059082,,,,Zuhair Tlili,,YES,,,,,https://www.propertyfinder.bh/en/plp/rent/apartment-for-rent-capital-governorate-reef-island-54654981.html,2026-06-24T20:40:58.428770+00:00,2026-07-20T21:17:02.364062+00:00,26,2026-07-20T21:17:02.364062+00:00
2026-07-21,removed,54654998,,,Apartment,BRAND NEW 1BHK | NEAR GULF UNIVERSITY | AFFORDABLE,350.0,,,,BHD,monthly,,,,,,,,,,,26.2102108001709,50.56403350830078,,,,Zuhair Tlili,,YES,,,,,https://www.propertyfinder.bh/en/plp/rent/apartment-for-rent-capital-governorate-manama-zinj-54654998.html,2026-06-24T20:40:58.428770+00:00,2026-07-20T21:17:02.364062+00:00,26,2026-07-20T21:17:02.364062+00:00
2026-07-21,removed,54655009,,,Apartment,MODERN 1BHK | SEA VIEW | PRIME LOCATION,350.0,,,,BHD,monthly,,,,,,,,Amwaj Marina,,,26.293058395385742,50.65943908691406,,,,Rolin Faouri,,YES,,,,,https://www.propertyfinder.bh/en/plp/rent/apartment-for-rent-muharraq-governorate-amwaj-islands-amwaj-marina-54655009.html,2026-06-24T20:40:58.428770+00:00,2026-07-20T21:17:02.364062+00:00,26,2026-07-20T21:17:02.364062+00:00
2026-07-21,removed,54655136,,,Apartment,2BHK | SEA VIEW | SMART HOME SYSTEM | BALCONY,99000.0,,,,BHD,sell,,,,,,,,,,,26.241750717163086,50.5663948059082,,,,Loai Bitar,,YES,completed_primary,,,,https://www.propertyfinder.bh/en/plp/buy/apartment-for-sale-capital-governorate-reef-island-54655136.html,2026-06-24T20:40:58.428770+00:00,2026-07-20T21:17:02.364062+00:00,26,2026-07-20T21:17:02.364062+00:00
2026-07-21,removed,54655149,,,Villa,PREMIUM 5BHK | SAAR | FAMILY VILLA,350000.0,,,,BHD,sell,,,,,,,,,,,26.20011329650879,50.46629333496094,,,,Loai Bitar,,PARTLY,completed_primary,,,,https://www.propertyfinder.bh/en/plp/buy/villa-for-sale-northern-governorate-al-qurayyah-54655149.html,2026-06-24T20:40:58.428770+00:00,2026-07-20T21:17:02.364062+00:00,26,2026-07-20T21:17:02.364062+00:00
2026-07-21,removed,54655150,,,Apartment,MODERN INTERIOR | PRIME LOCATION | LUXURIOUS 2BHK,850.0,,,,BHD,monthly,,,,,,,,,,,26.241750717163086,50.5663948059082,,,,Loai Bitar,,YES,,,,,https://www.propertyfinder.bh/en/plp/rent/apartment-for-rent-capital-governorate-reef-island-54655150.html,2026-06-24T20:40:58.428770+00:00,2026-07-20T21:17:02.364062+00:00,26,2026-07-20T21:17:02.364062+00:00
2026-07-21,removed,54655152,,,Villa,TOP-LUXURY | PRIVATE POOL | ELEVATOR | SKY VILLA,2050677.0,,,,BHD,sell,,,,,,,,Bahrain Financial Harbour,,,26.23778533935547,50.57342529296875,,,,Loai Bitar,,PARTLY,completed_primary,,,,https://www.propertyfinder.bh/en/plp/buy/villa-for-sale-capital-governorate-manama-bahrain-financial-harbour-54655152.html,2026-06-24T20:40:58.428770+00:00,2026-07-20T21:17:02.364062+00:00,26,2026-07-20T21:17:02.364062+00:00
2026-07-21,removed,54655288,,,Apartment,Exceptional 1BR | Prime Location | Spacious,600.0,,,,BHD,monthly,,,,,,,,Bahrain Financial Harbour,,,26.23778533935547,50.57342529296875,,,,Adeel Ajaz,,YES,,,,,https://www.propertyfinder.bh/en/plp/rent/apartment-for-rent-capital-governorate-manama-bahrain-financial-harbour-54655288.html,2026-06-25T13:41:13.950752+00:00,2026-07-20T21:17:02.364062+00:00,25,2026-07-20T21:17:02.364062+00:00
2026-07-21,removed,54682802,,,Apartment,SPACIOUS FAMILY APARTMENT | POOL & GYM | BALCONY,69000.0,,,,BHD,sell,,,,,,,,,,,26.212005615234375,50.520294189453125,,,,Yumna Awad,,YES,completed,,,,https://www.propertyfinder.bh/en/plp/buy/apartment-for-sale-northern-governorate-al-qadam-54682802.html,2026-06-25T13:41:13.950752+00:00,2026-07-20T21:17:02.364062+00:00,25,2026-07-20T21:17:02.364062+00:00
2026-07-21,removed,54682803,,,Villa,EXTREMELY SPACIOUS 8BHK VILLA | FOR SALE,320000.0,,,,BHD,sell,,,,,,,,,,,26.149999618530273,50.58333206176758,,,,Yumna Awad,,PARTLY,completed,,,,https://www.propertyfinder.bh/en/plp/buy/villa-for-sale-central-governorate-sanad-54682803.html,2026-06-25T13:41:13.950752+00:00,2026-07-20T21:17:02.364062+00:00,25,2026-07-20T21:17:02.364062+00:00
2026-07-21,removed,54716599,,,Apartment,3BHK | SEMI FURNISHED | PRIME LOCATION.,210.0,,,,BHD,monthly,,,,,,,,,,,26.188888549804688,50.54999923706055,,,,Jasim Uddin,,PARTLY,,,,,https://www.propertyfinder.bh/en/plp/rent/apartment-for-rent-central-governorate-tubli-54716599.html,2026-06-26T20:41:07.599923+00:00,2026-07-20T21:17:02.364062+00:00,24,2026-07-20T21:17:02.364062+00:00
2026-07-21,removed,54771826,,,Apartment,SPACIOUS 1 BHK | FULLY FURNISHED | PRIME JANABIYA,350.0,,,,BHD,monthly,,,,,,,,,,,26.185943603515625,50.46711349487305,,,,Irina Matvievici,,YES,,,,,https://www.propertyfinder.bh/en/plp/rent/apartment-for-rent-northern-governorate-janabiya-54771826.html,2026-06-28T20:33:34.411222+00:00,2026-07-20T21:17:02.364062+00:00,22,2026-07-20T21:17:02.364062+00:00
2026-07-21,removed,54772153,,,Apartment,SEPARATE MAIDS ROOM | PRIME LOCATION | SPACIOUS,750.0,,,,BHD,monthly,,,,,,,,,,,26.239999771118164,50.5369987487793,,,,Preeti Paudel,,YES,,,,,https://www.propertyfinder.bh/en/plp/rent/apartment-for-rent-capital-governorate-seef-54772153.html,2026-06-28T20:33:34.411222+00:00,2026-07-20T21:17:02.364062+00:00,22,2026-07-20T21:17:02.364062+00:00
2026-07-21,removed,54772161,,,Apartment,HIGHER FLOOR | INCLUSIVE | PRIME LOCATION,750.0,,,,BHD,monthly,,,,,,,,Bahrain Financial Harbour,,,26.23778533935547,50.57342529296875,,,,Preeti Paudel,,YES,,,,,https://www.propertyfinder.bh/en/plp/rent/apartment-for-rent-capital-governorate-manama-bahrain-financial-harbour-54772161.html,2026-06-28T20:33:34.411222+00:00,2026-07-20T21:17:02.364062+00:00,22,2026-07-20T21:17:02.364062+00:00
2026-07-21,removed,54772224,,,Apartment,HOT DEAL | HIGHER FLOOR | WELL MAINTAINED,330.0,,,,BHD,monthly,,,,,,,,,,,26.239999771118164,50.5369987487793,,,,Preeti Paudel,,YES,,,,,https://www.propertyfinder.bh/en/plp/rent/apartment-for-rent-capital-governorate-seef-54772224.html,2026-06-28T20:33:34.411222+00:00,2026-07-20T21:17:02.364062+00:00,22,2026-07-20T21:17:02.364062+00:00
2026-07-21,removed,54772461,,,Apartment,NEWLY RENOVATED | SPACIOUS | BEACH VIEW,800.0,,,,BHD,monthly,,,,,,,,,,,26.241750717163086,50.5663948059082,,,,Preeti Paudel,,YES,,,,,https://www.propertyfinder.bh/en/plp/rent/apartment-for-rent-capital-governorate-reef-island-54772461.html,2026-06-28T20:33:34.411222+00:00,2026-07-20T21:17:02.364062+00:00,22,2026-07-20T21:17:02.364062+00:00
2026-07-21,removed,54772678,,,Apartment,BRAND NEW LUXURY 2BHD | QUIET AREA | BALCONY,450.0,,,,BHD,monthly,,,,,,,,,,,26.19164276123047,50.48757553100586,,,,Irina Matvievici,,YES,,,,,https://www.propertyfinder.bh/en/plp/rent/apartment-for-rent-northern-governorate-saar-54772678.html,2026-06-28T20:33:34.411222+00:00,2026-07-20T21:17:02.364062+00:00,22,2026-07-20T21:17:02.364062+00:00
2026-07-21,removed,54799715,,,Apartment,Spacious 3 BHK with Lift / Close Kitchen / MY,180.0,,,,BHD,monthly,,,,,,,,Riffa Al Sharqi,,,26.1162166595459,50.57211685180664,,,,Nayla Tabussam,,NO,,,,,https://www.propertyfinder.bh/en/plp/rent/apartment-for-rent-southern-governorate-riffa-riffa-al-sharqi-54799715.html,2026-06-29T20:43:30.057141+00:00,2026-07-20T21:17:02.364062+00:00,21,2026-07-20T21:17:02.364062+00:00
2026-07-21,removed,54799899,,,Villa,4BHK | 1-STOREY | GREAT COMPOUND | PRIVATE GARDEN,1400.0,,,,BHD,monthly,,,,,,,,,,,26.19164276123047,50.48757553100586,,,,Irina Matvievici,,PARTLY,,,,,https://www.propertyfinder.bh/en/plp/rent/villa-for-rent-northern-governorate-saar-54799899.html,2026-06-29T20:43:30.057141+00:00,2026-07-20T21:17:02.364062+00:00,21,2026-07-20T21:17:02.364062+00:00
2026-07-21,removed,54800822,,,Apartment,MODERN and STYLISH 2BHK | EASY ACCESS | FACILITIES,400.0,,,,BHD,monthly,,,,,,,,,,,26.185943603515625,50.46711349487305,,,,Irina Matvievici,,YES,,,,,https://www.propertyfinder.bh/en/plp/rent/apartment-for-rent-northern-governorate-janabiya-54800822.html,2026-06-29T20:43:30.057141+00:00,2026-07-20T21:17:02.364062+00:00,21,2026-07-20T21:17:02.364062+00:00
2026-07-21,removed,54801197,,,Villa,NEWLY RENOVATED | 3BHK VILLA | NEAR RUGBY CLUB,900.0,,,,BHD,monthly,,,,,,,,,,,26.185943603515625,50.46711349487305,,,,Irina Matvievici,,PARTLY,,,,,https://www.propertyfinder.bh/en/plp/rent/villa-for-rent-northern-governorate-janabiya-54801197.html,2026-06-29T20:43:30.057141+00:00,2026-07-20T21:17:02.364062+00:00,21,2026-07-20T21:17:02.364062+00:00
2026-07-21,removed,54801293,,,Apartment,LUXURIOUS 3BR | BALCONY | NICE FACILITIES | BRIGHT,600.0,,,,BHD,monthly,,,,,,,,,,,26.185943603515625,50.46711349487305,,,,Irina Matvievici,,YES,,,,,https://www.propertyfinder.bh/en/plp/rent/apartment-for-rent-northern-governorate-janabiya-54801293.html,2026-06-29T20:43:30.057141+00:00,2026-07-20T21:17:02.364062+00:00,21,2026-07-20T21:17:02.364062+00:00
2026-07-21,removed,54828312,,,Villa,SEMI FURNISHED- CANAL ACCESS-MAIDS ROOM-LAUNDRY,950.0,,,,BHD,monthly,,,,,,,,Al Marsa Floating City,,,26.2847957611084,50.669620513916016,,,,Alice Muthoni,,PARTLY,,,,,https://www.propertyfinder.bh/en/plp/rent/villa-for-rent-muharraq-governorate-amwaj-islands-al-marsa-floating-city-54828312.html,2026-06-30T20:46:10.808700+00:00,2026-07-20T21:17:02.364062+00:00,20,2026-07-20T21:17:02.364062+00:00
2026-07-21,removed,54828320,,,Apartment,SPACIOUS-BALCONY-MAIDS SERVICE-PET FRIENDLY-BEACH,550.0,,,,BHD,monthly,,,,,,,,,,,26.241750717163086,50.5663948059082,,,,Alice Muthoni,,YES,,,,,https://www.propertyfinder.bh/en/plp/rent/apartment-for-rent-capital-governorate-reef-island-54828320.html,2026-06-30T20:46:10.808700+00:00,2026-07-20T21:17:02.364062+00:00,20,2026-07-20T21:17:02.364062+00:00
2026-07-21,removed,54828337,,,Villa,FAIR PRICE- SPACIOUS VILLA-PRIME AREA-PET FRIENDLY,550.0,,,,BHD,monthly,,,,,,,,,,,26.2102108001709,50.56403350830078,,,,Alice Muthoni,,PARTLY,,,,,https://www.propertyfinder.bh/en/plp/rent/villa-for-rent-capital-governorate-manama-zinj-54828337.html,2026-06-30T20:46:10.808700+00:00,2026-07-20T21:17:02.364062+00:00,20,2026-07-20T21:17:02.364062+00:00
2026-07-21,removed,54828343,,,Villa,NAVY APPPROVED-PRIVATE POOL-MAIDS SERVICE-MODEREN,1300.0,,,,BHD,monthly,,,,,,,,,,,26.211111068725586,50.601112365722656,,,,Alice Muthoni,,YES,,,,,https://www.propertyfinder.bh/en/plp/rent/villa-for-rent-capital-governorate-al-juffair-54828343.html,2026-06-30T20:46:10.808700+00:00,2026-07-20T21:17:02.364062+00:00,20,2026-07-20T21:17:02.364062+00:00
2026-07-21,removed,54828354,,,Villa,MODERN FURNISHED VILLA-NEAR SAAR MALL AND HIGHWAY,1000.0,,,,BHD,monthly,,,,,,,,,,,26.19164276123047,50.48757553100586,,,,Alice Muthoni,,YES,,,,,https://www.propertyfinder.bh/en/plp/rent/villa-for-rent-northern-governorate-saar-54828354.html,2026-06-30T20:46:10.808700+00:00,2026-07-20T21:17:02.364062+00:00,20,2026-07-20T21:17:02.364062+00:00
2026-07-21,removed,54828356,,,Apartment,SEA VIEW-LARGE BALCONIES-BEACH ACCESS-PET FRIENDLY,1150.0,,,,BHD,monthly,,,,,,,,,,,26.241750717163086,50.5663948059082,,,,Alice Muthoni,,PARTLY,,,,,https://www.propertyfinder.bh/en/plp/rent/apartment-for-rent-capital-governorate-reef-island-54828356.html,2026-06-30T20:46:10.808700+00:00,2026-07-20T21:17:02.364062+00:00,20,2026-07-20T21:17:02.364062+00:00
2026-07-21,removed,54828494,,,Apartment,HS. KEEPING │ GAS COOK │ CLOSEKITCHEN/SPLIT AC/NEW,350.0,,,,BHD,monthly,,,,,,,,,,,26.207910537719727,50.587345123291016,,,,Sahebaz Makki,,YES,,,,,https://www.propertyfinder.bh/en/plp/rent/apartment-for-rent-capital-governorate-manama-mahooz-54828494.html,2026-06-30T20:46:10.808700+00:00,2026-07-20T21:17:02.364062+00:00,20,2026-07-20T21:17:02.364062+00:00
2026-07-21,removed,54829186,,,Villa,MODERN-SPACIOUS-PRIVATE POOL-PRIME LOCATION,2900.0,,,,BHD,monthly,,,,,,,,,,,26.207910537719727,50.587345123291016,,,,Alice Muthoni,,PARTLY,,,,,https://www.propertyfinder.bh/en/plp/rent/villa-for-rent-capital-governorate-manama-mahooz-54829186.html,2026-06-30T20:46:10.808700+00:00,2026-07-20T21:17:02.364062+00:00,20,2026-07-20T21:17:02.364062+00:00
2026-07-21,removed,54829220,,,Villa,PRIVATE POOL-SPACIOUS- NEAR AL JAZEERA SUPERMAKERT,1200.0,,,,BHD,monthly,,,,,,,,,,,26.2102108001709,50.56403350830078,,,,Alice Muthoni,,PARTLY,,,,,https://www.propertyfinder.bh/en/plp/rent/villa-for-rent-capital-governorate-manama-zinj-54829220.html,2026-06-30T20:46:10.808700+00:00,2026-07-20T21:17:02.364062+00:00,20,2026-07-20T21:17:02.364062+00:00
2026-07-21,removed,54829223,,,Apartment,SEA VIEW PENTHOUSE-MODERBEACH ACCESS-PRIME AREA,2500.0,,,,BHD,monthly,,,,,,,,,,,26.241750717163086,50.5663948059082,,,,Alice Muthoni,,YES,,,,,https://www.propertyfinder.bh/en/plp/rent/apartment-for-rent-capital-governorate-reef-island-54829223.html,2026-06-30T20:46:10.808700+00:00,2026-07-20T21:17:02.364062+00:00,20,2026-07-20T21:17:02.364062+00:00
2026-07-21,removed,54829231,,,Apartment,SEA VIEW-MODERN- SPACIOUS-BEACH ACCESS-CITY CENTER,575.0,,,,BHD,monthly,,,,,,,,,,,26.239999771118164,50.5369987487793,,,,Alice Muthoni,,YES,,,,,https://www.propertyfinder.bh/en/plp/rent/apartment-for-rent-capital-governorate-seef-54829231.html,2026-06-30T20:46:10.808700+00:00,2026-07-20T21:17:02.364062+00:00,20,2026-07-20T21:17:02.364062+00:00
2026-07-21,removed,54829251,,,Apartment,MODERN SPACIOUS-MAIDS SERVICE-NEAR CITY CENTER,630.0,,,,BHD,monthly,,,,,,,,,,,26.239999771118164,50.5369987487793,,,,Alice Muthoni,,YES,,,,,https://www.propertyfinder.bh/en/plp/rent/apartment-for-rent-capital-governorate-seef-54829251.html,2026-06-30T20:46:10.808700+00:00,2026-07-20T21:17:02.364062+00:00,20,2026-07-20T21:17:02.364062+00:00
2026-07-21,removed,54829277,,,Apartment,BALCONY-SEA VIEW-BEACH ACCESS-PRIME LOCATION,725.0,,,,BHD,monthly,,,,,,,,,,,26.241750717163086,50.5663948059082,,,,Alice Muthoni,,YES,,,,,https://www.propertyfinder.bh/en/plp/rent/apartment-for-rent-capital-governorate-reef-island-54829277.html,2026-06-30T20:46:10.808700+00:00,2026-07-20T21:17:02.364062+00:00,20,2026-07-20T21:17:02.364062+00:00
2026-07-21,removed,54885599,,,Apartment,Luxurious Spacious Apt With Big Balcony.,550.0,,,,BHD,monthly,,,,,,,,,,,26.185943603515625,50.46711349487305,,,,Vikki Ann Lord,,YES,,,,,https://www.propertyfinder.bh/en/plp/rent/apartment-for-rent-northern-governorate-janabiya-54885599.html,2026-07-02T20:35:29.272680+00:00,2026-07-20T21:17:02.364062+00:00,18,2026-07-20T21:17:02.364062+00:00
2026-07-21,removed,54886739,,,Apartment,Specious and bright family 3 bedroom with EWA,450.0,,,,BHD,monthly,,,,,,,,,,,26.211111068725586,50.601112365722656,,,,Seby Augustine,,YES,,,,,https://www.propertyfinder.bh/en/plp/rent/apartment-for-rent-capital-governorate-al-juffair-54886739.html,2026-07-16T13:23:22.641531+00:00,2026-07-20T21:17:02.364062+00:00,4,2026-07-20T21:17:02.364062+00:00
2026-07-21,removed,54913561,,,Apartment,BUDGET FRIENDLY | DRAGON CITY | MODERN | BRIGHT,300.0,,,,BHD,monthly,,,,,,,,Diyar Al Muharraq,Al Bareh,,26.31142234802246,50.64306640625,,,,Fadi Eweida,,PARTLY,,,,,https://www.propertyfinder.bh/en/plp/rent/apartment-for-rent-muharraq-governorate-diyar-al-muharraq-al-bareh-54913561.html,2026-07-03T21:14:40.318230+00:00,2026-07-20T21:17:02.364062+00:00,17,2026-07-20T21:17:02.364062+00:00
2026-07-21,removed,54969996,,,Apartment,UNIQUE MODERN DUPLEX | H-KEEPING | PETS ALLOWED,850.0,,,,BHD,monthly,,,,,,,,Amwaj Avenue,,,26.29302978515625,50.66474151611328,,,,Fadi Eweida,,YES,,,,,https://www.propertyfinder.bh/en/plp/rent/apartment-for-rent-muharraq-governorate-amwaj-islands-amwaj-avenue-54969996.html,2026-07-05T21:09:19.331111+00:00,2026-07-20T21:17:02.364062+00:00,15,2026-07-20T21:17:02.364062+00:00
2026-07-21,removed,54970010,,,Apartment,HOT PRICE | SPACIOUS BRIGHT | SEA VIEW | FREE WIFI,350.0,,,,BHD,monthly,,,,,,,,Amwaj Marina,,,26.293058395385742,50.65943908691406,,,,Fadi Eweida,,YES,,,,,https://www.propertyfinder.bh/en/plp/rent/apartment-for-rent-muharraq-governorate-amwaj-islands-amwaj-marina-54970010.html,2026-07-05T21:09:19.331111+00:00,2026-07-20T21:17:02.364062+00:00,15,2026-07-20T21:17:02.364062+00:00
2026-07-21,removed,54970256,,,Apartment,"3BR apartment for rent in Riffa, Bu Kowarah.",180.0,,,,BHD,monthly,,,,,,,,,,,26.1314754486084,50.568843841552734,,,,Yahya Zainal,,NO,,,,,https://www.propertyfinder.bh/en/plp/rent/apartment-for-rent-southern-governorate-riffa-bu-kowarah-54970256.html,2026-07-05T21:09:19.331111+00:00,2026-07-20T21:17:02.364062+00:00,15,2026-07-20T21:17:02.364062+00:00
2026-07-21,removed,54970719,,,Apartment,LOOKING 4 EXCLUSIVE SEA VIEW DUPLEX CALL US NOW,500.0,,,,BHD,monthly,,,,,,,,The Lagoon,,,26.287778854370117,50.66339111328125,,,,Fadi Eweida,,YES,,,,,https://www.propertyfinder.bh/en/plp/rent/apartment-for-rent-muharraq-governorate-amwaj-islands-the-lagoon-54970719.html,2026-07-05T21:09:19.331111+00:00,2026-07-20T21:17:02.364062+00:00,15,2026-07-20T21:17:02.364062+00:00
2026-07-21,removed,54970821,,,Office Space,OFFICE | SEMI FURNISHED | PRIME LOCATION.,700.0,,,,BHD,monthly,,,,,,,,,,,26.239999771118164,50.5369987487793,,,,Jasim Uddin,,PARTLY,,,,,https://www.propertyfinder.bh/en/plp/commercial-rent/office-space-for-rent-capital-governorate-seef-987590.html,2026-07-05T21:09:19.331111+00:00,2026-07-20T21:17:02.364062+00:00,15,2026-07-20T21:17:02.364062+00:00
2026-07-21,removed,54997703,,,Apartment,Cozy&Modern flat for rent/ Janabiyah/Ready to Move,350.0,,,,BHD,monthly,,,,,,,,,,,26.185943603515625,50.46711349487305,,,,Dafina Muca,,YES,,,,,https://www.propertyfinder.bh/en/plp/rent/apartment-for-rent-northern-governorate-janabiya-54997703.html,2026-07-06T21:42:21.442506+00:00,2026-07-20T21:17:02.364062+00:00,13,2026-07-20T21:17:02.364062+00:00
2026-07-21,removed,54998220,,,Apartment,Elegant Fully Furnished 1-Bedroom Apartment,350.0,,,,BHD,monthly,,,,,,,,,,,26.185943603515625,50.46711349487305,,,,Didier Tazoh  33429640,,YES,,,,,https://www.propertyfinder.bh/en/plp/rent/apartment-for-rent-northern-governorate-janabiya-54998220.html,2026-07-06T21:42:21.442506+00:00,2026-07-20T21:17:02.364062+00:00,13,2026-07-20T21:17:02.364062+00:00
2026-07-21,removed,54998242,,,Apartment,Modern Fully Furnished 2-Bedroom Apartment,400.0,,,,BHD,monthly,,,,,,,,,,,26.185943603515625,50.46711349487305,,,,Didier Tazoh  33429640,,YES,,,,,https://www.propertyfinder.bh/en/plp/rent/apartment-for-rent-northern-governorate-janabiya-54998242.html,2026-07-06T21:42:21.442506+00:00,2026-07-20T21:17:02.364062+00:00,13,2026-07-20T21:17:02.364062+00:00
2026-07-21,removed,54999100,,,Apartment,2BHK | LUXURIOUS APARTMENT | PRIME LOCATION.,400.0,,,,BHD,monthly,,,,,,,,,,,26.2103271484375,50.57957458496094,,,,Jasim Uddin,,YES,,,,,https://www.propertyfinder.bh/en/plp/rent/apartment-for-rent-capital-governorate-bu-ashira-969127.html,2026-07-06T21:42:21.442506+00:00,2026-07-20T21:17:02.364062+00:00,13,2026-07-20T21:17:02.364062+00:00
2026-07-21,removed,54999110,,,Apartment,3-BEDROOM FULLY FURNISHED | PRIME LOCATION,520.0,,,,BHD,monthly,,,,,,,,,,,26.211111068725586,50.601112365722656,,,,Jasim Uddin,,YES,,,,,https://www.propertyfinder.bh/en/plp/rent/apartment-for-rent-capital-governorate-al-juffair-952226.html,2026-07-16T13:23:22.641531+00:00,2026-07-20T21:17:02.364062+00:00,4,2026-07-20T21:17:02.364062+00:00
2026-07-21,removed,55026524,,,Apartment,Sea View I Modernly Furnished I Premium Facilities,280.0,,,,BHD,monthly,,,,,,,,,,,26.211111068725586,50.601112365722656,,,,Antony Shaiju,,YES,,,,,https://www.propertyfinder.bh/en/plp/rent/apartment-for-rent-capital-governorate-al-juffair-55026524.html,2026-07-07T21:36:02.082787+00:00,2026-07-20T21:17:02.364062+00:00,12,2026-07-20T21:17:02.364062+00:00
2026-07-21,removed,55026994,,,Apartment,Spacious| Afordable Price| Prime Location | Lift,300.0,,,,BHD,monthly,,,,,,,,,,,26.239999771118164,50.5369987487793,,,,Nayla Tabussam,,YES,,,,,https://www.propertyfinder.bh/en/plp/rent/apartment-for-rent-capital-governorate-seef-55026994.html,2026-07-07T21:36:02.082787+00:00,2026-07-20T21:17:02.364062+00:00,12,2026-07-20T21:17:02.364062+00:00
2026-07-21,removed,55027142,,,Apartment,Spacious| Brand New Apartment| Sea View|High Floor,450.0,,,,BHD,monthly,,,,,,,,,,,26.239999771118164,50.5369987487793,,,,Nayla Tabussam,,YES,,,,,https://www.propertyfinder.bh/en/plp/rent/apartment-for-rent-capital-governorate-seef-55027142.html,2026-07-07T21:36:02.082787+00:00,2026-07-20T21:17:02.364062+00:00,12,2026-07-20T21:17:02.364062+00:00
2026-07-21,removed,55027533,,,Apartment,1BHK | SEMI FURNISHED APARTMENT | UNLIMITED EWA.,200.0,,,,BHD,monthly,,,,,,,,,,,26.188888549804688,50.54999923706055,,,,Jasim Uddin,,PARTLY,,,,,https://www.propertyfinder.bh/en/plp/rent/apartment-for-rent-central-governorate-tubli-55027533.html,2026-07-07T21:36:02.082787+00:00,2026-07-20T21:17:02.364062+00:00,12,2026-07-20T21:17:02.364062+00:00
2026-07-21,removed,55027581,,,Apartment,2 &1/2 BHK |LUXURIOUS APARTMENT | PETS ALLOW.,500.0,,,,BHD,monthly,,,,,,,,,,,26.2102108001709,50.56403350830078,,,,Jasim Uddin,,YES,,,,,https://www.propertyfinder.bh/en/plp/rent/apartment-for-rent-capital-governorate-manama-zinj-55027581.html,2026-07-07T21:36:02.082787+00:00,2026-07-20T21:17:02.364062+00:00,12,2026-07-20T21:17:02.364062+00:00
2026-07-21,removed,55055119,,,Apartment,Beautifull Spacious Studio With Lift/Security/MY,160.0,,,,BHD,monthly,,,,,,,,,,,26.1314754486084,50.568843841552734,,,,Nayla Tabussam,,YES,,,,,https://www.propertyfinder.bh/en/plp/rent/apartment-for-rent-southern-governorate-riffa-bu-kowarah-55055119.html,2026-07-08T21:15:46.223277+00:00,2026-07-20T21:17:02.364062+00:00,12,2026-07-20T21:17:02.364062+00:00
2026-07-21,removed,55055219,,,Apartment,PETS ALLOWED STUDIO WITH BALCONY | POOL | GYM |,260.0,,,,BHD,monthly,,,,,,,,Amwaj Avenue,,,26.29302978515625,50.66474151611328,,,,Fadi Eweida,,YES,,,,,https://www.propertyfinder.bh/en/plp/rent/apartment-for-rent-muharraq-governorate-amwaj-islands-amwaj-avenue-55055219.html,2026-07-08T21:15:46.223277+00:00,2026-07-20T21:17:02.364062+00:00,12,2026-07-20T21:17:02.364062+00:00
2026-07-21,removed,55055651,,,Apartment,"BEAUTYFULL, LUXURY,3BHK WITH SWIMMING POOL/MY",300.0,,,,BHD,monthly,,,,,,,,,,,26.1314754486084,50.568843841552734,,,,Nayla Tabussam,,YES,,,,,https://www.propertyfinder.bh/en/plp/rent/apartment-for-rent-southern-governorate-riffa-bu-kowarah-55055651.html,2026-07-08T21:15:46.223277+00:00,2026-07-20T21:17:02.364062+00:00,12,2026-07-20T21:17:02.364062+00:00
2026-07-21,removed,55055876,,,Apartment,HOT OFFER | BRIGHT |LAST UNIT |PETS OK | FREE WIFI,300.0,,,,BHD,monthly,,,,,,,,Amwaj Avenue,,,26.29302978515625,50.66474151611328,,,,Fadi Eweida,,YES,,,,,https://www.propertyfinder.bh/en/plp/rent/apartment-for-rent-muharraq-governorate-amwaj-islands-amwaj-avenue-55055876.html,2026-07-08T21:15:46.223277+00:00,2026-07-20T21:17:02.364062+00:00,12,2026-07-20T21:17:02.364062+00:00
2026-07-21,removed,55056151,,,Apartment,DIRECT BEACH ACCESS | HIGHFLOOR | CITY VIEW | COZY,500.0,,,,BHD,monthly,,,,,,,,Diyar Al Muharraq,,,26.303447723388672,50.6461296081543,,,,Wilfred Pagalan,,YES,,,,,https://www.propertyfinder.bh/en/plp/rent/apartment-for-rent-muharraq-governorate-diyar-al-muharraq-marassi-al-bahrain-55056151.html,2026-07-08T21:15:46.223277+00:00,2026-07-20T21:17:02.364062+00:00,12,2026-07-20T21:17:02.364062+00:00
2026-07-21,removed,55056329,,,Apartment,Luxurious Fully Furnished 2-Bedroom Apartment,480.0,,,,BHD,monthly,,,,,,,,,,,26.185943603515625,50.46711349487305,,,,Didier Tazoh  33429640,,YES,,,,,https://www.propertyfinder.bh/en/plp/rent/apartment-for-rent-northern-governorate-janabiya-55056329.html,2026-07-08T21:15:46.223277+00:00,2026-07-20T21:17:02.364062+00:00,12,2026-07-20T21:17:02.364062+00:00
2026-07-21,removed,55056354,,,Apartment,Stylish Fully Furnished 2-Bedroom Apartment,375.0,,,,BHD,monthly,,,,,,,,,,,26.185943603515625,50.46711349487305,,,,Didier Tazoh  33429640,,YES,,,,,https://www.propertyfinder.bh/en/plp/rent/apartment-for-rent-northern-governorate-janabiya-55056354.html,2026-07-08T21:15:46.223277+00:00,2026-07-20T21:17:02.364062+00:00,12,2026-07-20T21:17:02.364062+00:00
2026-07-21,removed,55056379,,,Apartment,Premium Fully Furnished 2-Bedroom Apartment,400.0,,,,BHD,monthly,,,,,,,,,,,26.185943603515625,50.46711349487305,,,,Didier Tazoh  33429640,,YES,,,,,https://www.propertyfinder.bh/en/plp/rent/apartment-for-rent-northern-governorate-janabiya-55056379.html,2026-07-08T21:15:46.223277+00:00,2026-07-20T21:17:02.364062+00:00,12,2026-07-20T21:17:02.364062+00:00
2026-07-21,removed,55056389,,,Apartment,Spacious Fully Furnished 3-Bedroom Apartment,450.0,,,,BHD,monthly,,,,,,,,,,,26.19164276123047,50.48757553100586,,,,Didier Tazoh  33429640,,YES,,,,,https://www.propertyfinder.bh/en/plp/rent/apartment-for-rent-northern-governorate-saar-55056389.html,2026-07-08T21:15:46.223277+00:00,2026-07-20T21:17:02.364062+00:00,12,2026-07-20T21:17:02.364062+00:00
2026-07-21,removed,55056521,,,Apartment,Luxury Fully Furnished 2-Bedroom Apartment,650.0,,,,BHD,monthly,,,,,,,,,,,26.19164276123047,50.48757553100586,,,,Didier Tazoh  33429640,,YES,,,,,https://www.propertyfinder.bh/en/plp/rent/apartment-for-rent-northern-governorate-saar-55056521.html,2026-07-08T21:15:46.223277+00:00,2026-07-20T21:17:02.364062+00:00,12,2026-07-20T21:17:02.364062+00:00
2026-07-21,removed,55084079,,,Apartment,NEW | HOT OFFER | SEA VIEW  | BRIGHT SPACIOUS,399.0,,,,BHD,monthly,,,,,,,,Amwaj Avenue,,,26.29302978515625,50.66474151611328,,,,Fadi Eweida,,YES,,,,,https://www.propertyfinder.bh/en/plp/rent/apartment-for-rent-muharraq-governorate-amwaj-islands-amwaj-avenue-55084079.html,2026-07-09T21:28:23.078681+00:00,2026-07-20T21:17:02.364062+00:00,10,2026-07-20T21:17:02.364062+00:00
2026-07-21,removed,55084080,,,Penthouse,SPACIOUS | SEA VIEW | DIRECT BEACH ACCESS | GYM,1200.0,,,,BHD,monthly,,,,,,,,Tala Island,,,26.300025939941406,50.66316223144531,,,,Fadi Eweida,,PARTLY,,,,,https://www.propertyfinder.bh/en/plp/rent/penthouse-for-rent-muharraq-governorate-amwaj-islands-tala-island-55084080.html,2026-07-09T21:28:23.078681+00:00,2026-07-20T21:17:02.364062+00:00,10,2026-07-20T21:17:02.364062+00:00
2026-07-21,removed,55084081,,,Apartment,GREAT PRICE | HOUSEKEEPING | PET FRIENDLY | WIFI,350.0,,,,BHD,monthly,,,,,,,,The Lagoon,,,26.287778854370117,50.66339111328125,,,,Fadi Eweida,,YES,,,,,https://www.propertyfinder.bh/en/plp/rent/apartment-for-rent-muharraq-governorate-amwaj-islands-the-lagoon-55084081.html,2026-07-09T21:28:23.078681+00:00,2026-07-20T21:17:02.364062+00:00,10,2026-07-20T21:17:02.364062+00:00
2026-07-21,removed,55085086,,,Villa,PRIVATE BEACH & LAWN | BRIGHT SPACIOUS VILLA,1350.0,,,,BHD,monthly,,,,,,,,Amwaj Beachfront,,,26.28470230102539,50.664039611816406,,,,Fadi Eweida,,PARTLY,,,,,https://www.propertyfinder.bh/en/plp/rent/villa-for-rent-muharraq-governorate-amwaj-islands-amwaj-beachfront-55085086.html,2026-07-09T21:28:23.078681+00:00,2026-07-20T21:17:02.364062+00:00,10,2026-07-20T21:17:02.364062+00:00
2026-07-21,removed,55085611,,,Villa,Family Villa | Huge Garden | Pet-Friendly | Saar,900.0,,,,BHD,monthly,,,,,,,,,,,26.19164276123047,50.48757553100586,,,,Elzara  Lukpanova,,PARTLY,,,,,https://www.propertyfinder.bh/en/plp/rent/villa-for-rent-northern-governorate-saar-55085611.html,2026-07-09T21:28:23.078681+00:00,2026-07-20T21:17:02.364062+00:00,10,2026-07-20T21:17:02.364062+00:00
2026-07-21,removed,55085740,,,Villa,Fully Renovated | Family and Pet-Friendly,1000.0,,,,BHD,monthly,,,,,,,,,,,26.19164276123047,50.48757553100586,,,,Elzara  Lukpanova,,PARTLY,,,,,https://www.propertyfinder.bh/en/plp/rent/villa-for-rent-northern-governorate-saar-55085740.html,2026-07-09T21:28:23.078681+00:00,2026-07-20T21:17:02.364062+00:00,10,2026-07-20T21:17:02.364062+00:00
2026-07-21,removed,55085747,,,Villa,Family Compound | Pets Friendly | Saar,1000.0,,,,BHD,monthly,,,,,,,,,,,26.19164276123047,50.48757553100586,,,,Elzara  Lukpanova,,PARTLY,,,,,https://www.propertyfinder.bh/en/plp/rent/villa-for-rent-northern-governorate-saar-55085747.html,2026-07-09T21:28:23.078681+00:00,2026-07-20T21:17:02.364062+00:00,10,2026-07-20T21:17:02.364062+00:00
2026-07-21,removed,55085857,,,Villa,Villas with Private Pool | Resort-Style Living,1500.0,,,,BHD,monthly,,,,,,,,,,,26.19164276123047,50.48757553100586,,,,Elzara  Lukpanova,,YES,,,,,https://www.propertyfinder.bh/en/plp/rent/villa-for-rent-northern-governorate-saar-55085857.html,2026-07-09T21:28:23.078681+00:00,2026-07-20T21:17:02.364062+00:00,10,2026-07-20T21:17:02.364062+00:00
2026-07-21,removed,55113325,,,Apartment,Luxury flat / Spacious / Swimming pool / Gym / 3BR,460.0,,,,BHD,monthly,,,,,,,,,,,26.2102108001709,50.56403350830078,,,,Arshad Thasim,,YES,,,,,https://www.propertyfinder.bh/en/plp/rent/apartment-for-rent-capital-governorate-manama-zinj-55113325.html,2026-07-10T21:12:15.222994+00:00,2026-07-20T21:17:02.364062+00:00,10,2026-07-20T21:17:02.364062+00:00
2026-07-21,removed,55113543,,,Apartment,SEA VIEW | BALCONY | JACUZZI | STEAM | SAUNA WIFI,580.0,,,,BHD,monthly,,,,,,,,Amwaj Avenue,,,26.29302978515625,50.66474151611328,,,,Fadi Eweida,,YES,,,,,https://www.propertyfinder.bh/en/plp/rent/apartment-for-rent-muharraq-governorate-amwaj-islands-amwaj-avenue-55113543.html,2026-07-10T21:12:15.222994+00:00,2026-07-20T21:17:02.364062+00:00,10,2026-07-20T21:17:02.364062+00:00
2026-07-21,removed,55141731,,,Villa,Luxury / Private Pool & Garden / Pets Friendly,1500.0,,,,BHD,monthly,,,,,,,,,,,26.19164276123047,50.48757553100586,,,,Elzara  Lukpanova,,PARTLY,,,,,https://www.propertyfinder.bh/en/plp/rent/villa-for-rent-northern-governorate-saar-55141731.html,2026-07-11T20:58:11.932263+00:00,2026-07-20T21:17:02.364062+00:00,9,2026-07-20T21:17:02.364062+00:00
2026-07-21,removed,55141764,,,Villa,Luxurious 3BR Villa | Elevator | Pet Friendly,1600.0,,,,BHD,monthly,,,,,,,,,,,26.185943603515625,50.46711349487305,,,,Elzara  Lukpanova,,YES,,,,,https://www.propertyfinder.bh/en/plp/rent/villa-for-rent-northern-governorate-janabiya-55141764.html,2026-07-11T20:58:11.932263+00:00,2026-07-20T21:17:02.364062+00:00,9,2026-07-20T21:17:02.364062+00:00
2026-07-21,removed,55141875,,,Villa,Luxurious Fully Furnished 4-Bedroom Villa for Rent,1100.0,,,,BHD,monthly,,,,,,,,,,,26.19164276123047,50.48757553100586,,,,Didier Tazoh  33429640,,YES,,,,,https://www.propertyfinder.bh/en/plp/rent/villa-for-rent-northern-governorate-saar-55141875.html,2026-07-11T20:58:11.932263+00:00,2026-07-20T21:17:02.364062+00:00,9,2026-07-20T21:17:02.364062+00:00
2026-07-21,removed,55141955,,,Apartment,HOT DEAL | MODERN | SPACIOUS | GYM | POOL | SAUNA,300.0,,,,BHD,monthly,,,,,,,,The Treasure,,,26.27286720275879,50.672889709472656,,,,Fadi Eweida,,YES,,,,,https://www.propertyfinder.bh/en/plp/rent/apartment-for-rent-muharraq-governorate-dilmunia-island-the-treasure-55141955.html,2026-07-11T20:58:11.932263+00:00,2026-07-20T21:17:02.364062+00:00,9,2026-07-20T21:17:02.364062+00:00
2026-07-21,removed,55141960,,,Villa,Elegant Fully Furnished 4-Bedroom Villa for Rent,1000.0,,,,BHD,monthly,,,,,,,,,,,26.19164276123047,50.48757553100586,,,,Didier Tazoh  33429640,,YES,,,,,https://www.propertyfinder.bh/en/plp/rent/villa-for-rent-northern-governorate-saar-55141960.html,2026-07-11T20:58:11.932263+00:00,2026-07-20T21:17:02.364062+00:00,9,2026-07-20T21:17:02.364062+00:00
2026-07-21,removed,55144029,,,Villa,Ensuite Villa | Beautiful Garden | Pets friendly,1200.0,,,,BHD,monthly,,,,,,,,,,,26.166685104370117,50.45078659057617,,,,Elzara  Lukpanova,,PARTLY,,,,,https://www.propertyfinder.bh/en/plp/rent/villa-for-rent-northern-governorate-al-jasra-55144029.html,2026-07-12T20:58:01.791743+00:00,2026-07-20T21:17:02.364062+00:00,8,2026-07-20T21:17:02.364062+00:00
2026-07-21,removed,55170315,,,Villa,Luxury / Al Jasra / Pets friendly / Green Garden,1500.0,,,,BHD,monthly,,,,,,,,,,,26.166685104370117,50.45078659057617,,,,Elzara  Lukpanova,,PARTLY,,,,,https://www.propertyfinder.bh/en/plp/rent/villa-for-rent-northern-governorate-al-jasra-55170315.html,2026-07-12T20:58:01.791743+00:00,2026-07-20T21:17:02.364062+00:00,8,2026-07-20T21:17:02.364062+00:00
2026-07-21,removed,55170316,,,Villa,Beautiful Garden | Premium Comp. | Pets Friendly,1500.0,,,,BHD,monthly,,,,,,,,,,,26.166685104370117,50.45078659057617,,,,Elzara  Lukpanova,,PARTLY,,,,,https://www.propertyfinder.bh/en/plp/rent/villa-for-rent-northern-governorate-al-jasra-55170316.html,2026-07-12T20:58:01.791743+00:00,2026-07-20T21:17:02.364062+00:00,8,2026-07-20T21:17:02.364062+00:00
2026-07-21,removed,55170469,,,Apartment,Bright 2BR Apartment | Amenities | Balcony,56000.0,,,,BHD,sell,,,,,,,,Amwaj Avenue,,,26.29302978515625,50.66474151611328,,,,SANAL KAKKAT,,YES,completed_primary,,,,https://www.propertyfinder.bh/en/plp/buy/apartment-for-sale-muharraq-governorate-amwaj-islands-amwaj-avenue-55170469.html,2026-07-12T20:58:01.791743+00:00,2026-07-20T21:17:02.364062+00:00,8,2026-07-20T21:17:02.364062+00:00
2026-07-21,removed,55198870,,,Villa,EWA 200 BD Cap Limit / Private Pool / Hamala,1200.0,,,,BHD,monthly,,,,,,,,,,,26.140336990356445,50.478271484375,,,,Elzara  Lukpanova,,PARTLY,,,,,https://www.propertyfinder.bh/en/plp/rent/villa-for-rent-northern-governorate-hamala-55198870.html,2026-07-13T21:03:18.261017+00:00,2026-07-20T21:17:02.364062+00:00,7,2026-07-20T21:17:02.364062+00:00
2026-07-21,removed,55198871,,,Villa,Ensuite Villa | Beautiful Garden | Pets friendly,900.0,,,,BHD,monthly,,,,,,,,,,,26.140336990356445,50.478271484375,,,,Elzara  Lukpanova,,PARTLY,,,,,https://www.propertyfinder.bh/en/plp/rent/villa-for-rent-northern-governorate-hamala-55198871.html,2026-07-13T21:03:18.261017+00:00,2026-07-20T21:17:02.364062+00:00,7,2026-07-20T21:17:02.364062+00:00
2026-07-21,removed,55198875,,,Villa,Ultra Luxury/ Private Pool/ Steam/ Pets friendl,2200.0,,,,BHD,monthly,,,,,,,,,,,26.166685104370117,50.45078659057617,,,,Elzara  Lukpanova,,PARTLY,,,,,https://www.propertyfinder.bh/en/plp/rent/villa-for-rent-northern-governorate-al-jasra-55198875.html,2026-07-13T21:03:18.261017+00:00,2026-07-20T21:17:02.364062+00:00,7,2026-07-20T21:17:02.364062+00:00
2026-07-21,removed,55198877,,,Villa,Spacious | Private Garden | Pets Friendly,1200.0,,,,BHD,monthly,,,,,,,,,,,26.166685104370117,50.45078659057617,,,,Elzara  Lukpanova,,PARTLY,,,,,https://www.propertyfinder.bh/en/plp/rent/villa-for-rent-northern-governorate-al-jasra-55198877.html,2026-07-13T21:03:18.261017+00:00,2026-07-20T21:17:02.364062+00:00,7,2026-07-20T21:17:02.364062+00:00
2026-07-21,removed,55198881,,,Villa,Spacious 3BR | Pool & Gym | Pets Friendly,550.0,,,,BHD,monthly,,,,,,,,,,,26.166685104370117,50.45078659057617,,,,Elzara  Lukpanova,,PARTLY,,,,,https://www.propertyfinder.bh/en/plp/rent/villa-for-rent-northern-governorate-al-jasra-55198881.html,2026-07-13T21:03:18.261017+00:00,2026-07-20T21:17:02.364062+00:00,7,2026-07-20T21:17:02.364062+00:00
2026-07-21,removed,55199084,,,Apartment,MODERN┃ 3 BALCONYS┃ CPR┃ BRIGHT┃ HS KEEPING┃SAFE,350.0,,,,BHD,monthly,,,,,,,,,,,26.211111068725586,50.601112365722656,,,,Sahebaz Makki,,YES,,,,,https://www.propertyfinder.bh/en/plp/rent/apartment-for-rent-capital-governorate-al-juffair-55199084.html,2026-07-13T21:03:18.261017+00:00,2026-07-20T21:17:02.364062+00:00,7,2026-07-20T21:17:02.364062+00:00
2026-07-21,removed,55199134,,,Apartment,MODERN┃CLOSE KITCHEN┃BALCONY┃UNLIMITED EWA┃SAFE,500.0,,,,BHD,monthly,,,,,,,,,,,26.211111068725586,50.601112365722656,,,,Sahebaz Makki,,YES,,,,,https://www.propertyfinder.bh/en/plp/rent/apartment-for-rent-capital-governorate-al-juffair-55199134.html,2026-07-13T21:03:18.261017+00:00,2026-07-20T21:17:02.364062+00:00,7,2026-07-20T21:17:02.364062+00:00
2026-07-21,removed,55199793,,,Apartment,MODERN FURNISHED 2BR | PRIME SAAR LOCATION,400.0,,,,BHD,monthly,,,,,,,,,,,26.19164276123047,50.48757553100586,,,,Property Locators 2,,YES,,,,,https://www.propertyfinder.bh/en/plp/rent/apartment-for-rent-northern-governorate-saar-55199793.html,2026-07-13T21:03:18.261017+00:00,2026-07-20T21:17:02.364062+00:00,7,2026-07-20T21:17:02.364062+00:00
2026-07-21,removed,55200298,,,Apartment,ELEGANT SPACE | MODERN COMFORT | WATER VISTA,330.0,,,,BHD,monthly,,,,,,,,Bahrain Financial Harbour,,,26.23778533935547,50.57342529296875,,,,Farhan Tariq,,YES,,,,,https://www.propertyfinder.bh/en/plp/rent/apartment-for-rent-capital-governorate-manama-bahrain-financial-harbour-55200298.html,2026-07-13T21:03:18.261017+00:00,2026-07-20T21:17:02.364062+00:00,7,2026-07-20T21:17:02.364062+00:00
2026-07-21,removed,55200346,,,Apartment,Stunning Views/Wrap Around Terrace/Beach/Mall,1000.0,,,,BHD,monthly,,,,,,,,Diyar Al Muharraq,Marassi Shores Residences,,26.303447723388672,50.6461296081543,,,,Anastasia Ageeva,,YES,,,,,https://www.propertyfinder.bh/en/plp/rent/apartment-for-rent-muharraq-governorate-diyar-al-muharraq-marassi-shores-residences-55200346.html,2026-07-13T21:03:18.261017+00:00,2026-07-20T21:17:02.364062+00:00,7,2026-07-20T21:17:02.364062+00:00
2026-07-21,removed,55200466,,,Villa,Family & Pet-Friendly 4BR Villa | Prime Janabiya,700.0,,,,BHD,monthly,,,,,,,,,,,26.185943603515625,50.46711349487305,,,,Elzara  Lukpanova,,PARTLY,,,,,https://www.propertyfinder.bh/en/plp/rent/villa-for-rent-northern-governorate-janabiya-55200466.html,2026-07-13T21:03:18.261017+00:00,2026-07-20T21:17:02.364062+00:00,7,2026-07-20T21:17:02.364062+00:00
2026-07-21,removed,55227526,,,Apartment,MODERN┃SPACIOUS┃3BATHS┃HS.KEEPING┃BALCONY┃BIGSTORE,470.0,,,,BHD,monthly,,,,,,,,,,,26.21693992614746,50.57733154296875,,,,Sahebaz Makki,,YES,,,,,https://www.propertyfinder.bh/en/plp/rent/apartment-for-rent-capital-governorate-manama-segaya-55227526.html,2026-07-16T13:23:22.641531+00:00,2026-07-20T21:17:02.364062+00:00,4,2026-07-20T21:17:02.364062+00:00
2026-07-21,removed,55227830,,,Apartment,DISCOUNTED PRICE | WELL MAINTAINED | SEA VIEW,480.0,,,,BHD,monthly,,,,,,,,,,,26.239999771118164,50.5369987487793,,,,Preeti Paudel,,YES,,,,,https://www.propertyfinder.bh/en/plp/rent/apartment-for-rent-capital-governorate-seef-55227830.html,2026-07-16T13:23:22.641531+00:00,2026-07-20T21:17:02.364062+00:00,4,2026-07-20T21:17:02.364062+00:00
2026-07-21,removed,55228639,,,Apartment,LARGE | INCLUSIVE | QUIET AREA,400.0,,,,BHD,monthly,,,,,,,,,,,26.27199935913086,50.60900115966797,,,,Al Lagoon Real Estate ,,NO,,,,,https://www.propertyfinder.bh/en/plp/rent/apartment-for-rent-muharraq-governorate-busaiteen-55228639.html,2026-07-16T13:23:22.641531+00:00,2026-07-20T21:17:02.364062+00:00,4,2026-07-20T21:17:02.364062+00:00
2026-07-21,removed,55257169,,,Villa,Private Heated Pool / Spacious / Pets friendly,1500.0,,,,BHD,monthly,,,,,,,,,,,26.166685104370117,50.45078659057617,,,,Elzara  Lukpanova,,PARTLY,,,,,https://www.propertyfinder.bh/en/plp/rent/villa-for-rent-northern-governorate-al-jasra-55257169.html,2026-07-16T13:23:22.641531+00:00,2026-07-20T21:17:02.364062+00:00,4,2026-07-20T21:17:02.364062+00:00
2026-07-21,removed,55257214,,,Villa,Luxury / Single-Storey Villa with Private Pool,1350.0,,,,BHD,monthly,,,,,,,,,,,26.140336990356445,50.478271484375,,,,Elzara  Lukpanova,,PARTLY,,,,,https://www.propertyfinder.bh/en/plp/rent/villa-for-rent-northern-governorate-hamala-55257214.html,2026-07-16T13:23:22.641531+00:00,2026-07-20T21:17:02.364062+00:00,4,2026-07-20T21:17:02.364062+00:00
2026-07-21,removed,55257220,,,Villa,Luxury / Private Pool / Pet-friendly,1700.0,,,,BHD,monthly,,,,,,,,,,,26.140336990356445,50.478271484375,,,,Elzara  Lukpanova,,PARTLY,,,,,https://www.propertyfinder.bh/en/plp/rent/villa-for-rent-northern-governorate-hamala-55257220.html,2026-07-16T13:23:22.641531+00:00,2026-07-20T21:17:02.364062+00:00,4,2026-07-20T21:17:02.364062+00:00
2026-07-21,removed,55257580,,,Villa,Green Family Compound / Pet-friendly / Luxury,1170.0,,,,BHD,monthly,,,,,,,,,,,26.140336990356445,50.478271484375,,,,Elzara  Lukpanova,,PARTLY,,,,,https://www.propertyfinder.bh/en/plp/rent/villa-for-rent-northern-governorate-hamala-55257580.html,2026-07-16T13:23:22.641531+00:00,2026-07-20T21:17:02.364062+00:00,4,2026-07-20T21:17:02.364062+00:00
2026-07-21,removed,55257582,,,Villa,Pet-friendly / Premium Compoun / Green Garden,1550.0,,,,BHD,monthly,,,,,,,,,,,26.185943603515625,50.46711349487305,,,,Elzara  Lukpanova,,YES,,,,,https://www.propertyfinder.bh/en/plp/rent/villa-for-rent-northern-governorate-janabiya-55257582.html,2026-07-16T13:23:22.641531+00:00,2026-07-20T21:17:02.364062+00:00,4,2026-07-20T21:17:02.364062+00:00
2026-07-21,removed,55283967,,,Villa,FAMILY COMPOUND | LUSH PRIVATE GARDEN | 4BHK,800.0,,,,BHD,monthly,,,,,,,,,,,26.185943603515625,50.46711349487305,,,,Irina Matvievici,,PARTLY,,,,,https://www.propertyfinder.bh/en/plp/rent/villa-for-rent-northern-governorate-janabiya-55283967.html,2026-07-16T13:23:22.641531+00:00,2026-07-20T21:17:02.364062+00:00,4,2026-07-20T21:17:02.364062+00:00
2026-07-21,removed,55283985,,,Apartment,Luxurious | Quiet area | Services available,240.0,,,,BHD,monthly,,,,,,,,,,,26.19164276123047,50.48757553100586,,,,Al Lagoon Real Estate ,,PARTLY,,,,,https://www.propertyfinder.bh/en/plp/rent/apartment-for-rent-northern-governorate-saar-55283985.html,2026-07-16T13:23:22.641531+00:00,2026-07-20T21:17:02.364062+00:00,4,2026-07-20T21:17:02.364062+00:00
2026-07-21,removed,55284231,,,Villa,CHARMING 3BHK | EXCELLENT FACILITIES | GOOD PRICE,700.0,,,,BHD,monthly,,,,,,,,,,,26.185943603515625,50.46711349487305,,,,Irina Matvievici,,PARTLY,,,,,https://www.propertyfinder.bh/en/plp/rent/villa-for-rent-northern-governorate-janabiya-55284231.html,2026-07-16T21:09:41.077970+00:00,2026-07-20T21:17:02.364062+00:00,4,2026-07-20T21:17:02.364062+00:00
2026-07-21,removed,55338434,,,Apartment,DIRECT BEACH ACCESS | HIGHFLOOR | PARTIAL SEA VIEW,550.0,,,,BHD,monthly,,,,,,,,Diyar Al Muharraq,,,26.303447723388672,50.6461296081543,,,,Wilfred Pagalan,,YES,,,,,https://www.propertyfinder.bh/en/plp/rent/apartment-for-rent-muharraq-governorate-diyar-al-muharraq-marassi-al-bahrain-55338434.html,2026-07-18T20:57:18.053218+00:00,2026-07-20T21:17:02.364062+00:00,2,2026-07-20T21:17:02.364062+00:00
2026-07-21,removed,55367725,,,Apartment,Luxury Studio Apartment / Inclusive / Lift / MY,210.0,,,,BHD,monthly,,,,,,,,Alhajiyat,,,26.128984451293945,50.58171463012695,,,,Nayla Tabussam,,YES,,,,,https://www.propertyfinder.bh/en/plp/rent/apartment-for-rent-southern-governorate-riffa-alhajiyat-55367725.html,2026-07-19T20:58:26.466026+00:00,2026-07-20T21:17:02.364062+00:00,1,2026-07-20T21:17:02.364062+00:00
2026-07-21,removed,55367833,,,Apartment,2 bedroom spacious Flat in seef,300.0,,,,BHD,monthly,,,,,,,,,,,26.239999771118164,50.5369987487793,,,,RAJESH  SHIBU,,PARTLY,,,,,https://www.propertyfinder.bh/en/plp/rent/apartment-for-rent-capital-governorate-seef-55367833.html,2026-07-19T20:58:26.466026+00:00,2026-07-20T21:17:02.364062+00:00,1,2026-07-20T21:17:02.364062+00:00
2026-07-21,removed,55368409,,,Apartment,Studio apartment with EWA|Prime Location,150.0,,,,BHD,monthly,,,,,,,,,,,26.188888549804688,50.54999923706055,,,,Nayla Tabussam,,YES,,,,,https://www.propertyfinder.bh/en/plp/rent/apartment-for-rent-central-governorate-tubli-55368409.html,2026-07-19T20:58:26.466026+00:00,2026-07-20T21:17:02.364062+00:00,1,2026-07-20T21:17:02.364062+00:00
2026-07-21,removed,55368623,,,Apartment,Budget Friendly 3 BHK with Close Kitchen / MY,200.0,,,,BHD,monthly,,,,,,,,,,,26.1314754486084,50.568843841552734,,,,Nayla Tabussam,,NO,,,,,https://www.propertyfinder.bh/en/plp/rent/apartment-for-rent-southern-governorate-riffa-bu-kowarah-55368623.html,2026-07-19T20:58:26.466026+00:00,2026-07-20T21:17:02.364062+00:00,1,2026-07-20T21:17:02.364062+00:00
2026-07-21,removed,55395690,,,Villa,Private pool | 3 stories | near Lulu,120000.0,,,,BHD,sell,,,,,,,,,,,26.21263313293457,50.67418670654297,,,,AHMED ALI ,,YES,completed,,,,https://www.propertyfinder.bh/en/plp/buy/villa-for-sale-muharraq-governorate-hidd-55395690.html,2026-07-20T21:17:02.364062+00:00,2026-07-20T21:17:02.364062+00:00,0,2026-07-20T21:17:02.364062+00:00
2026-07-21,removed,55395693,,,Apartment,Furnished 2 master BR | Balcony | Closed kitchen,350.0,,,,BHD,monthly,,,,,,,,,,,26.21263313293457,50.67418670654297,,,,AHMED ALI ,,YES,,,,,https://www.propertyfinder.bh/en/plp/rent/apartment-for-rent-muharraq-governorate-hidd-55395693.html,2026-07-20T21:17:02.364062+00:00,2026-07-20T21:17:02.364062+00:00,0,2026-07-20T21:17:02.364062+00:00
2026-07-21,removed,55396107,,,Land,Prime | Residential | RB | Buri,62990.0,,,,BHD,sell,,,,,,,,,,,26.14974594116211,50.50010299682617,,,,Sadeq Habib,,,,,,,https://www.propertyfinder.bh/en/plp/buy/land-for-sale-northern-governorate-buri-55396107.html,2026-07-20T21:17:02.364062+00:00,2026-07-20T21:17:02.364062+00:00,0,2026-07-20T21:17:02.364062+00:00
2026-07-21,removed,55396152,,,Apartment,Deluxe 3-Bedrooms | Sea View | Super Spacious.,250000.0,,,,BHD,sell,,,,,,,,Bahrain Financial Harbour,,,26.23778533935547,50.57342529296875,,,,Ahmad Hassan,,YES,completed,,,,https://www.propertyfinder.bh/en/plp/buy/apartment-for-sale-capital-governorate-manama-bahrain-financial-harbour-55396152.html,2026-07-20T21:17:02.364062+00:00,2026-07-20T21:17:02.364062+00:00,0,2026-07-20T21:17:02.364062+00:00
2026-07-21,removed,55396946,,,Apartment,AFFORDABLE SPACIOUS 2BHK | BALCONY | ST CHRIS,280.0,,,,BHD,monthly,,,,,,,,,,,26.19164276123047,50.48757553100586,,,,Irina Matvievici,,YES,,,,,https://www.propertyfinder.bh/en/plp/rent/apartment-for-rent-northern-governorate-saar-55396946.html,2026-07-20T21:17:02.364062+00:00,2026-07-20T21:17:02.364062+00:00,0,2026-07-20T21:17:02.364062+00:00
2026-07-21,removed,785527,,,Apartment,Unlimited EWA I Free Wifi | Stylish,260.0,,,,BHD,monthly,,,,,,,,,,,26.218677520751953,50.59382247924805,,,,Mona Ashkanani,,YES,,,,,https://www.propertyfinder.bh/en/plp/rent/apartment-for-rent-capital-governorate-manama-gudaibiya-785527.html,2026-06-14T20:36:23.817039+00:00,2026-07-20T21:17:02.364062+00:00,36,2026-07-20T21:17:02.364062+00:00
2026-07-21,removed,916362,,,Apartment,Modern Maids Room Sea View + Balcony,68000.0,,,,BHD,sell,,,,,,,,,,,26.211111068725586,50.601112365722656,,,,Maher Alimadi,,YES,completed,,,,https://www.propertyfinder.bh/en/plp/buy/apartment-for-sale-capital-governorate-al-juffair-916362.html,2026-05-31T13:58:31.068517+00:00,2026-07-20T21:17:02.364062+00:00,50,2026-07-20T21:17:02.364062+00:00
2026-07-21,removed,939583,,,Land,Spacious Land for Sale in Prime Location Janabiyah,470292.0,,,,BHD,sell,,,,,,,,,,,26.185943603515625,50.46711349487305,,,,Ali Almalek,,,,,,,https://www.propertyfinder.bh/en/plp/buy/land-for-sale-northern-governorate-janabiya-939583.html,2026-05-31T13:58:31.068517+00:00,2026-07-20T21:17:02.364062+00:00,50,2026-07-20T21:17:02.364062+00:00
2026-07-21,removed,962414,,,Whole Building,24 ROOMS OF LABOUR ACCOMADATION IN TUBLI,3000.0,,,,BHD,monthly,,,,,,,,,,,26.188888549804688,50.54999923706055,,,,Deewania estate agency,,NO,,,,,https://www.propertyfinder.bh/en/plp/rent/whole-building-for-rent-central-governorate-tubli-962414.html,2026-05-31T13:58:31.068517+00:00,2026-07-20T21:17:02.364062+00:00,50,2026-07-20T21:17:02.364062+00:00
2026-07-21,removed,962420,,,Whole Building,20 ROOMS OF LABOUR ACOOMADATION IN ASKAR FOR RENT,2500.0,,,,BHD,monthly,,,,,,,,,,,26.05678367614746,50.61648178100586,,,,Deewania estate agency,,PARTLY,,,,,https://www.propertyfinder.bh/en/plp/rent/whole-building-for-rent-southern-governorate-askar-962420.html,2026-05-31T13:58:31.068517+00:00,2026-07-20T21:17:02.364062+00:00,50,2026-07-20T21:17:02.364062+00:00
2026-07-21,removed,963234,,,Apartment,2BHK  | FURNISHED APARTMENT |  PRIME LOCATION,360.0,,,,BHD,monthly,,,,,,,,,,,26.2103271484375,50.57957458496094,,,,Jasim Uddin,,YES,,,,,https://www.propertyfinder.bh/en/plp/rent/apartment-for-rent-capital-governorate-bu-ashira-963234.html,2026-05-31T13:58:31.068517+00:00,2026-07-20T21:17:02.364062+00:00,50,2026-07-20T21:17:02.364062+00:00
2026-07-21,removed,965578,,,Apartment,Bargain Luxury 2-Bedroom Apartment in Bahrain Bay,110000.0,,,,BHD,sell,,,,,,,,,,,26.249584197998047,50.580360412597656,,,,Amina Moosa,,YES,completed,,,,https://www.propertyfinder.bh/en/plp/buy/apartment-for-sale-capital-governorate-bahrain-bay-965578.html,2026-05-31T13:58:31.068517+00:00,2026-07-20T21:17:02.364062+00:00,50,2026-07-20T21:17:02.364062+00:00
2026-07-21,removed,965591,,,Apartment,Bargain 4 bedrooms penthouse for sale in dilmunia,269000.0,,,,BHD,sell,,,,,,,,,,,26.27286720275879,50.672889709472656,,,,Amina Moosa,,PARTLY,completed,,,,https://www.propertyfinder.bh/en/plp/buy/apartment-for-sale-muharraq-governorate-dilmunia-island-965591.html,2026-05-31T14:33:55.753010+00:00,2026-07-20T21:17:02.364062+00:00,50,2026-07-20T21:17:02.364062+00:00
2026-07-21,removed,965868,,,Show Room,COMMERCIAL SHOWROOM | MAIN ROAD FACING | TUBLI |,1000.0,,,,BHD,monthly,,,,,,,,,,,26.188888549804688,50.54999923706055,,,,Shaji Pathrose,,YES,,,,,https://www.propertyfinder.bh/en/plp/commercial-rent/show-room-for-rent-central-governorate-tubli-965868.html,2026-05-31T13:58:31.068517+00:00,2026-07-20T21:17:02.364062+00:00,50,2026-07-20T21:17:02.364062+00:00
2026-07-21,removed,972457,,,Villa,Superb Bright 3bed Furnished villa in small comp,1500.0,,,,BHD,monthly,,,,,,,,,,,26.213165283203125,50.447471618652344,,,,Jasmine Dhakan,,YES,,,,,https://www.propertyfinder.bh/en/plp/rent/villa-for-rent-northern-governorate-budaiya-972457.html,2026-05-31T13:58:31.068517+00:00,2026-07-20T21:17:02.364062+00:00,50,2026-07-20T21:17:02.364062+00:00
2026-07-21,removed,972938,,,Apartment,3BHK SEMI FURNISHED APARTMENT,300.0,,,,BHD,monthly,,,,,,,,,,,26.149999618530273,50.58333206176758,,,,Jasim Uddin,,PARTLY,,,,,https://www.propertyfinder.bh/en/plp/rent/apartment-for-rent-central-governorate-sanad-972938.html,2026-07-06T21:42:21.442506+00:00,2026-07-20T21:17:02.364062+00:00,13,2026-07-20T21:17:02.364062+00:00
2026-07-21,removed,975309,,,Penthouse,Bargain / well designed penthouse for sale in reef,265000.0,,,,BHD,sell,,,,,,,,,,,26.241750717163086,50.5663948059082,,,,Amina Moosa,,YES,completed,,,,https://www.propertyfinder.bh/en/plp/buy/penthouse-for-sale-capital-governorate-reef-island-975309.html,2026-05-31T13:58:31.068517+00:00,2026-07-20T21:17:02.364062+00:00,50,2026-07-20T21:17:02.364062+00:00
2026-07-21,removed,976553,,,Land,Quiet location | Residential area | Corner locatio,35000.0,,,,BHD,sell,,,,,,,,Riffa Al Sharqi,,,26.1162166595459,50.57211685180664,,,,Al Lagoon Real Estate ,,,,,,,https://www.propertyfinder.bh/en/plp/buy/land-for-sale-southern-governorate-riffa-riffa-al-sharqi-976553.html,2026-05-31T13:58:31.068517+00:00,2026-07-20T21:17:02.364062+00:00,50,2026-07-20T21:17:02.364062+00:00
2026-07-21,removed,980318,,,Apartment,3BHK | FURNISHED APARTMENT | UNLIMITED EWA.,550.0,,,,BHD,monthly,,,,,,,,,,,26.214487075805664,50.584754943847656,,,,Jasim Uddin,,YES,,,,,https://www.propertyfinder.bh/en/plp/rent/apartment-for-rent-capital-governorate-manama-adliya-980318.html,2026-07-05T21:09:19.331111+00:00,2026-07-20T21:17:02.364062+00:00,15,2026-07-20T21:17:02.364062+00:00
2026-07-21,removed,980337,,,Apartment,3BHK | FURNISHED APARTMENT | UNLIMITED EWA,550.0,,,,BHD,monthly,,,,,,,,,,,26.214487075805664,50.584754943847656,,,,Jasim Uddin,,YES,,,,,https://www.propertyfinder.bh/en/plp/rent/apartment-for-rent-capital-governorate-manama-adliya-980337.html,2026-07-06T21:42:21.442506+00:00,2026-07-20T21:17:02.364062+00:00,13,2026-07-20T21:17:02.364062+00:00
2026-07-21,removed,981727,,,Office Space,2 BHK OFFICE FOR RENT IN UM AL HASAM,300.0,,,,BHD,monthly,,,,,,,,,,,26.203079223632812,50.594947814941406,,,,Jasim Uddin,,PARTLY,,,,,https://www.propertyfinder.bh/en/plp/commercial-rent/office-space-for-rent-capital-governorate-manama-um-al-hasam-981727.html,2026-05-31T13:58:31.068517+00:00,2026-07-20T21:17:02.364062+00:00,50,2026-07-20T21:17:02.364062+00:00
2026-07-21,removed,983636,,,Apartment,only bachelors for rent flat in East Riffa,110.0,,,,BHD,monthly,,,,,,,,Riffa Al Sharqi,,,26.1162166595459,50.57211685180664,,,,Deewania estate agency,,NO,,,,,https://www.propertyfinder.bh/en/plp/rent/apartment-for-rent-southern-governorate-riffa-riffa-al-sharqi-983636.html,2026-05-31T13:58:31.068517+00:00,2026-07-20T21:17:02.364062+00:00,50,2026-07-20T21:17:02.364062+00:00
2026-07-21,removed,984010,,,Apartment,3BHK | SEMI FURNISHED | PRIME LOCATION.,230.0,,,,BHD,monthly,,,,,,,,,,,26.179166793823242,50.56222152709961,,,,Jasim Uddin,,PARTLY,,,,,https://www.propertyfinder.bh/en/plp/rent/apartment-for-rent-central-governorate-jid-ali-984010.html,2026-05-31T13:58:31.068517+00:00,2026-07-20T21:17:02.364062+00:00,50,2026-07-20T21:17:02.364062+00:00
2026-07-21,removed,984649,,,Apartment,2BHK | LUXURIOUS APARTMENT | PRIME LOCATION.,400.0,,,,BHD,monthly,,,,,,,,,,,26.203079223632812,50.594947814941406,,,,Jasim Uddin,,YES,,,,,https://www.propertyfinder.bh/en/plp/rent/apartment-for-rent-capital-governorate-manama-um-al-hasam-984649.html,2026-05-31T13:58:31.068517+00:00,2026-07-20T21:17:02.364062+00:00,50,2026-07-20T21:17:02.364062+00:00
2026-07-21,removed,986852,,,Apartment,3BHK | SEMI FURNISHED | PRIME LOCATION.,275.0,,,,BHD,monthly,,,,,,,,,,,26.214487075805664,50.584754943847656,,,,Jasim Uddin,,PARTLY,,,,,https://www.propertyfinder.bh/en/plp/rent/apartment-for-rent-capital-governorate-manama-adliya-986852.html,2026-07-06T21:42:21.442506+00:00,2026-07-20T21:17:02.364062+00:00,13,2026-07-20T21:17:02.364062+00:00
2026-07-21,removed,994936,,,Apartment,amazing 3 bedroom sea view for sale,165000.0,,,,BHD,sell,,,,,,,,,,,26.241750717163086,50.5663948059082,,,,Amina Moosa,,PARTLY,completed,,,,https://www.propertyfinder.bh/en/plp/buy/apartment-for-sale-capital-governorate-reef-island-994936.html,2026-05-31T13:58:31.068517+00:00,2026-07-20T21:17:02.364062+00:00,50,2026-07-20T21:17:02.364062+00:00
2026-07-21,removed,996213,,,Apartment,Scenic views | Family Building | Best Location,66000.0,,,,BHD,sell,,,,,,,,,,,26.211111068725586,50.601112365722656,,,,Christian Brunet,,YES,completed,,,,https://www.propertyfinder.bh/en/plp/buy/apartment-for-sale-capital-governorate-al-juffair-996213.html,2026-06-18T20:57:37.279688+00:00,2026-07-20T21:17:02.364062+00:00,32,2026-07-20T21:17:02.364062+00:00
2026-07-21,removed,998038,,,Villa,Modern | Closed Kitchen | Garden | A’ali,142000.0,,,,BHD,sell,,,,,,,,,,,26.1634578704834,50.515289306640625,,,,Mohamed Abdali,,PARTLY,completed,,,,https://www.propertyfinder.bh/en/plp/buy/villa-for-sale-central-governorate-a-ali-998038.html,2026-05-31T13:58:31.068517+00:00,2026-07-20T21:17:02.364062+00:00,50,2026-07-20T21:17:02.364062+00:00
2026-07-21,price_changed,51638785,,,Land,Behind the outlet mall,95500.0,95000.0,-500.0,-0.52,BHD,sell,,,,,,,,,,,26.123769760131836,50.469722747802734,,,,Mohamed Mirza,,,,,,,https://www.propertyfinder.bh/en/plp/buy/land-for-sale-northern-governorate-dumistan-2PvB1lda4yu.html,2026-05-31T13:58:31.068517+00:00,2026-07-21T21:17:21.978520+00:00,51,2026-07-21T21:17:21.978520+00:00
2026-07-21,price_changed,52982406,,,Apartment,Spacious Studio / Unlimited Ewa / Ground Floor,150.0,130.0,-20.0,-13.33,BHD,monthly,,,,,,,,,,,26.266666412353516,50.650001525878906,,,,A. Mhaout,,NO,,,,,https://www.propertyfinder.bh/en/plp/rent/apartment-for-rent-muharraq-governorate-galali-52982406.html,2026-05-31T13:58:31.068517+00:00,2026-07-21T21:17:21.978520+00:00,51,2026-07-21T21:17:21.978520+00:00
2026-07-21,price_changed,53681932,,,Apartment,Semi Furnished 3 Bedroom | Balcony | Watchman,350.0,360.0,10.0,2.86,BHD,monthly,,,,,,,,,,,26.185943603515625,50.46711349487305,,,,Zain Jabbar,,PARTLY,,,,,https://www.propertyfinder.bh/en/plp/rent/apartment-for-rent-northern-governorate-janabiya-53681932.html,2026-05-31T13:58:31.068517+00:00,2026-07-21T21:17:21.978520+00:00,51,2026-07-21T21:17:21.978520+00:00
2026-07-21,price_changed,53850146,,,Villa,Excellent Freehold Villa | Great Deal | Garden,125000.0,115000.0,-10000.0,-8.0,BHD,sell,,,,,,,,Amwaj Homes,,,26.288480758666992,50.66381072998047,,,,Siwar Arfaoui,,PARTLY,completed,,,,https://www.propertyfinder.bh/en/plp/buy/villa-for-sale-muharraq-governorate-amwaj-islands-amwaj-homes-53850146.html,2026-05-31T13:58:31.068517+00:00,2026-07-21T21:17:21.978520+00:00,51,2026-07-21T21:17:21.978520+00:00
2026-07-21,price_changed,54013741,,,Apartment,Good opportunity | near st Christopher school,55000.0,51000.0,-4000.0,-7.27,BHD,sell,,,,,,,,,,,26.19164276123047,50.48757553100586,,,,AHMED ALI ,,YES,completed,,,,https://www.propertyfinder.bh/en/plp/buy/apartment-for-sale-northern-governorate-saar-54013741.html,2026-06-02T00:10:52.106132+00:00,2026-07-21T21:17:21.978520+00:00,49,2026-07-21T21:17:21.978520+00:00
2026-07-21,price_changed,54179531,,,Apartment,Payment Plan till 2029 | Ready | Connected to Mall,98000.0,85874.0,-12126.0,-12.37,BHD,sell,,,,,,,,Diyar Al Muharraq,,,26.303447723388672,50.6461296081543,,,,Emilia Walaszczyk,,YES,completed,,,,https://www.propertyfinder.bh/en/plp/buy/apartment-for-sale-muharraq-governorate-diyar-al-muharraq-marassi-al-bahrain-54179531.html,2026-06-07T16:30:36.484115+00:00,2026-07-21T21:17:21.978520+00:00,44,2026-07-21T21:17:21.978520+00:00
2026-07-21,price_changed,54234586,,,Duplex,Sea View | 1 Bedroom | Duplex | WIFI | Juffair,4.0,450.0,446.0,11150.0,BHD,monthly,,,,,,,,,,,26.211111068725586,50.601112365722656,,,,Mars Properties,,YES,,,,,https://www.propertyfinder.bh/en/plp/rent/duplex-for-rent-capital-governorate-al-juffair-54234586.html,2026-06-09T13:03:47.398622+00:00,2026-07-21T21:17:21.978520+00:00,42,2026-07-21T21:17:21.978520+00:00
2026-07-21,price_changed,54262129,,,Villa,"SPLIT AC,S | COMPOUND | ALL BRAND NEW FURNITURE |",950.0,850.0,-100.0,-10.53,BHD,monthly,,,,,,,,,,,26.214487075805664,50.584754943847656,,,,Anza Khurram,,YES,,,,,https://www.propertyfinder.bh/en/plp/rent/villa-for-rent-capital-governorate-manama-adliya-54262129.html,2026-06-10T21:00:38.499992+00:00,2026-07-21T21:17:21.978520+00:00,41,2026-07-21T21:17:21.978520+00:00
2026-07-21,price_changed,54654339,,,Apartment,Generous Family Layout with Balcony,120000.0,118000.0,-2000.0,-1.67,BHD,sell,,,,,,,,,,,26.241750717163086,50.5663948059082,,,,Majeed Moosa,,YES,completed,,,,https://www.propertyfinder.bh/en/plp/buy/apartment-for-sale-capital-governorate-reef-island-54654339.html,2026-06-24T20:40:58.428770+00:00,2026-07-21T21:17:21.978520+00:00,27,2026-07-21T21:17:21.978520+00:00
2026-07-21,price_changed,54858806,,,Apartment,Spacious 2 bedroom/brand new/ great price/dilmunia,650.0,620.0,-30.0,-4.62,BHD,monthly,,,,,,,,Canal View,,,26.273908615112305,50.67207336425781,,,,Myrah Ganapathy,,YES,,,,,https://www.propertyfinder.bh/en/plp/rent/apartment-for-rent-muharraq-governorate-dilmunia-island-canal-view-54858806.html,2026-07-01T20:42:37.190448+00:00,2026-07-21T21:17:21.978520+00:00,20,2026-07-21T21:17:21.978520+00:00
2026-07-21,price_changed,54885593,,,Apartment,Near to Oasis Mall | Sea View Luxurious 1 BR |,300.0,290.0,-10.0,-3.33,BHD,monthly,,,,,,,,,,,26.211111068725586,50.601112365722656,,,,JUNAID MUNAWAR,,YES,,,,,https://www.propertyfinder.bh/en/plp/rent/apartment-for-rent-capital-governorate-al-juffair-54885593.html,2026-07-02T20:35:29.272680+00:00,2026-07-21T21:17:21.978520+00:00,19,2026-07-21T21:17:21.978520+00:00
2026-07-21,price_changed,54970997,,,Apartment,GRAET DEALI Great Interior I BD230 INCLUSIVE,240.0,230.0,-10.0,-4.17,BHD,monthly,,,,,,,,Sanabis,,,26.226558685302734,50.5459098815918,,,,Shafeeq Rahman,,YES,,,,,https://www.propertyfinder.bh/en/plp/rent/apartment-for-rent-capital-governorate-manama-sanabis-54970997.html,2026-07-05T21:09:19.331111+00:00,2026-07-21T21:17:21.978520+00:00,16,2026-07-21T21:17:21.978520+00:00
2026-07-21,price_changed,55056914,,,Apartment,HOT DEAL | READY TO MOVE | JUFFAIR,250.0,220.0,-30.0,-12.0,BHD,monthly,,,,,,,,,,,26.211111068725586,50.601112365722656,,,,Shafeeq Rahman,,YES,,,,,https://www.propertyfinder.bh/en/plp/rent/apartment-for-rent-capital-governorate-al-juffair-55056914.html,2026-07-16T13:23:22.641531+00:00,2026-07-21T21:17:21.978520+00:00,5,2026-07-21T21:17:21.978520+00:00
2026-07-21,price_changed,55170550,,,Apartment,Sea front 1 bed room in a modern tower in Juffair,320.0,270.0,-50.0,-15.62,BHD,monthly,,,,,,,,,,,26.211111068725586,50.601112365722656,,,,Minguel Jacob Fernandes,,YES,,,,,https://www.propertyfinder.bh/en/plp/rent/apartment-for-rent-capital-governorate-al-juffair-55170550.html,2026-07-16T13:23:22.641531+00:00,2026-07-21T21:17:21.978520+00:00,5,2026-07-21T21:17:21.978520+00:00
2026-07-21,price_changed,55170766,,,Apartment,MODERN┃UNLIMITED EWA┃SPACIOUS┃CLOSE KITCHEN┃3 BATH,425.0,420.0,-5.0,-1.18,BHD,monthly,,,,,,,,,,,26.207910537719727,50.587345123291016,,,,Sahebaz Makki,,YES,,,,,https://www.propertyfinder.bh/en/plp/rent/apartment-for-rent-capital-governorate-manama-mahooz-55170766.html,2026-07-12T20:58:01.791743+00:00,2026-07-21T21:17:21.978520+00:00,9,2026-07-21T21:17:21.978520+00:00
2026-07-21,price_changed,55256603,,,Apartment,COZY | BUDGET FRIENDLY | HIGH SPEED INTERNET,280.0,300.0,20.0,7.14,BHD,monthly,,,,,,,,Sanabis,,,26.226558685302734,50.5459098815918,,,,Tarek Kseibi,,YES,,,,,https://www.propertyfinder.bh/en/plp/rent/apartment-for-rent-capital-governorate-manama-sanabis-55256603.html,2026-07-16T13:23:22.641531+00:00,2026-07-21T21:17:21.978520+00:00,5,2026-07-21T21:17:21.978520+00:00
2026-07-21,price_changed,55256769,,,Apartment,BRAND NEW FLAT WITH CLOSE KITCHEN AND GAS,340.0,330.0,-10.0,-2.94,BHD,monthly,,,,,,,,,,,26.21672821044922,50.55367660522461,,,,Aysha Adil,,YES,,,,,https://www.propertyfinder.bh/en/plp/rent/apartment-for-rent-capital-governorate-manama-al-burhama-55256769.html,2026-07-16T13:23:22.641531+00:00,2026-07-21T21:17:21.978520+00:00,5,2026-07-21T21:17:21.978520+00:00
2026-07-21,price_changed,55311913,,,Apartment,Cozy Studio ~ well furnished ~ Marassi shores,60000.0,59000.0,-1000.0,-1.67,BHD,sell,,,,,,,,Diyar Al Muharraq,Marassi Shores Residences,,26.303447723388672,50.6461296081543,,,,Linda Mehdi,,YES,completed,,,,https://www.propertyfinder.bh/en/plp/buy/apartment-for-sale-muharraq-governorate-diyar-al-muharraq-marassi-shores-residences-55311913.html,2026-07-17T21:02:53.302860+00:00,2026-07-21T21:17:21.978520+00:00,4,2026-07-21T21:17:21.978520+00:00
2026-07-21,price_changed,55339879,,,Villa,Superb Priced 4br villa pvt pool-comp-BD850!,1000.0,850.0,-150.0,-15.0,BHD,monthly,,,,,,,,,,,26.213165283203125,50.447471618652344,,,,Jasmine Dhakan,,PARTLY,,,,,https://www.propertyfinder.bh/en/plp/rent/villa-for-rent-northern-governorate-budaiya-55339879.html,2026-07-18T20:57:18.053218+00:00,2026-07-21T21:17:21.978520+00:00,3,2026-07-21T21:17:21.978520+00:00
2026-07-21,price_changed,55367776,,,Apartment,Best Family Building / Spacious Apartment / JASRA,300.0,290.0,-10.0,-3.33,BHD,monthly,,,,,,,,,,,26.211111068725586,50.601112365722656,,,,Nayla Tabussam,,YES,,,,,https://www.propertyfinder.bh/en/plp/rent/apartment-for-rent-capital-governorate-al-juffair-55367776.html,2026-07-19T20:58:26.466026+00:00,2026-07-21T21:17:21.978520+00:00,2,2026-07-21T21:17:21.978520+00:00
2026-07-21,price_changed,55368357,,,Apartment,Beautiful 2 BR FF Apt with Balcony Close to Lagoon,430.0,400.0,-30.0,-6.98,BHD,monthly,,,,,,,,Amwaj Avenue,,,26.29302978515625,50.66474151611328,,,,Muhammad Jahengir Akram,,YES,,,,,https://www.propertyfinder.bh/en/plp/rent/apartment-for-rent-muharraq-governorate-amwaj-islands-amwaj-avenue-55368357.html,2026-07-19T20:58:26.466026+00:00,2026-07-21T21:17:21.978520+00:00,2,2026-07-21T21:17:21.978520+00:00
2026-07-21,price_changed,55395745,,,Apartment,Inclusive Near AL Merkado mall 3 bed,150.0,250.0,100.0,66.67,BHD,monthly,,,,,,,,,,,26.185943603515625,50.46711349487305,,,,Ayman Jnedi,,PARTLY,,,,,https://www.propertyfinder.bh/en/plp/rent/apartment-for-rent-northern-governorate-janabiya-55395745.html,2026-07-20T21:17:02.364062+00:00,2026-07-21T21:17:21.978520+00:00,1,2026-07-21T21:17:21.978520+00:00
2026-07-21,price_changed,55396131,,,Apartment,Smart Living / Balcony / Jacuzzi / Internet,500.0,550.0,50.0,10.0,BHD,monthly,,,,,,,,The Lagoon,,,26.287778854370117,50.66339111328125,,,,Muhammad Jahengir Akram,,YES,,,,,https://www.propertyfinder.bh/en/plp/rent/apartment-for-rent-muharraq-governorate-amwaj-islands-the-lagoon-55396131.html,2026-07-20T21:17:02.364062+00:00,2026-07-21T21:17:21.978520+00:00,1,2026-07-21T21:17:21.978520+00:00
2026-07-21,price_changed,55396547,,,Apartment,Lagoon View / Balcony / Laundry Room,500.0,400.0,-100.0,-20.0,BHD,monthly,,,,,,,,The Lagoon,,,26.287778854370117,50.66339111328125,,,,Muhammad Jahengir Akram,,YES,,,,,https://www.propertyfinder.bh/en/plp/rent/apartment-for-rent-muharraq-governorate-amwaj-islands-the-lagoon-55396547.html,2026-07-20T21:17:02.364062+00:00,2026-07-21T21:17:21.978520+00:00,1,2026-07-21T21:17:21.978520+00:00
2026-07-21,price_changed,914855,,,Villa,Prime location \ Luxury Villa \ Special price,145000.0,136000.0,-9000.0,-6.21,BHD,sell,,,,,,,,,,,26.21023941040039,50.49468231201172,,,,Ali AlBanna,,NO,completed,,,,https://www.propertyfinder.bh/en/plp/buy/villa-for-sale-northern-governorate-maqabah-914855.html,2026-05-31T13:58:31.068517+00:00,2026-07-21T21:17:21.978520+00:00,51,2026-07-21T21:17:21.978520+00:00
2026-07-21,price_changed,923422,,,Apartment,Elegant Studio | Full Sea View,365.0,370.0,5.0,1.37,BHD,monthly,,,,,,,,,,,26.239999771118164,50.5369987487793,,,,Mohamed Abdulwahab,,YES,,,,,https://www.propertyfinder.bh/en/plp/rent/apartment-for-rent-capital-governorate-seef-923422.html,2026-06-14T20:36:23.817039+00:00,2026-07-21T21:17:21.978520+00:00,37,2026-07-21T21:17:21.978520+00:00
2026-07-21,price_changed,956796,,,Land,Best Price in the Market | Prime Seafront Location,181000.0,179000.0,-2000.0,-1.1,BHD,sell,,,,,,,,,,,26.27286720275879,50.672889709472656,,,,Abdulla Alkhan,,,,,,,https://www.propertyfinder.bh/en/plp/buy/land-for-sale-muharraq-governorate-dilmunia-island-956796.html,2026-05-31T13:58:31.068517+00:00,2026-07-21T21:17:21.978520+00:00,51,2026-07-21T21:17:21.978520+00:00
