change_date,change_type,listing_id,category,listing_type,property_type,title,price_prev,price_curr,price_delta,price_delta_pct,currency,price_period,area_size,area_unit,beds_min,beds_max,baths_min,city,area,community,sub_community,compound,latitude,longitude,developer,project_name,agency_name,agent_name,agent_phone,furnished,completion_status,permit_number,rera_number,amenities,share_url,first_seen_at,last_seen_at,days_on_market,scraped_at
2026-09-07,new,015b4026-38b0-44ff-9db9-4525f5284a1b,,,apartment,Bahrain Marina Residence,,100000.0,,,BHD,,,,,,,,,,,,26.2949264734,50.6598687012,,,,Bahrain Marina Development,,,under_construction,,,,/en/new-projects/bahrain-marina-development/bahrain-marina-residence,2026-05-31T13:58:31.068517+00:00,2026-09-07T22:43:43.320929+00:00,99,2026-09-07T22:43:43.320929+00:00
2026-09-07,new,1000473,,,Apartment,3 BEDROOM APARTMENT | FLOATING CITY | CANAL VIEW,,820.0,,,BHD,monthly,,,,,,,,Al Marsa Floating City,,,26.2847957611084,50.669620513916016,,,,Shaji Pathrose,,YES,,,,,https://www.propertyfinder.bh/en/plp/rent/apartment-for-rent-muharraq-governorate-amwaj-islands-al-marsa-floating-city-1000473.html,2026-09-07T22:43:43.320929+00:00,2026-09-07T22:43:43.320929+00:00,0,2026-09-07T22:43:43.320929+00:00
2026-09-07,new,1000909,,,Apartment,Spacious 3 Bedroom Flats for Rent in Jurdab,,280.0,,,BHD,monthly,,,,,,,,,,,26.168216705322266,50.57180404663086,,,,Nasser Real Estate,,NO,,,,,https://www.propertyfinder.bh/en/plp/rent/apartment-for-rent-central-governorate-jurdab-1000909.html,2026-05-31T13:58:31.068517+00:00,2026-09-07T22:43:43.320929+00:00,99,2026-09-07T22:43:43.320929+00:00
2026-09-07,new,1001231,,,Apartment,Semifurnished Flat with EWA in Buhair,,300.0,,,BHD,monthly,,,,,,,,Al Bahair,,,26.149368286132812,50.56598663330078,,,,Nasser Real Estate,,PARTLY,,,,,https://www.propertyfinder.bh/en/plp/rent/apartment-for-rent-southern-governorate-riffa-al-bahair-1001231.html,2026-05-31T13:58:31.068517+00:00,2026-09-07T22:43:43.320929+00:00,99,2026-09-07T22:43:43.320929+00:00
2026-09-07,new,1001294,,,Villa,Villa with pool and sea view in Tubli,,900.0,,,BHD,monthly,,,,,,,,,,,26.188888549804688,50.54999923706055,,,,Nasser Real Estate,,PARTLY,,,,,https://www.propertyfinder.bh/en/plp/rent/villa-for-rent-central-governorate-tubli-1001294.html,2026-05-31T13:58:31.068517+00:00,2026-09-07T22:43:43.320929+00:00,99,2026-09-07T22:43:43.320929+00:00
2026-09-07,new,51233081,,,Apartment,Modern Apartments with Pool and Gym Access,,425.0,,,BHD,monthly,,,,,,,,,,,26.185943603515625,50.46711349487305,,,,Vikki Ann Lord,,YES,,,,,https://www.propertyfinder.bh/en/plp/rent/apartment-for-rent-northern-governorate-janabiya-2PXiLEh68zQ.html,2026-09-07T22:43:43.320929+00:00,2026-09-07T22:43:43.320929+00:00,0,2026-09-07T22:43:43.320929+00:00
2026-09-07,new,51322309,,,Compound,NAVY APPROVED |MODERN | INCLUSIVE | BEACH | GARAGE,,1200.0,,,BHD,monthly,,,,,,,,,,,26.213165283203125,50.447471618652344,,,,Huzaifa Arif ,,YES,,,,,https://www.propertyfinder.bh/en/plp/rent/compound-for-rent-northern-governorate-budaiya-2PcgB48dBsu.html,2026-09-07T22:43:43.320929+00:00,2026-09-07T22:43:43.320929+00:00,0,2026-09-07T22:43:43.320929+00:00
2026-09-07,new,51720033,,,Apartment,Elegant Newly Renovated Apartment With Balcony,,46000.0,,,BHD,sell,,,,,,,,The Lagoon,,,26.287778854370117,50.66339111328125,,,,Ehab Naser,,YES,completed,,,,https://www.propertyfinder.bh/en/plp/buy/apartment-for-sale-muharraq-governorate-amwaj-islands-the-lagoon-2Q0h62zR2wq.html,2026-05-31T13:58:31.068517+00:00,2026-09-07T22:43:43.320929+00:00,99,2026-09-07T22:43:43.320929+00:00
2026-09-07,new,51877705,,,Office Space,Furnished 3 room office with highway view in Tubli,,450.0,,,BHD,monthly,,,,,,,,,,,26.188888549804688,50.54999923706055,,,,Nasser Real Estate,,YES,,,,,https://www.propertyfinder.bh/en/plp/commercial-rent/office-space-for-rent-central-governorate-tubli-2QA4t2SmvQG.html,2026-05-31T13:58:31.068517+00:00,2026-09-07T22:43:43.320929+00:00,99,2026-09-07T22:43:43.320929+00:00
2026-09-07,new,52544582,,,Apartment,Excecutive staff accommodation - Buhair near Oasis,,180.0,,,BHD,monthly,,,,,,,,Al Bahair,,,26.149368286132812,50.56598663330078,,,,Nasser Real Estate,,NO,,,,,https://www.propertyfinder.bh/en/plp/rent/apartment-for-rent-southern-governorate-riffa-al-bahair-52544582.html,2026-05-31T13:58:31.068517+00:00,2026-09-07T22:43:43.320929+00:00,99,2026-09-07T22:43:43.320929+00:00
2026-09-07,new,52570327,,,Land,Arad Residential Plan - high investment value,,62087.0,,,BHD,sell,,,,,,,,,,,26.25,50.650001525878906,,,,Husain Alghanemi,,,,,,,https://www.propertyfinder.bh/en/plp/buy/land-for-sale-muharraq-governorate-arad-979340.html,2026-05-31T13:58:31.068517+00:00,2026-09-07T22:43:43.320929+00:00,99,2026-09-07T22:43:43.320929+00:00
2026-09-07,new,52624223,,,Apartment,Luxurious | High End | Best location,,800.0,,,BHD,monthly,,,,,,,,Bahrain Financial Harbour,,,26.23778533935547,50.57342529296875,,,,Sonali Fernandes,,YES,,,,,https://www.propertyfinder.bh/en/plp/rent/apartment-for-rent-capital-governorate-manama-bahrain-financial-harbour-52624223.html,2026-05-31T13:58:31.068517+00:00,2026-09-07T22:43:43.320929+00:00,99,2026-09-07T22:43:43.320929+00:00
2026-09-07,new,53086651,,,Apartment,Great Locationl Elegant Interior l Terrace...,,550.0,,,BHD,monthly,,,,,,,,,,,26.239999771118164,50.5369987487793,,,,Arun Kumar Mammaniya,,YES,,,,,https://www.propertyfinder.bh/en/plp/rent/apartment-for-rent-capital-governorate-seef-53086651.html,2026-07-29T21:03:30.697466+00:00,2026-09-07T22:43:43.320929+00:00,40,2026-09-07T22:43:43.320929+00:00
2026-09-07,new,53269526,,,Apartment,Extravagant | Beautiful | Luxurious 3BR in Hidd,,123000.0,,,BHD,sell,,,,,,,,,,,26.21263313293457,50.67418670654297,,,,Hana Parvez,,PARTLY,completed_primary,,,,https://www.propertyfinder.bh/en/plp/buy/apartment-for-sale-muharraq-governorate-hidd-977478.html,2026-05-31T13:58:31.068517+00:00,2026-09-07T22:43:43.320929+00:00,99,2026-09-07T22:43:43.320929+00:00
2026-09-07,new,53269691,,,Apartment,2 Bedrooms • Lowest Price • 3 Balconies • Views •,,43000.0,,,BHD,sell,,,,,,,,,,,26.21263313293457,50.67418670654297,,,,Hana Parvez,,PARTLY,completed,,,,https://www.propertyfinder.bh/en/plp/buy/apartment-for-sale-muharraq-governorate-hidd-53269691.html,2026-05-31T13:58:31.068517+00:00,2026-09-07T22:43:43.320929+00:00,99,2026-09-07T22:43:43.320929+00:00
2026-09-07,new,53323252,,,Villa,Luxury Villa in North Riffa Near American school,,900.0,,,BHD,monthly,,,,,,,,Al Bahair,,,26.149368286132812,50.56598663330078,,,,Nasser Real Estate,,PARTLY,,,,,https://www.propertyfinder.bh/en/plp/rent/villa-for-rent-southern-governorate-riffa-al-bahair-53323252.html,2026-05-31T13:58:31.068517+00:00,2026-09-07T22:43:43.320929+00:00,99,2026-09-07T22:43:43.320929+00:00
2026-09-07,new,53654716,,,Apartment,SEA VIEW | LUXURY AND MODERN | PET FRIENDLY |,,650.0,,,BHD,monthly,,,,,,,,,,,26.241750717163086,50.5663948059082,,,,Anza Khurram,,YES,,,,,https://www.propertyfinder.bh/en/plp/rent/apartment-for-rent-capital-governorate-reef-island-53654716.html,2026-05-31T13:58:31.068517+00:00,2026-09-07T22:43:43.320929+00:00,99,2026-09-07T22:43:43.320929+00:00
2026-09-07,new,54041886,,,Villa,Extended | Maid room | Private garden | Terrace,,800.0,,,BHD,monthly,,,,,,,,Amwaj Avenue,,,26.29302978515625,50.66474151611328,,,,Diana Valerya,,PARTLY,,,,,https://www.propertyfinder.bh/en/plp/rent/villa-for-rent-muharraq-governorate-amwaj-islands-amwaj-avenue-54041886.html,2026-06-02T13:15:39.812588+00:00,2026-09-07T22:43:43.320929+00:00,97,2026-09-07T22:43:43.320929+00:00
2026-09-07,new,54206666,,,Apartment,Spacious|3BHK|Cent AC|Pool|Gym|Closed kitchen,,350.0,,,BHD,monthly,,,,,,,,,,,26.214487075805664,50.584754943847656,,,,Chandekode Rajesh Kumar,,PARTLY,,,,,https://www.propertyfinder.bh/en/plp/rent/apartment-for-rent-capital-governorate-manama-adliya-54206666.html,2026-06-08T13:27:32.832375+00:00,2026-09-07T22:43:43.320929+00:00,91,2026-09-07T22:43:43.320929+00:00
2026-09-07,new,54317868,,,Apartment,"LARGE BALCONY, 2 BDRS W MAID ROOM, SEAVIEWS",,750.0,,,BHD,monthly,,,,,,,,,,,26.27286720275879,50.672889709472656,,,,Marie Sharpe,,YES,,,,,https://www.propertyfinder.bh/en/plp/rent/apartment-for-rent-muharraq-governorate-dilmunia-island-54317868.html,2026-06-12T20:52:20.984950+00:00,2026-09-07T22:43:43.320929+00:00,87,2026-09-07T22:43:43.320929+00:00
2026-09-07,new,54370361,,,Apartment,Serene view ll Premium Facilities II Balcony,,400.0,,,BHD,monthly,,,,,,,,,,,26.211111068725586,50.601112365722656,,,,Arun Kumar Mammaniya,,YES,,,,,https://www.propertyfinder.bh/en/plp/rent/apartment-for-rent-capital-governorate-al-juffair-54370361.html,2026-06-20T20:35:32.453033+00:00,2026-09-07T22:43:43.320929+00:00,79,2026-09-07T22:43:43.320929+00:00
2026-09-07,new,54451585,,,Villa,Private 3 bedroom villa for rent in West Riffa,,280.0,,,BHD,monthly,,,,,,,,West Riffa,,,26.123153686523438,50.54193878173828,,,,Nasser Real Estate,,NO,,,,,https://www.propertyfinder.bh/en/plp/rent/villa-for-rent-southern-governorate-riffa-west-riffa-54451585.html,2026-06-17T20:50:56.644034+00:00,2026-09-07T22:43:43.320929+00:00,82,2026-09-07T22:43:43.320929+00:00
2026-09-07,new,54654083,,,Apartment,Lower Floor | With Maids Room | Managed,,700.0,,,BHD,monthly,,,,,,,,,,,26.249584197998047,50.580360412597656,,,,Zain Shamsi,,YES,,,,,https://www.propertyfinder.bh/en/plp/rent/apartment-for-rent-capital-governorate-bahrain-bay-54654083.html,2026-06-24T20:40:58.428770+00:00,2026-09-07T22:43:43.320929+00:00,75,2026-09-07T22:43:43.320929+00:00
2026-09-07,new,55054923,,,Apartment,Fabulous Studio Near RCSI College       .,,33000.0,,,BHD,sell,,,,,,,,,,,26.27199935913086,50.60900115966797,,,,Ehab Naser,,YES,completed,,,,https://www.propertyfinder.bh/en/plp/buy/apartment-for-sale-muharraq-governorate-busaiteen-55054923.html,2026-07-08T21:15:46.223277+00:00,2026-09-07T22:43:43.320929+00:00,61,2026-09-07T22:43:43.320929+00:00
2026-09-07,new,55199550,,,Villa,Premium Family Villa | Private Pool | Near School,,850.0,,,BHD,monthly,,,,,,,,Saraya 2,,,26.19185447692871,50.509178161621094,,,,Sonali Fernandes,,PARTLY,,,,,https://www.propertyfinder.bh/en/plp/rent/villa-for-rent-northern-governorate-bu-quwah-saraya-2-55199550.html,2026-07-13T21:03:18.261017+00:00,2026-09-07T22:43:43.320929+00:00,56,2026-09-07T22:43:43.320929+00:00
2026-09-07,new,55368123,,,Villa,Massive Garden | Spacious and Bright | Pool Gym,,1000.0,,,BHD,monthly,,,,,,,,,,,26.185943603515625,50.46711349487305,,,,Usman Ali,,PARTLY,,,,,https://www.propertyfinder.bh/en/plp/rent/villa-for-rent-northern-governorate-janabiya-55368123.html,2026-07-19T20:58:26.466026+00:00,2026-09-07T22:43:43.320929+00:00,50,2026-09-07T22:43:43.320929+00:00
2026-09-07,new,55628405,,,Apartment,Duplex | Housekeeping | Large Balcony,,900.0,,,BHD,monthly,,,,,,,,Amwaj Avenue,,,26.29302978515625,50.66474151611328,,,,Adeel Ajaz,,YES,,,,,https://www.propertyfinder.bh/en/plp/rent/apartment-for-rent-muharraq-governorate-amwaj-islands-amwaj-avenue-55628405.html,2026-07-28T21:13:30.461515+00:00,2026-09-07T22:43:43.320929+00:00,41,2026-09-07T22:43:43.320929+00:00
2026-09-07,new,55630348,,,Villa,Premium Villa for Sale in Diyar Al Muharraq,,126500.0,,,BHD,sell,,,,,,,,Diyar Al Muharraq,,,26.31142234802246,50.64306640625,,,,ALOSTATH,,NO,completed,,,,https://www.propertyfinder.bh/en/plp/buy/villa-for-sale-muharraq-governorate-diyar-al-muharraq-55630348.html,2026-07-28T21:13:30.461515+00:00,2026-09-07T22:43:43.320929+00:00,41,2026-09-07T22:43:43.320929+00:00
2026-09-07,new,55630361,,,Villa,3-Story Villa for Rent in Saar,,830.0,,,BHD,monthly,,,,,,,,,,,26.19164276123047,50.48757553100586,,,,ALOSTATH,,PARTLY,,,,,https://www.propertyfinder.bh/en/plp/rent/villa-for-rent-northern-governorate-saar-55630361.html,2026-07-28T21:13:30.461515+00:00,2026-09-07T22:43:43.320929+00:00,41,2026-09-07T22:43:43.320929+00:00
2026-09-07,new,55630373,,,Villa,"7BR Villa for sale in Al Hujaiyat, Riffa",,119000.0,,,BHD,sell,,,,,,,,,,,26.130512237548828,50.55546569824219,,,,ALOSTATH,,PARTLY,completed,,,,https://www.propertyfinder.bh/en/plp/buy/villa-for-sale-southern-governorate-riffa-55630373.html,2026-07-28T21:13:30.461515+00:00,2026-09-07T22:43:43.320929+00:00,41,2026-09-07T22:43:43.320929+00:00
2026-09-07,new,55630388,,,Villa,Villa for sale in Riffa near Lulu Hypermarket,,118000.0,,,BHD,sell,,,,,,,,,,,26.130512237548828,50.55546569824219,,,,ALOSTATH,,PARTLY,completed,,,,https://www.propertyfinder.bh/en/plp/buy/villa-for-sale-southern-governorate-riffa-55630388.html,2026-07-28T21:13:30.461515+00:00,2026-09-07T22:43:43.320929+00:00,41,2026-09-07T22:43:43.320929+00:00
2026-09-07,new,55630412,,,Land,Lands for sale in Sanad,,88738.0,,,BHD,sell,,,,,,,,,,,26.149999618530273,50.58333206176758,,,,ALOSTATH,,,,,,,https://www.propertyfinder.bh/en/plp/buy/land-for-sale-central-governorate-sanad-55630412.html,2026-07-28T21:13:30.461515+00:00,2026-09-07T22:43:43.320929+00:00,41,2026-09-07T22:43:43.320929+00:00
2026-09-07,new,55773243,,,Apartment,BRAND NEW STUNNING TWO BEDROOM APARTMENT IN MAHOOZ,,350.0,,,BHD,monthly,,,,,,,,,,,26.207910537719727,50.587345123291016,,,,Manaf M,,PARTLY,,,,,https://www.propertyfinder.bh/en/plp/rent/apartment-for-rent-capital-governorate-manama-mahooz-55773243.html,2026-08-02T21:01:45.450020+00:00,2026-09-07T22:43:43.320929+00:00,36,2026-09-07T22:43:43.320929+00:00
2026-09-07,new,55773267,,,Apartment,FURNISHED TWO BEDROOM APARTMENT+TWO BALCONY,,320.0,,,BHD,monthly,,,,,,,,,,,26.207910537719727,50.587345123291016,,,,Manaf M,,YES,,,,,https://www.propertyfinder.bh/en/plp/rent/apartment-for-rent-capital-governorate-manama-mahooz-55773267.html,2026-08-02T21:01:45.450020+00:00,2026-09-07T22:43:43.320929+00:00,36,2026-09-07T22:43:43.320929+00:00
2026-09-07,new,55773471,,,Apartment,FURNISHED ONE BEDROOM APARTMENT FOR RENT IN SEGAYA,,230.0,,,BHD,monthly,,,,,,,,,,,26.21693992614746,50.57733154296875,,,,Manaf M,,YES,,,,,https://www.propertyfinder.bh/en/plp/rent/apartment-for-rent-capital-governorate-manama-segaya-55773471.html,2026-08-02T21:01:45.450020+00:00,2026-09-07T22:43:43.320929+00:00,36,2026-09-07T22:43:43.320929+00:00
2026-09-07,new,55773501,,,Apartment,SEMI FURNISHED 1BR APARTMENT WITH UNLIMITED EWA,,220.0,,,BHD,monthly,,,,,,,,,,,26.21693992614746,50.57733154296875,,,,Manaf M,,PARTLY,,,,,https://www.propertyfinder.bh/en/plp/rent/apartment-for-rent-capital-governorate-manama-segaya-55773501.html,2026-08-02T21:01:45.450020+00:00,2026-09-07T22:43:43.320929+00:00,36,2026-09-07T22:43:43.320929+00:00
2026-09-07,new,55832625,,,Apartment,COZY 3BHK APARTMENT| UNLIMITED EWA |CLOSED KITCHEN,,390.0,,,BHD,monthly,,,,,,,,,,,26.27199935913086,50.60900115966797,,,,Osama Butt,,YES,,,,,https://www.propertyfinder.bh/en/plp/rent/apartment-for-rent-muharraq-governorate-busaiteen-55832625.html,2026-08-04T21:18:19.994716+00:00,2026-09-07T22:43:43.320929+00:00,34,2026-09-07T22:43:43.320929+00:00
2026-09-07,new,55832910,,,Apartment,BRAND NEW SPACIOUS THREE BEDROOM APARTMENT,,330.0,,,BHD,monthly,,,,,,,,,,,26.21693992614746,50.57733154296875,,,,Manaf M,,PARTLY,,,,,https://www.propertyfinder.bh/en/plp/rent/apartment-for-rent-capital-governorate-manama-segaya-55832910.html,2026-08-04T21:18:19.994716+00:00,2026-09-07T22:43:43.320929+00:00,34,2026-09-07T22:43:43.320929+00:00
2026-09-07,new,55893061,,,Apartment,Beautiful 1BHK|Unlimited EWA|Free WIFI|Pool|Gym,,230.0,,,BHD,monthly,,,,,,,,,,,26.211111068725586,50.601112365722656,,,,Shahbaz Memon,,YES,,,,,https://www.propertyfinder.bh/en/plp/rent/apartment-for-rent-capital-governorate-al-juffair-55893061.html,2026-08-07T00:55:25.755875+00:00,2026-09-07T22:43:43.320929+00:00,31,2026-09-07T22:43:43.320929+00:00
2026-09-07,new,55949746,,,Apartment,READY TO MOVE | HIGH ROI | GREAT DEAL | MARASSI,,135000.0,,,BHD,sell,,,,,,,,Diyar Al Muharraq,,,26.303447723388672,50.6461296081543,,,,Hedia Al Sebaie,,YES,completed,,,,https://www.propertyfinder.bh/en/plp/buy/apartment-for-sale-muharraq-governorate-diyar-al-muharraq-marassi-al-bahrain-55949746.html,2026-08-08T20:37:26.992750+00:00,2026-09-07T22:43:43.320929+00:00,30,2026-09-07T22:43:43.320929+00:00
2026-09-07,new,55979598,,,Villa,REDUCED PRICE | COMPOUND | SPACIOUS | FACILITIES,,900.0,,,BHD,monthly,,,,,,,,,,,26.207910537719727,50.587345123291016,,,,Christyl Lebosada,,PARTLY,,,,,https://www.propertyfinder.bh/en/plp/rent/villa-for-rent-capital-governorate-manama-mahooz-55979598.html,2026-08-09T20:40:10.613404+00:00,2026-09-07T22:43:43.320929+00:00,29,2026-09-07T22:43:43.320929+00:00
2026-09-07,new,56241772,,,Villa,New Classic 2Story standlone 5 Bedroom villa,,800.0,,,BHD,monthly,,,,,,,,,,,26.214487075805664,50.584754943847656,,,,Aby N,,PARTLY,,,,,https://www.propertyfinder.bh/en/plp/rent/villa-for-rent-capital-governorate-manama-adliya-56241772.html,2026-08-19T20:36:20.718393+00:00,2026-09-07T22:43:43.320929+00:00,19,2026-09-07T22:43:43.320929+00:00
2026-09-07,new,56702433,,,Apartment,Adorable Fully Furnished 4BR Villa -Stand Alone,,950.0,,,BHD,monthly,,,,,,,,,,,26.203079223632812,50.594947814941406,,,,Manaf M,,YES,,,,,https://www.propertyfinder.bh/en/plp/rent/apartment-for-rent-capital-governorate-manama-um-al-hasam-56702433.html,2026-09-07T22:43:43.320929+00:00,2026-09-07T22:43:43.320929+00:00,0,2026-09-07T22:43:43.320929+00:00
2026-09-07,new,56735130,,,Apartment,BRAND NEW LAUNDRY & STORAGE BALCONY HOUSE KEEPING,,800.0,,,BHD,monthly,,,,,,,,,,,26.239999771118164,50.5369987487793,,,,Ezekiel Kagugube,,YES,,,,,https://www.propertyfinder.bh/en/plp/rent/apartment-for-rent-capital-governorate-seef-56735130.html,2026-09-03T22:29:31.229615+00:00,2026-09-07T22:43:43.320929+00:00,4,2026-09-07T22:43:43.320929+00:00
2026-09-07,new,56857665,,,Land,For Sale | Land Near the Sea | AL Duraz,,111500.0,,,BHD,sell,,,,,,,,,,,26.220962524414062,50.46446990966797,,,,Ali Almalek,,,,,,,https://www.propertyfinder.bh/en/plp/buy/land-for-sale-northern-governorate-diraz-56857665.html,2026-09-07T22:43:43.320929+00:00,2026-09-07T22:43:43.320929+00:00,0,2026-09-07T22:43:43.320929+00:00
2026-09-07,new,56857673,,,Apartment,3BR |Pool Gym |Balcony | Sauna Steam |Playground,,800.0,,,BHD,monthly,,,,,,,,Amwaj Avenue,,,26.29302978515625,50.66474151611328,,,,Abid Siddique,,YES,,,,,https://www.propertyfinder.bh/en/plp/rent/apartment-for-rent-muharraq-governorate-amwaj-islands-amwaj-avenue-56857673.html,2026-09-07T22:43:43.320929+00:00,2026-09-07T22:43:43.320929+00:00,0,2026-09-07T22:43:43.320929+00:00
2026-09-07,new,56857677,,,Apartment,Luxury 2BR- 3-Bath |Cinema Sauna Steam |Playground,,750.0,,,BHD,monthly,,,,,,,,,,,26.27286720275879,50.672889709472656,,,,Abid Siddique,,YES,,,,,https://www.propertyfinder.bh/en/plp/rent/apartment-for-rent-muharraq-governorate-dilmunia-island-56857677.html,2026-09-07T22:43:43.320929+00:00,2026-09-07T22:43:43.320929+00:00,0,2026-09-07T22:43:43.320929+00:00
2026-09-07,new,56857697,,,Villa,Villa for sale in Karzakan,,117000.0,,,BHD,sell,,,,,,,,,,,26.113693237304688,50.48170471191406,,,,Sayed Murtadha Alqasab,,NO,completed_primary,,,,https://www.propertyfinder.bh/en/plp/buy/villa-for-sale-northern-governorate-karzakkan-56857697.html,2026-09-07T22:43:43.320929+00:00,2026-09-07T22:43:43.320929+00:00,0,2026-09-07T22:43:43.320929+00:00
2026-09-07,new,56857699,,,Land,Residential land for sale in Hamala,,51131.0,,,BHD,sell,,,,,,,,,,,26.140336990356445,50.478271484375,,,,Hussain Alkhayaat,,,,,,,https://www.propertyfinder.bh/en/plp/buy/land-for-sale-northern-governorate-hamala-56857699.html,2026-09-07T22:43:43.320929+00:00,2026-09-07T22:43:43.320929+00:00,0,2026-09-07T22:43:43.320929+00:00
2026-09-07,new,56857701,,,Apartment,2BHK  | Furnished | Balcony | Gym | Housekeeping,,330.0,,,BHD,monthly,,,,,,,,,,,26.21263313293457,50.67418670654297,,,,Zain Jabbar,,YES,,,,,https://www.propertyfinder.bh/en/plp/rent/apartment-for-rent-muharraq-governorate-hidd-56857701.html,2026-09-07T22:43:43.320929+00:00,2026-09-07T22:43:43.320929+00:00,0,2026-09-07T22:43:43.320929+00:00
2026-09-07,new,56857705,,,Villa,Modern New 4-Bed Villa in Janabiya Pet friendly,,1000.0,,,BHD,monthly,,,,,,,,,,,26.19164276123047,50.48757553100586,,,,Kader CMA,,PARTLY,,,,,https://www.propertyfinder.bh/en/plp/rent/villa-for-rent-northern-governorate-saar-56857705.html,2026-09-07T22:43:43.320929+00:00,2026-09-07T22:43:43.320929+00:00,0,2026-09-07T22:43:43.320929+00:00
2026-09-07,new,56857706,,,Apartment,2BR 3-Bath | Balcony | Gym | Housekeeping | Wifi,,330.0,,,BHD,monthly,,,,,,,,,,,26.21263313293457,50.67418670654297,,,,Muhammad Usman,,YES,,,,,https://www.propertyfinder.bh/en/plp/rent/apartment-for-rent-muharraq-governorate-hidd-56857706.html,2026-09-07T22:43:43.320929+00:00,2026-09-07T22:43:43.320929+00:00,0,2026-09-07T22:43:43.320929+00:00
2026-09-07,new,56857713,,,Apartment,SEA VIEW| MAID ROOM| BALCONY| TALA ISLAND,,1250.0,,,BHD,monthly,,,,,,,,Tala Island,,,26.300025939941406,50.66316223144531,,,,DILSHAB HAMSA,,YES,,,,,https://www.propertyfinder.bh/en/plp/rent/apartment-for-rent-muharraq-governorate-amwaj-islands-tala-island-56857713.html,2026-09-07T22:43:43.320929+00:00,2026-09-07T22:43:43.320929+00:00,0,2026-09-07T22:43:43.320929+00:00
2026-09-07,new,56857731,,,Apartment,VERY SPACIOUS BRIGHT 2 BEDROOM+MAID | GYM | POOL,,600.0,,,BHD,monthly,,,,,,,,Amwaj Avenue,,,26.29302978515625,50.66474151611328,,,,Fadi Eweida,,YES,,,,,https://www.propertyfinder.bh/en/plp/rent/apartment-for-rent-muharraq-governorate-amwaj-islands-amwaj-avenue-56857731.html,2026-09-07T22:43:43.320929+00:00,2026-09-07T22:43:43.320929+00:00,0,2026-09-07T22:43:43.320929+00:00
2026-09-07,new,56857748,,,Apartment,AFORDABLE MODERN LUXURY WITH AMAZING FACILITIES,,450.0,,,BHD,monthly,,,,,,,,The Lagoon,,,26.287778854370117,50.66339111328125,,,,Fadi Eweida,,YES,,,,,https://www.propertyfinder.bh/en/plp/rent/apartment-for-rent-muharraq-governorate-amwaj-islands-the-lagoon-56857748.html,2026-09-07T22:43:43.320929+00:00,2026-09-07T22:43:43.320929+00:00,0,2026-09-07T22:43:43.320929+00:00
2026-09-07,new,56857761,,,Penthouse,BRIGHT | SEA VIEW | HUGE TERRACE | PETS FRIENDLY,,750.0,,,BHD,monthly,,,,,,,,The Lagoon,,,26.287778854370117,50.66339111328125,,,,Fadi Eweida,,YES,,,,,https://www.propertyfinder.bh/en/plp/rent/penthouse-for-rent-muharraq-governorate-amwaj-islands-the-lagoon-56857761.html,2026-09-07T22:43:43.320929+00:00,2026-09-07T22:43:43.320929+00:00,0,2026-09-07T22:43:43.320929+00:00
2026-09-07,new,56857773,,,Apartment,Stunning views. Superb atmosphere. Stellar Price !,,280.0,,,BHD,monthly,,,,,,,,,,,26.211111068725586,50.601112365722656,,,,Arun Kumar Mammaniya,,YES,,,,,https://www.propertyfinder.bh/en/plp/rent/apartment-for-rent-capital-governorate-al-juffair-56857773.html,2026-09-07T22:43:43.320929+00:00,2026-09-07T22:43:43.320929+00:00,0,2026-09-07T22:43:43.320929+00:00
2026-09-07,new,56857779,,,Apartment,LOW PRICE | SEA VIEW BALCONY | FACILITIES | WIFI,,370.0,,,BHD,monthly,,,,,,,,The Lagoon,,,26.287778854370117,50.66339111328125,,,,Fadi Eweida,,YES,,,,,https://www.propertyfinder.bh/en/plp/rent/apartment-for-rent-muharraq-governorate-amwaj-islands-the-lagoon-56857779.html,2026-09-07T22:43:43.320929+00:00,2026-09-07T22:43:43.320929+00:00,0,2026-09-07T22:43:43.320929+00:00
2026-09-07,new,56857780,,,Apartment,HOT DEAL | SEA VIEW | BEACH ACCESS | 2 BALCONIES,,450.0,,,BHD,monthly,,,,,,,,Amwaj Marina,,,26.293058395385742,50.65943908691406,,,,Fadi Eweida,,YES,,,,,https://www.propertyfinder.bh/en/plp/rent/apartment-for-rent-muharraq-governorate-amwaj-islands-amwaj-marina-56857780.html,2026-09-07T22:43:43.320929+00:00,2026-09-07T22:43:43.320929+00:00,0,2026-09-07T22:43:43.320929+00:00
2026-09-07,new,56857785,,,Villa,Skylight Villa | Closed Kitchen | Maid Room,,112000.0,,,BHD,sell,,,,,,,,,,,26.140336990356445,50.478271484375,,,,Kensington Real Estate,,PARTLY,completed_primary,,,,https://www.propertyfinder.bh/en/plp/buy/villa-for-sale-northern-governorate-hamala-56857785.html,2026-09-07T22:43:43.320929+00:00,2026-09-07T22:43:43.320929+00:00,0,2026-09-07T22:43:43.320929+00:00
2026-09-07,new,56857786,,,Apartment,VERY BIG | SWIMMING POOL | GYM | LAGOON VIEW,,350.0,,,BHD,monthly,,,,,,,,The Lagoon,,,26.287778854370117,50.66339111328125,,,,Fadi Eweida,,PARTLY,,,,,https://www.propertyfinder.bh/en/plp/rent/apartment-for-rent-muharraq-governorate-amwaj-islands-the-lagoon-56857786.html,2026-09-07T22:43:43.320929+00:00,2026-09-07T22:43:43.320929+00:00,0,2026-09-07T22:43:43.320929+00:00
2026-09-07,new,56857787,,,Apartment,VERY LOW PRICE WITH EWA | MODERN | POOL+GYM+CATS,,330.0,,,BHD,monthly,,,,,,,,The Lagoon,,,26.287778854370117,50.66339111328125,,,,Fadi Eweida,,YES,,,,,https://www.propertyfinder.bh/en/plp/rent/apartment-for-rent-muharraq-governorate-amwaj-islands-the-lagoon-56857787.html,2026-09-07T22:43:43.320929+00:00,2026-09-07T22:43:43.320929+00:00,0,2026-09-07T22:43:43.320929+00:00
2026-09-07,new,56857815,,,Apartment,Sea View | Balcony | Luxury | High floor,,450.0,,,BHD,monthly,,,,,,,,Amwaj Avenue,,,26.29302978515625,50.66474151611328,,,,Talha Umer,,YES,,,,,https://www.propertyfinder.bh/en/plp/rent/apartment-for-rent-muharraq-governorate-amwaj-islands-amwaj-avenue-56857815.html,2026-09-07T22:43:43.320929+00:00,2026-09-07T22:43:43.320929+00:00,0,2026-09-07T22:43:43.320929+00:00
2026-09-07,new,56857825,,,Apartment,AMAZING TWO STOREY 4BR VILLA+GARDEN+POOL+MAIDROOM,,1500.0,,,BHD,monthly,,,,,,,,,,,26.214487075805664,50.584754943847656,,,,Raaf R,,PARTLY,,,,,https://www.propertyfinder.bh/en/plp/rent/apartment-for-rent-capital-governorate-manama-adliya-56857825.html,2026-09-07T22:43:43.320929+00:00,2026-09-07T22:43:43.320929+00:00,0,2026-09-07T22:43:43.320929+00:00
2026-09-07,new,56857843,,,Apartment,Luxury Stay | FREE WIFI | Hotel Style,,380.0,,,BHD,monthly,,,,,,,,,,,26.211111068725586,50.601112365722656,,,,Bilal Mohamed,,YES,,,,,https://www.propertyfinder.bh/en/plp/rent/apartment-for-rent-capital-governorate-al-juffair-56857843.html,2026-09-07T22:43:43.320929+00:00,2026-09-07T22:43:43.320929+00:00,0,2026-09-07T22:43:43.320929+00:00
2026-09-07,new,56857849,,,Land,for sale a premium residential plot in zinj,,143657.0,,,BHD,sell,,,,,,,,,,,26.2102108001709,50.56403350830078,,,,Salah Hashem,,,,,,,https://www.propertyfinder.bh/en/plp/buy/land-for-sale-capital-governorate-manama-zinj-56857849.html,2026-09-07T22:43:43.320929+00:00,2026-09-07T22:43:43.320929+00:00,0,2026-09-07T22:43:43.320929+00:00
2026-09-07,new,56857850,,,Warehouse,Garage workshop for rent in Hamala,,150.0,,,BHD,monthly,,,,,,,,,,,26.140336990356445,50.478271484375,,,,Mohammed Ali Al Samawi ,,YES,,,,,https://www.propertyfinder.bh/en/plp/commercial-rent/warehouse-for-rent-northern-governorate-hamala-56857850.html,2026-09-07T22:43:43.320929+00:00,2026-09-07T22:43:43.320929+00:00,0,2026-09-07T22:43:43.320929+00:00
2026-09-07,new,56857862,,,Shop,Vibrant Area | Commercial Building | Waterfront,,350.0,,,BHD,monthly,,,,,,,,,,,26.266666412353516,50.650001525878906,,,,Al Lagoon Real Estate ,,PARTLY,,,,,https://www.propertyfinder.bh/en/plp/commercial-rent/shop-for-rent-muharraq-governorate-galali-56857862.html,2026-09-07T22:43:43.320929+00:00,2026-09-07T22:43:43.320929+00:00,0,2026-09-07T22:43:43.320929+00:00
2026-09-07,new,56857863,,,Apartment,Private Park | Big | Prime Location,,150.0,,,BHD,monthly,,,,,,,,,,,26.1314754486084,50.568843841552734,,,,Al Lagoon Real Estate ,,NO,,,,,https://www.propertyfinder.bh/en/plp/rent/apartment-for-rent-southern-governorate-riffa-bu-kowarah-56857863.html,2026-09-07T22:43:43.320929+00:00,2026-09-07T22:43:43.320929+00:00,0,2026-09-07T22:43:43.320929+00:00
2026-09-07,new,56857874,,,Apartment,Brand new - quiet Area - Hall + 3 bedrooms,,52000.0,,,BHD,sell,,,,,,,,,,,26.21263313293457,50.67418670654297,,,,Odai Ajamieh,,NO,completed_primary,,,,https://www.propertyfinder.bh/en/plp/buy/apartment-for-sale-muharraq-governorate-hidd-56857874.html,2026-09-07T22:43:43.320929+00:00,2026-09-07T22:43:43.320929+00:00,0,2026-09-07T22:43:43.320929+00:00
2026-09-07,new,56857875,,,Villa,4 BR Corner Villa | Brand New | Diyar Al Muharraq,,147000.0,,,BHD,sell,,,,,,,,Diyar Al Muharraq,Al Sidra,,26.31142234802246,50.64306640625,,,,Beshoy Milad,,PARTLY,completed_primary,,,,https://www.propertyfinder.bh/en/plp/buy/villa-for-sale-muharraq-governorate-diyar-al-muharraq-al-sidra-56857875.html,2026-09-07T22:43:43.320929+00:00,2026-09-07T22:43:43.320929+00:00,0,2026-09-07T22:43:43.320929+00:00
2026-09-07,new,56857876,,,Villa,5 BR Corner Villa | Brand New | Diyar Al Muharraq,,160000.0,,,BHD,sell,,,,,,,,Diyar Al Muharraq,Al Sidra,,26.31142234802246,50.64306640625,,,,Beshoy Milad,,PARTLY,completed_primary,,,,https://www.propertyfinder.bh/en/plp/buy/villa-for-sale-muharraq-governorate-diyar-al-muharraq-al-sidra-56857876.html,2026-09-07T22:43:43.320929+00:00,2026-09-07T22:43:43.320929+00:00,0,2026-09-07T22:43:43.320929+00:00
2026-09-07,new,56857877,,,Shop,PREMIUM BUSINESS LOCATION FOR RENT|DOUBLE SHUTTER,,1800.0,,,BHD,monthly,,,,,,,,Exhibition Road,,,26.231962203979492,50.59507369995117,,,,Abdul Saboor,,YES,,,,,https://www.propertyfinder.bh/en/plp/commercial-rent/shop-for-rent-capital-governorate-hoora-exhibition-road-56857877.html,2026-09-07T22:43:43.320929+00:00,2026-09-07T22:43:43.320929+00:00,0,2026-09-07T22:43:43.320929+00:00
2026-09-07,new,56857878,,,Apartment,1 Bedroom City View Apartment for Rent in Seef,,400.0,,,BHD,monthly,,,,,,,,,,,26.239999771118164,50.5369987487793,,,,Lheunice Angelique,,YES,,,,,https://www.propertyfinder.bh/en/plp/rent/apartment-for-rent-capital-governorate-seef-56857878.html,2026-09-07T22:43:43.320929+00:00,2026-09-07T22:43:43.320929+00:00,0,2026-09-07T22:43:43.320929+00:00
2026-09-07,new,56857879,,,Apartment,1 BR Furnished Apartment with Water View,,400.0,,,BHD,monthly,,,,,,,,,,,26.239999771118164,50.5369987487793,,,,Lheunice Angelique,,YES,,,,,https://www.propertyfinder.bh/en/plp/rent/apartment-for-rent-capital-governorate-seef-56857879.html,2026-09-07T22:43:43.320929+00:00,2026-09-07T22:43:43.320929+00:00,0,2026-09-07T22:43:43.320929+00:00
2026-09-07,new,56857894,,,Apartment,Freehold For All - 5 bedrooms - Hot price,,65000.0,,,BHD,sell,,,,,,,,,,,26.21263313293457,50.67418670654297,,,,Odai Ajamieh,,NO,completed_primary,,,,https://www.propertyfinder.bh/en/plp/buy/apartment-for-sale-muharraq-governorate-hidd-56857894.html,2026-09-07T22:43:43.320929+00:00,2026-09-07T22:43:43.320929+00:00,0,2026-09-07T22:43:43.320929+00:00
2026-09-07,new,56857895,,,Apartment,Sea View | Modern | Five-star Amenities.,,950.0,,,BHD,monthly,,,,,,,,,,,26.249584197998047,50.580360412597656,,,,Ahmad Hassan,,YES,,,,,https://www.propertyfinder.bh/en/plp/rent/apartment-for-rent-capital-governorate-bahrain-bay-56857895.html,2026-09-07T22:43:43.320929+00:00,2026-09-07T22:43:43.320929+00:00,0,2026-09-07T22:43:43.320929+00:00
2026-09-07,new,56857896,,,Apartment,Great location | All-inclusive | Affordable price,,150.0,,,BHD,monthly,,,,,,,,,,,26.25605010986328,50.60966491699219,,,,Al Lagoon Real Estate ,,NO,,,,,https://www.propertyfinder.bh/en/plp/rent/apartment-for-rent-northern-governorate-bani-jamra-56857896.html,2026-09-07T22:43:43.320929+00:00,2026-09-07T22:43:43.320929+00:00,0,2026-09-07T22:43:43.320929+00:00
2026-09-07,new,56857910,,,Apartment,Brand new - Majlis - Hall - 3 Room- Accept TASHEEL,,64000.0,,,BHD,sell,,,,,,,,,,,26.21263313293457,50.67418670654297,,,,Odai Ajamieh,,PARTLY,completed_primary,,,,https://www.propertyfinder.bh/en/plp/buy/apartment-for-sale-muharraq-governorate-hidd-56857910.html,2026-09-07T22:43:43.320929+00:00,2026-09-07T22:43:43.320929+00:00,0,2026-09-07T22:43:43.320929+00:00
2026-09-07,new,56857913,,,Villa,Luxury Spacious Semi Furnished four Bedroom Villa,,650.0,,,BHD,monthly,,,,,,,,,,,26.203079223632812,50.594947814941406,,,,Manaf M,,PARTLY,,,,,https://www.propertyfinder.bh/en/plp/rent/villa-for-rent-capital-governorate-manama-um-al-hasam-56857913.html,2026-09-07T22:43:43.320929+00:00,2026-09-07T22:43:43.320929+00:00,0,2026-09-07T22:43:43.320929+00:00
2026-09-07,new,56857917,,,Apartment,Elegant | Prime Location | Sea View.,,800.0,,,BHD,monthly,,,,,,,,Bahrain Financial Harbour,,,26.23778533935547,50.57342529296875,,,,Ahmad Hassan,,YES,,,,,https://www.propertyfinder.bh/en/plp/rent/apartment-for-rent-capital-governorate-manama-bahrain-financial-harbour-56857917.html,2026-09-07T22:43:43.320929+00:00,2026-09-07T22:43:43.320929+00:00,0,2026-09-07T22:43:43.320929+00:00
2026-09-07,new,56857920,,,Apartment,2 BR Apartment for rent in Aali,,120.0,,,BHD,monthly,,,,,,,,,,,26.1634578704834,50.515289306640625,,,,Ahmed Ali,,NO,,,,,https://www.propertyfinder.bh/en/plp/rent/apartment-for-rent-central-governorate-a-ali-56857920.html,2026-09-07T22:43:43.320929+00:00,2026-09-07T22:43:43.320929+00:00,0,2026-09-07T22:43:43.320929+00:00
2026-09-07,new,56857921,,,Apartment,5 Year Payment Plan | 0% interest | Large Balcony,,129000.0,,,BHD,sell,,,,,,,,Breeze of Dilmunia,,,26.26974105834961,50.6783332824707,,,,Gulnaz Amangeldinova,,YES,completed_primary,,,,https://www.propertyfinder.bh/en/plp/buy/apartment-for-sale-muharraq-governorate-dilmunia-island-breeze-of-dilmunia-56857921.html,2026-09-07T22:43:43.320929+00:00,2026-09-07T22:43:43.320929+00:00,0,2026-09-07T22:43:43.320929+00:00
2026-09-07,new,56857941,,,Apartment,Great Value! - Title Deed Ready - Move-In Now!,,58000.0,,,BHD,sell,,,,,,,,Diyar Al Muharraq,,,26.303447723388672,50.6461296081543,,,,Conrad Albert Tope,,YES,completed,,,,https://www.propertyfinder.bh/en/plp/buy/apartment-for-sale-muharraq-governorate-diyar-al-muharraq-marassi-al-bahrain-56857941.html,2026-09-07T22:43:43.320929+00:00,2026-09-07T22:43:43.320929+00:00,0,2026-09-07T22:43:43.320929+00:00
2026-09-07,new,56857945,,,Apartment,Great location | Modern | Reasonably priced,,64000.0,,,BHD,sell,,,,,,,,Al Bahair,,,26.149368286132812,50.56598663330078,,,,Al Lagoon Real Estate ,,NO,completed_primary,,,,https://www.propertyfinder.bh/en/plp/buy/apartment-for-sale-southern-governorate-riffa-al-bahair-56857945.html,2026-09-07T22:43:43.320929+00:00,2026-09-07T22:43:43.320929+00:00,0,2026-09-07T22:43:43.320929+00:00
2026-09-07,new,56857949,,,Apartment,LUXURIOUS 2-BHK|CITY VIEW |BALCONY |PETS ALLOWED,,550.0,,,BHD,monthly,,,,,,,,Amwaj Avenue,,,26.29302978515625,50.66474151611328,,,,Osama Butt,,YES,,,,,https://www.propertyfinder.bh/en/plp/rent/apartment-for-rent-muharraq-governorate-amwaj-islands-amwaj-avenue-56857949.html,2026-09-07T22:43:43.320929+00:00,2026-09-07T22:43:43.320929+00:00,0,2026-09-07T22:43:43.320929+00:00
2026-09-07,new,56857959,,,Apartment,Sea View | Spacious | Investment opportunity.,,109000.0,,,BHD,sell,,,,,,,,,,,26.241750717163086,50.5663948059082,,,,Ahmad Hassan,,YES,completed,,,,https://www.propertyfinder.bh/en/plp/buy/apartment-for-sale-capital-governorate-reef-island-56857959.html,2026-09-07T22:43:43.320929+00:00,2026-09-07T22:43:43.320929+00:00,0,2026-09-07T22:43:43.320929+00:00
2026-09-07,new,56857964,,,Apartment,Sea View | Spacious | New Renovated,,699.0,,,BHD,monthly,,,,,,,,,,,26.241750717163086,50.5663948059082,,,,Ahmad Hassan,,YES,,,,,https://www.propertyfinder.bh/en/plp/rent/apartment-for-rent-capital-governorate-reef-island-56857964.html,2026-09-07T22:43:43.320929+00:00,2026-09-07T22:43:43.320929+00:00,0,2026-09-07T22:43:43.320929+00:00
2026-09-07,new,56857970,,,Apartment,Off-Plan|Investment Opportunity|Luxury Life Style,,100000.0,,,BHD,sell,,,,,,,,Marina Residence,,,26.294925689697266,50.65987014770508,,,,Ahmad Hassan,,PARTLY,off_plan_primary,,,,https://www.propertyfinder.bh/en/plp/buy/apartment-for-sale-capital-governorate-manama-marina-residence-56857970.html,2026-09-07T22:43:43.320929+00:00,2026-09-07T22:43:43.320929+00:00,0,2026-09-07T22:43:43.320929+00:00
2026-09-07,new,56857973,,,Apartment,Investment Opportunity | Prime Property | Modern.,,53500.0,,,BHD,sell,,,,,,,,Bahrain Financial Harbour,,,26.23778533935547,50.57342529296875,,,,Ahmad Hassan,,YES,completed,,,,https://www.propertyfinder.bh/en/plp/buy/apartment-for-sale-capital-governorate-manama-bahrain-financial-harbour-56857973.html,2026-09-07T22:43:43.320929+00:00,2026-09-07T22:43:43.320929+00:00,0,2026-09-07T22:43:43.320929+00:00
2026-09-07,new,56857974,,,Apartment,A great location | New | Spacious,,86000.0,,,BHD,sell,,,,,,,,Al Bahair,,,26.149368286132812,50.56598663330078,,,,Al Lagoon Real Estate ,,NO,completed_primary,,,,https://www.propertyfinder.bh/en/plp/buy/apartment-for-sale-southern-governorate-riffa-al-bahair-56857974.html,2026-09-07T22:43:43.320929+00:00,2026-09-07T22:43:43.320929+00:00,0,2026-09-07T22:43:43.320929+00:00
2026-09-07,new,56857984,,,Apartment,Spacious 2BHK | Semi-Furnished | Closed Kitchen,,220.0,,,BHD,monthly,,,,,,,,,,,26.21263313293457,50.67418670654297,,,,Zain Jabbar,,PARTLY,,,,,https://www.propertyfinder.bh/en/plp/rent/apartment-for-rent-muharraq-governorate-hidd-56857984.html,2026-09-07T22:43:43.320929+00:00,2026-09-07T22:43:43.320929+00:00,0,2026-09-07T22:43:43.320929+00:00
2026-09-07,new,56857985,,,Apartment,Sea View | Luxury Furnishing | Closed Kitchen.,,700.0,,,BHD,monthly,,,,,,,,Bahrain Financial Harbour,,,26.23778533935547,50.57342529296875,,,,Ahmad Hassan,,YES,,,,,https://www.propertyfinder.bh/en/plp/rent/apartment-for-rent-capital-governorate-manama-bahrain-financial-harbour-56857985.html,2026-09-07T22:43:43.320929+00:00,2026-09-07T22:43:43.320929+00:00,0,2026-09-07T22:43:43.320929+00:00
2026-09-07,new,56857993,,,Apartment,Semi-Furnished 2-2 Bedrooms | Closed Kitchen,,220.0,,,BHD,monthly,,,,,,,,,,,26.21263313293457,50.67418670654297,,,,Muhammad Usman,,PARTLY,,,,,https://www.propertyfinder.bh/en/plp/rent/apartment-for-rent-muharraq-governorate-hidd-56857993.html,2026-09-07T22:43:43.320929+00:00,2026-09-07T22:43:43.320929+00:00,0,2026-09-07T22:43:43.320929+00:00
2026-09-07,new,56857994,,,Apartment,MODERN FURNISHED ONE BEDROOM APARTMENT-BALCONY,,260.0,,,BHD,monthly,,,,,,,,,,,26.214487075805664,50.584754943847656,,,,Manaf M,,YES,,,,,https://www.propertyfinder.bh/en/plp/rent/apartment-for-rent-capital-governorate-manama-adliya-56857994.html,2026-09-07T22:43:43.320929+00:00,2026-09-07T22:43:43.320929+00:00,0,2026-09-07T22:43:43.320929+00:00
2026-09-07,new,56858005,,,Apartment,BEACH ACCESS | MODERN | NEXT TO MALL | SPACIOUS,,550.0,,,BHD,monthly,,,,,,,,Diyar Al Muharraq,,,26.303447723388672,50.6461296081543,,,,Dulce Sevilla,,YES,,,,,https://www.propertyfinder.bh/en/plp/rent/apartment-for-rent-muharraq-governorate-diyar-al-muharraq-marassi-al-bahrain-56858005.html,2026-09-07T22:43:43.320929+00:00,2026-09-07T22:43:43.320929+00:00,0,2026-09-07T22:43:43.320929+00:00
2026-09-07,new,56858014,,,Apartment,HOT DEAL | SPACIOUS | MODERN | READY TO MOVE IN,,425.0,,,BHD,monthly,,,,,,,,The Lagoon,,,26.287778854370117,50.66339111328125,,,,Dulce Sevilla,,YES,,,,,https://www.propertyfinder.bh/en/plp/rent/apartment-for-rent-muharraq-governorate-amwaj-islands-the-lagoon-56858014.html,2026-09-07T22:43:43.320929+00:00,2026-09-07T22:43:43.320929+00:00,0,2026-09-07T22:43:43.320929+00:00
2026-09-07,new,56858017,,,Apartment,SkyLine View | Spacious | Close Kitchen & Laundry,,600.0,,,BHD,monthly,,,,,,,,Bahrain Financial Harbour,,,26.23778533935547,50.57342529296875,,,,Ahmad Hassan,,PARTLY,,,,,https://www.propertyfinder.bh/en/plp/rent/apartment-for-rent-capital-governorate-manama-bahrain-financial-harbour-56858017.html,2026-09-07T22:43:43.320929+00:00,2026-09-07T22:43:43.320929+00:00,0,2026-09-07T22:43:43.320929+00:00
2026-09-07,new,56858021,,,Apartment,Luxurious Stunning 1BR  fully Furnished Apartment,,260.0,,,BHD,monthly,,,,,,,,,,,26.214487075805664,50.584754943847656,,,,Manaf M,,YES,,,,,https://www.propertyfinder.bh/en/plp/rent/apartment-for-rent-capital-governorate-manama-adliya-56858021.html,2026-09-07T22:43:43.320929+00:00,2026-09-07T22:43:43.320929+00:00,0,2026-09-07T22:43:43.320929+00:00
2026-09-07,new,56858028,,,Villa,Best Deal Freehold Brand New 4BR | No Annual Fees,,145000.0,,,BHD,sell,,,,,,,,Diyar Al Muharraq,,,26.31142234802246,50.64306640625,,,,Muhammad Jahengir Akram,,NO,completed,,,,https://www.propertyfinder.bh/en/plp/buy/villa-for-sale-muharraq-governorate-diyar-al-muharraq-56858028.html,2026-09-07T22:43:43.320929+00:00,2026-09-07T22:43:43.320929+00:00,0,2026-09-07T22:43:43.320929+00:00
2026-09-07,new,56858032,,,Apartment,Furnished Studio | Beach Access |Water Garden City,,330.0,,,BHD,monthly,,,,,,,,Water Garden City,,,26.24260139465332,50.55380630493164,,,,Pegasus Brokerage,,YES,,,,,https://www.propertyfinder.bh/en/plp/rent/apartment-for-rent-capital-governorate-manama-water-garden-city-56858032.html,2026-09-07T22:43:43.320929+00:00,2026-09-07T22:43:43.320929+00:00,0,2026-09-07T22:43:43.320929+00:00
2026-09-07,new,56858035,,,Apartment,FRESHLY RENOVATED WATER VIEWS NATURALLY WELL-LIT,,450.0,,,BHD,monthly,,,,,,,,Tala Island,,,26.300025939941406,50.66316223144531,,,,Jerry Alcampor,,YES,,,,,https://www.propertyfinder.bh/en/plp/rent/apartment-for-rent-muharraq-governorate-amwaj-islands-tala-island-56858035.html,2026-09-07T22:43:43.320929+00:00,2026-09-07T22:43:43.320929+00:00,0,2026-09-07T22:43:43.320929+00:00
2026-09-07,new,56858047,,,Villa,CLOSE TO SAINT CHRISTOPHER SCHOOL~ALL INCLUSIVE,,1800.0,,,BHD,monthly,,,,,,,,Al Areen Development,,,26.003664016723633,50.517555236816406,,,,Ahmed Shaikh,,YES,,,,,https://www.propertyfinder.bh/en/plp/rent/villa-for-rent-southern-governorate-zallaq-al-areen-development-56858047.html,2026-09-07T22:43:43.320929+00:00,2026-09-07T22:43:43.320929+00:00,0,2026-09-07T22:43:43.320929+00:00
2026-09-07,new,56858049,,,Apartment,STUNNING CANAL VIEW IN THE HEART OF BAHRAIN,,95000.0,,,BHD,sell,,,,,,,,Bahrain Financial Harbour,,,26.23778533935547,50.57342529296875,,,,Ahmad Hassan,,PARTLY,completed,,,,https://www.propertyfinder.bh/en/plp/buy/apartment-for-sale-capital-governorate-manama-bahrain-financial-harbour-56858049.html,2026-09-07T22:43:43.320929+00:00,2026-09-07T22:43:43.320929+00:00,0,2026-09-07T22:43:43.320929+00:00
2026-09-07,new,56858053,,,Apartment,PRIVATE BEACH | COZY FURNITURE | GATED COMMUNITY,,450.0,,,BHD,monthly,,,,,,,,Tala Island,,,26.300025939941406,50.66316223144531,,,,Jerry Alcampor,,YES,,,,,https://www.propertyfinder.bh/en/plp/rent/apartment-for-rent-muharraq-governorate-amwaj-islands-tala-island-56858053.html,2026-09-07T22:43:43.320929+00:00,2026-09-07T22:43:43.320929+00:00,0,2026-09-07T22:43:43.320929+00:00
2026-09-07,new,56858064,,,Villa,Canal Access | Spacious 3 BR FF | Navy Approved,,950.0,,,BHD,monthly,,,,,,,,Al Marsa Floating City,,,26.2847957611084,50.669620513916016,,,,Hafiz Mohammad Rizwan Ashraf,,YES,,,,,https://www.propertyfinder.bh/en/plp/rent/villa-for-rent-muharraq-governorate-amwaj-islands-al-marsa-floating-city-56858064.html,2026-09-07T22:43:43.320929+00:00,2026-09-07T22:43:43.320929+00:00,0,2026-09-07T22:43:43.320929+00:00
2026-09-07,new,56858065,,,Villa,Brand new | Modern | Closed Kitchen |   Maids room,,142000.0,,,BHD,sell,,,,,,,,,,,26.183332443237305,50.516666412353516,,,,Kensington Real Estate,,PARTLY,completed,,,,https://www.propertyfinder.bh/en/plp/buy/villa-for-sale-central-governorate-salmabad-56858065.html,2026-09-07T22:43:43.320929+00:00,2026-09-07T22:43:43.320929+00:00,0,2026-09-07T22:43:43.320929+00:00
2026-09-07,new,56858069,,,Apartment,Seafront Elegance at Dilmunia 5 Year Payment Plan,,72000.0,,,BHD,sell,,,,,,,,Breeze of Dilmunia,,,26.26974105834961,50.6783332824707,,,,Gulnaz Amangeldinova,,YES,completed_primary,,,,https://www.propertyfinder.bh/en/plp/buy/apartment-for-sale-muharraq-governorate-dilmunia-island-breeze-of-dilmunia-56858069.html,2026-09-07T22:43:43.320929+00:00,2026-09-07T22:43:43.320929+00:00,0,2026-09-07T22:43:43.320929+00:00
2026-09-07,new,56858072,,,Apartment,Amazing Price | Luxurious | Bright Ambiance,,630.0,,,BHD,monthly,,,,,,,,Bahrain Financial Harbour,,,26.23778533935547,50.57342529296875,,,,Ahmad Hassan,,YES,,,,,https://www.propertyfinder.bh/en/plp/rent/apartment-for-rent-capital-governorate-manama-bahrain-financial-harbour-56858072.html,2026-09-07T22:43:43.320929+00:00,2026-09-07T22:43:43.320929+00:00,0,2026-09-07T22:43:43.320929+00:00
2026-09-07,new,56858087,,,Apartment,Sea View | Brand New | Modern Layout.,,420.0,,,BHD,monthly,,,,,,,,Bahrain Financial Harbour,,,26.23778533935547,50.57342529296875,,,,Ahmad Hassan,,PARTLY,,,,,https://www.propertyfinder.bh/en/plp/rent/apartment-for-rent-capital-governorate-manama-bahrain-financial-harbour-56858087.html,2026-09-07T22:43:43.320929+00:00,2026-09-07T22:43:43.320929+00:00,0,2026-09-07T22:43:43.320929+00:00
2026-09-07,new,56858088,,,Apartment,Modern | Balcony | P Sea View | Inclusive,,600.0,,,BHD,monthly,,,,,,,,,,,26.211111068725586,50.601112365722656,,,,Milkah Afandi,,YES,,,,,https://www.propertyfinder.bh/en/plp/rent/apartment-for-rent-capital-governorate-al-juffair-56858088.html,2026-09-07T22:43:43.320929+00:00,2026-09-07T22:43:43.320929+00:00,0,2026-09-07T22:43:43.320929+00:00
2026-09-07,new,56858093,,,Apartment,BEACH AND SEA VIEWS | LUXURY LIVING ON REEF | HOT,,500.0,,,BHD,monthly,,,,,,,,,,,26.241750717163086,50.5663948059082,,,,Anza Khurram,,YES,,,,,https://www.propertyfinder.bh/en/plp/rent/apartment-for-rent-capital-governorate-reef-island-56858093.html,2026-09-07T22:43:43.320929+00:00,2026-09-07T22:43:43.320929+00:00,0,2026-09-07T22:43:43.320929+00:00
2026-09-07,new,56858101,,,Apartment,SPACIOUS 2BHK |SEA VIEW |BALCONY |HOUSEKEEPING,,380.0,,,BHD,monthly,,,,,,,,Amwaj Avenue,,,26.29302978515625,50.66474151611328,,,,Osama Butt,,YES,,,,,https://www.propertyfinder.bh/en/plp/rent/apartment-for-rent-muharraq-governorate-amwaj-islands-amwaj-avenue-56858101.html,2026-09-07T22:43:43.320929+00:00,2026-09-07T22:43:43.320929+00:00,0,2026-09-07T22:43:43.320929+00:00
2026-09-07,new,56858104,,,Apartment,Stylish Furnished 2BR | Saar | Great Value,,350.0,,,BHD,monthly,,,,,,,,,,,26.19164276123047,50.48757553100586,,,,Property Locators 2,,YES,,,,,https://www.propertyfinder.bh/en/plp/rent/apartment-for-rent-northern-governorate-saar-56858104.html,2026-09-07T22:43:43.320929+00:00,2026-09-07T22:43:43.320929+00:00,0,2026-09-07T22:43:43.320929+00:00
2026-09-07,new,56858105,,,Land,Residential land for sale in Al Qarya,,96134.0,,,BHD,sell,,,,,,,,,,,26.20011329650879,50.46629333496094,,,,Hussain Alkhayaat,,,,,,,https://www.propertyfinder.bh/en/plp/buy/land-for-sale-northern-governorate-al-qurayyah-56858105.html,2026-09-07T22:43:43.320929+00:00,2026-09-07T22:43:43.320929+00:00,0,2026-09-07T22:43:43.320929+00:00
2026-09-07,new,56858106,,,Apartment,Stylish Two-Bedroom Apartment for Rent in Saar,,350.0,,,BHD,monthly,,,,,,,,,,,26.19164276123047,50.48757553100586,,,,Property Locators 2,,YES,,,,,https://www.propertyfinder.bh/en/plp/rent/apartment-for-rent-northern-governorate-saar-56858106.html,2026-09-07T22:43:43.320929+00:00,2026-09-07T22:43:43.320929+00:00,0,2026-09-07T22:43:43.320929+00:00
2026-09-07,new,56858107,,,Villa,3 BR Villa with Private Pool and 2 Parking Slots,,230000.0,,,BHD,sell,,,,,,,,Diyar Al Muharraq,,,26.31142234802246,50.64306640625,,,,Sayed Murtadha Alqasab,,NO,completed_primary,,,,https://www.propertyfinder.bh/en/plp/buy/villa-for-sale-muharraq-governorate-diyar-al-muharraq-56858107.html,2026-09-07T22:43:43.320929+00:00,2026-09-07T22:43:43.320929+00:00,0,2026-09-07T22:43:43.320929+00:00
2026-09-07,new,56858118,,,Villa,3 BR Villa with Private Pool and 2 Parking Slots,,225000.0,,,BHD,sell,,,,,,,,Diyar Al Muharraq,,,26.31142234802246,50.64306640625,,,,Sayed Murtadha Alqasab,,NO,completed_primary,,,,https://www.propertyfinder.bh/en/plp/buy/villa-for-sale-muharraq-governorate-diyar-al-muharraq-56858118.html,2026-09-07T22:43:43.320929+00:00,2026-09-07T22:43:43.320929+00:00,0,2026-09-07T22:43:43.320929+00:00
2026-09-07,new,56858119,,,Villa,5 BR Villa with Maids Room in 220 sqm Layout,,142000.0,,,BHD,sell,,,,,,,,Diyar Al Muharraq,Deerat Al Oyoun,,26.31142234802246,50.64306640625,,,,Sayed Murtadha Alqasab,,NO,completed_primary,,,,https://www.propertyfinder.bh/en/plp/buy/villa-for-sale-muharraq-governorate-diyar-al-muharraq-deerat-al-oyoun-56858119.html,2026-09-07T22:43:43.320929+00:00,2026-09-07T22:43:43.320929+00:00,0,2026-09-07T22:43:43.320929+00:00
2026-09-07,new,56858120,,,Apartment,Residential area | Quiet | Amenities,,250.0,,,BHD,monthly,,,,,,,,,,,26.185943603515625,50.46711349487305,,,,Al Lagoon Real Estate ,,PARTLY,,,,,https://www.propertyfinder.bh/en/plp/rent/apartment-for-rent-northern-governorate-janabiya-56858120.html,2026-09-07T22:43:43.320929+00:00,2026-09-07T22:43:43.320929+00:00,0,2026-09-07T22:43:43.320929+00:00
2026-09-07,new,56858121,,,Apartment,BRIGHT and BEAUTIFUL 2BR | SAAR,,410.0,,,BHD,monthly,,,,,,,,,,,26.19164276123047,50.48757553100586,,,,Property Locators 2,,YES,,,,,https://www.propertyfinder.bh/en/plp/rent/apartment-for-rent-northern-governorate-saar-56858121.html,2026-09-07T22:43:43.320929+00:00,2026-09-07T22:43:43.320929+00:00,0,2026-09-07T22:43:43.320929+00:00
2026-09-07,new,56858122,,,Apartment,ELEGANT and MODERN 2BR | EWA INCLUDED,,370.0,,,BHD,monthly,,,,,,,,,,,26.19164276123047,50.48757553100586,,,,Property Locators 2,,YES,,,,,https://www.propertyfinder.bh/en/plp/rent/apartment-for-rent-northern-governorate-saar-56858122.html,2026-09-07T22:43:43.320929+00:00,2026-09-07T22:43:43.320929+00:00,0,2026-09-07T22:43:43.320929+00:00
2026-09-07,new,56858130,,,Apartment,Modern Fully Furnished 2 Bedroom Apartment,,480.0,,,BHD,monthly,,,,,,,,,,,26.185943603515625,50.46711349487305,,,,Property Locators 2,,YES,,,,,https://www.propertyfinder.bh/en/plp/rent/apartment-for-rent-northern-governorate-janabiya-56858130.html,2026-09-07T22:43:43.320929+00:00,2026-09-07T22:43:43.320929+00:00,0,2026-09-07T22:43:43.320929+00:00
2026-09-07,new,56858147,,,Apartment,BRAND NEW | PET FRIENDLY | AMAZING SEA VIEW | DEAL,,750.0,,,BHD,monthly,,,,,,,,,,,26.241750717163086,50.5663948059082,,,,Anza Khurram,,YES,,,,,https://www.propertyfinder.bh/en/plp/rent/apartment-for-rent-capital-governorate-reef-island-56858147.html,2026-09-07T22:43:43.320929+00:00,2026-09-07T22:43:43.320929+00:00,0,2026-09-07T22:43:43.320929+00:00
2026-09-07,new,56858149,,,Land,Residential | Land | Al Ramli |,,103818.0,,,BHD,sell,,,,,,,,,,,26.1634578704834,50.515289306640625,,,,Mohamed Abdali,,,,,,,https://www.propertyfinder.bh/en/plp/buy/land-for-sale-central-governorate-a-ali-56858149.html,2026-09-07T22:43:43.320929+00:00,2026-09-07T22:43:43.320929+00:00,0,2026-09-07T22:43:43.320929+00:00
2026-09-07,new,56858161,,,Apartment,HOT | BRAND NEW | SEA VIEW | ALL INCLUSIVE DEAL |,,750.0,,,BHD,monthly,,,,,,,,,,,26.241750717163086,50.5663948059082,,,,Anza Khurram,,YES,,,,,https://www.propertyfinder.bh/en/plp/rent/apartment-for-rent-capital-governorate-reef-island-56858161.html,2026-09-07T22:43:43.320929+00:00,2026-09-07T22:43:43.320929+00:00,0,2026-09-07T22:43:43.320929+00:00
2026-09-07,new,56858176,,,Apartment,Balcony | Open Kitchen | Gym | Water Garden,,350.0,,,BHD,monthly,,,,,,,,Water Garden City,,,26.24260139465332,50.55380630493164,,,,Orhan Shakoor Humood,,YES,,,,,https://www.propertyfinder.bh/en/plp/rent/apartment-for-rent-capital-governorate-manama-water-garden-city-56858176.html,2026-09-07T22:43:43.320929+00:00,2026-09-07T22:43:43.320929+00:00,0,2026-09-07T22:43:43.320929+00:00
2026-09-07,new,56858186,,,Apartment,SEA VIEW | MODERN | BRIGHT | SPACIOUS | TOP,,320.0,,,BHD,monthly,,,,,,,,,,,26.211111068725586,50.601112365722656,,,,Gulnaz Amangeldinova,,YES,,,,,https://www.propertyfinder.bh/en/plp/rent/apartment-for-rent-capital-governorate-al-juffair-56858186.html,2026-09-07T22:43:43.320929+00:00,2026-09-07T22:43:43.320929+00:00,0,2026-09-07T22:43:43.320929+00:00
2026-09-07,new,56858190,,,Apartment,Pets Allowed | Semi Open Kitchen | Spacious |,,350.0,,,BHD,monthly,,,,,,,,,,,26.211111068725586,50.601112365722656,,,,Aileen Camarillo,,YES,,,,,https://www.propertyfinder.bh/en/plp/rent/apartment-for-rent-capital-governorate-al-juffair-56858190.html,2026-09-07T22:43:43.320929+00:00,2026-09-07T22:43:43.320929+00:00,0,2026-09-07T22:43:43.320929+00:00
2026-09-07,new,56858194,,,Land,Commercial | Land | Adhari |COM,,230653.0,,,BHD,sell,,,,,,,,,,,26.203187942504883,50.54228591918945,,,,Zaid Alwaheb,,,,,,,https://www.propertyfinder.bh/en/plp/commercial-buy/land-for-sale-capital-governorate-manama-adhari-56858194.html,2026-09-07T22:43:43.320929+00:00,2026-09-07T22:43:43.320929+00:00,0,2026-09-07T22:43:43.320929+00:00
2026-09-07,new,56858195,,,Apartment,Closed Kitchen | New Furniture | Modern | Bright |,,350.0,,,BHD,monthly,,,,,,,,,,,26.211111068725586,50.601112365722656,,,,Aileen Camarillo,,YES,,,,,https://www.propertyfinder.bh/en/plp/rent/apartment-for-rent-capital-governorate-al-juffair-56858195.html,2026-09-07T22:43:43.320929+00:00,2026-09-07T22:43:43.320929+00:00,0,2026-09-07T22:43:43.320929+00:00
2026-09-07,new,56858197,,,Apartment,New Furniture | Balcony | Closed Kitchen | Bright,,350.0,,,BHD,monthly,,,,,,,,,,,26.211111068725586,50.601112365722656,,,,Aileen Camarillo,,YES,,,,,https://www.propertyfinder.bh/en/plp/rent/apartment-for-rent-capital-governorate-al-juffair-56858197.html,2026-09-07T22:43:43.320929+00:00,2026-09-07T22:43:43.320929+00:00,0,2026-09-07T22:43:43.320929+00:00
2026-09-07,new,56858198,,,Apartment,New Furniture | Balcony | Closed Kitchen | Bright,,350.0,,,BHD,monthly,,,,,,,,,,,26.211111068725586,50.601112365722656,,,,Aileen Camarillo,,YES,,,,,https://www.propertyfinder.bh/en/plp/rent/apartment-for-rent-capital-governorate-al-juffair-56858198.html,2026-09-07T22:43:43.320929+00:00,2026-09-07T22:43:43.320929+00:00,0,2026-09-07T22:43:43.320929+00:00
2026-09-07,new,56858199,,,Villa,Sea View Villa | Garden | Fully Furnished,,146000.0,,,BHD,sell,,,,,,,,,,,26.213165283203125,50.447471618652344,,,,Duaa Alsayegh,,YES,completed,,,,https://www.propertyfinder.bh/en/plp/buy/villa-for-sale-northern-governorate-budaiya-56858199.html,2026-09-07T22:43:43.320929+00:00,2026-09-07T22:43:43.320929+00:00,0,2026-09-07T22:43:43.320929+00:00
2026-09-07,new,56858210,,,Warehouse,FACTORY WAREHOUSE |AMPLE POWER LOAD | OFFICE ROOMS,,4800.0,,,BHD,monthly,,,,,,,,,,,26.085487365722656,50.61517333984375,,,,Shaji Pathrose,,YES,,,,,https://www.propertyfinder.bh/en/plp/commercial-rent/warehouse-for-rent-southern-governorate-ras-zuwayed-56858210.html,2026-09-07T22:43:43.320929+00:00,2026-09-07T22:43:43.320929+00:00,0,2026-09-07T22:43:43.320929+00:00
2026-09-07,new,56858213,,,Apartment,PENTHOUSE | WHOLE ISLAND AT YOUR FEET | TERRACE |,,1700.0,,,BHD,monthly,,,,,,,,,,,26.241750717163086,50.5663948059082,,,,Anza Khurram,,YES,,,,,https://www.propertyfinder.bh/en/plp/rent/apartment-for-rent-capital-governorate-reef-island-56858213.html,2026-09-07T22:43:43.320929+00:00,2026-09-07T22:43:43.320929+00:00,0,2026-09-07T22:43:43.320929+00:00
2026-09-07,new,56858214,,,Land,Prime Land | A’ali | RA  |  residential,,116630.0,,,BHD,sell,,,,,,,,,,,26.1634578704834,50.515289306640625,,,,Sadeq Habib,,,,,,,https://www.propertyfinder.bh/en/plp/buy/land-for-sale-central-governorate-a-ali-56858214.html,2026-09-07T22:43:43.320929+00:00,2026-09-07T22:43:43.320929+00:00,0,2026-09-07T22:43:43.320929+00:00
2026-09-07,new,56858216,,,Apartment,2 BR FULL FURNISHED APARTMENT IN BUGHAZAL WITH EWA,,350.0,,,BHD,monthly,,,,,,,,,,,26.207796096801758,50.57180404663086,,,,Abdulla  Ali,,YES,,,,,https://www.propertyfinder.bh/en/plp/rent/apartment-for-rent-capital-governorate-manama-bu-ghazal-56858216.html,2026-09-07T22:43:43.320929+00:00,2026-09-07T22:43:43.320929+00:00,0,2026-09-07T22:43:43.320929+00:00
2026-09-07,new,56858220,,,Apartment,Refurbished | Closed Kitchen |Split Ac |,,350.0,,,BHD,monthly,,,,,,,,Sanabis,,,26.226558685302734,50.5459098815918,,,,Prashanth Poojari,,YES,,,,,https://www.propertyfinder.bh/en/plp/rent/apartment-for-rent-capital-governorate-manama-sanabis-56858220.html,2026-09-07T22:43:43.320929+00:00,2026-09-07T22:43:43.320929+00:00,0,2026-09-07T22:43:43.320929+00:00
2026-09-07,new,56858221,,,Apartment,Sea View | Modern | Bright |  Veranda | Internet,,850.0,,,BHD,monthly,,,,,,,,,,,26.241750717163086,50.5663948059082,,,,Devesh Kumar,,YES,,,,,https://www.propertyfinder.bh/en/plp/rent/apartment-for-rent-capital-governorate-reef-island-56858221.html,2026-09-07T22:43:43.320929+00:00,2026-09-07T22:43:43.320929+00:00,0,2026-09-07T22:43:43.320929+00:00
2026-09-07,new,56858222,,,Villa,Luxury Spacious 4BR Villa for Sale in Saar,,165000.0,,,BHD,sell,,,,,,,,,,,26.19164276123047,50.48757553100586,,,,Jaffer Mirza,,NO,completed,,,,https://www.propertyfinder.bh/en/plp/buy/villa-for-sale-northern-governorate-saar-56858222.html,2026-09-07T22:43:43.320929+00:00,2026-09-07T22:43:43.320929+00:00,0,2026-09-07T22:43:43.320929+00:00
2026-09-07,new,56858228,,,Apartment,ENJOY YOUR MORNING WITH STUNNING VIEWS | PET ALLOW,,600.0,,,BHD,monthly,,,,,,,,,,,26.241750717163086,50.5663948059082,,,,Anza Khurram,,YES,,,,,https://www.propertyfinder.bh/en/plp/rent/apartment-for-rent-capital-governorate-reef-island-56858228.html,2026-09-07T22:43:43.320929+00:00,2026-09-07T22:43:43.320929+00:00,0,2026-09-07T22:43:43.320929+00:00
2026-09-07,new,56858239,,,Land,Land  | Al Ramli | RB | Sale |,,94018.0,,,BHD,sell,,,,,,,,,,,26.1634578704834,50.515289306640625,,,,Mohamed Abdali,,,,,,,https://www.propertyfinder.bh/en/plp/buy/land-for-sale-central-governorate-a-ali-56858239.html,2026-09-07T22:43:43.320929+00:00,2026-09-07T22:43:43.320929+00:00,0,2026-09-07T22:43:43.320929+00:00
2026-09-07,new,56858240,,,Villa,Easy Access | Suitable for Housing Program | 3BDR,,119000.0,,,BHD,sell,,,,,,,,,,,26.213165283203125,50.447471618652344,,,,Duaa Alsayegh,,NO,completed,,,,https://www.propertyfinder.bh/en/plp/buy/villa-for-sale-northern-governorate-budaiya-56858240.html,2026-09-07T22:43:43.320929+00:00,2026-09-07T22:43:43.320929+00:00,0,2026-09-07T22:43:43.320929+00:00
2026-09-07,new,56858242,,,Apartment,Spectacular 2 BHK | Full Sea View & Balcony,,350.0,,,BHD,monthly,,,,,,,,,,,26.211111068725586,50.601112365722656,,,,Soha Younes,,YES,,,,,https://www.propertyfinder.bh/en/plp/rent/apartment-for-rent-capital-governorate-al-juffair-56858242.html,2026-09-07T22:43:43.320929+00:00,2026-09-07T22:43:43.320929+00:00,0,2026-09-07T22:43:43.320929+00:00
2026-09-07,new,56858244,,,Shop,Shop for rent Diplomatic Area,,350.0,,,BHD,monthly,,,,,,,,Diplomatic Area,,,26.240070343017578,50.587345123291016,,,,Ali Tahoo,,NO,,,,,https://www.propertyfinder.bh/en/plp/commercial-rent/shop-for-rent-capital-governorate-manama-diplomatic-area-56858244.html,2026-09-07T22:43:43.320929+00:00,2026-09-07T22:43:43.320929+00:00,0,2026-09-07T22:43:43.320929+00:00
2026-09-07,new,56858246,,,Apartment,2 BR FULL FURNISHED APARTMENT IN SEGAYA WITH EWA,,300.0,,,BHD,monthly,,,,,,,,,,,26.21693992614746,50.57733154296875,,,,Abdulla  Ali,,YES,,,,,https://www.propertyfinder.bh/en/plp/rent/apartment-for-rent-capital-governorate-manama-segaya-56858246.html,2026-09-07T22:43:43.320929+00:00,2026-09-07T22:43:43.320929+00:00,0,2026-09-07T22:43:43.320929+00:00
2026-09-07,new,56858254,,,Apartment,Sea View | Modern | Bright | Balcony | Internet,,850.0,,,BHD,monthly,,,,,,,,,,,26.241750717163086,50.5663948059082,,,,Devesh Kumar,,YES,,,,,https://www.propertyfinder.bh/en/plp/rent/apartment-for-rent-capital-governorate-reef-island-56858254.html,2026-09-07T22:43:43.320929+00:00,2026-09-07T22:43:43.320929+00:00,0,2026-09-07T22:43:43.320929+00:00
2026-09-07,new,56858255,,,Apartment,NEAT \ GREAT DEAL \ LUXURIOUS & PEACEFUL !,,575.0,,,BHD,monthly,,,,,,,,,,,26.241750717163086,50.5663948059082,,,,Ali Sultani,,YES,,,,,https://www.propertyfinder.bh/en/plp/rent/apartment-for-rent-capital-governorate-reef-island-56858255.html,2026-09-07T22:43:43.320929+00:00,2026-09-07T22:43:43.320929+00:00,0,2026-09-07T22:43:43.320929+00:00
2026-09-07,new,56858262,,,Apartment,Balcony | Swimming pool | Gym | Juffair,,41000.0,,,BHD,sell,,,,,,,,,,,26.211111068725586,50.601112365722656,,,,Orhan Shakoor Humood,,YES,completed,,,,https://www.propertyfinder.bh/en/plp/buy/apartment-for-sale-capital-governorate-al-juffair-56858262.html,2026-09-07T22:43:43.320929+00:00,2026-09-07T22:43:43.320929+00:00,0,2026-09-07T22:43:43.320929+00:00
2026-09-07,new,56858263,,,Apartment,2 BR FULL FURNISHED APARTMENT IN SEGAYA WITH EWA,,320.0,,,BHD,monthly,,,,,,,,,,,26.21693992614746,50.57733154296875,,,,Abdulla  Ali,,YES,,,,,https://www.propertyfinder.bh/en/plp/rent/apartment-for-rent-capital-governorate-manama-segaya-56858263.html,2026-09-07T22:43:43.320929+00:00,2026-09-07T22:43:43.320929+00:00,0,2026-09-07T22:43:43.320929+00:00
2026-09-07,new,56858270,,,Apartment,Sea view| Beautiful 3 BR | 2 Balconies |Internet,,520.0,,,BHD,monthly,,,,,,,,The Lagoon,,,26.287778854370117,50.66339111328125,,,,Hafiz Mohammad Rizwan Ashraf,,YES,,,,,https://www.propertyfinder.bh/en/plp/rent/apartment-for-rent-muharraq-governorate-amwaj-islands-the-lagoon-56858270.html,2026-09-07T22:43:43.320929+00:00,2026-09-07T22:43:43.320929+00:00,0,2026-09-07T22:43:43.320929+00:00
2026-09-07,new,56858272,,,Apartment,CORNER SPACIOUS | GATED COMMUNITY BEACH POOL ACC.,,600.0,,,BHD,monthly,,,,,,,,Tala Island,,,26.300025939941406,50.66316223144531,,,,Jerry Alcampor,,YES,,,,,https://www.propertyfinder.bh/en/plp/rent/apartment-for-rent-muharraq-governorate-amwaj-islands-tala-island-56858272.html,2026-09-07T22:43:43.320929+00:00,2026-09-07T22:43:43.320929+00:00,0,2026-09-07T22:43:43.320929+00:00
2026-09-07,new,56858279,,,Apartment,Sea view | Modern| Balcony| Facilities,,400.0,,,BHD,monthly,,,,,,,,,,,26.239999771118164,50.5369987487793,,,,Devesh Kumar,,YES,,,,,https://www.propertyfinder.bh/en/plp/rent/apartment-for-rent-capital-governorate-seef-56858279.html,2026-09-07T22:43:43.320929+00:00,2026-09-07T22:43:43.320929+00:00,0,2026-09-07T22:43:43.320929+00:00
2026-09-07,new,56858280,,,Office Space,Brand New Fitted Offices in Seef |  95 sqm–105 sqm,,740.0,,,BHD,monthly,,,,,,,,,,,26.239999771118164,50.5369987487793,,,,Soha Younes,,YES,,,,,https://www.propertyfinder.bh/en/plp/commercial-rent/office-space-for-rent-capital-governorate-seef-56858280.html,2026-09-07T22:43:43.320929+00:00,2026-09-07T22:43:43.320929+00:00,0,2026-09-07T22:43:43.320929+00:00
2026-09-07,new,56858288,,,Apartment,WELL MAINTAINED | GATED COMPOUND | POOL AND BEACH,,550.0,,,BHD,monthly,,,,,,,,Tala Island,,,26.300025939941406,50.66316223144531,,,,Jerry Alcampor,,YES,,,,,https://www.propertyfinder.bh/en/plp/rent/apartment-for-rent-muharraq-governorate-amwaj-islands-tala-island-56858288.html,2026-09-07T22:43:43.320929+00:00,2026-09-07T22:43:43.320929+00:00,0,2026-09-07T22:43:43.320929+00:00
2026-09-07,new,56858289,,,Apartment,2 BR FULL FURNISHED APARTMENT IN SEGAYA WITH EWA,,380.0,,,BHD,monthly,,,,,,,,,,,26.21693992614746,50.57733154296875,,,,Abdulla  Ali,,YES,,,,,https://www.propertyfinder.bh/en/plp/rent/apartment-for-rent-capital-governorate-manama-segaya-56858289.html,2026-09-07T22:43:43.320929+00:00,2026-09-07T22:43:43.320929+00:00,0,2026-09-07T22:43:43.320929+00:00
2026-09-07,new,56858292,,,Land,RA Residential Land | Near Roundabout 9,,99411.0,,,BHD,sell,,,,,,,,,,,26.100860595703125,50.48801040649414,,,,Mohamed Awad,,,,,,,https://www.propertyfinder.bh/en/plp/buy/land-for-sale-northern-governorate-malkiyah-56858292.html,2026-09-07T22:43:43.320929+00:00,2026-09-07T22:43:43.320929+00:00,0,2026-09-07T22:43:43.320929+00:00
2026-09-07,new,56858293,,,Villa,Luxury Villa for sale in Delmunia Island,,440000.0,,,BHD,sell,,,,,,,,,,,26.27286720275879,50.672889709472656,,,,Ammar Abdulaal,,NO,completed_primary,,,,https://www.propertyfinder.bh/en/plp/buy/villa-for-sale-muharraq-governorate-dilmunia-island-56858293.html,2026-09-07T22:43:43.320929+00:00,2026-09-07T22:43:43.320929+00:00,0,2026-09-07T22:43:43.320929+00:00
2026-09-07,new,56858295,,,Apartment,Luxury Studio |  Large Balcony with Pool View,,350.0,,,BHD,monthly,,,,,,,,,,,26.211111068725586,50.601112365722656,,,,Iqbal Mayoddin,,YES,,,,,https://www.propertyfinder.bh/en/plp/rent/apartment-for-rent-capital-governorate-al-juffair-56858295.html,2026-09-07T22:43:43.320929+00:00,2026-09-07T22:43:43.320929+00:00,0,2026-09-07T22:43:43.320929+00:00
2026-09-07,new,56858298,,,Villa,Villa for sale in Amwaj Island,,450000.0,,,BHD,sell,,,,,,,,,,,26.288480758666992,50.66381072998047,,,,Ammar Abdulaal,,NO,completed_primary,,,,https://www.propertyfinder.bh/en/plp/buy/villa-for-sale-muharraq-governorate-amwaj-islands-56858298.html,2026-09-07T22:43:43.320929+00:00,2026-09-07T22:43:43.320929+00:00,0,2026-09-07T22:43:43.320929+00:00
2026-09-07,new,56858301,,,Apartment,LUXURY 2-BHK + MAID ROOM|FREE WI-FI |HOUSEKEEPING,,650.0,,,BHD,monthly,,,,,,,,Amwaj Avenue,,,26.29302978515625,50.66474151611328,,,,Osama Butt,,YES,,,,,https://www.propertyfinder.bh/en/plp/rent/apartment-for-rent-muharraq-governorate-amwaj-islands-amwaj-avenue-56858301.html,2026-09-07T22:43:43.320929+00:00,2026-09-07T22:43:43.320929+00:00,0,2026-09-07T22:43:43.320929+00:00
2026-09-07,new,56858304,,,Villa,Villa for sale in Jaww,,220000.0,,,BHD,sell,,,,,,,,,,,26.000404357910156,50.616973876953125,,,,Ammar Abdulaal,,PARTLY,completed_primary,,,,https://www.propertyfinder.bh/en/plp/buy/villa-for-sale-southern-governorate-jaww-56858304.html,2026-09-07T22:43:43.320929+00:00,2026-09-07T22:43:43.320929+00:00,0,2026-09-07T22:43:43.320929+00:00
2026-09-07,new,56858322,,,Apartment,REDUCED PRICE DEAL| MODERN AND LUXURY | KIDS ROOM,,575.0,,,BHD,monthly,,,,,,,,,,,26.241750717163086,50.5663948059082,,,,Anza Khurram,,YES,,,,,https://www.propertyfinder.bh/en/plp/rent/apartment-for-rent-capital-governorate-reef-island-56858322.html,2026-09-07T22:43:43.320929+00:00,2026-09-07T22:43:43.320929+00:00,0,2026-09-07T22:43:43.320929+00:00
2026-09-07,new,56858324,,,Apartment,Sea view |Modern| Specious| Balcony| Facilities,,450.0,,,BHD,monthly,,,,,,,,,,,26.239999771118164,50.5369987487793,,,,Devesh Kumar,,PARTLY,,,,,https://www.propertyfinder.bh/en/plp/rent/apartment-for-rent-capital-governorate-seef-56858324.html,2026-09-07T22:43:43.320929+00:00,2026-09-07T22:43:43.320929+00:00,0,2026-09-07T22:43:43.320929+00:00
2026-09-07,new,56858326,,,Apartment,HOT | MODERN | LOWER FLOOR | AMENITIES | LUXURY |,,625.0,,,BHD,monthly,,,,,,,,,,,26.241750717163086,50.5663948059082,,,,Anza Khurram,,YES,,,,,https://www.propertyfinder.bh/en/plp/rent/apartment-for-rent-capital-governorate-reef-island-56858326.html,2026-09-07T22:43:43.320929+00:00,2026-09-07T22:43:43.320929+00:00,0,2026-09-07T22:43:43.320929+00:00
2026-09-07,new,56858333,,,Apartment,Modern | Balcony | Prime Location | Gym | Pool,,450.0,,,BHD,monthly,,,,,,,,Bahrain Financial Harbour,,,26.23778533935547,50.57342529296875,,,,Mohamed Jamal,,YES,,,,,https://www.propertyfinder.bh/en/plp/rent/apartment-for-rent-capital-governorate-manama-bahrain-financial-harbour-56858333.html,2026-09-07T22:43:43.320929+00:00,2026-09-07T22:43:43.320929+00:00,0,2026-09-07T22:43:43.320929+00:00
2026-09-07,new,56858336,,,Apartment,Modern | Balcony | Prime Location | Gym | Pool,,450.0,,,BHD,monthly,,,,,,,,,,,26.249584197998047,50.580360412597656,,,,Mohamed Jamal,,YES,,,,,https://www.propertyfinder.bh/en/plp/rent/apartment-for-rent-capital-governorate-bahrain-bay-56858336.html,2026-09-07T22:43:43.320929+00:00,2026-09-07T22:43:43.320929+00:00,0,2026-09-07T22:43:43.320929+00:00
2026-09-07,new,56858344,,,Apartment,2-Bedrooms | Gym Pool | Sauna Steam | Maintenance,,250.0,,,BHD,monthly,,,,,,,,,,,26.21263313293457,50.67418670654297,,,,Muhammad Usman,,PARTLY,,,,,https://www.propertyfinder.bh/en/plp/rent/apartment-for-rent-muharraq-governorate-hidd-56858344.html,2026-09-07T22:43:43.320929+00:00,2026-09-07T22:43:43.320929+00:00,0,2026-09-07T22:43:43.320929+00:00
2026-09-07,new,56858348,,,Duplex,Luxury | Sea View | Bright | Balcony | Amenities,,75000.0,,,BHD,sell,,,,,,,,,,,26.211111068725586,50.601112365722656,,,,Saeed Hamueh,,YES,completed,,,,https://www.propertyfinder.bh/en/plp/buy/duplex-for-sale-capital-governorate-al-juffair-56858348.html,2026-09-07T22:43:43.320929+00:00,2026-09-07T22:43:43.320929+00:00,0,2026-09-07T22:43:43.320929+00:00
2026-09-07,new,56858354,,,Office Space,City View |Partitions |Prime Location,,550.0,,,BHD,monthly,,,,,,,,,,,26.211111068725586,50.601112365722656,,,,Saeed Hamueh,,PARTLY,,,,,https://www.propertyfinder.bh/en/plp/commercial-rent/office-space-for-rent-capital-governorate-al-juffair-56858354.html,2026-09-07T22:43:43.320929+00:00,2026-09-07T22:43:43.320929+00:00,0,2026-09-07T22:43:43.320929+00:00
2026-09-07,new,56858357,,,Apartment,Hot Deal | Semi-Furnished Apartment | Amenities,,280.0,,,BHD,monthly,,,,,,,,,,,26.211111068725586,50.601112365722656,,,,Saeed Hamueh,,PARTLY,,,,,https://www.propertyfinder.bh/en/plp/rent/apartment-for-rent-capital-governorate-al-juffair-56858357.html,2026-09-07T22:43:43.320929+00:00,2026-09-07T22:43:43.320929+00:00,0,2026-09-07T22:43:43.320929+00:00
2026-09-07,new,56858363,,,Office Space,Ground Floor | Prime Location | Multi-use,,900.0,,,BHD,monthly,,,,,,,,,,,26.211111068725586,50.601112365722656,,,,Saeed Hamueh,,PARTLY,,,,,https://www.propertyfinder.bh/en/plp/commercial-rent/office-space-for-rent-capital-governorate-al-juffair-56858363.html,2026-09-07T22:43:43.320929+00:00,2026-09-07T22:43:43.320929+00:00,0,2026-09-07T22:43:43.320929+00:00
2026-09-07,new,56858368,,,Apartment,Spacious / Internet / Cozy / Last Unit,,450.0,,,BHD,monthly,,,,,,,,,,,26.214487075805664,50.584754943847656,,,,Saeed Hamueh,,YES,,,,,https://www.propertyfinder.bh/en/plp/rent/apartment-for-rent-capital-governorate-manama-adliya-56858368.html,2026-09-07T22:43:43.320929+00:00,2026-09-07T22:43:43.320929+00:00,0,2026-09-07T22:43:43.320929+00:00
2026-09-07,new,56858370,,,Office Space,Prime Commercial Office Space for Rent in Hidd,,370.0,,,BHD,monthly,,,,,,,,,,,26.21263313293457,50.67418670654297,,,,Soha Younes,,YES,,,,,https://www.propertyfinder.bh/en/plp/commercial-rent/office-space-for-rent-muharraq-governorate-hidd-56858370.html,2026-09-07T22:43:43.320929+00:00,2026-09-07T22:43:43.320929+00:00,0,2026-09-07T22:43:43.320929+00:00
2026-09-07,new,56858371,,,Villa,3 BR Furnished Villa with Water View,,750.0,,,BHD,monthly,,,,,,,,Al Marsa Floating City,,,26.2847957611084,50.669620513916016,,,,Anup Simon,,YES,,,,,https://www.propertyfinder.bh/en/plp/rent/villa-for-rent-muharraq-governorate-amwaj-islands-al-marsa-floating-city-979141.html,2026-09-07T22:43:43.320929+00:00,2026-09-07T22:43:43.320929+00:00,0,2026-09-07T22:43:43.320929+00:00
2026-09-07,new,56858372,,,Apartment,2 Bedrooms flat with close kitchen and balcony,,68000.0,,,BHD,sell,,,,,,,,,,,26.211111068725586,50.601112365722656,,,,Mohammed Sajid Oddin,,YES,completed,,,,https://www.propertyfinder.bh/en/plp/buy/apartment-for-sale-capital-governorate-al-juffair-56858372.html,2026-09-07T22:43:43.320929+00:00,2026-09-07T22:43:43.320929+00:00,0,2026-09-07T22:43:43.320929+00:00
2026-09-07,new,56858374,,,Apartment,Luxury | Sea View  I Balcony I Prime Location,,700.0,,,BHD,monthly,,,,,,,,,,,26.239999771118164,50.5369987487793,,,,Saeed Hamueh,,YES,,,,,https://www.propertyfinder.bh/en/plp/rent/apartment-for-rent-capital-governorate-seef-56858374.html,2026-09-07T22:43:43.320929+00:00,2026-09-07T22:43:43.320929+00:00,0,2026-09-07T22:43:43.320929+00:00
2026-09-07,new,56858383,,,Apartment,Luxury | Spacious I Great Facilities | Sea View,,850.0,,,BHD,monthly,,,,,,,,,,,26.239999771118164,50.5369987487793,,,,Saeed Hamueh,,YES,,,,,https://www.propertyfinder.bh/en/plp/rent/apartment-for-rent-capital-governorate-seef-56858383.html,2026-09-07T22:43:43.320929+00:00,2026-09-07T22:43:43.320929+00:00,0,2026-09-07T22:43:43.320929+00:00
2026-09-07,new,56858386,,,Apartment,Modern | Spacious I Great Facilites,,280.0,,,BHD,monthly,,,,,,,,,,,26.211111068725586,50.601112365722656,,,,Saeed Hamueh,,YES,,,,,https://www.propertyfinder.bh/en/plp/rent/apartment-for-rent-capital-governorate-al-juffair-56858386.html,2026-09-07T22:43:43.320929+00:00,2026-09-07T22:43:43.320929+00:00,0,2026-09-07T22:43:43.320929+00:00
2026-09-07,new,56858390,,,Apartment,3 bedrooms| Affordable Price | Inclusive!,,360.0,,,BHD,monthly,,,,,,,,,,,26.211111068725586,50.601112365722656,,,,Saeed Hamueh,,YES,,,,,https://www.propertyfinder.bh/en/plp/rent/apartment-for-rent-capital-governorate-al-juffair-56858390.html,2026-09-07T22:43:43.320929+00:00,2026-09-07T22:43:43.320929+00:00,0,2026-09-07T22:43:43.320929+00:00
2026-09-07,new,56858391,,,Office Space,Full Floor | 16 Rooms | 4 addresses,,2300.0,,,BHD,monthly,,,,,,,,,,,26.211111068725586,50.601112365722656,,,,Saeed Hamueh,,PARTLY,,,,,https://www.propertyfinder.bh/en/plp/commercial-rent/office-space-for-rent-capital-governorate-al-juffair-56858391.html,2026-09-07T22:43:43.320929+00:00,2026-09-07T22:43:43.320929+00:00,0,2026-09-07T22:43:43.320929+00:00
2026-09-07,new,56858395,,,Apartment,Pool & Gym | Semi-Furnished | Inclusive,,350.0,,,BHD,monthly,,,,,,,,,,,26.211111068725586,50.601112365722656,,,,Saeed Hamueh,,PARTLY,,,,,https://www.propertyfinder.bh/en/plp/rent/apartment-for-rent-capital-governorate-al-juffair-56858395.html,2026-09-07T22:43:43.320929+00:00,2026-09-07T22:43:43.320929+00:00,0,2026-09-07T22:43:43.320929+00:00
2026-09-07,new,56858398,,,Office Space,OFFICE for rent in a prestigious commercial tower,,250.0,,,BHD,monthly,,,,,,,,,,,26.211111068725586,50.601112365722656,,,,Saeed Hamueh,,YES,,,,,https://www.propertyfinder.bh/en/plp/commercial-rent/office-space-for-rent-capital-governorate-al-juffair-56858398.html,2026-09-07T22:43:43.320929+00:00,2026-09-07T22:43:43.320929+00:00,0,2026-09-07T22:43:43.320929+00:00
2026-09-07,new,56858399,,,Apartment,Sea View | Specious | Internet | Facilities,,500.0,,,BHD,monthly,,,,,,,,,,,26.239999771118164,50.5369987487793,,,,Devesh Kumar,,YES,,,,,https://www.propertyfinder.bh/en/plp/rent/apartment-for-rent-capital-governorate-seef-56858399.html,2026-09-07T22:43:43.320929+00:00,2026-09-07T22:43:43.320929+00:00,0,2026-09-07T22:43:43.320929+00:00
2026-09-07,new,56858400,,,Apartment,Furnished 2 BR Apartment with Covered Parking,,450.0,,,BHD,monthly,,,,,,,,,,,26.219327926635742,50.579288482666016,,,,Abdulla  Ali,,YES,,,,,https://www.propertyfinder.bh/en/plp/rent/apartment-for-rent-capital-governorate-manama-salmaniya-56858400.html,2026-09-07T22:43:43.320929+00:00,2026-09-07T22:43:43.320929+00:00,0,2026-09-07T22:43:43.320929+00:00
2026-09-07,new,56858401,,,Apartment,PAYMENT PLAN!2Bed+maids|Panoramic Sea View!,,82000.0,,,BHD,sell,,,,,,,,,,,26.211111068725586,50.601112365722656,,,,Saeed Hamueh,,YES,completed_primary,,,,https://www.propertyfinder.bh/en/plp/buy/apartment-for-sale-capital-governorate-al-juffair-56858401.html,2026-09-07T22:43:43.320929+00:00,2026-09-07T22:43:43.320929+00:00,0,2026-09-07T22:43:43.320929+00:00
2026-09-07,new,56858402,,,Apartment,Modern | Spacious I Great Facilities,,300.0,,,BHD,monthly,,,,,,,,,,,26.211111068725586,50.601112365722656,,,,Saeed Hamueh,,YES,,,,,https://www.propertyfinder.bh/en/plp/rent/apartment-for-rent-capital-governorate-al-juffair-56858402.html,2026-09-07T22:43:43.320929+00:00,2026-09-07T22:43:43.320929+00:00,0,2026-09-07T22:43:43.320929+00:00
2026-09-07,new,56858407,,,Apartment,Fully Furnished | Mid Floor |Modern Style,,320.0,,,BHD,monthly,,,,,,,,,,,26.211111068725586,50.601112365722656,,,,Saeed Hamueh,,YES,,,,,https://www.propertyfinder.bh/en/plp/rent/apartment-for-rent-capital-governorate-al-juffair-56858407.html,2026-09-07T22:43:43.320929+00:00,2026-09-07T22:43:43.320929+00:00,0,2026-09-07T22:43:43.320929+00:00
2026-09-07,new,56858411,,,Apartment,PRIMIUM FACILITIES┃SEA VIEW┃STYLISH FURNITURE┃NEW,,279.0,,,BHD,monthly,,,,,,,,,,,26.211111068725586,50.601112365722656,,,,Sahebaz Makki,,YES,,,,,https://www.propertyfinder.bh/en/plp/rent/apartment-for-rent-capital-governorate-al-juffair-56858411.html,2026-09-07T22:43:43.320929+00:00,2026-09-07T22:43:43.320929+00:00,0,2026-09-07T22:43:43.320929+00:00
2026-09-07,new,56858415,,,Apartment,Luxury Fully Furnished 1 BHKApartment with balcony,,300.0,,,BHD,monthly,,,,,,,,Sanabis,,,26.226558685302734,50.5459098815918,,,,Anu K H,,YES,,,,,https://www.propertyfinder.bh/en/plp/rent/apartment-for-rent-capital-governorate-manama-sanabis-56858415.html,2026-09-07T22:43:43.320929+00:00,2026-09-07T22:43:43.320929+00:00,0,2026-09-07T22:43:43.320929+00:00
2026-09-07,new,56858416,,,Apartment,Upgraded sea view balcony Laundry area,,450.0,,,BHD,monthly,,,,,,,,,,,26.211111068725586,50.601112365722656,,,,Saeed Hamueh,,YES,,,,,https://www.propertyfinder.bh/en/plp/rent/apartment-for-rent-capital-governorate-al-juffair-56858416.html,2026-09-07T22:43:43.320929+00:00,2026-09-07T22:43:43.320929+00:00,0,2026-09-07T22:43:43.320929+00:00
2026-09-07,new,56858417,,,Apartment,Once a week housekeeping and capped utilities,,375.0,,,BHD,monthly,,,,,,,,,,,26.211111068725586,50.601112365722656,,,,Mohammed Sajid Oddin,,YES,,,,,https://www.propertyfinder.bh/en/plp/rent/apartment-for-rent-capital-governorate-al-juffair-56858417.html,2026-09-07T22:43:43.320929+00:00,2026-09-07T22:43:43.320929+00:00,0,2026-09-07T22:43:43.320929+00:00
2026-09-07,new,56858421,,,Apartment,Luxury|Prime location|2BR apartment for Sale|Seef,,65000.0,,,BHD,sell,,,,,,,,,,,26.239999771118164,50.5369987487793,,,,Nayla Tabussam,,YES,completed,,,,https://www.propertyfinder.bh/en/plp/buy/apartment-for-sale-capital-governorate-seef-56858421.html,2026-09-07T22:43:43.320929+00:00,2026-09-07T22:43:43.320929+00:00,0,2026-09-07T22:43:43.320929+00:00
2026-09-07,new,56858426,,,Apartment,NEW DESIGN WITH SPECTACULAR SEA VIEW | GYM | WIFI,,450.0,,,BHD,monthly,,,,,,,,The Lagoon,,,26.287778854370117,50.66339111328125,,,,Fadi Eweida,,YES,,,,,https://www.propertyfinder.bh/en/plp/rent/apartment-for-rent-muharraq-governorate-amwaj-islands-the-lagoon-56858426.html,2026-09-07T22:43:43.320929+00:00,2026-09-07T22:43:43.320929+00:00,0,2026-09-07T22:43:43.320929+00:00
2026-09-07,new,56858427,,,Apartment,VILLA STYLE LIVING | PVT GARDEN SPACE | AMENITIES,,1100.0,,,BHD,monthly,,,,,,,,,,,26.241750717163086,50.5663948059082,,,,Anza Khurram,,YES,,,,,https://www.propertyfinder.bh/en/plp/rent/apartment-for-rent-capital-governorate-reef-island-56858427.html,2026-09-07T22:43:43.320929+00:00,2026-09-07T22:43:43.320929+00:00,0,2026-09-07T22:43:43.320929+00:00
2026-09-07,new,56858428,,,Apartment,SEA VIEW | BEST DEAL| GREAT LOCATION  | POOL | GYM,,325.0,,,BHD,monthly,,,,,,,,Amwaj Avenue,,,26.29302978515625,50.66474151611328,,,,Fadi Eweida,,YES,,,,,https://www.propertyfinder.bh/en/plp/rent/apartment-for-rent-muharraq-governorate-amwaj-islands-amwaj-avenue-56858428.html,2026-09-07T22:43:43.320929+00:00,2026-09-07T22:43:43.320929+00:00,0,2026-09-07T22:43:43.320929+00:00
2026-09-07,new,56858430,,,Apartment,LUXURY 1BHK┃SPACIOUS┃MODERN┃INCLUSIVE┃CPR FREE,,280.0,,,BHD,monthly,,,,,,,,,,,26.207910537719727,50.587345123291016,,,,Sahebaz Makki,,YES,,,,,https://www.propertyfinder.bh/en/plp/rent/apartment-for-rent-capital-governorate-manama-mahooz-56858430.html,2026-09-07T22:43:43.320929+00:00,2026-09-07T22:43:43.320929+00:00,0,2026-09-07T22:43:43.320929+00:00
2026-09-07,new,56858434,,,Apartment,2 Bedrooms plus extra bedroom ONLY FOR 330,,330.0,,,BHD,monthly,,,,,,,,,,,26.211111068725586,50.601112365722656,,,,Mohammed Sajid Oddin,,YES,,,,,https://www.propertyfinder.bh/en/plp/rent/apartment-for-rent-capital-governorate-al-juffair-56858434.html,2026-09-07T22:43:43.320929+00:00,2026-09-07T22:43:43.320929+00:00,0,2026-09-07T22:43:43.320929+00:00
2026-09-07,new,56858436,,,Apartment,Direct Mall Access | Beach Access | Balcony,,360.0,,,BHD,monthly,,,,,,,,Diyar Al Muharraq,,,26.303447723388672,50.6461296081543,,,,Mohamed Jamal,,YES,,,,,https://www.propertyfinder.bh/en/plp/rent/apartment-for-rent-muharraq-governorate-diyar-al-muharraq-marassi-al-bahrain-56858436.html,2026-09-07T22:43:43.320929+00:00,2026-09-07T22:43:43.320929+00:00,0,2026-09-07T22:43:43.320929+00:00
2026-09-07,new,56858442,,,Apartment,1 BHK FF for female students only near AGU,,450.0,,,BHD,monthly,,,,,,,,,,,26.219327926635742,50.579288482666016,,,,Abdulla  Ali,,YES,,,,,https://www.propertyfinder.bh/en/plp/rent/apartment-for-rent-capital-governorate-manama-salmaniya-56858442.html,2026-09-07T22:43:43.320929+00:00,2026-09-07T22:43:43.320929+00:00,0,2026-09-07T22:43:43.320929+00:00
2026-09-07,new,56858446,,,Apartment,SEA VIEW | MODERN | BRIGHT | SPACIOUS | TOP,,330.0,,,BHD,monthly,,,,,,,,,,,26.211111068725586,50.601112365722656,,,,Gulnaz Amangeldinova,,YES,,,,,https://www.propertyfinder.bh/en/plp/rent/apartment-for-rent-capital-governorate-al-juffair-56858446.html,2026-09-07T22:43:43.320929+00:00,2026-09-07T22:43:43.320929+00:00,0,2026-09-07T22:43:43.320929+00:00
2026-09-07,new,56858448,,,Apartment,STUNNING | NATURAL WELL-LIT | BRIGHT,,600.0,,,BHD,monthly,,,,,,,,,,,26.241750717163086,50.5663948059082,,,,Ali Sultani,,YES,,,,,https://www.propertyfinder.bh/en/plp/rent/apartment-for-rent-capital-governorate-reef-island-56858448.html,2026-09-07T22:43:43.320929+00:00,2026-09-07T22:43:43.320929+00:00,0,2026-09-07T22:43:43.320929+00:00
2026-09-07,new,56858449,,,Apartment,Sea View | Specious | Internet | Facilities,,900.0,,,BHD,monthly,,,,,,,,,,,26.239999771118164,50.5369987487793,,,,Devesh Kumar,,YES,,,,,https://www.propertyfinder.bh/en/plp/rent/apartment-for-rent-capital-governorate-seef-56858449.html,2026-09-07T22:43:43.320929+00:00,2026-09-07T22:43:43.320929+00:00,0,2026-09-07T22:43:43.320929+00:00
2026-09-07,new,56858450,,,Apartment,Direct Mall Access | Beach Access | Balcony,,360.0,,,BHD,monthly,,,,,,,,Diyar Al Muharraq,Marassi Residences,,26.303447723388672,50.6461296081543,,,,Mohamed Jamal,,YES,,,,,https://www.propertyfinder.bh/en/plp/rent/apartment-for-rent-muharraq-governorate-diyar-al-muharraq-marassi-residences-56858450.html,2026-09-07T22:43:43.320929+00:00,2026-09-07T22:43:43.320929+00:00,0,2026-09-07T22:43:43.320929+00:00
2026-09-07,new,56858456,,,Office Space,Fitted size 161 sqm with pantry and private loo,,550.0,,,BHD,monthly,,,,,,,,Sanabis,,,26.226558685302734,50.5459098815918,,,,Mohammed Sajid Oddin,,YES,,,,,https://www.propertyfinder.bh/en/plp/commercial-rent/office-space-for-rent-capital-governorate-manama-sanabis-56858456.html,2026-09-07T22:43:43.320929+00:00,2026-09-07T22:43:43.320929+00:00,0,2026-09-07T22:43:43.320929+00:00
2026-09-07,new,56858463,,,Land,Prime Residential Land in Diyar Al Muharraq - SP,,105000.0,,,BHD,sell,,,,,,,,Diyar Al Muharraq,Al Qamra,,26.31142234802246,50.64306640625,,,,Mohamed Abdulla,,,,,,,https://www.propertyfinder.bh/en/plp/buy/land-for-sale-muharraq-governorate-diyar-al-muharraq-al-qamra-56858463.html,2026-09-07T22:43:43.320929+00:00,2026-09-07T22:43:43.320929+00:00,0,2026-09-07T22:43:43.320929+00:00
2026-09-07,new,56858464,,,Land,RA Residential Land | Near New Ramez and The Outle,,157340.0,,,BHD,sell,,,,,,,,,,,26.140336990356445,50.478271484375,,,,Mohamed Awad,,,,,,,https://www.propertyfinder.bh/en/plp/buy/land-for-sale-northern-governorate-hamala-56858464.html,2026-09-07T22:43:43.320929+00:00,2026-09-07T22:43:43.320929+00:00,0,2026-09-07T22:43:43.320929+00:00
2026-09-07,new,56858465,,,Apartment,Bright and Clean / New panting / Nice view,,600.0,,,BHD,monthly,,,,,,,,,,,26.241750717163086,50.5663948059082,,,,Ali Sultani,,PARTLY,,,,,https://www.propertyfinder.bh/en/plp/rent/apartment-for-rent-capital-governorate-reef-island-56858465.html,2026-09-07T22:43:43.320929+00:00,2026-09-07T22:43:43.320929+00:00,0,2026-09-07T22:43:43.320929+00:00
2026-09-07,new,56858469,,,Apartment,JUST LISTED | BEST AMENITIES | COMPANY MANAGED,,650.0,,,BHD,monthly,,,,,,,,,,,26.241750717163086,50.5663948059082,,,,Anza Khurram,,YES,,,,,https://www.propertyfinder.bh/en/plp/rent/apartment-for-rent-capital-governorate-reef-island-56858469.html,2026-09-07T22:43:43.320929+00:00,2026-09-07T22:43:43.320929+00:00,0,2026-09-07T22:43:43.320929+00:00
2026-09-07,new,56858471,,,Apartment,"Apartment for Sale, Janabiyah, Prime Location",,88000.0,,,BHD,sell,,,,,,,,,,,26.185943603515625,50.46711349487305,,,,Mohammed Salman,,PARTLY,completed,,,,https://www.propertyfinder.bh/en/plp/buy/apartment-for-sale-northern-governorate-janabiya-56858471.html,2026-09-07T22:43:43.320929+00:00,2026-09-07T22:43:43.320929+00:00,0,2026-09-07T22:43:43.320929+00:00
2026-09-07,new,56858473,,,Apartment,DIRECT BEACH ACCESS | TERRACE | HIGHFLOOR,,600.0,,,BHD,monthly,,,,,,,,Diyar Al Muharraq,,,26.303447723388672,50.6461296081543,,,,Wilfred Pagalan,,YES,,,,,https://www.propertyfinder.bh/en/plp/rent/apartment-for-rent-muharraq-governorate-diyar-al-muharraq-marassi-al-bahrain-56858473.html,2026-09-07T22:43:43.320929+00:00,2026-09-07T22:43:43.320929+00:00,0,2026-09-07T22:43:43.320929+00:00
2026-09-07,new,56858485,,,Apartment,BRAND NEW | BEACH ACCESS | BIG BALCONY | NICE VIEW,,1300.0,,,BHD,monthly,,,,,,,,Diyar Al Muharraq,,,26.303447723388672,50.6461296081543,,,,Wilfred Pagalan,,YES,,,,,https://www.propertyfinder.bh/en/plp/rent/apartment-for-rent-muharraq-governorate-diyar-al-muharraq-marassi-al-bahrain-56858485.html,2026-09-07T22:43:43.320929+00:00,2026-09-07T22:43:43.320929+00:00,0,2026-09-07T22:43:43.320929+00:00
2026-09-07,new,56858486,,,Apartment,LUXURY 3-BEDROOM APARTMENT FOR RENT with Ewa+,,1000.0,,,BHD,monthly,,,,,,,,Sanabis,,,26.226558685302734,50.5459098815918,,,,Anu K H,,YES,,,,,https://www.propertyfinder.bh/en/plp/rent/apartment-for-rent-capital-governorate-manama-sanabis-56858486.html,2026-09-07T22:43:43.320929+00:00,2026-09-07T22:43:43.320929+00:00,0,2026-09-07T22:43:43.320929+00:00
2026-09-07,new,56858489,,,Apartment,2BHK FF for rent for female students only near AGU,,550.0,,,BHD,monthly,,,,,,,,,,,26.219327926635742,50.579288482666016,,,,Abdulla  Ali,,YES,,,,,https://www.propertyfinder.bh/en/plp/rent/apartment-for-rent-capital-governorate-manama-salmaniya-56858489.html,2026-09-07T22:43:43.320929+00:00,2026-09-07T22:43:43.320929+00:00,0,2026-09-07T22:43:43.320929+00:00
2026-09-07,new,56858491,,,Apartment,LUXURIOUS|NAVY APPROVED | REDUCED PRICE | COZY,,1150.0,,,BHD,monthly,,,,,,,,The Lagoon,,,26.287778854370117,50.66339111328125,,,,Wilfred Pagalan,,YES,,,,,https://www.propertyfinder.bh/en/plp/rent/apartment-for-rent-muharraq-governorate-amwaj-islands-the-lagoon-56858491.html,2026-09-07T22:43:43.320929+00:00,2026-09-07T22:43:43.320929+00:00,0,2026-09-07T22:43:43.320929+00:00
2026-09-07,new,56858623,,,Villa,5 BR Villa in Saar with Shared Pool and Gym,,1550.0,,,BHD,monthly,,,,,,,,,,,26.19164276123047,50.48757553100586,,,,Ali Abul,,PARTLY,,,,,https://www.propertyfinder.bh/en/plp/rent/villa-for-rent-northern-governorate-saar-56858623.html,2026-09-07T22:43:43.320929+00:00,2026-09-07T22:43:43.320929+00:00,0,2026-09-07T22:43:43.320929+00:00
2026-09-07,new,56858658,,,Apartment,HOT CAKE 225 BD MODERN┃5 * FACILITIES┃SPACIOUS┃NEW,,225.0,,,BHD,monthly,,,,,,,,,,,26.211111068725586,50.601112365722656,,,,Sahebaz Makki,,YES,,,,,https://www.propertyfinder.bh/en/plp/rent/apartment-for-rent-capital-governorate-al-juffair-56858658.html,2026-09-07T22:43:43.320929+00:00,2026-09-07T22:43:43.320929+00:00,0,2026-09-07T22:43:43.320929+00:00
2026-09-07,new,56858677,,,Land,Prime Residential Land for Sale in Karzakkan - RB,,162000.0,,,BHD,sell,,,,,,,,,,,26.113693237304688,50.48170471191406,,,,Mohamed Khaled,,,,,,,https://www.propertyfinder.bh/en/plp/buy/land-for-sale-northern-governorate-karzakkan-56858677.html,2026-09-07T22:43:43.320929+00:00,2026-09-07T22:43:43.320929+00:00,0,2026-09-07T22:43:43.320929+00:00
2026-09-07,new,56858678,,,Apartment,2BR FULL FURNISHED FOR RENT IN BU GHAZAL WITH EWA,,400.0,,,BHD,monthly,,,,,,,,,,,26.207796096801758,50.57180404663086,,,,Abdulla  Ali,,YES,,,,,https://www.propertyfinder.bh/en/plp/rent/apartment-for-rent-capital-governorate-manama-bu-ghazal-56858678.html,2026-09-07T22:43:43.320929+00:00,2026-09-07T22:43:43.320929+00:00,0,2026-09-07T22:43:43.320929+00:00
2026-09-07,new,56858679,,,Apartment,Spacious l Lagoon View | Balcony |EWA Inc.,,400.0,,,BHD,monthly,,,,,,,,Amwaj Avenue,,,26.29302978515625,50.66474151611328,,,,Ivana Ivanova ,,YES,,,,,https://www.propertyfinder.bh/en/plp/rent/apartment-for-rent-muharraq-governorate-amwaj-islands-amwaj-avenue-56858679.html,2026-09-07T22:43:43.320929+00:00,2026-09-07T22:43:43.320929+00:00,0,2026-09-07T22:43:43.320929+00:00
2026-09-07,new,56858687,,,Villa,Villa | private pool | gym | split ac | prime area,,500.0,,,BHD,monthly,,,,,,,,,,,26.19164276123047,50.48757553100586,,,,Millennium Capital Property,,PARTLY,,,,,https://www.propertyfinder.bh/en/plp/rent/villa-for-rent-northern-governorate-saar-56858687.html,2026-09-07T22:43:43.320929+00:00,2026-09-07T22:43:43.320929+00:00,0,2026-09-07T22:43:43.320929+00:00
2026-09-07,new,56858689,,,Apartment,REDUCED RATE | Closed Kitchen | Maids Room |,,600.0,,,BHD,monthly,,,,,,,,,,,26.185943603515625,50.46711349487305,,,,Aileen Camarillo,,PARTLY,,,,,https://www.propertyfinder.bh/en/plp/rent/apartment-for-rent-northern-governorate-janabiya-56858689.html,2026-09-07T22:43:43.320929+00:00,2026-09-07T22:43:43.320929+00:00,0,2026-09-07T22:43:43.320929+00:00
2026-09-07,new,56858690,,,Apartment,Laundry and Store Room | Bright | Spacious |,,350.0,,,BHD,monthly,,,,,,,,,,,26.185943603515625,50.46711349487305,,,,Aileen Camarillo,,YES,,,,,https://www.propertyfinder.bh/en/plp/rent/apartment-for-rent-northern-governorate-janabiya-56858690.html,2026-09-07T22:43:43.320929+00:00,2026-09-07T22:43:43.320929+00:00,0,2026-09-07T22:43:43.320929+00:00
2026-09-07,new,56858691,,,Apartment,FULL Furnished Studio IN BU GHAZAL WITH EWA,,220.0,,,BHD,monthly,,,,,,,,,,,26.207796096801758,50.57180404663086,,,,Abdulla  Ali,,YES,,,,,https://www.propertyfinder.bh/en/plp/rent/apartment-for-rent-capital-governorate-manama-bu-ghazal-56858691.html,2026-09-07T22:43:43.320929+00:00,2026-09-07T22:43:43.320929+00:00,0,2026-09-07T22:43:43.320929+00:00
2026-09-07,new,56858698,,,Compound,5 BEDROOM MAID ROOM PRIVATE GARDEN PARKING MALL,,700.0,,,BHD,monthly,,,,,,,,,,,26.19164276123047,50.48757553100586,,,,Ezekiel Kagugube,,PARTLY,,,,,https://www.propertyfinder.bh/en/plp/rent/compound-for-rent-northern-governorate-saar-56858698.html,2026-09-07T22:43:43.320929+00:00,2026-09-07T22:43:43.320929+00:00,0,2026-09-07T22:43:43.320929+00:00
2026-09-07,new,56858699,,,Apartment,Beautifully Furnished l Beach Access I Balcony,,450.0,,,BHD,monthly,,,,,,,,Diyar Al Muharraq,Marassi Boulevard,,26.303447723388672,50.6461296081543,,,,Ivana Ivanova ,,YES,,,,,https://www.propertyfinder.bh/en/plp/rent/apartment-for-rent-muharraq-governorate-diyar-al-muharraq-marassi-boulevard-56858699.html,2026-09-07T22:43:43.320929+00:00,2026-09-07T22:43:43.320929+00:00,0,2026-09-07T22:43:43.320929+00:00
2026-09-07,new,56858700,,,Apartment,MODERN┃GAS┃FREE 1 MONTH┃CLOSE KITCHEN┃SPACIOUS,,349.0,,,BHD,monthly,,,,,,,,,,,26.214487075805664,50.584754943847656,,,,Sahebaz Makki,,YES,,,,,https://www.propertyfinder.bh/en/plp/rent/apartment-for-rent-capital-governorate-manama-adliya-56858700.html,2026-09-07T22:43:43.320929+00:00,2026-09-07T22:43:43.320929+00:00,0,2026-09-07T22:43:43.320929+00:00
2026-09-07,new,56858701,,,Villa,Refurbished | Private Jacuzzi | Swimming Pool |,,700.0,,,BHD,monthly,,,,,,,,,,,26.19164276123047,50.48757553100586,,,,Aileen Camarillo,,PARTLY,,,,,https://www.propertyfinder.bh/en/plp/rent/villa-for-rent-northern-governorate-saar-56858701.html,2026-09-07T22:43:43.320929+00:00,2026-09-07T22:43:43.320929+00:00,0,2026-09-07T22:43:43.320929+00:00
2026-09-07,new,56858702,,,Apartment,UNLIMITED EWA | Bright | Easy Access | Amenities,,380.0,,,BHD,monthly,,,,,,,,,,,26.211111068725586,50.601112365722656,,,,Lijas Ali,,YES,,,,,https://www.propertyfinder.bh/en/plp/rent/apartment-for-rent-capital-governorate-al-juffair-56858702.html,2026-09-07T22:43:43.320929+00:00,2026-09-07T22:43:43.320929+00:00,0,2026-09-07T22:43:43.320929+00:00
2026-09-07,new,56858705,,,Villa,Private Pool | Kids Play Area | Modern | Garden |,,1150.0,,,BHD,monthly,,,,,,,,,,,26.19164276123047,50.48757553100586,,,,Aileen Camarillo,,PARTLY,,,,,https://www.propertyfinder.bh/en/plp/rent/villa-for-rent-northern-governorate-saar-56858705.html,2026-09-07T22:43:43.320929+00:00,2026-09-07T22:43:43.320929+00:00,0,2026-09-07T22:43:43.320929+00:00
2026-09-07,new,56858708,,,Villa,Spacious | Maids Room | Kids Play Area | Garden |,,1600.0,,,BHD,monthly,,,,,,,,,,,26.229394912719727,50.48070526123047,,,,Aileen Camarillo,,PARTLY,,,,,https://www.propertyfinder.bh/en/plp/rent/villa-for-rent-northern-governorate-barbar-56858708.html,2026-09-07T22:43:43.320929+00:00,2026-09-07T22:43:43.320929+00:00,0,2026-09-07T22:43:43.320929+00:00
2026-09-07,new,56858710,,,Apartment,MODERN ┃SPLIT AC ┃UNLIMTED EWA┃CLOSE KITCHEN vGYM,,349.0,,,BHD,monthly,,,,,,,,,,,26.214487075805664,50.584754943847656,,,,Sahebaz Makki,,YES,,,,,https://www.propertyfinder.bh/en/plp/rent/apartment-for-rent-capital-governorate-manama-adliya-56858710.html,2026-09-07T22:43:43.320929+00:00,2026-09-07T22:43:43.320929+00:00,0,2026-09-07T22:43:43.320929+00:00
2026-09-07,new,56858711,,,Villa,Private Pool | Closed Kitchen | Kids Play Ground |,,1300.0,,,BHD,monthly,,,,,,,,,,,26.229394912719727,50.48070526123047,,,,Aileen Camarillo,,YES,,,,,https://www.propertyfinder.bh/en/plp/rent/villa-for-rent-northern-governorate-barbar-56858711.html,2026-09-07T22:43:43.320929+00:00,2026-09-07T22:43:43.320929+00:00,0,2026-09-07T22:43:43.320929+00:00
2026-09-07,new,56858712,,,Apartment,Sea view 2 bedrooms flat with Developer furniture,,95000.0,,,BHD,sell,,,,,,,,,,,26.211111068725586,50.601112365722656,,,,Mohammed Sajid Oddin,,YES,completed,,,,https://www.propertyfinder.bh/en/plp/buy/apartment-for-sale-capital-governorate-al-juffair-56858712.html,2026-09-07T22:43:43.320929+00:00,2026-09-07T22:43:43.320929+00:00,0,2026-09-07T22:43:43.320929+00:00
2026-09-07,new,56858714,,,Villa,Pets Allowed | Maids Room | Kids Play Area | Gym,,950.0,,,BHD,monthly,,,,,,,,,,,26.229394912719727,50.48070526123047,,,,Aileen Camarillo,,PARTLY,,,,,https://www.propertyfinder.bh/en/plp/rent/villa-for-rent-northern-governorate-barbar-56858714.html,2026-09-07T22:43:43.320929+00:00,2026-09-07T22:43:43.320929+00:00,0,2026-09-07T22:43:43.320929+00:00
2026-09-07,new,56858716,,,Land,Prime location | Land  | Available | Salmabad,,183000.0,,,BHD,sell,,,,,,,,,,,26.183332443237305,50.516666412353516,,,,Sadeq Habib,,,,,,,https://www.propertyfinder.bh/en/plp/buy/land-for-sale-central-governorate-salmabad-56858716.html,2026-09-07T22:43:43.320929+00:00,2026-09-07T22:43:43.320929+00:00,0,2026-09-07T22:43:43.320929+00:00
2026-09-07,new,56858730,,,Apartment,Vibrant & Elegant| Superb Sea View | Beach Access,,450.0,,,BHD,monthly,,,,,,,,Diyar Al Muharraq,Marassi Residences,,26.303447723388672,50.6461296081543,,,,Ivana Ivanova ,,YES,,,,,https://www.propertyfinder.bh/en/plp/rent/apartment-for-rent-muharraq-governorate-diyar-al-muharraq-marassi-residences-56858730.html,2026-09-07T22:43:43.320929+00:00,2026-09-07T22:43:43.320929+00:00,0,2026-09-07T22:43:43.320929+00:00
2026-09-07,new,56858731,,,Apartment,Balcony | Swimming Pool | Gym | Juffair,,250.0,,,BHD,monthly,,,,,,,,,,,26.211111068725586,50.601112365722656,,,,Orhan Shakoor Humood,,YES,,,,,https://www.propertyfinder.bh/en/plp/rent/apartment-for-rent-capital-governorate-al-juffair-56858731.html,2026-09-07T22:43:43.320929+00:00,2026-09-07T22:43:43.320929+00:00,0,2026-09-07T22:43:43.320929+00:00
2026-09-07,new,56858738,,,Whole Building,Residential and Commercial Building in Al Hujaiyat,,400000.0,,,BHD,sell,,,,,,,,Alhajiyat,,,26.128984451293945,50.58171463012695,,,,Ayman H.,,NO,completed,,,,https://www.propertyfinder.bh/en/plp/commercial-buy/whole-building-for-sale-southern-governorate-riffa-alhajiyat-56858738.html,2026-09-07T22:43:43.320929+00:00,2026-09-07T22:43:43.320929+00:00,0,2026-09-07T22:43:43.320929+00:00
2026-09-07,new,56858739,,,Villa,NEW VILLA | Bright | Closed Kitchen | Store Room |,,1000.0,,,BHD,monthly,,,,,,,,,,,26.185943603515625,50.46711349487305,,,,Aileen Camarillo,,PARTLY,,,,,https://www.propertyfinder.bh/en/plp/rent/villa-for-rent-northern-governorate-janabiya-56858739.html,2026-09-07T22:43:43.320929+00:00,2026-09-07T22:43:43.320929+00:00,0,2026-09-07T22:43:43.320929+00:00
2026-09-07,new,56858745,,,Land,Available | Prime location | Hidd | RB,,139604.0,,,BHD,sell,,,,,,,,,,,26.21263313293457,50.67418670654297,,,,Husian Aqeel,,,,,,,https://www.propertyfinder.bh/en/plp/buy/land-for-sale-muharraq-governorate-hidd-56858745.html,2026-09-07T22:43:43.320929+00:00,2026-09-07T22:43:43.320929+00:00,0,2026-09-07T22:43:43.320929+00:00
2026-09-07,new,56858746,,,Apartment,▐ SEEF AVENUE SEA VIEW▐ ONE BED ▐ HOT DEAL▐ SEEF▐,,530.0,,,BHD,monthly,,,,,,,,,,,26.239999771118164,50.5369987487793,,,,Mohammed Ibrahim Khan,,YES,,,,,https://www.propertyfinder.bh/en/plp/rent/apartment-for-rent-capital-governorate-seef-56858746.html,2026-09-07T22:43:43.320929+00:00,2026-09-07T22:43:43.320929+00:00,0,2026-09-07T22:43:43.320929+00:00
2026-09-07,new,56858754,,,Land,Al Akr Al Gharbi  | Prime location | Land,,164000.0,,,BHD,sell,,,,,,,,,,,26.143688201904297,50.60297393798828,,,,Mohamed Abdali,,,,,,,https://www.propertyfinder.bh/en/plp/buy/land-for-sale-central-governorate-eker-56858754.html,2026-09-07T22:43:43.320929+00:00,2026-09-07T22:43:43.320929+00:00,0,2026-09-07T22:43:43.320929+00:00
2026-09-07,new,56858756,,,Land,RA Residential Land | Near Shaikha Khalil Kanoo,,123367.0,,,BHD,sell,,,,,,,,,,,26.188888549804688,50.54999923706055,,,,Mohamed Awad,,,,,,,https://www.propertyfinder.bh/en/plp/buy/land-for-sale-central-governorate-tubli-56858756.html,2026-09-07T22:43:43.320929+00:00,2026-09-07T22:43:43.320929+00:00,0,2026-09-07T22:43:43.320929+00:00
2026-09-07,new,56858757,,,Apartment,Modern Style | Sea & City view | Maid room,,460.0,,,BHD,monthly,,,,,,,,,,,26.211111068725586,50.601112365722656,,,,Saeed Hamueh,,YES,,,,,https://www.propertyfinder.bh/en/plp/rent/apartment-for-rent-capital-governorate-al-juffair-56858757.html,2026-09-07T22:43:43.320929+00:00,2026-09-07T22:43:43.320929+00:00,0,2026-09-07T22:43:43.320929+00:00
2026-09-07,new,56858770,,,Office Space,FULLY FURNISHED OFFICE FOR SALE|DIPLOMATIC AREA,,68000.0,,,BHD,sell,,,,,,,,Diplomatic Area,,,26.240070343017578,50.587345123291016,,,,Abdul Saboor,,YES,completed,,,,https://www.propertyfinder.bh/en/plp/commercial-buy/office-space-for-sale-capital-governorate-manama-diplomatic-area-56858770.html,2026-09-07T22:43:43.320929+00:00,2026-09-07T22:43:43.320929+00:00,0,2026-09-07T22:43:43.320929+00:00
2026-09-07,new,56858771,,,Shop,PREMIUM SHOP|RENT|SINGLE SHUTTER|EXHIBITION ROAD,,950.0,,,BHD,monthly,,,,,,,,Exhibition Road,,,26.231962203979492,50.59507369995117,,,,Abdul Saboor,,YES,,,,,https://www.propertyfinder.bh/en/plp/commercial-rent/shop-for-rent-capital-governorate-hoora-exhibition-road-56858771.html,2026-09-07T22:43:43.320929+00:00,2026-09-07T22:43:43.320929+00:00,0,2026-09-07T22:43:43.320929+00:00
2026-09-07,new,56858773,,,Apartment,"3BHK High Floor, Sea View, Housekeeping & Internet",,900.0,,,BHD,monthly,,,,,,,,,,,26.239999771118164,50.5369987487793,,,,JUNAID MUNAWAR,,YES,,,,,https://www.propertyfinder.bh/en/plp/rent/apartment-for-rent-capital-governorate-seef-56858773.html,2026-09-07T22:43:43.320929+00:00,2026-09-07T22:43:43.320929+00:00,0,2026-09-07T22:43:43.320929+00:00
2026-09-07,new,56858777,,,Apartment,Luxurious Seef 1BHK | Sea View Gym Pool  400 Inc,,400.0,,,BHD,monthly,,,,,,,,,,,26.239999771118164,50.5369987487793,,,,JUNAID MUNAWAR,,YES,,,,,https://www.propertyfinder.bh/en/plp/rent/apartment-for-rent-capital-governorate-seef-56858777.html,2026-09-07T22:43:43.320929+00:00,2026-09-07T22:43:43.320929+00:00,0,2026-09-07T22:43:43.320929+00:00
2026-09-07,new,56858778,,,Land,"LARGE INDUSTRIAL PLOT | 2,534 SQM | FOR RENT",,3547.0,,,BHD,monthly,,,,,,,,,,,26.134166717529297,50.61305618286133,,,,Yumna Awad,,,,,,,https://www.propertyfinder.bh/en/plp/rent/land-for-rent-central-governorate-maameer-56858778.html,2026-09-07T22:43:43.320929+00:00,2026-09-07T22:43:43.320929+00:00,0,2026-09-07T22:43:43.320929+00:00
2026-09-07,new,56858779,,,Villa,MODERN 4BHK VILLA | 300 SQM | 2 PARKINGS,,128000.0,,,BHD,sell,,,,,,,,,,,26.140336990356445,50.478271484375,,,,Yumna Awad,,NO,completed_primary,,,,https://www.propertyfinder.bh/en/plp/buy/villa-for-sale-northern-governorate-hamala-56858779.html,2026-09-07T22:43:43.320929+00:00,2026-09-07T22:43:43.320929+00:00,0,2026-09-07T22:43:43.320929+00:00
2026-09-07,new,56858780,,,Land,"LARGE INVESTMENT LAND | 1,440 SQM | PRIME BUDAIYA",,800.0,,,BHD,monthly,,,,,,,,,,,26.213165283203125,50.447471618652344,,,,Yumna Awad,,,,,,,https://www.propertyfinder.bh/en/plp/rent/land-for-rent-northern-governorate-budaiya-56858780.html,2026-09-07T22:43:43.320929+00:00,2026-09-07T22:43:43.320929+00:00,0,2026-09-07T22:43:43.320929+00:00
2026-09-07,new,56858781,,,Villa,SPACIOUS 4BHK VILLA | 295 SQM | 2 GARAGES,,140000.0,,,BHD,sell,,,,,,,,West Riffa,,,26.123153686523438,50.54193878173828,,,,Yumna Awad,,NO,completed_primary,,,,https://www.propertyfinder.bh/en/plp/buy/villa-for-sale-southern-governorate-riffa-west-riffa-56858781.html,2026-09-07T22:43:43.320929+00:00,2026-09-07T22:43:43.320929+00:00,0,2026-09-07T22:43:43.320929+00:00
2026-09-07,new,56858790,,,Office Space,Fitted office with size 123 sqm at Seef only 350bd,,350.0,,,BHD,monthly,,,,,,,,,,,26.239999771118164,50.5369987487793,,,,Mohammed Sajid Oddin,,YES,,,,,https://www.propertyfinder.bh/en/plp/commercial-rent/office-space-for-rent-capital-governorate-seef-56858790.html,2026-09-07T22:43:43.320929+00:00,2026-09-07T22:43:43.320929+00:00,0,2026-09-07T22:43:43.320929+00:00
2026-09-07,new,56858791,,,Apartment,Luxury 2 BHK Reef Balcony Gym Pool 600 Inclusive,,600.0,,,BHD,monthly,,,,,,,,,,,26.241750717163086,50.5663948059082,,,,JUNAID MUNAWAR,,YES,,,,,https://www.propertyfinder.bh/en/plp/rent/apartment-for-rent-capital-governorate-reef-island-56858791.html,2026-09-07T22:43:43.320929+00:00,2026-09-07T22:43:43.320929+00:00,0,2026-09-07T22:43:43.320929+00:00
2026-09-07,new,56858797,,,Apartment,2 Bedrooms flat with close kitchen and balcony,,55000.0,,,BHD,sell,,,,,,,,,,,26.211111068725586,50.601112365722656,,,,Mohammed Sajid Oddin,,YES,completed,,,,https://www.propertyfinder.bh/en/plp/buy/apartment-for-sale-capital-governorate-al-juffair-56858797.html,2026-09-07T22:43:43.320929+00:00,2026-09-07T22:43:43.320929+00:00,0,2026-09-07T22:43:43.320929+00:00
2026-09-07,new,56858798,,,Apartment,Best Location | Highway Access | Inclusive,,400.0,,,BHD,monthly,,,,,,,,,,,26.211111068725586,50.601112365722656,,,,Saeed Hamueh,,YES,,,,,https://www.propertyfinder.bh/en/plp/rent/apartment-for-rent-capital-governorate-al-juffair-56858798.html,2026-09-07T22:43:43.320929+00:00,2026-09-07T22:43:43.320929+00:00,0,2026-09-07T22:43:43.320929+00:00
2026-09-07,new,56858799,,,Apartment,LUXURY | 2 BHK | LARGE BALCONY | SPACIOUS,,77000.0,,,BHD,sell,,,,,,,,,,,26.211111068725586,50.601112365722656,,,,Majeed Moosa,,YES,completed,,,,https://www.propertyfinder.bh/en/plp/buy/apartment-for-sale-capital-governorate-al-juffair-56858799.html,2026-09-07T22:43:43.320929+00:00,2026-09-07T22:43:43.320929+00:00,0,2026-09-07T22:43:43.320929+00:00
2026-09-07,new,56858800,,,Apartment,Amazing View| High Floor | Stylish,,450.0,,,BHD,monthly,,,,,,,,,,,26.211111068725586,50.601112365722656,,,,Saeed Hamueh,,YES,,,,,https://www.propertyfinder.bh/en/plp/rent/apartment-for-rent-capital-governorate-al-juffair-56858800.html,2026-09-07T22:43:43.320929+00:00,2026-09-07T22:43:43.320929+00:00,0,2026-09-07T22:43:43.320929+00:00
2026-09-07,new,56858801,,,Villa,FURNISHED VILLA | MAID’S ROOM | NEAR LULU MARKET,,500.0,,,BHD,monthly,,,,,,,,,,,26.21263313293457,50.67418670654297,,,,Muhammad,,YES,,,,,https://www.propertyfinder.bh/en/plp/rent/villa-for-rent-muharraq-governorate-hidd-56858801.html,2026-09-07T22:43:43.320929+00:00,2026-09-07T22:43:43.320929+00:00,0,2026-09-07T22:43:43.320929+00:00
2026-09-07,new,56858806,,,Apartment,Spacious 2 BR | Balcony | Housekeeping | Internet,,450.0,,,BHD,monthly,,,,,,,,,,,26.27199935913086,50.60900115966797,,,,JUNAID MUNAWAR,,YES,,,,,https://www.propertyfinder.bh/en/plp/rent/apartment-for-rent-muharraq-governorate-busaiteen-56858806.html,2026-09-07T22:43:43.320929+00:00,2026-09-07T22:43:43.320929+00:00,0,2026-09-07T22:43:43.320929+00:00
2026-09-07,new,56858808,,,Apartment,3BHK | 70 EWA |CLOSED KITCHEN | BALCONY | GYM/POOL,,400.0,,,BHD,monthly,,,,,,,,,,,26.27199935913086,50.60900115966797,,,,Sanal Kakkat,,YES,,,,,https://www.propertyfinder.bh/en/plp/rent/apartment-for-rent-muharraq-governorate-busaiteen-56858808.html,2026-09-07T22:43:43.320929+00:00,2026-09-07T22:43:43.320929+00:00,0,2026-09-07T22:43:43.320929+00:00
2026-09-07,new,56858810,,,Apartment,Newly furnished 2 bedrooms flat with sea view,,550.0,,,BHD,monthly,,,,,,,,,,,26.211111068725586,50.601112365722656,,,,Mohammed Sajid Oddin,,YES,,,,,https://www.propertyfinder.bh/en/plp/rent/apartment-for-rent-capital-governorate-al-juffair-56858810.html,2026-09-07T22:43:43.320929+00:00,2026-09-07T22:43:43.320929+00:00,0,2026-09-07T22:43:43.320929+00:00
2026-09-07,new,56858820,,,Apartment,Best Value 1 BHK Reef Island Housekeeping 330,,330.0,,,BHD,monthly,,,,,,,,,,,26.241750717163086,50.5663948059082,,,,JUNAID MUNAWAR,,YES,,,,,https://www.propertyfinder.bh/en/plp/rent/apartment-for-rent-capital-governorate-reef-island-56858820.html,2026-09-07T22:43:43.320929+00:00,2026-09-07T22:43:43.320929+00:00,0,2026-09-07T22:43:43.320929+00:00
2026-09-07,new,56858821,,,Apartment,Spacious 2BHK | Pool |Gym |Balcony |Lobby | Lift,,300.0,,,BHD,monthly,,,,,,,,Amwaj Avenue,,,26.29302978515625,50.66474151611328,,,,Abid Siddique,,YES,,,,,https://www.propertyfinder.bh/en/plp/rent/apartment-for-rent-muharraq-governorate-amwaj-islands-amwaj-avenue-56858821.html,2026-09-07T22:43:43.320929+00:00,2026-09-07T22:43:43.320929+00:00,0,2026-09-07T22:43:43.320929+00:00
2026-09-07,new,56858827,,,Apartment,2 BHK Close kitchen and balcony also store room,,390.0,,,BHD,monthly,,,,,,,,,,,26.211111068725586,50.601112365722656,,,,Mohammed Sajid Oddin,,YES,,,,,https://www.propertyfinder.bh/en/plp/rent/apartment-for-rent-capital-governorate-al-juffair-56858827.html,2026-09-07T22:43:43.320929+00:00,2026-09-07T22:43:43.320929+00:00,0,2026-09-07T22:43:43.320929+00:00
2026-09-07,new,56858830,,,Apartment,Beautiful Sunset | Big Balcony | Luxury Interiors,,580.0,,,BHD,monthly,,,,,,,,,,,26.239999771118164,50.5369987487793,,,,Majeed Moosa,,YES,,,,,https://www.propertyfinder.bh/en/plp/rent/apartment-for-rent-capital-governorate-seef-56858830.html,2026-09-07T22:43:43.320929+00:00,2026-09-07T22:43:43.320929+00:00,0,2026-09-07T22:43:43.320929+00:00
2026-09-07,new,56858833,,,Apartment,Luxurious 2 BR | Balcony | Near RCSI | 3 Bathroom,,430.0,,,BHD,monthly,,,,,,,,,,,26.27199935913086,50.60900115966797,,,,JUNAID MUNAWAR,,YES,,,,,https://www.propertyfinder.bh/en/plp/rent/apartment-for-rent-muharraq-governorate-busaiteen-56858833.html,2026-09-07T22:43:43.320929+00:00,2026-09-07T22:43:43.320929+00:00,0,2026-09-07T22:43:43.320929+00:00
2026-09-07,new,56858835,,,Apartment,Bright 1 BR FF Apartment | Balcony | WIFI | Pool,,320.0,,,BHD,monthly,,,,,,,,The Lagoon,,,26.287778854370117,50.66339111328125,,,,Hafiz Mohammad Rizwan Ashraf,,YES,,,,,https://www.propertyfinder.bh/en/plp/rent/apartment-for-rent-muharraq-governorate-amwaj-islands-the-lagoon-56858835.html,2026-09-07T22:43:43.320929+00:00,2026-09-07T22:43:43.320929+00:00,0,2026-09-07T22:43:43.320929+00:00
2026-09-07,new,56858839,,,Apartment,Luxury 1BR Reef Island Wi-Fi Gym Pool 850 Inc,,850.0,,,BHD,monthly,,,,,,,,,,,26.241750717163086,50.5663948059082,,,,JUNAID MUNAWAR,,YES,,,,,https://www.propertyfinder.bh/en/plp/rent/apartment-for-rent-capital-governorate-reef-island-56858839.html,2026-09-07T22:43:43.320929+00:00,2026-09-07T22:43:43.320929+00:00,0,2026-09-07T22:43:43.320929+00:00
2026-09-07,new,56858840,,,Apartment,MODERN | SPACIOUS | LARGE BALCONY,,330.0,,,BHD,monthly,,,,,,,,,,,26.211111068725586,50.601112365722656,,,,Iqbal Mayoddin,,YES,,,,,https://www.propertyfinder.bh/en/plp/rent/apartment-for-rent-capital-governorate-al-juffair-56858840.html,2026-09-07T22:43:43.320929+00:00,2026-09-07T22:43:43.320929+00:00,0,2026-09-07T22:43:43.320929+00:00
2026-09-07,new,56858845,,,Land,Commercial land for investment in the Ramli area,,3176600.0,,,BHD,sell,,,,,,,,,,,26.1634578704834,50.515289306640625,,,,Ayman H.,,,,,,,https://www.propertyfinder.bh/en/plp/commercial-buy/land-for-sale-central-governorate-a-ali-56858845.html,2026-09-07T22:43:43.320929+00:00,2026-09-07T22:43:43.320929+00:00,0,2026-09-07T22:43:43.320929+00:00
2026-09-07,new,56858846,,,Apartment,2 BHK Reef Island Luxury Apartment Inclusive 600,,600.0,,,BHD,monthly,,,,,,,,,,,26.241750717163086,50.5663948059082,,,,JUNAID MUNAWAR,,YES,,,,,https://www.propertyfinder.bh/en/plp/rent/apartment-for-rent-capital-governorate-reef-island-56858846.html,2026-09-07T22:43:43.320929+00:00,2026-09-07T22:43:43.320929+00:00,0,2026-09-07T22:43:43.320929+00:00
2026-09-07,new,56858847,,,Apartment,Bright & Modern l Beach Access l Balcony with View,,450.0,,,BHD,monthly,,,,,,,,Diyar Al Muharraq,Marassi Residences,,26.303447723388672,50.6461296081543,,,,Ivana Ivanova ,,YES,,,,,https://www.propertyfinder.bh/en/plp/rent/apartment-for-rent-muharraq-governorate-diyar-al-muharraq-marassi-residences-56858847.html,2026-09-07T22:43:43.320929+00:00,2026-09-07T22:43:43.320929+00:00,0,2026-09-07T22:43:43.320929+00:00
2026-09-07,new,56858848,,,Apartment,Luxurious 2 bedrooms flat at Busaiteen only BD420,,420.0,,,BHD,monthly,,,,,,,,,,,26.27199935913086,50.60900115966797,,,,Mohammed Sajid Oddin,,YES,,,,,https://www.propertyfinder.bh/en/plp/rent/apartment-for-rent-muharraq-governorate-busaiteen-56858848.html,2026-09-07T22:43:43.320929+00:00,2026-09-07T22:43:43.320929+00:00,0,2026-09-07T22:43:43.320929+00:00
2026-09-07,new,56858855,,,Apartment,2 BHK + Maid Reef Unlimited EWA HK  Wi-Fi 550,,550.0,,,BHD,monthly,,,,,,,,,,,26.241750717163086,50.5663948059082,,,,JUNAID MUNAWAR,,YES,,,,,https://www.propertyfinder.bh/en/plp/rent/apartment-for-rent-capital-governorate-reef-island-56858855.html,2026-09-07T22:43:43.320929+00:00,2026-09-07T22:43:43.320929+00:00,0,2026-09-07T22:43:43.320929+00:00
2026-09-07,new,56858856,,,Villa,CONTEMPORARY 4 + 1 VILLA - GARDEN - JETTY.,,1400.0,,,BHD,monthly,,,,,,,,Amwaj Avenue,,,26.29302978515625,50.66474151611328,,,,Sheila  Mcewan,,YES,,,,,https://www.propertyfinder.bh/en/plp/rent/villa-for-rent-muharraq-governorate-amwaj-islands-amwaj-avenue-56858856.html,2026-09-07T22:43:43.320929+00:00,2026-09-07T22:43:43.320929+00:00,0,2026-09-07T22:43:43.320929+00:00
2026-09-07,new,56858859,,,Apartment,Direct Lagoon Access | 3BR Villa | Maids room,,800.0,,,BHD,monthly,,,,,,,,Al Marsa Floating City,,,26.2847957611084,50.669620513916016,,,,Zsuzsanna Gecse,,YES,,,,,https://www.propertyfinder.bh/en/plp/rent/apartment-for-rent-muharraq-governorate-amwaj-islands-al-marsa-floating-city-56858859.html,2026-09-07T22:43:43.320929+00:00,2026-09-07T22:43:43.320929+00:00,0,2026-09-07T22:43:43.320929+00:00
2026-09-07,new,56858860,,,Villa,Spacious 4-Bedrooms Villa | Semi-Furnished | Lobby,,700.0,,,BHD,monthly,,,,,,,,Amwaj Avenue,,,26.29302978515625,50.66474151611328,,,,Abid Siddique,,PARTLY,,,,,https://www.propertyfinder.bh/en/plp/rent/villa-for-rent-muharraq-governorate-amwaj-islands-amwaj-avenue-56858860.html,2026-09-07T22:43:43.320929+00:00,2026-09-07T22:43:43.320929+00:00,0,2026-09-07T22:43:43.320929+00:00
2026-09-07,new,56858865,,,Villa,"Inclusive, Front ample Backyard Garden, Compound",,750.0,,,BHD,monthly,,,,,,,,,,,26.19164276123047,50.48757553100586,,,,Mohamed Ali,,PARTLY,,,,,https://www.propertyfinder.bh/en/plp/rent/villa-for-rent-northern-governorate-saar-56858865.html,2026-09-07T22:43:43.320929+00:00,2026-09-07T22:43:43.320929+00:00,0,2026-09-07T22:43:43.320929+00:00
2026-09-07,new,56858872,,,Villa,MODERN FURNISHED PVT 4+1 VILLA - PVT POOL  PARKING,,1700.0,,,BHD,monthly,,,,,,,,,,,26.19164276123047,50.48757553100586,,,,Sheila  Mcewan,,YES,,,,,https://www.propertyfinder.bh/en/plp/rent/villa-for-rent-northern-governorate-saar-56858872.html,2026-09-07T22:43:43.320929+00:00,2026-09-07T22:43:43.320929+00:00,0,2026-09-07T22:43:43.320929+00:00
2026-09-07,new,56858873,,,Apartment,Affordable 1BHK In Janabiya | LAST UNIT,,320.0,,,BHD,monthly,,,,,,,,,,,26.185943603515625,50.46711349487305,,,,Haris Shaikh,,YES,,,,,https://www.propertyfinder.bh/en/plp/rent/apartment-for-rent-northern-governorate-janabiya-56858873.html,2026-09-07T22:43:43.320929+00:00,2026-09-07T22:43:43.320929+00:00,0,2026-09-07T22:43:43.320929+00:00
2026-09-07,new,56858874,,,Apartment,Premium 1 BHK Seef Sea View Gym Pool 400 Inclusive,,400.0,,,BHD,monthly,,,,,,,,,,,26.239999771118164,50.5369987487793,,,,JUNAID MUNAWAR,,YES,,,,,https://www.propertyfinder.bh/en/plp/rent/apartment-for-rent-capital-governorate-seef-56858874.html,2026-09-07T22:43:43.320929+00:00,2026-09-07T22:43:43.320929+00:00,0,2026-09-07T22:43:43.320929+00:00
2026-09-07,new,56858892,,,Apartment,Limited Unit|Bright-Modern|Spacious|Balcony|Studio,,240.0,,,BHD,monthly,,,,,,,,,,,26.211111068725586,50.601112365722656,,,,Hazeeth,,YES,,,,,https://www.propertyfinder.bh/en/plp/rent/apartment-for-rent-capital-governorate-al-juffair-56858892.html,2026-09-07T22:43:43.320929+00:00,2026-09-07T22:43:43.320929+00:00,0,2026-09-07T22:43:43.320929+00:00
2026-09-07,new,56858901,,,Villa,Ready To Move|Private Pool|Garden Area|Spacious,,789.0,,,BHD,monthly,,,,,,,,,,,26.188888549804688,50.54999923706055,,,,Hazeeth,,PARTLY,,,,,https://www.propertyfinder.bh/en/plp/rent/villa-for-rent-central-governorate-tubli-56858901.html,2026-09-07T22:43:43.320929+00:00,2026-09-07T22:43:43.320929+00:00,0,2026-09-07T22:43:43.320929+00:00
2026-09-07,new,56858913,,,Apartment,MODERN LUXURY APARTMENT | REDUCED PRICE,,405.0,,,BHD,monthly,,,,,,,,,,,26.211111068725586,50.601112365722656,,,,Ghassan Qarooni,,YES,,,,,https://www.propertyfinder.bh/en/plp/rent/apartment-for-rent-capital-governorate-al-juffair-56858913.html,2026-09-07T22:43:43.320929+00:00,2026-09-07T22:43:43.320929+00:00,0,2026-09-07T22:43:43.320929+00:00
2026-09-07,new,56858914,,,Apartment,NEW MODERN LUXURY APARTMENT WITH AMAZING VIEW,,450.0,,,BHD,monthly,,,,,,,,,,,26.211111068725586,50.601112365722656,,,,Ghassan Qarooni,,YES,,,,,https://www.propertyfinder.bh/en/plp/rent/apartment-for-rent-capital-governorate-al-juffair-56858914.html,2026-09-07T22:43:43.320929+00:00,2026-09-07T22:43:43.320929+00:00,0,2026-09-07T22:43:43.320929+00:00
2026-09-07,new,56858916,,,Apartment,"Ready to move in, 2 -Bedroom Apartment in Janabiya",,500.0,,,BHD,monthly,,,,,,,,,,,26.185943603515625,50.46711349487305,,,,Haris Shaikh,,YES,,,,,https://www.propertyfinder.bh/en/plp/rent/apartment-for-rent-northern-governorate-janabiya-56858916.html,2026-09-07T22:43:43.320929+00:00,2026-09-07T22:43:43.320929+00:00,0,2026-09-07T22:43:43.320929+00:00
2026-09-07,new,56858923,,,Office Space,█incredible Price█100 SQM █2 Offices Rooms█310 BD█,,310.0,,,BHD,monthly,,,,,,,,,,,26.239999771118164,50.5369987487793,,,,A  Ali ,,YES,,,,,https://www.propertyfinder.bh/en/plp/commercial-rent/office-space-for-rent-capital-governorate-seef-56858923.html,2026-09-07T22:43:43.320929+00:00,2026-09-07T22:43:43.320929+00:00,0,2026-09-07T22:43:43.320929+00:00
2026-09-07,new,56858929,,,Office Space,█ Marvelous █240 SQM █8 Offices Rooms█850 BD█,,850.0,,,BHD,monthly,,,,,,,,,,,26.239999771118164,50.5369987487793,,,,A  Ali ,,YES,,,,,https://www.propertyfinder.bh/en/plp/commercial-rent/office-space-for-rent-capital-governorate-seef-56858929.html,2026-09-07T22:43:43.320929+00:00,2026-09-07T22:43:43.320929+00:00,0,2026-09-07T22:43:43.320929+00:00
2026-09-07,new,56858930,,,Apartment,2 + MAID ROOM | INTERNET | HUGE BALCONY | DILMUNIA,,750.0,,,BHD,monthly,,,,,,,,Hanging Garden,,,26.27286720275879,50.672889709472656,,,,JUNAID MUNAWAR,,YES,,,,,https://www.propertyfinder.bh/en/plp/rent/apartment-for-rent-muharraq-governorate-dilmunia-island-hanging-garden-56858930.html,2026-09-07T22:43:43.320929+00:00,2026-09-07T22:43:43.320929+00:00,0,2026-09-07T22:43:43.320929+00:00
2026-09-07,new,56858932,,,Apartment,SPACIOUS | LUXURY| FULLY FURNISHED | SEA SIDE,,330.0,,,BHD,monthly,,,,,,,,,,,26.239999771118164,50.5369987487793,,,,POOMANAKKAL,,YES,,,,,https://www.propertyfinder.bh/en/plp/rent/apartment-for-rent-capital-governorate-seef-56858932.html,2026-09-07T22:43:43.320929+00:00,2026-09-07T22:43:43.320929+00:00,0,2026-09-07T22:43:43.320929+00:00
2026-09-07,new,56858951,,,Apartment,BRAND NEW BUILDING | BALCONY| CLOSED KITCHEN | GAS,,300.0,,,BHD,monthly,,,,,,,,,,,26.21672821044922,50.55367660522461,,,,Sanal Kakkat,,YES,,,,,https://www.propertyfinder.bh/en/plp/rent/apartment-for-rent-capital-governorate-manama-al-burhama-56858951.html,2026-09-07T22:43:43.320929+00:00,2026-09-07T22:43:43.320929+00:00,0,2026-09-07T22:43:43.320929+00:00
2026-09-07,new,56858974,,,Apartment,one bedroom |spacious layout | rented for sale,,64000.0,,,BHD,sell,,,,,,,,,,,26.211111068725586,50.601112365722656,,,,Linda Mehdi,,YES,completed,,,,https://www.propertyfinder.bh/en/plp/buy/apartment-for-sale-capital-governorate-al-juffair-56858974.html,2026-09-07T22:43:43.320929+00:00,2026-09-07T22:43:43.320929+00:00,0,2026-09-07T22:43:43.320929+00:00
2026-09-07,new,56858989,,,Apartment,Stunning Modern Prime Location & Peaceful Living,,500.0,,,BHD,monthly,,,,,,,,,,,26.185943603515625,50.46711349487305,,,,Soulmate Management,,YES,,,,,https://www.propertyfinder.bh/en/plp/rent/apartment-for-rent-northern-governorate-janabiya-56858989.html,2026-09-07T22:43:43.320929+00:00,2026-09-07T22:43:43.320929+00:00,0,2026-09-07T22:43:43.320929+00:00
2026-09-07,new,56858991,,,Villa,On two streets  prime locationOn  reasonable price,,140000.0,,,BHD,sell,,,,,,,,Al Bahair,,,26.149368286132812,50.56598663330078,,,,Al Lagoon Real Estate ,,NO,completed,,,,https://www.propertyfinder.bh/en/plp/buy/villa-for-sale-southern-governorate-riffa-al-bahair-56858991.html,2026-09-07T22:43:43.320929+00:00,2026-09-07T22:43:43.320929+00:00,0,2026-09-07T22:43:43.320929+00:00
2026-09-07,new,56858992,,,Apartment,2 BR Furnished Apartment with Shared Pool in BHD,,450.0,,,BHD,monthly,,,,,,,,Tala Island,,,26.300025939941406,50.66316223144531,,,,Shahin  Muhammad,,YES,,,,,https://www.propertyfinder.bh/en/plp/rent/apartment-for-rent-muharraq-governorate-amwaj-islands-tala-island-56858992.html,2026-09-07T22:43:43.320929+00:00,2026-09-07T22:43:43.320929+00:00,0,2026-09-07T22:43:43.320929+00:00
2026-09-07,new,56858996,,,Apartment,2 BR Furnished Apartment with 2 Parking Slots,,450.0,,,BHD,monthly,,,,,,,,,,,26.185943603515625,50.46711349487305,,,,Kader CMA,,YES,,,,,https://www.propertyfinder.bh/en/plp/rent/apartment-for-rent-northern-governorate-janabiya-56858996.html,2026-09-07T22:43:43.320929+00:00,2026-09-07T22:43:43.320929+00:00,0,2026-09-07T22:43:43.320929+00:00
2026-09-07,new,56859001,,,Apartment,BEST VALUE IN AMWAJ | Furnished 2BR | Laundry room,,350.0,,,BHD,monthly,,,,,,,,Amwaj Avenue,,,26.29302978515625,50.66474151611328,,,,Alma Pepito,,YES,,,,,https://www.propertyfinder.bh/en/plp/rent/apartment-for-rent-muharraq-governorate-amwaj-islands-amwaj-avenue-56859001.html,2026-09-07T22:43:43.320929+00:00,2026-09-07T22:43:43.320929+00:00,0,2026-09-07T22:43:43.320929+00:00
2026-09-07,new,56859008,,,Apartment,Elegant Modern in a quiet peaceful neighbourhood,,400.0,,,BHD,monthly,,,,,,,,,,,26.185943603515625,50.46711349487305,,,,Soulmate Management,,YES,,,,,https://www.propertyfinder.bh/en/plp/rent/apartment-for-rent-northern-governorate-janabiya-56859008.html,2026-09-07T22:43:43.320929+00:00,2026-09-07T22:43:43.320929+00:00,0,2026-09-07T22:43:43.320929+00:00
2026-09-07,new,56859024,,,Apartment,PENTHOUSE | Balcony | Spacious|Housekeeping|Bright,,650.0,,,BHD,monthly,,,,,,,,,,,26.211111068725586,50.601112365722656,,,,Aileen Camarillo,,YES,,,,,https://www.propertyfinder.bh/en/plp/rent/apartment-for-rent-capital-governorate-al-juffair-56859024.html,2026-09-07T22:43:43.320929+00:00,2026-09-07T22:43:43.320929+00:00,0,2026-09-07T22:43:43.320929+00:00
2026-09-07,new,56859025,,,Apartment,BRAND NEW|CLOSED KITCHEN| FREE WiFi|NEW FURNITURE,,300.0,,,BHD,monthly,,,,,,,,,,,26.21672821044922,50.55367660522461,,,,Sanal Kakkat,,YES,,,,,https://www.propertyfinder.bh/en/plp/rent/apartment-for-rent-capital-governorate-manama-al-burhama-56859025.html,2026-09-07T22:43:43.320929+00:00,2026-09-07T22:43:43.320929+00:00,0,2026-09-07T22:43:43.320929+00:00
2026-09-07,new,56859028,,,Apartment,Closed Kitchen | Housekeeping | Modern | Spacious|,,600.0,,,BHD,monthly,,,,,,,,,,,26.211111068725586,50.601112365722656,,,,Aileen Camarillo,,YES,,,,,https://www.propertyfinder.bh/en/plp/rent/apartment-for-rent-capital-governorate-al-juffair-56859028.html,2026-09-07T22:43:43.320929+00:00,2026-09-07T22:43:43.320929+00:00,0,2026-09-07T22:43:43.320929+00:00
2026-09-07,new,56859029,,,Apartment,UNLIMITED EWA |CLOSED KITCHEN | BALCONY | PARKING,,200.0,,,BHD,monthly,,,,,,,,,,,26.203079223632812,50.594947814941406,,,,Sanal Kakkat,,PARTLY,,,,,https://www.propertyfinder.bh/en/plp/rent/apartment-for-rent-capital-governorate-manama-um-al-hasam-56859029.html,2026-09-07T22:43:43.320929+00:00,2026-09-07T22:43:43.320929+00:00,0,2026-09-07T22:43:43.320929+00:00
2026-09-07,new,56859035,,,Apartment,SPACIOUS | BALCONY | FAMILY BUILDING | GYM/POOL,,350.0,,,BHD,monthly,,,,,,,,Sanabis,,,26.226558685302734,50.5459098815918,,,,Sanal Kakkat,,YES,,,,,https://www.propertyfinder.bh/en/plp/rent/apartment-for-rent-capital-governorate-manama-sanabis-56859035.html,2026-09-07T22:43:43.320929+00:00,2026-09-07T22:43:43.320929+00:00,0,2026-09-07T22:43:43.320929+00:00
2026-09-07,new,56859036,,,Apartment,REDUCED PRICE | Balcony | Spacious | Internet |,,430.0,,,BHD,monthly,,,,,,,,,,,26.211111068725586,50.601112365722656,,,,Aileen Camarillo,,YES,,,,,https://www.propertyfinder.bh/en/plp/rent/apartment-for-rent-capital-governorate-al-juffair-56859036.html,2026-09-07T22:43:43.320929+00:00,2026-09-07T22:43:43.320929+00:00,0,2026-09-07T22:43:43.320929+00:00
2026-09-07,new,56859041,,,Apartment,2 BR  Luxury Furnished Apartment Marrassi Bay,,185000.0,,,BHD,sell,,,,,,,,Diyar Al Muharraq,,,26.303447723388672,50.6461296081543,,,, Mohamad Jamal,,YES,completed,,,,https://www.propertyfinder.bh/en/plp/buy/apartment-for-sale-muharraq-governorate-diyar-al-muharraq-marassi-al-bahrain-56859041.html,2026-09-07T22:43:43.320929+00:00,2026-09-07T22:43:43.320929+00:00,0,2026-09-07T22:43:43.320929+00:00
2026-09-07,new,56859045,,,Apartment,REDUCED RATE | Cats Allowed |Balcony | Spacious,,330.0,,,BHD,monthly,,,,,,,,,,,26.211111068725586,50.601112365722656,,,,Aileen Camarillo,,YES,,,,,https://www.propertyfinder.bh/en/plp/rent/apartment-for-rent-capital-governorate-al-juffair-56859045.html,2026-09-07T22:43:43.320929+00:00,2026-09-07T22:43:43.320929+00:00,0,2026-09-07T22:43:43.320929+00:00
2026-09-07,new,56859057,,,Apartment,FAMILY BUILDING | CLOSED KITCHEN | GAS COOKER,,250.0,,,BHD,monthly,,,,,,,,,,,26.203079223632812,50.594947814941406,,,,Sanal Kakkat,,PARTLY,,,,,https://www.propertyfinder.bh/en/plp/rent/apartment-for-rent-capital-governorate-manama-um-al-hasam-56859057.html,2026-09-07T22:43:43.320929+00:00,2026-09-07T22:43:43.320929+00:00,0,2026-09-07T22:43:43.320929+00:00
2026-09-07,new,56859058,,,Duplex,Housekeeping |Modern | Spacious | Bright|Free Wifi,,800.0,,,BHD,monthly,,,,,,,,,,,26.211111068725586,50.601112365722656,,,,Aileen Camarillo,,YES,,,,,https://www.propertyfinder.bh/en/plp/rent/duplex-for-rent-capital-governorate-al-juffair-56859058.html,2026-09-07T22:43:43.320929+00:00,2026-09-07T22:43:43.320929+00:00,0,2026-09-07T22:43:43.320929+00:00
2026-09-07,new,56859065,,,Apartment,Modern | Balcony | City View | Jacuzzi | Bright |,,400.0,,,BHD,monthly,,,,,,,,,,,26.211111068725586,50.601112365722656,,,,Aileen Camarillo,,YES,,,,,https://www.propertyfinder.bh/en/plp/rent/apartment-for-rent-capital-governorate-al-juffair-56859065.html,2026-09-07T22:43:43.320929+00:00,2026-09-07T22:43:43.320929+00:00,0,2026-09-07T22:43:43.320929+00:00
2026-09-07,new,56859072,,,Apartment,FAMILY BUILDING | CLOSED KITCHEN | PARKING,,250.0,,,BHD,monthly,,,,,,,,,,,26.218677520751953,50.59382247924805,,,,Sanal Kakkat,,PARTLY,,,,,https://www.propertyfinder.bh/en/plp/rent/apartment-for-rent-capital-governorate-manama-gudaibiya-56859072.html,2026-09-07T22:43:43.320929+00:00,2026-09-07T22:43:43.320929+00:00,0,2026-09-07T22:43:43.320929+00:00
2026-09-07,new,56859073,,,Warehouse,Warehouse for Rent in hidd,,900.0,,,BHD,monthly,,,,,,,,,,,26.21263313293457,50.67418670654297,,,,Vinod Earath,,PARTLY,,,,,https://www.propertyfinder.bh/en/plp/commercial-rent/warehouse-for-rent-muharraq-governorate-hidd-56859073.html,2026-09-07T22:43:43.320929+00:00,2026-09-07T22:43:43.320929+00:00,0,2026-09-07T22:43:43.320929+00:00
2026-09-07,new,56859074,,,Apartment,Housekeeping | Bathtub | Spacious | Modern |Bright,,380.0,,,BHD,monthly,,,,,,,,,,,26.211111068725586,50.601112365722656,,,,Aileen Camarillo,,YES,,,,,https://www.propertyfinder.bh/en/plp/rent/apartment-for-rent-capital-governorate-al-juffair-56859074.html,2026-09-07T22:43:43.320929+00:00,2026-09-07T22:43:43.320929+00:00,0,2026-09-07T22:43:43.320929+00:00
2026-09-07,new,56859080,,,Warehouse,Warehouse for rent in askar,,900.0,,,BHD,monthly,,,,,,,,,,,26.05678367614746,50.61648178100586,,,,Vinod Earath,,PARTLY,,,,,https://www.propertyfinder.bh/en/plp/commercial-rent/warehouse-for-rent-southern-governorate-askar-56859080.html,2026-09-07T22:43:43.320929+00:00,2026-09-07T22:43:43.320929+00:00,0,2026-09-07T22:43:43.320929+00:00
2026-09-07,new,56859082,,,Apartment,3 BR Apartment with Large terrace/ maid room,,700.0,,,BHD,monthly,,,,,,,,Tala Island,,,26.300025939941406,50.66316223144531,,,,Shahin  Muhammad,,PARTLY,,,,,https://www.propertyfinder.bh/en/plp/rent/apartment-for-rent-muharraq-governorate-amwaj-islands-tala-island-56859082.html,2026-09-07T22:43:43.320929+00:00,2026-09-07T22:43:43.320929+00:00,0,2026-09-07T22:43:43.320929+00:00
2026-09-07,new,56859086,,,Apartment,Modern | Bright | City View | Balcony,,350.0,,,BHD,monthly,,,,,,,,,,,26.239999771118164,50.5369987487793,,,, Mohamad Jamal,,YES,,,,,https://www.propertyfinder.bh/en/plp/rent/apartment-for-rent-capital-governorate-seef-56859086.html,2026-09-07T22:43:43.320929+00:00,2026-09-07T22:43:43.320929+00:00,0,2026-09-07T22:43:43.320929+00:00
2026-09-07,new,56859087,,,Warehouse,Warehouse for Rent in Hidd,,450.0,,,BHD,monthly,,,,,,,,,,,26.21263313293457,50.67418670654297,,,,Vinod Earath,,PARTLY,,,,,https://www.propertyfinder.bh/en/plp/commercial-rent/warehouse-for-rent-muharraq-governorate-hidd-56859087.html,2026-09-07T22:43:43.320929+00:00,2026-09-07T22:43:43.320929+00:00,0,2026-09-07T22:43:43.320929+00:00
2026-09-07,new,56859089,,,Apartment,Luxurious | High Floor | Reef Island View,,1250.0,,,BHD,monthly,,,,,,,,,,,26.239999771118164,50.5369987487793,,,, Mohamad Jamal,,YES,,,,,https://www.propertyfinder.bh/en/plp/rent/apartment-for-rent-capital-governorate-seef-56859089.html,2026-09-07T22:43:43.320929+00:00,2026-09-07T22:43:43.320929+00:00,0,2026-09-07T22:43:43.320929+00:00
2026-09-07,new,56859091,,,Apartment,1 BR Furnished Apartment with Housekeeping,,600.0,,,BHD,monthly,,,,,,,,,,,26.239999771118164,50.5369987487793,,,, Mohamad Jamal,,YES,,,,,https://www.propertyfinder.bh/en/plp/rent/apartment-for-rent-capital-governorate-seef-56859091.html,2026-09-07T22:43:43.320929+00:00,2026-09-07T22:43:43.320929+00:00,0,2026-09-07T22:43:43.320929+00:00
2026-09-07,new,56859095,,,Land,SP Land | Easy Access to Essential Services,,252550.0,,,BHD,sell,,,,,,,,,,,26.17919921875,50.49909210205078,,,,Khalil Aryan,,,,,,,https://www.propertyfinder.bh/en/plp/commercial-buy/land-for-sale-capital-governorate-nabih-saleh-56859095.html,2026-09-07T22:43:43.320929+00:00,2026-09-07T22:43:43.320929+00:00,0,2026-09-07T22:43:43.320929+00:00
2026-09-07,new,56859097,,,Apartment,Unlimited Ewa | SEMI FURNISHED | PRIME LOCATION.,,180.0,,,BHD,monthly,,,,,,,,,,,26.188888549804688,50.54999923706055,,,,Jasim Uddin,,PARTLY,,,,,https://www.propertyfinder.bh/en/plp/rent/apartment-for-rent-central-governorate-tubli-56859097.html,2026-09-07T22:43:43.320929+00:00,2026-09-07T22:43:43.320929+00:00,0,2026-09-07T22:43:43.320929+00:00
2026-09-07,new,56859098,,,Apartment,2BHK Apartment In Gudaibiya | Car Parking,,250.0,,,BHD,monthly,,,,,,,,,,,26.218677520751953,50.59382247924805,,,,Sanal Kakkat,,PARTLY,,,,,https://www.propertyfinder.bh/en/plp/rent/apartment-for-rent-capital-governorate-manama-gudaibiya-56859098.html,2026-09-07T22:43:43.320929+00:00,2026-09-07T22:43:43.320929+00:00,0,2026-09-07T22:43:43.320929+00:00
2026-09-07,new,56859101,,,Warehouse,Industrial Store and Warehouse for Rent in Askar,,750.0,,,BHD,monthly,,,,,,,,,,,26.05678367614746,50.61648178100586,,,,Vinod Earath,,PARTLY,,,,,https://www.propertyfinder.bh/en/plp/commercial-rent/warehouse-for-rent-southern-governorate-askar-56859101.html,2026-09-07T22:43:43.320929+00:00,2026-09-07T22:43:43.320929+00:00,0,2026-09-07T22:43:43.320929+00:00
2026-09-07,new,56859118,,,Apartment,MODERN | BRAND NEW| FURNISHED | PRIME LOCATION.,,450.0,,,BHD,monthly,,,,,,,,,,,26.21693992614746,50.57733154296875,,,,Jasim Uddin,,YES,,,,,https://www.propertyfinder.bh/en/plp/rent/apartment-for-rent-capital-governorate-manama-segaya-56859118.html,2026-09-07T22:43:43.320929+00:00,2026-09-07T22:43:43.320929+00:00,0,2026-09-07T22:43:43.320929+00:00
2026-09-07,new,56859119,,,Apartment,Storage  |  City Center  | maid room,,800.0,,,BHD,monthly,,,,,,,,,,,26.239999771118164,50.5369987487793,,,, Mohamad Jamal,,NO,,,,,https://www.propertyfinder.bh/en/plp/rent/apartment-for-rent-capital-governorate-seef-56859119.html,2026-09-07T22:43:43.320929+00:00,2026-09-07T22:43:43.320929+00:00,0,2026-09-07T22:43:43.320929+00:00
2026-09-07,new,56859120,,,Apartment,Comfortable I Facilities I Wi-Fi I Spacious,,250.0,,,BHD,monthly,,,,,,,,,,,26.211111068725586,50.601112365722656,,,,Tareq Abdulameer Abdulla Almahoozi,,YES,,,,,https://www.propertyfinder.bh/en/plp/rent/apartment-for-rent-capital-governorate-al-juffair-56859120.html,2026-09-07T22:43:43.320929+00:00,2026-09-07T22:43:43.320929+00:00,0,2026-09-07T22:43:43.320929+00:00
2026-09-07,new,56859122,,,Warehouse,"Workshop , warehouse for Rent in Sitra",,500.0,,,BHD,monthly,,,,,,,,,,,26.162988662719727,50.6124267578125,,,,Vinod Earath,,PARTLY,,,,,https://www.propertyfinder.bh/en/plp/commercial-rent/warehouse-for-rent-central-governorate-sitra-56859122.html,2026-09-07T22:43:43.320929+00:00,2026-09-07T22:43:43.320929+00:00,0,2026-09-07T22:43:43.320929+00:00
2026-09-07,new,56859123,,,Apartment,Freshly Renovated I Modern I Wi-Fi I Facilities,,260.0,,,BHD,monthly,,,,,,,,,,,26.211111068725586,50.601112365722656,,,,Tareq Abdulameer Abdulla Almahoozi,,YES,,,,,https://www.propertyfinder.bh/en/plp/rent/apartment-for-rent-capital-governorate-al-juffair-56859123.html,2026-09-07T22:43:43.320929+00:00,2026-09-07T22:43:43.320929+00:00,0,2026-09-07T22:43:43.320929+00:00
2026-09-07,new,56859130,,,Apartment,Fontana Suits | 2B + Maids room |  Store,,625.0,,,BHD,monthly,,,,,,,,,,,26.211111068725586,50.601112365722656,,,, Mohamad Jamal,,YES,,,,,https://www.propertyfinder.bh/en/plp/rent/apartment-for-rent-capital-governorate-al-juffair-56859130.html,2026-09-07T22:43:43.320929+00:00,2026-09-07T22:43:43.320929+00:00,0,2026-09-07T22:43:43.320929+00:00
2026-09-07,new,56859133,,,Apartment,4 BR Furnished Apartment with Private Garden,,950.0,,,BHD,monthly,,,,,,,,,,,26.288480758666992,50.66381072998047,,,,Ali Abul,,YES,,,,,https://www.propertyfinder.bh/en/plp/rent/apartment-for-rent-muharraq-governorate-amwaj-islands-56859133.html,2026-09-07T22:43:43.320929+00:00,2026-09-07T22:43:43.320929+00:00,0,2026-09-07T22:43:43.320929+00:00
2026-09-07,new,56859134,,,Warehouse,Workshop/warehouse for Rent in Sitra,,900.0,,,BHD,monthly,,,,,,,,,,,26.162988662719727,50.6124267578125,,,,Vinod Earath,,PARTLY,,,,,https://www.propertyfinder.bh/en/plp/commercial-rent/warehouse-for-rent-central-governorate-sitra-56859134.html,2026-09-07T22:43:43.320929+00:00,2026-09-07T22:43:43.320929+00:00,0,2026-09-07T22:43:43.320929+00:00
2026-09-07,new,56859135,,,Apartment,Breath Taking Brand New 1BR Apt with Balcony,,275.0,,,BHD,monthly,,,,,,,,,,,26.207910537719727,50.587345123291016,,,,Aby N,,PARTLY,,,,,https://www.propertyfinder.bh/en/plp/rent/apartment-for-rent-capital-governorate-manama-mahooz-56859135.html,2026-09-07T22:43:43.320929+00:00,2026-09-07T22:43:43.320929+00:00,0,2026-09-07T22:43:43.320929+00:00
2026-09-07,new,56859137,,,Villa,|LUXURY | 4BR|LARGE GARDEN | STUNNING FACILITIES,,2200.0,,,BHD,monthly,,,,,,,,,,,26.214487075805664,50.584754943847656,,,,Aby N,,PARTLY,,,,,https://www.propertyfinder.bh/en/plp/rent/villa-for-rent-capital-governorate-manama-adliya-56859137.html,2026-09-07T22:43:43.320929+00:00,2026-09-07T22:43:43.320929+00:00,0,2026-09-07T22:43:43.320929+00:00
2026-09-07,new,56859138,,,Whole Building,Whole Residential BRAND NEW Building | Furnished,,15000.0,,,BHD,monthly,,,,,,,,Amwaj Avenue,,,26.29302978515625,50.66474151611328,,,,Mohammad  Saiyed,,YES,,,,,https://www.propertyfinder.bh/en/plp/rent/whole-building-for-rent-muharraq-governorate-amwaj-islands-amwaj-avenue-56859138.html,2026-09-07T22:43:43.320929+00:00,2026-09-07T22:43:43.320929+00:00,0,2026-09-07T22:43:43.320929+00:00
2026-09-07,new,56859139,,,Apartment,|SEMI FURNISHED | INCLUSIVE | PRIME LOCATION.,,280.0,,,BHD,monthly,,,,,,,,,,,26.207910537719727,50.587345123291016,,,,Jasim Uddin,,PARTLY,,,,,https://www.propertyfinder.bh/en/plp/rent/apartment-for-rent-capital-governorate-manama-mahooz-56859139.html,2026-09-07T22:43:43.320929+00:00,2026-09-07T22:43:43.320929+00:00,0,2026-09-07T22:43:43.320929+00:00
2026-09-07,new,56859147,,,Apartment,BUDGET FRIENDLY 2BHK APARMENT IN TUBLI,,235.0,,,BHD,monthly,,,,,,,,,,,26.188888549804688,50.54999923706055,,,,Sanal Kakkat,,PARTLY,,,,,https://www.propertyfinder.bh/en/plp/rent/apartment-for-rent-central-governorate-tubli-56859147.html,2026-09-07T22:43:43.320929+00:00,2026-09-07T22:43:43.320929+00:00,0,2026-09-07T22:43:43.320929+00:00
2026-09-07,new,56859148,,,Apartment,LUXURIOUS | SEMI FUNISHED | PRIME LOCATION.,,280.0,,,BHD,monthly,,,,,,,,,,,26.2103271484375,50.57957458496094,,,,Jasim Uddin,,PARTLY,,,,,https://www.propertyfinder.bh/en/plp/rent/apartment-for-rent-capital-governorate-bu-ashira-56859148.html,2026-09-07T22:43:43.320929+00:00,2026-09-07T22:43:43.320929+00:00,0,2026-09-07T22:43:43.320929+00:00
2026-09-07,new,56859157,,,Apartment,BACKYARD | UNFURNISHED | PRIME LOCATION.,,240.0,,,BHD,monthly,,,,,,,,,,,26.214487075805664,50.584754943847656,,,,Jasim Uddin,,NO,,,,,https://www.propertyfinder.bh/en/plp/rent/apartment-for-rent-capital-governorate-manama-adliya-56859157.html,2026-09-07T22:43:43.320929+00:00,2026-09-07T22:43:43.320929+00:00,0,2026-09-07T22:43:43.320929+00:00
2026-09-07,new,56859158,,,Warehouse,180 sqm Road Facing Warehouse for Rent in Askar,,500.0,,,BHD,monthly,,,,,,,,,,,26.05678367614746,50.61648178100586,,,,Vinod Earath,,PARTLY,,,,,https://www.propertyfinder.bh/en/plp/commercial-rent/warehouse-for-rent-southern-governorate-askar-844416.html,2026-09-07T22:43:43.320929+00:00,2026-09-07T22:43:43.320929+00:00,0,2026-09-07T22:43:43.320929+00:00
2026-09-07,new,56859166,,,Warehouse,"	A full-fledged storage facility in Hidd ,",,1080.0,,,BHD,monthly,,,,,,,,,,,26.21263313293457,50.67418670654297,,,,Vinod Earath,,,,,,,https://www.propertyfinder.bh/en/plp/commercial-rent/warehouse-for-rent-muharraq-governorate-hidd-56859166.html,2026-09-07T22:43:43.320929+00:00,2026-09-07T22:43:43.320929+00:00,0,2026-09-07T22:43:43.320929+00:00
2026-09-07,new,56859167,,,Apartment,MODERN | LUXURIOUS | FURNISHED | PRIME LOCATION.,,420.0,,,BHD,monthly,,,,,,,,,,,26.214487075805664,50.584754943847656,,,,Jasim Uddin,,YES,,,,,https://www.propertyfinder.bh/en/plp/rent/apartment-for-rent-capital-governorate-manama-adliya-56859167.html,2026-09-07T22:43:43.320929+00:00,2026-09-07T22:43:43.320929+00:00,0,2026-09-07T22:43:43.320929+00:00
2026-09-07,new,56859204,,,Apartment,Modern I Comfortable I Wi-Fi I Facilities,,260.0,,,BHD,monthly,,,,,,,,,,,26.211111068725586,50.601112365722656,,,,Tareq Abdulameer Abdulla Almahoozi,,YES,,,,,https://www.propertyfinder.bh/en/plp/rent/apartment-for-rent-capital-governorate-al-juffair-56859204.html,2026-09-07T22:43:43.320929+00:00,2026-09-07T22:43:43.320929+00:00,0,2026-09-07T22:43:43.320929+00:00
2026-09-07,new,56859207,,,Warehouse,Workshop / light industry for Rent in Hidd,,350.0,,,BHD,monthly,,,,,,,,,,,26.21263313293457,50.67418670654297,,,,Vinod Earath,,PARTLY,,,,,https://www.propertyfinder.bh/en/plp/commercial-rent/warehouse-for-rent-muharraq-governorate-hidd-56859207.html,2026-09-07T22:43:43.320929+00:00,2026-09-07T22:43:43.320929+00:00,0,2026-09-07T22:43:43.320929+00:00
2026-09-07,new,56859208,,,Warehouse,"Workshop / Warehouse for Rent in Hidd, Bahrain",,450.0,,,BHD,monthly,,,,,,,,,,,26.21263313293457,50.67418670654297,,,,Vinod Earath,,PARTLY,,,,,https://www.propertyfinder.bh/en/plp/commercial-rent/warehouse-for-rent-muharraq-governorate-hidd-56859208.html,2026-09-07T22:43:43.320929+00:00,2026-09-07T22:43:43.320929+00:00,0,2026-09-07T22:43:43.320929+00:00
2026-09-07,new,56859209,,,Warehouse,Warehouse / Distribution center for Rent,,900.0,,,BHD,monthly,,,,,,,,,,,26.183332443237305,50.516666412353516,,,,Vinod Earath,,PARTLY,,,,,https://www.propertyfinder.bh/en/plp/commercial-rent/warehouse-for-rent-central-governorate-salmabad-56859209.html,2026-09-07T22:43:43.320929+00:00,2026-09-07T22:43:43.320929+00:00,0,2026-09-07T22:43:43.320929+00:00
2026-09-07,new,56888672,,,Villa,Stunning villa | 4 BR | inclusive | private Garden,,1400.0,,,BHD,monthly,,,,,,,,,,,26.19164276123047,50.48757553100586,,,,Millennium Capital Property,,PARTLY,,,,,https://www.propertyfinder.bh/en/plp/rent/villa-for-rent-northern-governorate-saar-56888672.html,2026-09-07T22:43:43.320929+00:00,2026-09-07T22:43:43.320929+00:00,0,2026-09-07T22:43:43.320929+00:00
2026-09-07,new,56888673,,,Apartment,Fontana|Luxurious|Sea View |Inclusive |Maids Room|,,750.0,,,BHD,monthly,,,,,,,,,,,26.211111068725586,50.601112365722656,,,,Milkah Afandi,,YES,,,,,https://www.propertyfinder.bh/en/plp/rent/apartment-for-rent-capital-governorate-al-juffair-56888673.html,2026-09-07T22:43:43.320929+00:00,2026-09-07T22:43:43.320929+00:00,0,2026-09-07T22:43:43.320929+00:00
2026-09-07,new,56888674,,,Apartment,Modern | Balcony | Sea View | Inclusive,,850.0,,,BHD,monthly,,,,,,,,,,,26.241750717163086,50.5663948059082,,,,Milkah Afandi,,YES,,,,,https://www.propertyfinder.bh/en/plp/rent/apartment-for-rent-capital-governorate-reef-island-56888674.html,2026-09-07T22:43:43.320929+00:00,2026-09-07T22:43:43.320929+00:00,0,2026-09-07T22:43:43.320929+00:00
2026-09-07,new,6fed3457-e882-4e28-b103-4b2b3630925b,,,villa,Beaut Budaiya,,119000.0,,,BHD,,,,,,,,,,,,26.21316647,50.44746995,,,,Al Raha Real Estate,,,not_started,,,,/en/new-projects/al-raha-real-estate/beaut-budaiya,2026-05-31T13:58:31.068517+00:00,2026-09-07T22:43:43.320929+00:00,99,2026-09-07T22:43:43.320929+00:00
2026-09-07,new,7f82a7fd-215e-460e-a447-efb4c0074221,,,villa,Al Naseem,,218000.0,,,BHD,,,,,,,,,,,,26.311422,50.6430658,,,,Diyar Al Muharraq,,,completed,,,,/en/new-projects/diyar-al-muharraq/al-naseem,2026-05-31T13:58:31.068517+00:00,2026-09-07T22:43:43.320929+00:00,99,2026-09-07T22:43:43.320929+00:00
2026-09-07,new,820809,,,Apartment,Fully Furnished 3BHK|Bright|closed kitchen,,330.0,,,BHD,monthly,,,,,,,,,,,26.214487075805664,50.584754943847656,,,,Chandekode Rajesh Kumar,,YES,,,,,https://www.propertyfinder.bh/en/plp/rent/apartment-for-rent-capital-governorate-manama-adliya-820809.html,2026-05-31T13:58:31.068517+00:00,2026-09-07T22:43:43.320929+00:00,99,2026-09-07T22:43:43.320929+00:00
2026-09-07,new,820812,,,Apartment,Bright &amp; Spacious 2BHK with  facilities.,,450.0,,,BHD,monthly,,,,,,,,,,,26.214487075805664,50.584754943847656,,,,Chandekode Rajesh Kumar,,YES,,,,,https://www.propertyfinder.bh/en/plp/rent/apartment-for-rent-capital-governorate-manama-adliya-820812.html,2026-05-31T13:58:31.068517+00:00,2026-09-07T22:43:43.320929+00:00,99,2026-09-07T22:43:43.320929+00:00
2026-09-07,new,826607,,,Apartment,"Fully Furnished | unlimited EWA, Internet",,450.0,,,BHD,monthly,,,,,,,,,,,26.214487075805664,50.584754943847656,,,,Chandekode Rajesh Kumar,,YES,,,,,https://www.propertyfinder.bh/en/plp/rent/apartment-for-rent-capital-governorate-manama-adliya-826607.html,2026-07-06T21:42:21.442506+00:00,2026-09-07T22:43:43.320929+00:00,63,2026-09-07T22:43:43.320929+00:00
2026-09-07,new,916867,,,Land,For sale Commercial land in Diyar Al Muharraq,,63000.0,,,BHD,sell,,,,,,,,Diyar Al Muharraq,Al Thurya villa Diyar Al Muharraq,,26.307880401611328,50.631385803222656,,,,Hussain Mahfoodh,,,,,,,https://www.propertyfinder.bh/en/plp/commercial-buy/land-for-sale-muharraq-governorate-diyar-al-muharraq-al-thurya-villa-diyar-al-muharraq-916867.html,2026-05-31T13:58:31.068517+00:00,2026-09-07T22:43:43.320929+00:00,99,2026-09-07T22:43:43.320929+00:00
2026-09-07,new,916868,,,Land,For sale Residential land in Diyar Al Muharraq,,69440.0,,,BHD,sell,,,,,,,,Diyar Al Muharraq,Al Thurya villa Diyar Al Muharraq,,26.307880401611328,50.631385803222656,,,,Hussain Mahfoodh,,,,,,,https://www.propertyfinder.bh/en/plp/commercial-buy/land-for-sale-muharraq-governorate-diyar-al-muharraq-al-thurya-villa-diyar-al-muharraq-916868.html,2026-05-31T13:58:31.068517+00:00,2026-09-07T22:43:43.320929+00:00,99,2026-09-07T22:43:43.320929+00:00
2026-09-07,new,926999,,,Villa,Spacious|Bright|Centrally located|Fully furnished,,700.0,,,BHD,monthly,,,,,,,,,,,26.214487075805664,50.584754943847656,,,,Chandekode Rajesh Kumar,,YES,,,,,https://www.propertyfinder.bh/en/plp/rent/villa-for-rent-capital-governorate-manama-adliya-926999.html,2026-05-31T13:58:31.068517+00:00,2026-09-07T22:43:43.320929+00:00,99,2026-09-07T22:43:43.320929+00:00
2026-09-07,new,927376,,,Apartment,Spacious|3BHK|Balcony|Closed kitchen | Car park,,280.0,,,BHD,monthly,,,,,,,,,,,26.214487075805664,50.584754943847656,,,,Chandekode Rajesh Kumar,,NO,,,,,https://www.propertyfinder.bh/en/plp/rent/apartment-for-rent-capital-governorate-manama-adliya-927376.html,2026-05-31T13:58:31.068517+00:00,2026-09-07T22:43:43.320929+00:00,99,2026-09-07T22:43:43.320929+00:00
2026-09-07,new,927478,,,Apartment,Bright | Spacious | 3BHK | Parking | Balcony|,,350.0,,,BHD,monthly,,,,,,,,,,,26.214487075805664,50.584754943847656,,,,Chandekode Rajesh Kumar,,NO,,,,,https://www.propertyfinder.bh/en/plp/rent/apartment-for-rent-capital-governorate-manama-adliya-927478.html,2026-06-08T09:36:29.074314+00:00,2026-09-07T22:43:43.320929+00:00,91,2026-09-07T22:43:43.320929+00:00
2026-09-07,new,937341,,,Apartment,Vista Brand New | 5 Star Service | Private Beach,,825.0,,,BHD,monthly,,,,,,,,Diyar Al Muharraq,,,26.303447723388672,50.6461296081543,,,,Sonali Fernandes,,YES,,,,,https://www.propertyfinder.bh/en/plp/rent/apartment-for-rent-muharraq-governorate-diyar-al-muharraq-marassi-al-bahrain-937341.html,2026-05-31T13:58:31.068517+00:00,2026-09-07T22:43:43.320929+00:00,99,2026-09-07T22:43:43.320929+00:00
2026-09-07,new,947081,,,Apartment,Luxurious - Sea View - High - End Living,,725.0,,,BHD,monthly,,,,,,,,,,,26.241750717163086,50.5663948059082,,,,Sonali Fernandes,,YES,,,,,https://www.propertyfinder.bh/en/plp/rent/apartment-for-rent-capital-governorate-reef-island-947081.html,2026-05-31T13:58:31.068517+00:00,2026-09-07T22:43:43.320929+00:00,99,2026-09-07T22:43:43.320929+00:00
2026-09-07,new,948240,,,Apartment,Sea View - Luxury Furniture - Top Facilities,,750.0,,,BHD,monthly,,,,,,,,,,,26.211111068725586,50.601112365722656,,,,Sonali Fernandes,,YES,,,,,https://www.propertyfinder.bh/en/plp/rent/apartment-for-rent-capital-governorate-al-juffair-948240.html,2026-06-04T09:20:16.617738+00:00,2026-09-07T22:43:43.320929+00:00,95,2026-09-07T22:43:43.320929+00:00
2026-09-07,new,958423,,,Apartment,Panoramic Full Sea View | High Floor | Maids room,,914.0,,,BHD,monthly,,,,,,,,,,,26.211111068725586,50.601112365722656,,,,Arun Kumar Mammaniya,,YES,,,,,https://www.propertyfinder.bh/en/plp/rent/apartment-for-rent-capital-governorate-al-juffair-958423.html,2026-06-25T13:41:13.950752+00:00,2026-09-07T22:43:43.320929+00:00,74,2026-09-07T22:43:43.320929+00:00
2026-09-07,new,961614,,,Villa,Villa|3bhk|4bathroom|maidsroom|under renovation.,,700.0,,,BHD,monthly,,,,,,,,,,,26.214487075805664,50.584754943847656,,,,Chandekode Rajesh Kumar,,PARTLY,,,,,https://www.propertyfinder.bh/en/plp/rent/villa-for-rent-capital-governorate-manama-adliya-961614.html,2026-06-08T09:36:29.074314+00:00,2026-09-07T22:43:43.320929+00:00,91,2026-09-07T22:43:43.320929+00:00
2026-09-07,new,963533,,,Villa,Villa for Rent in East Riffa near Rayyan Hospital,,500.0,,,BHD,monthly,,,,,,,,Riffa Al Sharqi,,,26.1162166595459,50.57211685180664,,,,Nasser Real Estate,,NO,,,,,https://www.propertyfinder.bh/en/plp/rent/villa-for-rent-southern-governorate-riffa-riffa-al-sharqi-963533.html,2026-05-31T13:58:31.068517+00:00,2026-09-07T22:43:43.320929+00:00,99,2026-09-07T22:43:43.320929+00:00
2026-09-07,new,964374,,,Warehouse,"FOR RENT | 750 SQM WAREHOUSE | BD 2,250 EXCLUSIVE",,2250.0,,,BHD,monthly,,,,,,,,,,,26.21263313293457,50.67418670654297,,,,Shaji Pathrose,,NO,,,,,https://www.propertyfinder.bh/en/plp/commercial-rent/warehouse-for-rent-muharraq-governorate-hidd-964374.html,2026-05-31T13:58:31.068517+00:00,2026-09-07T22:43:43.320929+00:00,99,2026-09-07T22:43:43.320929+00:00
2026-09-07,new,966172,,,Apartment,Spacious 2 Bedroom Flat in Gufool Near Al Hawaj,,230.0,,,BHD,monthly,,,,,,,,,,,26.223421096801758,50.56662368774414,,,,Nasser Real Estate,,PARTLY,,,,,https://www.propertyfinder.bh/en/plp/rent/apartment-for-rent-capital-governorate-manama-gufool-966172.html,2026-05-31T13:58:31.068517+00:00,2026-09-07T22:43:43.320929+00:00,99,2026-09-07T22:43:43.320929+00:00
2026-09-07,new,967065,,,Apartment,5BR for Sale in Hidd with Amenities,,90000.0,,,BHD,sell,,,,,,,,,,,26.21263313293457,50.67418670654297,,,,Hana Parvez,,PARTLY,completed_primary,,,,https://www.propertyfinder.bh/en/plp/buy/apartment-for-sale-muharraq-governorate-hidd-967065.html,2026-05-31T13:58:31.068517+00:00,2026-09-07T22:43:43.320929+00:00,99,2026-09-07T22:43:43.320929+00:00
2026-09-07,new,970556,,,Apartment,2bhk Flat with Ac near Toyota Plaza Tubli,,180.0,,,BHD,monthly,,,,,,,,,,,26.188888549804688,50.54999923706055,,,,Nasser Real Estate,,PARTLY,,,,,https://www.propertyfinder.bh/en/plp/rent/apartment-for-rent-central-governorate-tubli-970556.html,2026-05-31T13:58:31.068517+00:00,2026-09-07T22:43:43.320929+00:00,99,2026-09-07T22:43:43.320929+00:00
2026-09-07,new,971363,,,Show Room,Showroom in Muharraq for HYPERMARKET 15000 SQFT,,4800.0,,,BHD,monthly,,,,,,,,,,,26.25,50.616668701171875,,,,Nasser Real Estate,,PARTLY,,,,,https://www.propertyfinder.bh/en/plp/commercial-rent/show-room-for-rent-muharraq-governorate-muharraq-971363.html,2026-05-31T13:58:31.068517+00:00,2026-09-07T22:43:43.320929+00:00,99,2026-09-07T22:43:43.320929+00:00
2026-09-07,new,974329,,,Warehouse,WORKSHOP UNIT ||3 PHASE POWER ||PARKING | STORAGE,,800.0,,,BHD,monthly,,,,,,,,,,,26.162988662719727,50.6124267578125,,,,Shaji Pathrose,,YES,,,,,https://www.propertyfinder.bh/en/plp/commercial-rent/warehouse-for-rent-central-governorate-sitra-974329.html,2026-05-31T13:58:31.068517+00:00,2026-09-07T22:43:43.320929+00:00,99,2026-09-07T22:43:43.320929+00:00
2026-09-07,new,974485,,,Land,LAND FOR SALE | DILMUNIA | VERY BIG | SEA FRONT,,279523.0,,,BHD,sell,,,,,,,,Hanging Garden,,,26.27286720275879,50.672889709472656,,,,Shaji Pathrose,,,,,,,https://www.propertyfinder.bh/en/plp/buy/land-for-sale-muharraq-governorate-dilmunia-island-hanging-garden-974485.html,2026-05-31T13:58:31.068517+00:00,2026-09-07T22:43:43.320929+00:00,99,2026-09-07T22:43:43.320929+00:00
2026-09-07,new,979210,,,Villa,NAVY APPROVED | BILLARD TABLE | MODERN VILLA,,1000.0,,,BHD,monthly,,,,,,,,,,,26.25,50.650001525878906,,,,Wilfred Pagalan,,YES,,,,,https://www.propertyfinder.bh/en/plp/rent/villa-for-rent-muharraq-governorate-arad-979210.html,2026-05-31T13:58:31.068517+00:00,2026-09-07T22:43:43.320929+00:00,99,2026-09-07T22:43:43.320929+00:00
2026-09-07,new,979224,,,Penthouse,PENTHOUSE | SPACIOUS | LUXURIOUS | GREAT LOCATION,,1000.0,,,BHD,monthly,,,,,,,,Bahrain Financial Harbour,,,26.23778533935547,50.57342529296875,,,,Wilfred Pagalan,,YES,,,,,https://www.propertyfinder.bh/en/plp/rent/penthouse-for-rent-capital-governorate-manama-bahrain-financial-harbour-979224.html,2026-05-31T13:58:31.068517+00:00,2026-09-07T22:43:43.320929+00:00,99,2026-09-07T22:43:43.320929+00:00
2026-09-07,new,979228,,,Apartment,PRIME LOCATION | LUXURIOUS | SEA VIEW | SPACIOUS,,900.0,,,BHD,monthly,,,,,,,,Bahrain Financial Harbour,,,26.23778533935547,50.57342529296875,,,,Wilfred Pagalan,,YES,,,,,https://www.propertyfinder.bh/en/plp/rent/apartment-for-rent-capital-governorate-manama-bahrain-financial-harbour-979228.html,2026-05-31T13:58:31.068517+00:00,2026-09-07T22:43:43.320929+00:00,99,2026-09-07T22:43:43.320929+00:00
2026-09-07,new,980371,,,Warehouse,Warehouse for Rent in Hidd,,741.0,,,BHD,monthly,,,,,,,,,,,26.21263313293457,50.67418670654297,,,,Vinod Earath,,PARTLY,,,,,https://www.propertyfinder.bh/en/plp/commercial-rent/warehouse-for-rent-muharraq-governorate-hidd-980371.html,2026-09-07T22:43:43.320929+00:00,2026-09-07T22:43:43.320929+00:00,0,2026-09-07T22:43:43.320929+00:00
2026-09-07,new,985483,,,Apartment,Spacious & Bright Semi Furnished 3bhk | Adliya,,300.0,,,BHD,monthly,,,,,,,,,,,26.214487075805664,50.584754943847656,,,,Chandekode Rajesh Kumar,,YES,,,,,https://www.propertyfinder.bh/en/plp/rent/apartment-for-rent-capital-governorate-manama-adliya-985483.html,2026-05-31T13:58:31.068517+00:00,2026-09-07T22:43:43.320929+00:00,99,2026-09-07T22:43:43.320929+00:00
2026-09-07,new,994205,,,Villa,3BR Villa for Buying in Diyar Al Muharraq,,218900.0,,,BHD,sell,,,,,,,,Diyar Al Muharraq,Al Naseem,,26.31142234802246,50.64306640625,,,,Hana Parvez,,PARTLY,completed_primary,,,,https://www.propertyfinder.bh/en/plp/buy/villa-for-sale-muharraq-governorate-diyar-al-muharraq-al-naseem-994205.html,2026-07-03T21:14:40.318230+00:00,2026-09-07T22:43:43.320929+00:00,66,2026-09-07T22:43:43.320929+00:00
2026-09-07,new,997933,,,Apartment,Nice furniture | Spacious | 2BR For Sale | Juffair,,58500.0,,,BHD,sell,,,,,,,,,,,26.211111068725586,50.601112365722656,,,,Hana Parvez,,YES,completed,,,,https://www.propertyfinder.bh/en/plp/buy/apartment-for-sale-capital-governorate-al-juffair-997933.html,2026-05-31T13:58:31.068517+00:00,2026-09-07T22:43:43.320929+00:00,99,2026-09-07T22:43:43.320929+00:00
2026-09-07,new,999342,,,Shop,Shops for rent in Busaiteen -Alsayah  (5 shops),,700.0,,,BHD,monthly,,,,,,,,,,,26.27199935913086,50.60900115966797,,,,Nasser Real Estate,,NO,,,,,https://www.propertyfinder.bh/en/plp/commercial-rent/shop-for-rent-muharraq-governorate-busaiteen-999342.html,2026-06-17T20:50:56.644034+00:00,2026-09-07T22:43:43.320929+00:00,82,2026-09-07T22:43:43.320929+00:00
2026-09-07,new,c069f5c0-fa20-4d3a-8fe9-f8cc7fb1b1b3,,,apartment,Khadr Rise,,48888.0,,,BHD,,,,,,,,,,,,26.249585,50.580361,,,,ERA Real estate,,,under_construction,,,,/en/new-projects/era-real-estate/khadr-rise,2026-05-31T13:58:31.068517+00:00,2026-09-07T22:43:43.320929+00:00,99,2026-09-07T22:43:43.320929+00:00
2026-09-07,new,cb8f21fb-7be0-495c-8633-92bc06d106c8,,,,Al Bareh,,185000.0,,,BHD,,,,,,,,,,,,26.311422,50.6430658,,,,Diyar Al Muharraq,,,completed,,,,/en/new-projects/diyar-al-muharraq/al-bareh,2026-05-31T13:58:31.068517+00:00,2026-09-07T22:43:43.320929+00:00,99,2026-09-07T22:43:43.320929+00:00
2026-09-07,removed,1001787,,,Apartment,Bright balconey location Luxury facilities,330.0,,,,BHD,monthly,,,,,,,,,,,26.214487075805664,50.584754943847656,,,,Seby Augustine,,YES,,,,,https://www.propertyfinder.bh/en/plp/rent/apartment-for-rent-capital-governorate-manama-adliya-1001787.html,2026-07-07T21:36:02.082787+00:00,2026-09-06T22:04:05.740274+00:00,61,2026-09-06T22:04:05.740274+00:00
2026-09-07,removed,51000516,,,Land,Sea View Plot | Deep Layout | Dual Access,139845.0,,,,BHD,sell,,,,,,,,,,,26.288480758666992,50.66381072998047,,,,Masoud Ali Ebrahim,,,,,,,https://www.propertyfinder.bh/en/plp/buy/land-for-sale-muharraq-governorate-amwaj-islands-2Oa9veXEuBM.html,2026-06-07T09:03:56.796196+00:00,2026-09-06T22:04:05.740274+00:00,91,2026-09-06T22:04:05.740274+00:00
2026-09-07,removed,51412391,,,Apartment,Luxury Apartment | Prime Location | Modern Tower,58000.0,,,,BHD,sell,,,,,,,,The Lagoon,,,26.287778854370117,50.66339111328125,,,,Ebrahim Alsaleem,,YES,completed,,,,https://www.propertyfinder.bh/en/plp/buy/apartment-for-sale-muharraq-governorate-amwaj-islands-the-lagoon-2Pho8mfjFho.html,2026-05-31T13:58:31.068517+00:00,2026-09-06T22:04:05.740274+00:00,98,2026-09-06T22:04:05.740274+00:00
2026-09-07,removed,51413358,,,Apartment,All-Inclusive Luxury Studio | Full Sea View | Beac,350.0,,,,BHD,monthly,,,,,,,,,,,26.239999771118164,50.5369987487793,,,,Sonali Fernandes,,YES,,,,,https://www.propertyfinder.bh/en/plp/rent/apartment-for-rent-capital-governorate-seef-2PiZB5ebFWC.html,2026-08-07T20:49:47.978725+00:00,2026-09-06T22:04:05.740274+00:00,30,2026-09-06T22:04:05.740274+00:00
2026-09-07,removed,51584387,,,Land,Just on Mazarea Road,172775.0,,,,BHD,sell,,,,,,,,,,,26.140336990356445,50.478271484375,,,,Mohamed Mirza,,,,,,,https://www.propertyfinder.bh/en/plp/buy/land-for-sale-northern-governorate-hamala-2PsEZMDQVMm.html,2026-05-31T13:58:31.068517+00:00,2026-09-06T22:04:05.740274+00:00,98,2026-09-06T22:04:05.740274+00:00
2026-09-07,removed,51584407,,,Land,Jasra Scheme from 1581-3500,640512.0,,,,BHD,sell,,,,,,,,,,,26.166685104370117,50.45078659057617,,,,Mohamed Mirza,,,,,,,https://www.propertyfinder.bh/en/plp/buy/land-for-sale-northern-governorate-al-jasra-2PsH5IIPyLY.html,2026-05-31T13:58:31.068517+00:00,2026-09-06T22:04:05.740274+00:00,98,2026-09-06T22:04:05.740274+00:00
2026-09-07,removed,51611958,,,Villa,Saraya Saar excellent location,330000.0,,,,BHD,sell,,,,,,,,,,,26.19164276123047,50.48757553100586,,,,Mohamed Mirza,,PARTLY,completed_primary,,,,https://www.propertyfinder.bh/en/plp/buy/villa-for-sale-northern-governorate-saar-2Pu4RL11dTs.html,2026-05-31T13:58:31.068517+00:00,2026-09-06T22:04:05.740274+00:00,98,2026-09-06T22:04:05.740274+00:00
2026-09-07,removed,51611961,,,Villa,6 bedrooms saraya saar,340000.0,,,,BHD,sell,,,,,,,,,,,26.19164276123047,50.48757553100586,,,,Mohamed Mirza,,PARTLY,completed_primary,,,,https://www.propertyfinder.bh/en/plp/buy/villa-for-sale-northern-governorate-saar-2Pu5Fs8ozRI.html,2026-05-31T13:58:31.068517+00:00,2026-09-06T22:04:05.740274+00:00,98,2026-09-06T22:04:05.740274+00:00
2026-09-07,removed,51638785,,,Land,Behind the outlet mall,95000.0,,,,BHD,sell,,,,,,,,,,,26.123769760131836,50.469722747802734,,,,Mohamed Mirza,,,,,,,https://www.propertyfinder.bh/en/plp/buy/land-for-sale-northern-governorate-dumistan-2PvB1lda4yu.html,2026-05-31T13:58:31.068517+00:00,2026-09-06T22:04:05.740274+00:00,98,2026-09-06T22:04:05.740274+00:00
2026-09-07,removed,51639402,,,Land,Excellent location behind Nordic,428717.0,,,,BHD,sell,,,,,,,,,,,26.140336990356445,50.478271484375,,,,Mohamed Mirza,,,,,,,https://www.propertyfinder.bh/en/plp/buy/land-for-sale-northern-governorate-hamala-2PvXAA8bJq4.html,2026-05-31T13:58:31.068517+00:00,2026-09-06T22:04:05.740274+00:00,98,2026-09-06T22:04:05.740274+00:00
2026-09-07,removed,51639445,,,Land,Fantastic land in Hamala,470000.0,,,,BHD,sell,,,,,,,,,,,26.140336990356445,50.478271484375,,,,Mohamed Mirza,,,,,,,https://www.propertyfinder.bh/en/plp/buy/land-for-sale-northern-governorate-hamala-2PvZH4GbuT2.html,2026-05-31T13:58:31.068517+00:00,2026-09-06T22:04:05.740274+00:00,98,2026-09-06T22:04:05.740274+00:00
2026-09-07,removed,51826412,,,Villa,"Brandnew Compound, Jasra,  4/5BR dbl storey villa",1100.0,,,,BHD,monthly,,,,,,,,,,,26.166685104370117,50.45078659057617,,,,Chai Choon Fa Newman,,PARTLY,,,,,https://www.propertyfinder.bh/en/plp/rent/villa-for-rent-northern-governorate-al-jasra-2Q7CAQzcQ2y.html,2026-05-31T13:58:31.068517+00:00,2026-09-06T22:04:05.740274+00:00,98,2026-09-06T22:04:05.740274+00:00
2026-09-07,removed,51878512,,,Apartment,Modern 1BHK Furnished Apartment in Busaiteen,48000.0,,,,BHD,sell,,,,,,,,,,,26.27199935913086,50.60900115966797,,,,Ahmed Janahi,,YES,completed,,,,https://www.propertyfinder.bh/en/plp/buy/apartment-for-sale-muharraq-governorate-busaiteen-2QAceR5VONM.html,2026-05-31T13:58:31.068517+00:00,2026-09-06T22:04:05.740274+00:00,98,2026-09-06T22:04:05.740274+00:00
2026-09-07,removed,51931391,,,Apartment,Fully Furnished Studio for Rent with sea view,270.0,,,,BHD,monthly,,,,,,,,,,,26.21666717529297,50.58333206176758,,,,Ahmed Janahi,,YES,,,,,https://www.propertyfinder.bh/en/plp/rent/apartment-for-rent-capital-governorate-manama-51931391.html,2026-07-16T13:23:22.641531+00:00,2026-09-06T22:04:05.740274+00:00,52,2026-09-06T22:04:05.740274+00:00
2026-09-07,removed,52010833,,,Whole Building,Fully Rented Building for Sale | Freehold Area |,900000.0,,,,BHD,sell,,,,,,,,,,,26.288480758666992,50.66381072998047,,,,Ahmed Janahi,,YES,completed,,,,https://www.propertyfinder.bh/en/plp/buy/whole-building-for-sale-muharraq-governorate-amwaj-islands-52010833.html,2026-05-31T13:58:31.068517+00:00,2026-09-06T22:04:05.740274+00:00,98,2026-09-06T22:04:05.740274+00:00
2026-09-07,removed,52436548,,,Villa,"Saraya Saar, corner villa",330000.0,,,,BHD,sell,,,,,,,,,,,26.19164276123047,50.48757553100586,,,,Mohamed Mirza,,PARTLY,completed_primary,,,,https://www.propertyfinder.bh/en/plp/buy/villa-for-sale-northern-governorate-saar-52436548.html,2026-05-31T13:58:31.068517+00:00,2026-09-06T22:04:05.740274+00:00,98,2026-09-06T22:04:05.740274+00:00
2026-09-07,removed,52490649,,,Land,Land on Sea Directly,220000.0,,,,BHD,sell,,,,,,,,,,,26.27286720275879,50.672889709472656,,,,Mohamed Mirza,,,,,,,https://www.propertyfinder.bh/en/plp/buy/land-for-sale-muharraq-governorate-dilmunia-island-52490649.html,2026-05-31T13:58:31.068517+00:00,2026-09-06T22:04:05.740274+00:00,98,2026-09-06T22:04:05.740274+00:00
2026-09-07,removed,52516317,,,Apartment,2-bedroom | Semi-Furnished | Closed kitchen,250.0,,,,BHD,monthly,,,,,,,,,,,26.185943603515625,50.46711349487305,,,,Alifya ,,PARTLY,,,,,https://www.propertyfinder.bh/en/plp/rent/apartment-for-rent-northern-governorate-janabiya-52516317.html,2026-05-31T13:58:31.068517+00:00,2026-09-06T22:04:05.740274+00:00,98,2026-09-06T22:04:05.740274+00:00
2026-09-07,removed,52516318,,,Compound,Compound Villa | 4BR Balconies Gym Pool | garden,750.0,,,,BHD,monthly,,,,,,,,,,,26.22623634338379,50.49492263793945,,,,Alifya ,,PARTLY,,,,,https://www.propertyfinder.bh/en/plp/rent/compound-for-rent-northern-governorate-jannusan-52516318.html,2026-05-31T13:58:31.068517+00:00,2026-09-06T22:04:05.740274+00:00,98,2026-09-06T22:04:05.740274+00:00
2026-09-07,removed,52516319,,,Compound,2-Storey Villa | Garden | Gym | Pool | Balconies,700.0,,,,BHD,monthly,,,,,,,,,,,26.22623634338379,50.49492263793945,,,,Alifya ,,PARTLY,,,,,https://www.propertyfinder.bh/en/plp/rent/compound-for-rent-northern-governorate-jannusan-52516319.html,2026-05-31T13:58:31.068517+00:00,2026-09-06T22:04:05.740274+00:00,98,2026-09-06T22:04:05.740274+00:00
2026-09-07,removed,52517239,,,Office Space,Seef Office | 100SQM | City & Main Road View,450.0,,,,BHD,monthly,,,,,,,,,,,26.239999771118164,50.5369987487793,,,,Mohammed Salman,,PARTLY,,,,,https://www.propertyfinder.bh/en/plp/commercial-rent/office-space-for-rent-capital-governorate-seef-52517239.html,2026-05-31T13:58:31.068517+00:00,2026-09-06T22:04:05.740274+00:00,98,2026-09-06T22:04:05.740274+00:00
2026-09-07,removed,52597910,,,Apartment,Specious bright closed Kitchen gas cooking,330.0,,,,BHD,monthly,,,,,,,,,,,26.2102108001709,50.56403350830078,,,,Seby Augustine,,PARTLY,,,,,https://www.propertyfinder.bh/en/plp/rent/apartment-for-rent-capital-governorate-manama-zinj-52597910.html,2026-07-07T21:36:02.082787+00:00,2026-09-06T22:04:05.740274+00:00,61,2026-09-06T22:04:05.740274+00:00
2026-09-07,removed,52805196,,,Apartment,Prime Location - Sea View - Top Quality,540.0,,,,BHD,monthly,,,,,,,,Manama Sea Front,,,26.24812126159668,50.57044219970703,,,,Ebrahim Alsaleem,,YES,,,,,https://www.propertyfinder.bh/en/plp/rent/apartment-for-rent-capital-governorate-manama-manama-sea-front-52805196.html,2026-05-31T13:58:31.068517+00:00,2026-09-06T22:04:05.740274+00:00,98,2026-09-06T22:04:05.740274+00:00
2026-09-07,removed,52879801,,,Villa,HOT DEAL | PRIME LOCATION | RESIDENTIAL VILLA,185000.0,,,,BHD,sell,,,,,,,,,,,26.211111068725586,50.601112365722656,,,,Masoud Ali Ebrahim,,YES,completed_primary,,,,https://www.propertyfinder.bh/en/plp/buy/villa-for-sale-capital-governorate-al-juffair-971876.html,2026-06-07T09:03:56.796196+00:00,2026-09-06T22:04:05.740274+00:00,91,2026-09-06T22:04:05.740274+00:00
2026-09-07,removed,52881138,,,Land,Two land for sale in Sitra (Mahza area),120937.0,,,,BHD,sell,,,,,,,,,,,26.162988662719727,50.6124267578125,,,,Mohamed Mirza,,,,,,,https://www.propertyfinder.bh/en/plp/buy/land-for-sale-central-governorate-sitra-52881138.html,2026-05-31T13:58:31.068517+00:00,2026-09-06T22:04:05.740274+00:00,98,2026-09-06T22:04:05.740274+00:00
2026-09-07,removed,52931958,,,Villa,Luxury Villa | Shared Pool | Prime Location |,1200.0,,,,BHD,monthly,,,,,,,,,,,26.22623634338379,50.49492263793945,,,,Ebrahim Alsaleem,,PARTLY,,,,,https://www.propertyfinder.bh/en/plp/rent/villa-for-rent-northern-governorate-jannusan-52931958.html,2026-05-31T13:58:31.068517+00:00,2026-09-06T22:04:05.740274+00:00,98,2026-09-06T22:04:05.740274+00:00
2026-09-07,removed,52931967,,,Villa,Luxury Villa | Prime Location | Maid’s Room,145000.0,,,,BHD,sell,,,,,,,,,,,26.185943603515625,50.46711349487305,,,,Ebrahim Alsaleem,,YES,completed_primary,,,,https://www.propertyfinder.bh/en/plp/buy/villa-for-sale-northern-governorate-janabiya-52931967.html,2026-05-31T13:58:31.068517+00:00,2026-09-06T22:04:05.740274+00:00,98,2026-09-06T22:04:05.740274+00:00
2026-09-07,removed,53086790,,,Apartment,For Sale | 2 Bedroom Apartment in Dar El Ez 2,43000.0,,,,BHD,sell,,,,,,,,,,,26.27199935913086,50.60900115966797,,,,Ahmed Janahi,,YES,completed,,,,https://www.propertyfinder.bh/en/plp/buy/apartment-for-sale-muharraq-governorate-busaiteen-53086790.html,2026-05-31T13:58:31.068517+00:00,2026-09-06T22:04:05.740274+00:00,98,2026-09-06T22:04:05.740274+00:00
2026-09-07,removed,53111881,,,Apartment,BRIGHT / MODERN / STUDIO,320.0,,,,BHD,monthly,,,,,,,,,,,26.239999771118164,50.5369987487793,,,,Arun Kumar Mammaniya,,YES,,,,,https://www.propertyfinder.bh/en/plp/rent/apartment-for-rent-capital-governorate-seef-53111881.html,2026-05-31T13:58:31.068517+00:00,2026-09-06T22:04:05.740274+00:00,98,2026-09-06T22:04:05.740274+00:00
2026-09-07,removed,53111901,,,Apartment,INFINITY POOL / CITY VIEW / FULLY FURNISHED,350.0,,,,BHD,monthly,,,,,,,,,,,26.239999771118164,50.5369987487793,,,,Arun Kumar Mammaniya,,YES,,,,,https://www.propertyfinder.bh/en/plp/rent/apartment-for-rent-capital-governorate-seef-53111901.html,2026-05-31T13:58:31.068517+00:00,2026-09-06T22:04:05.740274+00:00,98,2026-09-06T22:04:05.740274+00:00
2026-09-07,removed,53215832,,,Villa,Luxury Villa | Premium Finishing | swimming pool,1550.0,,,,BHD,monthly,,,,,,,,,,,26.185943603515625,50.46711349487305,,,,Ebrahim Alsaleem,,YES,,,,,https://www.propertyfinder.bh/en/plp/rent/villa-for-rent-northern-governorate-janabiya-53215832.html,2026-05-31T13:58:31.068517+00:00,2026-09-06T22:04:05.740274+00:00,98,2026-09-06T22:04:05.740274+00:00
2026-09-07,removed,53241314,,,Apartment,FURNISHED| SPACIUOS | 2 BHK 3 baths | CITY VIEW,380.0,,,,BHD,monthly,,,,,,,,,,,26.27199935913086,50.60900115966797,,,,Hamza Rajhi,,YES,,,,,https://www.propertyfinder.bh/en/plp/rent/apartment-for-rent-muharraq-governorate-busaiteen-53241314.html,2026-05-31T13:58:31.068517+00:00,2026-09-06T22:04:05.740274+00:00,98,2026-09-06T22:04:05.740274+00:00
2026-09-07,removed,53241319,,,Apartment,Fully Furnished - Close to RCSI - All inclusive,300.0,,,,BHD,monthly,,,,,,,,,,,26.27199935913086,50.60900115966797,,,,Hamza Rajhi,,YES,,,,,https://www.propertyfinder.bh/en/plp/rent/apartment-for-rent-muharraq-governorate-busaiteen-53241319.html,2026-05-31T13:58:31.068517+00:00,2026-09-06T22:04:05.740274+00:00,98,2026-09-06T22:04:05.740274+00:00
2026-09-07,removed,53241348,,,Apartment,BRAND NEW |HIGH FLOOR |SEA VIEW |5STAR FACILITIES,270.0,,,,BHD,monthly,,,,,,,,,,,26.239999771118164,50.5369987487793,,,,Hamza Rajhi,,YES,,,,,https://www.propertyfinder.bh/en/plp/rent/apartment-for-rent-capital-governorate-seef-53241348.html,2026-05-31T13:58:31.068517+00:00,2026-09-06T22:04:05.740274+00:00,98,2026-09-06T22:04:05.740274+00:00
2026-09-07,removed,53241355,,,Apartment,SPACIOUS | MODERN | FACILITIES | PRIME LOCATION,480.0,,,,BHD,monthly,,,,,,,,,,,26.239999771118164,50.5369987487793,,,,Hamza Rajhi,,YES,,,,,https://www.propertyfinder.bh/en/plp/rent/apartment-for-rent-capital-governorate-seef-53241355.html,2026-05-31T13:58:31.068517+00:00,2026-09-06T22:04:05.740274+00:00,98,2026-09-06T22:04:05.740274+00:00
2026-09-07,removed,53241371,,,Apartment,BRAND NEW 1 BHK | SPACIOUS | LARGE BALCONY,400.0,,,,BHD,monthly,,,,,,,,,,,26.239999771118164,50.5369987487793,,,,Hamza Rajhi,,YES,,,,,https://www.propertyfinder.bh/en/plp/rent/apartment-for-rent-capital-governorate-seef-53241371.html,2026-05-31T13:58:31.068517+00:00,2026-09-06T22:04:05.740274+00:00,98,2026-09-06T22:04:05.740274+00:00
2026-09-07,removed,53241504,,,Land,Prime Residential Land in Tubli RB Classification,110000.0,,,,BHD,sell,,,,,,,,,,,26.188888549804688,50.54999923706055,,,,Masoud Ali Ebrahim,,,,,,,https://www.propertyfinder.bh/en/plp/buy/land-for-sale-central-governorate-tubli-53241504.html,2026-05-31T13:58:31.068517+00:00,2026-09-06T22:04:05.740274+00:00,98,2026-09-06T22:04:05.740274+00:00
2026-09-07,removed,53241512,,,Land,Prime RG Residential Land in Al Hajar,320400.0,,,,BHD,sell,,,,,,,,,,,26.21320915222168,50.512962341308594,,,,Masoud Ali Ebrahim,,,,,,,https://www.propertyfinder.bh/en/plp/buy/land-for-sale-northern-governorate-al-hajar-53241512.html,2026-05-31T13:58:31.068517+00:00,2026-09-06T22:04:05.740274+00:00,98,2026-09-06T22:04:05.740274+00:00
2026-09-07,removed,53241617,,,Villa,Luxury Mansion | Private Pool | Prime Location,3800.0,,,,BHD,monthly,,,,,,,,,,,26.219327926635742,50.579288482666016,,,,Ebrahim Alsaleem,,YES,,,,,https://www.propertyfinder.bh/en/plp/rent/villa-for-rent-capital-governorate-manama-salmaniya-53241617.html,2026-05-31T13:58:31.068517+00:00,2026-09-06T22:04:05.740274+00:00,98,2026-09-06T22:04:05.740274+00:00
2026-09-07,removed,53241802,,,Office Space,Furnished | Spacious Layouts | High Visibility,1800.0,,,,BHD,monthly,,,,,,,,Diplomatic Area,,,26.240070343017578,50.587345123291016,,,,Ebrahim Alsaleem,,YES,,,,,https://www.propertyfinder.bh/en/plp/commercial-rent/office-space-for-rent-capital-governorate-manama-diplomatic-area-53241802.html,2026-05-31T13:58:31.068517+00:00,2026-09-06T22:04:05.740274+00:00,98,2026-09-06T22:04:05.740274+00:00
2026-09-07,removed,53322576,,,Apartment,Luxury 3BHK | Balcony Gym Pool | Sauna Steam,900.0,,,,BHD,monthly,,,,,,,,Amwaj Homes,,,26.288480758666992,50.66381072998047,,,,Muhammad Usman,,YES,,,,,https://www.propertyfinder.bh/en/plp/rent/apartment-for-rent-muharraq-governorate-amwaj-islands-amwaj-homes-53322576.html,2026-05-31T13:58:31.068517+00:00,2026-09-06T22:04:05.740274+00:00,98,2026-09-06T22:04:05.740274+00:00
2026-09-07,removed,53322613,,,Apartment,Luxury 1BHK | Balcony Gym Pool | BBQ | Sauna Steam,300.0,,,,BHD,monthly,,,,,,,,Amwaj Homes,,,26.288480758666992,50.66381072998047,,,,Muhammad Usman,,YES,,,,,https://www.propertyfinder.bh/en/plp/rent/apartment-for-rent-muharraq-governorate-amwaj-islands-amwaj-homes-53322613.html,2026-05-31T13:58:31.068517+00:00,2026-09-06T22:04:05.740274+00:00,98,2026-09-06T22:04:05.740274+00:00
2026-09-07,removed,53323525,,,Apartment,Spacious and modern 3 Bedroom delux apartment,420.0,,,,BHD,monthly,,,,,,,,,,,26.19164276123047,50.48757553100586,,,,Alifya ,,YES,,,,,https://www.propertyfinder.bh/en/plp/rent/apartment-for-rent-northern-governorate-saar-53323525.html,2026-05-31T13:58:31.068517+00:00,2026-09-06T22:04:05.740274+00:00,98,2026-09-06T22:04:05.740274+00:00
2026-09-07,removed,53377429,,,Villa,Villa With Private Pool And Communal Amenities,525.0,,,,BHD,monthly,,,,,,,,,,,26.19164276123047,50.48757553100586,,,,Mehaboob ,,PARTLY,,,,,https://www.propertyfinder.bh/en/plp/rent/villa-for-rent-northern-governorate-saar-53377429.html,2026-05-31T13:58:31.068517+00:00,2026-09-06T22:04:05.740274+00:00,98,2026-09-06T22:04:05.740274+00:00
2026-09-07,removed,53378314,,,Villa,CENTRALISED A\C|COVERED PARKING|  GYM AND POOL,300.0,,,,BHD,monthly,,,,,,,,,,,26.149999618530273,50.58333206176758,,,,DILSHAB HAMSA,,PARTLY,,,,,https://www.propertyfinder.bh/en/plp/rent/villa-for-rent-central-governorate-sanad-53378314.html,2026-05-31T13:58:31.068517+00:00,2026-09-06T22:04:05.740274+00:00,98,2026-09-06T22:04:05.740274+00:00
2026-09-07,removed,53627017,,,Apartment,Stable Real Estate Investment with Sustainable Eco,139888.0,,,,BHD,sell,,,,,,,,Diyar Al Muharraq,,,26.303447723388672,50.6461296081543,,,,Mirna Kamal,,YES,completed_primary,,,,https://www.propertyfinder.bh/en/plp/buy/apartment-for-sale-muharraq-governorate-diyar-al-muharraq-marassi-al-bahrain-53627017.html,2026-05-31T13:58:31.068517+00:00,2026-09-06T22:04:05.740274+00:00,98,2026-09-06T22:04:05.740274+00:00
2026-09-07,removed,53627030,,,Apartment,Refined Lifestyle for Modern Families,139888.0,,,,BHD,sell,,,,,,,,Diyar Al Muharraq,,,26.303447723388672,50.6461296081543,,,,Mohamed Khaled,,YES,completed_primary,,,,https://www.propertyfinder.bh/en/plp/buy/apartment-for-sale-muharraq-governorate-diyar-al-muharraq-marassi-al-bahrain-53627030.html,2026-05-31T13:58:31.068517+00:00,2026-09-06T22:04:05.740274+00:00,98,2026-09-06T22:04:05.740274+00:00
2026-09-07,removed,53627035,,,Apartment,Secure Investment with Guaranteed Return,139888.0,,,,BHD,sell,,,,,,,,Diyar Al Muharraq,,,26.303447723388672,50.6461296081543,,,,Hesham Ismaeel,,YES,completed_primary,,,,https://www.propertyfinder.bh/en/plp/buy/apartment-for-sale-muharraq-governorate-diyar-al-muharraq-marassi-al-bahrain-53627035.html,2026-05-31T13:58:31.068517+00:00,2026-09-06T22:04:05.740274+00:00,98,2026-09-06T22:04:05.740274+00:00
2026-09-07,removed,53627042,,,Apartment,Strategic Investment in a Global Tourism Hub Nexus,139888.0,,,,BHD,sell,,,,,,,,Diyar Al Muharraq,,,26.303447723388672,50.6461296081543,,,,Husain Mansoor,,YES,completed_primary,,,,https://www.propertyfinder.bh/en/plp/buy/apartment-for-sale-muharraq-governorate-diyar-al-muharraq-marassi-al-bahrain-53627042.html,2026-05-31T13:58:31.068517+00:00,2026-09-06T22:04:05.740274+00:00,98,2026-09-06T22:04:05.740274+00:00
2026-09-07,removed,53627049,,,Apartment,Luxury Seaside Living Experience,139888.0,,,,BHD,sell,,,,,,,,Diyar Al Muharraq,,,26.303447723388672,50.6461296081543,,,,Ahmed Al-AAli,,YES,completed_primary,,,,https://www.propertyfinder.bh/en/plp/buy/apartment-for-sale-muharraq-governorate-diyar-al-muharraq-marassi-al-bahrain-53627049.html,2026-05-31T13:58:31.068517+00:00,2026-09-06T22:04:05.740274+00:00,98,2026-09-06T22:04:05.740274+00:00
2026-09-07,removed,53683286,,,Apartment,Huge 4BR Premium Duplex Penthouse | Stunning Views,850.0,,,,BHD,monthly,,,,,,,,,,,26.203079223632812,50.594947814941406,,,,Abijeet    ,,YES,,,,,https://www.propertyfinder.bh/en/plp/rent/apartment-for-rent-capital-governorate-manama-um-al-hasam-53683286.html,2026-05-31T13:58:31.068517+00:00,2026-09-06T22:04:05.740274+00:00,98,2026-09-06T22:04:05.740274+00:00
2026-09-07,removed,53793426,,,Villa,Luxury | Modern villas | Family-friendly Compound,1300.0,,,,BHD,monthly,,,,,,,,,,,26.229394912719727,50.48070526123047,,,,Ebrahim Alsaleem,,PARTLY,,,,,https://www.propertyfinder.bh/en/plp/rent/villa-for-rent-northern-governorate-barbar-53793426.html,2026-05-31T13:58:31.068517+00:00,2026-09-06T22:04:05.740274+00:00,98,2026-09-06T22:04:05.740274+00:00
2026-09-07,removed,53794203,,,Apartment,SEA VIEW | MODERN | BRIGHT | SPACIOUS | TOP,350.0,,,,BHD,monthly,,,,,,,,,,,26.211111068725586,50.601112365722656,,,,Gulnaz Amangeldinova,,YES,,,,,https://www.propertyfinder.bh/en/plp/rent/apartment-for-rent-capital-governorate-al-juffair-53794203.html,2026-07-05T21:09:19.331111+00:00,2026-09-06T22:04:05.740274+00:00,63,2026-09-06T22:04:05.740274+00:00
2026-09-07,removed,54068320,,,Apartment,LUXURY | HIGH-END AMENITIES | SPACIOUS | CITY VIEW,850.0,,,,BHD,monthly,,,,,,,,,,,26.211111068725586,50.601112365722656,,,,Daniel Nwajiaku,,YES,,,,,https://www.propertyfinder.bh/en/plp/rent/apartment-for-rent-capital-governorate-al-juffair-54068320.html,2026-06-03T09:37:20.928181+00:00,2026-09-06T22:04:05.740274+00:00,95,2026-09-06T22:04:05.740274+00:00
2026-09-07,removed,54068359,,,Apartment,PREMIUM | SPACIOUS| CITY VIEW | HIGH-END AMENITIES,950.0,,,,BHD,monthly,,,,,,,,,,,26.211111068725586,50.601112365722656,,,,Daniel Nwajiaku,,YES,,,,,https://www.propertyfinder.bh/en/plp/rent/apartment-for-rent-capital-governorate-al-juffair-54068359.html,2026-06-03T09:37:20.928181+00:00,2026-09-06T22:04:05.740274+00:00,95,2026-09-06T22:04:05.740274+00:00
2026-09-07,removed,54068905,,,Penthouse,Luxury Living | Flexible Payment Plan | Beach,401000.0,,,,BHD,sell,,,,,,,,,,,25.990211486816406,50.46307373046875,,,,Ebrahim Alsaleem,,YES,completed_primary,,,,https://www.propertyfinder.bh/en/plp/buy/penthouse-for-sale-southern-governorate-zallaq-tivoli-residences-54068905.html,2026-06-03T13:37:01.156638+00:00,2026-09-06T22:04:05.740274+00:00,95,2026-09-06T22:04:05.740274+00:00
2026-09-07,removed,54068935,,,Duplex,Premium Duplex | Payment Plan | Beachfront,298000.0,,,,BHD,sell,,,,,,,,,,,25.990211486816406,50.46307373046875,,,,Ebrahim Alsaleem,,YES,completed_primary,,,,https://www.propertyfinder.bh/en/plp/buy/duplex-for-sale-southern-governorate-zallaq-tivoli-residences-54068935.html,2026-06-03T13:37:01.156638+00:00,2026-09-06T22:04:05.740274+00:00,95,2026-09-06T22:04:05.740274+00:00
2026-09-07,removed,54068959,,,Villa,Compound SF villa with P Pool,1300.0,,,,BHD,monthly,,,,,,,,,,,26.19164276123047,50.48757553100586,,,,Tariq Osman,,PARTLY,,,,,https://www.propertyfinder.bh/en/plp/rent/villa-for-rent-northern-governorate-saar-54068959.html,2026-06-03T13:37:01.156638+00:00,2026-09-06T22:04:05.740274+00:00,95,2026-09-06T22:04:05.740274+00:00
2026-09-07,removed,54095682,,,Apartment,LUXURY | HIGH END AMENITIES | SPACIOUS | CITY VIEW,1100.0,,,,BHD,monthly,,,,,,,,,,,26.211111068725586,50.601112365722656,,,,Daniel Nwajiaku,,YES,,,,,https://www.propertyfinder.bh/en/plp/rent/apartment-for-rent-capital-governorate-al-juffair-54095682.html,2026-06-04T09:20:16.617738+00:00,2026-09-06T22:04:05.740274+00:00,94,2026-09-06T22:04:05.740274+00:00
2026-09-07,removed,54096902,,,Apartment,Modern I Comfortable I Wi-Fi I Facilities,260.0,,,,BHD,monthly,,,,,,,,,,,26.211111068725586,50.601112365722656,,,,Tareq Abdulameer Abdulla Almahoozi,,YES,,,,,https://www.propertyfinder.bh/en/plp/rent/apartment-for-rent-capital-governorate-al-juffair-54096902.html,2026-06-04T17:03:24.351896+00:00,2026-09-06T22:04:05.740274+00:00,94,2026-09-06T22:04:05.740274+00:00
2026-09-07,removed,54151279,,,Villa,4 BR Villa with Private Garden and Landmark View,148000.0,,,,BHD,sell,,,,,,,,,,,26.140336990356445,50.478271484375,,,,Mohamed Mirza,,NO,completed_primary,,,,https://www.propertyfinder.bh/en/plp/buy/villa-for-sale-northern-governorate-hamala-54151279.html,2026-06-06T12:27:28.042901+00:00,2026-09-06T22:04:05.740274+00:00,92,2026-09-06T22:04:05.740274+00:00
2026-09-07,removed,54152051,,,Apartment,3 bedrooms fully furnished,65000.0,,,,BHD,sell,,,,,,,,,,,26.185943603515625,50.46711349487305,,,,Sayed  Maitham Almosawi,,YES,completed_primary,,,,https://www.propertyfinder.bh/en/plp/buy/apartment-for-sale-northern-governorate-janabiya-54152051.html,2026-06-06T16:25:02.020756+00:00,2026-09-06T22:04:05.740274+00:00,92,2026-09-06T22:04:05.740274+00:00
2026-09-07,removed,54178505,,,Land,PRIME LOCATION | NEAR KING HAMAD HOSPITAL,500000.0,,,,BHD,sell,,,,,,,,,,,26.27199935913086,50.60900115966797,,,,Masoud Ali Ebrahim,,,,,,,https://www.propertyfinder.bh/en/plp/commercial-buy/land-for-sale-muharraq-governorate-busaiteen-962036.html,2026-06-07T09:03:56.796196+00:00,2026-09-06T22:04:05.740274+00:00,91,2026-09-06T22:04:05.740274+00:00
2026-09-07,removed,54178547,,,Whole Building,RESIDENTIAL BUILDING FOR SALE IN JUFFAIR,950000.0,,,,BHD,sell,,,,,,,,,,,26.211111068725586,50.601112365722656,,,,Masoud Ali Ebrahim,,YES,completed_primary,,,,https://www.propertyfinder.bh/en/plp/commercial-buy/whole-building-for-sale-capital-governorate-al-juffair-54178547.html,2026-06-07T09:03:56.796196+00:00,2026-09-06T22:04:05.740274+00:00,91,2026-09-06T22:04:05.740274+00:00
2026-09-07,removed,54178559,,,Apartment,Prime location| City view| Furnished with big balcony,78000.0,,,,BHD,sell,,,,,,,,,,,26.239999771118164,50.5369987487793,,,,Masoud Ali Ebrahim,,YES,completed_primary,,,,https://www.propertyfinder.bh/en/plp/buy/apartment-for-sale-capital-governorate-seef-54178559.html,2026-06-07T09:03:56.796196+00:00,2026-09-06T22:04:05.740274+00:00,91,2026-09-06T22:04:05.740274+00:00
2026-09-07,removed,54178561,,,Office Space,Fitted Office | 90sqm | Seef District |FOR RENT,500.0,,,,BHD,monthly,,,,,,,,,,,26.239999771118164,50.5369987487793,,,,Masoud Ali Ebrahim,,YES,,,,,https://www.propertyfinder.bh/en/plp/commercial-rent/office-space-for-rent-capital-governorate-seef-54178561.html,2026-06-07T09:03:56.796196+00:00,2026-09-06T22:04:05.740274+00:00,91,2026-09-06T22:04:05.740274+00:00
2026-09-07,removed,54178620,,,Apartment,Spacious 3 Master Bedroom | Fully Furnished,480.0,,,,BHD,monthly,,,,,,,,,,,26.185943603515625,50.46711349487305,,,,Alifya ,,YES,,,,,https://www.propertyfinder.bh/en/plp/rent/apartment-for-rent-northern-governorate-janabiya-54178620.html,2026-06-07T09:03:56.796196+00:00,2026-09-06T22:04:05.740274+00:00,91,2026-09-06T22:04:05.740274+00:00
2026-09-07,removed,54178642,,,Apartment,Spacious Studio | Fully Furnished | Balcony,250.0,,,,BHD,monthly,,,,,,,,,,,26.185943603515625,50.46711349487305,,,,Alifya ,,YES,,,,,https://www.propertyfinder.bh/en/plp/rent/apartment-for-rent-northern-governorate-janabiya-54178642.html,2026-06-07T09:03:56.796196+00:00,2026-09-06T22:04:05.740274+00:00,91,2026-09-06T22:04:05.740274+00:00
2026-09-07,removed,54178711,,,Apartment,SEA VIEW | BEAUTIFULLY FURNISHED | LUXORIOUS |,650.0,,,,BHD,monthly,,,,,,,,,,,26.241750717163086,50.5663948059082,,,,Anza Khurram,,YES,,,,,https://www.propertyfinder.bh/en/plp/rent/apartment-for-rent-capital-governorate-reef-island-54178711.html,2026-06-07T09:03:56.796196+00:00,2026-09-06T22:04:05.740274+00:00,91,2026-09-06T22:04:05.740274+00:00
2026-09-07,removed,54178802,,,Apartment,BALCONY | CLOSED KITCHEN | SPACIOUS FLAT,190.0,,,,BHD,monthly,,,,,,,,Exhibition Road,,,26.231962203979492,50.59507369995117,,,,Imad Hasan,,YES,,,,,https://www.propertyfinder.bh/en/plp/rent/apartment-for-rent-capital-governorate-hoora-exhibition-road-54178802.html,2026-06-07T12:33:32.749009+00:00,2026-09-06T22:04:05.740274+00:00,91,2026-09-06T22:04:05.740274+00:00
2026-09-07,removed,54178812,,,Apartment,COZY | SPACIOUS | UNLIMITED EWA | CLOSE KITCHEN,220.0,,,,BHD,monthly,,,,,,,,,,,26.21263313293457,50.67418670654297,,,,Nayla Tabussam,,YES,,,,,https://www.propertyfinder.bh/en/plp/rent/apartment-for-rent-muharraq-governorate-hidd-54178812.html,2026-06-07T12:33:32.749009+00:00,2026-09-06T22:04:05.740274+00:00,91,2026-09-06T22:04:05.740274+00:00
2026-09-07,removed,54179166,,,Apartment,Stylish | 2 Bedroom | Four Season View | Balcony |,108000.0,,,,BHD,sell,,,,,,,,,,,26.249584197998047,50.580360412597656,,,,Zain Shamsi,,YES,completed,,,,https://www.propertyfinder.bh/en/plp/buy/apartment-for-sale-capital-governorate-bahrain-bay-54179166.html,2026-06-07T12:33:32.749009+00:00,2026-09-06T22:04:05.740274+00:00,91,2026-09-06T22:04:05.740274+00:00
2026-09-07,removed,54207005,,,Villa,Brand new | Modern | Closed Kitchen |   Maids room,150000.0,,,,BHD,sell,,,,,,,,,,,26.183332443237305,50.516666412353516,,,,Kensington Real Estate,,PARTLY,completed,,,,https://www.propertyfinder.bh/en/plp/buy/villa-for-sale-central-governorate-salmabad-54207005.html,2026-06-08T13:27:32.832375+00:00,2026-09-06T22:04:05.740274+00:00,90,2026-09-06T22:04:05.740274+00:00
2026-09-07,removed,54233726,,,Land,Behind Alalawai mall Sanad,106270.0,,,,BHD,sell,,,,,,,,,,,26.133333206176758,50.599998474121094,,,,Sayed  Maitham Almosawi,,,,,,,https://www.propertyfinder.bh/en/plp/buy/land-for-sale-central-governorate-nuwaidrat-54233726.html,2026-06-09T13:03:47.398622+00:00,2026-09-06T22:04:05.740274+00:00,89,2026-09-06T22:04:05.740274+00:00
2026-09-07,removed,54233740,,,Land,Road and side road,80000.0,,,,BHD,sell,,,,,,,,,,,26.140336990356445,50.478271484375,,,,Sayed  Maitham Almosawi,,,,,,,https://www.propertyfinder.bh/en/plp/buy/land-for-sale-northern-governorate-hamala-54233740.html,2026-06-09T13:03:47.398622+00:00,2026-09-06T22:04:05.740274+00:00,89,2026-09-06T22:04:05.740274+00:00
2026-09-07,removed,54234718,,,Apartment,two Bedroom flat for rent in riffa area,120.0,,,,BHD,monthly,,,,,,,,Riffa Al Sharqi,,,26.1162166595459,50.57211685180664,,,,Sayed Hashem Hasan,,NO,,,,,https://www.propertyfinder.bh/en/plp/rent/apartment-for-rent-southern-governorate-riffa-riffa-al-sharqi-54234718.html,2026-06-09T13:03:47.398622+00:00,2026-09-06T22:04:05.740274+00:00,89,2026-09-06T22:04:05.740274+00:00
2026-09-07,removed,54263666,,,Villa,3 BR Furnished Villa in Hidd with Private Gym,500.0,,,,BHD,monthly,,,,,,,,,,,26.21263313293457,50.67418670654297,,,,Anna Mechkovskaya,,YES,,,,,https://www.propertyfinder.bh/en/plp/rent/villa-for-rent-muharraq-governorate-hidd-54263666.html,2026-06-10T21:00:38.499992+00:00,2026-09-06T22:04:05.740274+00:00,88,2026-09-06T22:04:05.740274+00:00
2026-09-07,removed,54425108,,,Apartment,ULTRA LUXURY | CLOSED KITCHEN | PET FRIENDLY,525.0,,,,BHD,monthly,,,,,,,,Amwaj Avenue,,,26.29302978515625,50.66474151611328,,,,Muhammad Sachal Khan Niazi,,YES,,,,,https://www.propertyfinder.bh/en/plp/rent/apartment-for-rent-muharraq-governorate-amwaj-islands-amwaj-avenue-54425108.html,2026-06-16T21:07:55.403626+00:00,2026-09-06T22:04:05.740274+00:00,82,2026-09-06T22:04:05.740274+00:00
2026-09-07,removed,54485209,,,Shop,shop with mezzanine for rent in zayed town,500.0,,,,BHD,monthly,,,,,,,,,,,26.16529655456543,50.552181243896484,,,,Sayed Hashem Hasan,,YES,,,,,https://www.propertyfinder.bh/en/plp/commercial-rent/shop-for-rent-central-governorate-isa-town-54485209.html,2026-06-18T20:57:37.279688+00:00,2026-09-06T22:04:05.740274+00:00,80,2026-09-06T22:04:05.740274+00:00
2026-09-07,removed,54540564,,,Apartment,Bright-Modern|High Floor|City View|Balcony|2BHK,399.0,,,,BHD,monthly,,,,,,,,,,,26.214487075805664,50.584754943847656,,,,Hazeeth,,YES,,,,,https://www.propertyfinder.bh/en/plp/rent/apartment-for-rent-capital-governorate-manama-adliya-54540564.html,2026-06-20T20:35:32.453033+00:00,2026-09-06T22:04:05.740274+00:00,78,2026-09-06T22:04:05.740274+00:00
2026-09-07,removed,54597654,,,Office Space,3 Bedroom Office space for rent,300.0,,,,BHD,monthly,,,,,,,,,,,26.2102108001709,50.56403350830078,,,,RAJESH  SHIBU,,PARTLY,,,,,https://www.propertyfinder.bh/en/plp/commercial-rent/office-space-for-rent-capital-governorate-manama-zinj-54597654.html,2026-06-22T21:07:15.511458+00:00,2026-09-06T22:04:05.740274+00:00,76,2026-09-06T22:04:05.740274+00:00
2026-09-07,removed,54625778,,,Apartment,one Bedroom flat for rent in east riffa,130.0,,,,BHD,monthly,,,,,,,,Riffa Al Sharqi,,,26.1162166595459,50.57211685180664,,,,Sayed Hashem Hasan,,NO,,,,,https://www.propertyfinder.bh/en/plp/rent/apartment-for-rent-southern-governorate-riffa-riffa-al-sharqi-54625778.html,2026-06-23T20:51:22.852189+00:00,2026-09-06T22:04:05.740274+00:00,75,2026-09-06T22:04:05.740274+00:00
2026-09-07,removed,54914333,,,Apartment,SEA VIEW 2BR APARTMENT |MODERN FINISHES | DILMUNIA,550.0,,,,BHD,monthly,,,,,,,,Essence of Dilmunia,,,26.27286720275879,50.672889709472656,,,,Shaji Pathrose,,YES,,,,,https://www.propertyfinder.bh/en/plp/rent/apartment-for-rent-muharraq-governorate-dilmunia-island-essence-of-dilmunia-54914333.html,2026-07-03T21:14:40.318230+00:00,2026-09-06T22:04:05.740274+00:00,65,2026-09-06T22:04:05.740274+00:00
2026-09-07,removed,54941381,,,Apartment,City Living | Modern Furnishing | Ready to move in,440.0,,,,BHD,monthly,,,,,,,,,,,26.239999771118164,50.5369987487793,,,,Bilal Mohamed,,YES,,,,,https://www.propertyfinder.bh/en/plp/rent/apartment-for-rent-capital-governorate-seef-54941381.html,2026-07-04T21:05:04.819049+00:00,2026-09-06T22:04:05.740274+00:00,64,2026-09-06T22:04:05.740274+00:00
2026-09-07,removed,54941393,,,Apartment,Modern Layout | Luxury Interiors | Full Facilities,65000.0,,,,BHD,sell,,,,,,,,,,,26.211111068725586,50.601112365722656,,,,Bilal Mohamed,,YES,completed,,,,https://www.propertyfinder.bh/en/plp/buy/apartment-for-sale-capital-governorate-al-juffair-54941393.html,2026-07-04T21:05:04.819049+00:00,2026-09-06T22:04:05.740274+00:00,64,2026-09-06T22:04:05.740274+00:00
2026-09-07,removed,54941403,,,Apartment,Sea and City Views | Maid room | Balcony,96000.0,,,,BHD,sell,,,,,,,,Amwaj Avenue,,,26.29302978515625,50.66474151611328,,,,Bilal Mohamed,,YES,completed,,,,https://www.propertyfinder.bh/en/plp/buy/apartment-for-sale-muharraq-governorate-amwaj-islands-amwaj-avenue-54941403.html,2026-07-04T21:05:04.819049+00:00,2026-09-06T22:04:05.740274+00:00,64,2026-09-06T22:04:05.740274+00:00
2026-09-07,removed,54941409,,,Apartment,Stunning Sea + City Views | Luxury Upscale living,600.0,,,,BHD,monthly,,,,,,,,Diyar Al Muharraq,Address Marassi Vista,,26.306358337402344,50.64693069458008,,,,Bilal Mohamed,,YES,,,,,https://www.propertyfinder.bh/en/plp/rent/apartment-for-rent-muharraq-governorate-diyar-al-muharraq-address-marassi-vista-54941409.html,2026-07-04T21:05:04.819049+00:00,2026-09-06T22:04:05.740274+00:00,64,2026-09-06T22:04:05.740274+00:00
2026-09-07,removed,55025865,,,Apartment,Spacious 2BHK | Semi-Furnished | Closed Kitchen,250.0,,,,BHD,monthly,,,,,,,,,,,26.21263313293457,50.67418670654297,,,,Abu Bakar Siddque,,PARTLY,,,,,https://www.propertyfinder.bh/en/plp/rent/apartment-for-rent-muharraq-governorate-hidd-55025865.html,2026-07-07T21:36:02.082787+00:00,2026-09-06T22:04:05.740274+00:00,61,2026-09-06T22:04:05.740274+00:00
2026-09-07,removed,55026263,,,Land,Just behind district 1,440000.0,,,,BHD,sell,,,,,,,,,,,26.140336990356445,50.478271484375,,,,Mohamed Mirza,,,,,,,https://www.propertyfinder.bh/en/plp/buy/land-for-sale-northern-governorate-hamala-55026263.html,2026-07-07T21:36:02.082787+00:00,2026-09-06T22:04:05.740274+00:00,61,2026-09-06T22:04:05.740274+00:00
2026-09-07,removed,55026270,,,Villa,"Round about 2, Lawzi",127000.0,,,,BHD,sell,,,,,,,,,,,26.12916374206543,50.49860763549805,,,,Mohamed Mirza,,NO,completed_primary,,,,https://www.propertyfinder.bh/en/plp/buy/villa-for-sale-northern-governorate-hamad-town-55026270.html,2026-07-07T21:36:02.082787+00:00,2026-09-06T22:04:05.740274+00:00,61,2026-09-06T22:04:05.740274+00:00
2026-09-07,removed,55026277,,,Apartment,Sukoon tower FF,300.0,,,,BHD,monthly,,,,,,,,,,,26.211111068725586,50.601112365722656,,,,Tariq Osman,,YES,,,,,https://www.propertyfinder.bh/en/plp/rent/apartment-for-rent-capital-governorate-al-juffair-55026277.html,2026-07-16T13:23:22.641531+00:00,2026-09-06T22:04:05.740274+00:00,52,2026-09-06T22:04:05.740274+00:00
2026-09-07,removed,55026436,,,Apartment,MODERN | HOUSE KEEPING | SPACIOUS ROOMS | BALCONY,700.0,,,,BHD,monthly,,,,,,,,,,,26.211111068725586,50.601112365722656,,,,Daniel Nwajiaku,,YES,,,,,https://www.propertyfinder.bh/en/plp/rent/apartment-for-rent-capital-governorate-al-juffair-55026436.html,2026-07-07T21:36:02.082787+00:00,2026-09-06T22:04:05.740274+00:00,61,2026-09-06T22:04:05.740274+00:00
2026-09-07,removed,55026451,,,Apartment,UNLIMITED EWA | HOUSEKEEPING | SPACIOUS | BALCONY,600.0,,,,BHD,monthly,,,,,,,,,,,26.211111068725586,50.601112365722656,,,,Daniel Nwajiaku,,YES,,,,,https://www.propertyfinder.bh/en/plp/rent/apartment-for-rent-capital-governorate-al-juffair-55026451.html,2026-07-07T21:36:02.082787+00:00,2026-09-06T22:04:05.740274+00:00,61,2026-09-06T22:04:05.740274+00:00
2026-09-07,removed,55026501,,,Apartment,"SPACIOUS, BRIGHT, CLOSE KITCHEN, BALCONY, MAIDROOM",320.0,,,,BHD,monthly,,,,,,,,,,,26.21263313293457,50.67418670654297,,,,Nayla Tabussam,,YES,,,,,https://www.propertyfinder.bh/en/plp/rent/apartment-for-rent-muharraq-governorate-hidd-55026501.html,2026-07-07T21:36:02.082787+00:00,2026-09-06T22:04:05.740274+00:00,61,2026-09-06T22:04:05.740274+00:00
2026-09-07,removed,55026522,,,Apartment,"SPACIOUS, BRIGHT, CLOSE KITCHEN, BALCONY, MAIDROOM",380.0,,,,BHD,monthly,,,,,,,,,,,26.21263313293457,50.67418670654297,,,,Nayla Tabussam,,YES,,,,,https://www.propertyfinder.bh/en/plp/rent/apartment-for-rent-muharraq-governorate-hidd-55026522.html,2026-07-07T21:36:02.082787+00:00,2026-09-06T22:04:05.740274+00:00,61,2026-09-06T22:04:05.740274+00:00
2026-09-07,removed,55026540,,,Apartment,"SPACIOUS, BALCONY, CLOSE KITCHEN, SEMI FURNISHED",250.0,,,,BHD,monthly,,,,,,,,,,,26.21263313293457,50.67418670654297,,,,Nayla Tabussam,,PARTLY,,,,,https://www.propertyfinder.bh/en/plp/rent/apartment-for-rent-muharraq-governorate-hidd-55026540.html,2026-07-07T21:36:02.082787+00:00,2026-09-06T22:04:05.740274+00:00,61,2026-09-06T22:04:05.740274+00:00
2026-09-07,removed,55026542,,,Apartment,SPACIOUS | BRIGHT | 2 BALCONIES | CLOSE KITCHEN,230.0,,,,BHD,monthly,,,,,,,,,,,26.21263313293457,50.67418670654297,,,,Nayla Tabussam,,NO,,,,,https://www.propertyfinder.bh/en/plp/rent/apartment-for-rent-muharraq-governorate-hidd-55026542.html,2026-07-07T21:36:02.082787+00:00,2026-09-06T22:04:05.740274+00:00,61,2026-09-06T22:04:05.740274+00:00
2026-09-07,removed,55026544,,,Apartment,SPACIOUS | BRIGHT | CLOSE KITCHEN | BALCONY |,250.0,,,,BHD,monthly,,,,,,,,,,,26.21263313293457,50.67418670654297,,,,Nayla Tabussam,,NO,,,,,https://www.propertyfinder.bh/en/plp/rent/apartment-for-rent-muharraq-governorate-hidd-55026544.html,2026-07-07T21:36:02.082787+00:00,2026-09-06T22:04:05.740274+00:00,61,2026-09-06T22:04:05.740274+00:00
2026-09-07,removed,55026546,,,Apartment,"BEHIND LULU, BRIGHT, CLOSE KITCHEN, PRIME LOCTION,",210.0,,,,BHD,monthly,,,,,,,,,,,26.21263313293457,50.67418670654297,,,,Nayla Tabussam,,PARTLY,,,,,https://www.propertyfinder.bh/en/plp/rent/apartment-for-rent-muharraq-governorate-hidd-55026546.html,2026-07-07T21:36:02.082787+00:00,2026-09-06T22:04:05.740274+00:00,61,2026-09-06T22:04:05.740274+00:00
2026-09-07,removed,55026569,,,Apartment,PRIME LOCATION | BRIGHT | CLSOED KITCHEN | 2 BHK |,240.0,,,,BHD,monthly,,,,,,,,,,,26.21263313293457,50.67418670654297,,,,Nayla Tabussam,,PARTLY,,,,,https://www.propertyfinder.bh/en/plp/rent/apartment-for-rent-muharraq-governorate-hidd-55026569.html,2026-07-07T21:36:02.082787+00:00,2026-09-06T22:04:05.740274+00:00,61,2026-09-06T22:04:05.740274+00:00
2026-09-07,removed,55026571,,,Apartment,BRIGHT | SPACIOUS | SEMI FURNISHED | CLOSE KITCHEN,210.0,,,,BHD,monthly,,,,,,,,,,,26.21263313293457,50.67418670654297,,,,Nayla Tabussam,,PARTLY,,,,,https://www.propertyfinder.bh/en/plp/rent/apartment-for-rent-muharraq-governorate-hidd-55026571.html,2026-07-07T21:36:02.082787+00:00,2026-09-06T22:04:05.740274+00:00,61,2026-09-06T22:04:05.740274+00:00
2026-09-07,removed,55026581,,,Apartment,SPACIOUS | CLOSE KITCHEN | MAID ROOM | BALCONY |,330.0,,,,BHD,monthly,,,,,,,,,,,26.21263313293457,50.67418670654297,,,,Nayla Tabussam,,YES,,,,,https://www.propertyfinder.bh/en/plp/rent/apartment-for-rent-muharraq-governorate-hidd-55026581.html,2026-07-07T21:36:02.082787+00:00,2026-09-06T22:04:05.740274+00:00,61,2026-09-06T22:04:05.740274+00:00
2026-09-07,removed,55026583,,,Apartment,SPACIOUS | BRIGHT | CLOSE KITCHEN | BALCONY |,250.0,,,,BHD,monthly,,,,,,,,,,,26.21263313293457,50.67418670654297,,,,Nayla Tabussam,,PARTLY,,,,,https://www.propertyfinder.bh/en/plp/rent/apartment-for-rent-muharraq-governorate-hidd-55026583.html,2026-07-07T21:36:02.082787+00:00,2026-09-06T22:04:05.740274+00:00,61,2026-09-06T22:04:05.740274+00:00
2026-09-07,removed,55026586,,,Apartment,COZY | NATURAL BRIGHT | SPACIOUS | CLOSE KITCHEN |,250.0,,,,BHD,monthly,,,,,,,,,,,26.21263313293457,50.67418670654297,,,,Nayla Tabussam,,NO,,,,,https://www.propertyfinder.bh/en/plp/rent/apartment-for-rent-muharraq-governorate-hidd-55026586.html,2026-07-07T21:36:02.082787+00:00,2026-09-06T22:04:05.740274+00:00,61,2026-09-06T22:04:05.740274+00:00
2026-09-07,removed,55026593,,,Apartment,SPACIOUS | BRIGHT | CLOSE KITCHEN | STORE SPACE |,350.0,,,,BHD,monthly,,,,,,,,,,,26.21263313293457,50.67418670654297,,,,Nayla Tabussam,,PARTLY,,,,,https://www.propertyfinder.bh/en/plp/rent/apartment-for-rent-muharraq-governorate-hidd-55026593.html,2026-07-07T21:36:02.082787+00:00,2026-09-06T22:04:05.740274+00:00,61,2026-09-06T22:04:05.740274+00:00
2026-09-07,removed,55026595,,,Apartment,SPACIOUS | CLOSE KITCHEN | 2 BALCONY | GAS COOKING,270.0,,,,BHD,monthly,,,,,,,,,,,26.21263313293457,50.67418670654297,,,,Nayla Tabussam,,PARTLY,,,,,https://www.propertyfinder.bh/en/plp/rent/apartment-for-rent-muharraq-governorate-hidd-55026595.html,2026-07-07T21:36:02.082787+00:00,2026-09-06T22:04:05.740274+00:00,61,2026-09-06T22:04:05.740274+00:00
2026-09-07,removed,55026612,,,Apartment,"SPACIOUS, CLOSE KITCHEN, INTERNET, FAMILY BUILDING",325.0,,,,BHD,monthly,,,,,,,,,,,26.21263313293457,50.67418670654297,,,,Nayla Tabussam,,YES,,,,,https://www.propertyfinder.bh/en/plp/rent/apartment-for-rent-muharraq-governorate-hidd-55026612.html,2026-07-07T21:36:02.082787+00:00,2026-09-06T22:04:05.740274+00:00,61,2026-09-06T22:04:05.740274+00:00
2026-09-07,removed,55026742,,,Apartment,Fontana Most luxurious With Balcony Rented,85500.0,,,,BHD,sell,,,,,,,,,,,26.211111068725586,50.601112365722656,,,,Maher Alimadi,,YES,completed_primary,,,,https://www.propertyfinder.bh/en/plp/buy/apartment-for-sale-capital-governorate-al-juffair-55026742.html,2026-07-07T21:36:02.082787+00:00,2026-09-06T22:04:05.740274+00:00,61,2026-09-06T22:04:05.740274+00:00
2026-09-07,removed,55026959,,,Apartment,Spacious| Prime Location| Elegant| Sea View| Lift,450.0,,,,BHD,monthly,,,,,,,,,,,26.239999771118164,50.5369987487793,,,,Nayla Tabussam,,YES,,,,,https://www.propertyfinder.bh/en/plp/rent/apartment-for-rent-capital-governorate-seef-55026959.html,2026-07-07T21:36:02.082787+00:00,2026-09-06T22:04:05.740274+00:00,61,2026-09-06T22:04:05.740274+00:00
2026-09-07,removed,55027005,,,Apartment,Affordable price 1 BHK | Well Maintained|Security,280.0,,,,BHD,monthly,,,,,,,,,,,26.239999771118164,50.5369987487793,,,,Nayla Tabussam,,YES,,,,,https://www.propertyfinder.bh/en/plp/rent/apartment-for-rent-capital-governorate-seef-55027005.html,2026-07-07T21:36:02.082787+00:00,2026-09-06T22:04:05.740274+00:00,61,2026-09-06T22:04:05.740274+00:00
2026-09-07,removed,55027100,,,Apartment,Luxury / 2 Bedroom / Spacious Apartment / Seef,300.0,,,,BHD,monthly,,,,,,,,,,,26.239999771118164,50.5369987487793,,,,Nayla Tabussam,,YES,,,,,https://www.propertyfinder.bh/en/plp/rent/apartment-for-rent-capital-governorate-seef-55027100.html,2026-07-07T21:36:02.082787+00:00,2026-09-06T22:04:05.740274+00:00,61,2026-09-06T22:04:05.740274+00:00
2026-09-07,removed,55027264,,,Apartment,2BR Spacious | Fully Furnished | Very cozy,400.0,,,,BHD,monthly,,,,,,,,,,,26.211111068725586,50.601112365722656,,,,Moueen Charfi,,YES,,,,,https://www.propertyfinder.bh/en/plp/rent/apartment-for-rent-capital-governorate-al-juffair-55027264.html,2026-07-07T21:36:02.082787+00:00,2026-09-06T22:04:05.740274+00:00,61,2026-09-06T22:04:05.740274+00:00
2026-09-07,removed,55027273,,,Apartment,NICE SPECIOUS 2 BHK FF WITH EWA  AMENITIES. ADLIYA,350.0,,,,BHD,monthly,,,,,,,,,,,26.214487075805664,50.584754943847656,,,,Manaf M,,YES,,,,,https://www.propertyfinder.bh/en/plp/rent/apartment-for-rent-capital-governorate-manama-adliya-55027273.html,2026-07-07T21:36:02.082787+00:00,2026-09-06T22:04:05.740274+00:00,61,2026-09-06T22:04:05.740274+00:00
2026-09-07,removed,55027418,,,Villa,Alsaya next to Alhasan Masjid,135000.0,,,,BHD,sell,,,,,,,,,,,26.27199935913086,50.60900115966797,,,,Tariq Osman,,PARTLY,completed_primary,,,,https://www.propertyfinder.bh/en/plp/buy/villa-for-sale-muharraq-governorate-busaiteen-55027418.html,2026-07-07T21:36:02.082787+00:00,2026-09-06T22:04:05.740274+00:00,61,2026-09-06T22:04:05.740274+00:00
2026-09-07,removed,55027612,,,Villa,Pets Allowed | Private Pool | Balcony | Garden |,1100.0,,,,BHD,monthly,,,,,,,,,,,26.214487075805664,50.584754943847656,,,,Christyl Lebosada,,YES,,,,,https://www.propertyfinder.bh/en/plp/rent/villa-for-rent-capital-governorate-manama-adliya-55027612.html,2026-07-07T21:36:02.082787+00:00,2026-09-06T22:04:05.740274+00:00,61,2026-09-06T22:04:05.740274+00:00
2026-09-07,removed,55027619,,,Apartment,REDUCED PRICE | Housekeeping | Closed Kitchen |Gym,420.0,,,,BHD,monthly,,,,,,,,,,,26.211111068725586,50.601112365722656,,,,Aileen Camarillo,,YES,,,,,https://www.propertyfinder.bh/en/plp/rent/apartment-for-rent-capital-governorate-al-juffair-55027619.html,2026-07-07T21:36:02.082787+00:00,2026-09-06T22:04:05.740274+00:00,61,2026-09-06T22:04:05.740274+00:00
2026-09-07,removed,55027643,,,Apartment,Villa Type | Cats Allowed | Gas Stove | Split AC |,550.0,,,,BHD,monthly,,,,,,,,,,,26.211111068725586,50.601112365722656,,,,Aileen Camarillo,,YES,,,,,https://www.propertyfinder.bh/en/plp/rent/apartment-for-rent-capital-governorate-al-juffair-55027643.html,2026-07-07T21:36:02.082787+00:00,2026-09-06T22:04:05.740274+00:00,61,2026-09-06T22:04:05.740274+00:00
2026-09-07,removed,55055912,,,Apartment,SEA VIEW | BALCONY | MAID ROOM | WATER VIEW,1200.0,,,,BHD,monthly,,,,,,,,,,,26.241750717163086,50.5663948059082,,,,Imad Hasan,,YES,,,,,https://www.propertyfinder.bh/en/plp/rent/apartment-for-rent-capital-governorate-reef-island-55055912.html,2026-07-08T21:15:46.223277+00:00,2026-09-06T22:04:05.740274+00:00,60,2026-09-06T22:04:05.740274+00:00
2026-09-07,removed,55056003,,,Apartment,ALL INCLUISVE DEAL | LOWER FLOOR | BRIGHT MODERN |,650.0,,,,BHD,monthly,,,,,,,,,,,26.241750717163086,50.5663948059082,,,,Anza Khurram,,YES,,,,,https://www.propertyfinder.bh/en/plp/rent/apartment-for-rent-capital-governorate-reef-island-55056003.html,2026-07-08T21:15:46.223277+00:00,2026-09-06T22:04:05.740274+00:00,60,2026-09-06T22:04:05.740274+00:00
2026-09-07,removed,55056202,,,Apartment,Freshly Renovated I Modern I Wi-Fi I Facilities,260.0,,,,BHD,monthly,,,,,,,,,,,26.211111068725586,50.601112365722656,,,,Tareq Abdulameer Abdulla Almahoozi,,YES,,,,,https://www.propertyfinder.bh/en/plp/rent/apartment-for-rent-capital-governorate-al-juffair-55056202.html,2026-07-08T21:15:46.223277+00:00,2026-09-06T22:04:05.740274+00:00,60,2026-09-06T22:04:05.740274+00:00
2026-09-07,removed,55056203,,,Apartment,DREAM HOME | AMAZING WATER VIEW | PET ALLOWED |,1100.0,,,,BHD,monthly,,,,,,,,,,,26.241750717163086,50.5663948059082,,,,Anza Khurram,,YES,,,,,https://www.propertyfinder.bh/en/plp/rent/apartment-for-rent-capital-governorate-reef-island-55056203.html,2026-07-08T21:15:46.223277+00:00,2026-09-06T22:04:05.740274+00:00,60,2026-09-06T22:04:05.740274+00:00
2026-09-07,removed,55085349,,,Apartment,FONTANA | BALCONY | SEA VIEW | MAID ROOM | LUXURY,600.0,,,,BHD,monthly,,,,,,,,,,,26.211111068725586,50.601112365722656,,,,Imad Hasan,,YES,,,,,https://www.propertyfinder.bh/en/plp/rent/apartment-for-rent-capital-governorate-al-juffair-55085349.html,2026-07-16T13:23:22.641531+00:00,2026-09-06T22:04:05.740274+00:00,52,2026-09-06T22:04:05.740274+00:00
2026-09-07,removed,55085516,,,Villa,SHARED GARDEN AND POOL | CITY CENTER | COMPOUND |,750.0,,,,BHD,monthly,,,,,,,,,,,26.214487075805664,50.584754943847656,,,,Anza Khurram,,YES,,,,,https://www.propertyfinder.bh/en/plp/rent/villa-for-rent-capital-governorate-manama-adliya-55085516.html,2026-07-09T21:28:23.078681+00:00,2026-09-06T22:04:05.740274+00:00,59,2026-09-06T22:04:05.740274+00:00
2026-09-07,removed,55283577,,,Apartment,3bhk apartment for rent in ras ruman..,300.0,,,,BHD,monthly,,,,,,,,,,,26.2369441986084,50.584999084472656,,,,Sayed Hashem Hasan,,NO,,,,,https://www.propertyfinder.bh/en/plp/rent/apartment-for-rent-capital-governorate-manama-ras-rumman-55283577.html,2026-07-16T13:23:22.641531+00:00,2026-09-06T22:04:05.740274+00:00,52,2026-09-06T22:04:05.740274+00:00
2026-09-07,removed,55283935,,,Office Space,commercial office for rent in um alhassam,300.0,,,,BHD,monthly,,,,,,,,,,,26.203079223632812,50.594947814941406,,,,Sayed Hashem Hasan,,PARTLY,,,,,https://www.propertyfinder.bh/en/plp/commercial-rent/office-space-for-rent-capital-governorate-manama-um-al-hasam-55283935.html,2026-07-16T13:23:22.641531+00:00,2026-09-06T22:04:05.740274+00:00,52,2026-09-06T22:04:05.740274+00:00
2026-09-07,removed,55283939,,,Apartment,furnished  flat for rent in manama center,380.0,,,,BHD,monthly,,,,,,,,Manama Sea Front,,,26.24812126159668,50.57044219970703,,,,Sayed Hashem Hasan,,YES,,,,,https://www.propertyfinder.bh/en/plp/rent/apartment-for-rent-capital-governorate-manama-manama-sea-front-55283939.html,2026-07-16T13:23:22.641531+00:00,2026-09-06T22:04:05.740274+00:00,52,2026-09-06T22:04:05.740274+00:00
2026-09-07,removed,55311605,,,Apartment,"3BHK High Floor, Sea View, Housekeeping & Internet",900.0,,,,BHD,monthly,,,,,,,,,,,26.239999771118164,50.5369987487793,,,,JUNAID MUNAWAR,,YES,,,,,https://www.propertyfinder.bh/en/plp/rent/apartment-for-rent-capital-governorate-seef-55311605.html,2026-07-17T21:02:53.302860+00:00,2026-09-06T22:04:05.740274+00:00,51,2026-09-06T22:04:05.740274+00:00
2026-09-07,removed,55366674,,,Apartment,Investment Opportunity | Prime Property | Modern.,54000.0,,,,BHD,sell,,,,,,,,Bahrain Financial Harbour,,,26.23778533935547,50.57342529296875,,,,Ahmad Hassan,,YES,completed,,,,https://www.propertyfinder.bh/en/plp/buy/apartment-for-sale-capital-governorate-manama-bahrain-financial-harbour-55366674.html,2026-07-19T20:58:26.466026+00:00,2026-09-06T22:04:05.740274+00:00,49,2026-09-06T22:04:05.740274+00:00
2026-09-07,removed,55366800,,,Apartment,SPECIAL DEAL | POOL VIEW | BEACH ACCESS,380.0,,,,BHD,monthly,,,,,,,,Diyar Al Muharraq,,,26.303447723388672,50.6461296081543,,,,Dulce Sevilla,,YES,,,,,https://www.propertyfinder.bh/en/plp/rent/apartment-for-rent-muharraq-governorate-diyar-al-muharraq-marassi-al-bahrain-55366800.html,2026-07-19T20:58:26.466026+00:00,2026-09-06T22:04:05.740274+00:00,49,2026-09-06T22:04:05.740274+00:00
2026-09-07,removed,55396656,,,Apartment,Sea View | Brand New | Modern Layout.,400.0,,,,BHD,monthly,,,,,,,,Bahrain Financial Harbour,,,26.23778533935547,50.57342529296875,,,,Ahmad Hassan,,,,,,,https://www.propertyfinder.bh/en/plp/rent/apartment-for-rent-capital-governorate-manama-bahrain-financial-harbour-55396656.html,2026-07-20T21:17:02.364062+00:00,2026-09-06T22:04:05.740274+00:00,48,2026-09-06T22:04:05.740274+00:00
2026-09-07,removed,55396763,,,Apartment,Affordable | Well maintanied | Low Floor,310.0,,,,BHD,monthly,,,,,,,,Bahrain Financial Harbour,,,26.23778533935547,50.57342529296875,,,,Ahmad Hassan,,YES,,,,,https://www.propertyfinder.bh/en/plp/rent/apartment-for-rent-capital-governorate-manama-bahrain-financial-harbour-55396763.html,2026-07-20T21:17:02.364062+00:00,2026-09-06T22:04:05.740274+00:00,48,2026-09-06T22:04:05.740274+00:00
2026-09-07,removed,55396805,,,Apartment,BBQ | Gym | Pool | Balcony | Juffair,280.0,,,,BHD,monthly,,,,,,,,,,,26.211111068725586,50.601112365722656,,,,Orhan Shakoor Humood,,PARTLY,,,,,https://www.propertyfinder.bh/en/plp/rent/apartment-for-rent-capital-governorate-al-juffair-55396805.html,2026-07-20T21:17:02.364062+00:00,2026-09-06T22:04:05.740274+00:00,48,2026-09-06T22:04:05.740274+00:00
2026-09-07,removed,55425056,,,Apartment,Saraya 2 boqowa,350.0,,,,BHD,monthly,,,,,,,,,,,26.202558517456055,50.519554138183594,,,,Mohamed Mirza,,PARTLY,,,,,https://www.propertyfinder.bh/en/plp/rent/apartment-for-rent-northern-governorate-bu-quwah-55425056.html,2026-07-21T21:17:21.978520+00:00,2026-09-06T22:04:05.740274+00:00,47,2026-09-06T22:04:05.740274+00:00
2026-09-07,removed,55426080,,,Apartment,Luxurious Seef 1BHK | Sea View Gym Pool  400 Inc,400.0,,,,BHD,monthly,,,,,,,,,,,26.239999771118164,50.5369987487793,,,,JUNAID MUNAWAR,,YES,,,,,https://www.propertyfinder.bh/en/plp/rent/apartment-for-rent-capital-governorate-seef-55426080.html,2026-07-21T21:17:21.978520+00:00,2026-09-06T22:04:05.740274+00:00,47,2026-09-06T22:04:05.740274+00:00
2026-09-07,removed,55540875,,,Apartment,BEAUTIFUL CANAL VIEW - BALCONY - LUXURY - PREMIUM,600.0,,,,BHD,monthly,,,,,,,,Canal View,,,26.273908615112305,50.67207336425781,,,,Unus Sirajuddin,,YES,,,,,https://www.propertyfinder.bh/en/plp/rent/apartment-for-rent-muharraq-governorate-dilmunia-island-canal-view-55540875.html,2026-07-25T21:00:21.405436+00:00,2026-09-06T22:04:05.740274+00:00,43,2026-09-06T22:04:05.740274+00:00
2026-09-07,removed,55599272,,,Apartment,New 2 Bedrooms closed kitchen for rent in Jidd Ali,230.0,,,,BHD,monthly,,,,,,,,,,,26.179166793823242,50.56222152709961,,,,Husain  Sadeq,,PARTLY,,,,,https://www.propertyfinder.bh/en/plp/rent/apartment-for-rent-central-governorate-jid-ali-55599272.html,2026-07-27T21:16:55.514144+00:00,2026-09-06T22:04:05.740274+00:00,41,2026-09-06T22:04:05.740274+00:00
2026-09-07,removed,55599521,,,Apartment,3 Bedroom with ac for rent in Tubli,230.0,,,,BHD,monthly,,,,,,,,,,,26.188888549804688,50.54999923706055,,,,Husain  Sadeq,,PARTLY,,,,,https://www.propertyfinder.bh/en/plp/rent/apartment-for-rent-central-governorate-tubli-55599521.html,2026-07-27T21:16:55.514144+00:00,2026-09-06T22:04:05.740274+00:00,41,2026-09-06T22:04:05.740274+00:00
2026-09-07,removed,55628161,,,Apartment,unfurnished 3 bedroom for rent in tubli,300.0,,,,BHD,monthly,,,,,,,,,,,26.188888549804688,50.54999923706055,,,,Sayed Hashem Hasan,,NO,,,,,https://www.propertyfinder.bh/en/plp/rent/apartment-for-rent-central-governorate-tubli-55628161.html,2026-07-28T21:13:30.461515+00:00,2026-09-06T22:04:05.740274+00:00,40,2026-09-06T22:04:05.740274+00:00
2026-09-07,removed,55628983,,,Apartment,Sea View | Spacious | New Renovated,700.0,,,,BHD,monthly,,,,,,,,,,,26.241750717163086,50.5663948059082,,,,Ahmad Hassan,,YES,,,,,https://www.propertyfinder.bh/en/plp/rent/apartment-for-rent-capital-governorate-reef-island-55628983.html,2026-07-28T21:13:30.461515+00:00,2026-09-06T22:04:05.740274+00:00,40,2026-09-06T22:04:05.740274+00:00
2026-09-07,removed,55629040,,,Apartment,Sea View | Spacious | Investment opportunity.,110000.0,,,,BHD,sell,,,,,,,,,,,26.241750717163086,50.5663948059082,,,,Ahmad Hassan,,YES,completed,,,,https://www.propertyfinder.bh/en/plp/buy/apartment-for-sale-capital-governorate-reef-island-55629040.html,2026-07-28T21:13:30.461515+00:00,2026-09-06T22:04:05.740274+00:00,40,2026-09-06T22:04:05.740274+00:00
2026-09-07,removed,55629166,,,Apartment,Elegant | Prime Location | Marina & Sea View.,800.0,,,,BHD,monthly,,,,,,,,Bahrain Financial Harbour,,,26.23778533935547,50.57342529296875,,,,Ahmad Hassan,,YES,,,,,https://www.propertyfinder.bh/en/plp/rent/apartment-for-rent-capital-governorate-manama-bahrain-financial-harbour-55629166.html,2026-07-28T21:13:30.461515+00:00,2026-09-06T22:04:05.740274+00:00,40,2026-09-06T22:04:05.740274+00:00
2026-09-07,removed,55658473,,,Office Space,Offices for Rent I Renovated I NEGOATIABLE,200.0,,,,BHD,monthly,,,,,,,,Exhibition Road,,,26.231962203979492,50.59507369995117,,,,Majeed Moosa,,NO,,,,,https://www.propertyfinder.bh/en/plp/commercial-rent/office-space-for-rent-capital-governorate-hoora-exhibition-road-55658473.html,2026-07-29T21:03:30.697466+00:00,2026-09-06T22:04:05.740274+00:00,39,2026-09-06T22:04:05.740274+00:00
2026-09-07,removed,55658543,,,Apartment,Modern and Elegant Spacious Layout | Large Windows,300.0,,,,BHD,monthly,,,,,,,,,,,26.239999771118164,50.5369987487793,,,,Majeed Moosa,,YES,,,,,https://www.propertyfinder.bh/en/plp/rent/apartment-for-rent-capital-governorate-seef-55658543.html,2026-07-29T21:03:30.697466+00:00,2026-09-06T22:04:05.740274+00:00,39,2026-09-06T22:04:05.740274+00:00
2026-09-07,removed,55773305,,,Apartment,Moder Large Brigh Sea View Balcony,41000.0,,,,BHD,sell,,,,,,,,,,,26.211111068725586,50.601112365722656,,,,Maher Alimadi,,YES,completed,,,,https://www.propertyfinder.bh/en/plp/buy/apartment-for-sale-capital-governorate-al-juffair-55773305.html,2026-08-02T21:01:45.450020+00:00,2026-09-06T22:04:05.740274+00:00,35,2026-09-06T22:04:05.740274+00:00
2026-09-07,removed,55773324,,,Apartment,Luxury 1BR Reef Island Wi-Fi Gym Pool 850 Inc,850.0,,,,BHD,monthly,,,,,,,,,,,26.241750717163086,50.5663948059082,,,,JUNAID MUNAWAR,,YES,,,,,https://www.propertyfinder.bh/en/plp/rent/apartment-for-rent-capital-governorate-reef-island-55773324.html,2026-08-02T21:01:45.450020+00:00,2026-09-06T22:04:05.740274+00:00,35,2026-09-06T22:04:05.740274+00:00
2026-09-07,removed,55802159,,,Apartment,HOT DEAL | SPACIOUS | MODERN | READY TO MOVE IN,425.0,,,,BHD,monthly,,,,,,,,The Lagoon,,,26.287778854370117,50.66339111328125,,,,Dulce Sevilla,,YES,,,,,https://www.propertyfinder.bh/en/plp/rent/apartment-for-rent-muharraq-governorate-amwaj-islands-the-lagoon-55802159.html,2026-08-03T21:12:00.704076+00:00,2026-09-06T22:04:05.740274+00:00,34,2026-09-06T22:04:05.740274+00:00
2026-09-07,removed,55831949,,,Apartment,Sea View | Modern | Five-star Amenities.,950.0,,,,BHD,monthly,,,,,,,,,,,26.249584197998047,50.580360412597656,,,,Ahmad Hassan,,YES,,,,,https://www.propertyfinder.bh/en/plp/rent/apartment-for-rent-capital-governorate-bahrain-bay-55831949.html,2026-08-04T21:18:19.994716+00:00,2026-09-06T22:04:05.740274+00:00,33,2026-09-06T22:04:05.740274+00:00
2026-09-07,removed,55831975,,,Shop,Shop for rent in Adliya Plaza 60 Sqm,450.0,,,,BHD,monthly,,,,,,,,,,,26.214487075805664,50.584754943847656,,,,Ali  Alnoaimi,,YES,,,,,https://www.propertyfinder.bh/en/plp/commercial-rent/shop-for-rent-capital-governorate-manama-adliya-55831975.html,2026-08-04T21:18:19.994716+00:00,2026-09-06T22:04:05.740274+00:00,33,2026-09-06T22:04:05.740274+00:00
2026-09-07,removed,55831976,,,Apartment,2 bedrooms Apartments for rent in Nuwaidrat 150 BD,150.0,,,,BHD,monthly,,,,,,,,,,,26.133333206176758,50.599998474121094,,,,Ali  Alnoaimi,,NO,,,,,https://www.propertyfinder.bh/en/plp/rent/apartment-for-rent-central-governorate-nuwaidrat-55831976.html,2026-08-04T21:18:19.994716+00:00,2026-09-06T22:04:05.740274+00:00,33,2026-09-06T22:04:05.740274+00:00
2026-09-07,removed,55831978,,,Apartment,3 Bedrooms Luxury Flat for Rent in Seef with EWA..,600.0,,,,BHD,monthly,,,,,,,,,,,26.239999771118164,50.5369987487793,,,,Ali  Alnoaimi,,YES,,,,,https://www.propertyfinder.bh/en/plp/rent/apartment-for-rent-capital-governorate-seef-55831978.html,2026-08-04T21:18:19.994716+00:00,2026-09-06T22:04:05.740274+00:00,33,2026-09-06T22:04:05.740274+00:00
2026-09-07,removed,55831989,,,Office Space,New Office Spaces Available on Seef District,450.0,,,,BHD,monthly,,,,,,,,,,,26.239999771118164,50.5369987487793,,,,Ali  Alnoaimi,,NO,,,,,https://www.propertyfinder.bh/en/plp/commercial-rent/office-space-for-rent-capital-governorate-seef-55831989.html,2026-08-04T21:18:19.994716+00:00,2026-09-06T22:04:05.740274+00:00,33,2026-09-06T22:04:05.740274+00:00
2026-09-07,removed,55832000,,,Apartment,Brand-New 2-Bedroom Apartments for Rent in Qalali,250.0,,,,BHD,monthly,,,,,,,,,,,26.266666412353516,50.650001525878906,,,,Ali  Alnoaimi,,NO,,,,,https://www.propertyfinder.bh/en/plp/rent/apartment-for-rent-muharraq-governorate-galali-55832000.html,2026-08-04T21:18:19.994716+00:00,2026-09-06T22:04:05.740274+00:00,33,2026-09-06T22:04:05.740274+00:00
2026-09-07,removed,55832005,,,Shop,Shop offices for rent in Gudaibiyah...,450.0,,,,BHD,monthly,,,,,,,,,,,26.218677520751953,50.59382247924805,,,,Ali  Alnoaimi,,NO,,,,,https://www.propertyfinder.bh/en/plp/commercial-rent/shop-for-rent-capital-governorate-manama-gudaibiya-55832005.html,2026-08-04T21:18:19.994716+00:00,2026-09-06T22:04:05.740274+00:00,33,2026-09-06T22:04:05.740274+00:00
2026-09-07,removed,55832046,,,Villa,Near the sea | Residential | Quiet location,550.0,,,,BHD,monthly,,,,,,,,,,,26.22623634338379,50.49492263793945,,,,Al Lagoon Real Estate ,,NO,,,,,https://www.propertyfinder.bh/en/plp/rent/villa-for-rent-northern-governorate-jannusan-55832046.html,2026-08-04T21:18:19.994716+00:00,2026-09-06T22:04:05.740274+00:00,33,2026-09-06T22:04:05.740274+00:00
2026-09-07,removed,55832083,,,Apartment,MODERN | 1 BEDROOM | HOUSE KEEPING | ZINJ,350.0,,,,BHD,monthly,,,,,,,,,,,26.2102108001709,50.56403350830078,,,,Julius Sibal,,YES,,,,,https://www.propertyfinder.bh/en/plp/rent/apartment-for-rent-capital-governorate-manama-zinj-55832083.html,2026-08-04T21:18:19.994716+00:00,2026-09-06T22:04:05.740274+00:00,33,2026-09-06T22:04:05.740274+00:00
2026-09-07,removed,55832094,,,Apartment,Apartments for rent in Jidhaf Al Haj,120.0,,,,BHD,monthly,,,,,,,,,,,26.234378814697266,50.50168228149414,,,,Sayed Sadeq Jaafar,,PARTLY,,,,,https://www.propertyfinder.bh/en/plp/rent/apartment-for-rent-northern-governorate-jid-al-haj-55832094.html,2026-08-04T21:18:19.994716+00:00,2026-09-06T22:04:05.740274+00:00,33,2026-09-06T22:04:05.740274+00:00
2026-09-07,removed,55832141,,,Warehouse,Tubli Storage Units –Storage Only-No Commercial CR,300.0,,,,BHD,monthly,,,,,,,,,,,26.188888549804688,50.54999923706055,,,,Sayed Sadeq Jaafar,,NO,,,,,https://www.propertyfinder.bh/en/plp/commercial-rent/warehouse-for-rent-central-governorate-tubli-55832141.html,2026-08-04T21:18:19.994716+00:00,2026-09-06T22:04:05.740274+00:00,33,2026-09-06T22:04:05.740274+00:00
2026-09-07,removed,55832186,,,Office Space,Premium Office Spaces for Rent in a Brand-New Buil,360.0,,,,BHD,monthly,,,,,,,,,,,26.188888549804688,50.54999923706055,,,,Sayed Sadeq Jaafar,,PARTLY,,,,,https://www.propertyfinder.bh/en/plp/commercial-rent/office-space-for-rent-central-governorate-tubli-55832186.html,2026-08-04T21:18:19.994716+00:00,2026-09-06T22:04:05.740274+00:00,33,2026-09-06T22:04:05.740274+00:00
2026-09-07,removed,55832205,,,Apartment,SPACIOUS | 3 BEDROOMS | HOUSE KEEPING | ZINJ,550.0,,,,BHD,monthly,,,,,,,,,,,26.2102108001709,50.56403350830078,,,,Julius Sibal,,YES,,,,,https://www.propertyfinder.bh/en/plp/rent/apartment-for-rent-capital-governorate-manama-zinj-55832205.html,2026-08-04T21:18:19.994716+00:00,2026-09-06T22:04:05.740274+00:00,33,2026-09-06T22:04:05.740274+00:00
2026-09-07,removed,55832294,,,Apartment,Unlimited EWA | 2 BHK | Balcony | Closed Kitche,280.0,,,,BHD,monthly,,,,,,,,,,,26.21263313293457,50.67418670654297,,,,Abu Bakar Siddque,,PARTLY,,,,,https://www.propertyfinder.bh/en/plp/rent/apartment-for-rent-muharraq-governorate-hidd-55832294.html,2026-08-04T21:18:19.994716+00:00,2026-09-06T22:04:05.740274+00:00,33,2026-09-06T22:04:05.740274+00:00
2026-09-07,removed,55832316,,,Apartment,clean 2 Bedroom for rent in Jidd Ali,180.0,,,,BHD,monthly,,,,,,,,,,,26.179166793823242,50.56222152709961,,,,Husain  Sadeq,,NO,,,,,https://www.propertyfinder.bh/en/plp/rent/apartment-for-rent-central-governorate-jid-ali-55832316.html,2026-08-04T21:18:19.994716+00:00,2026-09-06T22:04:05.740274+00:00,33,2026-09-06T22:04:05.740274+00:00
2026-09-07,removed,55832322,,,Villa,Luxury villa for rent in Busaiteen|Maid room,800.0,,,,BHD,monthly,,,,,,,,,,,26.27199935913086,50.60900115966797,,,,Nayla Tabussam,,PARTLY,,,,,https://www.propertyfinder.bh/en/plp/rent/villa-for-rent-muharraq-governorate-busaiteen-55832322.html,2026-08-04T21:18:19.994716+00:00,2026-09-06T22:04:05.740274+00:00,33,2026-09-06T22:04:05.740274+00:00
2026-09-07,removed,55832340,,,Shop,Premium Mezzanine Retail Shops for Rent in a Brand,500.0,,,,BHD,monthly,,,,,,,,,,,26.188888549804688,50.54999923706055,,,,Sayed Sadeq Jaafar,,NO,,,,,https://www.propertyfinder.bh/en/plp/commercial-rent/shop-for-rent-central-governorate-tubli-55832340.html,2026-08-04T21:18:19.994716+00:00,2026-09-06T22:04:05.740274+00:00,33,2026-09-06T22:04:05.740274+00:00
2026-09-07,removed,55832343,,,Apartment,Apartments for rent in Busaiteen,400.0,,,,BHD,monthly,,,,,,,,,,,26.27199935913086,50.60900115966797,,,,Sayed Hashem Hasan,,PARTLY,,,,,https://www.propertyfinder.bh/en/plp/rent/apartment-for-rent-muharraq-governorate-busaiteen-55832343.html,2026-08-04T21:18:19.994716+00:00,2026-09-06T22:04:05.740274+00:00,33,2026-09-06T22:04:05.740274+00:00
2026-09-07,removed,55832346,,,Apartment,FF Hilton Hotel Sea view,300.0,,,,BHD,monthly,,,,,,,,,,,26.211111068725586,50.601112365722656,,,,Tariq Osman,,YES,,,,,https://www.propertyfinder.bh/en/plp/rent/apartment-for-rent-capital-governorate-al-juffair-55832346.html,2026-08-04T21:18:19.994716+00:00,2026-09-06T22:04:05.740274+00:00,33,2026-09-06T22:04:05.740274+00:00
2026-09-07,removed,55832350,,,Apartment,MODERN | 3 BEDROOMS | INTERNET | FACILITIES | ZINJ,550.0,,,,BHD,monthly,,,,,,,,,,,26.2102108001709,50.56403350830078,,,,Julius Sibal,,YES,,,,,https://www.propertyfinder.bh/en/plp/rent/apartment-for-rent-capital-governorate-manama-zinj-55832350.html,2026-08-04T21:18:19.994716+00:00,2026-09-06T22:04:05.740274+00:00,33,2026-09-06T22:04:05.740274+00:00
2026-09-07,removed,55832385,,,Apartment,Luxury One-Bedroom Apartment for Rent in Maqaba,180.0,,,,BHD,monthly,,,,,,,,,,,26.21023941040039,50.49468231201172,,,,Sayed Sadeq Jaafar,,PARTLY,,,,,https://www.propertyfinder.bh/en/plp/rent/apartment-for-rent-northern-governorate-maqabah-55832385.html,2026-08-04T21:18:19.994716+00:00,2026-09-06T22:04:05.740274+00:00,33,2026-09-06T22:04:05.740274+00:00
2026-09-07,removed,55832403,,,Shop,Shop offices for rent in Gudaibiyah...,500.0,,,,BHD,monthly,,,,,,,,,,,26.218677520751953,50.59382247924805,,,,Sayed Hashem Hasan,,NO,,,,,https://www.propertyfinder.bh/en/plp/commercial-rent/shop-for-rent-capital-governorate-manama-gudaibiya-55832403.html,2026-08-04T21:18:19.994716+00:00,2026-09-06T22:04:05.740274+00:00,33,2026-09-06T22:04:05.740274+00:00
2026-09-07,removed,55832409,,,Apartment,Affordable price| 2 BHK| Family Area|Lift,160.0,,,,BHD,monthly,,,,,,,,Salihiya,,,26.216516494750977,50.560699462890625,,,,Nayla Tabussam,,NO,,,,,https://www.propertyfinder.bh/en/plp/rent/apartment-for-rent-capital-governorate-manama-salihiya-55832409.html,2026-08-04T21:18:19.994716+00:00,2026-09-06T22:04:05.740274+00:00,33,2026-09-06T22:04:05.740274+00:00
2026-09-07,removed,55832436,,,Apartment,Luxury 1 BHK with All Amenities|City View|internet,350.0,,,,BHD,monthly,,,,,,,,Sanabis,,,26.226558685302734,50.5459098815918,,,,Nayla Tabussam,,YES,,,,,https://www.propertyfinder.bh/en/plp/rent/apartment-for-rent-capital-governorate-manama-sanabis-55832436.html,2026-08-04T21:18:19.994716+00:00,2026-09-06T22:04:05.740274+00:00,33,2026-09-06T22:04:05.740274+00:00
2026-09-07,removed,55832498,,,Apartment,LUXURY SEA VIEW UNIT | PRIVATE BEACH | MAID ROOM,650.0,,,,BHD,monthly,,,,,,,,Amwaj Avenue,,,26.29302978515625,50.66474151611328,,,,Muhammad Sachal Khan Niazi,,YES,,,,,https://www.propertyfinder.bh/en/plp/rent/apartment-for-rent-muharraq-governorate-amwaj-islands-amwaj-avenue-55832498.html,2026-08-04T21:18:19.994716+00:00,2026-09-06T22:04:05.740274+00:00,33,2026-09-06T22:04:05.740274+00:00
2026-09-07,removed,55832535,,,Office Space,Luxury Offices for Rent in Seef,450.0,,,,BHD,monthly,,,,,,,,,,,26.239999771118164,50.5369987487793,,,,Sayed Sadeq Jaafar,,PARTLY,,,,,https://www.propertyfinder.bh/en/plp/commercial-rent/office-space-for-rent-capital-governorate-seef-55832535.html,2026-08-04T21:18:19.994716+00:00,2026-09-06T22:04:05.740274+00:00,33,2026-09-06T22:04:05.740274+00:00
2026-09-07,removed,55861230,,,Apartment,Off-Plan|Investment Opportunity|Luxury Life Style,100000.0,,,,BHD,sell,,,,,,,,Marina Residence,,,26.294925689697266,50.65987014770508,,,,Ahmad Hassan,,PARTLY,off_plan_primary,,,,https://www.propertyfinder.bh/en/plp/buy/apartment-for-sale-capital-governorate-manama-marina-residence-55861230.html,2026-08-05T21:21:28.553228+00:00,2026-09-06T22:04:05.740274+00:00,32,2026-09-06T22:04:05.740274+00:00
2026-09-07,removed,55861969,,,Apartment,BEACH ACCESS | MODERN | NEXT TO MALL | SPACIOUS,550.0,,,,BHD,monthly,,,,,,,,Diyar Al Muharraq,,,26.303447723388672,50.6461296081543,,,,Dulce Sevilla,,YES,,,,,https://www.propertyfinder.bh/en/plp/rent/apartment-for-rent-muharraq-governorate-diyar-al-muharraq-marassi-al-bahrain-55861969.html,2026-08-05T21:21:28.553228+00:00,2026-09-06T22:04:05.740274+00:00,32,2026-09-06T22:04:05.740274+00:00
2026-09-07,removed,55920833,,,Apartment,FULLY FURNISHED | SPACIOUS 1BR | PRIME SEEF,450.0,,,,BHD,monthly,,,,,,,,,,,26.239999771118164,50.5369987487793,,,,Farhan Tariq,,YES,,,,,https://www.propertyfinder.bh/en/plp/rent/apartment-for-rent-capital-governorate-seef-55920833.html,2026-08-07T00:55:25.755875+00:00,2026-09-06T22:04:05.740274+00:00,30,2026-09-06T22:04:05.740274+00:00
2026-09-07,removed,55920834,,,Villa,LUXURIOUS SEA VIEW VILLA | PRIVATE BEACH & POOL,2000.0,,,,BHD,monthly,,,,,,,,Durrat Marina,,,25.860807418823242,50.604957580566406,,,,Farhan Tariq,,YES,,,,,https://www.propertyfinder.bh/en/plp/rent/villa-for-rent-southern-governorate-durrat-al-bahrain-durrat-marina-55920834.html,2026-08-07T00:55:25.755875+00:00,2026-09-06T22:04:05.740274+00:00,30,2026-09-06T22:04:05.740274+00:00
2026-09-07,removed,55920835,,,Apartment,EXTENDED BALCONY | STRONG RETURNS | PRIME ASSET,100000.0,,,,BHD,sell,,,,,,,,,,,26.239999771118164,50.5369987487793,,,,Farhan Tariq,,YES,completed,,,,https://www.propertyfinder.bh/en/plp/buy/apartment-for-sale-capital-governorate-seef-55920835.html,2026-08-07T00:55:25.755875+00:00,2026-09-06T22:04:05.740274+00:00,30,2026-09-06T22:04:05.740274+00:00
2026-09-07,removed,55920836,,,Apartment,BALCONY LIVING | URBAN SKYLINE | LUXURY TOWER,420.0,,,,BHD,monthly,,,,,,,,Diyar Al Muharraq,,,26.303447723388672,50.6461296081543,,,,Farhan Tariq,,YES,,,,,https://www.propertyfinder.bh/en/plp/rent/apartment-for-rent-muharraq-governorate-diyar-al-muharraq-marassi-al-bahrain-55920836.html,2026-08-07T00:55:25.755875+00:00,2026-09-06T22:04:05.740274+00:00,30,2026-09-06T22:04:05.740274+00:00
2026-09-07,removed,55920838,,,Apartment,ELEGANT SPACE | MODERN COMFORT | WATER VISTA,330.0,,,,BHD,monthly,,,,,,,,Bahrain Financial Harbour,,,26.23778533935547,50.57342529296875,,,,Farhan Tariq,,YES,,,,,https://www.propertyfinder.bh/en/plp/rent/apartment-for-rent-capital-governorate-manama-bahrain-financial-harbour-55920838.html,2026-08-07T00:55:25.755875+00:00,2026-09-06T22:04:05.740274+00:00,30,2026-09-06T22:04:05.740274+00:00
2026-09-07,removed,55921080,,,Apartment,Sea View - like New - Prime Highway Location,400.0,,,,BHD,monthly,,,,,,,,,,,26.21263313293457,50.67418670654297,,,,Rawan Abdulwadood,,YES,,,,,https://www.propertyfinder.bh/en/plp/rent/apartment-for-rent-muharraq-governorate-hidd-55921080.html,2026-08-07T20:49:47.978725+00:00,2026-09-06T22:04:05.740274+00:00,30,2026-09-06T22:04:05.740274+00:00
2026-09-07,removed,55921306,,,Apartment,DUPLEX SEA VIEW 1BR | Inclusive | Pool and GYM,400.0,,,,BHD,monthly,,,,,,,,,,,26.211111068725586,50.601112365722656,,,,Zsuzsanna Gecse,,YES,,,,,https://www.propertyfinder.bh/en/plp/rent/apartment-for-rent-capital-governorate-al-juffair-55921306.html,2026-08-07T20:49:47.978725+00:00,2026-09-06T22:04:05.740274+00:00,30,2026-09-06T22:04:05.740274+00:00
2026-09-07,removed,55921342,,,Villa,Great 4BR Compound Villa in Jasra,850.0,,,,BHD,monthly,,,,,,,,,,,26.166685104370117,50.45078659057617,,,,Chai Choon Fa Newman,,PARTLY,,,,,https://www.propertyfinder.bh/en/plp/rent/villa-for-rent-northern-governorate-al-jasra-55921342.html,2026-08-07T20:49:47.978725+00:00,2026-09-06T22:04:05.740274+00:00,30,2026-09-06T22:04:05.740274+00:00
2026-09-07,removed,55921629,,,Apartment,Balcony / Inclusive / Bright / Spacious / HM,210.0,,,,BHD,monthly,,,,,,,,,,,26.188888549804688,50.54999923706055,,,,Nayla Tabussam,,YES,,,,,https://www.propertyfinder.bh/en/plp/rent/apartment-for-rent-central-governorate-tubli-55921629.html,2026-08-07T20:49:47.978725+00:00,2026-09-06T22:04:05.740274+00:00,30,2026-09-06T22:04:05.740274+00:00
2026-09-07,removed,55921643,,,Apartment,Inclusive / Budget Friendly / Bright / HM,180.0,,,,BHD,monthly,,,,,,,,,,,26.188888549804688,50.54999923706055,,,,Nayla Tabussam,,NO,,,,,https://www.propertyfinder.bh/en/plp/rent/apartment-for-rent-central-governorate-tubli-55921643.html,2026-08-07T20:49:47.978725+00:00,2026-09-06T22:04:05.740274+00:00,30,2026-09-06T22:04:05.740274+00:00
2026-09-07,removed,55922061,,,Apartment,Breath Taking Brand New 1BR Apt with Balcony,275.0,,,,BHD,monthly,,,,,,,,,,,26.207910537719727,50.587345123291016,,,,Aby N,,PARTLY,,,,,https://www.propertyfinder.bh/en/plp/rent/apartment-for-rent-capital-governorate-manama-mahooz-55922061.html,2026-08-07T20:49:47.978725+00:00,2026-09-06T22:04:05.740274+00:00,30,2026-09-06T22:04:05.740274+00:00
2026-09-07,removed,55949459,,,Apartment,Modern | Spacious | Bright | Balcony |Housekeeping,450.0,,,,BHD,monthly,,,,,,,,,,,26.211111068725586,50.601112365722656,,,,Aileen Camarillo,,YES,,,,,https://www.propertyfinder.bh/en/plp/rent/apartment-for-rent-capital-governorate-al-juffair-55949459.html,2026-08-08T20:37:26.992750+00:00,2026-09-06T22:04:05.740274+00:00,29,2026-09-06T22:04:05.740274+00:00
2026-09-07,removed,55949461,,,Apartment,Housekeeping | Balcony | Jacuzzi | Cinema | Modern,500.0,,,,BHD,monthly,,,,,,,,,,,26.211111068725586,50.601112365722656,,,,Aileen Camarillo,,YES,,,,,https://www.propertyfinder.bh/en/plp/rent/apartment-for-rent-capital-governorate-al-juffair-55949461.html,2026-08-08T20:37:26.992750+00:00,2026-09-06T22:04:05.740274+00:00,29,2026-09-06T22:04:05.740274+00:00
2026-09-07,removed,55949464,,,Apartment,Modern |Bright |Spacious | Housekeeping | Security,350.0,,,,BHD,monthly,,,,,,,,,,,26.211111068725586,50.601112365722656,,,,Aileen Camarillo,,YES,,,,,https://www.propertyfinder.bh/en/plp/rent/apartment-for-rent-capital-governorate-al-juffair-55949464.html,2026-08-08T20:37:26.992750+00:00,2026-09-06T22:04:05.740274+00:00,29,2026-09-06T22:04:05.740274+00:00
2026-09-07,removed,55949466,,,Apartment,Housekeeping | Closed Kitchen | Jacuzzi | Modern |,400.0,,,,BHD,monthly,,,,,,,,,,,26.211111068725586,50.601112365722656,,,,Aileen Camarillo,,YES,,,,,https://www.propertyfinder.bh/en/plp/rent/apartment-for-rent-capital-governorate-al-juffair-55949466.html,2026-08-08T20:37:26.992750+00:00,2026-09-06T22:04:05.740274+00:00,29,2026-09-06T22:04:05.740274+00:00
2026-09-07,removed,55949468,,,Apartment,Sea View | Maids Room | Internet |Spacious |Modern,475.0,,,,BHD,monthly,,,,,,,,,,,26.211111068725586,50.601112365722656,,,,Aileen Camarillo,,YES,,,,,https://www.propertyfinder.bh/en/plp/rent/apartment-for-rent-capital-governorate-al-juffair-55949468.html,2026-08-08T20:37:26.992750+00:00,2026-09-06T22:04:05.740274+00:00,29,2026-09-06T22:04:05.740274+00:00
2026-09-07,removed,55949469,,,Apartment,Cinema | Modern | Spacious | Bright | Housekeeping,350.0,,,,BHD,monthly,,,,,,,,,,,26.211111068725586,50.601112365722656,,,,Aileen Camarillo,,YES,,,,,https://www.propertyfinder.bh/en/plp/rent/apartment-for-rent-capital-governorate-al-juffair-55949469.html,2026-08-08T20:37:26.992750+00:00,2026-09-06T22:04:05.740274+00:00,29,2026-09-06T22:04:05.740274+00:00
2026-09-07,removed,55949470,,,Apartment,Spacious | Modern | Bright | Housekeeping|Internet,550.0,,,,BHD,monthly,,,,,,,,,,,26.211111068725586,50.601112365722656,,,,Aileen Camarillo,,YES,,,,,https://www.propertyfinder.bh/en/plp/rent/apartment-for-rent-capital-governorate-al-juffair-55949470.html,2026-08-08T20:37:26.992750+00:00,2026-09-06T22:04:05.740274+00:00,29,2026-09-06T22:04:05.740274+00:00
2026-09-07,removed,55949576,,,Apartment,DIRECT BEACH ACCESS | TERRACE | HIGHFLOOR,600.0,,,,BHD,monthly,,,,,,,,Diyar Al Muharraq,,,26.303447723388672,50.6461296081543,,,,Wilfred Pagalan,,YES,,,,,https://www.propertyfinder.bh/en/plp/rent/apartment-for-rent-muharraq-governorate-diyar-al-muharraq-marassi-al-bahrain-55949576.html,2026-08-08T20:37:26.992750+00:00,2026-09-06T22:04:05.740274+00:00,29,2026-09-06T22:04:05.740274+00:00
2026-09-07,removed,55949594,,,Apartment,BRAND NEW | BEACH ACCESS | BIG BALCONY | NICE VIEW,1300.0,,,,BHD,monthly,,,,,,,,Diyar Al Muharraq,,,26.303447723388672,50.6461296081543,,,,Wilfred Pagalan,,YES,,,,,https://www.propertyfinder.bh/en/plp/rent/apartment-for-rent-muharraq-governorate-diyar-al-muharraq-marassi-al-bahrain-55949594.html,2026-08-08T20:37:26.992750+00:00,2026-09-06T22:04:05.740274+00:00,29,2026-09-06T22:04:05.740274+00:00
2026-09-07,removed,55949608,,,Apartment,Sea View | Housekeeping | Modern,550.0,,,,BHD,monthly,,,,,,,,,,,26.239999771118164,50.5369987487793,,,,Charisse Villaruz,,YES,,,,,https://www.propertyfinder.bh/en/plp/rent/apartment-for-rent-capital-governorate-seef-55949608.html,2026-08-08T20:37:26.992750+00:00,2026-09-06T22:04:05.740274+00:00,29,2026-09-06T22:04:05.740274+00:00
2026-09-07,removed,55949613,,,Apartment,SPACIOUS | CLOSE KITCHEN | FULLY FURNISHED,230.0,,,,BHD,monthly,,,,,,,,,,,26.21672821044922,50.55367660522461,,,,Imad Hasan,,YES,,,,,https://www.propertyfinder.bh/en/plp/rent/apartment-for-rent-capital-governorate-manama-al-burhama-55949613.html,2026-08-08T20:37:26.992750+00:00,2026-09-06T22:04:05.740274+00:00,29,2026-09-06T22:04:05.740274+00:00
2026-09-07,removed,55949686,,,Apartment,Sea View | Spacious | Housekeeping | Modern,460.0,,,,BHD,monthly,,,,,,,,,,,26.239999771118164,50.5369987487793,,,,Charisse Villaruz,,YES,,,,,https://www.propertyfinder.bh/en/plp/rent/apartment-for-rent-capital-governorate-seef-55949686.html,2026-08-08T20:37:26.992750+00:00,2026-09-06T22:04:05.740274+00:00,29,2026-09-06T22:04:05.740274+00:00
2026-09-07,removed,55949730,,,Apartment,Spacious | Sea-View | Housekeeping,550.0,,,,BHD,monthly,,,,,,,,,,,26.239999771118164,50.5369987487793,,,,Charisse Villaruz,,YES,,,,,https://www.propertyfinder.bh/en/plp/rent/apartment-for-rent-capital-governorate-seef-55949730.html,2026-08-08T20:37:26.992750+00:00,2026-09-06T22:04:05.740274+00:00,29,2026-09-06T22:04:05.740274+00:00
2026-09-07,removed,55949948,,,Apartment,ROI | Golden Residency | Modern Interior |Sea View,53000.0,,,,BHD,sell,,,,,,,,,,,26.27286720275879,50.672889709472656,,,,Charisse Villaruz,,YES,completed,,,,https://www.propertyfinder.bh/en/plp/buy/apartment-for-sale-muharraq-governorate-dilmunia-island-55949948.html,2026-08-08T20:37:26.992750+00:00,2026-09-06T22:04:05.740274+00:00,29,2026-09-06T22:04:05.740274+00:00
2026-09-07,removed,55950160,,,Apartment,LUXURIOUS - ELEGANT - NAVY APPROVED | BRIGHT,1450.0,,,,BHD,monthly,,,,,,,,The Lagoon,,,26.287778854370117,50.66339111328125,,,,Wilfred Pagalan,,YES,,,,,https://www.propertyfinder.bh/en/plp/rent/apartment-for-rent-muharraq-governorate-amwaj-islands-the-lagoon-55950160.html,2026-08-08T20:37:26.992750+00:00,2026-09-06T22:04:05.740274+00:00,29,2026-09-06T22:04:05.740274+00:00
2026-09-07,removed,55978476,,,Apartment,"High roof, sea view",160000.0,,,,BHD,sell,,,,,,,,,,,26.241750717163086,50.5663948059082,,,,Mohamed Mirza,,YES,completed,,,,https://www.propertyfinder.bh/en/plp/buy/apartment-for-sale-capital-governorate-reef-island-55978476.html,2026-08-09T20:40:10.613404+00:00,2026-09-06T22:04:05.740274+00:00,28,2026-09-06T22:04:05.740274+00:00
2026-09-07,removed,55978983,,,Apartment,3 EN SUITE | SPACIOUS AND BRIGHT | INCLUSIVE |,700.0,,,,BHD,monthly,,,,,,,,,,,26.239999771118164,50.5369987487793,,,,Anza Khurram,,YES,,,,,https://www.propertyfinder.bh/en/plp/rent/apartment-for-rent-capital-governorate-seef-55978983.html,2026-08-09T20:40:10.613404+00:00,2026-09-06T22:04:05.740274+00:00,28,2026-09-06T22:04:05.740274+00:00
2026-09-07,removed,55979532,,,Apartment,Luxurious | High Floor | Reef Island View,1250.0,,,,BHD,monthly,,,,,,,,,,,26.239999771118164,50.5369987487793,,,, Mohamad Jamal,,YES,,,,,https://www.propertyfinder.bh/en/plp/rent/apartment-for-rent-capital-governorate-seef-55979532.html,2026-08-09T20:40:10.613404+00:00,2026-09-06T22:04:05.740274+00:00,28,2026-09-06T22:04:05.740274+00:00
2026-09-07,removed,55979564,,,Land,Close to McDonald and Hamad Town,99411.0,,,,BHD,sell,,,,,,,,,,,26.100860595703125,50.48801040649414,,,,Mohamed Mirza,,,,,,,https://www.propertyfinder.bh/en/plp/buy/land-for-sale-northern-governorate-malkiyah-55979564.html,2026-08-09T20:40:10.613404+00:00,2026-09-06T22:04:05.740274+00:00,28,2026-09-06T22:04:05.740274+00:00
2026-09-07,removed,55979751,,,Apartment,1 BR Furnished Apartment with Housekeeping,600.0,,,,BHD,monthly,,,,,,,,,,,26.239999771118164,50.5369987487793,,,, Mohamad Jamal,,YES,,,,,https://www.propertyfinder.bh/en/plp/rent/apartment-for-rent-capital-governorate-seef-55979751.html,2026-08-09T20:40:10.613404+00:00,2026-09-06T22:04:05.740274+00:00,28,2026-09-06T22:04:05.740274+00:00
2026-09-07,removed,56008313,,,Apartment,Direct Mall Access | Beach Access | Balcony,370.0,,,,BHD,monthly,,,,,,,,Diyar Al Muharraq,Marassi Residences,,26.303447723388672,50.6461296081543,,,,Mohamed Jamal,,YES,,,,,https://www.propertyfinder.bh/en/plp/rent/apartment-for-rent-muharraq-governorate-diyar-al-muharraq-marassi-residences-56008313.html,2026-08-10T20:51:18.479280+00:00,2026-09-06T22:04:05.740274+00:00,27,2026-09-06T22:04:05.740274+00:00
2026-09-07,removed,56008417,,,Apartment,Direct Mall Access | Beach Access | Balcony,370.0,,,,BHD,monthly,,,,,,,,Diyar Al Muharraq,,,26.303447723388672,50.6461296081543,,,,Mohamed Jamal,,YES,,,,,https://www.propertyfinder.bh/en/plp/rent/apartment-for-rent-muharraq-governorate-diyar-al-muharraq-marassi-al-bahrain-56008417.html,2026-08-10T20:51:18.479280+00:00,2026-09-06T22:04:05.740274+00:00,27,2026-09-06T22:04:05.740274+00:00
2026-09-07,removed,56038224,,,Apartment,Brand new - Majlis - Hall - 3 Room- Accept TASHEEL,64500.0,,,,BHD,sell,,,,,,,,,,,26.21263313293457,50.67418670654297,,,,Odai Ajamieh,,PARTLY,completed_primary,,,,https://www.propertyfinder.bh/en/plp/buy/apartment-for-sale-muharraq-governorate-hidd-56038224.html,2026-08-11T20:53:57.097427+00:00,2026-09-06T22:04:05.740274+00:00,26,2026-09-06T22:04:05.740274+00:00
2026-09-07,removed,56067452,,,Apartment,Luxurious|Bright 2BR Near Capital School|Balcony,450.0,,,,BHD,monthly,,,,,,,,Saraya 2,,,26.19185447692871,50.509178161621094,,,,Alma Pepito,,YES,,,,,https://www.propertyfinder.bh/en/plp/rent/apartment-for-rent-northern-governorate-bu-quwah-saraya-2-56067452.html,2026-08-12T20:53:13.944971+00:00,2026-09-06T22:04:05.740274+00:00,25,2026-09-06T22:04:05.740274+00:00
2026-09-07,removed,56095940,,,Apartment,▐ AMAZING OFFER▐ ONE BED 260BD▐ JUFFAIR▐,260.0,,,,BHD,monthly,,,,,,,,,,,26.211111068725586,50.601112365722656,,,,Thantana Real Estate,,YES,,,,,https://www.propertyfinder.bh/en/plp/rent/apartment-for-rent-capital-governorate-al-juffair-56095940.html,2026-08-13T20:51:34.764467+00:00,2026-09-06T22:04:05.740274+00:00,24,2026-09-06T22:04:05.740274+00:00
2026-09-07,removed,56096881,,,Villa,SEA VIEW-PRIVATE POOL AND GARDEN-NEAR MACDONALD,2400.0,,,,BHD,monthly,,,,,,,,,,,26.188888549804688,50.54999923706055,,,,Alice Wanjiru,,PARTLY,,,,,https://www.propertyfinder.bh/en/plp/rent/villa-for-rent-central-governorate-tubli-56096881.html,2026-08-13T20:51:34.764467+00:00,2026-09-06T22:04:05.740274+00:00,24,2026-09-06T22:04:05.740274+00:00
2026-09-07,removed,56124982,,,Villa,Builtup 307 sqm,110000.0,,,,BHD,sell,,,,,,,,,,,26.113693237304688,50.48170471191406,,,,Mohamed Mirza,,NO,completed_primary,,,,https://www.propertyfinder.bh/en/plp/buy/villa-for-sale-northern-governorate-karzakkan-56124982.html,2026-08-14T20:37:52.052197+00:00,2026-09-06T22:04:05.740274+00:00,23,2026-09-06T22:04:05.740274+00:00
2026-09-07,removed,56125010,,,Villa,"4 bedrooms, land size 220",125000.0,,,,BHD,sell,,,,,,,,,,,26.100860595703125,50.48801040649414,,,,Mohamed Mirza,,NO,completed_primary,,,,https://www.propertyfinder.bh/en/plp/buy/villa-for-sale-northern-governorate-malkiyah-56125010.html,2026-08-14T20:37:52.052197+00:00,2026-09-06T22:04:05.740274+00:00,23,2026-09-06T22:04:05.740274+00:00
2026-09-07,removed,56125023,,,Villa,4 bedrooms + maid room,126000.0,,,,BHD,sell,,,,,,,,,,,26.100860595703125,50.48801040649414,,,,Mohamed Mirza,,NO,completed_primary,,,,https://www.propertyfinder.bh/en/plp/buy/villa-for-sale-northern-governorate-malkiyah-56125023.html,2026-08-14T20:37:52.052197+00:00,2026-09-06T22:04:05.740274+00:00,23,2026-09-06T22:04:05.740274+00:00
2026-09-07,removed,56125038,,,Villa,"4 bedrooms, builtup 283",113000.0,,,,BHD,sell,,,,,,,,,,,26.08335304260254,50.48234558105469,,,,Mohamed Mirza,,NO,completed,,,,https://www.propertyfinder.bh/en/plp/buy/villa-for-sale-northern-governorate-sadad-56125038.html,2026-08-14T20:37:52.052197+00:00,2026-09-06T22:04:05.740274+00:00,23,2026-09-06T22:04:05.740274+00:00
2026-09-07,removed,56125222,,,Land,3 plots available next to each other,49500.0,,,,BHD,sell,,,,,,,,,,,26.140336990356445,50.478271484375,,,,Mohamed Mirza,,,,,,,https://www.propertyfinder.bh/en/plp/buy/land-for-sale-northern-governorate-hamala-56125222.html,2026-08-14T20:37:52.052197+00:00,2026-09-06T22:04:05.740274+00:00,23,2026-09-06T22:04:05.740274+00:00
2026-09-07,removed,56125438,,,Villa,Close to roundabout 18,130000.0,,,,BHD,sell,,,,,,,,,,,26.08335304260254,50.48234558105469,,,,Mohamed Mirza,,NO,completed_primary,,,,https://www.propertyfinder.bh/en/plp/buy/villa-for-sale-northern-governorate-sadad-56125438.html,2026-08-14T20:37:52.052197+00:00,2026-09-06T22:04:05.740274+00:00,23,2026-09-06T22:04:05.740274+00:00
2026-09-07,removed,56153154,,,Villa,Best area in Hamala with asphalt roads,126000.0,,,,BHD,sell,,,,,,,,,,,26.140336990356445,50.478271484375,,,,Mohamed Mirza,,NO,completed_primary,,,,https://www.propertyfinder.bh/en/plp/buy/villa-for-sale-northern-governorate-hamala-56153154.html,2026-08-15T20:30:10.785226+00:00,2026-09-06T22:04:05.740274+00:00,22,2026-09-06T22:04:05.740274+00:00
2026-09-07,removed,56153627,,,Apartment,ELEGANT 3 BEDROOM CLOSED TO ST. CHRISTOPHER SCHOOL,430.0,,,,BHD,monthly,,,,,,,,,,,26.19164276123047,50.48757553100586,,,,Alma Pepito,,YES,,,,,https://www.propertyfinder.bh/en/plp/rent/apartment-for-rent-northern-governorate-saar-56153627.html,2026-08-15T20:30:10.785226+00:00,2026-09-06T22:04:05.740274+00:00,22,2026-09-06T22:04:05.740274+00:00
2026-09-07,removed,56153726,,,Villa,2 villas available next to each other,115000.0,,,,BHD,sell,,,,,,,,,,,26.123769760131836,50.469722747802734,,,,Mohamed Mirza,,NO,completed_primary,,,,https://www.propertyfinder.bh/en/plp/buy/villa-for-sale-northern-governorate-dumistan-56153726.html,2026-08-15T20:30:10.785226+00:00,2026-09-06T22:04:05.740274+00:00,22,2026-09-06T22:04:05.740274+00:00
2026-09-07,removed,56153727,,,Villa,Amazing sea view,117000.0,,,,BHD,sell,,,,,,,,,,,26.113693237304688,50.48170471191406,,,,Mohamed Mirza,,NO,completed_primary,,,,https://www.propertyfinder.bh/en/plp/buy/villa-for-sale-northern-governorate-karzakkan-56153727.html,2026-08-15T20:30:10.785226+00:00,2026-09-06T22:04:05.740274+00:00,22,2026-09-06T22:04:05.740274+00:00
2026-09-07,removed,56153921,,,Villa,"5 bedrooms, builtup 333 sqm",135000.0,,,,BHD,sell,,,,,,,,,,,26.100860595703125,50.48801040649414,,,,Mohamed Mirza,,NO,completed_primary,,,,https://www.propertyfinder.bh/en/plp/buy/villa-for-sale-northern-governorate-malkiyah-56153921.html,2026-08-15T20:30:10.785226+00:00,2026-09-06T22:04:05.740274+00:00,22,2026-09-06T22:04:05.740274+00:00
2026-09-07,removed,56154236,,,Land,Janayen alhamala corner land,89000.0,,,,BHD,sell,,,,,,,,,,,26.140336990356445,50.478271484375,,,,Mohamed Mirza,,,,,,,https://www.propertyfinder.bh/en/plp/buy/land-for-sale-northern-governorate-hamala-56154236.html,2026-08-15T20:30:10.785226+00:00,2026-09-06T22:04:05.740274+00:00,22,2026-09-06T22:04:05.740274+00:00
2026-09-07,removed,56154245,,,Land,11.9 sqm face great location,72000.0,,,,BHD,sell,,,,,,,,,,,26.140336990356445,50.478271484375,,,,Mohamed Mirza,,,,,,,https://www.propertyfinder.bh/en/plp/buy/land-for-sale-northern-governorate-hamala-56154245.html,2026-08-15T20:30:10.785226+00:00,2026-09-06T22:04:05.740274+00:00,22,2026-09-06T22:04:05.740274+00:00
2026-09-07,removed,56154257,,,Land,Behind Alawi mall,100000.0,,,,BHD,sell,,,,,,,,,,,26.133333206176758,50.599998474121094,,,,Mohamed Mirza,,,,,,,https://www.propertyfinder.bh/en/plp/buy/land-for-sale-central-governorate-nuwaidrat-56154257.html,2026-08-16T20:30:42.569281+00:00,2026-09-06T22:04:05.740274+00:00,21,2026-09-06T22:04:05.740274+00:00
2026-09-07,removed,56182410,,,Villa,Very little used,157000.0,,,,BHD,sell,,,,,,,,,,,26.08335304260254,50.48234558105469,,,,Mohamed Mirza,,NO,completed,,,,https://www.propertyfinder.bh/en/plp/buy/villa-for-sale-northern-governorate-sadad-56182410.html,2026-08-16T20:30:42.569281+00:00,2026-09-06T22:04:05.740274+00:00,21,2026-09-06T22:04:05.740274+00:00
2026-09-07,removed,56182976,,,Villa,"One floor, 2 roads",130000.0,,,,BHD,sell,,,,,,,,,,,26.1634578704834,50.515289306640625,,,,Mohamed Mirza,,NO,completed_primary,,,,https://www.propertyfinder.bh/en/plp/buy/villa-for-sale-central-governorate-a-ali-56182976.html,2026-08-16T20:30:42.569281+00:00,2026-09-06T22:04:05.740274+00:00,21,2026-09-06T22:04:05.740274+00:00
2026-09-07,removed,56239733,,,Apartment,Modern Style | Sea & City view | Maid room,520.0,,,,BHD,monthly,,,,,,,,,,,26.211111068725586,50.601112365722656,,,,Saeed Hamueh,,YES,,,,,https://www.propertyfinder.bh/en/plp/rent/apartment-for-rent-capital-governorate-al-juffair-56239733.html,2026-08-18T20:31:35.765281+00:00,2026-09-06T22:04:05.740274+00:00,19,2026-09-06T22:04:05.740274+00:00
2026-09-07,removed,56240502,,,Apartment,AMAZING FULL SEA VIEW | COZY | BEACH FRONT FLAT,600.0,,,,BHD,monthly,,,,,,,,Diyar Al Muharraq,,,26.303447723388672,50.6461296081543,,,,Conrad Albert Tope,,YES,,,,,https://www.propertyfinder.bh/en/plp/rent/apartment-for-rent-muharraq-governorate-diyar-al-muharraq-marassi-al-bahrain-56240502.html,2026-08-18T20:31:35.765281+00:00,2026-09-06T22:04:05.740274+00:00,19,2026-09-06T22:04:05.740274+00:00
2026-09-07,removed,56270509,,,Villa,Ready To Move|Private Pool|Garden Area|Spacious,790.0,,,,BHD,monthly,,,,,,,,,,,26.188888549804688,50.54999923706055,,,,Hazeeth,,PARTLY,,,,,https://www.propertyfinder.bh/en/plp/rent/villa-for-rent-central-governorate-tubli-56270509.html,2026-08-19T20:36:20.718393+00:00,2026-09-06T22:04:05.740274+00:00,18,2026-09-06T22:04:05.740274+00:00
2026-09-07,removed,56299324,,,Apartment,Spacious Layout | FREE WIFI | Hotel Style,380.0,,,,BHD,monthly,,,,,,,,,,,26.211111068725586,50.601112365722656,,,,Bilal Mohamed,,YES,,,,,https://www.propertyfinder.bh/en/plp/rent/apartment-for-rent-capital-governorate-al-juffair-56299324.html,2026-08-20T20:40:12.466755+00:00,2026-09-06T22:04:05.740274+00:00,17,2026-09-06T22:04:05.740274+00:00
2026-09-07,removed,56300355,,,Villa,Amazing price,106000.0,,,,BHD,sell,,,,,,,,,,,26.113693237304688,50.48170471191406,,,,Mohamed Mirza,,NO,completed_primary,,,,https://www.propertyfinder.bh/en/plp/buy/villa-for-sale-northern-governorate-karzakkan-56300355.html,2026-08-20T20:40:12.466755+00:00,2026-09-06T22:04:05.740274+00:00,17,2026-09-06T22:04:05.740274+00:00
2026-09-07,removed,56300513,,,Villa,4 bedrooms + 1 maid room,112000.0,,,,BHD,sell,,,,,,,,,,,26.140336990356445,50.478271484375,,,,Mohamed Mirza,,NO,completed_primary,,,,https://www.propertyfinder.bh/en/plp/buy/villa-for-sale-northern-governorate-hamala-56300513.html,2026-08-20T20:40:12.466755+00:00,2026-09-06T22:04:05.740274+00:00,17,2026-09-06T22:04:05.740274+00:00
2026-09-07,removed,56300609,,,Villa,"Round about 1, + maid room",129000.0,,,,BHD,sell,,,,,,,,,,,26.12916374206543,50.49860763549805,,,,Mohamed Mirza,,NO,completed_primary,,,,https://www.propertyfinder.bh/en/plp/buy/villa-for-sale-northern-governorate-hamad-town-56300609.html,2026-08-20T20:40:12.466755+00:00,2026-09-06T22:04:05.740274+00:00,17,2026-09-06T22:04:05.740274+00:00
2026-09-07,removed,56301418,,,Villa,Roundabout 4,118000.0,,,,BHD,sell,,,,,,,,,,,26.12916374206543,50.49860763549805,,,,Mohamed Mirza,,NO,completed,,,,https://www.propertyfinder.bh/en/plp/buy/villa-for-sale-northern-governorate-hamad-town-56301418.html,2026-08-20T20:40:12.466755+00:00,2026-09-06T22:04:05.740274+00:00,17,2026-09-06T22:04:05.740274+00:00
2026-09-07,removed,56361162,,,Villa,MASSIVE 5BHK | LUXURY VILLA | NEWLY RENOVATED,3000.0,,,,BHD,monthly,,,,,,,,,,,26.19164276123047,50.48757553100586,,,,Yumna Awad,,PARTLY,,,,,https://www.propertyfinder.bh/en/plp/rent/villa-for-rent-northern-governorate-saar-56361162.html,2026-08-22T20:31:02.398311+00:00,2026-09-06T22:04:05.740274+00:00,15,2026-09-06T22:04:05.740274+00:00
2026-09-07,removed,56392002,,,Apartment,Limited Unit|Bright-Modern|Spacious|Balcony|Studio,240.0,,,,BHD,monthly,,,,,,,,,,,26.211111068725586,50.601112365722656,,,,Hazeeth,,YES,,,,,https://www.propertyfinder.bh/en/plp/rent/apartment-for-rent-capital-governorate-al-juffair-56392002.html,2026-08-23T20:31:12.189274+00:00,2026-09-06T22:04:05.740274+00:00,14,2026-09-06T22:04:05.740274+00:00
2026-09-07,removed,56392548,,,Apartment,Modern | Bright | City View | Balcony,350.0,,,,BHD,monthly,,,,,,,,,,,26.239999771118164,50.5369987487793,,,, Mohamad Jamal,,YES,,,,,https://www.propertyfinder.bh/en/plp/rent/apartment-for-rent-capital-governorate-seef-56392548.html,2026-08-23T20:31:12.189274+00:00,2026-09-06T22:04:05.740274+00:00,14,2026-09-06T22:04:05.740274+00:00
2026-09-07,removed,56392690,,,Apartment,HOT CAKE 225 BD MODERN┃5 * FACILITIES┃SPACIOUS┃NEW,225.0,,,,BHD,monthly,,,,,,,,,,,26.211111068725586,50.601112365722656,,,,Sahebaz Makki,,YES,,,,,https://www.propertyfinder.bh/en/plp/rent/apartment-for-rent-capital-governorate-al-juffair-56392690.html,2026-08-23T20:31:12.189274+00:00,2026-09-06T22:04:05.740274+00:00,14,2026-09-06T22:04:05.740274+00:00
2026-09-07,removed,56422562,,,Apartment,HOT DEAL | HUGE SIZE | 3BHK WITH MAID | SEA VIEW,1100.0,,,,BHD,monthly,,,,,,,,,,,26.241750717163086,50.5663948059082,,,,Anza Khurram,,YES,,,,,https://www.propertyfinder.bh/en/plp/rent/apartment-for-rent-capital-governorate-reef-island-56422562.html,2026-08-24T20:40:05.194875+00:00,2026-09-06T22:04:05.740274+00:00,13,2026-09-06T22:04:05.740274+00:00
2026-09-07,removed,56423125,,,Apartment,HOUSEKEEPING | SEA VIEW | BIG BALCONY | AMENITIES,600.0,,,,BHD,monthly,,,,,,,,,,,26.241750717163086,50.5663948059082,,,,Anza Khurram,,YES,,,,,https://www.propertyfinder.bh/en/plp/rent/apartment-for-rent-capital-governorate-reef-island-56423125.html,2026-08-24T20:40:05.194875+00:00,2026-09-06T22:04:05.740274+00:00,13,2026-09-06T22:04:05.740274+00:00
2026-09-07,removed,56423621,,,Apartment,Stunning | Huge balcony |lovely one bedroom,480.0,,,,BHD,monthly,,,,,,,,Water Garden City,,,26.24260139465332,50.55380630493164,,,,Linda Mehdi,,YES,,,,,https://www.propertyfinder.bh/en/plp/rent/apartment-for-rent-capital-governorate-manama-water-garden-city-56423621.html,2026-08-24T20:40:05.194875+00:00,2026-09-06T22:04:05.740274+00:00,13,2026-09-06T22:04:05.740274+00:00
2026-09-07,removed,56423920,,,Apartment,Modern | Balcony | Prime Location | Gym | Pool,450.0,,,,BHD,monthly,,,,,,,,Bahrain Financial Harbour,,,26.23778533935547,50.57342529296875,,,,Mohamed Jamal,,YES,,,,,https://www.propertyfinder.bh/en/plp/rent/apartment-for-rent-capital-governorate-manama-bahrain-financial-harbour-56423920.html,2026-08-24T20:40:05.194875+00:00,2026-09-06T22:04:05.740274+00:00,13,2026-09-06T22:04:05.740274+00:00
2026-09-07,removed,56423923,,,Apartment,Modern | Balcony | Prime Location | Gym | Pool,450.0,,,,BHD,monthly,,,,,,,,,,,26.249584197998047,50.580360412597656,,,,Mohamed Jamal,,YES,,,,,https://www.propertyfinder.bh/en/plp/rent/apartment-for-rent-capital-governorate-bahrain-bay-56423923.html,2026-08-24T20:40:05.194875+00:00,2026-09-06T22:04:05.740274+00:00,13,2026-09-06T22:04:05.740274+00:00
2026-09-07,removed,56454541,,,Apartment,IDEAL LOCATION | GOOD AMENITIES | RENOVATED |,390.0,,,,BHD,monthly,,,,,,,,Abraj Al Lulu,,,26.230030059814453,50.55890655517578,,,,Anza Khurram,,YES,,,,,https://www.propertyfinder.bh/en/plp/rent/apartment-for-rent-capital-governorate-manama-abraj-al-lulu-56454541.html,2026-08-25T20:39:04.524858+00:00,2026-09-06T22:04:05.740274+00:00,12,2026-09-06T22:04:05.740274+00:00
2026-09-07,removed,56484816,,,Apartment,NEAT \ CLEAN \ LUXURIOUS & PEACEFUL !,600.0,,,,BHD,monthly,,,,,,,,,,,26.241750717163086,50.5663948059082,,,,Ali Sultani,,YES,,,,,https://www.propertyfinder.bh/en/plp/rent/apartment-for-rent-capital-governorate-reef-island-56484816.html,2026-08-26T23:12:42.541291+00:00,2026-09-06T22:04:05.740274+00:00,10,2026-09-06T22:04:05.740274+00:00
2026-09-07,removed,56485652,,,Villa,MODERN VILLA-PRIVATE POOL & GARDEN-PRIME LOCATION,950.0,,,,BHD,monthly,,,,,,,,,,,26.214487075805664,50.584754943847656,,,,Alice Wanjiru,,PARTLY,,,,,https://www.propertyfinder.bh/en/plp/rent/villa-for-rent-capital-governorate-manama-adliya-56485652.html,2026-08-26T23:12:42.541291+00:00,2026-09-06T22:04:05.740274+00:00,10,2026-09-06T22:04:05.740274+00:00
2026-09-07,removed,56485923,,,Apartment,Canal Access | Spacious 3 BR FF | Navy Approved,950.0,,,,BHD,monthly,,,,,,,,Al Marsa Floating City,,,26.2847957611084,50.669620513916016,,,,Hafiz Mohammad Rizwan Ashraf,,YES,,,,,https://www.propertyfinder.bh/en/plp/rent/apartment-for-rent-muharraq-governorate-amwaj-islands-al-marsa-floating-city-56485923.html,2026-08-26T23:12:42.541291+00:00,2026-09-06T22:04:05.740274+00:00,10,2026-09-06T22:04:05.740274+00:00
2026-09-07,removed,56518026,,,Villa,2 BR Villa with Private Garden | 346 sqm | 2 Parking,400.0,,,,BHD,monthly,,,,,,,,,,,26.149999618530273,50.58333206176758,,,,Hasan Aljeshi,,YES,,,,,https://www.propertyfinder.bh/en/plp/rent/villa-for-rent-central-governorate-sanad-56518026.html,2026-08-28T04:09:45.604551+00:00,2026-09-06T22:04:05.740274+00:00,9,2026-09-06T22:04:05.740274+00:00
2026-09-07,removed,56549335,,,Apartment,MODERN┃GAS┃FREE 1 MONTH┃CLOSE KITCHEN┃SPACIOUS,349.0,,,,BHD,monthly,,,,,,,,,,,26.214487075805664,50.584754943847656,,,,Sahebaz Makki,,YES,,,,,https://www.propertyfinder.bh/en/plp/rent/apartment-for-rent-capital-governorate-manama-adliya-56549335.html,2026-08-29T02:48:46.767757+00:00,2026-09-06T22:04:05.740274+00:00,8,2026-09-06T22:04:05.740274+00:00
2026-09-07,removed,56549609,,,Apartment,▐luxury▐ 3BHK+Maids Room▐Hot Deal▐Catamaran▐750BD▐,750.0,,,,BHD,monthly,,,,,,,,,,,26.239999771118164,50.5369987487793,,,,A  Ali ,,YES,,,,,https://www.propertyfinder.bh/en/plp/rent/apartment-for-rent-capital-governorate-seef-56549609.html,2026-08-29T02:48:46.767757+00:00,2026-09-06T22:04:05.740274+00:00,8,2026-09-06T22:04:05.740274+00:00
2026-09-07,removed,56610930,,,Apartment,MODERN ┃SPLIT AC ┃UNLIMTED EWA┃CLOSE KITCHEN vGYM,349.0,,,,BHD,monthly,,,,,,,,,,,26.214487075805664,50.584754943847656,,,,Sahebaz Makki,,YES,,,,,https://www.propertyfinder.bh/en/plp/rent/apartment-for-rent-capital-governorate-manama-adliya-56610930.html,2026-08-30T22:37:12.054762+00:00,2026-09-06T22:04:05.740274+00:00,6,2026-09-06T22:04:05.740274+00:00
2026-09-07,removed,56671321,,,Apartment,▐ CATAMARAN▐ 3+MAID BED OFFER▐ HOT DEAL▐ SEEF▐,700.0,,,,BHD,monthly,,,,,,,,,,,26.239999771118164,50.5369987487793,,,,Mohammed Ibrahim Khan,,YES,,,,,https://www.propertyfinder.bh/en/plp/rent/apartment-for-rent-capital-governorate-seef-56671321.html,2026-08-31T23:42:28.644123+00:00,2026-09-06T22:04:05.740274+00:00,5,2026-09-06T22:04:05.740274+00:00
2026-09-07,removed,56672020,,,Apartment,2 BR APARTMENT FOR RENT IN BURI,150.0,,,,BHD,monthly,,,,,,,,,,,26.14974594116211,50.50010299682617,,,,Abdulla  Ali,,NO,,,,,https://www.propertyfinder.bh/en/plp/rent/apartment-for-rent-northern-governorate-buri-56672020.html,2026-09-01T22:32:24.936409+00:00,2026-09-06T22:04:05.740274+00:00,4,2026-09-06T22:04:05.740274+00:00
2026-09-07,removed,56672561,,,Apartment,SEA VIEW APARTMENT | INCLUSIVE | SPACIOUS,350.0,,,,BHD,monthly,,,,,,,,,,,26.213165283203125,50.447471618652344,,,,Sheji Rahman,,YES,,,,,https://www.propertyfinder.bh/en/plp/rent/apartment-for-rent-northern-governorate-budaiya-56672561.html,2026-09-01T22:32:24.936409+00:00,2026-09-06T22:04:05.740274+00:00,4,2026-09-06T22:04:05.740274+00:00
2026-09-07,removed,56734586,,,Apartment,SAFE 1BHK FROM 270 TO 280┃SEA VIEW┃LUXURY┃HOT CAKE,280.0,,,,BHD,monthly,,,,,,,,,,,26.211111068725586,50.601112365722656,,,,Sahebaz Makki,,YES,,,,,https://www.propertyfinder.bh/en/plp/rent/apartment-for-rent-capital-governorate-al-juffair-56734586.html,2026-09-03T22:29:31.229615+00:00,2026-09-06T22:04:05.740274+00:00,2,2026-09-06T22:04:05.740274+00:00
2026-09-07,removed,56795733,,,Villa,"Lovely 3 BR Villa  with Garden in SAAR,JDM -1618",580.0,,,,BHD,monthly,,,,,,,,,,,26.21023941040039,50.49468231201172,,,,Domingos Pinto,,PARTLY,,,,,https://www.propertyfinder.bh/en/plp/rent/villa-for-rent-northern-governorate-maqabah-56795733.html,2026-09-05T22:02:25.090477+00:00,2026-09-06T22:04:05.740274+00:00,1,2026-09-06T22:04:05.740274+00:00
2026-09-07,removed,56827564,,,Apartment,SEA VIEW| MAID ROOM| BALCONY| TALA ISLAND,1250.0,,,,BHD,monthly,,,,,,,,Tala Island,,,26.300025939941406,50.66316223144531,,,,DILSHAB HAMSA,,YES,,,,,https://www.propertyfinder.bh/en/plp/rent/apartment-for-rent-muharraq-governorate-amwaj-islands-tala-island-56827564.html,2026-09-06T22:04:05.740274+00:00,2026-09-06T22:04:05.740274+00:00,0,2026-09-06T22:04:05.740274+00:00
2026-09-07,removed,56827733,,,Apartment,LUXURY 3 BED APT - BALCONY - PRIME LOCATION -,700.0,,,,BHD,monthly,,,,,,,,,,,26.239999771118164,50.5369987487793,,,,Sheila  Mcewan,,YES,,,,,https://www.propertyfinder.bh/en/plp/rent/apartment-for-rent-capital-governorate-seef-56827733.html,2026-09-06T22:04:05.740274+00:00,2026-09-06T22:04:05.740274+00:00,0,2026-09-06T22:04:05.740274+00:00
2026-09-07,removed,6d4a6c2a-3b94-46b8-86b8-2076482f644b,,,apartment|penthouse,Onyx Rotana & Residences,66000.0,,,,BHD,,,,,,,,,,,,26.216667,50.583333,,,,Kooheji Development,,,completed,,,,/en/new-projects/kooheji-development/onyx-rotana-and-residences,2026-08-24T20:40:05.194875+00:00,2026-09-06T22:04:05.740274+00:00,13,2026-09-06T22:04:05.740274+00:00
2026-09-07,removed,8ac5214d-b8ae-4632-93a5-fee9045f791f,,,apartment,Fontana Infinity,49000.0,,,,BHD,,,,,,,,,,,,26.216667,50.583333,,,,Kooheji Development,,,not_started,,,,/en/new-projects/kooheji-development/fontana-infinity,2026-08-24T20:40:05.194875+00:00,2026-09-06T22:04:05.740274+00:00,13,2026-09-06T22:04:05.740274+00:00
2026-09-07,removed,901026,,,Villa,Luxury | 2 floor | Private Pool &amp; Garden,1100.0,,,,BHD,monthly,,,,,,,,,,,26.19164276123047,50.48757553100586,,,,Swapna Vinod,,PARTLY,,,,,https://www.propertyfinder.bh/en/plp/rent/villa-for-rent-northern-governorate-saar-901026.html,2026-05-31T13:58:31.068517+00:00,2026-09-06T22:04:05.740274+00:00,98,2026-09-06T22:04:05.740274+00:00
2026-09-07,removed,917171,,,Villa,Modern | 2 Story | Private Garden | Maid Room,1050.0,,,,BHD,monthly,,,,,,,,,,,26.19164276123047,50.48757553100586,,,,Swapna Vinod,,PARTLY,,,,,https://www.propertyfinder.bh/en/plp/rent/villa-for-rent-northern-governorate-saar-917171.html,2026-05-31T13:58:31.068517+00:00,2026-09-06T22:04:05.740274+00:00,98,2026-09-06T22:04:05.740274+00:00
2026-09-07,removed,917175,,,Villa,Massive villa inside a garden compound in Saar,800.0,,,,BHD,monthly,,,,,,,,,,,26.19164276123047,50.48757553100586,,,,Swapna Vinod,,PARTLY,,,,,https://www.propertyfinder.bh/en/plp/rent/villa-for-rent-northern-governorate-saar-917175.html,2026-05-31T13:58:31.068517+00:00,2026-09-06T22:04:05.740274+00:00,98,2026-09-06T22:04:05.740274+00:00
2026-09-07,removed,930713,,,Villa,Villa 5 BHK | Unfurnished | Maid room | Balcony,131500.0,,,,BHD,sell,,,,,,,,,,,26.19164276123047,50.48757553100586,,,,Alifya ,,NO,completed,,,,https://www.propertyfinder.bh/en/plp/buy/villa-for-sale-northern-governorate-saar-930713.html,2026-05-31T13:58:31.068517+00:00,2026-09-06T22:04:05.740274+00:00,98,2026-09-06T22:04:05.740274+00:00
2026-09-07,removed,931159,,,Villa,Villa 3 BHK | Semi furnished | Pool | Wifi,500.0,,,,BHD,monthly,,,,,,,,,,,26.22623634338379,50.49492263793945,,,,Alifya ,,PARTLY,,,,,https://www.propertyfinder.bh/en/plp/rent/villa-for-rent-northern-governorate-jannusan-931159.html,2026-05-31T13:58:31.068517+00:00,2026-09-06T22:04:05.740274+00:00,98,2026-09-06T22:04:05.740274+00:00
2026-09-07,removed,931535,,,Compound,Spacious 3-bedroom villa | Maid Room | 2 Parking,400.0,,,,BHD,monthly,,,,,,,,,,,26.22623634338379,50.49492263793945,,,,Alifya ,,PARTLY,,,,,https://www.propertyfinder.bh/en/plp/rent/compound-for-rent-northern-governorate-jannusan-931535.html,2026-05-31T13:58:31.068517+00:00,2026-09-06T22:04:05.740274+00:00,98,2026-09-06T22:04:05.740274+00:00
2026-09-07,removed,931664,,,Villa,3BHK | Garden + Pool | laundry + storage Room,900.0,,,,BHD,monthly,,,,,,,,,,,26.22623634338379,50.49492263793945,,,,Alifya ,,PARTLY,,,,,https://www.propertyfinder.bh/en/plp/rent/villa-for-rent-northern-governorate-jannusan-931664.html,2026-05-31T13:58:31.068517+00:00,2026-09-06T22:04:05.740274+00:00,98,2026-09-06T22:04:05.740274+00:00
2026-09-07,removed,931671,,,Apartment,Semi furnished 2 BHK | 2 Balcony | Parking ,250.0,,,,BHD,monthly,,,,,,,,,,,26.19164276123047,50.48757553100586,,,,Alifya ,,PARTLY,,,,,https://www.propertyfinder.bh/en/plp/rent/apartment-for-rent-northern-governorate-saar-931671.html,2026-05-31T13:58:31.068517+00:00,2026-09-06T22:04:05.740274+00:00,98,2026-09-06T22:04:05.740274+00:00
2026-09-07,removed,931703,,,Apartment,Furnished 3 BHK | Inclusive | Pool | Wifi,450.0,,,,BHD,monthly,,,,,,,,,,,26.19164276123047,50.48757553100586,,,,Alifya ,,YES,,,,,https://www.propertyfinder.bh/en/plp/rent/apartment-for-rent-northern-governorate-saar-931703.html,2026-05-31T13:58:31.068517+00:00,2026-09-06T22:04:05.740274+00:00,98,2026-09-06T22:04:05.740274+00:00
2026-09-07,removed,932763,,,Apartment,2-bedroom semi-furnished | Gym | big close kitchen,330.0,,,,BHD,monthly,,,,,,,,,,,26.20176887512207,50.53025436401367,,,,Alifya ,,PARTLY,,,,,https://www.propertyfinder.bh/en/plp/rent/apartment-for-rent-northern-governorate-sehla-932763.html,2026-05-31T13:58:31.068517+00:00,2026-09-06T22:04:05.740274+00:00,98,2026-09-06T22:04:05.740274+00:00
2026-09-07,removed,932773,,,Apartment,Furnished Spacious Villa | Garden | Pool | Store,1300.0,,,,BHD,monthly,,,,,,,,,,,26.140336990356445,50.478271484375,,,,Alifya ,,YES,,,,,https://www.propertyfinder.bh/en/plp/rent/apartment-for-rent-northern-governorate-hamala-932773.html,2026-05-31T13:58:31.068517+00:00,2026-09-06T22:04:05.740274+00:00,98,2026-09-06T22:04:05.740274+00:00
2026-09-07,removed,932775,,,Apartment,Furnished 3 BHK | Inclusive | Parking | Wifi,400.0,,,,BHD,monthly,,,,,,,,,,,26.185943603515625,50.46711349487305,,,,Alifya ,,YES,,,,,https://www.propertyfinder.bh/en/plp/rent/apartment-for-rent-northern-governorate-janabiya-932775.html,2026-05-31T13:58:31.068517+00:00,2026-09-06T22:04:05.740274+00:00,98,2026-09-06T22:04:05.740274+00:00
2026-09-07,removed,932776,,,Apartment,Furnished 3 BHK | Pool | Parking | Inclusive,450.0,,,,BHD,monthly,,,,,,,,,,,26.19164276123047,50.48757553100586,,,,Alifya ,,YES,,,,,https://www.propertyfinder.bh/en/plp/rent/apartment-for-rent-northern-governorate-saar-932776.html,2026-05-31T13:58:31.068517+00:00,2026-09-06T22:04:05.740274+00:00,98,2026-09-06T22:04:05.740274+00:00
2026-09-07,removed,935399,,,Office Space,Premium Offices in the heart of Bahrain’s Business,1200.0,,,,BHD,monthly,,,,,,,,Bahrain Financial Harbour,,,26.23778533935547,50.57342529296875,,,,Swapna Vinod,,YES,,,,,https://www.propertyfinder.bh/en/plp/commercial-rent/office-space-for-rent-capital-governorate-manama-bahrain-financial-harbour-935399.html,2026-05-31T13:58:31.068517+00:00,2026-09-06T22:04:05.740274+00:00,98,2026-09-06T22:04:05.740274+00:00
2026-09-07,removed,941538,,,Villa,Modern Ultra luxury villa with a basement,950.0,,,,BHD,monthly,,,,,,,,,,,26.19164276123047,50.48757553100586,,,,Swapna Vinod,,PARTLY,,,,,https://www.propertyfinder.bh/en/plp/rent/villa-for-rent-northern-governorate-saar-941538.html,2026-05-31T13:58:31.068517+00:00,2026-09-06T22:04:05.740274+00:00,98,2026-09-06T22:04:05.740274+00:00
2026-09-07,removed,947073,,,Apartment,PRIME LOCTION - DEAL - CONNECTED BALCONY,99500.0,,,,BHD,sell,,,,,,,,,,,26.241750717163086,50.5663948059082,,,,Sonali Fernandes,,YES,completed,,,,https://www.propertyfinder.bh/en/plp/buy/apartment-for-sale-capital-governorate-reef-island-947073.html,2026-05-31T13:58:31.068517+00:00,2026-09-06T22:04:05.740274+00:00,98,2026-09-06T22:04:05.740274+00:00
2026-09-07,removed,947075,,,Apartment,Fabulous| Waterfront Apartment | Quality Living,185000.0,,,,BHD,sell,,,,,,,,,,,26.241750717163086,50.5663948059082,,,,Sonali Fernandes,,YES,completed,,,,https://www.propertyfinder.bh/en/plp/buy/apartment-for-sale-capital-governorate-reef-island-947075.html,2026-05-31T13:58:31.068517+00:00,2026-09-06T22:04:05.740274+00:00,98,2026-09-06T22:04:05.740274+00:00
2026-09-07,removed,957620,,,Villa,Luxury Living : Poolside Paradise,1200.0,,,,BHD,monthly,,,,,,,,,,,26.19164276123047,50.48757553100586,,,,Swapna Vinod,,YES,,,,,https://www.propertyfinder.bh/en/plp/rent/villa-for-rent-northern-governorate-saar-957620.html,2026-05-31T13:58:31.068517+00:00,2026-09-06T22:04:05.740274+00:00,98,2026-09-06T22:04:05.740274+00:00
2026-09-07,removed,967963,,,Villa,2 Story | 3 Master Bedroom | Closed kitchen,600.0,,,,BHD,monthly,,,,,,,,,,,26.19164276123047,50.48757553100586,,,,Swapna Vinod,,PARTLY,,,,,https://www.propertyfinder.bh/en/plp/rent/villa-for-rent-northern-governorate-saar-967963.html,2026-05-31T13:58:31.068517+00:00,2026-09-06T22:04:05.740274+00:00,98,2026-09-06T22:04:05.740274+00:00
2026-09-07,removed,970447,,,Shop,Rooftop Padel Courts for Rent in Adliya,2000.0,,,,BHD,monthly,,,,,,,,,,,26.214487075805664,50.584754943847656,,,,Masoud Ali Ebrahim,,YES,,,,,https://www.propertyfinder.bh/en/plp/commercial-rent/shop-for-rent-capital-governorate-manama-adliya-970447.html,2026-06-07T09:03:56.796196+00:00,2026-09-06T22:04:05.740274+00:00,91,2026-09-06T22:04:05.740274+00:00
2026-09-07,removed,987885,,,Villa,Luxurious - Near El Mercado - Easy Access,1300.0,,,,BHD,monthly,,,,,,,,,,,26.185943603515625,50.46711349487305,,,,Ebrahim Alsaleem,,PARTLY,,,,,https://www.propertyfinder.bh/en/plp/rent/villa-for-rent-northern-governorate-janabiya-987885.html,2026-05-31T13:58:31.068517+00:00,2026-09-06T22:04:05.740274+00:00,98,2026-09-06T22:04:05.740274+00:00
2026-09-07,removed,993139,,,Villa,Villa for sale in Amwaj Island,450000.0,,,,BHD,sell,,,,,,,,,,,26.288480758666992,50.66381072998047,,,,Ammar Abdulaal,,NO,completed_primary,,,,https://www.propertyfinder.bh/en/plp/buy/villa-for-sale-muharraq-governorate-amwaj-islands-993139.html,2026-05-31T13:58:31.068517+00:00,2026-09-06T22:04:05.740274+00:00,98,2026-09-06T22:04:05.740274+00:00
2026-09-07,removed,993307,,,Villa,Luxury Villa for sale in Delmunia Island,440000.0,,,,BHD,sell,,,,,,,,,,,26.27286720275879,50.672889709472656,,,,Ammar Abdulaal,,NO,completed_primary,,,,https://www.propertyfinder.bh/en/plp/buy/villa-for-sale-muharraq-governorate-dilmunia-island-993307.html,2026-08-20T20:40:12.466755+00:00,2026-09-06T22:04:05.740274+00:00,17,2026-09-06T22:04:05.740274+00:00
2026-09-07,removed,993309,,,Villa,Villa for sale in Jaww,220000.0,,,,BHD,sell,,,,,,,,,,,26.000404357910156,50.616973876953125,,,,Ammar Abdulaal,,PARTLY,completed_primary,,,,https://www.propertyfinder.bh/en/plp/buy/villa-for-sale-southern-governorate-jaww-993309.html,2026-05-31T13:58:31.068517+00:00,2026-09-06T22:04:05.740274+00:00,98,2026-09-06T22:04:05.740274+00:00
2026-09-07,removed,996684,,,Apartment,Spacious Apartment/ Balcony/S.pool,220.0,,,,BHD,monthly,,,,,,,,,,,26.21263313293457,50.67418670654297,,,,A. Mhaout,,NO,,,,,https://www.propertyfinder.bh/en/plp/rent/apartment-for-rent-muharraq-governorate-hidd-996684.html,2026-05-31T13:58:31.068517+00:00,2026-09-06T22:04:05.740274+00:00,98,2026-09-06T22:04:05.740274+00:00
2026-09-07,removed,df7f93ee-d1b9-4518-be0b-5a8eb9b92ca6,,,apartment,Onyx Water Garden,65000.0,,,,BHD,,,,,,,,,,,,26.242602,50.553805,,,,Kooheji Development,,,under_construction,,,,/en/new-projects/kooheji-development/onyx-water-garden,2026-05-31T13:58:31.068517+00:00,2026-09-06T22:04:05.740274+00:00,98,2026-09-06T22:04:05.740274+00:00
2026-09-07,removed,edb89f62-98d8-415a-a305-4c338568920c,,,apartment,Ariva,0.0,,,,BHD,,,,,,,,,,,,26.28848,50.663812,,,,Kooheji Development,,,completed,,,,/en/new-projects/kooheji-development/ariva,2026-08-25T20:39:04.524858+00:00,2026-09-06T22:04:05.740274+00:00,12,2026-09-06T22:04:05.740274+00:00
2026-09-07,removed,f46eb30e-4fd3-4a8a-b2e0-7c06fd9a112d,,,apartment,Onyx Skyview,60500.0,,,,BHD,,,,,,,,,,,,26.2520183354,50.5809891693,,,,Kooheji Development,,,under_construction,,,,/en/new-projects/kooheji-development/onyx-skyview,2026-05-31T13:58:31.068517+00:00,2026-09-06T22:04:05.740274+00:00,98,2026-09-06T22:04:05.740274+00:00
2026-09-07,price_changed,53189816,,,Land,RA Land | Easy Access to Essential Services,181925.0,169378.0,-12547.0,-6.9,BHD,sell,,,,,,,,Saraya 2,,,26.19185447692871,50.509178161621094,,,,Khalil Aryan,,,,,,,https://www.propertyfinder.bh/en/plp/buy/land-for-sale-northern-governorate-bu-quwah-saraya-2-53189816.html,2026-05-31T13:58:31.068517+00:00,2026-09-07T22:43:43.320929+00:00,99,2026-09-07T22:43:43.320929+00:00
2026-09-07,price_changed,53269193,,,Land,Prime Residential Land RA in Al Daih,96908.0,93678.0,-3230.0,-3.33,BHD,sell,,,,,,,,,,,26.225631713867188,50.535701751708984,,,,Mohamed Khaled,,,,,,,https://www.propertyfinder.bh/en/plp/buy/land-for-sale-northern-governorate-al-daih-53269193.html,2026-05-31T13:58:31.068517+00:00,2026-09-07T22:43:43.320929+00:00,99,2026-09-07T22:43:43.320929+00:00
2026-09-07,price_changed,54042454,,,Apartment,Spacious 2/3 Aprts / Near Saint-Christopher Sch,290.0,320.0,30.0,10.34,BHD,monthly,,,,,,,,,,,26.19164276123047,50.48757553100586,,,,A. Mhaout,,NO,,,,,https://www.propertyfinder.bh/en/plp/rent/apartment-for-rent-northern-governorate-saar-54042454.html,2026-06-02T21:03:40.597993+00:00,2026-09-07T22:43:43.320929+00:00,97,2026-09-07T22:43:43.320929+00:00
2026-09-07,price_changed,54178747,,,Apartment,LUXURY WATERFRONT LIVING IN REEF | BEST AMENITIES,675.0,780.0,105.0,15.56,BHD,monthly,,,,,,,,,,,26.241750717163086,50.5663948059082,,,,Anza Khurram,,YES,,,,,https://www.propertyfinder.bh/en/plp/rent/apartment-for-rent-capital-governorate-reef-island-54178747.html,2026-06-07T09:03:56.796196+00:00,2026-09-07T22:43:43.320929+00:00,92,2026-09-07T22:43:43.320929+00:00
2026-09-07,price_changed,54206639,,,Apartment,QUICK SELL | REDUCED PRICE DEAL | AMENITIES | FF |,88000.0,87000.0,-1000.0,-1.14,BHD,sell,,,,,,,,,,,26.241750717163086,50.5663948059082,,,,Anza Khurram,,YES,completed,,,,https://www.propertyfinder.bh/en/plp/buy/apartment-for-sale-capital-governorate-reef-island-54206639.html,2026-06-08T13:27:32.832375+00:00,2026-09-07T22:43:43.320929+00:00,91,2026-09-07T22:43:43.320929+00:00
2026-09-07,price_changed,54262167,,,Apartment,WATER FRONT VIEW | NICELY FURNISHED | READY T MOVE,700.0,675.0,-25.0,-3.57,BHD,monthly,,,,,,,,,,,26.241750717163086,50.5663948059082,,,,Anza Khurram,,YES,,,,,https://www.propertyfinder.bh/en/plp/rent/apartment-for-rent-capital-governorate-reef-island-54262167.html,2026-06-10T21:00:38.499992+00:00,2026-09-07T22:43:43.320929+00:00,89,2026-09-07T22:43:43.320929+00:00
2026-09-07,price_changed,54451016,,,Apartment,INCLUSIVE EWA | STUDIO | Juffair,280.0,300.0,20.0,7.14,BHD,monthly,,,,,,,,,,,26.211111068725586,50.601112365722656,,,,Anup Simon,,YES,,,,,https://www.propertyfinder.bh/en/plp/rent/apartment-for-rent-capital-governorate-al-juffair-54451016.html,2026-06-17T20:50:56.644034+00:00,2026-09-07T22:43:43.320929+00:00,82,2026-09-07T22:43:43.320929+00:00
2026-09-07,price_changed,54596826,,,Apartment,NEWLY RENOVATED | FULLY AND SEMI FURNISHED LAYOUTS,62000.0,72000.0,10000.0,16.13,BHD,sell,,,,,,,,Amwaj Marina,,,26.293058395385742,50.65943908691406,,,,Moueen Charfi,,YES,completed_primary,,,,https://www.propertyfinder.bh/en/plp/buy/apartment-for-sale-muharraq-governorate-amwaj-islands-amwaj-marina-54596826.html,2026-06-22T21:07:15.511458+00:00,2026-09-07T22:43:43.320929+00:00,77,2026-09-07T22:43:43.320929+00:00
2026-09-07,price_changed,55056159,,,Apartment,DECENT AND ELEGANT | LOWER FLOOR RESORT VIEW,650.0,580.0,-70.0,-10.77,BHD,monthly,,,,,,,,,,,26.241750717163086,50.5663948059082,,,,Anza Khurram,,YES,,,,,https://www.propertyfinder.bh/en/plp/rent/apartment-for-rent-capital-governorate-reef-island-55056159.html,2026-07-08T21:15:46.223277+00:00,2026-09-07T22:43:43.320929+00:00,61,2026-09-07T22:43:43.320929+00:00
2026-09-07,price_changed,55310925,,,Apartment,SPECIAL PRICE * HOT DEAL * TITLE DEED AVAILABLE,82000.0,85000.0,3000.0,3.66,BHD,sell,,,,,,,,,,,26.241750717163086,50.5663948059082,,,,Alena Monasava,,YES,completed,,,,https://www.propertyfinder.bh/en/plp/buy/apartment-for-sale-capital-governorate-reef-island-55310925.html,2026-07-17T21:02:53.302860+00:00,2026-09-07T22:43:43.320929+00:00,52,2026-09-07T22:43:43.320929+00:00
2026-09-07,price_changed,55339058,,,Apartment,Spacious | 3 washrooms |  Highway | Split AC,230.0,200.0,-30.0,-13.04,BHD,monthly,,,,,,,,,,,26.21263313293457,50.67418670654297,,,,Talha Umer,,PARTLY,,,,,https://www.propertyfinder.bh/en/plp/rent/apartment-for-rent-muharraq-governorate-hidd-55339058.html,2026-07-18T20:57:18.053218+00:00,2026-09-07T22:43:43.320929+00:00,51,2026-09-07T22:43:43.320929+00:00
2026-09-07,price_changed,55599709,,,Apartment,Premium Waterfront | Sea Pool View | Large Layout,500.0,600.0,100.0,20.0,BHD,monthly,,,,,,,,,,,26.241750717163086,50.5663948059082,,,,Bilal Mohamed,,YES,,,,,https://www.propertyfinder.bh/en/plp/rent/apartment-for-rent-capital-governorate-reef-island-55599709.html,2026-07-27T21:16:55.514144+00:00,2026-09-07T22:43:43.320929+00:00,42,2026-09-07T22:43:43.320929+00:00
2026-09-07,price_changed,55892243,,,Villa,Elevator | Laundry Room | Big Garden | 5 Bedrooms,174500.0,172000.0,-2500.0,-1.43,BHD,sell,,,,,,,,,,,26.21263313293457,50.67418670654297,,,,Duaa Alsayegh,,NO,completed,,,,https://www.propertyfinder.bh/en/plp/buy/villa-for-sale-muharraq-governorate-hidd-55892243.html,2026-08-07T00:55:25.755875+00:00,2026-09-07T22:43:43.320929+00:00,31,2026-09-07T22:43:43.320929+00:00
2026-09-07,price_changed,55980076,,,Apartment,Luxury | Apartment | Maids room | Balcony,70000.0,65000.0,-5000.0,-7.14,BHD,sell,,,,,,,,,,,26.16529655456543,50.552181243896484,,,,Sadeq Habib,,YES,completed,,,,https://www.propertyfinder.bh/en/plp/buy/apartment-for-sale-central-governorate-isa-town-55980076.html,2026-08-09T20:40:10.613404+00:00,2026-09-07T22:43:43.320929+00:00,29,2026-09-07T22:43:43.320929+00:00
2026-09-07,price_changed,56008978,,,Villa,Water Front I Free Hold I Ready to move in,205000.0,213000.0,8000.0,3.9,BHD,sell,,,,,,,,Diyar Al Muharraq,Al Naseem,,26.31142234802246,50.64306640625,,,,Husain Jaber Abdulla Zaid,,PARTLY,completed,,,,https://www.propertyfinder.bh/en/plp/buy/villa-for-sale-muharraq-governorate-diyar-al-muharraq-al-naseem-56008978.html,2026-08-10T20:51:18.479280+00:00,2026-09-07T22:43:43.320929+00:00,28,2026-09-07T22:43:43.320929+00:00
2026-09-07,price_changed,56152948,,,Apartment,Pool view • 2BR • 2 Cinemas • Hot Deals,65000.0,56000.0,-9000.0,-13.85,BHD,sell,,,,,,,,,,,26.211111068725586,50.601112365722656,,,,Hana Parvez,,YES,completed,,,,https://www.propertyfinder.bh/en/plp/buy/apartment-for-sale-capital-governorate-al-juffair-56152948.html,2026-08-15T20:30:10.785226+00:00,2026-09-07T22:43:43.320929+00:00,23,2026-09-07T22:43:43.320929+00:00
2026-09-07,price_changed,56182734,,,Apartment,Affordable 1 bedroom apartment with Balcony,300.0,280.0,-20.0,-6.67,BHD,monthly,,,,,,,,,,,26.211111068725586,50.601112365722656,,,,Christian Brunet,,YES,,,,,https://www.propertyfinder.bh/en/plp/rent/apartment-for-rent-capital-governorate-al-juffair-56182734.html,2026-08-16T20:30:42.569281+00:00,2026-09-07T22:43:43.320929+00:00,22,2026-09-07T22:43:43.320929+00:00
2026-09-07,price_changed,56210519,,,Apartment,Brand New | Balcony | Spacious | Highway,220.0,210.0,-10.0,-4.55,BHD,monthly,,,,,,,,,,,26.211111068725586,50.601112365722656,,,,Talha Umer,,YES,,,,,https://www.propertyfinder.bh/en/plp/rent/apartment-for-rent-capital-governorate-al-juffair-56210519.html,2026-08-17T20:33:43.482575+00:00,2026-09-07T22:43:43.320929+00:00,21,2026-09-07T22:43:43.320929+00:00
2026-09-07,price_changed,56240398,,,Apartment,LUXURY BUILDING | DEVELOPER Furnished | Balcony,81000.0,76600.0,-4400.0,-5.43,BHD,sell,,,,,,,,,,,26.239999771118164,50.5369987487793,,,,Eman Abbas,,YES,completed,,,,https://www.propertyfinder.bh/en/plp/buy/apartment-for-sale-capital-governorate-seef-56240398.html,2026-08-18T20:31:35.765281+00:00,2026-09-07T22:43:43.320929+00:00,20,2026-09-07T22:43:43.320929+00:00
2026-09-07,price_changed,56241252,,,Villa,Balcony | Central AC | Maid room | Saar,115000.0,112000.0,-3000.0,-2.61,BHD,sell,,,,,,,,,,,26.140336990356445,50.478271484375,,,,Jaffer Mirza,,PARTLY,completed,,,,https://www.propertyfinder.bh/en/plp/buy/villa-for-sale-northern-governorate-hamala-56241252.html,2026-08-18T20:31:35.765281+00:00,2026-09-07T22:43:43.320929+00:00,20,2026-09-07T22:43:43.320929+00:00
2026-09-07,price_changed,56241399,,,Apartment,Luxurious|Hot Price|All Inclusive |Bright |1BHK,330.0,350.0,20.0,6.06,BHD,monthly,,,,,,,,,,,26.239999771118164,50.5369987487793,,,,Hazeeth,,YES,,,,,https://www.propertyfinder.bh/en/plp/rent/apartment-for-rent-capital-governorate-seef-56241399.html,2026-08-18T20:31:35.765281+00:00,2026-09-07T22:43:43.320929+00:00,20,2026-09-07T22:43:43.320929+00:00
2026-09-07,price_changed,56300825,,,Villa,Seafront 5 BR Villa|Elevator|Private Pool| Garden,2500.0,2400.0,-100.0,-4.0,BHD,monthly,,,,,,,,Tala Island,,,26.300025939941406,50.66316223144531,,,,Hafiz Mohammad Rizwan Ashraf,,PARTLY,,,,,https://www.propertyfinder.bh/en/plp/rent/villa-for-rent-muharraq-governorate-amwaj-islands-tala-island-56300825.html,2026-08-20T20:40:12.466755+00:00,2026-09-07T22:43:43.320929+00:00,18,2026-09-07T22:43:43.320929+00:00
2026-09-07,price_changed,56609959,,,Villa,Spacious Corner Villa | Private Pool |Stand alone,1000.0,900.0,-100.0,-10.0,BHD,monthly,,,,,,,,,,,26.19164276123047,50.48757553100586,,,,Mohammed Abdu,,PARTLY,,,,,https://www.propertyfinder.bh/en/plp/rent/villa-for-rent-northern-governorate-saar-56609959.html,2026-08-30T22:37:12.054762+00:00,2026-09-07T22:43:43.320929+00:00,8,2026-09-07T22:43:43.320929+00:00
2026-09-07,price_changed,56672819,,,Apartment,Beachfront/Amazing Views/Terrace/Tennis/Pool/Gym,525.0,500.0,-25.0,-4.76,BHD,monthly,,,,,,,,Tala Island,,,26.300025939941406,50.66316223144531,,,,Shahin  Muhammad,,YES,,,,,https://www.propertyfinder.bh/en/plp/rent/apartment-for-rent-muharraq-governorate-amwaj-islands-tala-island-56672819.html,2026-09-01T22:32:24.936409+00:00,2026-09-07T22:43:43.320929+00:00,6,2026-09-07T22:43:43.320929+00:00
2026-09-07,price_changed,56703287,,,Apartment,COSY & BRIGHT FLAT\ GOOD PRICE\ MID FLOOR,42000.0,40000.0,-2000.0,-4.76,BHD,monthly,,,,,,,,,,,26.211111068725586,50.601112365722656,,,,Ali Sultani,,YES,,,,,https://www.propertyfinder.bh/en/plp/rent/apartment-for-rent-capital-governorate-al-juffair-56703287.html,2026-09-02T22:31:20.016095+00:00,2026-09-07T22:43:43.320929+00:00,5,2026-09-07T22:43:43.320929+00:00
2026-09-07,price_changed,56734880,,,Apartment,PRIME LOCATION | BALCONY | NEAR CITY CENTRE,55000.0,60000.0,5000.0,9.09,BHD,sell,,,,,,,,,,,26.239999771118164,50.5369987487793,,,,Christian Brunet,,YES,completed,,,,https://www.propertyfinder.bh/en/plp/buy/apartment-for-sale-capital-governorate-seef-56734880.html,2026-09-03T22:29:31.229615+00:00,2026-09-07T22:43:43.320929+00:00,4,2026-09-07T22:43:43.320929+00:00
2026-09-07,price_changed,56796886,,,Villa,Spacious 5 Bedroom-villa / Quiet neighborhood,450.0,400.0,-50.0,-11.11,BHD,monthly,,,,,,,,Salihiya,,,26.216516494750977,50.560699462890625,,,,A. Mhaout,,NO,,,,,https://www.propertyfinder.bh/en/plp/rent/villa-for-rent-capital-governorate-manama-salihiya-56796886.html,2026-09-05T22:02:25.090477+00:00,2026-09-07T22:43:43.320929+00:00,2,2026-09-07T22:43:43.320929+00:00
2026-09-07,price_changed,56827708,,,Apartment,CRAZY DEAL  /WITH FURNITURE/ NEGOTIABLE,91000.0,86000.0,-5000.0,-5.49,BHD,sell,,,,,,,,,,,26.241750717163086,50.5663948059082,,,,Ali Sultani,,YES,completed,,,,https://www.propertyfinder.bh/en/plp/buy/apartment-for-sale-capital-governorate-reef-island-56827708.html,2026-09-06T22:04:05.740274+00:00,2026-09-07T22:43:43.320929+00:00,1,2026-09-07T22:43:43.320929+00:00
2026-09-07,price_changed,933245,,,Apartment,2BHK Semi-Furnished | Pool | Gym | Steam and sauna,230.0,250.0,20.0,8.7,BHD,monthly,,,,,,,,,,,26.21263313293457,50.67418670654297,,,,Muhammad Usman,,PARTLY,,,,,https://www.propertyfinder.bh/en/plp/rent/apartment-for-rent-muharraq-governorate-hidd-933245.html,2026-05-31T13:58:31.068517+00:00,2026-09-07T22:43:43.320929+00:00,99,2026-09-07T22:43:43.320929+00:00
