change_date,change_type,listing_id,category,listing_type,property_type,title,price_prev,price_curr,price_delta,price_delta_pct,currency,price_period,area_size,area_unit,beds_min,beds_max,baths_min,city,area,community,sub_community,compound,latitude,longitude,developer,project_name,agency_name,agent_name,agent_phone,furnished,completion_status,permit_number,rera_number,amenities,share_url,first_seen_at,last_seen_at,days_on_market,scraped_at
2026-08-28,new,1001025,,,Villa,COZY & RELAXING | NATURAL LIGHTS | MODERN,,150000.0,,,BHD,sell,,,,,,,,Amwaj Homes,,,26.288480758666992,50.66381072998047,,,,Violeta Abboud,,YES,completed_primary,,,,https://www.propertyfinder.bh/en/plp/buy/villa-for-sale-muharraq-governorate-amwaj-islands-amwaj-homes-1001025.html,2026-08-28T04:09:45.604551+00:00,2026-08-28T04:09:45.604551+00:00,0,2026-08-28T04:09:45.604551+00:00
2026-08-28,new,51931406,,,Apartment,LIMITED OFFER-GORGEOUS APARTMENT/ STUNNING VIEWS,,270.0,,,BHD,monthly,,,,,,,,Sanabis,,,26.226558685302734,50.5459098815918,,,,Nanda Kumar,,YES,,,,,https://www.propertyfinder.bh/en/plp/rent/apartment-for-rent-capital-governorate-manama-sanabis-51931406.html,2026-05-31T13:58:31.068517+00:00,2026-08-28T04:09:45.604551+00:00,88,2026-08-28T04:09:45.604551+00:00
2026-08-28,new,52274600,,,Land,SERENITY ISLAND VIBE| PERFECT FOR INVESTMENT| RA,,192000.0,,,BHD,sell,,,,,,,,Essence of Dilmunia,,,26.27286720275879,50.672889709472656,,,,Violeta Abboud,,,,,,,https://www.propertyfinder.bh/en/plp/buy/land-for-sale-muharraq-governorate-dilmunia-island-essence-of-dilmunia-52274600.html,2026-08-28T04:09:45.604551+00:00,2026-08-28T04:09:45.604551+00:00,0,2026-08-28T04:09:45.604551+00:00
2026-08-28,new,52274633,,,Villa,IDEAL FOR A GROWING FAMILY! | GREAT INVESTMENT! |,,125000.0,,,BHD,sell,,,,,,,,Amwaj Homes,,,26.288480758666992,50.66381072998047,,,,Violeta Abboud,,PARTLY,completed_primary,,,,https://www.propertyfinder.bh/en/plp/buy/villa-for-sale-muharraq-governorate-amwaj-islands-amwaj-homes-52274633.html,2026-06-24T20:40:58.428770+00:00,2026-08-28T04:09:45.604551+00:00,64,2026-08-28T04:09:45.604551+00:00
2026-08-28,new,52274916,,,Land,THE BEST LOCATION TO BUILD YOUR DREAM HOUSE!,,96021338.0,,,BHD,sell,,,,,,,,,,,26.27199935913086,50.60900115966797,,,,Violeta Abboud,,,,,,,https://www.propertyfinder.bh/en/plp/buy/land-for-sale-muharraq-governorate-busaiteen-52274916.html,2026-06-17T20:50:56.644034+00:00,2026-08-28T04:09:45.604551+00:00,71,2026-08-28T04:09:45.604551+00:00
2026-08-28,new,52623815,,,Apartment,2BHK SEMI FURNISHED APARTMENT FOR RENT IN ADLIYA,,270.0,,,BHD,monthly,,,,,,,,,,,26.214487075805664,50.584754943847656,,,,Muhammad Aamir Mansha,,PARTLY,,,,,https://www.propertyfinder.bh/en/plp/rent/apartment-for-rent-capital-governorate-manama-adliya-52623815.html,2026-05-31T13:58:31.068517+00:00,2026-08-28T04:09:45.604551+00:00,88,2026-08-28T04:09:45.604551+00:00
2026-08-28,new,52753763,,,Villa,WORTHY INVESTMENT| COMMUNITY & SEA VIEWS| ELEGANT,,300000.0,,,BHD,sell,,,,,,,,Diyar Al Muharraq,Al Naseem,,26.31142234802246,50.64306640625,,,,Violeta Abboud,,PARTLY,completed_primary,,,,https://www.propertyfinder.bh/en/plp/buy/villa-for-sale-muharraq-governorate-diyar-al-muharraq-al-naseem-52753763.html,2026-06-17T20:50:56.644034+00:00,2026-08-28T04:09:45.604551+00:00,71,2026-08-28T04:09:45.604551+00:00
2026-08-28,new,52753928,,,Villa,Residential Villa for Sale in Damistan,,128000.0,,,BHD,sell,,,,,,,,,,,26.123769760131836,50.469722747802734,,,,Hussain Mahfoodh,,NO,completed,,,,https://www.propertyfinder.bh/en/plp/buy/villa-for-sale-northern-governorate-dumistan-52753928.html,2026-08-28T04:09:45.604551+00:00,2026-08-28T04:09:45.604551+00:00,0,2026-08-28T04:09:45.604551+00:00
2026-08-28,new,52830628,,,Villa,Ready to move in I Sea Front I New I Freehold,,390000.0,,,BHD,sell,,,,,,,,Diyar Al Muharraq,Al Naseem,,26.31142234802246,50.64306640625,,,,Emilia Walaszczyk,,YES,completed,,,,https://www.propertyfinder.bh/en/plp/buy/villa-for-sale-muharraq-governorate-diyar-al-muharraq-al-naseem-52830628.html,2026-08-28T04:09:45.604551+00:00,2026-08-28T04:09:45.604551+00:00,0,2026-08-28T04:09:45.604551+00:00
2026-08-28,new,53059032,,,Apartment,Fully Furnished - Sea View - Centrally Located,,425.0,,,BHD,monthly,,,,,,,,Manama Downtown,,,26.23276138305664,50.57925033569336,,,,Chandekode Rajesh Kumar,,YES,,,,,https://www.propertyfinder.bh/en/plp/rent/apartment-for-rent-capital-governorate-manama-manama-downtown-53059032.html,2026-07-16T13:23:22.641531+00:00,2026-08-28T04:09:45.604551+00:00,42,2026-08-28T04:09:45.604551+00:00
2026-08-28,new,53059298,,,Villa,LIVE IN ROYALTY| POOL & SEA VIEWS|,,450000.0,,,BHD,sell,,,,,,,,Najma,,,26.29715919494629,50.669647216796875,,,,Violeta Abboud,,YES,completed_primary,,,,https://www.propertyfinder.bh/en/plp/buy/villa-for-sale-muharraq-governorate-amwaj-islands-najma-53059298.html,2026-06-22T21:07:15.511458+00:00,2026-08-28T04:09:45.604551+00:00,66,2026-08-28T04:09:45.604551+00:00
2026-08-28,new,53878701,,,Land,GREAT LAND INVESTMENT IN SARAT! CALL US TODAY!,,226707062.0,,,BHD,sell,,,,,,,,Diyar Al Muharraq,Sarat,,26.31142234802246,50.64306640625,,,,Violeta Abboud,,,,,,,https://www.propertyfinder.bh/en/plp/buy/land-for-sale-muharraq-governorate-diyar-al-muharraq-sarat-984858.html,2026-05-31T13:58:31.068517+00:00,2026-08-28T04:09:45.604551+00:00,88,2026-08-28T04:09:45.604551+00:00
2026-08-28,new,54068350,,,Villa,renewed | prime location | one floor,,118000.0,,,BHD,sell,,,,,,,,,,,26.16529655456543,50.552181243896484,,,,Hasan Marhoon,,NO,completed,,,,https://www.propertyfinder.bh/en/plp/buy/villa-for-sale-central-governorate-isa-town-54068350.html,2026-06-03T09:37:20.928181+00:00,2026-08-28T04:09:45.604551+00:00,85,2026-08-28T04:09:45.604551+00:00
2026-08-28,new,54397937,,,Villa,Brand New Residential Villa for Sale in Al Sayyah,,132000.0,,,BHD,sell,,,,,,,,,,,26.27199935913086,50.60900115966797,,,,Violeta Abboud,,NO,completed_primary,,,,https://www.propertyfinder.bh/en/plp/buy/villa-for-sale-muharraq-governorate-busaiteen-54397937.html,2026-06-15T21:06:46.439420+00:00,2026-08-28T04:09:45.604551+00:00,73,2026-08-28T04:09:45.604551+00:00
2026-08-28,new,54485261,,,Villa,Villa 3 BHK | Semi furnished | Pool | Wifi,,500.0,,,BHD,monthly,,,,,,,,,,,26.22623634338379,50.49492263793945,,,,Muhammad Aamir Mansha,,PARTLY,,,,,https://www.propertyfinder.bh/en/plp/rent/villa-for-rent-northern-governorate-jannusan-54485261.html,2026-06-18T20:57:37.279688+00:00,2026-08-28T04:09:45.604551+00:00,70,2026-08-28T04:09:45.604551+00:00
2026-08-28,new,54625378,,,Apartment,Hot Deal | Facilities View |  Modern | Rented 530|,,85000.0,,,BHD,sell,,,,,,,,Diyar Al Muharraq,Marassi Park Residences,,26.307302474975586,50.645973205566406,,,,Hanaa Adel,,YES,completed,,,,https://www.propertyfinder.bh/en/plp/buy/apartment-for-sale-muharraq-governorate-diyar-al-muharraq-marassi-park-residences-54625378.html,2026-06-23T20:51:22.852189+00:00,2026-08-28T04:09:45.604551+00:00,65,2026-08-28T04:09:45.604551+00:00
2026-08-28,new,54970869,,,Villa,For rent spacious and luxurious villa in Budaiya,,800.0,,,BHD,monthly,,,,,,,,,,,26.213165283203125,50.447471618652344,,,,Ali Alkhunaizi,,YES,,,,,https://www.propertyfinder.bh/en/plp/rent/villa-for-rent-northern-governorate-budaiya-54970869.html,2026-07-05T21:09:19.331111+00:00,2026-08-28T04:09:45.604551+00:00,53,2026-08-28T04:09:45.604551+00:00
2026-08-28,new,55199043,,,Land,BEST DEAL! RESIDENTIAL SALE LAND IN GALALI - RA,,125982.0,,,BHD,sell,,,,,,,,,,,26.266666412353516,50.650001525878906,,,,Violeta Abboud,,,,,,,https://www.propertyfinder.bh/en/plp/buy/land-for-sale-muharraq-governorate-galali-55199043.html,2026-07-13T21:03:18.261017+00:00,2026-08-28T04:09:45.604551+00:00,45,2026-08-28T04:09:45.604551+00:00
2026-08-28,new,55256848,,,Villa,MASSIVE 6BR VILLA | HAMAD TOWN | MAJLIS & GARDEN,,295000.0,,,BHD,sell,,,,,,,,,,,26.12916374206543,50.49860763549805,,,,Sr Pegasus Agent Dridi,,PARTLY,completed,,,,https://www.propertyfinder.bh/en/plp/buy/villa-for-sale-northern-governorate-hamad-town-55256848.html,2026-07-16T13:23:22.641531+00:00,2026-08-28T04:09:45.604551+00:00,42,2026-08-28T04:09:45.604551+00:00
2026-08-28,new,55284079,,,Apartment,THE PERFECT BLEND OF PRICE AND COMFORT. RENT BD.38,,380.0,,,BHD,monthly,,,,,,,,,,,26.207910537719727,50.587345123291016,,,,Nanda Kumar,,YES,,,,,https://www.propertyfinder.bh/en/plp/rent/apartment-for-rent-capital-governorate-manama-mahooz-55284079.html,2026-07-16T13:23:22.641531+00:00,2026-08-28T04:09:45.604551+00:00,42,2026-08-28T04:09:45.604551+00:00
2026-08-28,new,55454526,,,Apartment,JUST BD.380 with great ambience & Vibe/ Family,,380.0,,,BHD,monthly,,,,,,,,Amwaj Marina,,,26.293058395385742,50.65943908691406,,,,Nanda Kumar,,YES,,,,,https://www.propertyfinder.bh/en/plp/rent/apartment-for-rent-muharraq-governorate-amwaj-islands-amwaj-marina-55454526.html,2026-07-22T21:16:12.940221+00:00,2026-08-28T04:09:45.604551+00:00,36,2026-08-28T04:09:45.604551+00:00
2026-08-28,new,55454768,,,Villa,ULTRA LUXURY | PRIVATE VILLA | READY TO MOVE,,219000.0,,,BHD,sell,,,,,,,,Diyar Al Muharraq,Al Naseem,,26.31142234802246,50.64306640625,,,,Jacob Thomas,,PARTLY,completed_primary,,,,https://www.propertyfinder.bh/en/plp/buy/villa-for-sale-muharraq-governorate-diyar-al-muharraq-al-naseem-55454768.html,2026-07-22T21:16:12.940221+00:00,2026-08-28T04:09:45.604551+00:00,36,2026-08-28T04:09:45.604551+00:00
2026-08-28,new,55569325,,,Bulk Rent Unit,COSY APARTMENT | FREE WIFI | HEART OF JUFFAIR,,300.0,,,BHD,monthly,,,,,,,,,,,26.211111068725586,50.601112365722656,,,,Sheraz Majeed ,,YES,,,,,https://www.propertyfinder.bh/en/plp/rent/bulk-rent-unit-for-rent-capital-governorate-al-juffair-55569325.html,2026-07-26T21:04:01.805629+00:00,2026-08-28T04:09:45.604551+00:00,32,2026-08-28T04:09:45.604551+00:00
2026-08-28,new,56516220,,,Apartment,Luxury One BR | Sea & City Views,,380.0,,,BHD,monthly,,,,,,,,,,,26.207910537719727,50.587345123291016,,,,Sayed Faisal ,,YES,,,,,https://www.propertyfinder.bh/en/plp/rent/apartment-for-rent-capital-governorate-manama-mahooz-56516220.html,2026-08-28T04:09:45.604551+00:00,2026-08-28T04:09:45.604551+00:00,0,2026-08-28T04:09:45.604551+00:00
2026-08-28,new,56516221,,,Apartment,VERY LOW PRICE | SPACIOUS | BEAUTIFUL APR,,400.0,,,BHD,monthly,,,,,,,,Amwaj Avenue,,,26.29302978515625,50.66474151611328,,,,Sayed Faisal ,,YES,,,,,https://www.propertyfinder.bh/en/plp/rent/apartment-for-rent-muharraq-governorate-amwaj-islands-amwaj-avenue-56516221.html,2026-08-28T04:09:45.604551+00:00,2026-08-28T04:09:45.604551+00:00,0,2026-08-28T04:09:45.604551+00:00
2026-08-28,new,56516254,,,Apartment,BEACH | WATER VIEW | BALCONY | Customizedfurniture,,104000.0,,,BHD,sell,,,,,,,,,,,26.239999771118164,50.5369987487793,,,,Eman Abbas,,YES,completed,,,,https://www.propertyfinder.bh/en/plp/buy/apartment-for-sale-capital-governorate-seef-56516254.html,2026-08-28T04:09:45.604551+00:00,2026-08-28T04:09:45.604551+00:00,0,2026-08-28T04:09:45.604551+00:00
2026-08-28,new,56516293,,,Office Space,**Luxury Commercial Space | Seef | Multiple Uses**,,450.0,,,BHD,monthly,,,,,,,,,,,26.239999771118164,50.5369987487793,,,,Husain Abdali,,NO,,,,,https://www.propertyfinder.bh/en/plp/commercial-rent/office-space-for-rent-capital-governorate-seef-56516293.html,2026-08-28T04:09:45.604551+00:00,2026-08-28T04:09:45.604551+00:00,0,2026-08-28T04:09:45.604551+00:00
2026-08-28,new,56516296,,,Apartment,Luxury  2BR 3-Bath | Gym | Jacuzzi | Sauna Steam,,450.0,,,BHD,monthly,,,,,,,,,,,26.185943603515625,50.46711349487305,,,,Zain Jabbar,,YES,,,,,https://www.propertyfinder.bh/en/plp/rent/apartment-for-rent-northern-governorate-janabiya-56516296.html,2026-08-28T04:09:45.604551+00:00,2026-08-28T04:09:45.604551+00:00,0,2026-08-28T04:09:45.604551+00:00
2026-08-28,new,56516298,,,Apartment,Luxury | 1-BHK | Fully Furnished | Unlimited EWA,,220.0,,,BHD,monthly,,,,,,,,,,,26.19164276123047,50.48757553100586,,,,Zain Jabbar,,YES,,,,,https://www.propertyfinder.bh/en/plp/rent/apartment-for-rent-northern-governorate-saar-56516298.html,2026-08-28T04:09:45.604551+00:00,2026-08-28T04:09:45.604551+00:00,0,2026-08-28T04:09:45.604551+00:00
2026-08-28,new,56516302,,,Apartment,Luxury 2-Bedroom| Balcony | Gym Pool | Lobby,,450.0,,,BHD,monthly,,,,,,,,,,,26.19164276123047,50.48757553100586,,,,Zain Jabbar,,YES,,,,,https://www.propertyfinder.bh/en/plp/rent/apartment-for-rent-northern-governorate-saar-56516302.html,2026-08-28T04:09:45.604551+00:00,2026-08-28T04:09:45.604551+00:00,0,2026-08-28T04:09:45.604551+00:00
2026-08-28,new,56516306,,,Apartment,luxury Flat for sales in Juffair area,,37000.0,,,BHD,sell,,,,,,,,,,,26.211111068725586,50.601112365722656,,,,Mohaned Ibrahim,,YES,completed,,,,https://www.propertyfinder.bh/en/plp/buy/apartment-for-sale-capital-governorate-al-juffair-56516306.html,2026-08-28T04:09:45.604551+00:00,2026-08-28T04:09:45.604551+00:00,0,2026-08-28T04:09:45.604551+00:00
2026-08-28,new,56516309,,,Apartment,Spacious 3BHK | Fully Furnished | EWA Inclusive,,380.0,,,BHD,monthly,,,,,,,,,,,26.185943603515625,50.46711349487305,,,,Zain Jabbar,,YES,,,,,https://www.propertyfinder.bh/en/plp/rent/apartment-for-rent-northern-governorate-janabiya-56516309.html,2026-08-28T04:09:45.604551+00:00,2026-08-28T04:09:45.604551+00:00,0,2026-08-28T04:09:45.604551+00:00
2026-08-28,new,56516310,,,Villa,Luxury villa for sale in Diyar Al Muharraq,,130000.0,,,BHD,sell,,,,,,,,Diyar Al Muharraq,Deerat Al Oyoun,,26.31142234802246,50.64306640625,,,,Ahmed Alhayki ,,PARTLY,completed,,,,https://www.propertyfinder.bh/en/plp/buy/villa-for-sale-muharraq-governorate-diyar-al-muharraq-deerat-al-oyoun-56516310.html,2026-08-28T04:09:45.604551+00:00,2026-08-28T04:09:45.604551+00:00,0,2026-08-28T04:09:45.604551+00:00
2026-08-28,new,56516311,,,Apartment,Spacious 1 Bedroom | Furnished | Free Internet,,350.0,,,BHD,monthly,,,,,,,,,,,26.185943603515625,50.46711349487305,,,,Zain Jabbar,,YES,,,,,https://www.propertyfinder.bh/en/plp/rent/apartment-for-rent-northern-governorate-janabiya-56516311.html,2026-08-28T04:09:45.604551+00:00,2026-08-28T04:09:45.604551+00:00,0,2026-08-28T04:09:45.604551+00:00
2026-08-28,new,56516312,,,Apartment,prime flat for sale in al hoora,,46000.0,,,BHD,sell,,,,,,,,,,,26.23387908935547,50.5939826965332,,,,Basel Adel,,YES,completed,,,,https://www.propertyfinder.bh/en/plp/buy/apartment-for-sale-capital-governorate-hoora-56516312.html,2026-08-28T04:09:45.604551+00:00,2026-08-28T04:09:45.604551+00:00,0,2026-08-28T04:09:45.604551+00:00
2026-08-28,new,56516319,,,Apartment,luxury Flat for sales in Juffair area,,37000.0,,,BHD,sell,,,,,,,,,,,26.211111068725586,50.601112365722656,,,,Mohaned Ibrahim,,YES,completed,,,,https://www.propertyfinder.bh/en/plp/buy/apartment-for-sale-capital-governorate-al-juffair-56516319.html,2026-08-28T04:09:45.604551+00:00,2026-08-28T04:09:45.604551+00:00,0,2026-08-28T04:09:45.604551+00:00
2026-08-28,new,56516321,,,Apartment,3 BR Furnished Apartment with Shared Pool and Gym,,600.0,,,BHD,monthly,,,,,,,,,,,26.211111068725586,50.601112365722656,,,,Vishwanth Nunavath,,YES,,,,,https://www.propertyfinder.bh/en/plp/rent/apartment-for-rent-capital-governorate-al-juffair-56516321.html,2026-08-28T04:09:45.604551+00:00,2026-08-28T04:09:45.604551+00:00,0,2026-08-28T04:09:45.604551+00:00
2026-08-28,new,56516322,,,Apartment,luxury Flat for sales in Juffair area,,40000.0,,,BHD,sell,,,,,,,,,,,26.211111068725586,50.601112365722656,,,,Mohaned Ibrahim,,YES,completed,,,,https://www.propertyfinder.bh/en/plp/buy/apartment-for-sale-capital-governorate-al-juffair-56516322.html,2026-08-28T04:09:45.604551+00:00,2026-08-28T04:09:45.604551+00:00,0,2026-08-28T04:09:45.604551+00:00
2026-08-28,new,56516323,,,Apartment,Stunning Sunny Apartment M/ Room Modern Amenities,,650.0,,,BHD,monthly,,,,,,,,Essence of Dilmunia,,,26.27286720275879,50.672889709472656,,,,Mohammed Obaida,,YES,,,,,https://www.propertyfinder.bh/en/plp/rent/apartment-for-rent-muharraq-governorate-dilmunia-island-essence-of-dilmunia-56516323.html,2026-08-28T04:09:45.604551+00:00,2026-08-28T04:09:45.604551+00:00,0,2026-08-28T04:09:45.604551+00:00
2026-08-28,new,56516324,,,Apartment,1 Bedroom flat in the Heart of Um AlHassam,,280.0,,,BHD,monthly,,,,,,,,,,,26.203079223632812,50.594947814941406,,,,Ali  Alnoaimi,,YES,,,,,https://www.propertyfinder.bh/en/plp/rent/apartment-for-rent-capital-governorate-manama-um-al-hasam-56516324.html,2026-08-28T04:09:45.604551+00:00,2026-08-28T04:09:45.604551+00:00,0,2026-08-28T04:09:45.604551+00:00
2026-08-28,new,56516325,,,Villa,10 BR Villa with 4 Parking Slots for Sale,,250000.0,,,BHD,sell,,,,,,,,,,,26.27199935913086,50.60900115966797,,,,Sayed Sadiq Madan,,PARTLY,completed,,,,https://www.propertyfinder.bh/en/plp/buy/villa-for-sale-muharraq-governorate-busaiteen-56516325.html,2026-08-28T04:09:45.604551+00:00,2026-08-28T04:09:45.604551+00:00,0,2026-08-28T04:09:45.604551+00:00
2026-08-28,new,56516328,,,Apartment,Prime location II Modern II Ready to move in III,,320.0,,,BHD,monthly,,,,,,,,,,,26.211111068725586,50.601112365722656,,,,RAJESH  SHIBU,,YES,,,,,https://www.propertyfinder.bh/en/plp/rent/apartment-for-rent-capital-governorate-al-juffair-56516328.html,2026-08-28T04:09:45.604551+00:00,2026-08-28T04:09:45.604551+00:00,0,2026-08-28T04:09:45.604551+00:00
2026-08-28,new,56516332,,,Apartment,FLAT  IN A PRIME LOCATION IN AL HOORA,,60000.0,,,BHD,sell,,,,,,,,,,,26.23387908935547,50.5939826965332,,,,Basel Adel,,YES,completed,,,,https://www.propertyfinder.bh/en/plp/buy/apartment-for-sale-capital-governorate-hoora-56516332.html,2026-08-28T04:09:45.604551+00:00,2026-08-28T04:09:45.604551+00:00,0,2026-08-28T04:09:45.604551+00:00
2026-08-28,new,56516333,,,Apartment,2-Bedroom | Closed Kitchen | Split AC | Lift,,420.0,,,BHD,monthly,,,,,,,,,,,26.27199935913086,50.60900115966797,,,,Saika Rukanaldin,,YES,,,,,https://www.propertyfinder.bh/en/plp/rent/apartment-for-rent-muharraq-governorate-busaiteen-56516333.html,2026-08-28T04:09:45.604551+00:00,2026-08-28T04:09:45.604551+00:00,0,2026-08-28T04:09:45.604551+00:00
2026-08-28,new,56516334,,,Apartment,3 BR Furnished Apartment | 135 Sqm | Shared Pool,,500.0,,,BHD,monthly,,,,,,,,,,,26.211111068725586,50.601112365722656,,,,Vishwanth Nunavath,,YES,,,,,https://www.propertyfinder.bh/en/plp/rent/apartment-for-rent-capital-governorate-al-juffair-56516334.html,2026-08-28T04:09:45.604551+00:00,2026-08-28T04:09:45.604551+00:00,0,2026-08-28T04:09:45.604551+00:00
2026-08-28,new,56516335,,,Land,for sale a prime land in hoora,,110000.0,,,BHD,sell,,,,,,,,,,,26.23387908935547,50.5939826965332,,,,Basel Adel,,,,,,,https://www.propertyfinder.bh/en/plp/buy/land-for-sale-capital-governorate-hoora-56516335.html,2026-08-28T04:09:45.604551+00:00,2026-08-28T04:09:45.604551+00:00,0,2026-08-28T04:09:45.604551+00:00
2026-08-28,new,56516336,,,Land,for sale a premium land in zinj,,345212.0,,,BHD,sell,,,,,,,,,,,26.23387908935547,50.5939826965332,,,,Basel Adel,,,,,,,https://www.propertyfinder.bh/en/plp/buy/land-for-sale-capital-governorate-hoora-56516336.html,2026-08-28T04:09:45.604551+00:00,2026-08-28T04:09:45.604551+00:00,0,2026-08-28T04:09:45.604551+00:00
2026-08-28,new,56516337,,,Villa,"Villa for sale in Arad, two streets and a corner l",,170000.0,,,BHD,sell,,,,,,,,,,,26.25,50.650001525878906,,,,Ahmed Alhayki ,,PARTLY,completed,,,,https://www.propertyfinder.bh/en/plp/buy/villa-for-sale-muharraq-governorate-arad-56516337.html,2026-08-28T04:09:45.604551+00:00,2026-08-28T04:09:45.604551+00:00,0,2026-08-28T04:09:45.604551+00:00
2026-08-28,new,56516340,,,Apartment,Modern Luxurious Apartment Maid Room Balcony,,950.0,,,BHD,monthly,,,,,,,,The Lagoon,,,26.287778854370117,50.66339111328125,,,,Mohammed Obaida,,YES,,,,,https://www.propertyfinder.bh/en/plp/rent/apartment-for-rent-muharraq-governorate-amwaj-islands-the-lagoon-56516340.html,2026-08-28T04:09:45.604551+00:00,2026-08-28T04:09:45.604551+00:00,0,2026-08-28T04:09:45.604551+00:00
2026-08-28,new,56516352,,,Apartment,ELEGENT BRAND NEW 3.5 BEDROOMS WITH GREAT OFFER!,,550.0,,,BHD,monthly,,,,,,,,,,,26.211111068725586,50.601112365722656,,,,RAJESH  SHIBU,,YES,,,,,https://www.propertyfinder.bh/en/plp/rent/apartment-for-rent-capital-governorate-al-juffair-56516352.html,2026-08-28T04:09:45.604551+00:00,2026-08-28T04:09:45.604551+00:00,0,2026-08-28T04:09:45.604551+00:00
2026-08-28,new,56516355,,,Apartment,Luxurious Spacious Apartment Private Pool M/ Room,,1400.0,,,BHD,monthly,,,,,,,,Essence of Dilmunia,,,26.27286720275879,50.672889709472656,,,,Mohammed Obaida,,YES,,,,,https://www.propertyfinder.bh/en/plp/rent/apartment-for-rent-muharraq-governorate-dilmunia-island-essence-of-dilmunia-56516355.html,2026-08-28T04:09:45.604551+00:00,2026-08-28T04:09:45.604551+00:00,0,2026-08-28T04:09:45.604551+00:00
2026-08-28,new,56516356,,,Apartment,400BD Spacious 3-Bedroom Flat for Rent – Almahooz,,400.0,,,BHD,monthly,,,,,,,,,,,26.207910537719727,50.587345123291016,,,,Ali  Alnoaimi,,PARTLY,,,,,https://www.propertyfinder.bh/en/plp/rent/apartment-for-rent-capital-governorate-manama-mahooz-56516356.html,2026-08-28T04:09:45.604551+00:00,2026-08-28T04:09:45.604551+00:00,0,2026-08-28T04:09:45.604551+00:00
2026-08-28,new,56516358,,,Apartment,2 Bedrooms Flat for rent in Al Hoora-Manama,,190.0,,,BHD,monthly,,,,,,,,,,,26.23387908935547,50.5939826965332,,,,Ali  Alnoaimi,,PARTLY,,,,,https://www.propertyfinder.bh/en/plp/rent/apartment-for-rent-capital-governorate-hoora-56516358.html,2026-08-28T04:09:45.604551+00:00,2026-08-28T04:09:45.604551+00:00,0,2026-08-28T04:09:45.604551+00:00
2026-08-28,new,56516359,,,Land,land in premium location in hoora,,950000.0,,,BHD,sell,,,,,,,,,,,26.23387908935547,50.5939826965332,,,,Basel Adel,,,,,,,https://www.propertyfinder.bh/en/plp/buy/land-for-sale-capital-governorate-hoora-56516359.html,2026-08-28T04:09:45.604551+00:00,2026-08-28T04:09:45.604551+00:00,0,2026-08-28T04:09:45.604551+00:00
2026-08-28,new,56516360,,,Apartment,PRIME LOCATION | SPACIOUS | BALCONY,,500.0,,,BHD,monthly,,,,,,,,,,,26.239999771118164,50.5369987487793,,,,Majeed Moosa,,YES,,,,,https://www.propertyfinder.bh/en/plp/rent/apartment-for-rent-capital-governorate-seef-56516360.html,2026-08-28T04:09:45.604551+00:00,2026-08-28T04:09:45.604551+00:00,0,2026-08-28T04:09:45.604551+00:00
2026-08-28,new,56516362,,,Land,for sale a prime land in hoora,,195000.0,,,BHD,sell,,,,,,,,,,,26.23387908935547,50.5939826965332,,,,Basel Adel,,,,,,,https://www.propertyfinder.bh/en/plp/buy/land-for-sale-capital-governorate-hoora-56516362.html,2026-08-28T04:09:45.604551+00:00,2026-08-28T04:09:45.604551+00:00,0,2026-08-28T04:09:45.604551+00:00
2026-08-28,new,56516363,,,Apartment,2-Bedroom Flat for Rent in North Sehla 150 BD only,,150.0,,,BHD,monthly,,,,,,,,,,,26.20176887512207,50.53025436401367,,,,Ali  Alnoaimi,,NO,,,,,https://www.propertyfinder.bh/en/plp/rent/apartment-for-rent-northern-governorate-sehla-56516363.html,2026-08-28T04:09:45.604551+00:00,2026-08-28T04:09:45.604551+00:00,0,2026-08-28T04:09:45.604551+00:00
2026-08-28,new,56516364,,,Apartment,Furnished 2 BR Apartment with Shared Pool and Gym,,450.0,,,BHD,monthly,,,,,,,,,,,26.211111068725586,50.601112365722656,,,,Vishwanth Nunavath,,YES,,,,,https://www.propertyfinder.bh/en/plp/rent/apartment-for-rent-capital-governorate-al-juffair-56516364.html,2026-08-28T04:09:45.604551+00:00,2026-08-28T04:09:45.604551+00:00,0,2026-08-28T04:09:45.604551+00:00
2026-08-28,new,56516366,,,Apartment,"1 Bedroom Flat for Rent in Adliya, – BD 170/-",,170.0,,,BHD,monthly,,,,,,,,,,,26.214487075805664,50.584754943847656,,,,Ali  Alnoaimi,,NO,,,,,https://www.propertyfinder.bh/en/plp/rent/apartment-for-rent-capital-governorate-manama-adliya-56516366.html,2026-08-28T04:09:45.604551+00:00,2026-08-28T04:09:45.604551+00:00,0,2026-08-28T04:09:45.604551+00:00
2026-08-28,new,56516374,,,Land,505 Sqm Investment Land Plot in Seef District,,272000.0,,,BHD,sell,,,,,,,,,,,26.239999771118164,50.5369987487793,,,,Ahmed Shehab,,,,,,,https://www.propertyfinder.bh/en/plp/commercial-buy/land-for-sale-capital-governorate-seef-56516374.html,2026-08-28T04:09:45.604551+00:00,2026-08-28T04:09:45.604551+00:00,0,2026-08-28T04:09:45.604551+00:00
2026-08-28,new,56516375,,,Office Space,Commercial Office For Rent in Umalhasam 300/BD,,300.0,,,BHD,monthly,,,,,,,,,,,26.203079223632812,50.594947814941406,,,,Ali  Alnoaimi,,YES,,,,,https://www.propertyfinder.bh/en/plp/commercial-rent/office-space-for-rent-capital-governorate-manama-um-al-hasam-56516375.html,2026-08-28T04:09:45.604551+00:00,2026-08-28T04:09:45.604551+00:00,0,2026-08-28T04:09:45.604551+00:00
2026-08-28,new,56516377,,,Land,642 sqm Investment Land Plot for Sale,,242000.0,,,BHD,sell,,,,,,,,,,,26.239999771118164,50.5369987487793,,,,Ahmed Shehab,,,,,,,https://www.propertyfinder.bh/en/plp/commercial-buy/land-for-sale-capital-governorate-seef-56516377.html,2026-08-28T04:09:45.604551+00:00,2026-08-28T04:09:45.604551+00:00,0,2026-08-28T04:09:45.604551+00:00
2026-08-28,new,56516378,,,Land,731 sqm Investment Land Plot in Seef District,,275000.0,,,BHD,sell,,,,,,,,,,,26.239999771118164,50.5369987487793,,,,Ahmed Shehab,,,,,,,https://www.propertyfinder.bh/en/plp/commercial-buy/land-for-sale-capital-governorate-seef-56516378.html,2026-08-28T04:09:45.604551+00:00,2026-08-28T04:09:45.604551+00:00,0,2026-08-28T04:09:45.604551+00:00
2026-08-28,new,56516380,,,Villa,VILLA FOR SALE IN BUSSAITEEN,,230000.0,,,BHD,sell,,,,,,,,,,,26.27199935913086,50.60900115966797,,,,Sayed Sadiq Madan,,NO,completed,,,,https://www.propertyfinder.bh/en/plp/buy/villa-for-sale-muharraq-governorate-busaiteen-56516380.html,2026-08-28T04:09:45.604551+00:00,2026-08-28T04:09:45.604551+00:00,0,2026-08-28T04:09:45.604551+00:00
2026-08-28,new,56516386,,,Land,"1,144 Sqft Investment Land Plot for Sale",,480000.0,,,BHD,sell,,,,,,,,,,,26.239999771118164,50.5369987487793,,,,Ahmed Shehab,,,,,,,https://www.propertyfinder.bh/en/plp/commercial-buy/land-for-sale-capital-governorate-seef-56516386.html,2026-08-28T04:09:45.604551+00:00,2026-08-28T04:09:45.604551+00:00,0,2026-08-28T04:09:45.604551+00:00
2026-08-28,new,56516388,,,Land,450 sqm Investment Land Plot for Sale,,184000.0,,,BHD,sell,,,,,,,,,,,26.239999771118164,50.5369987487793,,,,Ahmed Shehab,,,,,,,https://www.propertyfinder.bh/en/plp/commercial-buy/land-for-sale-capital-governorate-seef-56516388.html,2026-08-28T04:09:45.604551+00:00,2026-08-28T04:09:45.604551+00:00,0,2026-08-28T04:09:45.604551+00:00
2026-08-28,new,56516389,,,Land,"1,719 Sq. Ft. Investment Land Plot for Sale",,110000000.0,,,BHD,sell,,,,,,,,,,,26.239999771118164,50.5369987487793,,,,Ahmed Shehab,,,,,,,https://www.propertyfinder.bh/en/plp/commercial-buy/land-for-sale-capital-governorate-seef-56516389.html,2026-08-28T04:09:45.604551+00:00,2026-08-28T04:09:45.604551+00:00,0,2026-08-28T04:09:45.604551+00:00
2026-08-28,new,56516390,,,Land,for sale a prime land in hoora,,457367.0,,,BHD,sell,,,,,,,,,,,26.23387908935547,50.5939826965332,,,,Basel Adel,,,,,,,https://www.propertyfinder.bh/en/plp/buy/land-for-sale-capital-governorate-hoora-56516390.html,2026-08-28T04:09:45.604551+00:00,2026-08-28T04:09:45.604551+00:00,0,2026-08-28T04:09:45.604551+00:00
2026-08-28,new,56516398,,,Whole Building,BUILDING FOR SALER IN BUSSAITEEN,,180000.0,,,BHD,sell,,,,,,,,,,,26.27199935913086,50.60900115966797,,,,Sayed Sadiq Madan,,PARTLY,completed,,,,https://www.propertyfinder.bh/en/plp/buy/whole-building-for-sale-muharraq-governorate-busaiteen-56516398.html,2026-08-28T04:09:45.604551+00:00,2026-08-28T04:09:45.604551+00:00,0,2026-08-28T04:09:45.604551+00:00
2026-08-28,new,56516399,,,Apartment,luxury Flat for sales in Juffair area,,65000.0,,,BHD,sell,,,,,,,,,,,26.211111068725586,50.601112365722656,,,,Mohaned Ibrahim,,YES,completed,,,,https://www.propertyfinder.bh/en/plp/buy/apartment-for-sale-capital-governorate-al-juffair-56516399.html,2026-08-28T04:09:45.604551+00:00,2026-08-28T04:09:45.604551+00:00,0,2026-08-28T04:09:45.604551+00:00
2026-08-28,new,56516400,,,Apartment,luxury Flat for sales in Juffair area,,70000.0,,,BHD,sell,,,,,,,,,,,26.211111068725586,50.601112365722656,,,,Mohaned Ibrahim,,YES,completed,,,,https://www.propertyfinder.bh/en/plp/buy/apartment-for-sale-capital-governorate-al-juffair-56516400.html,2026-08-28T04:09:45.604551+00:00,2026-08-28T04:09:45.604551+00:00,0,2026-08-28T04:09:45.604551+00:00
2026-08-28,new,56516401,,,Apartment,luxury Flat for sales in Juffair area,,78000.0,,,BHD,sell,,,,,,,,,,,26.211111068725586,50.601112365722656,,,,Mohaned Ibrahim,,YES,completed,,,,https://www.propertyfinder.bh/en/plp/buy/apartment-for-sale-capital-governorate-al-juffair-56516401.html,2026-08-28T04:09:45.604551+00:00,2026-08-28T04:09:45.604551+00:00,0,2026-08-28T04:09:45.604551+00:00
2026-08-28,new,56516402,,,Apartment,luxury Flat for sales in Juffair area,,50000.0,,,BHD,sell,,,,,,,,,,,26.211111068725586,50.601112365722656,,,,Mohaned Ibrahim,,YES,completed,,,,https://www.propertyfinder.bh/en/plp/buy/apartment-for-sale-capital-governorate-al-juffair-56516402.html,2026-08-28T04:09:45.604551+00:00,2026-08-28T04:09:45.604551+00:00,0,2026-08-28T04:09:45.604551+00:00
2026-08-28,new,56516416,,,Apartment,luxury Flat for sales in Juffair area,,75000.0,,,BHD,sell,,,,,,,,,,,26.211111068725586,50.601112365722656,,,,Mohaned Ibrahim,,YES,completed,,,,https://www.propertyfinder.bh/en/plp/buy/apartment-for-sale-capital-governorate-al-juffair-56516416.html,2026-08-28T04:09:45.604551+00:00,2026-08-28T04:09:45.604551+00:00,0,2026-08-28T04:09:45.604551+00:00
2026-08-28,new,56516420,,,Apartment,Spacious Sunny Apartment Maid Room Balcony,,500.0,,,BHD,monthly,,,,,,,,The Lagoon,,,26.287778854370117,50.66339111328125,,,,Mohammed Obaida,,YES,,,,,https://www.propertyfinder.bh/en/plp/rent/apartment-for-rent-muharraq-governorate-amwaj-islands-the-lagoon-56516420.html,2026-08-28T04:09:45.604551+00:00,2026-08-28T04:09:45.604551+00:00,0,2026-08-28T04:09:45.604551+00:00
2026-08-28,new,56516421,,,Apartment,luxury Flat for sales in Amwaj area,,52000.0,,,BHD,sell,,,,,,,,,,,26.288480758666992,50.66381072998047,,,,Mohaned Ibrahim,,PARTLY,completed_primary,,,,https://www.propertyfinder.bh/en/plp/buy/apartment-for-sale-muharraq-governorate-amwaj-islands-56516421.html,2026-08-28T04:09:45.604551+00:00,2026-08-28T04:09:45.604551+00:00,0,2026-08-28T04:09:45.604551+00:00
2026-08-28,new,56516423,,,Apartment,luxury Flat for sales in Amwaj area,,56000.0,,,BHD,sell,,,,,,,,,,,26.288480758666992,50.66381072998047,,,,Mohaned Ibrahim,,PARTLY,completed,,,,https://www.propertyfinder.bh/en/plp/buy/apartment-for-sale-muharraq-governorate-amwaj-islands-56516423.html,2026-08-28T04:09:45.604551+00:00,2026-08-28T04:09:45.604551+00:00,0,2026-08-28T04:09:45.604551+00:00
2026-08-28,new,56516424,,,Apartment,luxury Flat for sales in Amwaj area,,75000.0,,,BHD,sell,,,,,,,,,,,26.288480758666992,50.66381072998047,,,,Mohaned Ibrahim,,YES,completed,,,,https://www.propertyfinder.bh/en/plp/buy/apartment-for-sale-muharraq-governorate-amwaj-islands-56516424.html,2026-08-28T04:09:45.604551+00:00,2026-08-28T04:09:45.604551+00:00,0,2026-08-28T04:09:45.604551+00:00
2026-08-28,new,56516426,,,Land,A Land In Diyar Al Muharraq Best Place For Sale,,102554.0,,,BHD,sell,,,,,,,,Diyar Al Muharraq,,,26.31142234802246,50.64306640625,,,,Mohaned Ibrahim,,,,,,,https://www.propertyfinder.bh/en/plp/buy/land-for-sale-muharraq-governorate-diyar-al-muharraq-56516426.html,2026-08-28T04:09:45.604551+00:00,2026-08-28T04:09:45.604551+00:00,0,2026-08-28T04:09:45.604551+00:00
2026-08-28,new,56516431,,,Apartment,luxury Flat for sales in Juffair area,,77000.0,,,BHD,sell,,,,,,,,,,,26.211111068725586,50.601112365722656,,,,Mohaned Ibrahim,,YES,completed,,,,https://www.propertyfinder.bh/en/plp/buy/apartment-for-sale-capital-governorate-al-juffair-56516431.html,2026-08-28T04:09:45.604551+00:00,2026-08-28T04:09:45.604551+00:00,0,2026-08-28T04:09:45.604551+00:00
2026-08-28,new,56516435,,,Whole Building,BUILDING FOR SALER IN BUSSAITEEN,,240000.0,,,BHD,sell,,,,,,,,,,,26.27199935913086,50.60900115966797,,,,Sayed Sadiq Madan,,NO,completed,,,,https://www.propertyfinder.bh/en/plp/buy/whole-building-for-sale-muharraq-governorate-busaiteen-56516435.html,2026-08-28T04:09:45.604551+00:00,2026-08-28T04:09:45.604551+00:00,0,2026-08-28T04:09:45.604551+00:00
2026-08-28,new,56516438,,,Land,Villa for sale in Arad,,180000.0,,,BHD,sell,,,,,,,,,,,26.25,50.650001525878906,,,,Ahmed Alhayki ,,,,,,,https://www.propertyfinder.bh/en/plp/buy/land-for-sale-muharraq-governorate-arad-56516438.html,2026-08-28T04:09:45.604551+00:00,2026-08-28T04:09:45.604551+00:00,0,2026-08-28T04:09:45.604551+00:00
2026-08-28,new,56516441,,,Villa,Residential and commercial building for in Arad,,150000.0,,,BHD,sell,,,,,,,,,,,26.25,50.650001525878906,,,,Ahmed Alhayki ,,NO,completed,,,,https://www.propertyfinder.bh/en/plp/commercial-buy/villa-for-sale-muharraq-governorate-arad-56516441.html,2026-08-28T04:09:45.604551+00:00,2026-08-28T04:09:45.604551+00:00,0,2026-08-28T04:09:45.604551+00:00
2026-08-28,new,56516443,,,Land,"Large, prime plot of land for sale in Arad",,258000.0,,,BHD,sell,,,,,,,,,,,26.25,50.650001525878906,,,,Ahmed Alhayki ,,,,,,,https://www.propertyfinder.bh/en/plp/buy/land-for-sale-muharraq-governorate-arad-56516443.html,2026-08-28T04:09:45.604551+00:00,2026-08-28T04:09:45.604551+00:00,0,2026-08-28T04:09:45.604551+00:00
2026-08-28,new,56516461,,,Shop,Shop for rent East & West Mall,,575.0,,,BHD,monthly,,,,,,,,,,,26.16529655456543,50.552181243896484,,,,Ayman Idrees,,NO,,,,,https://www.propertyfinder.bh/en/plp/commercial-rent/shop-for-rent-central-governorate-isa-town-56516461.html,2026-08-28T04:09:45.604551+00:00,2026-08-28T04:09:45.604551+00:00,0,2026-08-28T04:09:45.604551+00:00
2026-08-28,new,56516467,,,Apartment,ELEGANT COZY  2BHK |SEA VIEW | PRIME LOCATION,,520.0,,,BHD,monthly,,,,,,,,Diyar Al Muharraq,Marassi Shores Residences,,26.303447723388672,50.6461296081543,,,,Zuhair Tlili,,PARTLY,,,,,https://www.propertyfinder.bh/en/plp/rent/apartment-for-rent-muharraq-governorate-diyar-al-muharraq-marassi-shores-residences-56516467.html,2026-08-28T04:09:45.604551+00:00,2026-08-28T04:09:45.604551+00:00,0,2026-08-28T04:09:45.604551+00:00
2026-08-28,new,56516483,,,Apartment,GREAT DEAL | PRIME SEEF AREA | BALCONY | 2BHK,,400.0,,,BHD,monthly,,,,,,,,,,,26.239999771118164,50.5369987487793,,,,Rolin Faouri,,YES,,,,,https://www.propertyfinder.bh/en/plp/rent/apartment-for-rent-capital-governorate-seef-56516483.html,2026-08-28T04:09:45.604551+00:00,2026-08-28T04:09:45.604551+00:00,0,2026-08-28T04:09:45.604551+00:00
2026-08-28,new,56516485,,,Whole Building,Brand New Labour Buildings for Rent in Tubli,,3000.0,,,BHD,monthly,,,,,,,,,,,26.188888549804688,50.54999923706055,,,,Ali  Alnoaimi,,NO,,,,,https://www.propertyfinder.bh/en/plp/rent/whole-building-for-rent-central-governorate-tubli-56516485.html,2026-08-28T04:09:45.604551+00:00,2026-08-28T04:09:45.604551+00:00,0,2026-08-28T04:09:45.604551+00:00
2026-08-28,new,56516487,,,Villa,PRIVATE POOL | DELUXE | WATERFRONT | PP AVAILABLE,,680000.0,,,BHD,sell,,,,,,,,,,,26.241750717163086,50.5663948059082,,,,Rolin Faouri,,PARTLY,off_plan_primary,,,,https://www.propertyfinder.bh/en/plp/buy/villa-for-sale-capital-governorate-reef-island-56516487.html,2026-08-28T04:09:45.604551+00:00,2026-08-28T04:09:45.604551+00:00,0,2026-08-28T04:09:45.604551+00:00
2026-08-28,new,56516489,,,Apartment,YOUR DREAM HOME | LUXURY 3BR+MAID | TOP FACILITIES,,2000.0,,,BHD,monthly,,,,,,,,,,,26.249584197998047,50.580360412597656,,,,Rolin Faouri,,YES,,,,,https://www.propertyfinder.bh/en/plp/rent/apartment-for-rent-capital-governorate-bahrain-bay-56516489.html,2026-08-28T04:09:45.604551+00:00,2026-08-28T04:09:45.604551+00:00,0,2026-08-28T04:09:45.604551+00:00
2026-08-28,new,56516492,,,Apartment,BRAND NEW 1BHK | AFFORDABLE | HOUSE KEEPING,,400.0,,,BHD,monthly,,,,,,,,,,,26.239999771118164,50.5369987487793,,,,Zuhair Tlili,,YES,,,,,https://www.propertyfinder.bh/en/plp/rent/apartment-for-rent-capital-governorate-seef-56516492.html,2026-08-28T04:09:45.604551+00:00,2026-08-28T04:09:45.604551+00:00,0,2026-08-28T04:09:45.604551+00:00
2026-08-28,new,56516505,,,Apartment,FULLY RENOVATED | PRIME LOCATION | SPACIOUS 3BHK,,600.0,,,BHD,monthly,,,,,,,,,,,26.239999771118164,50.5369987487793,,,,Zuhair Tlili,,YES,,,,,https://www.propertyfinder.bh/en/plp/rent/apartment-for-rent-capital-governorate-seef-56516505.html,2026-08-28T04:09:45.604551+00:00,2026-08-28T04:09:45.604551+00:00,0,2026-08-28T04:09:45.604551+00:00
2026-08-28,new,56516507,,,Villa,NAVY APPROVED | PRIVATE POOL | ELEVATOR | 3BHK,,1380.0,,,BHD,monthly,,,,,,,,,,,26.266666412353516,50.650001525878906,,,,Zuhair Tlili,,YES,,,,,https://www.propertyfinder.bh/en/plp/rent/villa-for-rent-muharraq-governorate-galali-56516507.html,2026-08-28T04:09:45.604551+00:00,2026-08-28T04:09:45.604551+00:00,0,2026-08-28T04:09:45.604551+00:00
2026-08-28,new,56516509,,,Apartment,SPACIOUS 2BHK | HUGE BALCONY | PRIME LOCATION,,480.0,,,BHD,monthly,,,,,,,,Sanabis,,,26.226558685302734,50.5459098815918,,,,Zuhair Tlili,,PARTLY,,,,,https://www.propertyfinder.bh/en/plp/rent/apartment-for-rent-capital-governorate-manama-sanabis-56516509.html,2026-08-28T04:09:45.604551+00:00,2026-08-28T04:09:45.604551+00:00,0,2026-08-28T04:09:45.604551+00:00
2026-08-28,new,56516511,,,Apartment,BEST IN SEEF | DELUXE 3BHK + 1| 5-STAR FACILITIES,,1200.0,,,BHD,monthly,,,,,,,,,,,26.239999771118164,50.5369987487793,,,,Zuhair Tlili,,YES,,,,,https://www.propertyfinder.bh/en/plp/rent/apartment-for-rent-capital-governorate-seef-56516511.html,2026-08-28T04:09:45.604551+00:00,2026-08-28T04:09:45.604551+00:00,0,2026-08-28T04:09:45.604551+00:00
2026-08-28,new,56516515,,,Villa,MODERN 4BHK VILLA | BRAND NEW LUXURY | 2 KITCHENS,,195000.0,,,BHD,sell,,,,,,,,,,,26.213165283203125,50.447471618652344,,,,Yumna Awad,,YES,completed_primary,,,,https://www.propertyfinder.bh/en/plp/buy/villa-for-sale-northern-governorate-budaiya-56516515.html,2026-08-28T04:09:45.604551+00:00,2026-08-28T04:09:45.604551+00:00,0,2026-08-28T04:09:45.604551+00:00
2026-08-28,new,56516523,,,Villa,LOWEST PRICE!! | SPACIOUS 4BHK | BRIGHT and MODERN,,450.0,,,BHD,monthly,,,,,,,,,,,26.220962524414062,50.46446990966797,,,,Yumna Awad,,PARTLY,,,,,https://www.propertyfinder.bh/en/plp/rent/villa-for-rent-northern-governorate-diraz-56516523.html,2026-08-28T04:09:45.604551+00:00,2026-08-28T04:09:45.604551+00:00,0,2026-08-28T04:09:45.604551+00:00
2026-08-28,new,56516526,,,Apartment,NAVY APPROVED | WATER PARK | 2BHK+MAIDS | BALCONY,,750.0,,,BHD,monthly,,,,,,,,Essence of Dilmunia,,,26.27286720275879,50.672889709472656,,,,Rolin Faouri,,YES,,,,,https://www.propertyfinder.bh/en/plp/rent/apartment-for-rent-muharraq-governorate-dilmunia-island-essence-of-dilmunia-56516526.html,2026-08-28T04:09:45.604551+00:00,2026-08-28T04:09:45.604551+00:00,0,2026-08-28T04:09:45.604551+00:00
2026-08-28,new,56516528,,,Apartment,TASTEFULLY FURNISHED | READY to MOVE IN | 2BHK,,400.0,,,BHD,monthly,,,,,,,,,,,26.1314754486084,50.568843841552734,,,,Yumna Awad,,YES,,,,,https://www.propertyfinder.bh/en/plp/rent/apartment-for-rent-southern-governorate-riffa-bu-kowarah-56516528.html,2026-08-28T04:09:45.604551+00:00,2026-08-28T04:09:45.604551+00:00,0,2026-08-28T04:09:45.604551+00:00
2026-08-28,new,56516529,,,Office Space,Offices for Rent in Seef Area – Bahrain,,400.0,,,BHD,monthly,,,,,,,,,,,26.239999771118164,50.5369987487793,,,,Husain  Alarayedh,,PARTLY,,,,,https://www.propertyfinder.bh/en/plp/commercial-rent/office-space-for-rent-capital-governorate-seef-56516529.html,2026-08-28T04:09:45.604551+00:00,2026-08-28T04:09:45.604551+00:00,0,2026-08-28T04:09:45.604551+00:00
2026-08-28,new,56516531,,,Penthouse,BRAND NEW | PENTHOUSE | CLOSED KITCHEN | SPACIOUS,,750.0,,,BHD,monthly,,,,,,,,,,,26.239999771118164,50.5369987487793,,,,Zuhair Tlili,,YES,,,,,https://www.propertyfinder.bh/en/plp/rent/penthouse-for-rent-capital-governorate-seef-56516531.html,2026-08-28T04:09:45.604551+00:00,2026-08-28T04:09:45.604551+00:00,0,2026-08-28T04:09:45.604551+00:00
2026-08-28,new,56516535,,,Villa,ELEGANT |  SPACIOUS | 5 BHK | EXQUISITE 3 LEVEL,,131500.0,,,BHD,sell,,,,,,,,,,,26.19164276123047,50.48757553100586,,,,Yumna Awad,,NO,completed,,,,https://www.propertyfinder.bh/en/plp/buy/villa-for-sale-northern-governorate-saar-56516535.html,2026-08-28T04:09:45.604551+00:00,2026-08-28T04:09:45.604551+00:00,0,2026-08-28T04:09:45.604551+00:00
2026-08-28,new,56516542,,,Apartment,MODERN 3BHK | READY TO MOVE IN | SPACIOUS,,400.0,,,BHD,monthly,,,,,,,,,,,26.20975685119629,50.50579833984375,,,,Yumna Awad,,YES,,,,,https://www.propertyfinder.bh/en/plp/rent/apartment-for-rent-northern-governorate-shakhura-56516542.html,2026-08-28T04:09:45.604551+00:00,2026-08-28T04:09:45.604551+00:00,0,2026-08-28T04:09:45.604551+00:00
2026-08-28,new,56516544,,,Villa,STANDALONE | 4BHK VILLA | PRIVATE POOL | SPACIOUS,,160000.0,,,BHD,sell,,,,,,,,,,,26.21263313293457,50.67418670654297,,,,Zuhair Tlili,,PARTLY,completed,,,,https://www.propertyfinder.bh/en/plp/buy/villa-for-sale-muharraq-governorate-hidd-56516544.html,2026-08-28T04:09:45.604551+00:00,2026-08-28T04:09:45.604551+00:00,0,2026-08-28T04:09:45.604551+00:00
2026-08-28,new,56516546,,,Apartment,READY 1BHK APARTMENT | MARASSI,,99888.0,,,BHD,sell,,,,,,,,Diyar Al Muharraq,,,26.303447723388672,50.6461296081543,,,,Zuhair Tlili,,PARTLY,completed_primary,,,,https://www.propertyfinder.bh/en/plp/buy/apartment-for-sale-muharraq-governorate-diyar-al-muharraq-marassi-al-bahrain-56516546.html,2026-08-28T04:09:45.604551+00:00,2026-08-28T04:09:45.604551+00:00,0,2026-08-28T04:09:45.604551+00:00
2026-08-28,new,56516548,,,Villa,4 BR Furnished Villa with Private Pool in Juffair,,750.0,,,BHD,monthly,,,,,,,,,,,26.2102108001709,50.56403350830078,,,,Alice Wanjiru,,YES,,,,,https://www.propertyfinder.bh/en/plp/rent/villa-for-rent-capital-governorate-manama-zinj-56516548.html,2026-08-28T04:09:45.604551+00:00,2026-08-28T04:09:45.604551+00:00,0,2026-08-28T04:09:45.604551+00:00
2026-08-28,new,56516550,,,Apartment,LUXURY 2BHK | MARASSI | PRIME LOCATION,,137888.0,,,BHD,sell,,,,,,,,Diyar Al Muharraq,,,26.303447723388672,50.6461296081543,,,,Zuhair Tlili,,PARTLY,completed_primary,,,,https://www.propertyfinder.bh/en/plp/buy/apartment-for-sale-muharraq-governorate-diyar-al-muharraq-marassi-al-bahrain-56516550.html,2026-08-28T04:09:45.604551+00:00,2026-08-28T04:09:45.604551+00:00,0,2026-08-28T04:09:45.604551+00:00
2026-08-28,new,56516551,,,Apartment,Closed Kitchen | Family Friendly | Near Malls,,350.0,,,BHD,monthly,,,,,,,,Sanabis,,,26.226558685302734,50.5459098815918,,,,Adeel Ajaz,,YES,,,,,https://www.propertyfinder.bh/en/plp/rent/apartment-for-rent-capital-governorate-manama-sanabis-56516551.html,2026-08-28T04:09:45.604551+00:00,2026-08-28T04:09:45.604551+00:00,0,2026-08-28T04:09:45.604551+00:00
2026-08-28,new,56516553,,,Apartment,BRAND NEW 3BHK | TERRACES | MARASSI,,249888.0,,,BHD,sell,,,,,,,,Diyar Al Muharraq,,,26.303447723388672,50.6461296081543,,,,Zuhair Tlili,,PARTLY,completed_primary,,,,https://www.propertyfinder.bh/en/plp/buy/apartment-for-sale-muharraq-governorate-diyar-al-muharraq-marassi-al-bahrain-56516553.html,2026-08-28T04:09:45.604551+00:00,2026-08-28T04:09:45.604551+00:00,0,2026-08-28T04:09:45.604551+00:00
2026-08-28,new,56516561,,,Villa,SPACIOUS 4BHK VILLA | SAAR | MAID ROOM | POOL,,1100.0,,,BHD,monthly,,,,,,,,,,,26.19164276123047,50.48757553100586,,,,Yumna Awad,,PARTLY,,,,,https://www.propertyfinder.bh/en/plp/rent/villa-for-rent-northern-governorate-saar-56516561.html,2026-08-28T04:09:45.604551+00:00,2026-08-28T04:09:45.604551+00:00,0,2026-08-28T04:09:45.604551+00:00
2026-08-28,new,56516563,,,Apartment,MODERN 2BHK | LAGOON | PRIME LOCATION,,600.0,,,BHD,monthly,,,,,,,,The Lagoon,,,26.287778854370117,50.66339111328125,,,,Rolin Faouri,,YES,,,,,https://www.propertyfinder.bh/en/plp/rent/apartment-for-rent-muharraq-governorate-amwaj-islands-the-lagoon-56516563.html,2026-08-28T04:09:45.604551+00:00,2026-08-28T04:09:45.604551+00:00,0,2026-08-28T04:09:45.604551+00:00
2026-08-28,new,56516565,,,Apartment,PRIVATE POOL | BRAND NEW | STYLISH LAYOUT,,1200.0,,,BHD,monthly,,,,,,,,,,,26.239999771118164,50.5369987487793,,,,Preeti Paudel,,YES,,,,,https://www.propertyfinder.bh/en/plp/rent/apartment-for-rent-capital-governorate-seef-56516565.html,2026-08-28T04:09:45.604551+00:00,2026-08-28T04:09:45.604551+00:00,0,2026-08-28T04:09:45.604551+00:00
2026-08-28,new,56516568,,,Office Space,SHELL & CORE OFFICE | BFH | HUGE SPACE,,5000.0,,,BHD,monthly,,,,,,,,Bahrain Financial Harbour,,,26.23778533935547,50.57342529296875,,,,Rolin Faouri,,NO,,,,,https://www.propertyfinder.bh/en/plp/commercial-rent/office-space-for-rent-capital-governorate-manama-bahrain-financial-harbour-56516568.html,2026-08-28T04:09:45.604551+00:00,2026-08-28T04:09:45.604551+00:00,0,2026-08-28T04:09:45.604551+00:00
2026-08-28,new,56516569,,,Show Room,MEDICAL CENTER | SHOW-ROOM | COMMERCIAL AREA,,6500.0,,,BHD,monthly,,,,,,,,,,,26.239999771118164,50.5369987487793,,,,Husain Kayed,,PARTLY,,,,,https://www.propertyfinder.bh/en/plp/commercial-rent/show-room-for-rent-capital-governorate-seef-56516569.html,2026-08-28T04:09:45.604551+00:00,2026-08-28T04:09:45.604551+00:00,0,2026-08-28T04:09:45.604551+00:00
2026-08-28,new,56516573,,,Apartment,MODERN 3BHK | MAID ROOM | BEACH ACCESS,,650.0,,,BHD,monthly,,,,,,,,Diyar Al Muharraq,Marassi Boulevard,,26.303447723388672,50.6461296081543,,,,Rolin Faouri,,YES,,,,,https://www.propertyfinder.bh/en/plp/rent/apartment-for-rent-muharraq-governorate-diyar-al-muharraq-marassi-boulevard-56516573.html,2026-08-28T04:09:45.604551+00:00,2026-08-28T04:09:45.604551+00:00,0,2026-08-28T04:09:45.604551+00:00
2026-08-28,new,56516574,,,Office Space,SPACIOUS | HIGH RISE TOWER | EASY ACCESS,,1541.0,,,BHD,monthly,,,,,,,,,,,26.239999771118164,50.5369987487793,,,,Husain Kayed,,PARTLY,,,,,https://www.propertyfinder.bh/en/plp/commercial-rent/office-space-for-rent-capital-governorate-seef-56516574.html,2026-08-28T04:09:45.604551+00:00,2026-08-28T04:09:45.604551+00:00,0,2026-08-28T04:09:45.604551+00:00
2026-08-28,new,56516576,,,Shop,MEZZANINE | PRIME LOCATION | EASY ACCESS,,900.0,,,BHD,monthly,,,,,,,,Riffa Al Sharqi,,,26.1162166595459,50.57211685180664,,,,Husain Kayed,,PARTLY,,,,,https://www.propertyfinder.bh/en/plp/commercial-rent/shop-for-rent-southern-governorate-riffa-riffa-al-sharqi-56516576.html,2026-08-28T04:09:45.604551+00:00,2026-08-28T04:09:45.604551+00:00,0,2026-08-28T04:09:45.604551+00:00
2026-08-28,new,56516584,,,Office Space,EASY ACCESS | FUNCTIONAL | AFFORDABLE,,230.0,,,BHD,monthly,,,,,,,,,,,26.183332443237305,50.516666412353516,,,,Husain Kayed,,PARTLY,,,,,https://www.propertyfinder.bh/en/plp/commercial-rent/office-space-for-rent-central-governorate-salmabad-56516584.html,2026-08-28T04:09:45.604551+00:00,2026-08-28T04:09:45.604551+00:00,0,2026-08-28T04:09:45.604551+00:00
2026-08-28,new,56516586,,,Office Space,MODERN | PRIME LOCATION | WELL-PARTITIONED,,550.0,,,BHD,monthly,,,,,,,,,,,26.239999771118164,50.5369987487793,,,,Husain Kayed,,PARTLY,,,,,https://www.propertyfinder.bh/en/plp/commercial-rent/office-space-for-rent-capital-governorate-seef-56516586.html,2026-08-28T04:09:45.604551+00:00,2026-08-28T04:09:45.604551+00:00,0,2026-08-28T04:09:45.604551+00:00
2026-08-28,new,56516588,,,Office Space,CITY VIEW | SPACIOUS | BRIGHT,,1100.0,,,BHD,monthly,,,,,,,,,,,26.239999771118164,50.5369987487793,,,,Husain Kayed,,PARTLY,,,,,https://www.propertyfinder.bh/en/plp/commercial-rent/office-space-for-rent-capital-governorate-seef-56516588.html,2026-08-28T04:09:45.604551+00:00,2026-08-28T04:09:45.604551+00:00,0,2026-08-28T04:09:45.604551+00:00
2026-08-28,new,56516590,,,Office Space,PANORAMIC VIEWS | SPACIOUS | HIGH RISE TOWER,,650.0,,,BHD,monthly,,,,,,,,,,,26.239999771118164,50.5369987487793,,,,Husain Kayed,,PARTLY,,,,,https://www.propertyfinder.bh/en/plp/commercial-rent/office-space-for-rent-capital-governorate-seef-56516590.html,2026-08-28T04:09:45.604551+00:00,2026-08-28T04:09:45.604551+00:00,0,2026-08-28T04:09:45.604551+00:00
2026-08-28,new,56516592,,,Office Space,BRIGHT | SPACIOUS | PRIME LOCATION,,600.0,,,BHD,monthly,,,,,,,,,,,26.239999771118164,50.5369987487793,,,,Husain Kayed,,PARTLY,,,,,https://www.propertyfinder.bh/en/plp/commercial-rent/office-space-for-rent-capital-governorate-seef-56516592.html,2026-08-28T04:09:45.604551+00:00,2026-08-28T04:09:45.604551+00:00,0,2026-08-28T04:09:45.604551+00:00
2026-08-28,new,56516595,,,Apartment,MODERN 2BHK | PRIME LOCATION | BIG LAYOUT,,400.0,,,BHD,monthly,,,,,,,,Amwaj Avenue,,,26.29302978515625,50.66474151611328,,,,Rolin Faouri,,YES,,,,,https://www.propertyfinder.bh/en/plp/rent/apartment-for-rent-muharraq-governorate-amwaj-islands-amwaj-avenue-56516595.html,2026-08-28T04:09:45.604551+00:00,2026-08-28T04:09:45.604551+00:00,0,2026-08-28T04:09:45.604551+00:00
2026-08-28,new,56516596,,,Office Space,SEA VIEW | OPEN LAYOUT | AMPLE PARKINGS,,380.0,,,BHD,monthly,,,,,,,,,,,26.239999771118164,50.5369987487793,,,,Husain Kayed,,PARTLY,,,,,https://www.propertyfinder.bh/en/plp/commercial-rent/office-space-for-rent-capital-governorate-seef-56516596.html,2026-08-28T04:09:45.604551+00:00,2026-08-28T04:09:45.604551+00:00,0,2026-08-28T04:09:45.604551+00:00
2026-08-28,new,56516599,,,Apartment,MODERN 3BHK | MAID ROOM | SEA VIEW,,450.0,,,BHD,monthly,,,,,,,,Amwaj Avenue,,,26.29302978515625,50.66474151611328,,,,Rolin Faouri,,YES,,,,,https://www.propertyfinder.bh/en/plp/rent/apartment-for-rent-muharraq-governorate-amwaj-islands-amwaj-avenue-56516599.html,2026-08-28T04:09:45.604551+00:00,2026-08-28T04:09:45.604551+00:00,0,2026-08-28T04:09:45.604551+00:00
2026-08-28,new,56516600,,,Office Space,FUNCTIONAL | PRIME LOCATION | EXPOSURE,,470.0,,,BHD,monthly,,,,,,,,,,,26.239999771118164,50.5369987487793,,,,Husain Kayed,,PARTLY,,,,,https://www.propertyfinder.bh/en/plp/commercial-rent/office-space-for-rent-capital-governorate-seef-56516600.html,2026-08-28T04:09:45.604551+00:00,2026-08-28T04:09:45.604551+00:00,0,2026-08-28T04:09:45.604551+00:00
2026-08-28,new,56516609,,,Apartment,MODERN 2BHK | SEA VIEW | BALCONY,,480.0,,,BHD,monthly,,,,,,,,Amwaj Avenue,,,26.29302978515625,50.66474151611328,,,,Rolin Faouri,,YES,,,,,https://www.propertyfinder.bh/en/plp/rent/apartment-for-rent-muharraq-governorate-amwaj-islands-amwaj-avenue-56516609.html,2026-08-28T04:09:45.604551+00:00,2026-08-28T04:09:45.604551+00:00,0,2026-08-28T04:09:45.604551+00:00
2026-08-28,new,56516610,,,Office Space,SPACIOUS | BRIGHT | PRIME LOCATION,,960.0,,,BHD,monthly,,,,,,,,,,,26.239999771118164,50.5369987487793,,,,Husain Kayed,,PARTLY,,,,,https://www.propertyfinder.bh/en/plp/commercial-rent/office-space-for-rent-capital-governorate-seef-56516610.html,2026-08-28T04:09:45.604551+00:00,2026-08-28T04:09:45.604551+00:00,0,2026-08-28T04:09:45.604551+00:00
2026-08-28,new,56516612,,,Retail,SHELL AND CORE | PRIME LOCATION | RETAIL,,918.0,,,BHD,monthly,,,,,,,,Bahrain Financial Harbour,,,26.23778533935547,50.57342529296875,,,,Husain Kayed,,NO,,,,,https://www.propertyfinder.bh/en/plp/commercial-rent/retail-for-rent-capital-governorate-manama-bahrain-financial-harbour-56516612.html,2026-08-28T04:09:45.604551+00:00,2026-08-28T04:09:45.604551+00:00,0,2026-08-28T04:09:45.604551+00:00
2026-08-28,new,56516614,,,Apartment,MODERN 2BHK | SEA VIEW | PRIME LOCATION,,350.0,,,BHD,monthly,,,,,,,,Amwaj Marina,,,26.293058395385742,50.65943908691406,,,,Rolin Faouri,,YES,,,,,https://www.propertyfinder.bh/en/plp/rent/apartment-for-rent-muharraq-governorate-amwaj-islands-amwaj-marina-56516614.html,2026-08-28T04:09:45.604551+00:00,2026-08-28T04:09:45.604551+00:00,0,2026-08-28T04:09:45.604551+00:00
2026-08-28,new,56516617,,,Office Space,MULTI-CABINS | PRIME LOCATION | MODERN,,552.0,,,BHD,monthly,,,,,,,,,,,26.239999771118164,50.5369987487793,,,,Husain Kayed,,PARTLY,,,,,https://www.propertyfinder.bh/en/plp/commercial-rent/office-space-for-rent-capital-governorate-seef-56516617.html,2026-08-28T04:09:45.604551+00:00,2026-08-28T04:09:45.604551+00:00,0,2026-08-28T04:09:45.604551+00:00
2026-08-28,new,56516618,,,Apartment,FURNISHED 1BHK | GREAT INVESTMENT | ELEGANT LIVING,,72000.0,,,BHD,sell,,,,,,,,Canal View,,,26.273908615112305,50.67207336425781,,,,Zuhair Tlili,,YES,completed_primary,,,,https://www.propertyfinder.bh/en/plp/buy/apartment-for-sale-muharraq-governorate-dilmunia-island-canal-view-56516618.html,2026-08-28T04:09:45.604551+00:00,2026-08-28T04:09:45.604551+00:00,0,2026-08-28T04:09:45.604551+00:00
2026-08-28,new,56516621,,,Office Space,FOR SALOON |  WELL- PARTITIONED | BRIGHT,,450.0,,,BHD,monthly,,,,,,,,,,,26.2102108001709,50.56403350830078,,,,Husain Kayed,,PARTLY,,,,,https://www.propertyfinder.bh/en/plp/commercial-rent/office-space-for-rent-capital-governorate-manama-zinj-56516621.html,2026-08-28T04:09:45.604551+00:00,2026-08-28T04:09:45.604551+00:00,0,2026-08-28T04:09:45.604551+00:00
2026-08-28,new,56516625,,,Office Space,ELAGENT BRAND NEW OFFICE SPACE. SEA VIEW. 80 SQM.,,450.0,,,BHD,monthly,,,,,,,,,,,26.239999771118164,50.5369987487793,,,,Barath Nunavathi,,PARTLY,,,,,https://www.propertyfinder.bh/en/plp/commercial-rent/office-space-for-rent-capital-governorate-seef-56516625.html,2026-08-28T04:09:45.604551+00:00,2026-08-28T04:09:45.604551+00:00,0,2026-08-28T04:09:45.604551+00:00
2026-08-28,new,56516626,,,Office Space,EXPANSIVE | BRIGHT | FUNCTIONAL,,550.0,,,BHD,monthly,,,,,,,,,,,26.2102108001709,50.56403350830078,,,,Husain Kayed,,PARTLY,,,,,https://www.propertyfinder.bh/en/plp/commercial-rent/office-space-for-rent-capital-governorate-manama-zinj-56516626.html,2026-08-28T04:09:45.604551+00:00,2026-08-28T04:09:45.604551+00:00,0,2026-08-28T04:09:45.604551+00:00
2026-08-28,new,56516629,,,Land,PREMIUM SP PLOT | GREAT INVESTMENT | BEST VALUE,,241000.0,,,BHD,sell,,,,,,,,Diyar Al Muharraq,,,26.31142234802246,50.64306640625,,,,Zuhair Tlili,,,,,,,https://www.propertyfinder.bh/en/plp/buy/land-for-sale-muharraq-governorate-diyar-al-muharraq-56516629.html,2026-08-28T04:09:45.604551+00:00,2026-08-28T04:09:45.604551+00:00,0,2026-08-28T04:09:45.604551+00:00
2026-08-28,new,56516630,,,Shop,BRIGHT | SPACIOUS | PRIME LOCATION,,1200.0,,,BHD,monthly,,,,,,,,,,,26.239999771118164,50.5369987487793,,,,Husain Kayed,,PARTLY,,,,,https://www.propertyfinder.bh/en/plp/commercial-rent/shop-for-rent-capital-governorate-seef-56516630.html,2026-08-28T04:09:45.604551+00:00,2026-08-28T04:09:45.604551+00:00,0,2026-08-28T04:09:45.604551+00:00
2026-08-28,new,56516632,,,Villa,Peaceful Garden Home with Resort-Style Living,,1200.0,,,BHD,monthly,,,,,,,,,,,26.19164276123047,50.48757553100586,,,,Joyace  Joy,,PARTLY,,,,,https://www.propertyfinder.bh/en/plp/rent/villa-for-rent-northern-governorate-saar-56516632.html,2026-08-28T04:09:45.604551+00:00,2026-08-28T04:09:45.604551+00:00,0,2026-08-28T04:09:45.604551+00:00
2026-08-28,new,56516640,,,Apartment,ELEGANT 2 BHK | LARGE BALCONY | SEA VIEW,,500.0,,,BHD,monthly,,,,,,,,Diyar Al Muharraq,,,26.303447723388672,50.6461296081543,,,,Zuhair Tlili,,YES,,,,,https://www.propertyfinder.bh/en/plp/rent/apartment-for-rent-muharraq-governorate-diyar-al-muharraq-marassi-al-bahrain-56516640.html,2026-08-28T04:09:45.604551+00:00,2026-08-28T04:09:45.604551+00:00,0,2026-08-28T04:09:45.604551+00:00
2026-08-28,new,56516644,,,Land,RESIDENTIAL PLOT | AL QARYAH | 351 SQM,,115000.0,,,BHD,sell,,,,,,,,,,,26.20011329650879,50.46629333496094,,,,Yumna Awad,,,,,,,https://www.propertyfinder.bh/en/plp/buy/land-for-sale-northern-governorate-al-qurayyah-56516644.html,2026-08-28T04:09:45.604551+00:00,2026-08-28T04:09:45.604551+00:00,0,2026-08-28T04:09:45.604551+00:00
2026-08-28,new,56516646,,,Villa,MODERN 3 BHK VILLA | SALMABAD | 319 SQM,,150000.0,,,BHD,sell,,,,,,,,,,,26.183332443237305,50.516666412353516,,,,Yumna Awad,,NO,completed_primary,,,,https://www.propertyfinder.bh/en/plp/buy/villa-for-sale-central-governorate-salmabad-56516646.html,2026-08-28T04:09:45.604551+00:00,2026-08-28T04:09:45.604551+00:00,0,2026-08-28T04:09:45.604551+00:00
2026-08-28,new,56516649,,,Apartment,1 BHK Big Flat For Rent In Riffa – Near Lulu W EWA,,170.0,,,BHD,monthly,,,,,,,,,,,26.1314754486084,50.568843841552734,,,,salman siraj,,NO,,,,,https://www.propertyfinder.bh/en/plp/rent/apartment-for-rent-southern-governorate-riffa-bu-kowarah-56516649.html,2026-08-28T04:09:45.604551+00:00,2026-08-28T04:09:45.604551+00:00,0,2026-08-28T04:09:45.604551+00:00
2026-08-28,new,56516651,,,Apartment,2 BHK Flat For Rent In Riffa Near Lulu With EWA,,230.0,,,BHD,monthly,,,,,,,,,,,26.1314754486084,50.568843841552734,,,,salman siraj,,PARTLY,,,,,https://www.propertyfinder.bh/en/plp/rent/apartment-for-rent-southern-governorate-riffa-bu-kowarah-56516651.html,2026-08-28T04:09:45.604551+00:00,2026-08-28T04:09:45.604551+00:00,0,2026-08-28T04:09:45.604551+00:00
2026-08-28,new,56516653,,,Villa,Prime location | service area | close kitchen,,133000.0,,,BHD,sell,,,,,,,,,,,26.100860595703125,50.48801040649414,,,,Hasan Marhoon,,PARTLY,completed_primary,,,,https://www.propertyfinder.bh/en/plp/buy/villa-for-sale-northern-governorate-malkiyah-56516653.html,2026-08-28T04:09:45.604551+00:00,2026-08-28T04:09:45.604551+00:00,0,2026-08-28T04:09:45.604551+00:00
2026-08-28,new,56516654,,,Apartment,Semi-Furnished 2 BHK Flat for Rent in Galali W EWA,,200.0,,,BHD,monthly,,,,,,,,,,,26.266666412353516,50.650001525878906,,,,salman siraj,,PARTLY,,,,,https://www.propertyfinder.bh/en/plp/rent/apartment-for-rent-muharraq-governorate-galali-56516654.html,2026-08-28T04:09:45.604551+00:00,2026-08-28T04:09:45.604551+00:00,0,2026-08-28T04:09:45.604551+00:00
2026-08-28,new,56516656,,,Apartment,Brand New Modernly Furnished I Balcony IFacilities,,450.0,,,BHD,monthly,,,,,,,,,,,26.211111068725586,50.601112365722656,,,,Antony Shaiju,,YES,,,,,https://www.propertyfinder.bh/en/plp/rent/apartment-for-rent-capital-governorate-al-juffair-56516656.html,2026-08-28T04:09:45.604551+00:00,2026-08-28T04:09:45.604551+00:00,0,2026-08-28T04:09:45.604551+00:00
2026-08-28,new,56516662,,,Apartment,PRICE DROP | BAHRAIN BAY | INVESTMENT,,60000.0,,,BHD,sell,,,,,,,,,,,26.249584197998047,50.580360412597656,,,,Sanya Rathod,,YES,completed,,,,https://www.propertyfinder.bh/en/plp/buy/apartment-for-sale-capital-governorate-bahrain-bay-56516662.html,2026-08-28T04:09:45.604551+00:00,2026-08-28T04:09:45.604551+00:00,0,2026-08-28T04:09:45.604551+00:00
2026-08-28,new,56516667,,,Apartment,Modern I Luxury I House Keeping I Balcony | WIFI,,550.0,,,BHD,monthly,,,,,,,,,,,26.211111068725586,50.601112365722656,,,,Antony Shaiju,,YES,,,,,https://www.propertyfinder.bh/en/plp/rent/apartment-for-rent-capital-governorate-al-juffair-56516667.html,2026-08-28T04:09:45.604551+00:00,2026-08-28T04:09:45.604551+00:00,0,2026-08-28T04:09:45.604551+00:00
2026-08-28,new,56516668,,,Apartment,SEA VIEW | HIGH FLOOR | BALCONY | FURNISHED STUDIO,,83000.0,,,BHD,sell,,,,,,,,,,,26.241750717163086,50.5663948059082,,,,Sanya Rathod,,YES,completed_primary,,,,https://www.propertyfinder.bh/en/plp/buy/apartment-for-sale-capital-governorate-reef-island-56516668.html,2026-08-28T04:09:45.604551+00:00,2026-08-28T04:09:45.604551+00:00,0,2026-08-28T04:09:45.604551+00:00
2026-08-28,new,56516671,,,Apartment,Ground Floor 1BR | Spacious Layout | Easy Access,,550.0,,,BHD,monthly,,,,,,,,,,,26.241750717163086,50.5663948059082,,,,Sanya Rathod,,YES,,,,,https://www.propertyfinder.bh/en/plp/rent/apartment-for-rent-capital-governorate-reef-island-56516671.html,2026-08-28T04:09:45.604551+00:00,2026-08-28T04:09:45.604551+00:00,0,2026-08-28T04:09:45.604551+00:00
2026-08-28,new,56516673,,,Apartment,Bright | Large Layout | Balcony | Pool | Gym,,500.0,,,BHD,monthly,,,,,,,,Sanabis,,,26.226558685302734,50.5459098815918,,,,Majeed Moosa,,YES,,,,,https://www.propertyfinder.bh/en/plp/rent/apartment-for-rent-capital-governorate-manama-sanabis-56516673.html,2026-08-28T04:09:45.604551+00:00,2026-08-28T04:09:45.604551+00:00,0,2026-08-28T04:09:45.604551+00:00
2026-08-28,new,56516674,,,Apartment,Modern 2BR | Fully Furnished | Premium Location,,850.0,,,BHD,monthly,,,,,,,,Diyar Al Muharraq,,,26.303447723388672,50.6461296081543,,,,Anup Simon,,YES,,,,,https://www.propertyfinder.bh/en/plp/rent/apartment-for-rent-muharraq-governorate-diyar-al-muharraq-marassi-al-bahrain-56516674.html,2026-08-28T04:09:45.604551+00:00,2026-08-28T04:09:45.604551+00:00,0,2026-08-28T04:09:45.604551+00:00
2026-08-28,new,56516679,,,Apartment,Marina View 2BR Apartment | Balcony | Spacious Mod,,1080.0,,,BHD,monthly,,,,,,,,,,,26.241750717163086,50.5663948059082,,,,Sanya Rathod,,YES,,,,,https://www.propertyfinder.bh/en/plp/rent/apartment-for-rent-capital-governorate-reef-island-56516679.html,2026-08-28T04:09:45.604551+00:00,2026-08-28T04:09:45.604551+00:00,0,2026-08-28T04:09:45.604551+00:00
2026-08-28,new,56516682,,,Apartment,Sea View 2BR Apartment | Balcony | Prime Location,,1150.0,,,BHD,monthly,,,,,,,,,,,26.241750717163086,50.5663948059082,,,,Sanya Rathod,,YES,,,,,https://www.propertyfinder.bh/en/plp/rent/apartment-for-rent-capital-governorate-reef-island-56516682.html,2026-08-28T04:09:45.604551+00:00,2026-08-28T04:09:45.604551+00:00,0,2026-08-28T04:09:45.604551+00:00
2026-08-28,new,56516684,,,Apartment,Fully furnished two bedrooms in Hidd,,330.0,,,BHD,monthly,,,,,,,,,,,26.21263313293457,50.67418670654297,,,,Sayed Hashem Hasan,,YES,,,,,https://www.propertyfinder.bh/en/plp/rent/apartment-for-rent-muharraq-governorate-hidd-56516684.html,2026-08-28T04:09:45.604551+00:00,2026-08-28T04:09:45.604551+00:00,0,2026-08-28T04:09:45.604551+00:00
2026-08-28,new,56516689,,,Apartment,SEA VIEW | BALCONY | 2 BATHROOMS | REEF ISLAND,,114000.0,,,BHD,sell,,,,,,,,,,,26.241750717163086,50.5663948059082,,,,Sanya Rathod,,YES,completed,,,,https://www.propertyfinder.bh/en/plp/buy/apartment-for-sale-capital-governorate-reef-island-56516689.html,2026-08-28T04:09:45.604551+00:00,2026-08-28T04:09:45.604551+00:00,0,2026-08-28T04:09:45.604551+00:00
2026-08-28,new,56516691,,,Apartment,SEA VIEW | MAIDS ROOM | REEF ISLAND| FURNISHED,,1300.0,,,BHD,monthly,,,,,,,,,,,26.241750717163086,50.5663948059082,,,,Sanya Rathod,,YES,,,,,https://www.propertyfinder.bh/en/plp/rent/apartment-for-rent-capital-governorate-reef-island-56516691.html,2026-08-28T04:09:45.604551+00:00,2026-08-28T04:09:45.604551+00:00,0,2026-08-28T04:09:45.604551+00:00
2026-08-28,new,56516693,,,Villa,SEA FRONT VILLA l SEMI FURNISHED l 4 BEDROOMS,,1250.0,,,BHD,monthly,,,,,,,,Amwaj Avenue,,,26.29302978515625,50.66474151611328,,,,Monica Medhat,,PARTLY,,,,,https://www.propertyfinder.bh/en/plp/rent/villa-for-rent-muharraq-governorate-amwaj-islands-amwaj-avenue-56516693.html,2026-08-28T04:09:45.604551+00:00,2026-08-28T04:09:45.604551+00:00,0,2026-08-28T04:09:45.604551+00:00
2026-08-28,new,56516694,,,Apartment,High Floor | Balcony | Spacious | Open Kitchen,,800.0,,,BHD,monthly,,,,,,,,,,,26.239999771118164,50.5369987487793,,,,Sanya Rathod,,YES,,,,,https://www.propertyfinder.bh/en/plp/rent/apartment-for-rent-capital-governorate-seef-56516694.html,2026-08-28T04:09:45.604551+00:00,2026-08-28T04:09:45.604551+00:00,0,2026-08-28T04:09:45.604551+00:00
2026-08-28,new,56516695,,,Land,Land for Sale in Najma II Great location II,,217000.0,,,BHD,sell,,,,,,,,,,,26.288480758666992,50.66381072998047,,,,Hanaa Adel,,,,,,,https://www.propertyfinder.bh/en/plp/buy/land-for-sale-muharraq-governorate-amwaj-islands-56516695.html,2026-08-28T04:09:45.604551+00:00,2026-08-28T04:09:45.604551+00:00,0,2026-08-28T04:09:45.604551+00:00
2026-08-28,new,56516704,,,Apartment,CITY VIEW | SERVICED | SPA ACCESS | BAHRAIN BAY,,1000.0,,,BHD,monthly,,,,,,,,,,,26.249584197998047,50.580360412597656,,,,Sanya Rathod,,YES,,,,,https://www.propertyfinder.bh/en/plp/rent/apartment-for-rent-capital-governorate-bahrain-bay-56516704.html,2026-08-28T04:09:45.604551+00:00,2026-08-28T04:09:45.604551+00:00,0,2026-08-28T04:09:45.604551+00:00
2026-08-28,new,56516708,,,Apartment,SEA VIEW | REDUCED PRICE | HOT DEAL | PETS ALLOWED,,500.0,,,BHD,monthly,,,,,,,,,,,26.241750717163086,50.5663948059082,,,,Sanya Rathod,,YES,,,,,https://www.propertyfinder.bh/en/plp/rent/apartment-for-rent-capital-governorate-reef-island-56516708.html,2026-08-28T04:09:45.604551+00:00,2026-08-28T04:09:45.604551+00:00,0,2026-08-28T04:09:45.604551+00:00
2026-08-28,new,56516709,,,Apartment,SEA VIEW | HOT DEAL | PETS ALLOWED | REEF ISLAND,,85000.0,,,BHD,sell,,,,,,,,,,,26.241750717163086,50.5663948059082,,,,Sanya Rathod,,YES,completed,,,,https://www.propertyfinder.bh/en/plp/buy/apartment-for-sale-capital-governorate-reef-island-56516709.html,2026-08-28T04:09:45.604551+00:00,2026-08-28T04:09:45.604551+00:00,0,2026-08-28T04:09:45.604551+00:00
2026-08-28,new,56516710,,,Apartment,Freehold | For Investment | High Floor,,59000.0,,,BHD,sell,,,,,,,,Amwaj Avenue,,,26.29302978515625,50.66474151611328,,,,Charisse Villaruz,,YES,completed,,,,https://www.propertyfinder.bh/en/plp/buy/apartment-for-sale-muharraq-governorate-amwaj-islands-amwaj-avenue-56516710.html,2026-08-28T04:09:45.604551+00:00,2026-08-28T04:09:45.604551+00:00,0,2026-08-28T04:09:45.604551+00:00
2026-08-28,new,56516712,,,Apartment,MAIDS ROOM | LARGE BALCONY | FURNISHED | INCLUSIVE,,850.0,,,BHD,monthly,,,,,,,,,,,26.241750717163086,50.5663948059082,,,,Sanya Rathod,,YES,,,,,https://www.propertyfinder.bh/en/plp/rent/apartment-for-rent-capital-governorate-reef-island-56516712.html,2026-08-28T04:09:45.604551+00:00,2026-08-28T04:09:45.604551+00:00,0,2026-08-28T04:09:45.604551+00:00
2026-08-28,new,56516716,,,Apartment,AMAZING SEA VIEW | MODERN | KOOHEJI FURNITURE |,,500.0,,,BHD,monthly,,,,,,,,,,,26.249584197998047,50.580360412597656,,,,Hanaa Adel,,YES,,,,,https://www.propertyfinder.bh/en/plp/rent/apartment-for-rent-capital-governorate-bahrain-bay-56516716.html,2026-08-28T04:09:45.604551+00:00,2026-08-28T04:09:45.604551+00:00,0,2026-08-28T04:09:45.604551+00:00
2026-08-28,new,56516719,,,Apartment,SPACIOUS | RITZ ACCESS | FURNISHED | UNLIMITED EWA,,750.0,,,BHD,monthly,,,,,,,,Sanabis,,,26.226558685302734,50.5459098815918,,,,Sanya Rathod,,YES,,,,,https://www.propertyfinder.bh/en/plp/rent/apartment-for-rent-capital-governorate-manama-sanabis-56516719.html,2026-08-28T04:09:45.604551+00:00,2026-08-28T04:09:45.604551+00:00,0,2026-08-28T04:09:45.604551+00:00
2026-08-28,new,56516726,,,Apartment,NEW┃CINEMA┃HOT CAKE┃MODERN VIEW┃PREMIUM FACILITIES,,269.0,,,BHD,monthly,,,,,,,,,,,26.211111068725586,50.601112365722656,,,,Sahebaz Makki,,YES,,,,,https://www.propertyfinder.bh/en/plp/rent/apartment-for-rent-capital-governorate-al-juffair-56516726.html,2026-08-28T04:09:45.604551+00:00,2026-08-28T04:09:45.604551+00:00,0,2026-08-28T04:09:45.604551+00:00
2026-08-28,new,56516734,,,Apartment,SPACIOUS | BALCONY | FURNISHED | MAIDS ROOM,,850.0,,,BHD,monthly,,,,,,,,,,,26.241750717163086,50.5663948059082,,,,Sanya Rathod,,YES,,,,,https://www.propertyfinder.bh/en/plp/rent/apartment-for-rent-capital-governorate-reef-island-56516734.html,2026-08-28T04:09:45.604551+00:00,2026-08-28T04:09:45.604551+00:00,0,2026-08-28T04:09:45.604551+00:00
2026-08-28,new,56516741,,,Apartment,SEA VIEW | BALCONY | FURNISHED | REEF ISLAND,,650.0,,,BHD,monthly,,,,,,,,,,,26.241750717163086,50.5663948059082,,,,Sanya Rathod,,YES,,,,,https://www.propertyfinder.bh/en/plp/rent/apartment-for-rent-capital-governorate-reef-island-56516741.html,2026-08-28T04:09:45.604551+00:00,2026-08-28T04:09:45.604551+00:00,0,2026-08-28T04:09:45.604551+00:00
2026-08-28,new,56516743,,,Office Space,Brand New Office space below market price !!,,280.0,,,BHD,monthly,,,,,,,,,,,26.203079223632812,50.594947814941406,,,,Barath Nunavathi,,PARTLY,,,,,https://www.propertyfinder.bh/en/plp/commercial-rent/office-space-for-rent-capital-governorate-manama-um-al-hasam-56516743.html,2026-08-28T04:09:45.604551+00:00,2026-08-28T04:09:45.604551+00:00,0,2026-08-28T04:09:45.604551+00:00
2026-08-28,new,56516744,,,Villa,open kitchen | 2 hall |modern model | new area,,143000.0,,,BHD,sell,,,,,,,,,,,26.149999618530273,50.58333206176758,,,,Hasan Marhoon,,NO,completed_primary,,,,https://www.propertyfinder.bh/en/plp/buy/villa-for-sale-central-governorate-sanad-56516744.html,2026-08-28T04:09:45.604551+00:00,2026-08-28T04:09:45.604551+00:00,0,2026-08-28T04:09:45.604551+00:00
2026-08-28,new,56516746,,,Land,Land | Sale | Prime | Durrat Al Muharraq,,130000.0,,,BHD,sell,,,,,,,,Durrat Marina,,,25.860807418823242,50.604957580566406,,,,Husian Aqeel,,,,,,,https://www.propertyfinder.bh/en/plp/buy/land-for-sale-southern-governorate-durrat-al-bahrain-durrat-marina-56516746.html,2026-08-28T04:09:45.604551+00:00,2026-08-28T04:09:45.604551+00:00,0,2026-08-28T04:09:45.604551+00:00
2026-08-28,new,56516747,,,Apartment,CITY VIEW | SERVICED | SPA ACCESS | BAHRAIN BAY,,1000.0,,,BHD,monthly,,,,,,,,,,,26.249584197998047,50.580360412597656,,,,Sanya Rathod,,YES,,,,,https://www.propertyfinder.bh/en/plp/rent/apartment-for-rent-capital-governorate-bahrain-bay-56516747.html,2026-08-28T04:09:45.604551+00:00,2026-08-28T04:09:45.604551+00:00,0,2026-08-28T04:09:45.604551+00:00
2026-08-28,new,56516751,,,Apartment,Balcony | Maids Room | Furnished | Spacious 2BR,,900.0,,,BHD,monthly,,,,,,,,,,,26.249584197998047,50.580360412597656,,,,Sanya Rathod,,YES,,,,,https://www.propertyfinder.bh/en/plp/rent/apartment-for-rent-capital-governorate-bahrain-bay-56516751.html,2026-08-28T04:09:45.604551+00:00,2026-08-28T04:09:45.604551+00:00,0,2026-08-28T04:09:45.604551+00:00
2026-08-28,new,56516753,,,Apartment,Modern I Bright Studio | Amazing Facilities,,250.0,,,BHD,monthly,,,,,,,,Sanabis,,,26.226558685302734,50.5459098815918,,,,Antony Shaiju,,YES,,,,,https://www.propertyfinder.bh/en/plp/rent/apartment-for-rent-capital-governorate-manama-sanabis-56516753.html,2026-08-28T04:09:45.604551+00:00,2026-08-28T04:09:45.604551+00:00,0,2026-08-28T04:09:45.604551+00:00
2026-08-28,new,56516757,,,Apartment,SEA VIEW | HIGH FLOOR | BALCONY | RENTED,,80000.0,,,BHD,sell,,,,,,,,Water Garden City,,,26.24260139465332,50.55380630493164,,,,Sanya Rathod,,YES,completed,,,,https://www.propertyfinder.bh/en/plp/buy/apartment-for-sale-capital-governorate-manama-water-garden-city-56516757.html,2026-08-28T04:09:45.604551+00:00,2026-08-28T04:09:45.604551+00:00,0,2026-08-28T04:09:45.604551+00:00
2026-08-28,new,56516759,,,Apartment,Modern I Luxury I House Keeping I Wifi I Spacious,,280.0,,,BHD,monthly,,,,,,,,,,,26.211111068725586,50.601112365722656,,,,Antony Shaiju,,YES,,,,,https://www.propertyfinder.bh/en/plp/rent/apartment-for-rent-capital-governorate-al-juffair-56516759.html,2026-08-28T04:09:45.604551+00:00,2026-08-28T04:09:45.604551+00:00,0,2026-08-28T04:09:45.604551+00:00
2026-08-28,new,56516761,,,Apartment,SEA VIEW | FURNISHED | WIFI INCLUDED | HIGH FLOOR,,450.0,,,BHD,monthly,,,,,,,,,,,26.239999771118164,50.5369987487793,,,,Sanya Rathod,,YES,,,,,https://www.propertyfinder.bh/en/plp/rent/apartment-for-rent-capital-governorate-seef-56516761.html,2026-08-28T04:09:45.604551+00:00,2026-08-28T04:09:45.604551+00:00,0,2026-08-28T04:09:45.604551+00:00
2026-08-28,new,56516762,,,Apartment,"Tubli, Luxury Apartment, Furnished, 2BR, 400 BD",,400.0,,,BHD,monthly,,,,,,,,,,,26.188888549804688,50.54999923706055,,,,Mohammed Salman,,YES,,,,,https://www.propertyfinder.bh/en/plp/rent/apartment-for-rent-central-governorate-tubli-56516762.html,2026-08-28T04:09:45.604551+00:00,2026-08-28T04:09:45.604551+00:00,0,2026-08-28T04:09:45.604551+00:00
2026-08-28,new,56516763,,,Apartment,Newly Furbished IModern Living IAmazing Facilities,,225.0,,,BHD,monthly,,,,,,,,,,,26.211111068725586,50.601112365722656,,,,Antony Shaiju,,YES,,,,,https://www.propertyfinder.bh/en/plp/rent/apartment-for-rent-capital-governorate-al-juffair-56516763.html,2026-08-28T04:09:45.604551+00:00,2026-08-28T04:09:45.604551+00:00,0,2026-08-28T04:09:45.604551+00:00
2026-08-28,new,56516764,,,Apartment,Fully Furnished Interior | Private Balcony,,500.0,,,BHD,monthly,,,,,,,,,,,26.239999771118164,50.5369987487793,,,,Majeed Moosa,,YES,,,,,https://www.propertyfinder.bh/en/plp/rent/apartment-for-rent-capital-governorate-seef-56516764.html,2026-08-28T04:09:45.604551+00:00,2026-08-28T04:09:45.604551+00:00,0,2026-08-28T04:09:45.604551+00:00
2026-08-28,new,56516765,,,Apartment,SEA VIEW | MAIDS ROOM | BALCONY | FURNISHED,,1200.0,,,BHD,monthly,,,,,,,,,,,26.241750717163086,50.5663948059082,,,,Sanya Rathod,,YES,,,,,https://www.propertyfinder.bh/en/plp/rent/apartment-for-rent-capital-governorate-reef-island-56516765.html,2026-08-28T04:09:45.604551+00:00,2026-08-28T04:09:45.604551+00:00,0,2026-08-28T04:09:45.604551+00:00
2026-08-28,new,56516768,,,Villa,"Villa for Sale, Karzakan, Sea View, 3 Bedrooms",,109000.0,,,BHD,sell,,,,,,,,,,,26.113693237304688,50.48170471191406,,,,Kensington Real Estate,,PARTLY,completed_primary,,,,https://www.propertyfinder.bh/en/plp/buy/villa-for-sale-northern-governorate-karzakkan-56516768.html,2026-08-28T04:09:45.604551+00:00,2026-08-28T04:09:45.604551+00:00,0,2026-08-28T04:09:45.604551+00:00
2026-08-28,new,56516769,,,Apartment,HOT DEAL ┃SPACIOUS┃ NEW┃INCLUSIVE┃ BRIGHT┃QUIET,,280.0,,,BHD,monthly,,,,,,,,,,,26.211111068725586,50.601112365722656,,,,Sahebaz Makki,,YES,,,,,https://www.propertyfinder.bh/en/plp/rent/apartment-for-rent-capital-governorate-al-juffair-56516769.html,2026-08-28T04:09:45.604551+00:00,2026-08-28T04:09:45.604551+00:00,0,2026-08-28T04:09:45.604551+00:00
2026-08-28,new,56516770,,,Apartment,BALCONY | FURNISHED STUDIO | BAHRAIN BAY,,48000.0,,,BHD,sell,,,,,,,,,,,26.249584197998047,50.580360412597656,,,,Sanya Rathod,,YES,completed,,,,https://www.propertyfinder.bh/en/plp/buy/apartment-for-sale-capital-governorate-bahrain-bay-56516770.html,2026-08-28T04:09:45.604551+00:00,2026-08-28T04:09:45.604551+00:00,0,2026-08-28T04:09:45.604551+00:00
2026-08-28,new,56516784,,,Penthouse,LUXURIOUS | SPACIUOS | 3 BHK PENTHOUSE| TERRACE,,600.0,,,BHD,monthly,,,,,,,,,,,26.211111068725586,50.601112365722656,,,,Joyace  Joy,,YES,,,,,https://www.propertyfinder.bh/en/plp/rent/penthouse-for-rent-capital-governorate-al-juffair-56516784.html,2026-08-28T04:09:45.604551+00:00,2026-08-28T04:09:45.604551+00:00,0,2026-08-28T04:09:45.604551+00:00
2026-08-28,new,56516786,,,Apartment,Sea View I Lower Floor Building I Closed Kitchen,,450.0,,,BHD,monthly,,,,,,,,,,,26.239999771118164,50.5369987487793,,,,Antony Shaiju,,YES,,,,,https://www.propertyfinder.bh/en/plp/rent/apartment-for-rent-capital-governorate-seef-56516786.html,2026-08-28T04:09:45.604551+00:00,2026-08-28T04:09:45.604551+00:00,0,2026-08-28T04:09:45.604551+00:00
2026-08-28,new,56516787,,,Apartment,BALCONY | FURNISHED | INTERNET | BAHRAIN BAY,,420.0,,,BHD,monthly,,,,,,,,,,,26.249584197998047,50.580360412597656,,,,Sanya Rathod,,YES,,,,,https://www.propertyfinder.bh/en/plp/rent/apartment-for-rent-capital-governorate-bahrain-bay-56516787.html,2026-08-28T04:09:45.604551+00:00,2026-08-28T04:09:45.604551+00:00,0,2026-08-28T04:09:45.604551+00:00
2026-08-28,new,56516788,,,Apartment,BAY VIEW | BALCONY | FURNISHED | INCLUSIVE,,450.0,,,BHD,monthly,,,,,,,,,,,26.249584197998047,50.580360412597656,,,,Sanya Rathod,,YES,,,,,https://www.propertyfinder.bh/en/plp/rent/apartment-for-rent-capital-governorate-bahrain-bay-56516788.html,2026-08-28T04:09:45.604551+00:00,2026-08-28T04:09:45.604551+00:00,0,2026-08-28T04:09:45.604551+00:00
2026-08-28,new,56516789,,,Villa,|4-Bedroom| Villa with Garden in a  Quiet  Area |,,145000.0,,,BHD,sell,,,,,,,,,,,26.07509422302246,50.499610900878906,,,,Eardly Kent,,PARTLY,off_plan,,,,https://www.propertyfinder.bh/en/plp/buy/villa-for-sale-northern-governorate-shahrakan-56516789.html,2026-08-28T04:09:45.604551+00:00,2026-08-28T04:09:45.604551+00:00,0,2026-08-28T04:09:45.604551+00:00
2026-08-28,new,56516790,,,Apartment,**Luxury 2BR + Maid Room | Pool & Gym | Inclusive*,,400.0,,,BHD,monthly,,,,,,,,,,,26.21263313293457,50.67418670654297,,,,Husain Abdali,,YES,,,,,https://www.propertyfinder.bh/en/plp/rent/apartment-for-rent-muharraq-governorate-hidd-56516790.html,2026-08-28T04:09:45.604551+00:00,2026-08-28T04:09:45.604551+00:00,0,2026-08-28T04:09:45.604551+00:00
2026-08-28,new,56516791,,,Apartment,MODERN┃SEAVIEW┃NEW┃INCLUSIVE┃SAFE┃CPR FREE,,340.0,,,BHD,monthly,,,,,,,,,,,26.211111068725586,50.601112365722656,,,,Sahebaz Makki,,YES,,,,,https://www.propertyfinder.bh/en/plp/rent/apartment-for-rent-capital-governorate-al-juffair-56516791.html,2026-08-28T04:09:45.604551+00:00,2026-08-28T04:09:45.604551+00:00,0,2026-08-28T04:09:45.604551+00:00
2026-08-28,new,56516792,,,Apartment,Elegant Luxury 2BR|Modern Living| Prime Location,,700.0,,,BHD,monthly,,,,,,,,,,,26.239999771118164,50.5369987487793,,,,Antony Shaiju,,YES,,,,,https://www.propertyfinder.bh/en/plp/rent/apartment-for-rent-capital-governorate-seef-56516792.html,2026-08-28T04:09:45.604551+00:00,2026-08-28T04:09:45.604551+00:00,0,2026-08-28T04:09:45.604551+00:00
2026-08-28,new,56516795,,,Apartment,Balcony | Maids Room | Investment | 2BR,,110000.0,,,BHD,sell,,,,,,,,,,,26.249584197998047,50.580360412597656,,,,Sanya Rathod,,YES,completed,,,,https://www.propertyfinder.bh/en/plp/buy/apartment-for-sale-capital-governorate-bahrain-bay-56516795.html,2026-08-28T04:09:45.604551+00:00,2026-08-28T04:09:45.604551+00:00,0,2026-08-28T04:09:45.604551+00:00
2026-08-28,new,56516799,,,Apartment,NEW/FAMILY/CLOSE KITCHEN/NO DEPOSIT/SPACIOUS,,320.0,,,BHD,monthly,,,,,,,,,,,26.211111068725586,50.601112365722656,,,,Sahebaz Makki,,YES,,,,,https://www.propertyfinder.bh/en/plp/rent/apartment-for-rent-capital-governorate-al-juffair-56516799.html,2026-08-28T04:09:45.604551+00:00,2026-08-28T04:09:45.604551+00:00,0,2026-08-28T04:09:45.604551+00:00
2026-08-28,new,56516805,,,Apartment,STUNNING SEA VIEW / DUPLEX /BALCONY /VIBRANT AREA,,450.0,,,BHD,monthly,,,,,,,,,,,26.211111068725586,50.601112365722656,,,,Enkhee Eegnes,,YES,,,,,https://www.propertyfinder.bh/en/plp/rent/apartment-for-rent-capital-governorate-al-juffair-56516805.html,2026-08-28T04:09:45.604551+00:00,2026-08-28T04:09:45.604551+00:00,0,2026-08-28T04:09:45.604551+00:00
2026-08-28,new,56516806,,,Apartment,MAIDS ROOM | LARGE BALCONY | FURNISHED | INCLUSIVE,,550.0,,,BHD,monthly,,,,,,,,Sanabis,,,26.226558685302734,50.5459098815918,,,,Sanya Rathod,,YES,,,,,https://www.propertyfinder.bh/en/plp/rent/apartment-for-rent-capital-governorate-manama-sanabis-56516806.html,2026-08-28T04:09:45.604551+00:00,2026-08-28T04:09:45.604551+00:00,0,2026-08-28T04:09:45.604551+00:00
2026-08-28,new,56516807,,,Apartment,FURNISHED | INTERNET INCLUDED | POOL | SEEF,,400.0,,,BHD,monthly,,,,,,,,,,,26.239999771118164,50.5369987487793,,,,Sanya Rathod,,YES,,,,,https://www.propertyfinder.bh/en/plp/rent/apartment-for-rent-capital-governorate-seef-56516807.html,2026-08-28T04:09:45.604551+00:00,2026-08-28T04:09:45.604551+00:00,0,2026-08-28T04:09:45.604551+00:00
2026-08-28,new,56516808,,,Apartment,Brand New | Stylish IModernI Balcony I Great View,,280.0,,,BHD,monthly,,,,,,,,,,,26.211111068725586,50.601112365722656,,,,Antony Shaiju,,YES,,,,,https://www.propertyfinder.bh/en/plp/rent/apartment-for-rent-capital-governorate-al-juffair-56516808.html,2026-08-28T04:09:45.604551+00:00,2026-08-28T04:09:45.604551+00:00,0,2026-08-28T04:09:45.604551+00:00
2026-08-28,new,56516809,,,Apartment,WIFI | HOUSEKEEPING | FURNISHED | SEEF,,400.0,,,BHD,monthly,,,,,,,,,,,26.239999771118164,50.5369987487793,,,,Sanya Rathod,,YES,,,,,https://www.propertyfinder.bh/en/plp/rent/apartment-for-rent-capital-governorate-seef-56516809.html,2026-08-28T04:09:45.604551+00:00,2026-08-28T04:09:45.604551+00:00,0,2026-08-28T04:09:45.604551+00:00
2026-08-28,new,56516834,,,Office Space,BALCONY | EASY ACCESS | FUNCTIONAL,,350.0,,,BHD,monthly,,,,,,,,,,,26.239999771118164,50.5369987487793,,,,Husain Kayed,,PARTLY,,,,,https://www.propertyfinder.bh/en/plp/commercial-rent/office-space-for-rent-capital-governorate-seef-56516834.html,2026-08-28T04:09:45.604551+00:00,2026-08-28T04:09:45.604551+00:00,0,2026-08-28T04:09:45.604551+00:00
2026-08-28,new,56516836,,,Apartment,MODERN / CONNECTED 2 GALLERIA MALL / BEACH ACCESS,,390.0,,,BHD,monthly,,,,,,,,Diyar Al Muharraq,Marassi Residences,,26.303447723388672,50.6461296081543,,,,Enkhee Eegnes,,YES,,,,,https://www.propertyfinder.bh/en/plp/rent/apartment-for-rent-muharraq-governorate-diyar-al-muharraq-marassi-residences-56516836.html,2026-08-28T04:09:45.604551+00:00,2026-08-28T04:09:45.604551+00:00,0,2026-08-28T04:09:45.604551+00:00
2026-08-28,new,56516837,,,Apartment,Apartment | Sale | Juffair | 3-Bedroom,,61000.0,,,BHD,sell,,,,,,,,,,,26.211111068725586,50.601112365722656,,,,Orhan Shakoor Humood,,YES,completed_primary,,,,https://www.propertyfinder.bh/en/plp/buy/apartment-for-sale-capital-governorate-al-juffair-56516837.html,2026-08-28T04:09:45.604551+00:00,2026-08-28T04:09:45.604551+00:00,0,2026-08-28T04:09:45.604551+00:00
2026-08-28,new,56516853,,,Retail,RETAIL SPACE | MEZZANINE | BUSY COMMERCIAL AREA,,800.0,,,BHD,monthly,,,,,,,,,,,26.2102108001709,50.56403350830078,,,,Husain Kayed,,PARTLY,,,,,https://www.propertyfinder.bh/en/plp/commercial-rent/retail-for-rent-capital-governorate-manama-zinj-56516853.html,2026-08-28T04:09:45.604551+00:00,2026-08-28T04:09:45.604551+00:00,0,2026-08-28T04:09:45.604551+00:00
2026-08-28,new,56516854,,,Shop,**Retail Shops with Mezzanine | Open-Area,,400.0,,,BHD,monthly,,,,,,,,,,,26.214487075805664,50.584754943847656,,,,Husain Abdali,,NO,,,,,https://www.propertyfinder.bh/en/plp/commercial-rent/shop-for-rent-capital-governorate-manama-adliya-56516854.html,2026-08-28T04:09:45.604551+00:00,2026-08-28T04:09:45.604551+00:00,0,2026-08-28T04:09:45.604551+00:00
2026-08-28,new,56516857,,,Office Space,SHELL AND CORE | CITY VIEW | PRIME LOCATION,,750.0,,,BHD,monthly,,,,,,,,,,,26.239999771118164,50.5369987487793,,,,Husain Kayed,,NO,,,,,https://www.propertyfinder.bh/en/plp/commercial-rent/office-space-for-rent-capital-governorate-seef-56516857.html,2026-08-28T04:09:45.604551+00:00,2026-08-28T04:09:45.604551+00:00,0,2026-08-28T04:09:45.604551+00:00
2026-08-28,new,56516862,,,Villa,TRANQUIL COMPOUND / PRIVATE POOL / NEAR RUGBY CLUB,,650.0,,,BHD,monthly,,,,,,,,,,,26.185943603515625,50.46711349487305,,,,Enkhee Eegnes,,PARTLY,,,,,https://www.propertyfinder.bh/en/plp/rent/villa-for-rent-northern-governorate-janabiya-56516862.html,2026-08-28T04:09:45.604551+00:00,2026-08-28T04:09:45.604551+00:00,0,2026-08-28T04:09:45.604551+00:00
2026-08-28,new,56516865,,,Office Space,BALCONY | WATER VIEW | HIGH RISE TOWER,,450.0,,,BHD,monthly,,,,,,,,,,,26.239999771118164,50.5369987487793,,,,Husain Kayed,,PARTLY,,,,,https://www.propertyfinder.bh/en/plp/commercial-rent/office-space-for-rent-capital-governorate-seef-56516865.html,2026-08-28T04:09:45.604551+00:00,2026-08-28T04:09:45.604551+00:00,0,2026-08-28T04:09:45.604551+00:00
2026-08-28,new,56516868,,,Office Space,CITY VIEW | PANORAMIC VIEW | SPACIOUS,,1100.0,,,BHD,monthly,,,,,,,,,,,26.249584197998047,50.580360412597656,,,,Husain Kayed,,PARTLY,,,,,https://www.propertyfinder.bh/en/plp/commercial-rent/office-space-for-rent-capital-governorate-bahrain-bay-56516868.html,2026-08-28T04:09:45.604551+00:00,2026-08-28T04:09:45.604551+00:00,0,2026-08-28T04:09:45.604551+00:00
2026-08-28,new,56516869,,,Apartment,"Bright & Spacious Pet-Friendly, Facilities",,350.0,,,BHD,monthly,,,,,,,,Amwaj Avenue,,,26.29302978515625,50.66474151611328,,,,Katarzyna Smolinska3668,,YES,,,,,https://www.propertyfinder.bh/en/plp/rent/apartment-for-rent-muharraq-governorate-amwaj-islands-amwaj-avenue-56516869.html,2026-08-28T04:09:45.604551+00:00,2026-08-28T04:09:45.604551+00:00,0,2026-08-28T04:09:45.604551+00:00
2026-08-28,new,56516875,,,Office Space,EASY ACCESS | PRIME LOCATION | SPACIOUS,,450.0,,,BHD,monthly,,,,,,,,,,,26.239999771118164,50.5369987487793,,,,Husain Kayed,,PARTLY,,,,,https://www.propertyfinder.bh/en/plp/commercial-rent/office-space-for-rent-capital-governorate-seef-56516875.html,2026-08-28T04:09:45.604551+00:00,2026-08-28T04:09:45.604551+00:00,0,2026-08-28T04:09:45.604551+00:00
2026-08-28,new,56516889,,,Villa,"Compound, Furnished Villa Priv Pool, Sea access",,1000.0,,,BHD,monthly,,,,,,,,,,,26.185943603515625,50.46711349487305,,,,Eva Gavin,,PARTLY,,,,,https://www.propertyfinder.bh/en/plp/rent/villa-for-rent-northern-governorate-janabiya-56516889.html,2026-08-28T04:09:45.604551+00:00,2026-08-28T04:09:45.604551+00:00,0,2026-08-28T04:09:45.604551+00:00
2026-08-28,new,56516890,,,Villa,3-Bedroom Villa with 2-Car Garage in Al Hamala,,115000.0,,,BHD,sell,,,,,,,,,,,26.140336990356445,50.478271484375,,,,Eardly Kent,,NO,completed_primary,,,,https://www.propertyfinder.bh/en/plp/buy/villa-for-sale-northern-governorate-hamala-56516890.html,2026-08-28T04:09:45.604551+00:00,2026-08-28T04:09:45.604551+00:00,0,2026-08-28T04:09:45.604551+00:00
2026-08-28,new,56516892,,,Villa,Luxury Compound Villa | Private Pool | Near BBS,,1000.0,,,BHD,monthly,,,,,,,,,,,26.140336990356445,50.478271484375,,,,Antony Shaiju,,PARTLY,,,,,https://www.propertyfinder.bh/en/plp/rent/villa-for-rent-northern-governorate-hamala-56516892.html,2026-08-28T04:09:45.604551+00:00,2026-08-28T04:09:45.604551+00:00,0,2026-08-28T04:09:45.604551+00:00
2026-08-28,new,56516893,,,Land,Land | Sale | Prime | RB | Hidd,,139604.0,,,BHD,sell,,,,,,,,,,,26.21263313293457,50.67418670654297,,,,Husian Aqeel,,,,,,,https://www.propertyfinder.bh/en/plp/buy/land-for-sale-muharraq-governorate-hidd-56516893.html,2026-08-28T04:09:45.604551+00:00,2026-08-28T04:09:45.604551+00:00,0,2026-08-28T04:09:45.604551+00:00
2026-08-28,new,56516894,,,Apartment,"Elegant, Modern, Closed Kitchen, Near School",,350.0,,,BHD,monthly,,,,,,,,,,,26.19164276123047,50.48757553100586,,,,Eva Gavin,,YES,,,,,https://www.propertyfinder.bh/en/plp/rent/apartment-for-rent-northern-governorate-saar-56516894.html,2026-08-28T04:09:45.604551+00:00,2026-08-28T04:09:45.604551+00:00,0,2026-08-28T04:09:45.604551+00:00
2026-08-28,new,56516895,,,Apartment,Brand New | Modern I Luxurious I House Keeping,,700.0,,,BHD,monthly,,,,,,,,,,,26.239999771118164,50.5369987487793,,,,Antony Shaiju,,YES,,,,,https://www.propertyfinder.bh/en/plp/rent/apartment-for-rent-capital-governorate-seef-56516895.html,2026-08-28T04:09:45.604551+00:00,2026-08-28T04:09:45.604551+00:00,0,2026-08-28T04:09:45.604551+00:00
2026-08-28,new,56516896,,,Apartment,New I Modern I Gas Cooking | Bright | Store,,650.0,,,BHD,monthly,,,,,,,,,,,26.214487075805664,50.584754943847656,,,,Antony Shaiju,,YES,,,,,https://www.propertyfinder.bh/en/plp/rent/apartment-for-rent-capital-governorate-manama-adliya-56516896.html,2026-08-28T04:09:45.604551+00:00,2026-08-28T04:09:45.604551+00:00,0,2026-08-28T04:09:45.604551+00:00
2026-08-28,new,56516901,,,Villa,"Partly Updated, Furnished, priv pool, near Mall",,950.0,,,BHD,monthly,,,,,,,,,,,26.19164276123047,50.48757553100586,,,,Eva Gavin,,YES,,,,,https://www.propertyfinder.bh/en/plp/rent/villa-for-rent-northern-governorate-saar-56516901.html,2026-08-28T04:09:45.604551+00:00,2026-08-28T04:09:45.604551+00:00,0,2026-08-28T04:09:45.604551+00:00
2026-08-28,new,56516902,,,Apartment,Modern I Sea Veiw  | Very Bright I Prime Location,,500.0,,,BHD,monthly,,,,,,,,,,,26.239999771118164,50.5369987487793,,,,Antony Shaiju,,YES,,,,,https://www.propertyfinder.bh/en/plp/rent/apartment-for-rent-capital-governorate-seef-56516902.html,2026-08-28T04:09:45.604551+00:00,2026-08-28T04:09:45.604551+00:00,0,2026-08-28T04:09:45.604551+00:00
2026-08-28,new,56516904,,,Apartment,BEST DEAL | SEA VIEW | EWA INTERNET HOUSE KEEPING,,500.0,,,BHD,monthly,,,,,,,,The Lagoon,,,26.287778854370117,50.66339111328125,,,,Katarzyna Smolinska3668,,YES,,,,,https://www.propertyfinder.bh/en/plp/rent/apartment-for-rent-muharraq-governorate-amwaj-islands-the-lagoon-56516904.html,2026-08-28T04:09:45.604551+00:00,2026-08-28T04:09:45.604551+00:00,0,2026-08-28T04:09:45.604551+00:00
2026-08-28,new,56516905,,,Penthouse,Modern Penthouse | Private Terrace | Inclusive,,420.0,,,BHD,monthly,,,,,,,,,,,26.2102108001709,50.56403350830078,,,,Antony Shaiju,,YES,,,,,https://www.propertyfinder.bh/en/plp/rent/penthouse-for-rent-capital-governorate-manama-zinj-56516905.html,2026-08-28T04:09:45.604551+00:00,2026-08-28T04:09:45.604551+00:00,0,2026-08-28T04:09:45.604551+00:00
2026-08-28,new,56516907,,,Apartment,Onyx Sky Views | 39th Floor Above the Clouds 4bed,,3500.0,,,BHD,monthly,,,,,,,,Onyx Skyview,,,26.252017974853516,50.580989837646484,,,,Katarzyna Smolinska3668,,YES,,,,,https://www.propertyfinder.bh/en/plp/rent/apartment-for-rent-capital-governorate-manama-onyx-skyview-56516907.html,2026-08-28T04:09:45.604551+00:00,2026-08-28T04:09:45.604551+00:00,0,2026-08-28T04:09:45.604551+00:00
2026-08-28,new,56516910,,,Apartment,Ready to Move with Great Investment Value,,48000.0,,,BHD,sell,,,,,,,,,,,26.211111068725586,50.601112365722656,,,,Puthu Veetil Sajahan,,YES,completed,,,,https://www.propertyfinder.bh/en/plp/buy/apartment-for-sale-capital-governorate-al-juffair-56516910.html,2026-08-28T04:09:45.604551+00:00,2026-08-28T04:09:45.604551+00:00,0,2026-08-28T04:09:45.604551+00:00
2026-08-28,new,56516925,,,Apartment,Spacious 02 Bedroom Apartment for Sale,,60000.0,,,BHD,sell,,,,,,,,,,,26.211111068725586,50.601112365722656,,,,Puthu Veetil Sajahan,,YES,completed,,,,https://www.propertyfinder.bh/en/plp/buy/apartment-for-sale-capital-governorate-al-juffair-56516925.html,2026-08-28T04:09:45.604551+00:00,2026-08-28T04:09:45.604551+00:00,0,2026-08-28T04:09:45.604551+00:00
2026-08-28,new,56516928,,,Office Space,BRAND NEW | SPACIOUS | NICE VIEW,,445.0,,,BHD,monthly,,,,,,,,,,,26.21693992614746,50.57733154296875,,,,Husain Kayed,,PARTLY,,,,,https://www.propertyfinder.bh/en/plp/commercial-rent/office-space-for-rent-capital-governorate-manama-segaya-56516928.html,2026-08-28T04:09:45.604551+00:00,2026-08-28T04:09:45.604551+00:00,0,2026-08-28T04:09:45.604551+00:00
2026-08-28,new,56516931,,,Apartment,COZY APARTMENT/ HOUSE KEEPING/  MARINA VIEW,,350.0,,,BHD,monthly,,,,,,,,Amwaj Marina,,,26.293058395385742,50.65943908691406,,,,Katarzyna Smolinska3668,,YES,,,,,https://www.propertyfinder.bh/en/plp/rent/apartment-for-rent-muharraq-governorate-amwaj-islands-amwaj-marina-56516931.html,2026-08-28T04:09:45.604551+00:00,2026-08-28T04:09:45.604551+00:00,0,2026-08-28T04:09:45.604551+00:00
2026-08-28,new,56516932,,,Office Space,INCLUSIVE | PRIME | AMENITIES | LUXURY,,1100.0,,,BHD,monthly,,,,,,,,,,,26.249584197998047,50.580360412597656,,,,Husain Kayed,,PARTLY,,,,,https://www.propertyfinder.bh/en/plp/commercial-rent/office-space-for-rent-capital-governorate-bahrain-bay-56516932.html,2026-08-28T04:09:45.604551+00:00,2026-08-28T04:09:45.604551+00:00,0,2026-08-28T04:09:45.604551+00:00
2026-08-28,new,56516935,,,Office Space,SPACIOUS | HIGH RISE TOWER | BRIGHT,,693.0,,,BHD,monthly,,,,,,,,Diplomatic Area,,,26.240070343017578,50.587345123291016,,,,Husain Kayed,,PARTLY,,,,,https://www.propertyfinder.bh/en/plp/commercial-rent/office-space-for-rent-capital-governorate-manama-diplomatic-area-56516935.html,2026-08-28T04:09:45.604551+00:00,2026-08-28T04:09:45.604551+00:00,0,2026-08-28T04:09:45.604551+00:00
2026-08-28,new,56516936,,,Apartment,Sea View I New I Amazing View I Duplex I Huge Size,,400.0,,,BHD,monthly,,,,,,,,,,,26.211111068725586,50.601112365722656,,,,Antony Shaiju,,YES,,,,,https://www.propertyfinder.bh/en/plp/rent/apartment-for-rent-capital-governorate-al-juffair-56516936.html,2026-08-28T04:09:45.604551+00:00,2026-08-28T04:09:45.604551+00:00,0,2026-08-28T04:09:45.604551+00:00
2026-08-28,new,56516938,,,Apartment,PENTHOUSE/ PRIVATE ELEVATOR/ PRIVATE POOL,,1350.0,,,BHD,monthly,,,,,,,,Essence of Dilmunia,,,26.27286720275879,50.672889709472656,,,,Katarzyna Smolinska3668,,YES,,,,,https://www.propertyfinder.bh/en/plp/rent/apartment-for-rent-muharraq-governorate-dilmunia-island-essence-of-dilmunia-56516938.html,2026-08-28T04:09:45.604551+00:00,2026-08-28T04:09:45.604551+00:00,0,2026-08-28T04:09:45.604551+00:00
2026-08-28,new,56516939,,,Office Space,PANORAMIC WINDOWS | MULTI- CABINS | NEW,,640.0,,,BHD,monthly,,,,,,,,,,,26.239999771118164,50.5369987487793,,,,Husain Kayed,,PARTLY,,,,,https://www.propertyfinder.bh/en/plp/commercial-rent/office-space-for-rent-capital-governorate-seef-56516939.html,2026-08-28T04:09:45.604551+00:00,2026-08-28T04:09:45.604551+00:00,0,2026-08-28T04:09:45.604551+00:00
2026-08-28,new,56516941,,,Apartment,Higher Floor I Sea and City View  I House Keeping,,300.0,,,BHD,monthly,,,,,,,,,,,26.211111068725586,50.601112365722656,,,,Antony Shaiju,,YES,,,,,https://www.propertyfinder.bh/en/plp/rent/apartment-for-rent-capital-governorate-al-juffair-56516941.html,2026-08-28T04:09:45.604551+00:00,2026-08-28T04:09:45.604551+00:00,0,2026-08-28T04:09:45.604551+00:00
2026-08-28,new,56516942,,,Apartment,Fully Renovated| Balcony | wifi |Spacious Pool-Gym,,330.0,,,BHD,monthly,,,,,,,,,,,26.211111068725586,50.601112365722656,,,,Joyace  Joy,,YES,,,,,https://www.propertyfinder.bh/en/plp/rent/apartment-for-rent-capital-governorate-al-juffair-56516942.html,2026-08-28T04:09:45.604551+00:00,2026-08-28T04:09:45.604551+00:00,0,2026-08-28T04:09:45.604551+00:00
2026-08-28,new,56516943,,,Shop,RESTAURANT | TERRACE | ELEVATOR | OPPORTUNITY,,5800.0,,,BHD,monthly,,,,,,,,,,,26.239999771118164,50.5369987487793,,,,Husain Kayed,,PARTLY,,,,,https://www.propertyfinder.bh/en/plp/commercial-rent/shop-for-rent-capital-governorate-seef-56516943.html,2026-08-28T04:09:45.604551+00:00,2026-08-28T04:09:45.604551+00:00,0,2026-08-28T04:09:45.604551+00:00
2026-08-28,new,56516945,,,Retail,RETAIL SPACE | TERRACE | GREAT INVESTMENT,,2600.0,,,BHD,monthly,,,,,,,,,,,26.239999771118164,50.5369987487793,,,,Husain Kayed,,NO,,,,,https://www.propertyfinder.bh/en/plp/commercial-rent/retail-for-rent-capital-governorate-seef-56516945.html,2026-08-28T04:09:45.604551+00:00,2026-08-28T04:09:45.604551+00:00,0,2026-08-28T04:09:45.604551+00:00
2026-08-28,new,56516953,,,Apartment,Sea View I New I Modern I Spacious I Very Bright,,350.0,,,BHD,monthly,,,,,,,,,,,26.211111068725586,50.601112365722656,,,,Antony Shaiju,,YES,,,,,https://www.propertyfinder.bh/en/plp/rent/apartment-for-rent-capital-governorate-al-juffair-56516953.html,2026-08-28T04:09:45.604551+00:00,2026-08-28T04:09:45.604551+00:00,0,2026-08-28T04:09:45.604551+00:00
2026-08-28,new,56516954,,,Office Space,IDEAL FOR CLINICS | EXPOSURE | PARTITIONED,,898.0,,,BHD,monthly,,,,,,,,,,,26.188888549804688,50.54999923706055,,,,Husain Kayed,,PARTLY,,,,,https://www.propertyfinder.bh/en/plp/commercial-rent/office-space-for-rent-central-governorate-tubli-56516954.html,2026-08-28T04:09:45.604551+00:00,2026-08-28T04:09:45.604551+00:00,0,2026-08-28T04:09:45.604551+00:00
2026-08-28,new,56516956,,,Apartment,Apartment | Sale | 3-Bedroom | Al Janabiyah,,95000.0,,,BHD,sell,,,,,,,,,,,26.185943603515625,50.46711349487305,,,,Ahmed Albosta,,NO,completed_primary,,,,https://www.propertyfinder.bh/en/plp/buy/apartment-for-sale-northern-governorate-janabiya-56516956.html,2026-08-28T04:09:45.604551+00:00,2026-08-28T04:09:45.604551+00:00,0,2026-08-28T04:09:45.604551+00:00
2026-08-28,new,56516957,,,Apartment,Luxury I Sea View I Balcony I Modern I1 Month Free,,700.0,,,BHD,monthly,,,,,,,,,,,26.239999771118164,50.5369987487793,,,,Antony Shaiju,,YES,,,,,https://www.propertyfinder.bh/en/plp/rent/apartment-for-rent-capital-governorate-seef-56516957.html,2026-08-28T04:09:45.604551+00:00,2026-08-28T04:09:45.604551+00:00,0,2026-08-28T04:09:45.604551+00:00
2026-08-28,new,56516958,,,Villa,ASEEL 2/ BIG LAYOUT/ DRIVER ROOM AND MAID ROOM,,1400.0,,,BHD,monthly,,,,,,,,Diyar Al Muharraq,Al Naseem,,26.31142234802246,50.64306640625,,,,Katarzyna Smolinska3668,,PARTLY,,,,,https://www.propertyfinder.bh/en/plp/rent/villa-for-rent-muharraq-governorate-diyar-al-muharraq-al-naseem-56516958.html,2026-08-28T04:09:45.604551+00:00,2026-08-28T04:09:45.604551+00:00,0,2026-08-28T04:09:45.604551+00:00
2026-08-28,new,56516960,,,Apartment,Balcony I Spacious I Store I Maid RoomIHS. Keeping,,350.0,,,BHD,monthly,,,,,,,,,,,26.211111068725586,50.601112365722656,,,,Antony Shaiju,,YES,,,,,https://www.propertyfinder.bh/en/plp/rent/apartment-for-rent-capital-governorate-al-juffair-56516960.html,2026-08-28T04:09:45.604551+00:00,2026-08-28T04:09:45.604551+00:00,0,2026-08-28T04:09:45.604551+00:00
2026-08-28,new,56516974,,,Office Space,WELL- PARTITIONED | MULTI-CABINS | SPACIOUS,,720.0,,,BHD,monthly,,,,,,,,Alhajiyat,,,26.128984451293945,50.58171463012695,,,,Husain Kayed,,PARTLY,,,,,https://www.propertyfinder.bh/en/plp/commercial-rent/office-space-for-rent-southern-governorate-riffa-alhajiyat-56516974.html,2026-08-28T04:09:45.604551+00:00,2026-08-28T04:09:45.604551+00:00,0,2026-08-28T04:09:45.604551+00:00
2026-08-28,new,56516979,,,Apartment,Marina View | Modern | Prime Location,,540.0,,,BHD,monthly,,,,,,,,Bahrain Financial Harbour,,,26.23778533935547,50.57342529296875,,,,Ahmad Hassan,,YES,,,,,https://www.propertyfinder.bh/en/plp/rent/apartment-for-rent-capital-governorate-manama-bahrain-financial-harbour-56516979.html,2026-08-28T04:09:45.604551+00:00,2026-08-28T04:09:45.604551+00:00,0,2026-08-28T04:09:45.604551+00:00
2026-08-28,new,56516985,,,Penthouse,Luxury Penthouse | Full Sea View | 4 Bedrooms,,3500.0,,,BHD,monthly,,,,,,,,Diyar Al Muharraq,,,26.303447723388672,50.6461296081543,,,,Mohamed Alaynati,,YES,,,,,https://www.propertyfinder.bh/en/plp/rent/penthouse-for-rent-muharraq-governorate-diyar-al-muharraq-marassi-al-bahrain-56516985.html,2026-08-28T04:09:45.604551+00:00,2026-08-28T04:09:45.604551+00:00,0,2026-08-28T04:09:45.604551+00:00
2026-08-28,new,56516993,,,Apartment,Sea View | Private Balcony | Airy Interior,,430.0,,,BHD,monthly,,,,,,,,,,,26.239999771118164,50.5369987487793,,,,Christian Brunet,,YES,,,,,https://www.propertyfinder.bh/en/plp/rent/apartment-for-rent-capital-governorate-seef-56516993.html,2026-08-28T04:09:45.604551+00:00,2026-08-28T04:09:45.604551+00:00,0,2026-08-28T04:09:45.604551+00:00
2026-08-28,new,56516995,,,Villa,Waterfront Impressive Family Villa with Jacuzzi,,1200.0,,,BHD,monthly,,,,,,,,Amwaj Avenue,,,26.29302978515625,50.66474151611328,,,,Christian Brunet,,PARTLY,,,,,https://www.propertyfinder.bh/en/plp/rent/villa-for-rent-muharraq-governorate-amwaj-islands-amwaj-avenue-56516995.html,2026-08-28T04:09:45.604551+00:00,2026-08-28T04:09:45.604551+00:00,0,2026-08-28T04:09:45.604551+00:00
2026-08-28,new,56516998,,,Office Space,HIGH RISE TOWER | PARTITIONED | EASY ACCESS,,500.0,,,BHD,monthly,,,,,,,,,,,26.239999771118164,50.5369987487793,,,,Husain Kayed,,PARTLY,,,,,https://www.propertyfinder.bh/en/plp/commercial-rent/office-space-for-rent-capital-governorate-seef-56516998.html,2026-08-28T04:09:45.604551+00:00,2026-08-28T04:09:45.604551+00:00,0,2026-08-28T04:09:45.604551+00:00
2026-08-28,new,56517001,,,Apartment,Bright interiors with Spacious City Living Home,,650.0,,,BHD,monthly,,,,,,,,,,,26.239999771118164,50.5369987487793,,,,Puthu Veetil Sajahan,,YES,,,,,https://www.propertyfinder.bh/en/plp/rent/apartment-for-rent-capital-governorate-seef-56517001.html,2026-08-28T04:09:45.604551+00:00,2026-08-28T04:09:45.604551+00:00,0,2026-08-28T04:09:45.604551+00:00
2026-08-28,new,56517002,,,Office Space,SKYSCRAPER VIEWS | TRANQUIL | HIGH RISE TOWER,,1270.0,,,BHD,monthly,,,,,,,,,,,26.249584197998047,50.580360412597656,,,,Husain Kayed,,PARTLY,,,,,https://www.propertyfinder.bh/en/plp/commercial-rent/office-space-for-rent-capital-governorate-bahrain-bay-56517002.html,2026-08-28T04:09:45.604551+00:00,2026-08-28T04:09:45.604551+00:00,0,2026-08-28T04:09:45.604551+00:00
2026-08-28,new,56517004,,,Office Space,CITY VIEW | HIGH RISE TOWER | PRIME LOCATION,,1367.0,,,BHD,monthly,,,,,,,,,,,26.239999771118164,50.5369987487793,,,,Husain Kayed,,PARTLY,,,,,https://www.propertyfinder.bh/en/plp/commercial-rent/office-space-for-rent-capital-governorate-seef-56517004.html,2026-08-28T04:09:45.604551+00:00,2026-08-28T04:09:45.604551+00:00,0,2026-08-28T04:09:45.604551+00:00
2026-08-28,new,56517005,,,Office Space,"Commercial Villa | Ideal for Office, Clinic, Salon",,650.0,,,BHD,monthly,,,,,,,,Saraya 2,,,26.19185447692871,50.509178161621094,,,,Puthu Veetil Sajahan,,PARTLY,,,,,https://www.propertyfinder.bh/en/plp/commercial-rent/office-space-for-rent-northern-governorate-bu-quwah-saraya-2-56517005.html,2026-08-28T04:09:45.604551+00:00,2026-08-28T04:09:45.604551+00:00,0,2026-08-28T04:09:45.604551+00:00
2026-08-28,new,56517007,,,Apartment,"Luxury 2 Bedroom Apartment in ERA Tower, Seef",,750.0,,,BHD,monthly,,,,,,,,,,,26.239999771118164,50.5369987487793,,,,Abbas  Altaraifi,,YES,,,,,https://www.propertyfinder.bh/en/plp/rent/apartment-for-rent-capital-governorate-seef-56517007.html,2026-08-28T04:09:45.604551+00:00,2026-08-28T04:09:45.604551+00:00,0,2026-08-28T04:09:45.604551+00:00
2026-08-28,new,56517010,,,Shop,SHOW ROOM | PRIME LOCATION | SPACIOUS,,1600.0,,,BHD,monthly,,,,,,,,,,,26.2102108001709,50.56403350830078,,,,Husain Kayed,,PARTLY,,,,,https://www.propertyfinder.bh/en/plp/commercial-rent/shop-for-rent-capital-governorate-manama-zinj-56517010.html,2026-08-28T04:09:45.604551+00:00,2026-08-28T04:09:45.604551+00:00,0,2026-08-28T04:09:45.604551+00:00
2026-08-28,new,56517013,,,Villa,Spacious Compound Villa | Prestigious Community,,145000.0,,,BHD,sell,,,,,,,,Al Marsa Floating City,,,26.2847957611084,50.669620513916016,,,,Puthu Veetil Sajahan,,YES,completed,,,,https://www.propertyfinder.bh/en/plp/buy/villa-for-sale-muharraq-governorate-amwaj-islands-al-marsa-floating-city-56517013.html,2026-08-28T04:09:45.604551+00:00,2026-08-28T04:09:45.604551+00:00,0,2026-08-28T04:09:45.604551+00:00
2026-08-28,new,56517014,,,Apartment,Bright & Elegant | Sea-View | Kids Play Area,,1200.0,,,BHD,monthly,,,,,,,,,,,26.241750717163086,50.5663948059082,,,,Prashanth Poojari,,YES,,,,,https://www.propertyfinder.bh/en/plp/rent/apartment-for-rent-capital-governorate-reef-island-56517014.html,2026-08-28T04:09:45.604551+00:00,2026-08-28T04:09:45.604551+00:00,0,2026-08-28T04:09:45.604551+00:00
2026-08-28,new,56517016,,,Office Space,BRAND NEW | MODERN | EASY ACCESS,,430.0,,,BHD,monthly,,,,,,,,,,,26.2102108001709,50.56403350830078,,,,Husain Kayed,,PARTLY,,,,,https://www.propertyfinder.bh/en/plp/commercial-rent/office-space-for-rent-capital-governorate-manama-zinj-56517016.html,2026-08-28T04:09:45.604551+00:00,2026-08-28T04:09:45.604551+00:00,0,2026-08-28T04:09:45.604551+00:00
2026-08-28,new,56517018,,,Apartment,Modern Family Home with Balcony and City View,,98000.0,,,BHD,sell,,,,,,,,,,,26.239999771118164,50.5369987487793,,,,Puthu Veetil Sajahan,,YES,completed,,,,https://www.propertyfinder.bh/en/plp/buy/apartment-for-sale-capital-governorate-seef-56517018.html,2026-08-28T04:09:45.604551+00:00,2026-08-28T04:09:45.604551+00:00,0,2026-08-28T04:09:45.604551+00:00
2026-08-28,new,56517020,,,Office Space,SHELL AND CORE | PRIME LOCATION | MODERN,,350.0,,,BHD,monthly,,,,,,,,,,,26.239999771118164,50.5369987487793,,,,Husain Kayed,,NO,,,,,https://www.propertyfinder.bh/en/plp/commercial-rent/office-space-for-rent-capital-governorate-seef-56517020.html,2026-08-28T04:09:45.604551+00:00,2026-08-28T04:09:45.604551+00:00,0,2026-08-28T04:09:45.604551+00:00
2026-08-28,new,56517021,,,Office Space,CITY VIEW | PRIME LOCATION | SPACIOUS,,1450.0,,,BHD,monthly,,,,,,,,Bahrain Financial Harbour,,,26.23778533935547,50.57342529296875,,,,Husain Kayed,,PARTLY,,,,,https://www.propertyfinder.bh/en/plp/commercial-rent/office-space-for-rent-capital-governorate-manama-bahrain-financial-harbour-56517021.html,2026-08-28T04:09:45.604551+00:00,2026-08-28T04:09:45.604551+00:00,0,2026-08-28T04:09:45.604551+00:00
2026-08-28,new,56517023,,,Office Space,WATER VIEW | PRIME LOCATION | BRAND NEW,,350.0,,,BHD,monthly,,,,,,,,,,,26.239999771118164,50.5369987487793,,,,Husain Kayed,,PARTLY,,,,,https://www.propertyfinder.bh/en/plp/commercial-rent/office-space-for-rent-capital-governorate-seef-56517023.html,2026-08-28T04:09:45.604551+00:00,2026-08-28T04:09:45.604551+00:00,0,2026-08-28T04:09:45.604551+00:00
2026-08-28,new,56517024,,,Apartment,Waterfront Community | Balcony with open Sea views,,95000.0,,,BHD,sell,,,,,,,,,,,26.241750717163086,50.5663948059082,,,,Puthu Veetil Sajahan,,PARTLY,completed,,,,https://www.propertyfinder.bh/en/plp/buy/apartment-for-sale-capital-governorate-reef-island-56517024.html,2026-08-28T04:09:45.604551+00:00,2026-08-28T04:09:45.604551+00:00,0,2026-08-28T04:09:45.604551+00:00
2026-08-28,new,56517026,,,Office Space,SHELL AND CORE | BRAND NEW | CITY VIEW,,1411.0,,,BHD,monthly,,,,,,,,,,,26.239999771118164,50.5369987487793,,,,Husain Kayed,,NO,,,,,https://www.propertyfinder.bh/en/plp/commercial-rent/office-space-for-rent-capital-governorate-seef-56517026.html,2026-08-28T04:09:45.604551+00:00,2026-08-28T04:09:45.604551+00:00,0,2026-08-28T04:09:45.604551+00:00
2026-08-28,new,56517027,,,Villa,Backyard ! Private Garden ! Rare Compound Villa,,450.0,,,BHD,monthly,,,,,,,,West Riffa,,,26.123153686523438,50.54193878173828,,,,Ponmony Remesh,,NO,,,,,https://www.propertyfinder.bh/en/plp/rent/villa-for-rent-southern-governorate-riffa-west-riffa-56517027.html,2026-08-28T04:09:45.604551+00:00,2026-08-28T04:09:45.604551+00:00,0,2026-08-28T04:09:45.604551+00:00
2026-08-28,new,56517028,,,Apartment,World Class Waterfront Living with Canal Views,,500.0,,,BHD,monthly,,,,,,,,Canal View,,,26.273908615112305,50.67207336425781,,,,Puthu Veetil Sajahan,,PARTLY,,,,,https://www.propertyfinder.bh/en/plp/rent/apartment-for-rent-muharraq-governorate-dilmunia-island-canal-view-56517028.html,2026-08-28T04:09:45.604551+00:00,2026-08-28T04:09:45.604551+00:00,0,2026-08-28T04:09:45.604551+00:00
2026-08-28,new,56517030,,,Office Space,SPACIOUS | CONVENIENT | PRIME LOCATION,,800.0,,,BHD,monthly,,,,,,,,,,,26.223421096801758,50.56662368774414,,,,Husain Kayed,,PARTLY,,,,,https://www.propertyfinder.bh/en/plp/commercial-rent/office-space-for-rent-capital-governorate-manama-gufool-56517030.html,2026-08-28T04:09:45.604551+00:00,2026-08-28T04:09:45.604551+00:00,0,2026-08-28T04:09:45.604551+00:00
2026-08-28,new,56517031,,,Apartment,Fully Furnished | Sea View | Bright & Spacious,,260.0,,,BHD,monthly,,,,,,,,,,,26.21263313293457,50.67418670654297,,,,Charisse Villaruz,,YES,,,,,https://www.propertyfinder.bh/en/plp/rent/apartment-for-rent-muharraq-governorate-hidd-56517031.html,2026-08-28T04:09:45.604551+00:00,2026-08-28T04:09:45.604551+00:00,0,2026-08-28T04:09:45.604551+00:00
2026-08-28,new,56517033,,,Villa,Fabulous sea view 04 BR villa with maid room,,390000.0,,,BHD,sell,,,,,,,,,,,25.833925247192383,50.613853454589844,,,,Puthu Veetil Sajahan,,YES,completed,,,,https://www.propertyfinder.bh/en/plp/buy/villa-for-sale-southern-governorate-durrat-al-bahrain-56517033.html,2026-08-28T04:09:45.604551+00:00,2026-08-28T04:09:45.604551+00:00,0,2026-08-28T04:09:45.604551+00:00
2026-08-28,new,56517037,,,Apartment,FULL SEA VIEW - BALCONY - HIGH FLOOR - FONTANA,,600.0,,,BHD,monthly,,,,,,,,,,,26.211111068725586,50.601112365722656,,,,Unus Sirajuddin,,YES,,,,,https://www.propertyfinder.bh/en/plp/rent/apartment-for-rent-capital-governorate-al-juffair-56517037.html,2026-08-28T04:09:45.604551+00:00,2026-08-28T04:09:45.604551+00:00,0,2026-08-28T04:09:45.604551+00:00
2026-08-28,new,56517038,,,Office Space,OPEN LAYOUT | EXPANSIVE | BRIGHT,,900.0,,,BHD,monthly,,,,,,,,Alhajiyat,,,26.128984451293945,50.58171463012695,,,,Husain Kayed,,PARTLY,,,,,https://www.propertyfinder.bh/en/plp/commercial-rent/office-space-for-rent-southern-governorate-riffa-alhajiyat-56517038.html,2026-08-28T04:09:45.604551+00:00,2026-08-28T04:09:45.604551+00:00,0,2026-08-28T04:09:45.604551+00:00
2026-08-28,new,56517039,,,Apartment,Modern bright and well-maintained apartment,,500.0,,,BHD,monthly,,,,,,,,,,,26.239999771118164,50.5369987487793,,,,Puthu Veetil Sajahan,,YES,,,,,https://www.propertyfinder.bh/en/plp/rent/apartment-for-rent-capital-governorate-seef-56517039.html,2026-08-28T04:09:45.604551+00:00,2026-08-28T04:09:45.604551+00:00,0,2026-08-28T04:09:45.604551+00:00
2026-08-28,new,56517041,,,Apartment,Beachfront Gated Community/Sea View/Greenery,,65000.0,,,BHD,sell,,,,,,,,Tala Island,,,26.300025939941406,50.66316223144531,,,,Anastasia Ageeva,,YES,completed,,,,https://www.propertyfinder.bh/en/plp/buy/apartment-for-sale-muharraq-governorate-amwaj-islands-tala-island-56517041.html,2026-08-28T04:09:45.604551+00:00,2026-08-28T04:09:45.604551+00:00,0,2026-08-28T04:09:45.604551+00:00
2026-08-28,new,56517042,,,Office Space,BALCONY | PARTITIONED | SPACIOUS,,550.0,,,BHD,monthly,,,,,,,,Sanabis,,,26.226558685302734,50.5459098815918,,,,Husain Kayed,,PARTLY,,,,,https://www.propertyfinder.bh/en/plp/commercial-rent/office-space-for-rent-capital-governorate-manama-sanabis-56517042.html,2026-08-28T04:09:45.604551+00:00,2026-08-28T04:09:45.604551+00:00,0,2026-08-28T04:09:45.604551+00:00
2026-08-28,new,56517045,,,Office Space,INCLUSIVE | READY TO MOVE IN | AMENITIES,,1150.0,,,BHD,monthly,,,,,,,,,,,26.249584197998047,50.580360412597656,,,,Husain Kayed,,YES,,,,,https://www.propertyfinder.bh/en/plp/commercial-rent/office-space-for-rent-capital-governorate-bahrain-bay-56517045.html,2026-08-28T04:09:45.604551+00:00,2026-08-28T04:09:45.604551+00:00,0,2026-08-28T04:09:45.604551+00:00
2026-08-28,new,56517047,,,Villa,Private Beachfront Villa | Direct beach access,,445000.0,,,BHD,sell,,,,,,,,Murjan 1 (Phase 1 and 2),,,25.83552360534668,50.61116027832031,,,,Puthu Veetil Sajahan,,YES,completed,,,,https://www.propertyfinder.bh/en/plp/buy/villa-for-sale-southern-governorate-durrat-al-bahrain-murjan-1-phase-1-and-2-56517047.html,2026-08-28T04:09:45.604551+00:00,2026-08-28T04:09:45.604551+00:00,0,2026-08-28T04:09:45.604551+00:00
2026-08-28,new,56517049,,,Apartment,AMAZING DEAL | COZY+MODERN| QUIET AREA |NEAR BEACH,,350.0,,,BHD,monthly,,,,,,,,Amwaj Homes,,,26.288480758666992,50.66381072998047,,,,Fadi Eweida,,YES,,,,,https://www.propertyfinder.bh/en/plp/rent/apartment-for-rent-muharraq-governorate-amwaj-islands-amwaj-homes-56517049.html,2026-08-28T04:09:45.604551+00:00,2026-08-28T04:09:45.604551+00:00,0,2026-08-28T04:09:45.604551+00:00
2026-08-28,new,56517050,,,Office Space,PARTITIONED | SPACIOUS | PRIME,,600.0,,,BHD,monthly,,,,,,,,,,,26.239999771118164,50.5369987487793,,,,Husain Kayed,,PARTLY,,,,,https://www.propertyfinder.bh/en/plp/commercial-rent/office-space-for-rent-capital-governorate-seef-56517050.html,2026-08-28T04:09:45.604551+00:00,2026-08-28T04:09:45.604551+00:00,0,2026-08-28T04:09:45.604551+00:00
2026-08-28,new,56517054,,,Office Space,IDEAL FOR BOUTIQUE CAFE | WATER VIEW | PRIME,,2500.0,,,BHD,monthly,,,,,,,,Water Garden City,,,26.24260139465332,50.55380630493164,,,,Husain Kayed,,PARTLY,,,,,https://www.propertyfinder.bh/en/plp/commercial-rent/office-space-for-rent-capital-governorate-manama-water-garden-city-56517054.html,2026-08-28T04:09:45.604551+00:00,2026-08-28T04:09:45.604551+00:00,0,2026-08-28T04:09:45.604551+00:00
2026-08-28,new,56517057,,,Villa,Luxury Family Villa Near Marassi Mall | FREEHOLD,,113000.0,,,BHD,sell,,,,,,,,Diyar Al Muharraq,Al Sidra,,26.31142234802246,50.64306640625,,,,Unus Sirajuddin,,NO,completed_primary,,,,https://www.propertyfinder.bh/en/plp/buy/villa-for-sale-muharraq-governorate-diyar-al-muharraq-al-sidra-56517057.html,2026-08-28T04:09:45.604551+00:00,2026-08-28T04:09:45.604551+00:00,0,2026-08-28T04:09:45.604551+00:00
2026-08-28,new,56517058,,,Apartment,MODERN & BRIGHT | BEACH+POOL+GYM | GATED COMMUNITY,,350.0,,,BHD,monthly,,,,,,,,Tala Island,,,26.300025939941406,50.66316223144531,,,,Fadi Eweida,,YES,,,,,https://www.propertyfinder.bh/en/plp/rent/apartment-for-rent-muharraq-governorate-amwaj-islands-tala-island-56517058.html,2026-08-28T04:09:45.604551+00:00,2026-08-28T04:09:45.604551+00:00,0,2026-08-28T04:09:45.604551+00:00
2026-08-28,new,56517059,,,Show Room,PRIME LOCATION | MEZZANINE | SPACIOUS,,2600.0,,,BHD,monthly,,,,,,,,,,,26.1314754486084,50.568843841552734,,,,Husain Kayed,,PARTLY,,,,,https://www.propertyfinder.bh/en/plp/commercial-rent/show-room-for-rent-southern-governorate-riffa-bu-kowarah-56517059.html,2026-08-28T04:09:45.604551+00:00,2026-08-28T04:09:45.604551+00:00,0,2026-08-28T04:09:45.604551+00:00
2026-08-28,new,56517063,,,Office Space,CITY VIEW | MODERN | PRIME LOCATION,,650.0,,,BHD,monthly,,,,,,,,,,,26.239999771118164,50.5369987487793,,,,Husain Kayed,,PARTLY,,,,,https://www.propertyfinder.bh/en/plp/commercial-rent/office-space-for-rent-capital-governorate-seef-56517063.html,2026-08-28T04:09:45.604551+00:00,2026-08-28T04:09:45.604551+00:00,0,2026-08-28T04:09:45.604551+00:00
2026-08-28,new,56517066,,,Office Space,SPACIOUS | HIGH RISE TOWER | CITY VIEW,,500.0,,,BHD,monthly,,,,,,,,,,,26.239999771118164,50.5369987487793,,,,Husain Kayed,,PARTLY,,,,,https://www.propertyfinder.bh/en/plp/commercial-rent/office-space-for-rent-capital-governorate-seef-56517066.html,2026-08-28T04:09:45.604551+00:00,2026-08-28T04:09:45.604551+00:00,0,2026-08-28T04:09:45.604551+00:00
2026-08-28,new,56517072,,,Office Space,PRIME LOCATION | HIGH RISE TOWER | CITY VIEW,,89000.0,,,BHD,sell,,,,,,,,,,,26.239999771118164,50.5369987487793,,,,Husain Kayed,,PARTLY,completed,,,,https://www.propertyfinder.bh/en/plp/commercial-buy/office-space-for-sale-capital-governorate-seef-56517072.html,2026-08-28T04:09:45.604551+00:00,2026-08-28T04:09:45.604551+00:00,0,2026-08-28T04:09:45.604551+00:00
2026-08-28,new,56517074,,,Office Space,PARTITIONED | SPACIOUS | IDEAL FOR CORPORATES,,900.0,,,BHD,monthly,,,,,,,,Alhajiyat,,,26.128984451293945,50.58171463012695,,,,Husain Kayed,,PARTLY,,,,,https://www.propertyfinder.bh/en/plp/commercial-rent/office-space-for-rent-southern-governorate-riffa-alhajiyat-56517074.html,2026-08-28T04:09:45.604551+00:00,2026-08-28T04:09:45.604551+00:00,0,2026-08-28T04:09:45.604551+00:00
2026-08-28,new,56517077,,,Apartment,Spacious 2 Bedroom Apartment for Rent in Seef,,500.0,,,BHD,monthly,,,,,,,,,,,26.239999771118164,50.5369987487793,,,,Husain Abdali,,YES,,,,,https://www.propertyfinder.bh/en/plp/rent/apartment-for-rent-capital-governorate-seef-56517077.html,2026-08-28T04:09:45.604551+00:00,2026-08-28T04:09:45.604551+00:00,0,2026-08-28T04:09:45.604551+00:00
2026-08-28,new,56517080,,,Office Space,EXPANSIVE | EASY ACCESS | BRIGHT,,550.0,,,BHD,monthly,,,,,,,,,,,26.239999771118164,50.5369987487793,,,,Husain Kayed,,PARTLY,,,,,https://www.propertyfinder.bh/en/plp/commercial-rent/office-space-for-rent-capital-governorate-seef-56517080.html,2026-08-28T04:09:45.604551+00:00,2026-08-28T04:09:45.604551+00:00,0,2026-08-28T04:09:45.604551+00:00
2026-08-28,new,56517081,,,Apartment,HIGH FLOOR SEA VIEW | NEW FURNITURE | BALCONY |SPA,,399.0,,,BHD,monthly,,,,,,,,The Lagoon,,,26.287778854370117,50.66339111328125,,,,Fadi Eweida,,YES,,,,,https://www.propertyfinder.bh/en/plp/rent/apartment-for-rent-muharraq-governorate-amwaj-islands-the-lagoon-56517081.html,2026-08-28T04:09:45.604551+00:00,2026-08-28T04:09:45.604551+00:00,0,2026-08-28T04:09:45.604551+00:00
2026-08-28,new,56517084,,,Office Space,OPEN SPACE | RECENTLY RENOVATED | BRIGHT,,500.0,,,BHD,monthly,,,,,,,,,,,26.239999771118164,50.5369987487793,,,,Husain Kayed,,PARTLY,,,,,https://www.propertyfinder.bh/en/plp/commercial-rent/office-space-for-rent-capital-governorate-seef-56517084.html,2026-08-28T04:09:45.604551+00:00,2026-08-28T04:09:45.604551+00:00,0,2026-08-28T04:09:45.604551+00:00
2026-08-28,new,56517086,,,Office Space,BALCONY | FULL FLOOR | SPACIOUS,,4000.0,,,BHD,monthly,,,,,,,,,,,26.239999771118164,50.5369987487793,,,,Husain Kayed,,PARTLY,,,,,https://www.propertyfinder.bh/en/plp/commercial-rent/office-space-for-rent-capital-governorate-seef-56517086.html,2026-08-28T04:09:45.604551+00:00,2026-08-28T04:09:45.604551+00:00,0,2026-08-28T04:09:45.604551+00:00
2026-08-28,new,56517087,,,Apartment,3 BR Apartment with Water View and Shared Pool,,1100.0,,,BHD,monthly,,,,,,,,Amwaj Avenue,,,26.29302978515625,50.66474151611328,,,,Arabian Homes,,YES,,,,,https://www.propertyfinder.bh/en/plp/rent/apartment-for-rent-muharraq-governorate-amwaj-islands-amwaj-avenue-56517087.html,2026-08-28T04:09:45.604551+00:00,2026-08-28T04:09:45.604551+00:00,0,2026-08-28T04:09:45.604551+00:00
2026-08-28,new,56517091,,,Office Space,MULTI-CABINS | HIGH RISE TOWER | PRIME,,1650.0,,,BHD,monthly,,,,,,,,,,,26.239999771118164,50.5369987487793,,,,Husain Kayed,,PARTLY,,,,,https://www.propertyfinder.bh/en/plp/commercial-rent/office-space-for-rent-capital-governorate-seef-56517091.html,2026-08-28T04:09:45.604551+00:00,2026-08-28T04:09:45.604551+00:00,0,2026-08-28T04:09:45.604551+00:00
2026-08-28,new,56517093,,,Apartment,AFORDABLE BEST PRICE | BALCONY | KIDS PLAY AREA,,350.0,,,BHD,monthly,,,,,,,,The Lagoon,,,26.287778854370117,50.66339111328125,,,,Fadi Eweida,,YES,,,,,https://www.propertyfinder.bh/en/plp/rent/apartment-for-rent-muharraq-governorate-amwaj-islands-the-lagoon-56517093.html,2026-08-28T04:09:45.604551+00:00,2026-08-28T04:09:45.604551+00:00,0,2026-08-28T04:09:45.604551+00:00
2026-08-28,new,56517105,,,Office Space,WATER VIEW | OPEN SPACE | EASY ACCESS,,370.0,,,BHD,monthly,,,,,,,,,,,26.239999771118164,50.5369987487793,,,,Husain Kayed,,PARTLY,,,,,https://www.propertyfinder.bh/en/plp/commercial-rent/office-space-for-rent-capital-governorate-seef-56517105.html,2026-08-28T04:09:45.604551+00:00,2026-08-28T04:09:45.604551+00:00,0,2026-08-28T04:09:45.604551+00:00
2026-08-28,new,56517108,,,Apartment,MODERN 2BHK | GENEROUS SPACE | BALCONY | LUXURIOUS,,700.0,,,BHD,monthly,,,,,,,,,,,26.249584197998047,50.580360412597656,,,,Zuhair Tlili,,YES,,,,,https://www.propertyfinder.bh/en/plp/rent/apartment-for-rent-capital-governorate-bahrain-bay-56517108.html,2026-08-28T04:09:45.604551+00:00,2026-08-28T04:09:45.604551+00:00,0,2026-08-28T04:09:45.604551+00:00
2026-08-28,new,56517110,,,Office Space,FULLY FITTED | LUXURY | PRIME LOCATION,,862.0,,,BHD,monthly,,,,,,,,,,,26.239999771118164,50.5369987487793,,,,Husain Kayed,,YES,,,,,https://www.propertyfinder.bh/en/plp/commercial-rent/office-space-for-rent-capital-governorate-seef-56517110.html,2026-08-28T04:09:45.604551+00:00,2026-08-28T04:09:45.604551+00:00,0,2026-08-28T04:09:45.604551+00:00
2026-08-28,new,56517114,,,Office Space,HIGH RISE TOWER | PRIME | SPACIOUS,,736.0,,,BHD,monthly,,,,,,,,Diplomatic Area,,,26.240070343017578,50.587345123291016,,,,Husain Kayed,,PARTLY,,,,,https://www.propertyfinder.bh/en/plp/commercial-rent/office-space-for-rent-capital-governorate-manama-diplomatic-area-56517114.html,2026-08-28T04:09:45.604551+00:00,2026-08-28T04:09:45.604551+00:00,0,2026-08-28T04:09:45.604551+00:00
2026-08-28,new,56517117,,,Office Space,AFFORDABLE | BRIGHT | PARTITIONED,,380.0,,,BHD,monthly,,,,,,,,,,,26.239999771118164,50.5369987487793,,,,Husain Kayed,,PARTLY,,,,,https://www.propertyfinder.bh/en/plp/commercial-rent/office-space-for-rent-capital-governorate-seef-56517117.html,2026-08-28T04:09:45.604551+00:00,2026-08-28T04:09:45.604551+00:00,0,2026-08-28T04:09:45.604551+00:00
2026-08-28,new,56517121,,,Villa,EXCEPTIONAL 5BHK VILLA | PRIVATE POOL | MODERN,,350000.0,,,BHD,sell,,,,,,,,,,,26.19164276123047,50.48757553100586,,,,Yumna Awad,,NO,completed_primary,,,,https://www.propertyfinder.bh/en/plp/buy/villa-for-sale-northern-governorate-saar-56517121.html,2026-08-28T04:09:45.604551+00:00,2026-08-28T04:09:45.604551+00:00,0,2026-08-28T04:09:45.604551+00:00
2026-08-28,new,56517122,,,Office Space,BALCONY | PANORAMIC VIEW | BIRGHT,,450.0,,,BHD,monthly,,,,,,,,,,,26.239999771118164,50.5369987487793,,,,Husain Kayed,,PARTLY,,,,,https://www.propertyfinder.bh/en/plp/commercial-rent/office-space-for-rent-capital-governorate-seef-56517122.html,2026-08-28T04:09:45.604551+00:00,2026-08-28T04:09:45.604551+00:00,0,2026-08-28T04:09:45.604551+00:00
2026-08-28,new,56517124,,,Apartment,REAL SPACIOUS 2BHK | AFFORDABLE PRICE | PRIME AREA,,250.0,,,BHD,monthly,,,,,,,,,,,26.1314754486084,50.568843841552734,,,,Yumna Awad,,NO,,,,,https://www.propertyfinder.bh/en/plp/rent/apartment-for-rent-southern-governorate-riffa-bu-kowarah-56517124.html,2026-08-28T04:09:45.604551+00:00,2026-08-28T04:09:45.604551+00:00,0,2026-08-28T04:09:45.604551+00:00
2026-08-28,new,56517133,,,Apartment,ELEGANT 3BHK + MAIDS ROOM | SEA VIEW | HIGH-END,,1300.0,,,BHD,monthly,,,,,,,,,,,26.241750717163086,50.5663948059082,,,,Rolin Faouri,,YES,,,,,https://www.propertyfinder.bh/en/plp/rent/apartment-for-rent-capital-governorate-reef-island-56517133.html,2026-08-28T04:09:45.604551+00:00,2026-08-28T04:09:45.604551+00:00,0,2026-08-28T04:09:45.604551+00:00
2026-08-28,new,56517141,,,Apartment,360° SEA VIEW | REEF RESIDENCE | LUXURIOUS 2BHK,,1250.0,,,BHD,monthly,,,,,,,,,,,26.241750717163086,50.5663948059082,,,,Rolin Faouri,,YES,,,,,https://www.propertyfinder.bh/en/plp/rent/apartment-for-rent-capital-governorate-reef-island-56517141.html,2026-08-28T04:09:45.604551+00:00,2026-08-28T04:09:45.604551+00:00,0,2026-08-28T04:09:45.604551+00:00
2026-08-28,new,56517142,,,Apartment,Wrap Around Terrace/Own Entrance/Beach Community,,73000.0,,,BHD,sell,,,,,,,,Tala Island,,,26.300025939941406,50.66316223144531,,,,Anastasia Ageeva,,YES,completed,,,,https://www.propertyfinder.bh/en/plp/buy/apartment-for-sale-muharraq-governorate-amwaj-islands-tala-island-56517142.html,2026-08-28T04:09:45.604551+00:00,2026-08-28T04:09:45.604551+00:00,0,2026-08-28T04:09:45.604551+00:00
2026-08-28,new,56517143,,,Apartment,Modern | Spacious | 2-Bedroom | Negotiable,,400.0,,,BHD,monthly,,,,,,,,,,,26.211111068725586,50.601112365722656,,,,Sharshahan Koyilandi,,YES,,,,,https://www.propertyfinder.bh/en/plp/rent/apartment-for-rent-capital-governorate-al-juffair-56517143.html,2026-08-28T04:09:45.604551+00:00,2026-08-28T04:09:45.604551+00:00,0,2026-08-28T04:09:45.604551+00:00
2026-08-28,new,56517144,,,Apartment,Modern | Spacious | Sea View | 24 Hour Security,,380.0,,,BHD,monthly,,,,,,,,,,,26.21263313293457,50.67418670654297,,,,Charisse Villaruz,,YES,,,,,https://www.propertyfinder.bh/en/plp/rent/apartment-for-rent-muharraq-governorate-hidd-56517144.html,2026-08-28T04:09:45.604551+00:00,2026-08-28T04:09:45.604551+00:00,0,2026-08-28T04:09:45.604551+00:00
2026-08-28,new,56517145,,,Shop,"Prime Mezzanine Shop on Budaiya Highway, Saar",,550.0,,,BHD,monthly,,,,,,,,,,,26.19164276123047,50.48757553100586,,,,Husain Abdali,,PARTLY,,,,,https://www.propertyfinder.bh/en/plp/commercial-rent/shop-for-rent-northern-governorate-saar-56517145.html,2026-08-28T04:09:45.604551+00:00,2026-08-28T04:09:45.604551+00:00,0,2026-08-28T04:09:45.604551+00:00
2026-08-28,new,56517147,,,Apartment,3BHK + MAIDS ROOM | SEA VIEW | EXQUISITE LUXURY,,260000.0,,,BHD,sell,,,,,,,,,,,26.241750717163086,50.5663948059082,,,,Zuhair Tlili,,YES,completed,,,,https://www.propertyfinder.bh/en/plp/buy/apartment-for-sale-capital-governorate-reef-island-56517147.html,2026-08-28T04:09:45.604551+00:00,2026-08-28T04:09:45.604551+00:00,0,2026-08-28T04:09:45.604551+00:00
2026-08-28,new,56517148,,,Apartment,LUXURY 2BED | BAHRAIN BAY | GREAT VALUE,,600.0,,,BHD,monthly,,,,,,,,,,,26.249584197998047,50.580360412597656,,,,Sheraz Majeed ,,YES,,,,,https://www.propertyfinder.bh/en/plp/rent/apartment-for-rent-capital-governorate-bahrain-bay-56517148.html,2026-08-28T04:09:45.604551+00:00,2026-08-28T04:09:45.604551+00:00,0,2026-08-28T04:09:45.604551+00:00
2026-08-28,new,56517149,,,Apartment,LUXURY 3BR DUPLEX | SPACIOUS | JUFFAIR,,750.0,,,BHD,monthly,,,,,,,,,,,26.211111068725586,50.601112365722656,,,,Sheraz Majeed ,,YES,,,,,https://www.propertyfinder.bh/en/plp/rent/apartment-for-rent-capital-governorate-al-juffair-56517149.html,2026-08-28T04:09:45.604551+00:00,2026-08-28T04:09:45.604551+00:00,0,2026-08-28T04:09:45.604551+00:00
2026-08-28,new,56517151,,,Apartment,WATER PARK | NAVY APPROVED | BALCONIES | SEA VIEW,,1200.0,,,BHD,monthly,,,,,,,,Essence of Dilmunia,,,26.27286720275879,50.672889709472656,,,,Rolin Faouri,,YES,,,,,https://www.propertyfinder.bh/en/plp/rent/apartment-for-rent-muharraq-governorate-dilmunia-island-essence-of-dilmunia-56517151.html,2026-08-28T04:09:45.604551+00:00,2026-08-28T04:09:45.604551+00:00,0,2026-08-28T04:09:45.604551+00:00
2026-08-28,new,56517154,,,Apartment,MODERN | 2BED | HOUSEKEEPING INCLUDED,,500.0,,,BHD,monthly,,,,,,,,,,,26.211111068725586,50.601112365722656,,,,Sheraz Majeed ,,YES,,,,,https://www.propertyfinder.bh/en/plp/rent/apartment-for-rent-capital-governorate-al-juffair-56517154.html,2026-08-28T04:09:45.604551+00:00,2026-08-28T04:09:45.604551+00:00,0,2026-08-28T04:09:45.604551+00:00
2026-08-28,new,56517155,,,Apartment,Panoramic Sea View | Fitness Club | Spacious |,,400.0,,,BHD,monthly,,,,,,,,,,,26.27286720275879,50.672889709472656,,,,Charisse Villaruz,,YES,,,,,https://www.propertyfinder.bh/en/plp/rent/apartment-for-rent-muharraq-governorate-dilmunia-island-56517155.html,2026-08-28T04:09:45.604551+00:00,2026-08-28T04:09:45.604551+00:00,0,2026-08-28T04:09:45.604551+00:00
2026-08-28,new,56517157,,,Apartment,LARGE 1 BED | EUROPEAN KITCHEN | JANABIYA,,320.0,,,BHD,monthly,,,,,,,,,,,26.185943603515625,50.46711349487305,,,,Sheraz Majeed ,,YES,,,,,https://www.propertyfinder.bh/en/plp/rent/apartment-for-rent-northern-governorate-janabiya-56517157.html,2026-08-28T04:09:45.604551+00:00,2026-08-28T04:09:45.604551+00:00,0,2026-08-28T04:09:45.604551+00:00
2026-08-28,new,56517158,,,Apartment,| Affordable Deal! | Private Garden & Water View |,,330.0,,,BHD,monthly,,,,,,,,,,,26.239999771118164,50.5369987487793,,,,Hasan Aljeshi,,PARTLY,,,,,https://www.propertyfinder.bh/en/plp/rent/apartment-for-rent-capital-governorate-seef-56517158.html,2026-08-28T04:09:45.604551+00:00,2026-08-28T04:09:45.604551+00:00,0,2026-08-28T04:09:45.604551+00:00
2026-08-28,new,56517159,,,Apartment,COZY 1BR | NEW | BALCONY | MODERN | PRIME LOCATION,,300.0,,,BHD,monthly,,,,,,,,,,,26.239999771118164,50.5369987487793,,,,Zuhair Tlili,,YES,,,,,https://www.propertyfinder.bh/en/plp/rent/apartment-for-rent-capital-governorate-seef-56517159.html,2026-08-28T04:09:45.604551+00:00,2026-08-28T04:09:45.604551+00:00,0,2026-08-28T04:09:45.604551+00:00
2026-08-28,new,56517171,,,Apartment,COSY APARTMENT | FREE WIFI | HEART OF JUFFAIR,,300.0,,,BHD,monthly,,,,,,,,,,,26.211111068725586,50.601112365722656,,,,Sheraz Majeed ,,YES,,,,,https://www.propertyfinder.bh/en/plp/rent/apartment-for-rent-capital-governorate-al-juffair-56517171.html,2026-08-28T04:09:45.604551+00:00,2026-08-28T04:09:45.604551+00:00,0,2026-08-28T04:09:45.604551+00:00
2026-08-28,new,56517173,,,Apartment,HIGH-END LIVING | TWO BEDROOM | MODERN FACILITIES,,600.0,,,BHD,monthly,,,,,,,,,,,26.211111068725586,50.601112365722656,,,,Sheraz Majeed ,,YES,,,,,https://www.propertyfinder.bh/en/plp/rent/apartment-for-rent-capital-governorate-al-juffair-56517173.html,2026-08-28T04:09:45.604551+00:00,2026-08-28T04:09:45.604551+00:00,0,2026-08-28T04:09:45.604551+00:00
2026-08-28,new,56517174,,,Apartment,MODERN ELEGANCE | HUGE LIVING SPACE | JUFFAIR,,550.0,,,BHD,monthly,,,,,,,,,,,26.211111068725586,50.601112365722656,,,,Sheraz Majeed ,,YES,,,,,https://www.propertyfinder.bh/en/plp/rent/apartment-for-rent-capital-governorate-al-juffair-56517174.html,2026-08-28T04:09:45.604551+00:00,2026-08-28T04:09:45.604551+00:00,0,2026-08-28T04:09:45.604551+00:00
2026-08-28,new,56517177,,,Apartment,BRAND NEW | BALCONY | FACILITIES | PRIME LOCATION,,450.0,,,BHD,monthly,,,,,,,,,,,26.239999771118164,50.5369987487793,,,,Zuhair Tlili,,YES,,,,,https://www.propertyfinder.bh/en/plp/rent/apartment-for-rent-capital-governorate-seef-56517177.html,2026-08-28T04:09:45.604551+00:00,2026-08-28T04:09:45.604551+00:00,0,2026-08-28T04:09:45.604551+00:00
2026-08-28,new,56517178,,,Apartment,BEST DEAL! | CALL US TODAY! | With Water View,,63000.0,,,BHD,sell,,,,,,,,,,,26.211111068725586,50.601112365722656,,,,Hasan Aljeshi,,YES,completed,,,,https://www.propertyfinder.bh/en/plp/buy/apartment-for-sale-capital-governorate-al-juffair-56517178.html,2026-08-28T04:09:45.604551+00:00,2026-08-28T04:09:45.604551+00:00,0,2026-08-28T04:09:45.604551+00:00
2026-08-28,new,56517180,,,Apartment,STYLISH COASTAL LIVING | 2BHK | PREMIUM FACILITIES,,550.0,,,BHD,monthly,,,,,,,,Diyar Al Muharraq,Marassi Shores Residences,,26.303447723388672,50.6461296081543,,,,Rolin Faouri,,YES,,,,,https://www.propertyfinder.bh/en/plp/rent/apartment-for-rent-muharraq-governorate-diyar-al-muharraq-marassi-shores-residences-56517180.html,2026-08-28T04:09:45.604551+00:00,2026-08-28T04:09:45.604551+00:00,0,2026-08-28T04:09:45.604551+00:00
2026-08-28,new,56517182,,,Apartment,Beach Access/Big Terrace/Walk in Shower/Parking,,320.0,,,BHD,monthly,,,,,,,,Tala Island,,,26.300025939941406,50.66316223144531,,,,Anastasia Ageeva,,YES,,,,,https://www.propertyfinder.bh/en/plp/rent/apartment-for-rent-muharraq-governorate-amwaj-islands-tala-island-56517182.html,2026-08-28T04:09:45.604551+00:00,2026-08-28T04:09:45.604551+00:00,0,2026-08-28T04:09:45.604551+00:00
2026-08-28,new,56517184,,,Apartment,BEACH FACING | STORAGE ROOM | HEART OF THE CITY,,70000.0,,,BHD,sell,,,,,,,,,,,26.23795509338379,50.45539855957031,,,,DILSHAB HAMSA,,PARTLY,completed,,,,https://www.propertyfinder.bh/en/plp/buy/apartment-for-sale-northern-governorate-northern-city-madinat-salman-56517184.html,2026-08-28T04:09:45.604551+00:00,2026-08-28T04:09:45.604551+00:00,0,2026-08-28T04:09:45.604551+00:00
2026-08-28,new,56517187,,,Apartment,Modern 2BR Furnished Apartment in Amwaj Avenue,,500.0,,,BHD,monthly,,,,,,,,Amwaj Avenue,,,26.29302978515625,50.66474151611328,,,,Violeta Abboud,,YES,,,,,https://www.propertyfinder.bh/en/plp/rent/apartment-for-rent-muharraq-governorate-amwaj-islands-amwaj-avenue-56517187.html,2026-08-28T04:09:45.604551+00:00,2026-08-28T04:09:45.604551+00:00,0,2026-08-28T04:09:45.604551+00:00
2026-08-28,new,56517189,,,Apartment,UNLIMITED EWA | MODERN 2BHK | SPACIOUS LAYOUT,,400.0,,,BHD,monthly,,,,,,,,,,,26.239999771118164,50.5369987487793,,,,Rolin Faouri,,YES,,,,,https://www.propertyfinder.bh/en/plp/rent/apartment-for-rent-capital-governorate-seef-56517189.html,2026-08-28T04:09:45.604551+00:00,2026-08-28T04:09:45.604551+00:00,0,2026-08-28T04:09:45.604551+00:00
2026-08-28,new,56517191,,,Apartment,MODERN | FURNISHED STUDIO | SANABIS,,250.0,,,BHD,monthly,,,,,,,,Sanabis,,,26.226558685302734,50.5459098815918,,,,Sheraz Majeed ,,YES,,,,,https://www.propertyfinder.bh/en/plp/rent/apartment-for-rent-capital-governorate-manama-sanabis-56517191.html,2026-08-28T04:09:45.604551+00:00,2026-08-28T04:09:45.604551+00:00,0,2026-08-28T04:09:45.604551+00:00
2026-08-28,new,56517192,,,Villa,EXPANSIVE 5BHK VILLA | ELEGANT INTERIORS | IDEAL,,1500.0,,,BHD,monthly,,,,,,,,,,,26.19164276123047,50.48757553100586,,,,Yumna Awad,,PARTLY,,,,,https://www.propertyfinder.bh/en/plp/rent/villa-for-rent-northern-governorate-saar-56517192.html,2026-08-28T04:09:45.604551+00:00,2026-08-28T04:09:45.604551+00:00,0,2026-08-28T04:09:45.604551+00:00
2026-08-28,new,56517204,,,Villa,LUXURY 4BHK | MODERN COMFORT | BRIGHT INTERIORS,,950.0,,,BHD,monthly,,,,,,,,,,,26.185943603515625,50.46711349487305,,,,Yumna Awad,,PARTLY,,,,,https://www.propertyfinder.bh/en/plp/rent/villa-for-rent-northern-governorate-janabiya-56517204.html,2026-08-28T04:09:45.604551+00:00,2026-08-28T04:09:45.604551+00:00,0,2026-08-28T04:09:45.604551+00:00
2026-08-28,new,56517206,,,Penthouse,LUXURY 4BHK PENTHOUSE | NAVY APPROVED | SEA VIEW,,2200.0,,,BHD,monthly,,,,,,,,,,,26.241750717163086,50.5663948059082,,,,Rolin Faouri,,YES,,,,,https://www.propertyfinder.bh/en/plp/rent/penthouse-for-rent-capital-governorate-reef-island-56517206.html,2026-08-28T04:09:45.604551+00:00,2026-08-28T04:09:45.604551+00:00,0,2026-08-28T04:09:45.604551+00:00
2026-08-28,new,56517209,,,Apartment,Modern 1BR Apartment with Sea View in Marassi,,330.0,,,BHD,monthly,,,,,,,,Diyar Al Muharraq,Marassi Shores Residences,,26.303447723388672,50.6461296081543,,,,Violeta Abboud,,YES,,,,,https://www.propertyfinder.bh/en/plp/rent/apartment-for-rent-muharraq-governorate-diyar-al-muharraq-marassi-shores-residences-56517209.html,2026-08-28T04:09:45.604551+00:00,2026-08-28T04:09:45.604551+00:00,0,2026-08-28T04:09:45.604551+00:00
2026-08-28,new,56517210,,,Villa,LUXURY 4BHK VILLA | PRIME SAAR LOCATION | ELEGANT,,177000.0,,,BHD,sell,,,,,,,,,,,26.19164276123047,50.48757553100586,,,,Yumna Awad,,PARTLY,completed,,,,https://www.propertyfinder.bh/en/plp/buy/villa-for-sale-northern-governorate-saar-56517210.html,2026-08-28T04:09:45.604551+00:00,2026-08-28T04:09:45.604551+00:00,0,2026-08-28T04:09:45.604551+00:00
2026-08-28,new,56517212,,,Compound,AFFORDABLE 4BHK VILLA | PRIME JANABIYA LOCATION,,650.0,,,BHD,monthly,,,,,,,,,,,26.185943603515625,50.46711349487305,,,,Yumna Awad,,PARTLY,,,,,https://www.propertyfinder.bh/en/plp/rent/compound-for-rent-northern-governorate-janabiya-56517212.html,2026-08-28T04:09:45.604551+00:00,2026-08-28T04:09:45.604551+00:00,0,2026-08-28T04:09:45.604551+00:00
2026-08-28,new,56517214,,,Apartment,Sea View | Bright |Modern Interior,,1000.0,,,BHD,monthly,,,,,,,,,,,26.27286720275879,50.672889709472656,,,,Charisse Villaruz,,YES,,,,,https://www.propertyfinder.bh/en/plp/rent/apartment-for-rent-muharraq-governorate-dilmunia-island-56517214.html,2026-08-28T04:09:45.604551+00:00,2026-08-28T04:09:45.604551+00:00,0,2026-08-28T04:09:45.604551+00:00
2026-08-28,new,56517216,,,Apartment,MODERN 2BHK | BALCONY | PRIME LOCATION,,53000.0,,,BHD,sell,,,,,,,,Amwaj Avenue,,,26.29302978515625,50.66474151611328,,,,Rolin Faouri,,YES,completed,,,,https://www.propertyfinder.bh/en/plp/buy/apartment-for-sale-muharraq-governorate-amwaj-islands-amwaj-avenue-56517216.html,2026-08-28T04:09:45.604551+00:00,2026-08-28T04:09:45.604551+00:00,0,2026-08-28T04:09:45.604551+00:00
2026-08-28,new,56517218,,,Apartment,Family-Friendly Location - Ready to Move,,500.0,,,BHD,monthly,,,,,,,,,,,26.185943603515625,50.46711349487305,,,,Ebrahim Alsaleem,,YES,,,,,https://www.propertyfinder.bh/en/plp/rent/apartment-for-rent-northern-governorate-janabiya-56517218.html,2026-08-28T04:09:45.604551+00:00,2026-08-28T04:09:45.604551+00:00,0,2026-08-28T04:09:45.604551+00:00
2026-08-28,new,56517219,,,Land,Residential area | All amenities,,94000.0,,,BHD,sell,,,,,,,,,,,26.149999618530273,50.58333206176758,,,,Al Lagoon Real Estate ,,,,,,,https://www.propertyfinder.bh/en/plp/buy/land-for-sale-central-governorate-sanad-56517219.html,2026-08-28T04:09:45.604551+00:00,2026-08-28T04:09:45.604551+00:00,0,2026-08-28T04:09:45.604551+00:00
2026-08-28,new,56517221,,,Apartment,Affordable | Balcony | Bright | Modern,,350.0,,,BHD,monthly,,,,,,,,,,,26.239999771118164,50.5369987487793,,,,Abubakar Abdulghafar,,YES,,,,,https://www.propertyfinder.bh/en/plp/rent/apartment-for-rent-capital-governorate-seef-56517221.html,2026-08-28T04:09:45.604551+00:00,2026-08-28T04:09:45.604551+00:00,0,2026-08-28T04:09:45.604551+00:00
2026-08-28,new,56517222,,,Land,PRIME RESIDENTIAL PLOT | SANAD | RA ZONED,,99600.0,,,BHD,sell,,,,,,,,,,,26.149999618530273,50.58333206176758,,,,Rolin Faouri,,,,,,,https://www.propertyfinder.bh/en/plp/buy/land-for-sale-central-governorate-sanad-56517222.html,2026-08-28T04:09:45.604551+00:00,2026-08-28T04:09:45.604551+00:00,0,2026-08-28T04:09:45.604551+00:00
2026-08-28,new,56517226,,,Apartment,PRIME LOCATION | BALCONY | BRIGHT | SPACIOUS,,110000.0,,,BHD,sell,,,,,,,,,,,26.239999771118164,50.5369987487793,,,,Abubakar Abdulghafar,,YES,completed,,,,https://www.propertyfinder.bh/en/plp/buy/apartment-for-sale-capital-governorate-seef-56517226.html,2026-08-28T04:09:45.604551+00:00,2026-08-28T04:09:45.604551+00:00,0,2026-08-28T04:09:45.604551+00:00
2026-08-28,new,56517234,,,Land,PRIME RESIDENTIAL PLOT | SANAD | RA ZONED,,86000.0,,,BHD,sell,,,,,,,,,,,26.149999618530273,50.58333206176758,,,,Rolin Faouri,,,,,,,https://www.propertyfinder.bh/en/plp/buy/land-for-sale-central-governorate-sanad-56517234.html,2026-08-28T04:09:45.604551+00:00,2026-08-28T04:09:45.604551+00:00,0,2026-08-28T04:09:45.604551+00:00
2026-08-28,new,56517235,,,Apartment,PRIME LOCATION | BRIGHT | MODERN FURNISHINGS,,420.0,,,BHD,monthly,,,,,,,,,,,26.239999771118164,50.5369987487793,,,,Abubakar Abdulghafar,,YES,,,,,https://www.propertyfinder.bh/en/plp/rent/apartment-for-rent-capital-governorate-seef-56517235.html,2026-08-28T04:09:45.604551+00:00,2026-08-28T04:09:45.604551+00:00,0,2026-08-28T04:09:45.604551+00:00
2026-08-28,new,56517236,,,Office Space,AFFORDABLE | EASY ACCESS | AMPLE PARKINGS,,300.0,,,BHD,monthly,,,,,,,,,,,26.239999771118164,50.5369987487793,,,,Husain Kayed,,PARTLY,,,,,https://www.propertyfinder.bh/en/plp/commercial-rent/office-space-for-rent-capital-governorate-seef-56517236.html,2026-08-28T04:09:45.604551+00:00,2026-08-28T04:09:45.604551+00:00,0,2026-08-28T04:09:45.604551+00:00
2026-08-28,new,56517241,,,Apartment,Great Value | Modern | Pets Friendly | Inclusive,,490.0,,,BHD,monthly,,,,,,,,Amwaj Avenue,,,26.29302978515625,50.66474151611328,,,,Sadik Ali,,YES,,,,,https://www.propertyfinder.bh/en/plp/rent/apartment-for-rent-muharraq-governorate-amwaj-islands-amwaj-avenue-56517241.html,2026-08-28T04:09:45.604551+00:00,2026-08-28T04:09:45.604551+00:00,0,2026-08-28T04:09:45.604551+00:00
2026-08-28,new,56517242,,,Land,BUILD YOUR VILLA | RESIDENTIAL LAND | SANAD,,96700.0,,,BHD,sell,,,,,,,,,,,26.149999618530273,50.58333206176758,,,,Rolin Faouri,,,,,,,https://www.propertyfinder.bh/en/plp/buy/land-for-sale-central-governorate-sanad-56517242.html,2026-08-28T04:09:45.604551+00:00,2026-08-28T04:09:45.604551+00:00,0,2026-08-28T04:09:45.604551+00:00
2026-08-28,new,56517243,,,Office Space,SPACIOUS | CITY VIEW | FLOOR TO CEILING WINDOWS,,1800.0,,,BHD,monthly,,,,,,,,,,,26.239999771118164,50.5369987487793,,,,Husain Kayed,,PARTLY,,,,,https://www.propertyfinder.bh/en/plp/commercial-rent/office-space-for-rent-capital-governorate-seef-56517243.html,2026-08-28T04:09:45.604551+00:00,2026-08-28T04:09:45.604551+00:00,0,2026-08-28T04:09:45.604551+00:00
2026-08-28,new,56517246,,,Apartment,PRIME LOCATION | BRIGHT | MODERN FURNISHINGS,,73000.0,,,BHD,sell,,,,,,,,,,,26.239999771118164,50.5369987487793,,,,Abubakar Abdulghafar,,YES,completed,,,,https://www.propertyfinder.bh/en/plp/buy/apartment-for-sale-capital-governorate-seef-56517246.html,2026-08-28T04:09:45.604551+00:00,2026-08-28T04:09:45.604551+00:00,0,2026-08-28T04:09:45.604551+00:00
2026-08-28,new,56517247,,,Office Space,WATER VIEW | PRIME LOCATION | SPACIOUS,,120000.0,,,BHD,sell,,,,,,,,Diplomatic Area,,,26.240070343017578,50.587345123291016,,,,Husain Kayed,,NO,completed,,,,https://www.propertyfinder.bh/en/plp/commercial-buy/office-space-for-sale-capital-governorate-manama-diplomatic-area-56517247.html,2026-08-28T04:09:45.604551+00:00,2026-08-28T04:09:45.604551+00:00,0,2026-08-28T04:09:45.604551+00:00
2026-08-28,new,56517248,,,Apartment,Sea View Luxury Living | Balcony | Premium,,250.0,,,BHD,monthly,,,,,,,,,,,26.21263313293457,50.67418670654297,,,,Khaled Alqudah,,YES,,,,,https://www.propertyfinder.bh/en/plp/rent/apartment-for-rent-muharraq-governorate-hidd-56517248.html,2026-08-28T04:09:45.604551+00:00,2026-08-28T04:09:45.604551+00:00,0,2026-08-28T04:09:45.604551+00:00
2026-08-28,new,56517251,,,Apartment,COZY/ BRIGHT-MODERN| BALCONY| ALL MASTER BEDROOMS,,480.0,,,BHD,monthly,,,,,,,,,,,26.211111068725586,50.601112365722656,,,,Portia Sioting,,YES,,,,,https://www.propertyfinder.bh/en/plp/rent/apartment-for-rent-capital-governorate-al-juffair-56517251.html,2026-08-28T04:09:45.604551+00:00,2026-08-28T04:09:45.604551+00:00,0,2026-08-28T04:09:45.604551+00:00
2026-08-28,new,56517252,,,Apartment,Furnished Studio Apartment with Sea View in Seef,,380.0,,,BHD,monthly,,,,,,,,,,,26.239999771118164,50.5369987487793,,,,Khaled Alqudah,,YES,,,,,https://www.propertyfinder.bh/en/plp/rent/apartment-for-rent-capital-governorate-seef-56517252.html,2026-08-28T04:09:45.604551+00:00,2026-08-28T04:09:45.604551+00:00,0,2026-08-28T04:09:45.604551+00:00
2026-08-28,new,56517256,,,Apartment,BRAND NEW | SEA VEW | COZY | HIGH END | MODEN,,500.0,,,BHD,monthly,,,,,,,,Bahrain Financial Harbour,,,26.23778533935547,50.57342529296875,,,,Portia Sioting,,YES,,,,,https://www.propertyfinder.bh/en/plp/rent/apartment-for-rent-capital-governorate-manama-bahrain-financial-harbour-56517256.html,2026-08-28T04:09:45.604551+00:00,2026-08-28T04:09:45.604551+00:00,0,2026-08-28T04:09:45.604551+00:00
2026-08-28,new,56517257,,,Apartment,LUXURY 2BED | FIRST TENANT | MARASSI,,700.0,,,BHD,monthly,,,,,,,,Diyar Al Muharraq,,,26.31142234802246,50.64306640625,,,,Sheraz Majeed ,,YES,,,,,https://www.propertyfinder.bh/en/plp/rent/apartment-for-rent-muharraq-governorate-diyar-al-muharraq-56517257.html,2026-08-28T04:09:45.604551+00:00,2026-08-28T04:09:45.604551+00:00,0,2026-08-28T04:09:45.604551+00:00
2026-08-28,new,56517258,,,Apartment,Sea View|Balcony|Spacious|All Inclusive|High Floor,,270.0,,,BHD,monthly,,,,,,,,,,,26.211111068725586,50.601112365722656,,,,Khaled Alqudah,,YES,,,,,https://www.propertyfinder.bh/en/plp/rent/apartment-for-rent-capital-governorate-al-juffair-56517258.html,2026-08-28T04:09:45.604551+00:00,2026-08-28T04:09:45.604551+00:00,0,2026-08-28T04:09:45.604551+00:00
2026-08-28,new,56517259,,,Apartment,SPACIOUS & MODERN FURNISH STUDIO | BUSAITEEN,,230.0,,,BHD,monthly,,,,,,,,,,,26.27199935913086,50.60900115966797,,,,Khaled Alqudah,,YES,,,,,https://www.propertyfinder.bh/en/plp/rent/apartment-for-rent-muharraq-governorate-busaiteen-56517259.html,2026-08-28T04:09:45.604551+00:00,2026-08-28T04:09:45.604551+00:00,0,2026-08-28T04:09:45.604551+00:00
2026-08-28,new,56517261,,,Apartment,luxury Studio Apartment for Sale-Near RCSI College,,33000.0,,,BHD,sell,,,,,,,,,,,26.27199935913086,50.60900115966797,,,,Khaled Alqudah,,YES,completed,,,,https://www.propertyfinder.bh/en/plp/buy/apartment-for-sale-muharraq-governorate-busaiteen-56517261.html,2026-08-28T04:09:45.604551+00:00,2026-08-28T04:09:45.604551+00:00,0,2026-08-28T04:09:45.604551+00:00
2026-08-28,new,56517262,,,Apartment,Prime Location Near RCSI | Modern Studio | DAR Tow,,270.0,,,BHD,monthly,,,,,,,,,,,26.27199935913086,50.60900115966797,,,,Khaled Alqudah,,YES,,,,,https://www.propertyfinder.bh/en/plp/rent/apartment-for-rent-muharraq-governorate-busaiteen-56517262.html,2026-08-28T04:09:45.604551+00:00,2026-08-28T04:09:45.604551+00:00,0,2026-08-28T04:09:45.604551+00:00
2026-08-28,new,56517263,,,Apartment,1 BR Furnished Apartment with Water View,,530.0,,,BHD,monthly,,,,,,,,,,,26.239999771118164,50.5369987487793,,,,Khaled Alqudah,,YES,,,,,https://www.propertyfinder.bh/en/plp/rent/apartment-for-rent-capital-governorate-seef-56517263.html,2026-08-28T04:09:45.604551+00:00,2026-08-28T04:09:45.604551+00:00,0,2026-08-28T04:09:45.604551+00:00
2026-08-28,new,56517264,,,Apartment,Spiral | HIGH FLOOR | WIDE BALCONY | RENTED,,103000.0,,,BHD,sell,,,,,,,,,,,26.239999771118164,50.5369987487793,,,,Khaled Alqudah,,YES,completed,,,,https://www.propertyfinder.bh/en/plp/buy/apartment-for-sale-capital-governorate-seef-56517264.html,2026-08-28T04:09:45.604551+00:00,2026-08-28T04:09:45.604551+00:00,0,2026-08-28T04:09:45.604551+00:00
2026-08-28,new,56517265,,,Apartment,Very Spacious| Housekeeping| Pets Allow| Inclusive,,440.0,,,BHD,monthly,,,,,,,,Amwaj Avenue,,,26.29302978515625,50.66474151611328,,,,Sadik Ali,,YES,,,,,https://www.propertyfinder.bh/en/plp/rent/apartment-for-rent-muharraq-governorate-amwaj-islands-amwaj-avenue-56517265.html,2026-08-28T04:09:45.604551+00:00,2026-08-28T04:09:45.604551+00:00,0,2026-08-28T04:09:45.604551+00:00
2026-08-28,new,56517266,,,Apartment,LUXURY 2 BED | SPACIOUS | INTERNET INCLUDED,,450.0,,,BHD,monthly,,,,,,,,,,,26.19164276123047,50.48757553100586,,,,Sheraz Majeed ,,YES,,,,,https://www.propertyfinder.bh/en/plp/rent/apartment-for-rent-northern-governorate-saar-56517266.html,2026-08-28T04:09:45.604551+00:00,2026-08-28T04:09:45.604551+00:00,0,2026-08-28T04:09:45.604551+00:00
2026-08-28,new,56517267,,,Land,RESIDENTIAL PLOT | WELL-CONNECTED | BUSAITEEN,,106000.0,,,BHD,sell,,,,,,,,,,,26.27199935913086,50.60900115966797,,,,Zuhair Tlili,,,,,,,https://www.propertyfinder.bh/en/plp/buy/land-for-sale-muharraq-governorate-busaiteen-56517267.html,2026-08-28T04:09:45.604551+00:00,2026-08-28T04:09:45.604551+00:00,0,2026-08-28T04:09:45.604551+00:00
2026-08-28,new,56517270,,,Land,RESIDENTIAL LAND | NEAR SEA | PRIVATE RESIDENCE,,145000.0,,,BHD,sell,,,,,,,,,,,26.188888549804688,50.54999923706055,,,,Zuhair Tlili,,,,,,,https://www.propertyfinder.bh/en/plp/buy/land-for-sale-central-governorate-tubli-56517270.html,2026-08-28T04:09:45.604551+00:00,2026-08-28T04:09:45.604551+00:00,0,2026-08-28T04:09:45.604551+00:00
2026-08-28,new,56517275,,,Apartment,2-Bedroom Furnished Apartment for Sale in Amwaj,,83000.0,,,BHD,sell,,,,,,,,Amwaj Avenue,,,26.29302978515625,50.66474151611328,,,,Violeta Abboud,,YES,completed,,,,https://www.propertyfinder.bh/en/plp/buy/apartment-for-sale-muharraq-governorate-amwaj-islands-amwaj-avenue-56517275.html,2026-08-28T04:09:45.604551+00:00,2026-08-28T04:09:45.604551+00:00,0,2026-08-28T04:09:45.604551+00:00
2026-08-28,new,56517278,,,Apartment,Modern 1 Bedroom Apartment in Amwaj Avenue,,60000.0,,,BHD,sell,,,,,,,,Amwaj Avenue,,,26.29302978515625,50.66474151611328,,,,Violeta Abboud,,YES,completed,,,,https://www.propertyfinder.bh/en/plp/buy/apartment-for-sale-muharraq-governorate-amwaj-islands-amwaj-avenue-56517278.html,2026-08-28T04:09:45.604551+00:00,2026-08-28T04:09:45.604551+00:00,0,2026-08-28T04:09:45.604551+00:00
2026-08-28,new,56517279,,,Villa,"Shahrakan, Luxury Villa, 4BR, Spacious, Family Hom",,129000.0,,,BHD,sell,,,,,,,,,,,26.07509422302246,50.499610900878906,,,,Mohammed Salman,,NO,completed_primary,,,,https://www.propertyfinder.bh/en/plp/buy/villa-for-sale-northern-governorate-shahrakan-56517279.html,2026-08-28T04:09:45.604551+00:00,2026-08-28T04:09:45.604551+00:00,0,2026-08-28T04:09:45.604551+00:00
2026-08-28,new,56517280,,,Apartment,LUXURY 2BED | SPACIOUS | NEAR CAUSEWAY,,450.0,,,BHD,monthly,,,,,,,,,,,26.202558517456055,50.519554138183594,,,,Sheraz Majeed ,,YES,,,,,https://www.propertyfinder.bh/en/plp/rent/apartment-for-rent-northern-governorate-bu-quwah-56517280.html,2026-08-28T04:09:45.604551+00:00,2026-08-28T04:09:45.604551+00:00,0,2026-08-28T04:09:45.604551+00:00
2026-08-28,new,56517282,,,Apartment,STYLISH STUDIO | GREAT FACILITIES | BU QUWAH,,280.0,,,BHD,monthly,,,,,,,,,,,26.202558517456055,50.519554138183594,,,,Sheraz Majeed ,,YES,,,,,https://www.propertyfinder.bh/en/plp/rent/apartment-for-rent-northern-governorate-bu-quwah-56517282.html,2026-08-28T04:09:45.604551+00:00,2026-08-28T04:09:45.604551+00:00,0,2026-08-28T04:09:45.604551+00:00
2026-08-28,new,56517285,,,Apartment,Modern 2BR Apartment for Sale in Marassi Residence,,87000.0,,,BHD,sell,,,,,,,,Diyar Al Muharraq,Marassi Residences,,26.303447723388672,50.6461296081543,,,,Violeta Abboud,,YES,completed,,,,https://www.propertyfinder.bh/en/plp/buy/apartment-for-sale-muharraq-governorate-diyar-al-muharraq-marassi-residences-56517285.html,2026-08-28T04:09:45.604551+00:00,2026-08-28T04:09:45.604551+00:00,0,2026-08-28T04:09:45.604551+00:00
2026-08-28,new,56517293,,,Whole Building,REDUCED PRICE |JUFFAIR BUILDING FOR SALE |,,320000.0,,,BHD,sell,,,,,,,,,,,26.211111068725586,50.601112365722656,,,,Violeta Abboud,,YES,completed,,,,https://www.propertyfinder.bh/en/plp/buy/whole-building-for-sale-capital-governorate-al-juffair-56517293.html,2026-08-28T04:09:45.604551+00:00,2026-08-28T04:09:45.604551+00:00,0,2026-08-28T04:09:45.604551+00:00
2026-08-28,new,56517294,,,Apartment,PREMIUM 2 BED | MAID ROOM | JANABIYA,,600.0,,,BHD,monthly,,,,,,,,,,,26.185943603515625,50.46711349487305,,,,Sheraz Majeed ,,YES,,,,,https://www.propertyfinder.bh/en/plp/rent/apartment-for-rent-northern-governorate-janabiya-56517294.html,2026-08-28T04:09:45.604551+00:00,2026-08-28T04:09:45.604551+00:00,0,2026-08-28T04:09:45.604551+00:00
2026-08-28,new,56517297,,,Apartment,NAVY APPROVED | FULL SEA VIEW | RENOVATED | 1BHK,,650.0,,,BHD,monthly,,,,,,,,,,,26.241750717163086,50.5663948059082,,,,Rolin Faouri,,YES,,,,,https://www.propertyfinder.bh/en/plp/rent/apartment-for-rent-capital-governorate-reef-island-56517297.html,2026-08-28T04:09:45.604551+00:00,2026-08-28T04:09:45.604551+00:00,0,2026-08-28T04:09:45.604551+00:00
2026-08-28,new,56517300,,,Apartment,STYLISH 2 BED | OPEN KITCHEN | JANABIYA,,420.0,,,BHD,monthly,,,,,,,,,,,26.185943603515625,50.46711349487305,,,,Sheraz Majeed ,,YES,,,,,https://www.propertyfinder.bh/en/plp/rent/apartment-for-rent-northern-governorate-janabiya-56517300.html,2026-08-28T04:09:45.604551+00:00,2026-08-28T04:09:45.604551+00:00,0,2026-08-28T04:09:45.604551+00:00
2026-08-28,new,56517301,,,Apartment,FULLY FURNISHED | 2 BHK | BRIGHT & SPACIOUS,,650.0,,,BHD,monthly,,,,,,,,,,,26.19164276123047,50.48757553100586,,,,Yumna Awad,,YES,,,,,https://www.propertyfinder.bh/en/plp/rent/apartment-for-rent-northern-governorate-saar-56517301.html,2026-08-28T04:09:45.604551+00:00,2026-08-28T04:09:45.604551+00:00,0,2026-08-28T04:09:45.604551+00:00
2026-08-28,new,56517302,,,Apartment,MODERN 1BED | INTERNET INCLUDED | BU QUWAH,,350.0,,,BHD,monthly,,,,,,,,,,,26.202558517456055,50.519554138183594,,,,Sheraz Majeed ,,YES,,,,,https://www.propertyfinder.bh/en/plp/rent/apartment-for-rent-northern-governorate-bu-quwah-56517302.html,2026-08-28T04:09:45.604551+00:00,2026-08-28T04:09:45.604551+00:00,0,2026-08-28T04:09:45.604551+00:00
2026-08-28,new,56517314,,,Apartment,LARGE 2 BED | GREAT VALUE | JANABIYA,,250.0,,,BHD,monthly,,,,,,,,,,,26.185943603515625,50.46711349487305,,,,Sheraz Majeed ,,PARTLY,,,,,https://www.propertyfinder.bh/en/plp/rent/apartment-for-rent-northern-governorate-janabiya-56517314.html,2026-08-28T04:09:45.604551+00:00,2026-08-28T04:09:45.604551+00:00,0,2026-08-28T04:09:45.604551+00:00
2026-08-28,new,56517315,,,Apartment,Pool view modern furnished flat- Balcony,,600.0,,,BHD,monthly,,,,,,,,Diyar Al Muharraq,Marassi Park Residences,,26.307302474975586,50.645973205566406,,,,Violeta Abboud,,YES,,,,,https://www.propertyfinder.bh/en/plp/rent/apartment-for-rent-muharraq-governorate-diyar-al-muharraq-marassi-park-residences-56517315.html,2026-08-28T04:09:45.604551+00:00,2026-08-28T04:09:45.604551+00:00,0,2026-08-28T04:09:45.604551+00:00
2026-08-28,new,56517323,,,Villa,9 BR Villa with Covered Parking in ISA,,88000.0,,,BHD,sell,,,,,,,,,,,26.16529655456543,50.552181243896484,,,,Ayman H.,,YES,completed,,,,https://www.propertyfinder.bh/en/plp/buy/villa-for-sale-central-governorate-isa-town-56517323.html,2026-08-28T04:09:45.604551+00:00,2026-08-28T04:09:45.604551+00:00,0,2026-08-28T04:09:45.604551+00:00
2026-08-28,new,56517324,,,Land,Residential land for sale | RA specification,,101044.0,,,BHD,sell,,,,,,,,Diyar Al Muharraq,Al Qamra,,26.31142234802246,50.64306640625,,,,Violeta Abboud,,,,,,,https://www.propertyfinder.bh/en/plp/buy/land-for-sale-muharraq-governorate-diyar-al-muharraq-al-qamra-56517324.html,2026-08-28T04:09:45.604551+00:00,2026-08-28T04:09:45.604551+00:00,0,2026-08-28T04:09:45.604551+00:00
2026-08-28,new,56517325,,,Villa,DIRECT LAGOON ACCESS| RELAXING AMBIENCE| SUNNY,,700.0,,,BHD,monthly,,,,,,,,Al Marsa Floating City,,,26.2847957611084,50.669620513916016,,,,Violeta Abboud,,YES,,,,,https://www.propertyfinder.bh/en/plp/rent/villa-for-rent-muharraq-governorate-amwaj-islands-al-marsa-floating-city-56517325.html,2026-08-28T04:09:45.604551+00:00,2026-08-28T04:09:45.604551+00:00,0,2026-08-28T04:09:45.604551+00:00
2026-08-28,new,56517329,,,Apartment,Modern Facilities/Unrivalled Sea Views/Maid Room,,630.0,,,BHD,monthly,,,,,,,,The Lagoon,,,26.287778854370117,50.66339111328125,,,,Anastasia Ageeva,,PARTLY,,,,,https://www.propertyfinder.bh/en/plp/rent/apartment-for-rent-muharraq-governorate-amwaj-islands-the-lagoon-56517329.html,2026-08-28T04:09:45.604551+00:00,2026-08-28T04:09:45.604551+00:00,0,2026-08-28T04:09:45.604551+00:00
2026-08-28,new,56517330,,,Villa,Reduced Sale Price Semi Furnished Villa Busaiteen,,138000.0,,,BHD,sell,,,,,,,,,,,26.27199935913086,50.60900115966797,,,,Violeta Abboud,,PARTLY,completed,,,,https://www.propertyfinder.bh/en/plp/buy/villa-for-sale-muharraq-governorate-busaiteen-56517330.html,2026-08-28T04:09:45.604551+00:00,2026-08-28T04:09:45.604551+00:00,0,2026-08-28T04:09:45.604551+00:00
2026-08-28,new,56517339,,,Apartment,Luxurious | Housekeeping | Wonderful Interior,,850.0,,,BHD,monthly,,,,,,,,,,,26.239999771118164,50.5369987487793,,,,Azzam Osama,,YES,,,,,https://www.propertyfinder.bh/en/plp/rent/apartment-for-rent-capital-governorate-seef-56517339.html,2026-08-28T04:09:45.604551+00:00,2026-08-28T04:09:45.604551+00:00,0,2026-08-28T04:09:45.604551+00:00
2026-08-28,new,56517342,,,Villa,Duplex | Spacious | Balcony | Private Entrance,,1300.0,,,BHD,monthly,,,,,,,,,,,26.241750717163086,50.5663948059082,,,,Azzam Osama,,YES,,,,,https://www.propertyfinder.bh/en/plp/rent/villa-for-rent-capital-governorate-reef-island-56517342.html,2026-08-28T04:09:45.604551+00:00,2026-08-28T04:09:45.604551+00:00,0,2026-08-28T04:09:45.604551+00:00
2026-08-28,new,56517347,,,Apartment,BREATHTAKING VIEW | HOT DEAL | HIGHER FLOOR,,1000.0,,,BHD,monthly,,,,,,,,,,,26.249584197998047,50.580360412597656,,,,Preeti Paudel,,YES,,,,,https://www.propertyfinder.bh/en/plp/rent/apartment-for-rent-capital-governorate-bahrain-bay-56517347.html,2026-08-28T04:09:45.604551+00:00,2026-08-28T04:09:45.604551+00:00,0,2026-08-28T04:09:45.604551+00:00
2026-08-28,new,56517360,,,Apartment,STYLISH LAYOUT | PRIME LOCATION | SPACIOUS,,550.0,,,BHD,monthly,,,,,,,,,,,26.239999771118164,50.5369987487793,,,,Preeti Paudel,,YES,,,,,https://www.propertyfinder.bh/en/plp/rent/apartment-for-rent-capital-governorate-seef-56517360.html,2026-08-28T04:09:45.604551+00:00,2026-08-28T04:09:45.604551+00:00,0,2026-08-28T04:09:45.604551+00:00
2026-08-28,new,56517363,,,Apartment,HIGHER FLOOR | FULL SEA VIEW | HOT DEAL,,450.0,,,BHD,monthly,,,,,,,,,,,26.239999771118164,50.5369987487793,,,,Preeti Paudel,,YES,,,,,https://www.propertyfinder.bh/en/plp/rent/apartment-for-rent-capital-governorate-seef-56517363.html,2026-08-28T04:09:45.604551+00:00,2026-08-28T04:09:45.604551+00:00,0,2026-08-28T04:09:45.604551+00:00
2026-08-28,new,56517366,,,Apartment,LUXURIOUS | PRIME LOCATION | HOT DEAL,,600.0,,,BHD,monthly,,,,,,,,,,,26.249584197998047,50.580360412597656,,,,Preeti Paudel,,YES,,,,,https://www.propertyfinder.bh/en/plp/rent/apartment-for-rent-capital-governorate-bahrain-bay-56517366.html,2026-08-28T04:09:45.604551+00:00,2026-08-28T04:09:45.604551+00:00,0,2026-08-28T04:09:45.604551+00:00
2026-08-28,new,56517369,,,Apartment,1BR SEA VIEW | NEAR RITZ | HOUSEKEEPING | SEEF,,550.0,,,BHD,monthly,,,,,,,,,,,26.239999771118164,50.5369987487793,,,,Sr Pegasus Agent Dridi,,YES,,,,,https://www.propertyfinder.bh/en/plp/rent/apartment-for-rent-capital-governorate-seef-56517369.html,2026-08-28T04:09:45.604551+00:00,2026-08-28T04:09:45.604551+00:00,0,2026-08-28T04:09:45.604551+00:00
2026-08-28,new,56517372,,,Apartment,HUGE BALCONY | HIGHER FLOOR | PRIME LOCATION,,650.0,,,BHD,monthly,,,,,,,,,,,26.239999771118164,50.5369987487793,,,,Preeti Paudel,,YES,,,,,https://www.propertyfinder.bh/en/plp/rent/apartment-for-rent-capital-governorate-seef-56517372.html,2026-08-28T04:09:45.604551+00:00,2026-08-28T04:09:45.604551+00:00,0,2026-08-28T04:09:45.604551+00:00
2026-08-28,new,56517375,,,Apartment,TWO BALCONIES | NEWLY RENOVATED | HOT DEAL,,950.0,,,BHD,monthly,,,,,,,,,,,26.239999771118164,50.5369987487793,,,,Preeti Paudel,,YES,,,,,https://www.propertyfinder.bh/en/plp/rent/apartment-for-rent-capital-governorate-seef-56517375.html,2026-08-28T04:09:45.604551+00:00,2026-08-28T04:09:45.604551+00:00,0,2026-08-28T04:09:45.604551+00:00
2026-08-28,new,56517376,,,Apartment,Beachfront/Amazing Views/Terrace/Tennis/Pool/Gym,,525.0,,,BHD,monthly,,,,,,,,Tala Island,,,26.300025939941406,50.66316223144531,,,,Anastasia Ageeva,,YES,,,,,https://www.propertyfinder.bh/en/plp/rent/apartment-for-rent-muharraq-governorate-amwaj-islands-tala-island-56517376.html,2026-08-28T04:09:45.604551+00:00,2026-08-28T04:09:45.604551+00:00,0,2026-08-28T04:09:45.604551+00:00
2026-08-28,new,56517379,,,Apartment,Modern | Great Storage | Balcony | Roof Top Pool,,450.0,,,BHD,monthly,,,,,,,,,,,26.239999771118164,50.5369987487793,,,,Azzam Osama,,YES,,,,,https://www.propertyfinder.bh/en/plp/rent/apartment-for-rent-capital-governorate-seef-56517379.html,2026-08-28T04:09:45.604551+00:00,2026-08-28T04:09:45.604551+00:00,0,2026-08-28T04:09:45.604551+00:00
2026-08-28,new,56517387,,,Apartment,Modern | Bright | Closed Kitchen | Storge Space,,500.0,,,BHD,monthly,,,,,,,,,,,26.211111068725586,50.601112365722656,,,,Azzam Osama,,YES,,,,,https://www.propertyfinder.bh/en/plp/rent/apartment-for-rent-capital-governorate-al-juffair-56517387.html,2026-08-28T04:09:45.604551+00:00,2026-08-28T04:09:45.604551+00:00,0,2026-08-28T04:09:45.604551+00:00
2026-08-28,new,56517389,,,Apartment,Modern | Great Storage | Balcony | Roof Top Pool,,550.0,,,BHD,monthly,,,,,,,,,,,26.239999771118164,50.5369987487793,,,,Azzam Osama,,YES,,,,,https://www.propertyfinder.bh/en/plp/rent/apartment-for-rent-capital-governorate-seef-56517389.html,2026-08-28T04:09:45.604551+00:00,2026-08-28T04:09:45.604551+00:00,0,2026-08-28T04:09:45.604551+00:00
2026-08-28,new,56517391,,,Apartment,HOUSEKEEPING | HIGHER FLOOR | PRIME LOCATION,,700.0,,,BHD,monthly,,,,,,,,,,,26.239999771118164,50.5369987487793,,,,Preeti Paudel,,YES,,,,,https://www.propertyfinder.bh/en/plp/rent/apartment-for-rent-capital-governorate-seef-56517391.html,2026-08-28T04:09:45.604551+00:00,2026-08-28T04:09:45.604551+00:00,0,2026-08-28T04:09:45.604551+00:00
2026-08-28,new,56517393,,,Apartment,BRIGHT | STYLISH LAYOUT | PRIME LOCATION,,420.0,,,BHD,monthly,,,,,,,,,,,26.239999771118164,50.5369987487793,,,,Preeti Paudel,,YES,,,,,https://www.propertyfinder.bh/en/plp/rent/apartment-for-rent-capital-governorate-seef-56517393.html,2026-08-28T04:09:45.604551+00:00,2026-08-28T04:09:45.604551+00:00,0,2026-08-28T04:09:45.604551+00:00
2026-08-28,new,56517396,,,Apartment,SPACIOUS LAYOUT | BRIGHT | PRIME LOCATION,,350.0,,,BHD,monthly,,,,,,,,,,,26.239999771118164,50.5369987487793,,,,Preeti Paudel,,YES,,,,,https://www.propertyfinder.bh/en/plp/rent/apartment-for-rent-capital-governorate-seef-56517396.html,2026-08-28T04:09:45.604551+00:00,2026-08-28T04:09:45.604551+00:00,0,2026-08-28T04:09:45.604551+00:00
2026-08-28,new,56517399,,,Apartment,Navy Approved | High End Living | Big Balcony,,820.0,,,BHD,monthly,,,,,,,,,,,26.211111068725586,50.601112365722656,,,,Azzam Osama,,YES,,,,,https://www.propertyfinder.bh/en/plp/rent/apartment-for-rent-capital-governorate-al-juffair-56517399.html,2026-08-28T04:09:45.604551+00:00,2026-08-28T04:09:45.604551+00:00,0,2026-08-28T04:09:45.604551+00:00
2026-08-28,new,56517402,,,Apartment,Modern I Great View I Balcony I Great Facilities,,340.0,,,BHD,monthly,,,,,,,,,,,26.211111068725586,50.601112365722656,,,,Antony Shaiju,,YES,,,,,https://www.propertyfinder.bh/en/plp/rent/apartment-for-rent-capital-governorate-al-juffair-56517402.html,2026-08-28T04:09:45.604551+00:00,2026-08-28T04:09:45.604551+00:00,0,2026-08-28T04:09:45.604551+00:00
2026-08-28,new,56517403,,,Apartment,4BHK + MAID | MARASSI | FURNISHED,,255888.0,,,BHD,sell,,,,,,,,Diyar Al Muharraq,,,26.303447723388672,50.6461296081543,,,,Zuhair Tlili,,PARTLY,completed_primary,,,,https://www.propertyfinder.bh/en/plp/buy/apartment-for-sale-muharraq-governorate-diyar-al-muharraq-marassi-al-bahrain-56517403.html,2026-08-28T04:09:45.604551+00:00,2026-08-28T04:09:45.604551+00:00,0,2026-08-28T04:09:45.604551+00:00
2026-08-28,new,56517411,,,Apartment,LUXURY 1BHK | MARASSI | BEACH ACCESS,,79888.0,,,BHD,sell,,,,,,,,Diyar Al Muharraq,,,26.303447723388672,50.6461296081543,,,,Zuhair Tlili,,PARTLY,completed_primary,,,,https://www.propertyfinder.bh/en/plp/buy/apartment-for-sale-muharraq-governorate-diyar-al-muharraq-marassi-al-bahrain-56517411.html,2026-08-28T04:09:45.604551+00:00,2026-08-28T04:09:45.604551+00:00,0,2026-08-28T04:09:45.604551+00:00
2026-08-28,new,56517413,,,Apartment,BRAND NEW STUDIO | MARASSI | PAYMENT PLAN,,93888.0,,,BHD,sell,,,,,,,,Diyar Al Muharraq,,,26.303447723388672,50.6461296081543,,,,Zuhair Tlili,,YES,completed_primary,,,,https://www.propertyfinder.bh/en/plp/buy/apartment-for-sale-muharraq-governorate-diyar-al-muharraq-marassi-al-bahrain-56517413.html,2026-08-28T04:09:45.604551+00:00,2026-08-28T04:09:45.604551+00:00,0,2026-08-28T04:09:45.604551+00:00
2026-08-28,new,56517416,,,Villa,Corner Villa | 4BR + Maid | 2 Streets | Al Sayah,,173000.0,,,BHD,sell,,,,,,,,,,,26.27199935913086,50.60900115966797,,,,Samar Kafri,,NO,completed_primary,,,,https://www.propertyfinder.bh/en/plp/buy/villa-for-sale-muharraq-governorate-busaiteen-56517416.html,2026-08-28T04:09:45.604551+00:00,2026-08-28T04:09:45.604551+00:00,0,2026-08-28T04:09:45.604551+00:00
2026-08-28,new,56517421,,,Villa,Beautiful Modern Compound 4br Villa rent BD1500 in,,1500.0,,,BHD,monthly,,,,,,,,,,,26.19164276123047,50.48757553100586,,,,Jasmine Dhakan,,YES,,,,,https://www.propertyfinder.bh/en/plp/rent/villa-for-rent-northern-governorate-saar-56517421.html,2026-08-28T04:09:45.604551+00:00,2026-08-28T04:09:45.604551+00:00,0,2026-08-28T04:09:45.604551+00:00
2026-08-28,new,56517425,,,Apartment,1 BHK | SEAVIEW | SERVICE APARTMENT | BEACH ACCESS,,126888.0,,,BHD,sell,,,,,,,,Diyar Al Muharraq,,,26.303447723388672,50.6461296081543,,,,Zuhair Tlili,,YES,completed_primary,,,,https://www.propertyfinder.bh/en/plp/buy/apartment-for-sale-muharraq-governorate-diyar-al-muharraq-marassi-al-bahrain-56517425.html,2026-08-28T04:09:45.604551+00:00,2026-08-28T04:09:45.604551+00:00,0,2026-08-28T04:09:45.604551+00:00
2026-08-28,new,56517427,,,Apartment,Unlimited Electricity IHouse Keeping I Gas Cooking,,350.0,,,BHD,monthly,,,,,,,,,,,26.211111068725586,50.601112365722656,,,,Antony Shaiju,,YES,,,,,https://www.propertyfinder.bh/en/plp/rent/apartment-for-rent-capital-governorate-al-juffair-56517427.html,2026-08-28T04:09:45.604551+00:00,2026-08-28T04:09:45.604551+00:00,0,2026-08-28T04:09:45.604551+00:00
2026-08-28,new,56517428,,,Apartment,BRAND NEW 2BR SERVICED APT | SEEF | FAMILY BLDG,,720.0,,,BHD,monthly,,,,,,,,,,,26.239999771118164,50.5369987487793,,,,Sr Pegasus Agent Dridi,,YES,,,,,https://www.propertyfinder.bh/en/plp/rent/apartment-for-rent-capital-governorate-seef-56517428.html,2026-08-28T04:09:45.604551+00:00,2026-08-28T04:09:45.604551+00:00,0,2026-08-28T04:09:45.604551+00:00
2026-08-28,new,56517439,,,Apartment,Luxurious Full Sea View Prime Area,,575.0,,,BHD,monthly,,,,,,,,Bahrain Financial Harbour,,,26.23778533935547,50.57342529296875,,,,Maher Alimadi,,YES,,,,,https://www.propertyfinder.bh/en/plp/rent/apartment-for-rent-capital-governorate-manama-bahrain-financial-harbour-56517439.html,2026-08-28T04:09:45.604551+00:00,2026-08-28T04:09:45.604551+00:00,0,2026-08-28T04:09:45.604551+00:00
2026-08-28,new,56517440,,,Apartment,SERVICE APARTMENT | BEACH ACCESS | BRAND NEW 3 BHK,,309888.0,,,BHD,sell,,,,,,,,Diyar Al Muharraq,,,26.303447723388672,50.6461296081543,,,,Zuhair Tlili,,YES,completed_primary,,,,https://www.propertyfinder.bh/en/plp/buy/apartment-for-sale-muharraq-governorate-diyar-al-muharraq-marassi-al-bahrain-56517440.html,2026-08-28T04:09:45.604551+00:00,2026-08-28T04:09:45.604551+00:00,0,2026-08-28T04:09:45.604551+00:00
2026-08-28,new,56517441,,,Apartment,HIgher Floor I Amazing View I 5 Star Facilities,,300.0,,,BHD,monthly,,,,,,,,,,,26.211111068725586,50.601112365722656,,,,Antony Shaiju,,YES,,,,,https://www.propertyfinder.bh/en/plp/rent/apartment-for-rent-capital-governorate-al-juffair-56517441.html,2026-08-28T04:09:45.604551+00:00,2026-08-28T04:09:45.604551+00:00,0,2026-08-28T04:09:45.604551+00:00
2026-08-28,new,56517445,,,Apartment,2BHK | SERVICE APARTMENT | BEACH ACCESS,,240000.0,,,BHD,sell,,,,,,,,Diyar Al Muharraq,,,26.303447723388672,50.6461296081543,,,,Zuhair Tlili,,YES,completed_primary,,,,https://www.propertyfinder.bh/en/plp/buy/apartment-for-sale-muharraq-governorate-diyar-al-muharraq-marassi-al-bahrain-56517445.html,2026-08-28T04:09:45.604551+00:00,2026-08-28T04:09:45.604551+00:00,0,2026-08-28T04:09:45.604551+00:00
2026-08-28,new,56517449,,,Apartment,Infinity High Floors Tower A Balcony Sea View,,800.0,,,BHD,monthly,,,,,,,,,,,26.211111068725586,50.601112365722656,,,,Maher Alimadi,,YES,,,,,https://www.propertyfinder.bh/en/plp/rent/apartment-for-rent-capital-governorate-al-juffair-56517449.html,2026-08-28T04:09:45.604551+00:00,2026-08-28T04:09:45.604551+00:00,0,2026-08-28T04:09:45.604551+00:00
2026-08-28,new,56517450,,,Apartment,BRAND NEW | PAYMENT PLAN | BEACH ACCESS,,223888.0,,,BHD,sell,,,,,,,,Diyar Al Muharraq,,,26.303447723388672,50.6461296081543,,,,Zuhair Tlili,,YES,completed_primary,,,,https://www.propertyfinder.bh/en/plp/buy/apartment-for-sale-muharraq-governorate-diyar-al-muharraq-marassi-al-bahrain-56517450.html,2026-08-28T04:09:45.604551+00:00,2026-08-28T04:09:45.604551+00:00,0,2026-08-28T04:09:45.604551+00:00
2026-08-28,new,56517462,,,Duplex,EXQUISITE 3BHK | BRAND NEW DUPLEX | LUXURY LIVING,,1600.0,,,BHD,monthly,,,,,,,,,,,26.239999771118164,50.5369987487793,,,,Rolin Faouri,,YES,,,,,https://www.propertyfinder.bh/en/plp/rent/duplex-for-rent-capital-governorate-seef-56517462.html,2026-08-28T04:09:45.604551+00:00,2026-08-28T04:09:45.604551+00:00,0,2026-08-28T04:09:45.604551+00:00
2026-08-28,new,56517463,,,Land,REDUCED! Seafront Residential Land in Najma.,,233664.0,,,BHD,sell,,,,,,,,Amwaj Avenue,,,26.29302978515625,50.66474151611328,,,,Violeta Abboud,,,,,,,https://www.propertyfinder.bh/en/plp/buy/land-for-sale-muharraq-governorate-amwaj-islands-amwaj-avenue-56517463.html,2026-08-28T04:09:45.604551+00:00,2026-08-28T04:09:45.604551+00:00,0,2026-08-28T04:09:45.604551+00:00
2026-08-28,new,56517464,,,Apartment,Great View I Modern I Balcony I Bright I Wifi,,380.0,,,BHD,monthly,,,,,,,,,,,26.211111068725586,50.601112365722656,,,,Antony Shaiju,,YES,,,,,https://www.propertyfinder.bh/en/plp/rent/apartment-for-rent-capital-governorate-al-juffair-56517464.html,2026-08-28T04:09:45.604551+00:00,2026-08-28T04:09:45.604551+00:00,0,2026-08-28T04:09:45.604551+00:00
2026-08-28,new,56517465,,,Apartment,Courtyard | New | City view | Wifi | Balcony |,,450.0,,,BHD,monthly,,,,,,,,,,,26.239999771118164,50.5369987487793,,,,Facundo de Moura,,YES,,,,,https://www.propertyfinder.bh/en/plp/rent/apartment-for-rent-capital-governorate-seef-56517465.html,2026-08-28T04:09:45.604551+00:00,2026-08-28T04:09:45.604551+00:00,0,2026-08-28T04:09:45.604551+00:00
2026-08-28,new,56517473,,,Apartment,Luxury Apartment For Rent In Juffair,,750.0,,,BHD,monthly,,,,,,,,,,,26.211111068725586,50.601112365722656,,,,Ayman Idrees,,YES,,,,,https://www.propertyfinder.bh/en/plp/rent/apartment-for-rent-capital-governorate-al-juffair-56517473.html,2026-08-28T04:09:45.604551+00:00,2026-08-28T04:09:45.604551+00:00,0,2026-08-28T04:09:45.604551+00:00
2026-08-28,new,56517476,,,Apartment,Navy Approved | 5 Star Facilities | Big Balcony,,820.0,,,BHD,monthly,,,,,,,,,,,26.211111068725586,50.601112365722656,,,,Azzam Osama,,YES,,,,,https://www.propertyfinder.bh/en/plp/rent/apartment-for-rent-capital-governorate-al-juffair-56517476.html,2026-08-28T04:09:45.604551+00:00,2026-08-28T04:09:45.604551+00:00,0,2026-08-28T04:09:45.604551+00:00
2026-08-28,new,56517478,,,Apartment,Family Living IClosed Kitchen/Gas Cooking IBalcony,,400.0,,,BHD,monthly,,,,,,,,,,,26.211111068725586,50.601112365722656,,,,Antony Shaiju,,YES,,,,,https://www.propertyfinder.bh/en/plp/rent/apartment-for-rent-capital-governorate-al-juffair-56517478.html,2026-08-28T04:09:45.604551+00:00,2026-08-28T04:09:45.604551+00:00,0,2026-08-28T04:09:45.604551+00:00
2026-08-28,new,56517479,,,Apartment,"Apartment in Zinj, near Hala Plaza_ Call 66366844",,220.0,,,BHD,monthly,,,,,,,,,,,26.2102108001709,50.56403350830078,,,,Deewania estate agency,,NO,,,,,https://www.propertyfinder.bh/en/plp/rent/apartment-for-rent-capital-governorate-manama-zinj-56517479.html,2026-08-28T04:09:45.604551+00:00,2026-08-28T04:09:45.604551+00:00,0,2026-08-28T04:09:45.604551+00:00
2026-08-28,new,56517480,,,Apartment,High Floor | Custom Interior | Panoramic View,,720.0,,,BHD,monthly,,,,,,,,Water Garden City,,,26.24260139465332,50.55380630493164,,,,Azzam Osama,,YES,,,,,https://www.propertyfinder.bh/en/plp/rent/apartment-for-rent-capital-governorate-manama-water-garden-city-56517480.html,2026-08-28T04:09:45.604551+00:00,2026-08-28T04:09:45.604551+00:00,0,2026-08-28T04:09:45.604551+00:00
2026-08-28,new,56517481,,,Land,Land | Prime | Sale | B3 | Al Eker,,164000.0,,,BHD,sell,,,,,,,,,,,26.143688201904297,50.60297393798828,,,,Mohamed Abdali,,,,,,,https://www.propertyfinder.bh/en/plp/commercial-buy/land-for-sale-central-governorate-eker-56517481.html,2026-08-28T04:09:45.604551+00:00,2026-08-28T04:09:45.604551+00:00,0,2026-08-28T04:09:45.604551+00:00
2026-08-28,new,56517483,,,Villa,MODERN | PRIVATE POOL | ELEVATOR | INCLUSIVE | PET,,1400.0,,,BHD,monthly,,,,,,,,Amwaj Avenue,,,26.29302978515625,50.66474151611328,,,,Edna Maundu,,PARTLY,,,,,https://www.propertyfinder.bh/en/plp/rent/villa-for-rent-muharraq-governorate-amwaj-islands-amwaj-avenue-56517483.html,2026-08-28T04:09:45.604551+00:00,2026-08-28T04:09:45.604551+00:00,0,2026-08-28T04:09:45.604551+00:00
2026-08-28,new,56517485,,,Apartment,Rented 2BR Furnished Apt Harbour Row | Sea View,,175000.0,,,BHD,sell,,,,,,,,,,,26.249584197998047,50.580360412597656,,,,Sr Pegasus Agent Dridi,,YES,completed,,,,https://www.propertyfinder.bh/en/plp/buy/apartment-for-sale-capital-governorate-bahrain-bay-56517485.html,2026-08-28T04:09:45.604551+00:00,2026-08-28T04:09:45.604551+00:00,0,2026-08-28T04:09:45.604551+00:00
2026-08-28,new,56517488,,,Villa,Prime Location | 1 Story Villa | Stand alone |,,800.0,,,BHD,monthly,,,,,,,,,,,26.185943603515625,50.46711349487305,,,,Facundo de Moura,,PARTLY,,,,,https://www.propertyfinder.bh/en/plp/rent/villa-for-rent-northern-governorate-janabiya-56517488.html,2026-08-28T04:09:45.604551+00:00,2026-08-28T04:09:45.604551+00:00,0,2026-08-28T04:09:45.604551+00:00
2026-08-28,new,56517501,,,Apartment,Closed Kitchen I Balcony I House KeepingI Families,,320.0,,,BHD,monthly,,,,,,,,,,,26.211111068725586,50.601112365722656,,,,Antony Shaiju,,YES,,,,,https://www.propertyfinder.bh/en/plp/rent/apartment-for-rent-capital-governorate-al-juffair-56517501.html,2026-08-28T04:09:45.604551+00:00,2026-08-28T04:09:45.604551+00:00,0,2026-08-28T04:09:45.604551+00:00
2026-08-28,new,56517512,,,Villa,Best Deal 3BR Canal-Front Villa in Floating City,,165000.0,,,BHD,sell,,,,,,,,Al Marsa Floating City,,,26.2847957611084,50.669620513916016,,,,Muhammad Jahengir Akram,,YES,completed,,,,https://www.propertyfinder.bh/en/plp/buy/villa-for-sale-muharraq-governorate-amwaj-islands-al-marsa-floating-city-56517512.html,2026-08-28T04:09:45.604551+00:00,2026-08-28T04:09:45.604551+00:00,0,2026-08-28T04:09:45.604551+00:00
2026-08-28,new,56517524,,,Land,Land | Prime | Sale | RA | Zallaq,,160000.0,,,BHD,sell,,,,,,,,Al Areen Development,,,26.003664016723633,50.517555236816406,,,,Zaid Alwaheb,,,,,,,https://www.propertyfinder.bh/en/plp/buy/land-for-sale-southern-governorate-zallaq-al-areen-development-56517524.html,2026-08-28T04:09:45.604551+00:00,2026-08-28T04:09:45.604551+00:00,0,2026-08-28T04:09:45.604551+00:00
2026-08-28,new,56517538,,,Apartment,Sea View I Spacious | House Keeping I Balcony,,300.0,,,BHD,monthly,,,,,,,,,,,26.211111068725586,50.601112365722656,,,,Antony Shaiju,,YES,,,,,https://www.propertyfinder.bh/en/plp/rent/apartment-for-rent-capital-governorate-al-juffair-56517538.html,2026-08-28T04:09:45.604551+00:00,2026-08-28T04:09:45.604551+00:00,0,2026-08-28T04:09:45.604551+00:00
2026-08-28,new,56517546,,,Land,Land | Prime | Sale | RA|  Al Dair,,199822.0,,,BHD,sell,,,,,,,,,,,26.285566329956055,50.623756408691406,,,,Fadhel Ahmed,,,,,,,https://www.propertyfinder.bh/en/plp/buy/land-for-sale-muharraq-governorate-al-dair-56517546.html,2026-08-28T04:09:45.604551+00:00,2026-08-28T04:09:45.604551+00:00,0,2026-08-28T04:09:45.604551+00:00
2026-08-28,new,56517548,,,Shop,Shop for rent opposite Kanoo Stationery- Palace rd,,85.0,,,BHD,monthly,,,,,,,,,,,26.2369441986084,50.584999084472656,,,,Yousif Alkhawaja,,PARTLY,,,,,https://www.propertyfinder.bh/en/plp/commercial-rent/shop-for-rent-capital-governorate-manama-ras-rumman-56517548.html,2026-08-28T04:09:45.604551+00:00,2026-08-28T04:09:45.604551+00:00,0,2026-08-28T04:09:45.604551+00:00
2026-08-28,new,56517562,,,Villa,"Luxury, Privacy, 2 Street, Large Pool, Vast Garden",,420000.0,,,BHD,sell,,,,,,,,,,,26.19164276123047,50.48757553100586,,,,Abdulla Murad,,NO,completed,,,,https://www.propertyfinder.bh/en/plp/buy/villa-for-sale-northern-governorate-saar-56517562.html,2026-08-28T04:09:45.604551+00:00,2026-08-28T04:09:45.604551+00:00,0,2026-08-28T04:09:45.604551+00:00
2026-08-28,new,56517563,,,Apartment,PREMIUM FACILITIES | HIGH FLOOR | CITY VIEW,,370.0,,,BHD,monthly,,,,,,,,,,,26.211111068725586,50.601112365722656,,,,Anjum Jawaid,,YES,,,,,https://www.propertyfinder.bh/en/plp/rent/apartment-for-rent-capital-governorate-al-juffair-56517563.html,2026-08-28T04:09:45.604551+00:00,2026-08-28T04:09:45.604551+00:00,0,2026-08-28T04:09:45.604551+00:00
2026-08-28,new,56517572,,,Apartment,2 BR Furnished Apartment with Landmark View,,260.0,,,BHD,monthly,,,,,,,,,,,26.211111068725586,50.601112365722656,,,,Yousif Alkhawaja,,YES,,,,,https://www.propertyfinder.bh/en/plp/rent/apartment-for-rent-capital-governorate-al-juffair-56517572.html,2026-08-28T04:09:45.604551+00:00,2026-08-28T04:09:45.604551+00:00,0,2026-08-28T04:09:45.604551+00:00
2026-08-28,new,56517573,,,Villa,Modern | Flexible Customization | Corner Villa,,128000.0,,,BHD,sell,,,,,,,,,,,26.27199935913086,50.60900115966797,,,,Emad Moftah,,NO,completed_primary,,,,https://www.propertyfinder.bh/en/plp/buy/villa-for-sale-muharraq-governorate-busaiteen-56517573.html,2026-08-28T04:09:45.604551+00:00,2026-08-28T04:09:45.604551+00:00,0,2026-08-28T04:09:45.604551+00:00
2026-08-28,new,56517592,,,Villa,MODERN - OUTDOOR GARDEN BAR- INCLUSIVE -FURNISHED,,1400.0,,,BHD,monthly,,,,,,,,Al Marsa Floating City,,,26.2847957611084,50.669620513916016,,,,Edna Maundu,,YES,,,,,https://www.propertyfinder.bh/en/plp/rent/villa-for-rent-muharraq-governorate-amwaj-islands-al-marsa-floating-city-56517592.html,2026-08-28T04:09:45.604551+00:00,2026-08-28T04:09:45.604551+00:00,0,2026-08-28T04:09:45.604551+00:00
2026-08-28,new,56517605,,,Apartment,SEA VIEW| LUSH GARDEN |POOL & GYM | LOCATED BARBAR,,1200.0,,,BHD,monthly,,,,,,,,,,,26.229394912719727,50.48070526123047,,,,DILSHAB HAMSA,,PARTLY,,,,,https://www.propertyfinder.bh/en/plp/rent/apartment-for-rent-northern-governorate-barbar-56517605.html,2026-08-28T04:09:45.604551+00:00,2026-08-28T04:09:45.604551+00:00,0,2026-08-28T04:09:45.604551+00:00
2026-08-28,new,56517606,,,Apartment,Partly Sea view | Modern| Internet | Facilities,,400.0,,,BHD,monthly,,,,,,,,,,,26.239999771118164,50.5369987487793,,,,Devesh Kumar,,YES,,,,,https://www.propertyfinder.bh/en/plp/rent/apartment-for-rent-capital-governorate-seef-56517606.html,2026-08-28T04:09:45.604551+00:00,2026-08-28T04:09:45.604551+00:00,0,2026-08-28T04:09:45.604551+00:00
2026-08-28,new,56517607,,,Apartment,MASSIVE SPACE | FF 1BHK | HOUSEKEEPING | WIFI,,400.0,,,BHD,monthly,,,,,,,,Amwaj Marina,,,26.293058395385742,50.65943908691406,,,,Rolin Faouri,,YES,,,,,https://www.propertyfinder.bh/en/plp/rent/apartment-for-rent-muharraq-governorate-amwaj-islands-amwaj-marina-56517607.html,2026-08-28T04:09:45.604551+00:00,2026-08-28T04:09:45.604551+00:00,0,2026-08-28T04:09:45.604551+00:00
2026-08-28,new,56517608,,,Apartment,"Amazing Sea View, Spacious - Well-Maintained Home",,450.0,,,BHD,monthly,,,,,,,,The Lagoon,,,26.287778854370117,50.66339111328125,,,,Conrad Albert Tope,,YES,,,,,https://www.propertyfinder.bh/en/plp/rent/apartment-for-rent-muharraq-governorate-amwaj-islands-the-lagoon-56517608.html,2026-08-28T04:09:45.604551+00:00,2026-08-28T04:09:45.604551+00:00,0,2026-08-28T04:09:45.604551+00:00
2026-08-28,new,56517609,,,Villa,GATED COMP. - BEACH ACCESS - MODERN - GARDEN - GYM,,1050.0,,,BHD,monthly,,,,,,,,Amwaj Avenue,,,26.29302978515625,50.66474151611328,,,,Edna Maundu,,PARTLY,,,,,https://www.propertyfinder.bh/en/plp/rent/villa-for-rent-muharraq-governorate-amwaj-islands-amwaj-avenue-56517609.html,2026-08-28T04:09:45.604551+00:00,2026-08-28T04:09:45.604551+00:00,0,2026-08-28T04:09:45.604551+00:00
2026-08-28,new,56517610,,,Villa,Compound Single Story Family Villa Private Garden,,600.0,,,BHD,monthly,,,,,,,,,,,26.188888549804688,50.54999923706055,,,,Anjum Jawaid,,YES,,,,,https://www.propertyfinder.bh/en/plp/rent/villa-for-rent-central-governorate-tubli-56517610.html,2026-08-28T04:09:45.604551+00:00,2026-08-28T04:09:45.604551+00:00,0,2026-08-28T04:09:45.604551+00:00
2026-08-28,new,56517618,,,Apartment,Modern | Specious | Internet | Facilities,,300.0,,,BHD,monthly,,,,,,,,,,,26.239999771118164,50.5369987487793,,,,Devesh Kumar,,YES,,,,,https://www.propertyfinder.bh/en/plp/rent/apartment-for-rent-capital-governorate-seef-56517618.html,2026-08-28T04:09:45.604551+00:00,2026-08-28T04:09:45.604551+00:00,0,2026-08-28T04:09:45.604551+00:00
2026-08-28,new,56517636,,,Apartment,MODERN | FULL FURNISHED | TOP FACILITIES,,400.0,,,BHD,monthly,,,,,,,,,,,26.239999771118164,50.5369987487793,,,,Rolin Faouri,,YES,,,,,https://www.propertyfinder.bh/en/plp/rent/apartment-for-rent-capital-governorate-seef-56517636.html,2026-08-28T04:09:45.604551+00:00,2026-08-28T04:09:45.604551+00:00,0,2026-08-28T04:09:45.604551+00:00
2026-08-28,new,56517637,,,Apartment,Fully Furnished | Sea View Apartment | Spacious,,62000.0,,,BHD,sell,,,,,,,,Amwaj Avenue,,,26.29302978515625,50.66474151611328,,,,Aymen Romdani,,YES,completed,,,,https://www.propertyfinder.bh/en/plp/buy/apartment-for-sale-muharraq-governorate-amwaj-islands-amwaj-avenue-56517637.html,2026-08-28T04:09:45.604551+00:00,2026-08-28T04:09:45.604551+00:00,0,2026-08-28T04:09:45.604551+00:00
2026-08-28,new,56517639,,,Land,RESIDENTIAL LAND | RHA | PRIME LOCATION,,68600.0,,,BHD,sell,,,,,,,,,,,26.1634578704834,50.515289306640625,,,,Rolin Faouri,,,,,,,https://www.propertyfinder.bh/en/plp/buy/land-for-sale-central-governorate-a-ali-56517639.html,2026-08-28T04:09:45.604551+00:00,2026-08-28T04:09:45.604551+00:00,0,2026-08-28T04:09:45.604551+00:00
2026-08-28,new,56517640,,,Apartment,3 BR Furnished Apartment with Private Pool,,600.0,,,BHD,monthly,,,,,,,,,,,26.21693992614746,50.57733154296875,,,,Vishwanth Nunavath,,YES,,,,,https://www.propertyfinder.bh/en/plp/rent/apartment-for-rent-capital-governorate-manama-segaya-56517640.html,2026-08-28T04:09:45.604551+00:00,2026-08-28T04:09:45.604551+00:00,0,2026-08-28T04:09:45.604551+00:00
2026-08-28,new,56517643,,,Villa,FULLY RENOVATED | LUXURY 5BHk VILLA | SPACIOUS,,225000.0,,,BHD,sell,,,,,,,,,,,26.288480758666992,50.66381072998047,,,,Zuhair Tlili,,YES,completed,,,,https://www.propertyfinder.bh/en/plp/buy/villa-for-sale-muharraq-governorate-amwaj-islands-56517643.html,2026-08-28T04:09:45.604551+00:00,2026-08-28T04:09:45.604551+00:00,0,2026-08-28T04:09:45.604551+00:00
2026-08-28,new,56517644,,,Apartment,2 BR Furnished Apartment | Shared Pool & Gym,,530.0,,,BHD,monthly,,,,,,,,,,,26.21693992614746,50.57733154296875,,,,Vishwanth Nunavath,,YES,,,,,https://www.propertyfinder.bh/en/plp/rent/apartment-for-rent-capital-governorate-manama-segaya-56517644.html,2026-08-28T04:09:45.604551+00:00,2026-08-28T04:09:45.604551+00:00,0,2026-08-28T04:09:45.604551+00:00
2026-08-28,new,56517649,,,Apartment,Sea View | Specious | Internet | Facilities,,400.0,,,BHD,monthly,,,,,,,,,,,26.239999771118164,50.5369987487793,,,,Devesh Kumar,,YES,,,,,https://www.propertyfinder.bh/en/plp/rent/apartment-for-rent-capital-governorate-seef-56517649.html,2026-08-28T04:09:45.604551+00:00,2026-08-28T04:09:45.604551+00:00,0,2026-08-28T04:09:45.604551+00:00
2026-08-28,new,56517655,,,Villa,Extended Canal Front 3BR Villa Private Boat Jetty,,240000.0,,,BHD,sell,,,,,,,,Al Marsa Floating City,,,26.2847957611084,50.669620513916016,,,,Muhammad Jahengir Akram,,YES,completed,,,,https://www.propertyfinder.bh/en/plp/buy/villa-for-sale-muharraq-governorate-amwaj-islands-al-marsa-floating-city-56517655.html,2026-08-28T04:09:45.604551+00:00,2026-08-28T04:09:45.604551+00:00,0,2026-08-28T04:09:45.604551+00:00
2026-08-28,new,56517656,,,Apartment,Bright and Spacious 3-Bedroom Apartment,,500.0,,,BHD,monthly,,,,,,,,,,,26.185943603515625,50.46711349487305,,,,Property Locators 2,,YES,,,,,https://www.propertyfinder.bh/en/plp/rent/apartment-for-rent-northern-governorate-janabiya-56517656.html,2026-08-28T04:09:45.604551+00:00,2026-08-28T04:09:45.604551+00:00,0,2026-08-28T04:09:45.604551+00:00
2026-08-28,new,56517669,,,Apartment,1 BR Furnished Apartment with Covered Parking,,250.0,,,BHD,monthly,,,,,,,,,,,26.203079223632812,50.594947814941406,,,,Vishwanth Nunavath,,YES,,,,,https://www.propertyfinder.bh/en/plp/rent/apartment-for-rent-capital-governorate-manama-um-al-hasam-56517669.html,2026-08-28T04:09:45.604551+00:00,2026-08-28T04:09:45.604551+00:00,0,2026-08-28T04:09:45.604551+00:00
2026-08-28,new,56517670,,,Apartment,CENTRALISED SEW VIEW APARTMENT| GYM & POOL,,800.0,,,BHD,monthly,,,,,,,,,,,26.229394912719727,50.48070526123047,,,,DILSHAB HAMSA,,PARTLY,,,,,https://www.propertyfinder.bh/en/plp/rent/apartment-for-rent-northern-governorate-barbar-56517670.html,2026-08-28T04:09:45.604551+00:00,2026-08-28T04:09:45.604551+00:00,0,2026-08-28T04:09:45.604551+00:00
2026-08-28,new,56517679,,,Apartment,Specious | Bright | Internet | Facilities,,550.0,,,BHD,monthly,,,,,,,,,,,26.239999771118164,50.5369987487793,,,,Devesh Kumar,,YES,,,,,https://www.propertyfinder.bh/en/plp/rent/apartment-for-rent-capital-governorate-seef-56517679.html,2026-08-28T04:09:45.604551+00:00,2026-08-28T04:09:45.604551+00:00,0,2026-08-28T04:09:45.604551+00:00
2026-08-28,new,56517680,,,Apartment,Brand New | City Views | Balcony | Wifi,,300.0,,,BHD,monthly,,,,,,,,,,,26.185943603515625,50.46711349487305,,,,Anjum Jawaid,,YES,,,,,https://www.propertyfinder.bh/en/plp/rent/apartment-for-rent-northern-governorate-janabiya-56517680.html,2026-08-28T04:09:45.604551+00:00,2026-08-28T04:09:45.604551+00:00,0,2026-08-28T04:09:45.604551+00:00
2026-08-28,new,56517681,,,Apartment,Bright Spacious Home with Stunning Sea Views,,450.0,,,BHD,monthly,,,,,,,,Amwaj Avenue,,,26.29302978515625,50.66474151611328,,,,Conrad Albert Tope,,YES,,,,,https://www.propertyfinder.bh/en/plp/rent/apartment-for-rent-muharraq-governorate-amwaj-islands-amwaj-avenue-56517681.html,2026-08-28T04:09:45.604551+00:00,2026-08-28T04:09:45.604551+00:00,0,2026-08-28T04:09:45.604551+00:00
2026-08-28,new,56517697,,,Apartment,High Floor | City Views | Wifi | Near Ritz Carlton,,430.0,,,BHD,monthly,,,,,,,,,,,26.239999771118164,50.5369987487793,,,,Anjum Jawaid,,YES,,,,,https://www.propertyfinder.bh/en/plp/rent/apartment-for-rent-capital-governorate-seef-56517697.html,2026-08-28T04:09:45.604551+00:00,2026-08-28T04:09:45.604551+00:00,0,2026-08-28T04:09:45.604551+00:00
2026-08-28,new,56517698,,,Apartment,Ultra Luxury | Modern | Internet| Balcony,,750.0,,,BHD,monthly,,,,,,,,,,,26.239999771118164,50.5369987487793,,,,Devesh Kumar,,YES,,,,,https://www.propertyfinder.bh/en/plp/rent/apartment-for-rent-capital-governorate-seef-56517698.html,2026-08-28T04:09:45.604551+00:00,2026-08-28T04:09:45.604551+00:00,0,2026-08-28T04:09:45.604551+00:00
2026-08-28,new,56517700,,,Apartment,ONE MONTH FREE OFFER | BALCONY | SEMI OPEN KITCHEN,,450.0,,,BHD,monthly,,,,,,,,,,,26.203079223632812,50.594947814941406,,,,Alma Pepito,,YES,,,,,https://www.propertyfinder.bh/en/plp/rent/apartment-for-rent-capital-governorate-manama-um-al-hasam-56517700.html,2026-08-28T04:09:45.604551+00:00,2026-08-28T04:09:45.604551+00:00,0,2026-08-28T04:09:45.604551+00:00
2026-08-28,new,56517701,,,Villa,Brand New Villas for Sale in Arad,,156000.0,,,BHD,sell,,,,,,,,,,,26.25,50.650001525878906,,,,Majestic Property ,,NO,completed_primary,,,,https://www.propertyfinder.bh/en/plp/buy/villa-for-sale-muharraq-governorate-arad-56517701.html,2026-08-28T04:09:45.604551+00:00,2026-08-28T04:09:45.604551+00:00,0,2026-08-28T04:09:45.604551+00:00
2026-08-28,new,56517724,,,Apartment,2 BR Apartment with Water View in Reef Island,,750.0,,,BHD,monthly,,,,,,,,,,,26.241750717163086,50.5663948059082,,,,Al Suwaie Real Estate,,YES,,,,,https://www.propertyfinder.bh/en/plp/rent/apartment-for-rent-capital-governorate-reef-island-56517724.html,2026-08-28T04:09:45.604551+00:00,2026-08-28T04:09:45.604551+00:00,0,2026-08-28T04:09:45.604551+00:00
2026-08-28,new,56517726,,,Apartment,SEA VIEW-BALCONY-MODERN-HOUSEKEEPING-LUXURIOUS,,400.0,,,BHD,monthly,,,,,,,,,,,26.239999771118164,50.5369987487793,,,,Unus Sirajuddin,,YES,,,,,https://www.propertyfinder.bh/en/plp/rent/apartment-for-rent-capital-governorate-seef-56517726.html,2026-08-28T04:09:45.604551+00:00,2026-08-28T04:09:45.604551+00:00,0,2026-08-28T04:09:45.604551+00:00
2026-08-28,new,56517730,,,Apartment,SPACIOUS STUDIO / NEAR MALL / MODERN / BRIGHT,,235.0,,,BHD,monthly,,,,,,,,Sanabis,,,26.226558685302734,50.5459098815918,,,,Unus Sirajuddin,,YES,,,,,https://www.propertyfinder.bh/en/plp/rent/apartment-for-rent-capital-governorate-manama-sanabis-56517730.html,2026-08-28T04:09:45.604551+00:00,2026-08-28T04:09:45.604551+00:00,0,2026-08-28T04:09:45.604551+00:00
2026-08-28,new,56517731,,,Land,Residential Land for Sale in Janabiya,,111536.0,,,BHD,sell,,,,,,,,,,,26.185943603515625,50.46711349487305,,,,Mahmood Al-Shaikh,,,,,,,https://www.propertyfinder.bh/en/plp/buy/land-for-sale-northern-governorate-janabiya-56517731.html,2026-08-28T04:09:45.604551+00:00,2026-08-28T04:09:45.604551+00:00,0,2026-08-28T04:09:45.604551+00:00
2026-08-28,new,56517732,,,Villa,Tall Urban Style Townhouse Villa Near Saar,,475.0,,,BHD,monthly,,,,,,,,,,,26.213165283203125,50.447471618652344,,,,Ponmony Remesh,,PARTLY,,,,,https://www.propertyfinder.bh/en/plp/rent/villa-for-rent-northern-governorate-budaiya-56517732.html,2026-08-28T04:09:45.604551+00:00,2026-08-28T04:09:45.604551+00:00,0,2026-08-28T04:09:45.604551+00:00
2026-08-28,new,56517736,,,Apartment,Furnished 3 Bedroom for rent in mahooz,,550.0,,,BHD,monthly,,,,,,,,,,,26.207910537719727,50.587345123291016,,,,Sayed Hashem Hasan,,YES,,,,,https://www.propertyfinder.bh/en/plp/rent/apartment-for-rent-capital-governorate-manama-mahooz-56517736.html,2026-08-28T04:09:45.604551+00:00,2026-08-28T04:09:45.604551+00:00,0,2026-08-28T04:09:45.604551+00:00
2026-08-28,new,56517738,,,Land,"Al Hidd – Residential Land – 379 SQM – 142,782",,142782.0,,,BHD,sell,,,,,,,,,,,26.21263313293457,50.67418670654297,,,,Samar Kafri,,,,,,,https://www.propertyfinder.bh/en/plp/buy/land-for-sale-muharraq-governorate-hidd-56517738.html,2026-08-28T04:09:45.604551+00:00,2026-08-28T04:09:45.604551+00:00,0,2026-08-28T04:09:45.604551+00:00
2026-08-28,new,56517739,,,Apartment,Whole Buildings for rent in Tubli ....,,3000.0,,,BHD,monthly,,,,,,,,,,,26.188888549804688,50.54999923706055,,,,Sayed Hashem Hasan,,NO,,,,,https://www.propertyfinder.bh/en/plp/rent/apartment-for-rent-central-governorate-tubli-56517739.html,2026-08-28T04:09:45.604551+00:00,2026-08-28T04:09:45.604551+00:00,0,2026-08-28T04:09:45.604551+00:00
2026-08-28,new,56517740,,,Apartment,**Fully Renovated 2BR | Furnished | Pool & Gym**,,400.0,,,BHD,monthly,,,,,,,,,,,26.211111068725586,50.601112365722656,,,,Husain Abdali,,YES,,,,,https://www.propertyfinder.bh/en/plp/rent/apartment-for-rent-capital-governorate-al-juffair-56517740.html,2026-08-28T04:09:45.604551+00:00,2026-08-28T04:09:45.604551+00:00,0,2026-08-28T04:09:45.604551+00:00
2026-08-28,new,56517741,,,Apartment,Sea View | Ultra Luxury | Internet| Balcony,,1450.0,,,BHD,monthly,,,,,,,,,,,26.239999771118164,50.5369987487793,,,,Devesh Kumar,,YES,,,,,https://www.propertyfinder.bh/en/plp/rent/apartment-for-rent-capital-governorate-seef-56517741.html,2026-08-28T04:09:45.604551+00:00,2026-08-28T04:09:45.604551+00:00,0,2026-08-28T04:09:45.604551+00:00
2026-08-28,new,56517742,,,Shop,new shop for rent in tubli behind Ansar,,450.0,,,BHD,monthly,,,,,,,,,,,26.188888549804688,50.54999923706055,,,,Sayed Hashem Hasan,,PARTLY,,,,,https://www.propertyfinder.bh/en/plp/commercial-rent/shop-for-rent-central-governorate-tubli-56517742.html,2026-08-28T04:09:45.604551+00:00,2026-08-28T04:09:45.604551+00:00,0,2026-08-28T04:09:45.604551+00:00
2026-08-28,new,56517749,,,Apartment,Sea View 3 beds + Maid Room + Study In Heart Seef,,950.0,,,BHD,monthly,,,,,,,,,,,26.239999771118164,50.5369987487793,,,,Mariam Arfaoui,,YES,,,,,https://www.propertyfinder.bh/en/plp/rent/apartment-for-rent-capital-governorate-seef-56517749.html,2026-08-28T04:09:45.604551+00:00,2026-08-28T04:09:45.604551+00:00,0,2026-08-28T04:09:45.604551+00:00
2026-08-28,new,56517750,,,Office Space,Bright Spacious office for rent in seef,,700.0,,,BHD,monthly,,,,,,,,,,,26.239999771118164,50.5369987487793,,,,Sayed Hashem Hasan,,PARTLY,,,,,https://www.propertyfinder.bh/en/plp/commercial-rent/office-space-for-rent-capital-governorate-seef-56517750.html,2026-08-28T04:09:45.604551+00:00,2026-08-28T04:09:45.604551+00:00,0,2026-08-28T04:09:45.604551+00:00
2026-08-28,new,56517751,,,Apartment,|Furnished Studio for Rent on Tubli Inclusive EWA|,,180.0,,,BHD,monthly,,,,,,,,,,,26.188888549804688,50.54999923706055,,,,Ali  Alnoaimi,,YES,,,,,https://www.propertyfinder.bh/en/plp/rent/apartment-for-rent-central-governorate-tubli-56517751.html,2026-08-28T04:09:45.604551+00:00,2026-08-28T04:09:45.604551+00:00,0,2026-08-28T04:09:45.604551+00:00
2026-08-28,new,56517753,,,Apartment,Stunning Views | 2 Bedroom | Balcony |Laundry Room,,65000.0,,,BHD,sell,,,,,,,,The Lagoon,,,26.287778854370117,50.66339111328125,,,,Alma Pepito,,YES,completed,,,,https://www.propertyfinder.bh/en/plp/buy/apartment-for-sale-muharraq-governorate-amwaj-islands-the-lagoon-56517753.html,2026-08-28T04:09:45.604551+00:00,2026-08-28T04:09:45.604551+00:00,0,2026-08-28T04:09:45.604551+00:00
2026-08-28,new,56517756,,,Apartment,Great View | House Keeping I Store I Balcony,,850.0,,,BHD,monthly,,,,,,,,,,,26.239999771118164,50.5369987487793,,,,Antony Shaiju,,YES,,,,,https://www.propertyfinder.bh/en/plp/rent/apartment-for-rent-capital-governorate-seef-56517756.html,2026-08-28T04:09:45.604551+00:00,2026-08-28T04:09:45.604551+00:00,0,2026-08-28T04:09:45.604551+00:00
2026-08-28,new,56517762,,,Whole Building,New Labor accommodation in Tubli 24- room,,2700.0,,,BHD,monthly,,,,,,,,,,,26.188888549804688,50.54999923706055,,,,Mohammed Alseba,,NO,,,,,https://www.propertyfinder.bh/en/plp/rent/whole-building-for-rent-central-governorate-tubli-56517762.html,2026-08-28T04:09:45.604551+00:00,2026-08-28T04:09:45.604551+00:00,0,2026-08-28T04:09:45.604551+00:00
2026-08-28,new,56517763,,,Apartment,Spacious | Family Building I House Keeping I Tax,,350.0,,,BHD,monthly,,,,,,,,,,,26.203079223632812,50.594947814941406,,,,Antony Shaiju,,YES,,,,,https://www.propertyfinder.bh/en/plp/rent/apartment-for-rent-capital-governorate-manama-um-al-hasam-56517763.html,2026-08-28T04:09:45.604551+00:00,2026-08-28T04:09:45.604551+00:00,0,2026-08-28T04:09:45.604551+00:00
2026-08-28,new,56517765,,,Apartment,Very Spacious I Big Kitchen I Pool I Gym I Wifi,,390.0,,,BHD,monthly,,,,,,,,,,,26.211111068725586,50.601112365722656,,,,Antony Shaiju,,YES,,,,,https://www.propertyfinder.bh/en/plp/rent/apartment-for-rent-capital-governorate-al-juffair-56517765.html,2026-08-28T04:09:45.604551+00:00,2026-08-28T04:09:45.604551+00:00,0,2026-08-28T04:09:45.604551+00:00
2026-08-28,new,56517767,,,Apartment,Newly Renovated I Modern I Balcony I Spacious,,400.0,,,BHD,monthly,,,,,,,,,,,26.207910537719727,50.587345123291016,,,,Antony Shaiju,,YES,,,,,https://www.propertyfinder.bh/en/plp/rent/apartment-for-rent-capital-governorate-manama-mahooz-56517767.html,2026-08-28T04:09:45.604551+00:00,2026-08-28T04:09:45.604551+00:00,0,2026-08-28T04:09:45.604551+00:00
2026-08-28,new,56517777,,,Apartment,Only Families IChildren Pool/Games I House Keeping,,340.0,,,BHD,monthly,,,,,,,,,,,26.211111068725586,50.601112365722656,,,,Antony Shaiju,,YES,,,,,https://www.propertyfinder.bh/en/plp/rent/apartment-for-rent-capital-governorate-al-juffair-56517777.html,2026-08-28T04:09:45.604551+00:00,2026-08-28T04:09:45.604551+00:00,0,2026-08-28T04:09:45.604551+00:00
2026-08-28,new,56517778,,,Office Space,Offices space for rent in Salmabad,,200.0,,,BHD,monthly,,,,,,,,,,,26.183332443237305,50.516666412353516,,,,Sayed Hashem Hasan,,PARTLY,,,,,https://www.propertyfinder.bh/en/plp/commercial-rent/office-space-for-rent-central-governorate-salmabad-56517778.html,2026-08-28T04:09:45.604551+00:00,2026-08-28T04:09:45.604551+00:00,0,2026-08-28T04:09:45.604551+00:00
2026-08-28,new,56517780,,,Villa,5 BR Villa with Private Pool and Garden,,1800.0,,,BHD,monthly,,,,,,,,Murjan,,,26.288551330566406,50.673683166503906,,,,Al Suwaie Real Estate,,YES,,,,,https://www.propertyfinder.bh/en/plp/rent/villa-for-rent-muharraq-governorate-amwaj-islands-murjan-56517780.html,2026-08-28T04:09:45.604551+00:00,2026-08-28T04:09:45.604551+00:00,0,2026-08-28T04:09:45.604551+00:00
2026-08-28,new,56517782,,,Office Space,Offices for Rent professional environment suitable,,200.0,,,BHD,monthly,,,,,,,,,,,26.183332443237305,50.516666412353516,,,,Husain  Alarayedh,,PARTLY,,,,,https://www.propertyfinder.bh/en/plp/commercial-rent/office-space-for-rent-central-governorate-salmabad-56517782.html,2026-08-28T04:09:45.604551+00:00,2026-08-28T04:09:45.604551+00:00,0,2026-08-28T04:09:45.604551+00:00
2026-08-28,new,56517783,,,Shop,Shops for Rent in Salmabad – Prime High-Traffic,,270.0,,,BHD,monthly,,,,,,,,,,,26.183332443237305,50.516666412353516,,,,Husain  Sadeq,,YES,,,,,https://www.propertyfinder.bh/en/plp/commercial-rent/shop-for-rent-central-governorate-salmabad-56517783.html,2026-08-28T04:09:45.604551+00:00,2026-08-28T04:09:45.604551+00:00,0,2026-08-28T04:09:45.604551+00:00
2026-08-28,new,56517789,,,Apartment,**Luxury 3BR + Maid Room | Spacious | Gym | Inclus,,550.0,,,BHD,monthly,,,,,,,,,,,26.211111068725586,50.601112365722656,,,,Husain Abdali,,YES,,,,,https://www.propertyfinder.bh/en/plp/rent/apartment-for-rent-capital-governorate-al-juffair-56517789.html,2026-08-28T04:09:45.604551+00:00,2026-08-28T04:09:45.604551+00:00,0,2026-08-28T04:09:45.604551+00:00
2026-08-28,new,56517791,,,Villa,Stunning 5 Bedroom Waterfront  | Pool | Garden,,1800.0,,,BHD,monthly,,,,,,,,Saraya al Bahar,,,26.2982234954834,50.65825271606445,,,,Linda Mehdi,,YES,,,,,https://www.propertyfinder.bh/en/plp/rent/villa-for-rent-muharraq-governorate-amwaj-islands-saraya-al-bahar-56517791.html,2026-08-28T04:09:45.604551+00:00,2026-08-28T04:09:45.604551+00:00,0,2026-08-28T04:09:45.604551+00:00
2026-08-28,new,56517792,,,Office Space,bellow price office for rent in budayia,,1200.0,,,BHD,monthly,,,,,,,,,,,26.213165283203125,50.447471618652344,,,,Sayed Hashem Hasan,,NO,,,,,https://www.propertyfinder.bh/en/plp/commercial-rent/office-space-for-rent-northern-governorate-budaiya-56517792.html,2026-08-28T04:09:45.604551+00:00,2026-08-28T04:09:45.604551+00:00,0,2026-08-28T04:09:45.604551+00:00
2026-08-28,new,56517822,,,Apartment,Brand New Labour Accommodation Buildings for Rent,,3000.0,,,BHD,monthly,,,,,,,,,,,26.188888549804688,50.54999923706055,,,,Husain  Alarayedh,,NO,,,,,https://www.propertyfinder.bh/en/plp/rent/apartment-for-rent-central-governorate-tubli-56517822.html,2026-08-28T04:09:45.604551+00:00,2026-08-28T04:09:45.604551+00:00,0,2026-08-28T04:09:45.604551+00:00
2026-08-28,new,56517823,,,Apartment,Unlimited ewa fully furnished studio in Tubli,,190.0,,,BHD,monthly,,,,,,,,,,,26.188888549804688,50.54999923706055,,,,Husain  Sadeq,,YES,,,,,https://www.propertyfinder.bh/en/plp/rent/apartment-for-rent-central-governorate-tubli-56517823.html,2026-08-28T04:09:45.604551+00:00,2026-08-28T04:09:45.604551+00:00,0,2026-08-28T04:09:45.604551+00:00
2026-08-28,new,56517858,,,Apartment,Furnished Studio for Rent on Tubli Inclusive EWA|,,180.0,,,BHD,monthly,,,,,,,,,,,26.188888549804688,50.54999923706055,,,,Husain  Alarayedh,,YES,,,,,https://www.propertyfinder.bh/en/plp/rent/apartment-for-rent-central-governorate-tubli-56517858.html,2026-08-28T04:09:45.604551+00:00,2026-08-28T04:09:45.604551+00:00,0,2026-08-28T04:09:45.604551+00:00
2026-08-28,new,56517859,,,Apartment,New I Spacious I House Keeping I Family Building,,480.0,,,BHD,monthly,,,,,,,,,,,26.211111068725586,50.601112365722656,,,,Antony Shaiju,,YES,,,,,https://www.propertyfinder.bh/en/plp/rent/apartment-for-rent-capital-governorate-al-juffair-56517859.html,2026-08-28T04:09:45.604551+00:00,2026-08-28T04:09:45.604551+00:00,0,2026-08-28T04:09:45.604551+00:00
2026-08-28,new,56517862,,,Apartment,ELEGANT 2BHK | BALCONY | MALL ACCESS | FACILITIES,,550.0,,,BHD,monthly,,,,,,,,Diyar Al Muharraq,Marassi Residences,,26.303447723388672,50.6461296081543,,,,Rolin Faouri,,YES,,,,,https://www.propertyfinder.bh/en/plp/rent/apartment-for-rent-muharraq-governorate-diyar-al-muharraq-marassi-residences-56517862.html,2026-08-28T04:09:45.604551+00:00,2026-08-28T04:09:45.604551+00:00,0,2026-08-28T04:09:45.604551+00:00
2026-08-28,new,56517865,,,Apartment,1 bedroom inclusive for rent in Um Al Hassam,,280.0,,,BHD,monthly,,,,,,,,,,,26.188888549804688,50.54999923706055,,,,Husain  Sadeq,,YES,,,,,https://www.propertyfinder.bh/en/plp/rent/apartment-for-rent-central-governorate-tubli-56517865.html,2026-08-28T04:09:45.604551+00:00,2026-08-28T04:09:45.604551+00:00,0,2026-08-28T04:09:45.604551+00:00
2026-08-28,new,56517881,,,Apartment,Luxury | Prime Location | Modern,,980.0,,,BHD,monthly,,,,,,,,,,,26.239999771118164,50.5369987487793,,,,Mariam Arfaoui,,YES,,,,,https://www.propertyfinder.bh/en/plp/rent/apartment-for-rent-capital-governorate-seef-56517881.html,2026-08-28T04:09:45.604551+00:00,2026-08-28T04:09:45.604551+00:00,0,2026-08-28T04:09:45.604551+00:00
2026-08-28,new,56517882,,,Apartment,AFFORDABLE BUDGETT FRIENDLY FREE WIFI | CPR ADRESS,,300.0,,,BHD,monthly,,,,,,,,Amwaj Marina,,,26.293058395385742,50.65943908691406,,,,Fadi Eweida,,YES,,,,,https://www.propertyfinder.bh/en/plp/rent/apartment-for-rent-muharraq-governorate-amwaj-islands-amwaj-marina-56517882.html,2026-08-28T04:09:45.604551+00:00,2026-08-28T04:09:45.604551+00:00,0,2026-08-28T04:09:45.604551+00:00
2026-08-28,new,56517883,,,Apartment,FINANCIAL HARBOUR STUNNING VIEW/ REFURBISHED/KIDS,,500.0,,,BHD,monthly,,,,,,,,Abraj Al Lulu,,,26.230030059814453,50.55890655517578,,,,Nanda Kumar,,YES,,,,,https://www.propertyfinder.bh/en/plp/rent/apartment-for-rent-capital-governorate-manama-abraj-al-lulu-56517883.html,2026-08-28T04:09:45.604551+00:00,2026-08-28T04:09:45.604551+00:00,0,2026-08-28T04:09:45.604551+00:00
2026-08-28,new,56517901,,,Apartment,WIFI | PETS ALLOWED | GOOD SIZE LAYOUT | MOVE NOW,,310.0,,,BHD,monthly,,,,,,,,Amwaj Avenue,,,26.29302978515625,50.66474151611328,,,,Rolin Faouri,,YES,,,,,https://www.propertyfinder.bh/en/plp/rent/apartment-for-rent-muharraq-governorate-amwaj-islands-amwaj-avenue-56517901.html,2026-08-28T04:09:45.604551+00:00,2026-08-28T04:09:45.604551+00:00,0,2026-08-28T04:09:45.604551+00:00
2026-08-28,new,56517903,,,Villa,SPACIOUS VILLA | EASY ACCESS | 4BHK+MAID | BRIGHT,,138500.0,,,BHD,sell,,,,,,,,,,,26.113693237304688,50.48170471191406,,,,Yumna Awad,,NO,completed_primary,,,,https://www.propertyfinder.bh/en/plp/buy/villa-for-sale-northern-governorate-karzakkan-56517903.html,2026-08-28T04:09:45.604551+00:00,2026-08-28T04:09:45.604551+00:00,0,2026-08-28T04:09:45.604551+00:00
2026-08-28,new,56517904,,,Apartment,Fontana Infinity I House Keeping I Fontana Mangmnt,,400.0,,,BHD,monthly,,,,,,,,,,,26.211111068725586,50.601112365722656,,,,Antony Shaiju,,YES,,,,,https://www.propertyfinder.bh/en/plp/rent/apartment-for-rent-capital-governorate-al-juffair-56517904.html,2026-08-28T04:09:45.604551+00:00,2026-08-28T04:09:45.604551+00:00,0,2026-08-28T04:09:45.604551+00:00
2026-08-28,new,56517906,,,Apartment,LAUNDRY ROOM | WIFI | SPACIOUS | PET FRIENDLY,,350.0,,,BHD,monthly,,,,,,,,Amwaj Avenue,,,26.29302978515625,50.66474151611328,,,,Rolin Faouri,,YES,,,,,https://www.propertyfinder.bh/en/plp/rent/apartment-for-rent-muharraq-governorate-amwaj-islands-amwaj-avenue-56517906.html,2026-08-28T04:09:45.604551+00:00,2026-08-28T04:09:45.604551+00:00,0,2026-08-28T04:09:45.604551+00:00
2026-08-28,new,56517908,,,Apartment,Modern | Cozy | Balcony | 5 Star Facilities,,800.0,,,BHD,monthly,,,,,,,,,,,26.239999771118164,50.5369987487793,,,,Azzam Osama,,YES,,,,,https://www.propertyfinder.bh/en/plp/rent/apartment-for-rent-capital-governorate-seef-56517908.html,2026-08-28T04:09:45.604551+00:00,2026-08-28T04:09:45.604551+00:00,0,2026-08-28T04:09:45.604551+00:00
2026-08-28,new,56517911,,,Apartment,Sea View | Luxurious | Wonderful Interior,,500.0,,,BHD,monthly,,,,,,,,,,,26.239999771118164,50.5369987487793,,,,Azzam Osama,,YES,,,,,https://www.propertyfinder.bh/en/plp/rent/apartment-for-rent-capital-governorate-seef-56517911.html,2026-08-28T04:09:45.604551+00:00,2026-08-28T04:09:45.604551+00:00,0,2026-08-28T04:09:45.604551+00:00
2026-08-28,new,56517912,,,Apartment,LAGOON VIEW | HIGH FLOOR | ATTRACTIVE PRICE,,400.0,,,BHD,monthly,,,,,,,,The Lagoon,,,26.287778854370117,50.66339111328125,,,,Rolin Faouri,,YES,,,,,https://www.propertyfinder.bh/en/plp/rent/apartment-for-rent-muharraq-governorate-amwaj-islands-the-lagoon-56517912.html,2026-08-28T04:09:45.604551+00:00,2026-08-28T04:09:45.604551+00:00,0,2026-08-28T04:09:45.604551+00:00
2026-08-28,new,56517914,,,Apartment,SEA VIEW / HIGH END APARTMENT / BEST AMENITIES,,1150.0,,,BHD,monthly,,,,,,,,Canal View,,,26.273908615112305,50.67207336425781,,,,Kristina Rakikji,,YES,,,,,https://www.propertyfinder.bh/en/plp/rent/apartment-for-rent-muharraq-governorate-dilmunia-island-canal-view-56517914.html,2026-08-28T04:09:45.604551+00:00,2026-08-28T04:09:45.604551+00:00,0,2026-08-28T04:09:45.604551+00:00
2026-08-28,new,56517916,,,Apartment,2 bedrooms inclusive flat for rent in Tubli,,230.0,,,BHD,monthly,,,,,,,,,,,26.188888549804688,50.54999923706055,,,,Husain  Sadeq,,NO,,,,,https://www.propertyfinder.bh/en/plp/rent/apartment-for-rent-central-governorate-tubli-56517916.html,2026-08-28T04:09:45.604551+00:00,2026-08-28T04:09:45.604551+00:00,0,2026-08-28T04:09:45.604551+00:00
2026-08-28,new,56517917,,,Apartment,HOT DEAL | LUXURIOUS | SPACIOUS LAYOUT,,750.0,,,BHD,monthly,,,,,,,,Bahrain Financial Harbour,,,26.23778533935547,50.57342529296875,,,,Preeti Paudel,,YES,,,,,https://www.propertyfinder.bh/en/plp/rent/apartment-for-rent-capital-governorate-manama-bahrain-financial-harbour-56517917.html,2026-08-28T04:09:45.604551+00:00,2026-08-28T04:09:45.604551+00:00,0,2026-08-28T04:09:45.604551+00:00
2026-08-28,new,56517921,,,Apartment,HOUSEKEEPING | CLOSED KITCHEN | ALL INCLUSIVE,,500.0,,,BHD,monthly,,,,,,,,,,,26.239999771118164,50.5369987487793,,,,Preeti Paudel,,YES,,,,,https://www.propertyfinder.bh/en/plp/rent/apartment-for-rent-capital-governorate-seef-56517921.html,2026-08-28T04:09:45.604551+00:00,2026-08-28T04:09:45.604551+00:00,0,2026-08-28T04:09:45.604551+00:00
2026-08-28,new,56517929,,,Apartment,Brand New - Spacious - Big Size - 50 Ewa Limit,,470.0,,,BHD,monthly,,,,,,,,,,,26.19164276123047,50.48757553100586,,,,Irfan Ali,,PARTLY,,,,,https://www.propertyfinder.bh/en/plp/rent/apartment-for-rent-northern-governorate-saar-56517929.html,2026-08-28T04:09:45.604551+00:00,2026-08-28T04:09:45.604551+00:00,0,2026-08-28T04:09:45.604551+00:00
2026-08-28,new,56517931,,,Apartment,HOT DEAL | HOUSEKEEPING | CLOSED KITCHEN,,425.0,,,BHD,monthly,,,,,,,,,,,26.239999771118164,50.5369987487793,,,,Preeti Paudel,,YES,,,,,https://www.propertyfinder.bh/en/plp/rent/apartment-for-rent-capital-governorate-seef-56517931.html,2026-08-28T04:09:45.604551+00:00,2026-08-28T04:09:45.604551+00:00,0,2026-08-28T04:09:45.604551+00:00
2026-08-28,new,56517933,,,Apartment,Spacious 4BR Apartment | 200 SQM | 2 Balconies,,72000.0,,,BHD,sell,,,,,,,,,,,26.21263313293457,50.67418670654297,,,,Samar Kafri,,NO,completed_primary,,,,https://www.propertyfinder.bh/en/plp/buy/apartment-for-sale-muharraq-governorate-hidd-56517933.html,2026-08-28T04:09:45.604551+00:00,2026-08-28T04:09:45.604551+00:00,0,2026-08-28T04:09:45.604551+00:00
2026-08-28,new,56517934,,,Apartment,UNIQUE | CORNER UNIT | NEW BUILDING,,800.0,,,BHD,monthly,,,,,,,,Bahrain Financial Harbour,,,26.23778533935547,50.57342529296875,,,,Preeti Paudel,,YES,,,,,https://www.propertyfinder.bh/en/plp/rent/apartment-for-rent-capital-governorate-manama-bahrain-financial-harbour-56517934.html,2026-08-28T04:09:45.604551+00:00,2026-08-28T04:09:45.604551+00:00,0,2026-08-28T04:09:45.604551+00:00
2026-08-28,new,56517935,,,Apartment,New I Modern | Spacious I Beautifully Furnished,,350.0,,,BHD,monthly,,,,,,,,,,,26.211111068725586,50.601112365722656,,,,Antony Shaiju,,YES,,,,,https://www.propertyfinder.bh/en/plp/rent/apartment-for-rent-capital-governorate-al-juffair-56517935.html,2026-08-28T04:09:45.604551+00:00,2026-08-28T04:09:45.604551+00:00,0,2026-08-28T04:09:45.604551+00:00
2026-08-28,new,56517939,,,Apartment,New I Modern I Balcony | Great Facilities,,310.0,,,BHD,monthly,,,,,,,,,,,26.211111068725586,50.601112365722656,,,,Antony Shaiju,,YES,,,,,https://www.propertyfinder.bh/en/plp/rent/apartment-for-rent-capital-governorate-al-juffair-56517939.html,2026-08-28T04:09:45.604551+00:00,2026-08-28T04:09:45.604551+00:00,0,2026-08-28T04:09:45.604551+00:00
2026-08-28,new,56517942,,,Apartment,LOW BUDGET| SPACIOUS| 2BHK| EAST RIFFA| PARKING|MY,,90.0,,,BHD,monthly,,,,,,,,Riffa Al Sharqi,,,26.1162166595459,50.57211685180664,,,,Nayla Tabussam,,NO,,,,,https://www.propertyfinder.bh/en/plp/rent/apartment-for-rent-southern-governorate-riffa-riffa-al-sharqi-56517942.html,2026-08-28T04:09:45.604551+00:00,2026-08-28T04:09:45.604551+00:00,0,2026-08-28T04:09:45.604551+00:00
2026-08-28,new,56517944,,,Apartment,BEST OFFER ON THE MARKET / FREE HOLD / SPACIOUS,,52500.0,,,BHD,sell,,,,,,,,Amwaj Avenue,,,26.29302978515625,50.66474151611328,,,,Kristina Rakikji,,YES,completed,,,,https://www.propertyfinder.bh/en/plp/buy/apartment-for-sale-muharraq-governorate-amwaj-islands-amwaj-avenue-56517944.html,2026-08-28T04:09:45.604551+00:00,2026-08-28T04:09:45.604551+00:00,0,2026-08-28T04:09:45.604551+00:00
2026-08-28,new,56517946,,,Apartment,Furnished 1 BR Apartment with Landmark View,,370.0,,,BHD,monthly,,,,,,,,Diyar Al Muharraq,Marassi Park Residences,,26.307302474975586,50.645973205566406,,,,Al Suwaie Real Estate,,YES,,,,,https://www.propertyfinder.bh/en/plp/rent/apartment-for-rent-muharraq-governorate-diyar-al-muharraq-marassi-park-residences-56517946.html,2026-08-28T04:09:45.604551+00:00,2026-08-28T04:09:45.604551+00:00,0,2026-08-28T04:09:45.604551+00:00
2026-08-28,new,56517947,,,Apartment,Modern I EWA Included I House Keeping I Wifi,,330.0,,,BHD,monthly,,,,,,,,,,,26.241750717163086,50.5663948059082,,,,Antony Shaiju,,YES,,,,,https://www.propertyfinder.bh/en/plp/rent/apartment-for-rent-capital-governorate-reef-island-56517947.html,2026-08-28T04:09:45.604551+00:00,2026-08-28T04:09:45.604551+00:00,0,2026-08-28T04:09:45.604551+00:00
2026-08-28,new,56517949,,,Apartment,Brand New l Modern Luxury| Great Facilities,,700.0,,,BHD,monthly,,,,,,,,Diyar Al Muharraq,,,26.303447723388672,50.6461296081543,,,,Siwar Arfaoui,,YES,,,,,https://www.propertyfinder.bh/en/plp/rent/apartment-for-rent-muharraq-governorate-diyar-al-muharraq-marassi-al-bahrain-56517949.html,2026-08-28T04:09:45.604551+00:00,2026-08-28T04:09:45.604551+00:00,0,2026-08-28T04:09:45.604551+00:00
2026-08-28,new,56517950,,,Apartment,1 Bedroom flat in the Heart of Saar with EWA 250BD,,250.0,,,BHD,monthly,,,,,,,,,,,26.19164276123047,50.48757553100586,,,,Ali  Alnoaimi,,YES,,,,,https://www.propertyfinder.bh/en/plp/rent/apartment-for-rent-northern-governorate-saar-56517950.html,2026-08-28T04:09:45.604551+00:00,2026-08-28T04:09:45.604551+00:00,0,2026-08-28T04:09:45.604551+00:00
2026-08-28,new,56517951,,,Apartment,Spaciuos I Closed Kitchen I H. Keeping I Inclusive,,475.0,,,BHD,monthly,,,,,,,,,,,26.211111068725586,50.601112365722656,,,,Antony Shaiju,,YES,,,,,https://www.propertyfinder.bh/en/plp/rent/apartment-for-rent-capital-governorate-al-juffair-56517951.html,2026-08-28T04:09:45.604551+00:00,2026-08-28T04:09:45.604551+00:00,0,2026-08-28T04:09:45.604551+00:00
2026-08-28,new,56517957,,,Apartment,BRAND NEW 2BHK | BALCONY | NEAR MERCADO MALL,,50000.0,,,BHD,sell,,,,,,,,,,,26.185943603515625,50.46711349487305,,,,Irina Matvievici,,PARTLY,completed_primary,,,,https://www.propertyfinder.bh/en/plp/buy/apartment-for-sale-northern-governorate-janabiya-56517957.html,2026-08-28T04:09:45.604551+00:00,2026-08-28T04:09:45.604551+00:00,0,2026-08-28T04:09:45.604551+00:00
2026-08-28,new,56517959,,,Villa,WATERFRONT LIVING | 5 BHK VILLA | GARDEN,,129000.0,,,BHD,sell,,,,,,,,,,,26.12916374206543,50.49860763549805,,,,Yumna Awad,,NO,completed_primary,,,,https://www.propertyfinder.bh/en/plp/buy/villa-for-sale-northern-governorate-hamad-town-56517959.html,2026-08-28T04:09:45.604551+00:00,2026-08-28T04:09:45.604551+00:00,0,2026-08-28T04:09:45.604551+00:00
2026-08-28,new,56517961,,,Villa,MODERN VILLA | PRIVATE MAJLIS | 5 BEDROOMS,,200000.0,,,BHD,sell,,,,,,,,,,,26.130512237548828,50.55546569824219,,,,Yumna Awad,,PARTLY,completed,,,,https://www.propertyfinder.bh/en/plp/buy/villa-for-sale-southern-governorate-riffa-56517961.html,2026-08-28T04:09:45.604551+00:00,2026-08-28T04:09:45.604551+00:00,0,2026-08-28T04:09:45.604551+00:00
2026-08-28,new,56517964,,,Villa,MODERN 5BHK VILLA | MAQABA | ELEVATOR READY,,235000.0,,,BHD,sell,,,,,,,,,,,26.21023941040039,50.49468231201172,,,,Yumna Awad,,NO,completed_primary,,,,https://www.propertyfinder.bh/en/plp/buy/villa-for-sale-northern-governorate-maqabah-56517964.html,2026-08-28T04:09:45.604551+00:00,2026-08-28T04:09:45.604551+00:00,0,2026-08-28T04:09:45.604551+00:00
2026-08-28,new,56517967,,,Apartment,SPACIOUS FAMILY APARTMENT | POOL & GYM | BALCONY,,69000.0,,,BHD,sell,,,,,,,,,,,26.212005615234375,50.520294189453125,,,,Yumna Awad,,YES,completed,,,,https://www.propertyfinder.bh/en/plp/buy/apartment-for-sale-northern-governorate-al-qadam-56517967.html,2026-08-28T04:09:45.604551+00:00,2026-08-28T04:09:45.604551+00:00,0,2026-08-28T04:09:45.604551+00:00
2026-08-28,new,56517972,,,Apartment,Very Spacious I Big Kitchen I Swimming Pool I Gym,,430.0,,,BHD,monthly,,,,,,,,,,,26.211111068725586,50.601112365722656,,,,Antony Shaiju,,YES,,,,,https://www.propertyfinder.bh/en/plp/rent/apartment-for-rent-capital-governorate-al-juffair-56517972.html,2026-08-28T04:09:45.604551+00:00,2026-08-28T04:09:45.604551+00:00,0,2026-08-28T04:09:45.604551+00:00
2026-08-28,new,56517974,,,Villa,EXTREMELY SPACIOUS 8BHK VILLA | FOR SALE,,320000.0,,,BHD,sell,,,,,,,,,,,26.149999618530273,50.58333206176758,,,,Yumna Awad,,PARTLY,completed,,,,https://www.propertyfinder.bh/en/plp/buy/villa-for-sale-central-governorate-sanad-56517974.html,2026-08-28T04:09:45.604551+00:00,2026-08-28T04:09:45.604551+00:00,0,2026-08-28T04:09:45.604551+00:00
2026-08-28,new,56517982,,,Villa,ELEGANT 3BHK | PRIVATE GARDEN | PRIME LOCATION,,136000.0,,,BHD,sell,,,,,,,,,,,26.130512237548828,50.55546569824219,,,,Yumna Awad,,NO,completed_primary,,,,https://www.propertyfinder.bh/en/plp/buy/villa-for-sale-southern-governorate-riffa-56517982.html,2026-08-28T04:09:45.604551+00:00,2026-08-28T04:09:45.604551+00:00,0,2026-08-28T04:09:45.604551+00:00
2026-08-28,new,56517985,,,Villa,Modern I Private Pool | spacious | villla |,,1800.0,,,BHD,monthly,,,,,,,,,,,26.140336990356445,50.478271484375,,,,Antony Shaiju,,PARTLY,,,,,https://www.propertyfinder.bh/en/plp/rent/villa-for-rent-northern-governorate-hamala-56517985.html,2026-08-28T04:09:45.604551+00:00,2026-08-28T04:09:45.604551+00:00,0,2026-08-28T04:09:45.604551+00:00
2026-08-28,new,56517986,,,Apartment,YOUR DREAMS MEET REALITY/ VALUE 4 RENT/HARBOUR,,400.0,,,BHD,monthly,,,,,,,,Abraj Al Lulu,,,26.230030059814453,50.55890655517578,,,,Nanda Kumar,,YES,,,,,https://www.propertyfinder.bh/en/plp/rent/apartment-for-rent-capital-governorate-manama-abraj-al-lulu-56517986.html,2026-08-28T04:09:45.604551+00:00,2026-08-28T04:09:45.604551+00:00,0,2026-08-28T04:09:45.604551+00:00
2026-08-28,new,56517987,,,Villa,Brand New Villa for Sale in Busaiteen,,250000.0,,,BHD,sell,,,,,,,,,,,26.27199935913086,50.60900115966797,,,,Majestic Property ,,NO,completed_primary,,,,https://www.propertyfinder.bh/en/plp/buy/villa-for-sale-muharraq-governorate-busaiteen-56517987.html,2026-08-28T04:09:45.604551+00:00,2026-08-28T04:09:45.604551+00:00,0,2026-08-28T04:09:45.604551+00:00
2026-08-28,new,56517990,,,Villa,ELEGANT 3BHK VILLA | PRIVATE GARDEN | PRIME RIFFA,,750.0,,,BHD,monthly,,,,,,,,Riffa Views,,,26.097333908081055,50.56736373901367,,,,Yumna Awad,,PARTLY,,,,,https://www.propertyfinder.bh/en/plp/rent/villa-for-rent-southern-governorate-riffa-riffa-views-56517990.html,2026-08-28T04:09:45.604551+00:00,2026-08-28T04:09:45.604551+00:00,0,2026-08-28T04:09:45.604551+00:00
2026-08-28,new,56517992,,,Villa,Luxury | Modern Villas | Reserve Now,,149837.0,,,BHD,sell,,,,,,,,,,,26.20011329650879,50.46629333496094,,,,Ebrahim Alsaleem,,NO,completed_primary,,,,https://www.propertyfinder.bh/en/plp/buy/villa-for-sale-northern-governorate-al-qurayyah-56517992.html,2026-08-28T04:09:45.604551+00:00,2026-08-28T04:09:45.604551+00:00,0,2026-08-28T04:09:45.604551+00:00
2026-08-28,new,56517995,,,Land,600 SQM PLOT | RESIDENTIAL LAND | PRIME SHAHRAKKAN,,165000.0,,,BHD,sell,,,,,,,,,,,26.20975685119629,50.50579833984375,,,,Yumna Awad,,,,,,,https://www.propertyfinder.bh/en/plp/buy/land-for-sale-northern-governorate-shakhura-56517995.html,2026-08-28T04:09:45.604551+00:00,2026-08-28T04:09:45.604551+00:00,0,2026-08-28T04:09:45.604551+00:00
2026-08-28,new,56517996,,,Apartment,Spacious | Family Building I Gym I Pool I Wifi,,550.0,,,BHD,monthly,,,,,,,,,,,26.239999771118164,50.5369987487793,,,,Antony Shaiju,,YES,,,,,https://www.propertyfinder.bh/en/plp/rent/apartment-for-rent-capital-governorate-seef-56517996.html,2026-08-28T04:09:45.604551+00:00,2026-08-28T04:09:45.604551+00:00,0,2026-08-28T04:09:45.604551+00:00
2026-08-28,new,56517999,,,Land,RESIDENTIAL SP LAND | DILMUNIA | 744 SQM,,250000.0,,,BHD,sell,,,,,,,,,,,26.27286720275879,50.672889709472656,,,,Zuhair Tlili,,,,,,,https://www.propertyfinder.bh/en/plp/buy/land-for-sale-muharraq-governorate-dilmunia-island-56517999.html,2026-08-28T04:09:45.604551+00:00,2026-08-28T04:09:45.604551+00:00,0,2026-08-28T04:09:45.604551+00:00
2026-08-28,new,56518014,,,Apartment,Sea View | New I Modern I Balcony I House Keeping,,900.0,,,BHD,monthly,,,,,,,,,,,26.239999771118164,50.5369987487793,,,,Antony Shaiju,,YES,,,,,https://www.propertyfinder.bh/en/plp/rent/apartment-for-rent-capital-governorate-seef-56518014.html,2026-08-28T04:09:45.604551+00:00,2026-08-28T04:09:45.604551+00:00,0,2026-08-28T04:09:45.604551+00:00
2026-08-28,new,56518016,,,Land,PRIME RESIDENTIAL PLOT | BUSAITEEN | 304 SQM,,115000.0,,,BHD,sell,,,,,,,,,,,26.27199935913086,50.60900115966797,,,,Zuhair Tlili,,,,,,,https://www.propertyfinder.bh/en/plp/buy/land-for-sale-muharraq-governorate-busaiteen-56518016.html,2026-08-28T04:09:45.604551+00:00,2026-08-28T04:09:45.604551+00:00,0,2026-08-28T04:09:45.604551+00:00
2026-08-28,new,56518020,,,Apartment,MODERN 1BHK | BALCONY | PRIME LOCATION,,400.0,,,BHD,monthly,,,,,,,,Diyar Al Muharraq,Marassi Residences,,26.303447723388672,50.6461296081543,,,,Zuhair Tlili,,YES,,,,,https://www.propertyfinder.bh/en/plp/rent/apartment-for-rent-muharraq-governorate-diyar-al-muharraq-marassi-residences-56518020.html,2026-08-28T04:09:45.604551+00:00,2026-08-28T04:09:45.604551+00:00,0,2026-08-28T04:09:45.604551+00:00
2026-08-28,new,56518021,,,Villa,6 BR Villa with Private Garden | 256 sqm,,145000.0,,,BHD,sell,,,,,,,,,,,26.123769760131836,50.469722747802734,,,,Hasan Aljeshi,,NO,completed,,,,https://www.propertyfinder.bh/en/plp/buy/villa-for-sale-northern-governorate-dumistan-56518021.html,2026-08-28T04:09:45.604551+00:00,2026-08-28T04:09:45.604551+00:00,0,2026-08-28T04:09:45.604551+00:00
2026-08-28,new,56518023,,,Duplex,"BHD 66,000 | 167 SQM | Bahraini & GCC Ownership",,66000.0,,,BHD,sell,,,,,,,,,,,26.21263313293457,50.67418670654297,,,,Samar Kafri,,NO,completed_primary,,,,https://www.propertyfinder.bh/en/plp/buy/duplex-for-sale-muharraq-governorate-hidd-56518023.html,2026-08-28T04:09:45.604551+00:00,2026-08-28T04:09:45.604551+00:00,0,2026-08-28T04:09:45.604551+00:00
2026-08-28,new,56518024,,,Apartment,Address Marassi Vista 1BHK Urgent Sale,,119000.0,,,BHD,sell,,,,,,,,Diyar Al Muharraq,,,26.303447723388672,50.6461296081543,,,,ALOSTATH,,YES,completed,,,,https://www.propertyfinder.bh/en/plp/buy/apartment-for-sale-muharraq-governorate-diyar-al-muharraq-marassi-al-bahrain-56518024.html,2026-08-28T04:09:45.604551+00:00,2026-08-28T04:09:45.604551+00:00,0,2026-08-28T04:09:45.604551+00:00
2026-08-28,new,56518025,,,Land,SP LAND | DIYAR AL MUHARRAQ | 330 SQM,,106560.0,,,BHD,sell,,,,,,,,Diyar Al Muharraq,Al Sidra,,26.31142234802246,50.64306640625,,,,Zuhair Tlili,,,,,,,https://www.propertyfinder.bh/en/plp/buy/land-for-sale-muharraq-governorate-diyar-al-muharraq-al-sidra-56518025.html,2026-08-28T04:09:45.604551+00:00,2026-08-28T04:09:45.604551+00:00,0,2026-08-28T04:09:45.604551+00:00
2026-08-28,new,56518026,,,Villa,2 BR Villa with Private Garden | 346 sqm | 2 Parking,,400.0,,,BHD,monthly,,,,,,,,,,,26.149999618530273,50.58333206176758,,,,Hasan Aljeshi,,YES,,,,,https://www.propertyfinder.bh/en/plp/rent/villa-for-rent-central-governorate-sanad-56518026.html,2026-08-28T04:09:45.604551+00:00,2026-08-28T04:09:45.604551+00:00,0,2026-08-28T04:09:45.604551+00:00
2026-08-28,new,56518027,,,Shop,Mezzanine / Show Room / Glass Door / 2 Shutters,,350.0,,,BHD,monthly,,,,,,,,,,,26.183332443237305,50.516666412353516,,,,Arshad Thasim,,PARTLY,,,,,https://www.propertyfinder.bh/en/plp/commercial-rent/shop-for-rent-central-governorate-salmabad-56518027.html,2026-08-28T04:09:45.604551+00:00,2026-08-28T04:09:45.604551+00:00,0,2026-08-28T04:09:45.604551+00:00
2026-08-28,new,56518035,,,Apartment,MODERN 2BHK | BALCONY | PRIME LOCATION,,450.0,,,BHD,monthly,,,,,,,,Diyar Al Muharraq,,,26.303447723388672,50.6461296081543,,,,Zuhair Tlili,,PARTLY,,,,,https://www.propertyfinder.bh/en/plp/rent/apartment-for-rent-muharraq-governorate-diyar-al-muharraq-marassi-al-bahrain-56518035.html,2026-08-28T04:09:45.604551+00:00,2026-08-28T04:09:45.604551+00:00,0,2026-08-28T04:09:45.604551+00:00
2026-08-28,new,56518038,,,Apartment,Spacious - Prime Location - Nice Lay out,,60000.0,,,BHD,sell,,,,,,,,,,,26.19164276123047,50.48757553100586,,,,Irfan Ali,,PARTLY,completed_primary,,,,https://www.propertyfinder.bh/en/plp/buy/apartment-for-sale-northern-governorate-saar-56518038.html,2026-08-28T04:09:45.604551+00:00,2026-08-28T04:09:45.604551+00:00,0,2026-08-28T04:09:45.604551+00:00
2026-08-28,new,56518041,,,Apartment,SEA VIEW 3 BHK | MARASSI | BEACH ACCESS,,900.0,,,BHD,monthly,,,,,,,,Diyar Al Muharraq,,,26.303447723388672,50.6461296081543,,,,Zuhair Tlili,,PARTLY,,,,,https://www.propertyfinder.bh/en/plp/rent/apartment-for-rent-muharraq-governorate-diyar-al-muharraq-marassi-al-bahrain-56518041.html,2026-08-28T04:09:45.604551+00:00,2026-08-28T04:09:45.604551+00:00,0,2026-08-28T04:09:45.604551+00:00
2026-08-28,new,56518043,,,Apartment,LUXURY STUDIO | TOP FACILITIES | MODERN INTERIOR,,50000.0,,,BHD,sell,,,,,,,,,,,26.249584197998047,50.580360412597656,,,,Rolin Faouri,,YES,completed,,,,https://www.propertyfinder.bh/en/plp/buy/apartment-for-sale-capital-governorate-bahrain-bay-56518043.html,2026-08-28T04:09:45.604551+00:00,2026-08-28T04:09:45.604551+00:00,0,2026-08-28T04:09:45.604551+00:00
2026-08-28,new,56518045,,,Villa,LUXURY 5BHK | SPACIOUS LAYOUT | PRIME KARZAKKAN,,130000.0,,,BHD,sell,,,,,,,,,,,26.123769760131836,50.469722747802734,,,,Yumna Awad,,YES,completed_primary,,,,https://www.propertyfinder.bh/en/plp/buy/villa-for-sale-northern-governorate-dumistan-56518045.html,2026-08-28T04:09:45.604551+00:00,2026-08-28T04:09:45.604551+00:00,0,2026-08-28T04:09:45.604551+00:00
2026-08-28,new,56518047,,,Apartment,CONVENIENT 2BR | RESORT-STYLE AMENITIES | SPACIOUS,,575.0,,,BHD,monthly,,,,,,,,,,,26.185943603515625,50.46711349487305,,,,Irina Matvievici,,YES,,,,,https://www.propertyfinder.bh/en/plp/rent/apartment-for-rent-northern-governorate-janabiya-56518047.html,2026-08-28T04:09:45.604551+00:00,2026-08-28T04:09:45.604551+00:00,0,2026-08-28T04:09:45.604551+00:00
2026-08-28,new,56518074,,,Penthouse,SEA VIEW | BIG TERRACE | F-FURNISHED | PETS ALLOW,,550.0,,,BHD,monthly,,,,,,,,Amwaj Avenue,,,26.29302978515625,50.66474151611328,,,,Rolin Faouri,,YES,,,,,https://www.propertyfinder.bh/en/plp/rent/penthouse-for-rent-muharraq-governorate-amwaj-islands-amwaj-avenue-56518074.html,2026-08-28T04:09:45.604551+00:00,2026-08-28T04:09:45.604551+00:00,0,2026-08-28T04:09:45.604551+00:00
2026-08-28,new,56518076,,,Apartment,PETS ALLOWED | AFFORDABLE 4BHK | GREAT FACILITIES,,850.0,,,BHD,monthly,,,,,,,,,,,26.211111068725586,50.601112365722656,,,,Rolin Faouri,,YES,,,,,https://www.propertyfinder.bh/en/plp/rent/apartment-for-rent-capital-governorate-al-juffair-56518076.html,2026-08-28T04:09:45.604551+00:00,2026-08-28T04:09:45.604551+00:00,0,2026-08-28T04:09:45.604551+00:00
2026-08-28,new,56518079,,,Villa,LUXURY VILL| 4BHK| BEHIND HAMAD KANOO|2 PARKING|MY,,170000.0,,,BHD,sell,,,,,,,,,,,26.1314754486084,50.568843841552734,,,,Nayla Tabussam,,YES,completed,,,,https://www.propertyfinder.bh/en/plp/buy/villa-for-sale-southern-governorate-riffa-bu-kowarah-56518079.html,2026-08-28T04:09:45.604551+00:00,2026-08-28T04:09:45.604551+00:00,0,2026-08-28T04:09:45.604551+00:00
2026-08-28,new,56518081,,,Apartment,BRAND NEW | HOUSE KEEPING | GREAT LOCATION | 2BHK,,700.0,,,BHD,monthly,,,,,,,,,,,26.239999771118164,50.5369987487793,,,,Zuhair Tlili,,YES,,,,,https://www.propertyfinder.bh/en/plp/rent/apartment-for-rent-capital-governorate-seef-56518081.html,2026-08-28T04:09:45.604551+00:00,2026-08-28T04:09:45.604551+00:00,0,2026-08-28T04:09:45.604551+00:00
2026-08-28,new,56518083,,,Apartment,2BHK | MODERN | STYLISH | PRIME SEEF LOCATION,,470.0,,,BHD,monthly,,,,,,,,,,,26.239999771118164,50.5369987487793,,,,Rolin Faouri,,YES,,,,,https://www.propertyfinder.bh/en/plp/rent/apartment-for-rent-capital-governorate-seef-56518083.html,2026-08-28T04:09:45.604551+00:00,2026-08-28T04:09:45.604551+00:00,0,2026-08-28T04:09:45.604551+00:00
2026-08-28,new,56518089,,,Compound,COMPOUND VILLA | SPACIOUS |  PRIME LOCATION |,,1550.0,,,BHD,monthly,,,,,,,,,,,26.19164276123047,50.48757553100586,,,,ARK Properties,,PARTLY,,,,,https://www.propertyfinder.bh/en/plp/rent/compound-for-rent-northern-governorate-saar-56518089.html,2026-08-28T04:09:45.604551+00:00,2026-08-28T04:09:45.604551+00:00,0,2026-08-28T04:09:45.604551+00:00
2026-08-28,new,56518090,,,Apartment,SEA and BEACHSIDE | FREEHOLD | MARASSI PARK,,90000.0,,,BHD,sell,,,,,,,,Diyar Al Muharraq,,,26.303447723388672,50.6461296081543,,,,Rolin Faouri,,YES,completed,,,,https://www.propertyfinder.bh/en/plp/buy/apartment-for-sale-muharraq-governorate-diyar-al-muharraq-marassi-al-bahrain-56518090.html,2026-08-28T04:09:45.604551+00:00,2026-08-28T04:09:45.604551+00:00,0,2026-08-28T04:09:45.604551+00:00
2026-08-28,new,56518092,,,Apartment,LUXURY STUDIO | GREAT FACILITIES | HIGH DEMAND,,270.0,,,BHD,monthly,,,,,,,,,,,26.239999771118164,50.5369987487793,,,,Rolin Faouri,,YES,,,,,https://www.propertyfinder.bh/en/plp/rent/apartment-for-rent-capital-governorate-seef-56518092.html,2026-08-28T04:09:45.604551+00:00,2026-08-28T04:09:45.604551+00:00,0,2026-08-28T04:09:45.604551+00:00
2026-08-28,new,56518093,,,Apartment,Décor is fab and creates a wonderful vibe. FREE AC,,375.0,,,BHD,monthly,,,,,,,,Abraj Al Lulu,,,26.230030059814453,50.55890655517578,,,,Nanda Kumar,,PARTLY,,,,,https://www.propertyfinder.bh/en/plp/rent/apartment-for-rent-capital-governorate-manama-abraj-al-lulu-56518093.html,2026-08-28T04:09:45.604551+00:00,2026-08-28T04:09:45.604551+00:00,0,2026-08-28T04:09:45.604551+00:00
2026-08-28,new,56518095,,,Apartment,PREMIUM STUDIO | TOP FACILITIES | HIGH-END LIVING,,400.0,,,BHD,monthly,,,,,,,,,,,26.241750717163086,50.5663948059082,,,,Rolin Faouri,,YES,,,,,https://www.propertyfinder.bh/en/plp/rent/apartment-for-rent-capital-governorate-reef-island-56518095.html,2026-08-28T04:09:45.604551+00:00,2026-08-28T04:09:45.604551+00:00,0,2026-08-28T04:09:45.604551+00:00
2026-08-28,new,56518096,,,Apartment,"1-BR Furnished Apartment with Water View, W-57",,600.0,,,BHD,monthly,,,,,,,,,,,26.241750717163086,50.5663948059082,,,,Kashif Zaman,,YES,,,,,https://www.propertyfinder.bh/en/plp/rent/apartment-for-rent-capital-governorate-reef-island-56518096.html,2026-08-28T04:09:45.604551+00:00,2026-08-28T04:09:45.604551+00:00,0,2026-08-28T04:09:45.604551+00:00
2026-08-28,new,56518098,,,Apartment,BRAND NEW 2BHK | FACILITIES | BALCONY | MODERN,,380.0,,,BHD,monthly,,,,,,,,,,,26.185943603515625,50.46711349487305,,,,Irina Matvievici,,PARTLY,,,,,https://www.propertyfinder.bh/en/plp/rent/apartment-for-rent-northern-governorate-janabiya-56518098.html,2026-08-28T04:09:45.604551+00:00,2026-08-28T04:09:45.604551+00:00,0,2026-08-28T04:09:45.604551+00:00
2026-08-28,new,56518101,,,Apartment,SERVICE APARTMENT | HIGH ROI | ADDRESS VISTA,,160000.0,,,BHD,sell,,,,,,,,Diyar Al Muharraq,,,26.303447723388672,50.6461296081543,,,,Rolin Faouri,,YES,completed,,,,https://www.propertyfinder.bh/en/plp/buy/apartment-for-sale-muharraq-governorate-diyar-al-muharraq-marassi-al-bahrain-56518101.html,2026-08-28T04:09:45.604551+00:00,2026-08-28T04:09:45.604551+00:00,0,2026-08-28T04:09:45.604551+00:00
2026-08-28,new,56518102,,,Apartment,Pvt. Garden | Modern | Spacious | Facilities,,700.0,,,BHD,monthly,,,,,,,,,,,26.185943603515625,50.46711349487305,,,,Devesh Kumar,,PARTLY,,,,,https://www.propertyfinder.bh/en/plp/rent/apartment-for-rent-northern-governorate-janabiya-56518102.html,2026-08-28T04:09:45.604551+00:00,2026-08-28T04:09:45.604551+00:00,0,2026-08-28T04:09:45.604551+00:00
2026-08-28,new,56518116,,,Apartment,INVEST NOW | FREEHOLD 1BHK | MARASSI VISTA,,180000.0,,,BHD,sell,,,,,,,,Diyar Al Muharraq,,,26.303447723388672,50.6461296081543,,,,Rolin Faouri,,YES,completed,,,,https://www.propertyfinder.bh/en/plp/buy/apartment-for-sale-muharraq-governorate-diyar-al-muharraq-marassi-al-bahrain-56518116.html,2026-08-28T04:09:45.604551+00:00,2026-08-28T04:09:45.604551+00:00,0,2026-08-28T04:09:45.604551+00:00
2026-08-28,new,56518119,,,Apartment,Luxury 1BR Fully Furnished Apartment in Dilmunia –,,60000.0,,,BHD,sell,,,,,,,,,,,26.27286720275879,50.672889709472656,,,,ALOSTATH,,YES,completed,,,,https://www.propertyfinder.bh/en/plp/buy/apartment-for-sale-muharraq-governorate-dilmunia-island-56518119.html,2026-08-28T04:09:45.604551+00:00,2026-08-28T04:09:45.604551+00:00,0,2026-08-28T04:09:45.604551+00:00
2026-08-28,new,56518120,,,Villa,BRAND NEW | 4BHK VILLA | MODERN | MAIDS ROOM,,128000.0,,,BHD,sell,,,,,,,,,,,26.140336990356445,50.478271484375,,,,Yumna Awad,,NO,completed,,,,https://www.propertyfinder.bh/en/plp/buy/villa-for-sale-northern-governorate-hamala-56518120.html,2026-08-28T04:09:45.604551+00:00,2026-08-28T04:09:45.604551+00:00,0,2026-08-28T04:09:45.604551+00:00
2026-08-28,new,56518121,,,Apartment,HOT DEAL! | Big Balcony |panoramic Sea View | 3BR,,850.0,,,BHD,monthly,,,,,,,,,,,26.241750717163086,50.5663948059082,,,,Anna Gaydaburova,,YES,,,,,https://www.propertyfinder.bh/en/plp/rent/apartment-for-rent-capital-governorate-reef-island-56518121.html,2026-08-28T04:09:45.604551+00:00,2026-08-28T04:09:45.604551+00:00,0,2026-08-28T04:09:45.604551+00:00
2026-08-28,new,56518123,,,Villa,STUNNING and SPACIOUS | 5BHK VILLA | LUXURIOUS,,220000.0,,,BHD,sell,,,,,,,,,,,26.05678367614746,50.61648178100586,,,,Yumna Awad,,NO,completed,,,,https://www.propertyfinder.bh/en/plp/buy/villa-for-sale-southern-governorate-askar-56518123.html,2026-08-28T04:09:45.604551+00:00,2026-08-28T04:09:45.604551+00:00,0,2026-08-28T04:09:45.604551+00:00
2026-08-28,new,56518125,,,Villa,LUXURY VILLA | 3BHK + MAIDS ROOM | BRAND NEW,,139000.0,,,BHD,sell,,,,,,,,,,,26.213165283203125,50.447471618652344,,,,Yumna Awad,,YES,completed_primary,,,,https://www.propertyfinder.bh/en/plp/buy/villa-for-sale-northern-governorate-budaiya-56518125.html,2026-08-28T04:09:45.604551+00:00,2026-08-28T04:09:45.604551+00:00,0,2026-08-28T04:09:45.604551+00:00
2026-08-28,new,56518130,,,Apartment,GOOD LOCATION | AFFORDABLE 2BHK | NEAR SCHOOL,,280.0,,,BHD,monthly,,,,,,,,Al Bahair,,,26.149368286132812,50.56598663330078,,,,Yumna Awad,,NO,,,,,https://www.propertyfinder.bh/en/plp/rent/apartment-for-rent-southern-governorate-riffa-al-bahair-56518130.html,2026-08-28T04:09:45.604551+00:00,2026-08-28T04:09:45.604551+00:00,0,2026-08-28T04:09:45.604551+00:00
2026-08-28,new,56518133,,,Apartment,LUXURY 4BHK | PREMIUM FINISHES | SEPARATE MAJLIS,,78000.0,,,BHD,sell,,,,,,,,Riffa Al Sharqi,,,26.1162166595459,50.57211685180664,,,,Yumna Awad,,NO,completed_primary,,,,https://www.propertyfinder.bh/en/plp/buy/apartment-for-sale-southern-governorate-riffa-riffa-al-sharqi-56518133.html,2026-08-28T04:09:45.604551+00:00,2026-08-28T04:09:45.604551+00:00,0,2026-08-28T04:09:45.604551+00:00
2026-08-28,new,56518135,,,Apartment,AFFORDABLE 2BHK | GREAT FOR INVESTMENT | FURNISHED,,73000.0,,,BHD,sell,,,,,,,,,,,26.211111068725586,50.601112365722656,,,,Rolin Faouri,,YES,completed,,,,https://www.propertyfinder.bh/en/plp/buy/apartment-for-sale-capital-governorate-al-juffair-56518135.html,2026-08-28T04:09:45.604551+00:00,2026-08-28T04:09:45.604551+00:00,0,2026-08-28T04:09:45.604551+00:00
2026-08-28,new,56518137,,,Shop,SHOP FOR RENT| 2 MONTHS FREE| BUSINESS| RIFFA| MY,,300.0,,,BHD,monthly,,,,,,,,,,,26.1314754486084,50.568843841552734,,,,Nayla Tabussam,,PARTLY,,,,,https://www.propertyfinder.bh/en/plp/commercial-rent/shop-for-rent-southern-governorate-riffa-bu-kowarah-56518137.html,2026-08-28T04:09:45.604551+00:00,2026-08-28T04:09:45.604551+00:00,0,2026-08-28T04:09:45.604551+00:00
2026-08-28,new,56518138,,,Apartment,SEA VIEW | STUNNING STUDIO | MODERN AMENITIES,,42000.0,,,BHD,sell,,,,,,,,,,,26.211111068725586,50.601112365722656,,,,Rolin Faouri,,YES,completed,,,,https://www.propertyfinder.bh/en/plp/buy/apartment-for-sale-capital-governorate-al-juffair-56518138.html,2026-08-28T04:09:45.604551+00:00,2026-08-28T04:09:45.604551+00:00,0,2026-08-28T04:09:45.604551+00:00
2026-08-28,new,56518140,,,Villa,Renovated | 2 BR Canal Front |Private Boat jetty,,140000.0,,,BHD,sell,,,,,,,,Al Marsa Floating City,,,26.2847957611084,50.669620513916016,,,,Muhammad Jahengir Akram,,YES,completed,,,,https://www.propertyfinder.bh/en/plp/buy/villa-for-sale-muharraq-governorate-amwaj-islands-al-marsa-floating-city-56518140.html,2026-08-28T04:09:45.604551+00:00,2026-08-28T04:09:45.604551+00:00,0,2026-08-28T04:09:45.604551+00:00
2026-08-28,new,56518160,,,Villa,LUXURY| 5BHK| COMPOUND VILLA| POOL| SECURITY| MY,,450.0,,,BHD,monthly,,,,,,,,,,,26.1314754486084,50.568843841552734,,,,Nayla Tabussam,,NO,,,,,https://www.propertyfinder.bh/en/plp/rent/villa-for-rent-southern-governorate-riffa-bu-kowarah-56518160.html,2026-08-28T04:09:45.604551+00:00,2026-08-28T04:09:45.604551+00:00,0,2026-08-28T04:09:45.604551+00:00
2026-08-28,new,56518161,,,Apartment,3 BHK LUXURY APARTMENT | FULLY FURNISHED,,650.0,,,BHD,monthly,,,,,,,,Sanabis,,,26.226558685302734,50.5459098815918,,,,Rolin Faouri,,YES,,,,,https://www.propertyfinder.bh/en/plp/rent/apartment-for-rent-capital-governorate-manama-sanabis-56518161.html,2026-08-28T04:09:45.604551+00:00,2026-08-28T04:09:45.604551+00:00,0,2026-08-28T04:09:45.604551+00:00
2026-08-28,new,56518162,,,Apartment,KIDS COMMUNITY/PERFECT VASTU/OFFER RENT/MEGAMART,,400.0,,,BHD,monthly,,,,,,,,Abraj Al Lulu,,,26.230030059814453,50.55890655517578,,,,Nanda Kumar,,YES,,,,,https://www.propertyfinder.bh/en/plp/rent/apartment-for-rent-capital-governorate-manama-abraj-al-lulu-56518162.html,2026-08-28T04:09:45.604551+00:00,2026-08-28T04:09:45.604551+00:00,0,2026-08-28T04:09:45.604551+00:00
2026-08-28,new,56518164,,,Apartment,BEAUTIFULL| 1BHK | SPLIT AC| LIFT | SECURITY| MY,,120.0,,,BHD,monthly,,,,,,,,,,,26.1314754486084,50.568843841552734,,,,Nayla Tabussam,,PARTLY,,,,,https://www.propertyfinder.bh/en/plp/rent/apartment-for-rent-southern-governorate-riffa-bu-kowarah-56518164.html,2026-08-28T04:09:45.604551+00:00,2026-08-28T04:09:45.604551+00:00,0,2026-08-28T04:09:45.604551+00:00
2026-08-28,new,56518165,,,Villa,STANDALONE DELUXE LUXURY VILLA W/ POOL,,1500.0,,,BHD,monthly,,,,,,,,,,,26.19164276123047,50.48757553100586,,,,ARK Properties,,PARTLY,,,,,https://www.propertyfinder.bh/en/plp/rent/villa-for-rent-northern-governorate-saar-56518165.html,2026-08-28T04:09:45.604551+00:00,2026-08-28T04:09:45.604551+00:00,0,2026-08-28T04:09:45.604551+00:00
2026-08-28,new,56518166,,,Apartment,BRAND NEW | 3BHK | GYM | MODERN,,55000.0,,,BHD,sell,,,,,,,,,,,26.185943603515625,50.46711349487305,,,,Yumna Awad,,NO,completed_primary,,,,https://www.propertyfinder.bh/en/plp/buy/apartment-for-sale-northern-governorate-janabiya-56518166.html,2026-08-28T04:09:45.604551+00:00,2026-08-28T04:09:45.604551+00:00,0,2026-08-28T04:09:45.604551+00:00
2026-08-28,new,56518170,,,Land,RESIDENTIAL LAND | RA | TUBLI | 500 SQM,,123800.0,,,BHD,sell,,,,,,,,,,,26.188888549804688,50.54999923706055,,,,Rolin Faouri,,,,,,,https://www.propertyfinder.bh/en/plp/buy/land-for-sale-central-governorate-tubli-56518170.html,2026-08-28T04:09:45.604551+00:00,2026-08-28T04:09:45.604551+00:00,0,2026-08-28T04:09:45.604551+00:00
2026-08-28,new,56518173,,,Villa,PRIVATE POOL | BRAND NEW 4BHK | LUXURIOUS VILLA,,1500.0,,,BHD,monthly,,,,,,,,,,,26.049766540527344,50.48331069946289,,,,Yumna Awad,,NO,,,,,https://www.propertyfinder.bh/en/plp/rent/villa-for-rent-southern-governorate-zallaq-56518173.html,2026-08-28T04:09:45.604551+00:00,2026-08-28T04:09:45.604551+00:00,0,2026-08-28T04:09:45.604551+00:00
2026-08-28,new,56518174,,,Apartment,LUXURY| SPACIOUS| LOW BUDGET|2BHK| LIFT| PARKNG|MY,,260.0,,,BHD,monthly,,,,,,,,,,,26.1314754486084,50.568843841552734,,,,Nayla Tabussam,,PARTLY,,,,,https://www.propertyfinder.bh/en/plp/rent/apartment-for-rent-southern-governorate-riffa-bu-kowarah-56518174.html,2026-08-28T04:09:45.604551+00:00,2026-08-28T04:09:45.604551+00:00,0,2026-08-28T04:09:45.604551+00:00
2026-08-28,new,56518176,,,Villa,PRIME LOCATION | LOWEST PRICE FOR 6BHK VILLA!!,,120000.0,,,BHD,sell,,,,,,,,Alhajiyat,,,26.128984451293945,50.58171463012695,,,,Yumna Awad,,NO,completed,,,,https://www.propertyfinder.bh/en/plp/buy/villa-for-sale-southern-governorate-riffa-alhajiyat-56518176.html,2026-08-28T04:09:45.604551+00:00,2026-08-28T04:09:45.604551+00:00,0,2026-08-28T04:09:45.604551+00:00
2026-08-28,new,56518177,,,Apartment,Modern | Bright | Spacious | Facilities,,600.0,,,BHD,monthly,,,,,,,,,,,26.185943603515625,50.46711349487305,,,,Devesh Kumar,,PARTLY,,,,,https://www.propertyfinder.bh/en/plp/rent/apartment-for-rent-northern-governorate-janabiya-56518177.html,2026-08-28T04:09:45.604551+00:00,2026-08-28T04:09:45.604551+00:00,0,2026-08-28T04:09:45.604551+00:00
2026-08-28,new,56518182,,,Villa,787 SQM | REAL SPACIOUS 5BR VILLA | 4 LIVING ROOMS,,285000.0,,,BHD,sell,,,,,,,,Riffa Al Sharqi,,,26.1162166595459,50.57211685180664,,,,Yumna Awad,,NO,completed,,,,https://www.propertyfinder.bh/en/plp/buy/villa-for-sale-southern-governorate-riffa-riffa-al-sharqi-56518182.html,2026-08-28T04:09:45.604551+00:00,2026-08-28T04:09:45.604551+00:00,0,2026-08-28T04:09:45.604551+00:00
2026-08-28,new,56518184,,,Apartment,Modern Studio Apartment in Prime Sanabis Location,,34000.0,,,BHD,sell,,,,,,,,Sanabis,,,26.226558685302734,50.5459098815918,,,,ALOSTATH,,YES,completed,,,,https://www.propertyfinder.bh/en/plp/buy/apartment-for-sale-capital-governorate-manama-sanabis-56518184.html,2026-08-28T04:09:45.604551+00:00,2026-08-28T04:09:45.604551+00:00,0,2026-08-28T04:09:45.604551+00:00
2026-08-28,new,56518185,,,Apartment,BALCONY | SPACIOUS 1BHK | PRIME LOCATION | MODERN,,52000.0,,,BHD,sell,,,,,,,,,,,26.211111068725586,50.601112365722656,,,,Rolin Faouri,,YES,completed,,,,https://www.propertyfinder.bh/en/plp/buy/apartment-for-sale-capital-governorate-al-juffair-56518185.html,2026-08-28T04:09:45.604551+00:00,2026-08-28T04:09:45.604551+00:00,0,2026-08-28T04:09:45.604551+00:00
2026-08-28,new,56518187,,,Villa,MODERN LUXURY | BRAND NEW 5BHK | 24/7 SECURITY,,434700.0,,,BHD,sell,,,,,,,,Riffa Views,,,26.097333908081055,50.56736373901367,,,,Yumna Awad,,NO,completed_primary,,,,https://www.propertyfinder.bh/en/plp/buy/villa-for-sale-southern-governorate-riffa-riffa-views-56518187.html,2026-08-28T04:09:45.604551+00:00,2026-08-28T04:09:45.604551+00:00,0,2026-08-28T04:09:45.604551+00:00
2026-08-28,new,56518189,,,Villa,SPACIOUS and WELL DESIGNED | 5BHK | PASSIVE INCOME,,340000.0,,,BHD,sell,,,,,,,,Alhajiyat,,,26.128984451293945,50.58171463012695,,,,Yumna Awad,,NO,completed,,,,https://www.propertyfinder.bh/en/plp/buy/villa-for-sale-southern-governorate-riffa-alhajiyat-56518189.html,2026-08-28T04:09:45.604551+00:00,2026-08-28T04:09:45.604551+00:00,0,2026-08-28T04:09:45.604551+00:00
2026-08-28,new,56518190,,,Apartment,Fully Furnished 2BR | Partial Sea View | Prime Hid,,52000.0,,,BHD,sell,,,,,,,,,,,26.21263313293457,50.67418670654297,,,,Samar Kafri,,YES,completed,,,,https://www.propertyfinder.bh/en/plp/buy/apartment-for-sale-muharraq-governorate-hidd-56518190.html,2026-08-28T04:09:45.604551+00:00,2026-08-28T04:09:45.604551+00:00,0,2026-08-28T04:09:45.604551+00:00
2026-08-28,new,56518192,,,Villa,STUNNING | MODERN STAND-ALONE VILLA | PRIVATE POOL,,290000.0,,,BHD,sell,,,,,,,,,,,26.185943603515625,50.46711349487305,,,,Irina Matvievici,,NO,completed_primary,,,,https://www.propertyfinder.bh/en/plp/buy/villa-for-sale-northern-governorate-janabiya-56518192.html,2026-08-28T04:09:45.604551+00:00,2026-08-28T04:09:45.604551+00:00,0,2026-08-28T04:09:45.604551+00:00
2026-08-28,new,56518200,,,Apartment,Housekeeping | Facilities | Internet | Bright,,330.0,,,BHD,monthly,,,,,,,,,,,26.214487075805664,50.584754943847656,,,,Christyl Lebosada,,YES,,,,,https://www.propertyfinder.bh/en/plp/rent/apartment-for-rent-capital-governorate-manama-adliya-56518200.html,2026-08-28T04:09:45.604551+00:00,2026-08-28T04:09:45.604551+00:00,0,2026-08-28T04:09:45.604551+00:00
2026-08-28,new,56518201,,,Apartment,JANABIYAH | 1BHK FULLY FURNISHED | POOL & GYM,,400.0,,,BHD,monthly,,,,,,,,,,,26.185943603515625,50.46711349487305,,,,Yumna Awad,,YES,,,,,https://www.propertyfinder.bh/en/plp/rent/apartment-for-rent-northern-governorate-janabiya-56518201.html,2026-08-28T04:09:45.604551+00:00,2026-08-28T04:09:45.604551+00:00,0,2026-08-28T04:09:45.604551+00:00
2026-08-28,new,56518202,,,Apartment,LIMITED OFFER/WOW INTERIOR/ VALUE 4 RENT/KIDS,,400.0,,,BHD,monthly,,,,,,,,Abraj Al Lulu,,,26.230030059814453,50.55890655517578,,,,Nanda Kumar,,YES,,,,,https://www.propertyfinder.bh/en/plp/rent/apartment-for-rent-capital-governorate-manama-abraj-al-lulu-56518202.html,2026-08-28T04:09:45.604551+00:00,2026-08-28T04:09:45.604551+00:00,0,2026-08-28T04:09:45.604551+00:00
2026-08-28,new,56518205,,,Land,RHA RESIDENTIAL LAND | IDEAL INVESTMENT,,49000.0,,,BHD,sell,,,,,,,,,,,26.140336990356445,50.478271484375,,,,Yumna Awad,,,,,,,https://www.propertyfinder.bh/en/plp/buy/land-for-sale-northern-governorate-hamala-56518205.html,2026-08-28T04:09:45.604551+00:00,2026-08-28T04:09:45.604551+00:00,0,2026-08-28T04:09:45.604551+00:00
2026-08-28,new,56518208,,,Apartment,1 BR Furnished Apartment with Water View,,650.0,,,BHD,monthly,,,,,,,,,,,26.241750717163086,50.5663948059082,,,,Kashif Zaman,,YES,,,,,https://www.propertyfinder.bh/en/plp/rent/apartment-for-rent-capital-governorate-reef-island-56518208.html,2026-08-28T04:09:45.604551+00:00,2026-08-28T04:09:45.604551+00:00,0,2026-08-28T04:09:45.604551+00:00
2026-08-28,new,56518211,,,Apartment,PRIME SAAR | 2BHK APARTMENT FOR SALE,,52000.0,,,BHD,sell,,,,,,,,,,,26.19164276123047,50.48757553100586,,,,Yumna Awad,,YES,completed,,,,https://www.propertyfinder.bh/en/plp/buy/apartment-for-sale-northern-governorate-saar-56518211.html,2026-08-28T04:09:45.604551+00:00,2026-08-28T04:09:45.604551+00:00,0,2026-08-28T04:09:45.604551+00:00
2026-08-28,new,56518214,,,Apartment,MODERN 2BHK | SEA VIEW | BEACH ACCESS,,650.0,,,BHD,monthly,,,,,,,,Diyar Al Muharraq,Marassi Shores Residences,,26.303447723388672,50.6461296081543,,,,Rolin Faouri,,YES,,,,,https://www.propertyfinder.bh/en/plp/rent/apartment-for-rent-muharraq-governorate-diyar-al-muharraq-marassi-shores-residences-56518214.html,2026-08-28T04:09:45.604551+00:00,2026-08-28T04:09:45.604551+00:00,0,2026-08-28T04:09:45.604551+00:00
2026-08-28,new,56518216,,,Apartment,FULLY FURNISHED | 3BHK | MODERN,,600.0,,,BHD,monthly,,,,,,,,,,,26.185943603515625,50.46711349487305,,,,Yumna Awad,,YES,,,,,https://www.propertyfinder.bh/en/plp/rent/apartment-for-rent-northern-governorate-janabiya-56518216.html,2026-08-28T04:09:45.604551+00:00,2026-08-28T04:09:45.604551+00:00,0,2026-08-28T04:09:45.604551+00:00
2026-08-28,new,56518218,,,Land,RESIDENTIAL LAND | MOH | ISA TOWN | 493 SQM,,123000.0,,,BHD,sell,,,,,,,,,,,26.16529655456543,50.552181243896484,,,,Rolin Faouri,,,,,,,https://www.propertyfinder.bh/en/plp/buy/land-for-sale-central-governorate-isa-town-56518218.html,2026-08-28T04:09:45.604551+00:00,2026-08-28T04:09:45.604551+00:00,0,2026-08-28T04:09:45.604551+00:00
2026-08-28,new,56518226,,,Duplex,DUPLEX 1BHK | SEEF | SPACIOUS | FREE WIFI,,400.0,,,BHD,monthly,,,,,,,,,,,26.239999771118164,50.5369987487793,,,,Zuhair Tlili,,YES,,,,,https://www.propertyfinder.bh/en/plp/rent/duplex-for-rent-capital-governorate-seef-56518226.html,2026-08-28T04:09:45.604551+00:00,2026-08-28T04:09:45.604551+00:00,0,2026-08-28T04:09:45.604551+00:00
2026-08-28,new,56518229,,,Villa,VILLA 4BHK | SPACIOUS LAYOUT | GREAT LOCATION,,165000.0,,,BHD,sell,,,,,,,,,,,26.27199935913086,50.60900115966797,,,,Zuhair Tlili,,NO,completed,,,,https://www.propertyfinder.bh/en/plp/buy/villa-for-sale-muharraq-governorate-busaiteen-56518229.html,2026-08-28T04:09:45.604551+00:00,2026-08-28T04:09:45.604551+00:00,0,2026-08-28T04:09:45.604551+00:00
2026-08-28,new,56518232,,,Land,RHA CORNER LAND | TWO STREET ACCESS | GREAT VALUE,,77500.0,,,BHD,sell,,,,,,,,,,,26.202558517456055,50.519554138183594,,,,Yumna Awad,,,,,,,https://www.propertyfinder.bh/en/plp/buy/land-for-sale-northern-governorate-bu-quwah-56518232.html,2026-08-28T04:09:45.604551+00:00,2026-08-28T04:09:45.604551+00:00,0,2026-08-28T04:09:45.604551+00:00
2026-08-28,new,56518234,,,Villa,SPACIOUS FAMILY VILLA | 3BHK | PRIME LOCATION,,750.0,,,BHD,monthly,,,,,,,,,,,26.166685104370117,50.45078659057617,,,,Yumna Awad,,PARTLY,,,,,https://www.propertyfinder.bh/en/plp/rent/villa-for-rent-northern-governorate-al-jasra-56518234.html,2026-08-28T04:09:45.604551+00:00,2026-08-28T04:09:45.604551+00:00,0,2026-08-28T04:09:45.604551+00:00
2026-08-28,new,56518236,,,Apartment,3BHK | MAID ROOM | LUXURY FURNISHED | HOT DEAL!,,105000.0,,,BHD,sell,,,,,,,,,,,26.211111068725586,50.601112365722656,,,,Rolin Faouri,,YES,completed,,,,https://www.propertyfinder.bh/en/plp/buy/apartment-for-sale-capital-governorate-al-juffair-56518236.html,2026-08-28T04:09:45.604551+00:00,2026-08-28T04:09:45.604551+00:00,0,2026-08-28T04:09:45.604551+00:00
2026-08-28,new,56518239,,,Villa,BRAND NEW | STANDALONE VILLA | EXCEPTIONAL | 6BHK,,340000.0,,,BHD,sell,,,,,,,,,,,26.19164276123047,50.48757553100586,,,,Irina Matvievici,,PARTLY,completed_primary,,,,https://www.propertyfinder.bh/en/plp/buy/villa-for-sale-northern-governorate-saar-56518239.html,2026-08-28T04:09:45.604551+00:00,2026-08-28T04:09:45.604551+00:00,0,2026-08-28T04:09:45.604551+00:00
2026-08-28,new,56518242,,,Office Space,FURNISHED OFFICE | 4 ROOMS | SEEF,,600.0,,,BHD,monthly,,,,,,,,,,,26.239999771118164,50.5369987487793,,,,Rolin Faouri,,YES,,,,,https://www.propertyfinder.bh/en/plp/commercial-rent/office-space-for-rent-capital-governorate-seef-56518242.html,2026-08-28T04:09:45.604551+00:00,2026-08-28T04:09:45.604551+00:00,0,2026-08-28T04:09:45.604551+00:00
2026-08-28,new,56518244,,,Villa,LUXURY BRAND-NEW 4BHK VILLA | PREMIUM QUALITY,,165000.0,,,BHD,sell,,,,,,,,,,,26.21023941040039,50.49468231201172,,,,Yumna Awad,,NO,completed_primary,,,,https://www.propertyfinder.bh/en/plp/buy/villa-for-sale-northern-governorate-maqabah-56518244.html,2026-08-28T04:09:45.604551+00:00,2026-08-28T04:09:45.604551+00:00,0,2026-08-28T04:09:45.604551+00:00
2026-08-28,new,56518246,,,Villa,EXCLUSIVE 4BHK VILLA | POOL and GARDEN | BRAND NEW,,2200.0,,,BHD,monthly,,,,,,,,,,,26.19164276123047,50.48757553100586,,,,Yumna Awad,,PARTLY,,,,,https://www.propertyfinder.bh/en/plp/rent/villa-for-rent-northern-governorate-saar-56518246.html,2026-08-28T04:09:45.604551+00:00,2026-08-28T04:09:45.604551+00:00,0,2026-08-28T04:09:45.604551+00:00
2026-08-28,new,56518248,,,Villa,LUXURIOUS SEAFRONT | LUXURY VILLA | 4BHK,,420000.0,,,BHD,sell,,,,,,,,,,,25.833925247192383,50.613853454589844,,,,Yumna Awad,,YES,completed,,,,https://www.propertyfinder.bh/en/plp/buy/villa-for-sale-southern-governorate-durrat-al-bahrain-56518248.html,2026-08-28T04:09:45.604551+00:00,2026-08-28T04:09:45.604551+00:00,0,2026-08-28T04:09:45.604551+00:00
2026-08-28,new,56518250,,,Apartment,FURNISHED STUDIO | HIGH ROI | BIG BALCONY,,33000.0,,,BHD,sell,,,,,,,,,,,26.211111068725586,50.601112365722656,,,,Rolin Faouri,,YES,completed,,,,https://www.propertyfinder.bh/en/plp/buy/apartment-for-sale-capital-governorate-al-juffair-56518250.html,2026-08-28T04:09:45.604551+00:00,2026-08-28T04:09:45.604551+00:00,0,2026-08-28T04:09:45.604551+00:00
2026-08-28,new,56518251,,,Compound,Private Pool | Modern | Spacious | Facilities,,1150.0,,,BHD,monthly,,,,,,,,,,,26.185943603515625,50.46711349487305,,,,Devesh Kumar,,PARTLY,,,,,https://www.propertyfinder.bh/en/plp/rent/compound-for-rent-northern-governorate-janabiya-56518251.html,2026-08-28T04:09:45.604551+00:00,2026-08-28T04:09:45.604551+00:00,0,2026-08-28T04:09:45.604551+00:00
2026-08-28,new,56518257,,,Apartment,LUXURY 2BHK | MODERN FURNISHING | PRIME LOCATION,,1000.0,,,BHD,monthly,,,,,,,,,,,26.249584197998047,50.580360412597656,,,,Rolin Faouri,,YES,,,,,https://www.propertyfinder.bh/en/plp/rent/apartment-for-rent-capital-governorate-bahrain-bay-56518257.html,2026-08-28T04:09:45.604551+00:00,2026-08-28T04:09:45.604551+00:00,0,2026-08-28T04:09:45.604551+00:00
2026-08-28,new,56518259,,,Villa,EXTRAORDINARY VILLA | WORLD-CLASS FACILITIES | 3BR,,165000.0,,,BHD,sell,,,,,,,,,,,25.833925247192383,50.613853454589844,,,,Yumna Awad,,PARTLY,completed,,,,https://www.propertyfinder.bh/en/plp/buy/villa-for-sale-southern-governorate-durrat-al-bahrain-56518259.html,2026-08-28T04:09:45.604551+00:00,2026-08-28T04:09:45.604551+00:00,0,2026-08-28T04:09:45.604551+00:00
2026-08-28,new,56518260,,,Apartment,ULTIMATE LIVING EXOERIENCE IN BLACK TOWER ABRAJ,,700.0,,,BHD,monthly,,,,,,,,Abraj Al Lulu,,,26.230030059814453,50.55890655517578,,,,Nanda Kumar,,YES,,,,,https://www.propertyfinder.bh/en/plp/rent/apartment-for-rent-capital-governorate-manama-abraj-al-lulu-56518260.html,2026-08-28T04:09:45.604551+00:00,2026-08-28T04:09:45.604551+00:00,0,2026-08-28T04:09:45.604551+00:00
2026-08-28,new,56518261,,,Apartment,Spacious 3BR Apartment | 136.5 SQM | Prime Hidd,,46000.0,,,BHD,sell,,,,,,,,,,,26.21263313293457,50.67418670654297,,,,Samar Kafri,,PARTLY,completed,,,,https://www.propertyfinder.bh/en/plp/buy/apartment-for-sale-muharraq-governorate-hidd-56518261.html,2026-08-28T04:09:45.604551+00:00,2026-08-28T04:09:45.604551+00:00,0,2026-08-28T04:09:45.604551+00:00
2026-08-28,new,56518263,,,Apartment,Brand-New 2BHK for rent in Marassi,,490.0,,,BHD,monthly,,,,,,,,Diyar Al Muharraq,,,26.303447723388672,50.6461296081543,,,,ALOSTATH,,YES,,,,,https://www.propertyfinder.bh/en/plp/rent/apartment-for-rent-muharraq-governorate-diyar-al-muharraq-marassi-al-bahrain-56518263.html,2026-08-28T04:09:45.604551+00:00,2026-08-28T04:09:45.604551+00:00,0,2026-08-28T04:09:45.604551+00:00
2026-08-28,new,56518265,,,Villa,PREMIUM FAMILY VILLA | PRIVATE POOL | MODERN 4BHK,,280000.0,,,BHD,sell,,,,,,,,,,,26.20011329650879,50.46629333496094,,,,Yumna Awad,,PARTLY,completed_primary,,,,https://www.propertyfinder.bh/en/plp/buy/villa-for-sale-northern-governorate-al-qurayyah-56518265.html,2026-08-28T04:09:45.604551+00:00,2026-08-28T04:09:45.604551+00:00,0,2026-08-28T04:09:45.604551+00:00
2026-08-28,new,56518267,,,Apartment,STYLISH STUDIO | BIG BALCONY | MODERN FACILITIES,,280.0,,,BHD,monthly,,,,,,,,,,,26.211111068725586,50.601112365722656,,,,Rolin Faouri,,YES,,,,,https://www.propertyfinder.bh/en/plp/rent/apartment-for-rent-capital-governorate-al-juffair-56518267.html,2026-08-28T04:09:45.604551+00:00,2026-08-28T04:09:45.604551+00:00,0,2026-08-28T04:09:45.604551+00:00
2026-08-28,new,56518269,,,Villa,PREMIUM 4BHK VILLA | HIGH CEILING | PRIVATE POOL,,230000.0,,,BHD,sell,,,,,,,,,,,26.19164276123047,50.48757553100586,,,,Yumna Awad,,PARTLY,completed_primary,,,,https://www.propertyfinder.bh/en/plp/buy/villa-for-sale-northern-governorate-saar-56518269.html,2026-08-28T04:09:45.604551+00:00,2026-08-28T04:09:45.604551+00:00,0,2026-08-28T04:09:45.604551+00:00
2026-08-28,new,56518273,,,Villa,FULLY RENOVATED | MODERN | LUXURY | 4BHK VILLA,,1200.0,,,BHD,monthly,,,,,,,,,,,26.166685104370117,50.45078659057617,,,,Yumna Awad,,PARTLY,,,,,https://www.propertyfinder.bh/en/plp/rent/villa-for-rent-northern-governorate-al-jasra-56518273.html,2026-08-28T04:09:45.604551+00:00,2026-08-28T04:09:45.604551+00:00,0,2026-08-28T04:09:45.604551+00:00
2026-08-28,new,56518276,,,Apartment,BRAND NEW 1BHK | STYLISH INTERIORS | BEST PRICE,,60000.0,,,BHD,sell,,,,,,,,,,,26.239999771118164,50.5369987487793,,,,Rolin Faouri,,PARTLY,completed,,,,https://www.propertyfinder.bh/en/plp/buy/apartment-for-sale-capital-governorate-seef-56518276.html,2026-08-28T04:09:45.604551+00:00,2026-08-28T04:09:45.604551+00:00,0,2026-08-28T04:09:45.604551+00:00
2026-08-28,new,56518279,,,Villa,LUXURIOUS 3BR VILLA | PRIVATE POOL | NAVY APPROVED,,900.0,,,BHD,monthly,,,,,,,,,,,26.21263313293457,50.67418670654297,,,,Zuhair Tlili,,YES,,,,,https://www.propertyfinder.bh/en/plp/rent/villa-for-rent-muharraq-governorate-hidd-56518279.html,2026-08-28T04:09:45.604551+00:00,2026-08-28T04:09:45.604551+00:00,0,2026-08-28T04:09:45.604551+00:00
2026-08-28,new,56518282,,,Office Space,BRAND NEW | PREMIUM OFFICE SPACE | PRIME LOCATION,,1350.0,,,BHD,monthly,,,,,,,,,,,26.239999771118164,50.5369987487793,,,,Rolin Faouri,,PARTLY,,,,,https://www.propertyfinder.bh/en/plp/commercial-rent/office-space-for-rent-capital-governorate-seef-56518282.html,2026-08-28T04:09:45.604551+00:00,2026-08-28T04:09:45.604551+00:00,0,2026-08-28T04:09:45.604551+00:00
2026-08-28,new,56518286,,,Office Space,MODERN | FITTED | 3ROOMS | OFFICE SPACE,,640.0,,,BHD,monthly,,,,,,,,,,,26.239999771118164,50.5369987487793,,,,Rolin Faouri,,YES,,,,,https://www.propertyfinder.bh/en/plp/commercial-rent/office-space-for-rent-capital-governorate-seef-56518286.html,2026-08-28T04:09:45.604551+00:00,2026-08-28T04:09:45.604551+00:00,0,2026-08-28T04:09:45.604551+00:00
2026-08-28,new,56518288,,,Villa,INCLUSIVE | FURNISHED 3BHK | PREMIUM FACILITIES,,1000.0,,,BHD,monthly,,,,,,,,,,,26.185943603515625,50.46711349487305,,,,Irina Matvievici,,YES,,,,,https://www.propertyfinder.bh/en/plp/rent/villa-for-rent-northern-governorate-janabiya-56518288.html,2026-08-28T04:09:45.604551+00:00,2026-08-28T04:09:45.604551+00:00,0,2026-08-28T04:09:45.604551+00:00
2026-08-28,new,56518289,,,Apartment,Spacious | Balcony | Kids Play Area | Pool | Gym,,380.0,,,BHD,monthly,,,,,,,,The Lagoon,,,26.287778854370117,50.66339111328125,,,,Hafiz Mohammad Rizwan Ashraf,,YES,,,,,https://www.propertyfinder.bh/en/plp/rent/apartment-for-rent-muharraq-governorate-amwaj-islands-the-lagoon-56518289.html,2026-08-28T04:09:45.604551+00:00,2026-08-28T04:09:45.604551+00:00,0,2026-08-28T04:09:45.604551+00:00
2026-08-28,new,56518292,,,Villa,FAMILY COMPOUND | AFFORDABLE 4BHK | near BSB,,900.0,,,BHD,monthly,,,,,,,,,,,26.185943603515625,50.46711349487305,,,,Irina Matvievici,,PARTLY,,,,,https://www.propertyfinder.bh/en/plp/rent/villa-for-rent-northern-governorate-janabiya-56518292.html,2026-08-28T04:09:45.604551+00:00,2026-08-28T04:09:45.604551+00:00,0,2026-08-28T04:09:45.604551+00:00
2026-08-28,new,56518295,,,Apartment,CONVINIENT 2BHD | OPEN KITCHEN | NEAR ST. CHRIS,,350.0,,,BHD,monthly,,,,,,,,,,,26.19164276123047,50.48757553100586,,,,Irina Matvievici,,PARTLY,,,,,https://www.propertyfinder.bh/en/plp/rent/apartment-for-rent-northern-governorate-saar-56518295.html,2026-08-28T04:09:45.604551+00:00,2026-08-28T04:09:45.604551+00:00,0,2026-08-28T04:09:45.604551+00:00
2026-08-28,new,56518297,,,Villa,SPACIOUS 4BHK | PRIVATE GARDEN | GREAT FACILITIES,,800.0,,,BHD,monthly,,,,,,,,,,,26.19164276123047,50.48757553100586,,,,Irina Matvievici,,PARTLY,,,,,https://www.propertyfinder.bh/en/plp/rent/villa-for-rent-northern-governorate-saar-56518297.html,2026-08-28T04:09:45.604551+00:00,2026-08-28T04:09:45.604551+00:00,0,2026-08-28T04:09:45.604551+00:00
2026-08-28,new,56518298,,,Apartment,SPECIOUSE STUDIO ROOM+POOL GYM PARKING,,260.0,,,BHD,monthly,,,,,,,,,,,26.27199935913086,50.60900115966797,,,,Raaf R,,YES,,,,,https://www.propertyfinder.bh/en/plp/rent/apartment-for-rent-muharraq-governorate-busaiteen-56518298.html,2026-08-28T04:09:45.604551+00:00,2026-08-28T04:09:45.604551+00:00,0,2026-08-28T04:09:45.604551+00:00
2026-08-28,new,56518300,,,Office Space,BRAND NEW OFFICE | PANORAMIC VIEW | PRIME SEEF,,450.0,,,BHD,monthly,,,,,,,,,,,26.239999771118164,50.5369987487793,,,,Rolin Faouri,,PARTLY,,,,,https://www.propertyfinder.bh/en/plp/commercial-rent/office-space-for-rent-capital-governorate-seef-56518300.html,2026-08-28T04:09:45.604551+00:00,2026-08-28T04:09:45.604551+00:00,0,2026-08-28T04:09:45.604551+00:00
2026-08-28,new,56518302,,,Office Space,BRAND NEW OFFICE | PANORAMIC CITY VIEW | 90 SQM,,600.0,,,BHD,monthly,,,,,,,,,,,26.239999771118164,50.5369987487793,,,,Rolin Faouri,,NO,,,,,https://www.propertyfinder.bh/en/plp/commercial-rent/office-space-for-rent-capital-governorate-seef-56518302.html,2026-08-28T04:09:45.604551+00:00,2026-08-28T04:09:45.604551+00:00,0,2026-08-28T04:09:45.604551+00:00
2026-08-28,new,56518303,,,Apartment,Fully Renovated & Cozy Family Unit for Rent – Quda,,140.0,,,BHD,monthly,,,,,,,,,,,26.218677520751953,50.59382247924805,,,,Ali Alkhunaizi,,PARTLY,,,,,https://www.propertyfinder.bh/en/plp/rent/apartment-for-rent-capital-governorate-manama-gudaibiya-56518303.html,2026-08-28T04:09:45.604551+00:00,2026-08-28T04:09:45.604551+00:00,0,2026-08-28T04:09:45.604551+00:00
2026-08-28,new,56518305,,,Villa,LUXURY AND COMFORT | PRESTIGIOUS AREA | MODERN 4BR,,270000.0,,,BHD,sell,,,,,,,,Saraya 2,,,26.19185447692871,50.509178161621094,,,,Yumna Awad,,NO,completed_primary,,,,https://www.propertyfinder.bh/en/plp/buy/villa-for-sale-northern-governorate-bu-quwah-saraya-2-56518305.html,2026-08-28T04:09:45.604551+00:00,2026-08-28T04:09:45.604551+00:00,0,2026-08-28T04:09:45.604551+00:00
2026-08-28,new,56518308,,,Villa,Family Villa Garden | Balcony and rooftop,,500.0,,,BHD,monthly,,,,,,,,Diyar Al Muharraq,,,26.31142234802246,50.64306640625,,,,Anjum Jawaid,,NO,,,,,https://www.propertyfinder.bh/en/plp/rent/villa-for-rent-muharraq-governorate-diyar-al-muharraq-56518308.html,2026-08-28T04:09:45.604551+00:00,2026-08-28T04:09:45.604551+00:00,0,2026-08-28T04:09:45.604551+00:00
2026-08-28,new,56518309,,,Apartment,BALCONY | SPACIOUS 2BHK | TOP-TIER FACILITIES,,650.0,,,BHD,monthly,,,,,,,,,,,26.239999771118164,50.5369987487793,,,,Zuhair Tlili,,YES,,,,,https://www.propertyfinder.bh/en/plp/rent/apartment-for-rent-capital-governorate-seef-56518309.html,2026-08-28T04:09:45.604551+00:00,2026-08-28T04:09:45.604551+00:00,0,2026-08-28T04:09:45.604551+00:00
2026-08-28,new,56518311,,,Land,RB ZONED LAND | STRATEGIC JID ALI AREA,,332700.0,,,BHD,sell,,,,,,,,,,,26.179166793823242,50.56222152709961,,,,Rolin Faouri,,,,,,,https://www.propertyfinder.bh/en/plp/buy/land-for-sale-central-governorate-jid-ali-56518311.html,2026-08-28T04:09:45.604551+00:00,2026-08-28T04:09:45.604551+00:00,0,2026-08-28T04:09:45.604551+00:00
2026-08-28,new,56518312,,,Apartment,Freehold | Sea View | Spacious | Balcony | Library,,138000.0,,,BHD,sell,,,,,,,,,,,26.241750717163086,50.5663948059082,,,,Prashanth Poojari,,YES,completed,,,,https://www.propertyfinder.bh/en/plp/buy/apartment-for-sale-capital-governorate-reef-island-56518312.html,2026-08-28T04:09:45.604551+00:00,2026-08-28T04:09:45.604551+00:00,0,2026-08-28T04:09:45.604551+00:00
2026-08-28,new,56518314,,,Apartment,PURE LUXURY/ NO COMPROMISES/ HIGH END FURNISHING,,400.0,,,BHD,monthly,,,,,,,,Abraj Al Lulu,,,26.230030059814453,50.55890655517578,,,,Nanda Kumar,,YES,,,,,https://www.propertyfinder.bh/en/plp/rent/apartment-for-rent-capital-governorate-manama-abraj-al-lulu-56518314.html,2026-08-28T04:09:45.604551+00:00,2026-08-28T04:09:45.604551+00:00,0,2026-08-28T04:09:45.604551+00:00
2026-08-28,new,56518318,,,Apartment,HUGE SPACE | LUXURY | 3BR | TOP-QUALITY | SEA VIEW,,1400.0,,,BHD,monthly,,,,,,,,,,,26.239999771118164,50.5369987487793,,,,Rolin Faouri,,YES,,,,,https://www.propertyfinder.bh/en/plp/rent/apartment-for-rent-capital-governorate-seef-56518318.html,2026-08-28T04:09:45.604551+00:00,2026-08-28T04:09:45.604551+00:00,0,2026-08-28T04:09:45.604551+00:00
2026-08-28,new,56518319,,,Apartment,Free Hold | Bright | Modern | Balcony | Sea View,,79000.0,,,BHD,sell,,,,,,,,,,,26.241750717163086,50.5663948059082,,,,Prashanth Poojari,,YES,completed,,,,https://www.propertyfinder.bh/en/plp/buy/apartment-for-sale-capital-governorate-reef-island-56518319.html,2026-08-28T04:09:45.604551+00:00,2026-08-28T04:09:45.604551+00:00,0,2026-08-28T04:09:45.604551+00:00
2026-08-28,new,56518321,,,Apartment,LIVE in LUXURY | 3BHK+MAIDS | NAVY APPROVED,,1700.0,,,BHD,monthly,,,,,,,,,,,26.239999771118164,50.5369987487793,,,,Rolin Faouri,,YES,,,,,https://www.propertyfinder.bh/en/plp/rent/apartment-for-rent-capital-governorate-seef-56518321.html,2026-08-28T04:09:45.604551+00:00,2026-08-28T04:09:45.604551+00:00,0,2026-08-28T04:09:45.604551+00:00
2026-08-28,new,56518323,,,Apartment,Freehold |Bright | Modern | Balcony | Laundry Room,,155000.0,,,BHD,sell,,,,,,,,,,,26.241750717163086,50.5663948059082,,,,Prashanth Poojari,,YES,completed,,,,https://www.propertyfinder.bh/en/plp/buy/apartment-for-sale-capital-governorate-reef-island-56518323.html,2026-08-28T04:09:45.604551+00:00,2026-08-28T04:09:45.604551+00:00,0,2026-08-28T04:09:45.604551+00:00
2026-08-28,new,56518325,,,Villa,ELEGANT VILLA | SPACIOUS 4BHK | LUXURIOUS,,1100.0,,,BHD,monthly,,,,,,,,,,,26.140336990356445,50.478271484375,,,,Yumna Awad,,PARTLY,,,,,https://www.propertyfinder.bh/en/plp/rent/villa-for-rent-northern-governorate-hamala-56518325.html,2026-08-28T04:09:45.604551+00:00,2026-08-28T04:09:45.604551+00:00,0,2026-08-28T04:09:45.604551+00:00
2026-08-28,new,56518328,,,Villa,FURNISHED 5BR | RESORT-STYLE FACILITIES | HOT DEAL,,750.0,,,BHD,monthly,,,,,,,,,,,26.19164276123047,50.48757553100586,,,,Yumna Awad,,YES,,,,,https://www.propertyfinder.bh/en/plp/rent/villa-for-rent-northern-governorate-saar-56518328.html,2026-08-28T04:09:45.604551+00:00,2026-08-28T04:09:45.604551+00:00,0,2026-08-28T04:09:45.604551+00:00
2026-08-28,new,56518331,,,Apartment,BRAND NEW LUXURY STUDIO | SEA VIEW | BALCONY,,115000.0,,,BHD,sell,,,,,,,,Diyar Al Muharraq,Address Marassi Vista,,26.306358337402344,50.64693069458008,,,,Zuhair Tlili,,YES,completed,,,,https://www.propertyfinder.bh/en/plp/buy/apartment-for-sale-muharraq-governorate-diyar-al-muharraq-address-marassi-vista-56518331.html,2026-08-28T04:09:45.604551+00:00,2026-08-28T04:09:45.604551+00:00,0,2026-08-28T04:09:45.604551+00:00
2026-08-28,new,56518333,,,Apartment,Freehold | Pet Friendly | Refurbished | Balcony |,,65000.0,,,BHD,sell,,,,,,,,Sanabis,,,26.226558685302734,50.5459098815918,,,,Prashanth Poojari,,YES,completed,,,,https://www.propertyfinder.bh/en/plp/buy/apartment-for-sale-capital-governorate-manama-sanabis-56518333.html,2026-08-28T04:09:45.604551+00:00,2026-08-28T04:09:45.604551+00:00,0,2026-08-28T04:09:45.604551+00:00
2026-08-28,new,56518336,,,Apartment,BRAND NEW LUXURY STUDIO | SEA VIEW | BALCONY,,500.0,,,BHD,monthly,,,,,,,,Diyar Al Muharraq,Address Marassi Vista,,26.306358337402344,50.64693069458008,,,,Zuhair Tlili,,YES,,,,,https://www.propertyfinder.bh/en/plp/rent/apartment-for-rent-muharraq-governorate-diyar-al-muharraq-address-marassi-vista-56518336.html,2026-08-28T04:09:45.604551+00:00,2026-08-28T04:09:45.604551+00:00,0,2026-08-28T04:09:45.604551+00:00
2026-08-28,new,56518338,,,Apartment,SEA VIEW | MODERN 2BHK | EWA and INTERNET,,650.0,,,BHD,monthly,,,,,,,,,,,26.241750717163086,50.5663948059082,,,,Rolin Faouri,,YES,,,,,https://www.propertyfinder.bh/en/plp/rent/apartment-for-rent-capital-governorate-reef-island-56518338.html,2026-08-28T04:09:45.604551+00:00,2026-08-28T04:09:45.604551+00:00,0,2026-08-28T04:09:45.604551+00:00
2026-08-28,new,56518339,,,Apartment,spacious modren apartments in Isa Town (jed ali ),,180.0,,,BHD,monthly,,,,,,,,,,,26.16529655456543,50.552181243896484,,,,Ali Alkhunaizi,,NO,,,,,https://www.propertyfinder.bh/en/plp/rent/apartment-for-rent-central-governorate-isa-town-56518339.html,2026-08-28T04:09:45.604551+00:00,2026-08-28T04:09:45.604551+00:00,0,2026-08-28T04:09:45.604551+00:00
2026-08-28,new,56518342,,,Apartment,FULL SEA VIEW | LUXURIOUS 1BHK | NAVY APPROVED,,100000.0,,,BHD,sell,,,,,,,,,,,26.241750717163086,50.5663948059082,,,,Rolin Faouri,,YES,completed,,,,https://www.propertyfinder.bh/en/plp/buy/apartment-for-sale-capital-governorate-reef-island-56518342.html,2026-08-28T04:09:45.604551+00:00,2026-08-28T04:09:45.604551+00:00,0,2026-08-28T04:09:45.604551+00:00
2026-08-28,new,56518344,,,Apartment,City Center View | 2 bathrooms | spacious layout,,370.0,,,BHD,monthly,,,,,,,,,,,26.239999771118164,50.5369987487793,,,,Eman Abbas,,YES,,,,,https://www.propertyfinder.bh/en/plp/rent/apartment-for-rent-capital-governorate-seef-56518344.html,2026-08-28T04:09:45.604551+00:00,2026-08-28T04:09:45.604551+00:00,0,2026-08-28T04:09:45.604551+00:00
2026-08-28,new,56518347,,,Villa,Modern Villas for Sale Starting 158K– Al Qurayyah,,157947.0,,,BHD,sell,,,,,,,,,,,26.20011329650879,50.46629333496094,,,,Khalil Aryan,,PARTLY,off_plan_primary,,,,https://www.propertyfinder.bh/en/plp/buy/villa-for-sale-northern-governorate-al-qurayyah-56518347.html,2026-08-28T04:09:45.604551+00:00,2026-08-28T04:09:45.604551+00:00,0,2026-08-28T04:09:45.604551+00:00
2026-08-28,new,56518348,,,Villa,PRIVATE POOL | NEAR ST. CHRIS | SPACIOUS BEDROOMS,,1150.0,,,BHD,monthly,,,,,,,,,,,26.19164276123047,50.48757553100586,,,,Irina Matvievici,,PARTLY,,,,,https://www.propertyfinder.bh/en/plp/rent/villa-for-rent-northern-governorate-saar-56518348.html,2026-08-28T04:09:45.604551+00:00,2026-08-28T04:09:45.604551+00:00,0,2026-08-28T04:09:45.604551+00:00
2026-08-28,new,56518351,,,Villa,LUXURY 4BHK VILLA | PRIVATE POOL & GARDEN,,1200.0,,,BHD,monthly,,,,,,,,,,,26.19164276123047,50.48757553100586,,,,Irina Matvievici,,PARTLY,,,,,https://www.propertyfinder.bh/en/plp/rent/villa-for-rent-northern-governorate-saar-56518351.html,2026-08-28T04:09:45.604551+00:00,2026-08-28T04:09:45.604551+00:00,0,2026-08-28T04:09:45.604551+00:00
2026-08-28,new,56518353,,,Villa,Luxurious Residential Villa in Diyar Al Muharraq,,270000.0,,,BHD,sell,,,,,,,,Diyar Al Muharraq,,,26.31142234802246,50.64306640625,,,,Olivia Samy,,NO,completed_primary,,,,https://www.propertyfinder.bh/en/plp/buy/villa-for-sale-muharraq-governorate-diyar-al-muharraq-56518353.html,2026-08-28T04:09:45.604551+00:00,2026-08-28T04:09:45.604551+00:00,0,2026-08-28T04:09:45.604551+00:00
2026-08-28,new,56518355,,,Apartment,BEST DEAL | 2BHK | FULL FURNISHED | REEF,,94000.0,,,BHD,sell,,,,,,,,,,,26.241750717163086,50.5663948059082,,,,Rolin Faouri,,YES,completed,,,,https://www.propertyfinder.bh/en/plp/buy/apartment-for-sale-capital-governorate-reef-island-56518355.html,2026-08-28T04:09:45.604551+00:00,2026-08-28T04:09:45.604551+00:00,0,2026-08-28T04:09:45.604551+00:00
2026-08-28,new,56518361,,,Villa,PRIME LUXURY FAMILY VILLA | 4BHK | POOL & GYM,,1700.0,,,BHD,monthly,,,,,,,,,,,26.166685104370117,50.45078659057617,,,,Yumna Awad,,PARTLY,,,,,https://www.propertyfinder.bh/en/plp/rent/villa-for-rent-northern-governorate-al-jasra-56518361.html,2026-08-28T04:09:45.604551+00:00,2026-08-28T04:09:45.604551+00:00,0,2026-08-28T04:09:45.604551+00:00
2026-08-28,new,56518364,,,Apartment,For rent nice 3bhk in Jed Ali area,,160.0,,,BHD,monthly,,,,,,,,,,,26.179166793823242,50.56222152709961,,,,Ali Alkhunaizi,,NO,,,,,https://www.propertyfinder.bh/en/plp/rent/apartment-for-rent-central-governorate-jid-ali-56518364.html,2026-08-28T04:09:45.604551+00:00,2026-08-28T04:09:45.604551+00:00,0,2026-08-28T04:09:45.604551+00:00
2026-08-28,new,56518365,,,Land,MOH ZONING | GREAT OPPORTUNITY | EXCELLENT VALUE,,125000.0,,,BHD,sell,,,,,,,,,,,26.16529655456543,50.552181243896484,,,,Rolin Faouri,,,,,,,https://www.propertyfinder.bh/en/plp/buy/land-for-sale-central-governorate-isa-town-56518365.html,2026-08-28T04:09:45.604551+00:00,2026-08-28T04:09:45.604551+00:00,0,2026-08-28T04:09:45.604551+00:00
2026-08-28,new,56518367,,,Apartment,HIGH-END 3BHK | FAMILY-FRIENDLY AMENITIES | MODERN,,900.0,,,BHD,monthly,,,,,,,,,,,26.211111068725586,50.601112365722656,,,,Rolin Faouri,,YES,,,,,https://www.propertyfinder.bh/en/plp/rent/apartment-for-rent-capital-governorate-al-juffair-56518367.html,2026-08-28T04:09:45.604551+00:00,2026-08-28T04:09:45.604551+00:00,0,2026-08-28T04:09:45.604551+00:00
2026-08-28,new,56518369,,,Penthouse,PENTHOUSE | 3BHK+MAID | PRIVATE POOL | SPACIOUS,,510000.0,,,BHD,sell,,,,,,,,,,,26.249584197998047,50.580360412597656,,,,Rolin Faouri,,PARTLY,completed_primary,,,,https://www.propertyfinder.bh/en/plp/buy/penthouse-for-sale-capital-governorate-bahrain-bay-56518369.html,2026-08-28T04:09:45.604551+00:00,2026-08-28T04:09:45.604551+00:00,0,2026-08-28T04:09:45.604551+00:00
2026-08-28,new,56518371,,,Villa,PRIVATE POOL | MODERN 3BHK | BALCONY | SPACIOUS,,950.0,,,BHD,monthly,,,,,,,,,,,26.214487075805664,50.584754943847656,,,,Rolin Faouri,,YES,,,,,https://www.propertyfinder.bh/en/plp/rent/villa-for-rent-capital-governorate-manama-adliya-56518371.html,2026-08-28T04:09:45.604551+00:00,2026-08-28T04:09:45.604551+00:00,0,2026-08-28T04:09:45.604551+00:00
2026-08-28,new,56518373,,,Apartment,BEST DEAL!! | 2BHK + MAIDS ROOM | BALCONY | MODERN,,75000.0,,,BHD,sell,,,,,,,,,,,26.211111068725586,50.601112365722656,,,,Rolin Faouri,,PARTLY,completed_primary,,,,https://www.propertyfinder.bh/en/plp/buy/apartment-for-sale-capital-governorate-al-juffair-56518373.html,2026-08-28T04:09:45.604551+00:00,2026-08-28T04:09:45.604551+00:00,0,2026-08-28T04:09:45.604551+00:00
2026-08-28,new,56518375,,,Apartment,SEAVIEW LUXURY APT+2BR+MAIDROOM+ALL FACILITIES,,750.0,,,BHD,monthly,,,,,,,,,,,26.211111068725586,50.601112365722656,,,,Raaf R,,YES,,,,,https://www.propertyfinder.bh/en/plp/rent/apartment-for-rent-capital-governorate-al-juffair-56518375.html,2026-08-28T04:09:45.604551+00:00,2026-08-28T04:09:45.604551+00:00,0,2026-08-28T04:09:45.604551+00:00
2026-08-28,new,56518380,,,Apartment,PAYMENT PLAN | MODERN 2BHK | ELEGANTLY FURNISHED,,80000.0,,,BHD,sell,,,,,,,,,,,26.211111068725586,50.601112365722656,,,,Rolin Faouri,,YES,completed,,,,https://www.propertyfinder.bh/en/plp/buy/apartment-for-sale-capital-governorate-al-juffair-56518380.html,2026-08-28T04:09:45.604551+00:00,2026-08-28T04:09:45.604551+00:00,0,2026-08-28T04:09:45.604551+00:00
2026-08-28,new,56518382,,,Office Space,BRAND NEW OFFICE | PRIME SEEF LOCATION | HOT DEAL,,400.0,,,BHD,monthly,,,,,,,,,,,26.239999771118164,50.5369987487793,,,,Rolin Faouri,,PARTLY,,,,,https://www.propertyfinder.bh/en/plp/commercial-rent/office-space-for-rent-capital-governorate-seef-56518382.html,2026-08-28T04:09:45.604551+00:00,2026-08-28T04:09:45.604551+00:00,0,2026-08-28T04:09:45.604551+00:00
2026-08-28,new,56518384,,,Apartment,BRAND NEW SPACIOUS 1BHK | SEA VIEW | 2 BALCONIES,,450.0,,,BHD,monthly,,,,,,,,,,,26.203079223632812,50.594947814941406,,,,Zuhair Tlili,,YES,,,,,https://www.propertyfinder.bh/en/plp/rent/apartment-for-rent-capital-governorate-manama-um-al-hasam-56518384.html,2026-08-28T04:09:45.604551+00:00,2026-08-28T04:09:45.604551+00:00,0,2026-08-28T04:09:45.604551+00:00
2026-08-28,new,56518386,,,Villa,AFFORDABLE 3BHK | PRIVATE GARDEN | CENTRAL SAAR,,600.0,,,BHD,monthly,,,,,,,,,,,26.19164276123047,50.48757553100586,,,,Yumna Awad,,NO,,,,,https://www.propertyfinder.bh/en/plp/rent/villa-for-rent-northern-governorate-saar-56518386.html,2026-08-28T04:09:45.604551+00:00,2026-08-28T04:09:45.604551+00:00,0,2026-08-28T04:09:45.604551+00:00
2026-08-28,new,56518388,,,Villa,BRIGHT 4BR | PRIVATE POOL and GARDEN | EASY ACCESS,,1000.0,,,BHD,monthly,,,,,,,,,,,26.140336990356445,50.478271484375,,,,Yumna Awad,,PARTLY,,,,,https://www.propertyfinder.bh/en/plp/rent/villa-for-rent-northern-governorate-hamala-56518388.html,2026-08-28T04:09:45.604551+00:00,2026-08-28T04:09:45.604551+00:00,0,2026-08-28T04:09:45.604551+00:00
2026-08-28,new,56518390,,,Villa,FURNISHED 4BHK+OFFICE | PRIVATE POOL | INCLUSIVE,,1250.0,,,BHD,monthly,,,,,,,,,,,26.140336990356445,50.478271484375,,,,Yumna Awad,,YES,,,,,https://www.propertyfinder.bh/en/plp/rent/villa-for-rent-northern-governorate-hamala-56518390.html,2026-08-28T04:09:45.604551+00:00,2026-08-28T04:09:45.604551+00:00,0,2026-08-28T04:09:45.604551+00:00
2026-08-28,new,56518392,,,Villa,PRIVATE POOL | ROOF TERRACE | LUXURY LIVING | 3BHK,,1380.0,,,BHD,monthly,,,,,,,,,,,26.211111068725586,50.601112365722656,,,,Rolin Faouri,,YES,,,,,https://www.propertyfinder.bh/en/plp/rent/villa-for-rent-capital-governorate-al-juffair-56518392.html,2026-08-28T04:09:45.604551+00:00,2026-08-28T04:09:45.604551+00:00,0,2026-08-28T04:09:45.604551+00:00
2026-08-28,new,56518394,,,Apartment,SEA VIEW | BALCONY | CLOSED KITCHEN | LUXURY 2BHK,,100000.0,,,BHD,sell,,,,,,,,,,,26.211111068725586,50.601112365722656,,,,Rolin Faouri,,YES,completed,,,,https://www.propertyfinder.bh/en/plp/buy/apartment-for-sale-capital-governorate-al-juffair-56518394.html,2026-08-28T04:09:45.604551+00:00,2026-08-28T04:09:45.604551+00:00,0,2026-08-28T04:09:45.604551+00:00
2026-08-28,new,56518396,,,Land,PRIME RA RESIDENTIAL LAND | TUBLI | 798 SQM,,206000.0,,,BHD,sell,,,,,,,,,,,26.188888549804688,50.54999923706055,,,,Rolin Faouri,,,,,,,https://www.propertyfinder.bh/en/plp/buy/land-for-sale-central-governorate-tubli-56518396.html,2026-08-28T04:09:45.604551+00:00,2026-08-28T04:09:45.604551+00:00,0,2026-08-28T04:09:45.604551+00:00
2026-08-28,new,56518398,,,Apartment,BRAND NEW 2BHK | SPACIOUS | SEA & CITY VIEW,,750.0,,,BHD,monthly,,,,,,,,,,,26.239999771118164,50.5369987487793,,,,Zuhair Tlili,,YES,,,,,https://www.propertyfinder.bh/en/plp/rent/apartment-for-rent-capital-governorate-seef-56518398.html,2026-08-28T04:09:45.604551+00:00,2026-08-28T04:09:45.604551+00:00,0,2026-08-28T04:09:45.604551+00:00
2026-08-28,new,56518400,,,Whole Building,COMMERCIAL and RESIDENTIAL BUILDING | BEST DEAL!!!,,500000.0,,,BHD,sell,,,,,,,,,,,26.188888549804688,50.54999923706055,,,,Yumna Awad,,YES,completed,,,,https://www.propertyfinder.bh/en/plp/buy/whole-building-for-sale-central-governorate-tubli-56518400.html,2026-08-28T04:09:45.604551+00:00,2026-08-28T04:09:45.604551+00:00,0,2026-08-28T04:09:45.604551+00:00
2026-08-28,new,56518403,,,Apartment,FREE HOLD | MARINA VIEW | BRAND NEW | MOVE NOW !!,,74000.0,,,BHD,sell,,,,,,,,The Lagoon,,,26.287778854370117,50.66339111328125,,,,Rolin Faouri,,PARTLY,completed_primary,,,,https://www.propertyfinder.bh/en/plp/buy/apartment-for-sale-muharraq-governorate-amwaj-islands-the-lagoon-56518403.html,2026-08-28T04:09:45.604551+00:00,2026-08-28T04:09:45.604551+00:00,0,2026-08-28T04:09:45.604551+00:00
2026-08-28,new,56518407,,,Apartment,MODERN 4BHK | PRIME AREA | BALCONY | GOOD PRICE,,76000.0,,,BHD,sell,,,,,,,,North Riffa,,,26.143957138061523,50.547142028808594,,,,Yumna Awad,,NO,completed_primary,,,,https://www.propertyfinder.bh/en/plp/buy/apartment-for-sale-southern-governorate-riffa-north-riffa-56518407.html,2026-08-28T04:09:45.604551+00:00,2026-08-28T04:09:45.604551+00:00,0,2026-08-28T04:09:45.604551+00:00
2026-08-28,new,56518409,,,Apartment,SEA VIEW | BALCONY | 1BHK | HIGH RENTAL DEMAND,,85000.0,,,BHD,sell,,,,,,,,Bahrain Financial Harbour,,,26.23778533935547,50.57342529296875,,,,Zuhair Tlili,,YES,completed,,,,https://www.propertyfinder.bh/en/plp/buy/apartment-for-sale-capital-governorate-manama-bahrain-financial-harbour-56518409.html,2026-08-28T04:09:45.604551+00:00,2026-08-28T04:09:45.604551+00:00,0,2026-08-28T04:09:45.604551+00:00
2026-08-28,new,56518411,,,Apartment,ELEGANT 2BHK | SEA VIEW | PRIME LOCATION,,112000.0,,,BHD,sell,,,,,,,,,,,26.239999771118164,50.5369987487793,,,,Zuhair Tlili,,YES,completed,,,,https://www.propertyfinder.bh/en/plp/buy/apartment-for-sale-capital-governorate-seef-56518411.html,2026-08-28T04:09:45.604551+00:00,2026-08-28T04:09:45.604551+00:00,0,2026-08-28T04:09:45.604551+00:00
2026-08-28,new,56518413,,,Apartment,BRAND NEW | 5-YEARS PAYMENT PLAN | PRIME LOCATION,,229000.0,,,BHD,sell,,,,,,,,Bahrain Financial Harbour,,,26.23778533935547,50.57342529296875,,,,Zuhair Tlili,,PARTLY,completed_primary,,,,https://www.propertyfinder.bh/en/plp/buy/apartment-for-sale-capital-governorate-manama-bahrain-financial-harbour-56518413.html,2026-08-28T04:09:45.604551+00:00,2026-08-28T04:09:45.604551+00:00,0,2026-08-28T04:09:45.604551+00:00
2026-08-28,new,56518414,,,Villa,FABULOUS 4 BED SEA FACING VILLA - 2 x MAIDS ROOM,,1600.0,,,BHD,monthly,,,,,,,,Amwaj Avenue,,,26.29302978515625,50.66474151611328,,,,Sheila  Mcewan,,YES,,,,,https://www.propertyfinder.bh/en/plp/rent/villa-for-rent-muharraq-governorate-amwaj-islands-amwaj-avenue-56518414.html,2026-08-28T04:09:45.604551+00:00,2026-08-28T04:09:45.604551+00:00,0,2026-08-28T04:09:45.604551+00:00
2026-08-28,new,56518416,,,Apartment,CAPTIVATING SEA VIEWS | BALCONY | PRIME LOCATION,,125000.0,,,BHD,sell,,,,,,,,Bahrain Financial Harbour,,,26.23778533935547,50.57342529296875,,,,Zuhair Tlili,,YES,completed,,,,https://www.propertyfinder.bh/en/plp/buy/apartment-for-sale-capital-governorate-manama-bahrain-financial-harbour-56518416.html,2026-08-28T04:09:45.604551+00:00,2026-08-28T04:09:45.604551+00:00,0,2026-08-28T04:09:45.604551+00:00
2026-08-28,new,56518419,,,Villa,5 BHK | LUXURIOUS VILLA | PRIVATE POOL,,185000.0,,,BHD,sell,,,,,,,,,,,26.20975685119629,50.50579833984375,,,,Yumna Awad,,PARTLY,completed,,,,https://www.propertyfinder.bh/en/plp/buy/villa-for-sale-northern-governorate-shakhura-56518419.html,2026-08-28T04:09:45.604551+00:00,2026-08-28T04:09:45.604551+00:00,0,2026-08-28T04:09:45.604551+00:00
2026-08-28,new,56518422,,,Apartment,MODERN 1BHK | SEA VIEW | BALCONY,,380.0,,,BHD,monthly,,,,,,,,,,,26.211111068725586,50.601112365722656,,,,Zuhair Tlili,,YES,,,,,https://www.propertyfinder.bh/en/plp/rent/apartment-for-rent-capital-governorate-al-juffair-56518422.html,2026-08-28T04:09:45.604551+00:00,2026-08-28T04:09:45.604551+00:00,0,2026-08-28T04:09:45.604551+00:00
2026-08-28,new,56518424,,,Apartment,Premier l New 5 Star l One Bedroom Suite,,700.0,,,BHD,monthly,,,,,,,,,,,26.239999771118164,50.5369987487793,,,,Leonard Dawatan,,YES,,,,,https://www.propertyfinder.bh/en/plp/rent/apartment-for-rent-capital-governorate-seef-56518424.html,2026-08-28T04:09:45.604551+00:00,2026-08-28T04:09:45.604551+00:00,0,2026-08-28T04:09:45.604551+00:00
2026-08-28,new,56518425,,,Apartment,PREMIUM FACILITIES | HIGH-END FINISHES | BALCONY,,117000.0,,,BHD,sell,,,,,,,,,,,26.239999771118164,50.5369987487793,,,,Zuhair Tlili,,YES,completed,,,,https://www.propertyfinder.bh/en/plp/buy/apartment-for-sale-capital-governorate-seef-56518425.html,2026-08-28T04:09:45.604551+00:00,2026-08-28T04:09:45.604551+00:00,0,2026-08-28T04:09:45.604551+00:00
2026-08-28,new,56518427,,,Duplex,PERFECT 3BR DUPLEX | SEA VIEW | PREMIUM FACILITIES,,1600.0,,,BHD,monthly,,,,,,,,,,,26.239999771118164,50.5369987487793,,,,Zuhair Tlili,,YES,,,,,https://www.propertyfinder.bh/en/plp/rent/duplex-for-rent-capital-governorate-seef-56518427.html,2026-08-28T04:09:45.604551+00:00,2026-08-28T04:09:45.604551+00:00,0,2026-08-28T04:09:45.604551+00:00
2026-08-28,new,56518431,,,Land,652 SQM | RA ZONED LAND | PRESTIGIOUS SAAR,,224500.0,,,BHD,sell,,,,,,,,,,,26.19164276123047,50.48757553100586,,,,Yumna Awad,,,,,,,https://www.propertyfinder.bh/en/plp/buy/land-for-sale-northern-governorate-saar-56518431.html,2026-08-28T04:09:45.604551+00:00,2026-08-28T04:09:45.604551+00:00,0,2026-08-28T04:09:45.604551+00:00
2026-08-28,new,56518433,,,Land,PRIME CORNER PLOT | RA RESIDENTIAL LAND | 652 SQM,,224500.0,,,BHD,sell,,,,,,,,,,,26.19164276123047,50.48757553100586,,,,Yumna Awad,,,,,,,https://www.propertyfinder.bh/en/plp/buy/land-for-sale-northern-governorate-saar-56518433.html,2026-08-28T04:09:45.604551+00:00,2026-08-28T04:09:45.604551+00:00,0,2026-08-28T04:09:45.604551+00:00
2026-08-28,new,56518435,,,Land,373 SQM | CORNER PLOT | RA ZONED LAND,,118000.0,,,BHD,sell,,,,,,,,,,,26.21023941040039,50.49468231201172,,,,Yumna Awad,,,,,,,https://www.propertyfinder.bh/en/plp/buy/land-for-sale-northern-governorate-maqabah-56518435.html,2026-08-28T04:09:45.604551+00:00,2026-08-28T04:09:45.604551+00:00,0,2026-08-28T04:09:45.604551+00:00
2026-08-28,new,56518437,,,Villa,8 BHK | SPACIOUS VILLA | PRIME HAMALA LOCATION,,140000.0,,,BHD,sell,,,,,,,,,,,26.140336990356445,50.478271484375,,,,Yumna Awad,,PARTLY,completed,,,,https://www.propertyfinder.bh/en/plp/buy/villa-for-sale-northern-governorate-hamala-56518437.html,2026-08-28T04:09:45.604551+00:00,2026-08-28T04:09:45.604551+00:00,0,2026-08-28T04:09:45.604551+00:00
2026-08-28,new,56518439,,,Apartment,LUXURIOUS 2BHK | SEA VIEW | TOP-NOTCH FACILITIES,,500.0,,,BHD,monthly,,,,,,,,,,,26.211111068725586,50.601112365722656,,,,Rolin Faouri,,YES,,,,,https://www.propertyfinder.bh/en/plp/rent/apartment-for-rent-capital-governorate-al-juffair-56518439.html,2026-08-28T04:09:45.604551+00:00,2026-08-28T04:09:45.604551+00:00,0,2026-08-28T04:09:45.604551+00:00
2026-08-28,new,56518441,,,Apartment,LUXURIOUS 4BR | SEA VIEW | BEACH ACCESS | SPACIOUS,,300000.0,,,BHD,sell,,,,,,,,Diyar Al Muharraq,Marassi Shores Residences,,26.303447723388672,50.6461296081543,,,,Rolin Faouri,,YES,completed,,,,https://www.propertyfinder.bh/en/plp/buy/apartment-for-sale-muharraq-governorate-diyar-al-muharraq-marassi-shores-residences-56518441.html,2026-08-28T04:09:45.604551+00:00,2026-08-28T04:09:45.604551+00:00,0,2026-08-28T04:09:45.604551+00:00
2026-08-28,new,56518444,,,Apartment,STYLISH 2BHK | BEACH ACCESS | PREMIUM FACILITIES,,580.0,,,BHD,monthly,,,,,,,,Diyar Al Muharraq,Marassi Shores Residences,,26.303447723388672,50.6461296081543,,,,Rolin Faouri,,YES,,,,,https://www.propertyfinder.bh/en/plp/rent/apartment-for-rent-muharraq-governorate-diyar-al-muharraq-marassi-shores-residences-56518444.html,2026-08-28T04:09:45.604551+00:00,2026-08-28T04:09:45.604551+00:00,0,2026-08-28T04:09:45.604551+00:00
2026-08-28,new,56518447,,,Villa,NURSERY FOR SALE | FULLY EQUIPPED | PRIME DIRAZ,,225000.0,,,BHD,sell,,,,,,,,,,,26.220962524414062,50.46446990966797,,,,Yumna Awad,,YES,completed,,,,https://www.propertyfinder.bh/en/plp/buy/villa-for-sale-northern-governorate-diraz-56518447.html,2026-08-28T04:09:45.604551+00:00,2026-08-28T04:09:45.604551+00:00,0,2026-08-28T04:09:45.604551+00:00
2026-08-28,new,56518449,,,Villa,3BR Family Villa for Sale in Hamala,,98000.0,,,BHD,sell,,,,,,,,,,,26.140336990356445,50.478271484375,,,,ALOSTATH,,PARTLY,completed,,,,https://www.propertyfinder.bh/en/plp/buy/villa-for-sale-northern-governorate-hamala-56518449.html,2026-08-28T04:09:45.604551+00:00,2026-08-28T04:09:45.604551+00:00,0,2026-08-28T04:09:45.604551+00:00
2026-08-28,new,56518451,,,Villa,SPACIOUS 4BHK VILLA | PRIVATE GARDEN | PRIME JASRA,,1200.0,,,BHD,monthly,,,,,,,,,,,26.166685104370117,50.45078659057617,,,,Irina Matvievici,,PARTLY,,,,,https://www.propertyfinder.bh/en/plp/rent/villa-for-rent-northern-governorate-al-jasra-56518451.html,2026-08-28T04:09:45.604551+00:00,2026-08-28T04:09:45.604551+00:00,0,2026-08-28T04:09:45.604551+00:00
2026-08-28,new,56518453,,,Villa,ELEGANT 4 BEDROOM VILLA | POOL & GYM | PRIME AREA,,1100.0,,,BHD,monthly,,,,,,,,,,,26.185943603515625,50.46711349487305,,,,Irina Matvievici,,PARTLY,,,,,https://www.propertyfinder.bh/en/plp/rent/villa-for-rent-northern-governorate-janabiya-56518453.html,2026-08-28T04:09:45.604551+00:00,2026-08-28T04:09:45.604551+00:00,0,2026-08-28T04:09:45.604551+00:00
2026-08-28,new,56518462,,,Apartment,Almost Brand new 2 bed near Saar Pool,,280.0,,,BHD,monthly,,,,,,,,,,,26.19164276123047,50.48757553100586,,,,Ayman Jnedi,,YES,,,,,https://www.propertyfinder.bh/en/plp/rent/apartment-for-rent-northern-governorate-saar-56518462.html,2026-08-28T04:09:45.604551+00:00,2026-08-28T04:09:45.604551+00:00,0,2026-08-28T04:09:45.604551+00:00
2026-08-28,new,56518463,,,Apartment,Near Sea walk 3 bed inclusive Tubli --------------,,280.0,,,BHD,monthly,,,,,,,,,,,26.188888549804688,50.54999923706055,,,,Ayman Jnedi,,PARTLY,,,,,https://www.propertyfinder.bh/en/plp/rent/apartment-for-rent-central-governorate-tubli-56518463.html,2026-08-28T04:09:45.604551+00:00,2026-08-28T04:09:45.604551+00:00,0,2026-08-28T04:09:45.604551+00:00
2026-08-28,new,56518465,,,Apartment,Near Saar Balcony close kitchen inclusive,,270.0,,,BHD,monthly,,,,,,,,,,,26.19164276123047,50.48757553100586,,,,Ayman Jnedi,,PARTLY,,,,,https://www.propertyfinder.bh/en/plp/rent/apartment-for-rent-northern-governorate-saar-56518465.html,2026-08-28T04:09:45.604551+00:00,2026-08-28T04:09:45.604551+00:00,0,2026-08-28T04:09:45.604551+00:00
2026-08-28,new,56518466,,,Apartment,Spacious 2 Bed in Hidd Balcony,,250.0,,,BHD,monthly,,,,,,,,,,,26.21263313293457,50.67418670654297,,,,Ayman Jnedi,,PARTLY,,,,,https://www.propertyfinder.bh/en/plp/rent/apartment-for-rent-muharraq-governorate-hidd-56518466.html,2026-08-28T04:09:45.604551+00:00,2026-08-28T04:09:45.604551+00:00,0,2026-08-28T04:09:45.604551+00:00
2026-08-28,new,56518469,,,Compound,Private Pool | Modern | Spacious | Facilities,,1250.0,,,BHD,monthly,,,,,,,,,,,26.185943603515625,50.46711349487305,,,,Devesh Kumar,,YES,,,,,https://www.propertyfinder.bh/en/plp/rent/compound-for-rent-northern-governorate-janabiya-56518469.html,2026-08-28T04:09:45.604551+00:00,2026-08-28T04:09:45.604551+00:00,0,2026-08-28T04:09:45.604551+00:00
2026-08-28,new,56518470,,,Apartment,Inclusive Almost Brand new 3 Bed Janabaiya,,390.0,,,BHD,monthly,,,,,,,,,,,26.185943603515625,50.46711349487305,,,,Ayman Jnedi,,PARTLY,,,,,https://www.propertyfinder.bh/en/plp/rent/apartment-for-rent-northern-governorate-janabiya-56518470.html,2026-08-28T04:09:45.604551+00:00,2026-08-28T04:09:45.604551+00:00,0,2026-08-28T04:09:45.604551+00:00
2026-08-28,new,56518471,,,Villa,Renovated 4-Bedroom Family villa in Hamad Town,,127000.0,,,BHD,sell,,,,,,,,,,,26.12916374206543,50.49860763549805,,,,ALOSTATH,,PARTLY,completed,,,,https://www.propertyfinder.bh/en/plp/buy/villa-for-sale-northern-governorate-hamad-town-56518471.html,2026-08-28T04:09:45.604551+00:00,2026-08-28T04:09:45.604551+00:00,0,2026-08-28T04:09:45.604551+00:00
2026-08-28,new,56518472,,,Office Space,Brand New Seef 100 SQM Office – Move-in Ready,,325.0,,,BHD,monthly,,,,,,,,,,,26.239999771118164,50.5369987487793,,,,Maydan Homes Leasing,,PARTLY,,,,,https://www.propertyfinder.bh/en/plp/commercial-rent/office-space-for-rent-capital-governorate-seef-56518472.html,2026-08-28T04:09:45.604551+00:00,2026-08-28T04:09:45.604551+00:00,0,2026-08-28T04:09:45.604551+00:00
2026-08-28,new,56518482,,,Compound,Private Pool | Modern | Spacious | Facilities,,1050.0,,,BHD,monthly,,,,,,,,,,,26.185943603515625,50.46711349487305,,,,Devesh Kumar,,PARTLY,,,,,https://www.propertyfinder.bh/en/plp/rent/compound-for-rent-northern-governorate-janabiya-56518482.html,2026-08-28T04:09:45.604551+00:00,2026-08-28T04:09:45.604551+00:00,0,2026-08-28T04:09:45.604551+00:00
2026-08-28,new,56518496,,,Apartment,MODERN LUXURY 1BHK WITH AMAZING VIEW,,300.0,,,BHD,monthly,,,,,,,,Exhibition Road,,,26.231962203979492,50.59507369995117,,,,Ghassan Qarooni,,YES,,,,,https://www.propertyfinder.bh/en/plp/rent/apartment-for-rent-capital-governorate-hoora-exhibition-road-56518496.html,2026-08-28T04:09:45.604551+00:00,2026-08-28T04:09:45.604551+00:00,0,2026-08-28T04:09:45.604551+00:00
2026-08-28,new,56518503,,,Apartment,SILVER TOWER | SEA VIEW | FACILITIES | 2 BED ROOM,,400.0,,,BHD,monthly,,,,,,,,Abraj Al Lulu,,,26.230030059814453,50.55890655517578,,,,Sheji Rahman,,YES,,,,,https://www.propertyfinder.bh/en/plp/rent/apartment-for-rent-capital-governorate-manama-abraj-al-lulu-56518503.html,2026-08-28T04:09:45.604551+00:00,2026-08-28T04:09:45.604551+00:00,0,2026-08-28T04:09:45.604551+00:00
2026-08-28,new,56518504,,,Apartment,Student Friendly 1BR | RCSI | All Inclusive | Wifi,,420.0,,,BHD,monthly,,,,,,,,,,,26.27199935913086,50.60900115966797,,,,Owais Khan Suri,,YES,,,,,https://www.propertyfinder.bh/en/plp/rent/apartment-for-rent-muharraq-governorate-busaiteen-56518504.html,2026-08-28T04:09:45.604551+00:00,2026-08-28T04:09:45.604551+00:00,0,2026-08-28T04:09:45.604551+00:00
2026-08-28,new,56518505,,,Villa,HOT DEAL | NEAR HIGHWAY | AFFORDABLE,,350.0,,,BHD,monthly,,,,,,,,,,,26.179166793823242,50.56222152709961,,,,Sheji Rahman,,NO,,,,,https://www.propertyfinder.bh/en/plp/rent/villa-for-rent-central-governorate-jid-ali-56518505.html,2026-08-28T04:09:45.604551+00:00,2026-08-28T04:09:45.604551+00:00,0,2026-08-28T04:09:45.604551+00:00
2026-08-28,new,56518509,,,Apartment,Modern 1-Bedroom Apartment in Marassi,,57000.0,,,BHD,sell,,,,,,,,Diyar Al Muharraq,,,26.303447723388672,50.6461296081543,,,,ALOSTATH,,YES,completed,,,,https://www.propertyfinder.bh/en/plp/buy/apartment-for-sale-muharraq-governorate-diyar-al-muharraq-marassi-al-bahrain-56518509.html,2026-08-28T04:09:45.604551+00:00,2026-08-28T04:09:45.604551+00:00,0,2026-08-28T04:09:45.604551+00:00
2026-08-28,new,56518514,,,Apartment,MODERN LUXURY STUDIO APARTMENT NEAR HIGHWAY,,350.0,,,BHD,monthly,,,,,,,,,,,26.21263313293457,50.67418670654297,,,,Ghassan Qarooni,,YES,,,,,https://www.propertyfinder.bh/en/plp/rent/apartment-for-rent-muharraq-governorate-hidd-56518514.html,2026-08-28T04:09:45.604551+00:00,2026-08-28T04:09:45.604551+00:00,0,2026-08-28T04:09:45.604551+00:00
2026-08-28,new,56518515,,,Apartment,Amazing Sea View|Luxury Facilities |Bright-Modern,,450.0,,,BHD,monthly,,,,,,,,,,,26.211111068725586,50.601112365722656,,,,Hazeeth,,YES,,,,,https://www.propertyfinder.bh/en/plp/rent/apartment-for-rent-capital-governorate-al-juffair-56518515.html,2026-08-28T04:09:45.604551+00:00,2026-08-28T04:09:45.604551+00:00,0,2026-08-28T04:09:45.604551+00:00
2026-08-28,new,56518516,,,Apartment,LUXURY HOTEL APARTMENT NEAR HIGHWAY,,450.0,,,BHD,monthly,,,,,,,,,,,26.21263313293457,50.67418670654297,,,,Ghassan Qarooni,,YES,,,,,https://www.propertyfinder.bh/en/plp/rent/apartment-for-rent-muharraq-governorate-hidd-56518516.html,2026-08-28T04:09:45.604551+00:00,2026-08-28T04:09:45.604551+00:00,0,2026-08-28T04:09:45.604551+00:00
2026-08-28,new,56518521,,,Apartment,Luxury 3BR Sea View Apartment in Prime Seef,,900.0,,,BHD,monthly,,,,,,,,,,,26.239999771118164,50.5369987487793,,,,Husain Alsebea,,YES,,,,,https://www.propertyfinder.bh/en/plp/rent/apartment-for-rent-capital-governorate-seef-56518521.html,2026-08-28T04:09:45.604551+00:00,2026-08-28T04:09:45.604551+00:00,0,2026-08-28T04:09:45.604551+00:00
2026-08-28,new,56518523,,,Duplex,DUPLEX Sea view 3BR Huge Terrace | Laundry room,,550.0,,,BHD,monthly,,,,,,,,Amwaj Avenue,,,26.29302978515625,50.66474151611328,,,,Zsuzsanna Gecse,,YES,,,,,https://www.propertyfinder.bh/en/plp/rent/duplex-for-rent-muharraq-governorate-amwaj-islands-amwaj-avenue-56518523.html,2026-08-28T04:09:45.604551+00:00,2026-08-28T04:09:45.604551+00:00,0,2026-08-28T04:09:45.604551+00:00
2026-08-28,new,56518557,,,Apartment,Modern Flat w/Balcony Ideal for Couples&Teachers,,320.0,,,BHD,monthly,,,,,,,,The Treasure,,,26.27286720275879,50.672889709472656,,,,Zsuzsanna Gecse,,YES,,,,,https://www.propertyfinder.bh/en/plp/rent/apartment-for-rent-muharraq-governorate-dilmunia-island-the-treasure-56518557.html,2026-08-28T04:09:45.604551+00:00,2026-08-28T04:09:45.604551+00:00,0,2026-08-28T04:09:45.604551+00:00
2026-08-28,new,56518565,,,Apartment,LUXURIOUS SEA VIEW STUDIO - BEACH ACCESS- WIFI,,300.0,,,BHD,monthly,,,,,,,,Water Garden City,,,26.24260139465332,50.55380630493164,,,,Unus Sirajuddin,,YES,,,,,https://www.propertyfinder.bh/en/plp/rent/apartment-for-rent-capital-governorate-manama-water-garden-city-56518565.html,2026-08-28T04:09:45.604551+00:00,2026-08-28T04:09:45.604551+00:00,0,2026-08-28T04:09:45.604551+00:00
2026-08-28,new,56518572,,,Villa,"CONTEMPORARY, modern 4 brs villa w private pool",,1000.0,,,BHD,monthly,,,,,,,,,,,26.19164276123047,50.48757553100586,,,,Marie Sharpe,,PARTLY,,,,,https://www.propertyfinder.bh/en/plp/rent/villa-for-rent-northern-governorate-saar-56518572.html,2026-08-28T04:09:45.604551+00:00,2026-08-28T04:09:45.604551+00:00,0,2026-08-28T04:09:45.604551+00:00
2026-08-28,new,56518574,,,Apartment,FAMILY COMPOUND-HOUSEKEEPING-KIDS PLAY AREA-WIFI,,475.0,,,BHD,monthly,,,,,,,,,,,26.211111068725586,50.601112365722656,,,,Unus Sirajuddin,,YES,,,,,https://www.propertyfinder.bh/en/plp/rent/apartment-for-rent-capital-governorate-al-juffair-56518574.html,2026-08-28T04:09:45.604551+00:00,2026-08-28T04:09:45.604551+00:00,0,2026-08-28T04:09:45.604551+00:00
2026-08-28,new,56518576,,,Apartment,"Bright luxury home near Juffair Mall, all included",,225.0,,,BHD,monthly,,,,,,,,,,,26.211111068725586,50.601112365722656,,,,Unus Sirajuddin,,YES,,,,,https://www.propertyfinder.bh/en/plp/rent/apartment-for-rent-capital-governorate-al-juffair-56518576.html,2026-08-28T04:09:45.604551+00:00,2026-08-28T04:09:45.604551+00:00,0,2026-08-28T04:09:45.604551+00:00
2026-08-28,new,56518585,,,Apartment,SEA VIEW MODERN APARTMENT / WITH MAID ROOM,,950.0,,,BHD,monthly,,,,,,,,Canal View,,,26.273908615112305,50.67207336425781,,,,Kristina Rakikji,,YES,,,,,https://www.propertyfinder.bh/en/plp/rent/apartment-for-rent-muharraq-governorate-dilmunia-island-canal-view-56518585.html,2026-08-28T04:09:45.604551+00:00,2026-08-28T04:09:45.604551+00:00,0,2026-08-28T04:09:45.604551+00:00
2026-08-28,new,56518586,,,Apartment,Great deal- 3 bedroom flat - Spacious - Luxurious,,500.0,,,BHD,monthly,,,,,,,,,,,26.185943603515625,50.46711349487305,,,,Unus Sirajuddin,,YES,,,,,https://www.propertyfinder.bh/en/plp/rent/apartment-for-rent-northern-governorate-janabiya-56518586.html,2026-08-28T04:09:45.604551+00:00,2026-08-28T04:09:45.604551+00:00,0,2026-08-28T04:09:45.604551+00:00
2026-08-28,new,56518587,,,Villa,Superb 4bedroom villa with pvt pool in big comp !,,1950.0,,,BHD,monthly,,,,,,,,,,,26.19164276123047,50.48757553100586,,,,Jasmine Dhakan,,PARTLY,,,,,https://www.propertyfinder.bh/en/plp/rent/villa-for-rent-northern-governorate-saar-56518587.html,2026-08-28T04:09:45.604551+00:00,2026-08-28T04:09:45.604551+00:00,0,2026-08-28T04:09:45.604551+00:00
2026-08-28,new,56518602,,,Apartment,Spacious 3 BHK Semi-Furnished Apartment for Rent,,290.0,,,BHD,monthly,,,,,,,,,,,26.2102108001709,50.56403350830078,,,,Anu K H,,PARTLY,,,,,https://www.propertyfinder.bh/en/plp/rent/apartment-for-rent-capital-governorate-manama-zinj-56518602.html,2026-08-28T04:09:45.604551+00:00,2026-08-28T04:09:45.604551+00:00,0,2026-08-28T04:09:45.604551+00:00
2026-08-28,new,56518609,,,Villa,Luxury Villa - Private Pool - Private Garden,,420000.0,,,BHD,sell,,,,,,,,,,,26.19164276123047,50.48757553100586,,,,Ebrahim Alsaleem,,YES,completed,,,,https://www.propertyfinder.bh/en/plp/buy/villa-for-sale-northern-governorate-saar-56518609.html,2026-08-28T04:09:45.604551+00:00,2026-08-28T04:09:45.604551+00:00,0,2026-08-28T04:09:45.604551+00:00
2026-08-28,new,56518620,,,Apartment,Spacious - Modern - Good Priced - Dishwasher,,330.0,,,BHD,monthly,,,,,,,,,,,26.19164276123047,50.48757553100586,,,,Irfan Ali,,PARTLY,,,,,https://www.propertyfinder.bh/en/plp/rent/apartment-for-rent-northern-governorate-saar-56518620.html,2026-08-28T04:09:45.604551+00:00,2026-08-28T04:09:45.604551+00:00,0,2026-08-28T04:09:45.604551+00:00
2026-08-28,new,56518622,,,Apartment,COMPLEMENTARY AMENITIES- KIDS ENTERTAINMENTS,,400.0,,,BHD,monthly,,,,,,,,,,,26.211111068725586,50.601112365722656,,,,Nanda Kumar,,YES,,,,,https://www.propertyfinder.bh/en/plp/rent/apartment-for-rent-capital-governorate-al-juffair-56518622.html,2026-08-28T04:09:45.604551+00:00,2026-08-28T04:09:45.604551+00:00,0,2026-08-28T04:09:45.604551+00:00
2026-08-28,new,56518630,,,Apartment,Furnished | Balcony | Pool & Gym,,550.0,,,BHD,monthly,,,,,,,,Amwaj Marina,,,26.293058395385742,50.65943908691406,,,,Ebrahim Alsaleem,,YES,,,,,https://www.propertyfinder.bh/en/plp/rent/apartment-for-rent-muharraq-governorate-amwaj-islands-amwaj-marina-56518630.html,2026-08-28T04:09:45.604551+00:00,2026-08-28T04:09:45.604551+00:00,0,2026-08-28T04:09:45.604551+00:00
2026-08-28,new,56518634,,,Apartment,SPACIOUS┃BALCONY┃3 HS KEEPINGINCLUSSIVE┃SEA VIEW,,299.0,,,BHD,monthly,,,,,,,,,,,26.211111068725586,50.601112365722656,,,,Sahebaz Makki,,YES,,,,,https://www.propertyfinder.bh/en/plp/rent/apartment-for-rent-capital-governorate-al-juffair-56518634.html,2026-08-28T04:09:45.604551+00:00,2026-08-28T04:09:45.604551+00:00,0,2026-08-28T04:09:45.604551+00:00
2026-08-28,new,56518638,,,Apartment,MODERN┃NEW┃BALCONY┃SPACIOUS┃BRIGHT┃POOL┃GYM┃BILLS,,299.0,,,BHD,monthly,,,,,,,,,,,26.211111068725586,50.601112365722656,,,,Sahebaz Makki,,YES,,,,,https://www.propertyfinder.bh/en/plp/rent/apartment-for-rent-capital-governorate-al-juffair-56518638.html,2026-08-28T04:09:45.604551+00:00,2026-08-28T04:09:45.604551+00:00,0,2026-08-28T04:09:45.604551+00:00
2026-08-28,new,56518640,,,Apartment,THE DREAM HOME AWAITS FOR YOU TO LIVE IN STYLE,,330.0,,,BHD,monthly,,,,,,,,,,,26.21672821044922,50.55367660522461,,,,Nanda Kumar,,YES,,,,,https://www.propertyfinder.bh/en/plp/rent/apartment-for-rent-capital-governorate-manama-al-burhama-56518640.html,2026-08-28T04:09:45.604551+00:00,2026-08-28T04:09:45.604551+00:00,0,2026-08-28T04:09:45.604551+00:00
2026-08-28,new,56518641,,,Apartment,MODERN┃CINEMA┃PETS┃SPACIOUS┃SAFE┃5* AMENITIES,,270.0,,,BHD,monthly,,,,,,,,,,,26.211111068725586,50.601112365722656,,,,Sahebaz Makki,,YES,,,,,https://www.propertyfinder.bh/en/plp/rent/apartment-for-rent-capital-governorate-al-juffair-56518641.html,2026-08-28T04:09:45.604551+00:00,2026-08-28T04:09:45.604551+00:00,0,2026-08-28T04:09:45.604551+00:00
2026-08-28,new,56518643,,,Apartment,1BHK FROM 270 BEST MODERN┃BRAND NEW┃BRIGHT┃BALCONY,,275.0,,,BHD,monthly,,,,,,,,,,,26.211111068725586,50.601112365722656,,,,Sahebaz Makki,,YES,,,,,https://www.propertyfinder.bh/en/plp/rent/apartment-for-rent-capital-governorate-al-juffair-56518643.html,2026-08-28T04:09:45.604551+00:00,2026-08-28T04:09:45.604551+00:00,0,2026-08-28T04:09:45.604551+00:00
2026-08-28,new,56518663,,,Apartment,MODERN┃SEA VIEW┃HOT DEA┃NEW┃5 STAR AMENITIES,,310.0,,,BHD,monthly,,,,,,,,,,,26.211111068725586,50.601112365722656,,,,Sahebaz Makki,,YES,,,,,https://www.propertyfinder.bh/en/plp/rent/apartment-for-rent-capital-governorate-al-juffair-56518663.html,2026-08-28T04:09:45.604551+00:00,2026-08-28T04:09:45.604551+00:00,0,2026-08-28T04:09:45.604551+00:00
2026-08-28,new,56518665,,,Apartment,MODERN┃CLOSE KITCHEN┃BALCONY┃SEAVIEW┃SPACIOUS┃NEW,,290.0,,,BHD,monthly,,,,,,,,,,,26.211111068725586,50.601112365722656,,,,Sahebaz Makki,,YES,,,,,https://www.propertyfinder.bh/en/plp/rent/apartment-for-rent-capital-governorate-al-juffair-56518665.html,2026-08-28T04:09:45.604551+00:00,2026-08-28T04:09:45.604551+00:00,0,2026-08-28T04:09:45.604551+00:00
2026-08-28,new,56518667,,,Apartment,MODERN┃HS KEEPING┃SPACIOUS┃OFFER┃BRIGHT┃BALCONY,,290.0,,,BHD,monthly,,,,,,,,,,,26.211111068725586,50.601112365722656,,,,Sahebaz Makki,,YES,,,,,https://www.propertyfinder.bh/en/plp/rent/apartment-for-rent-capital-governorate-al-juffair-56518667.html,2026-08-28T04:09:45.604551+00:00,2026-08-28T04:09:45.604551+00:00,0,2026-08-28T04:09:45.604551+00:00
2026-08-28,new,56518681,,,Apartment,MODERN┃SPACIOUS┃OFFER PRICE┃HS.KEEPING┃BALCONY,,290.0,,,BHD,monthly,,,,,,,,,,,26.211111068725586,50.601112365722656,,,,Sahebaz Makki,,YES,,,,,https://www.propertyfinder.bh/en/plp/rent/apartment-for-rent-capital-governorate-al-juffair-56518681.html,2026-08-28T04:09:45.604551+00:00,2026-08-28T04:09:45.604551+00:00,0,2026-08-28T04:09:45.604551+00:00
2026-08-28,new,56518694,,,Villa,"Villa for rent in Jeddah, excellent location",,500.0,,,BHD,monthly,,,,,,,,,,,26.16529655456543,50.552181243896484,,,,AL LAGOON REAL ESTATE,,NO,,,,,https://www.propertyfinder.bh/en/plp/rent/villa-for-rent-central-governorate-isa-town-56518694.html,2026-08-28T04:09:45.604551+00:00,2026-08-28T04:09:45.604551+00:00,0,2026-08-28T04:09:45.604551+00:00
2026-08-28,new,56518696,,,Apartment,MODERN┃2 BALCONY┃SEA VIEW┃HS.KEEPING┃5* AMENITIES,,380.0,,,BHD,monthly,,,,,,,,,,,26.207910537719727,50.587345123291016,,,,Sahebaz Makki,,YES,,,,,https://www.propertyfinder.bh/en/plp/rent/apartment-for-rent-capital-governorate-manama-mahooz-56518696.html,2026-08-28T04:09:45.604551+00:00,2026-08-28T04:09:45.604551+00:00,0,2026-08-28T04:09:45.604551+00:00
2026-08-28,new,56518698,,,Apartment,MODERN┃SPACIOUS ┃ POOL /┃GYM /┃POOL ┃ GYM┃SEA VIEW,,320.0,,,BHD,monthly,,,,,,,,,,,26.207910537719727,50.587345123291016,,,,Sahebaz Makki,,YES,,,,,https://www.propertyfinder.bh/en/plp/rent/apartment-for-rent-capital-governorate-manama-mahooz-56518698.html,2026-08-28T04:09:45.604551+00:00,2026-08-28T04:09:45.604551+00:00,0,2026-08-28T04:09:45.604551+00:00
2026-08-28,new,56518700,,,Apartment,NEW┃UNLIMITED EWA MODERN┃SAFE┃GYM┃SPACIOUS,,260.0,,,BHD,monthly,,,,,,,,,,,26.207910537719727,50.587345123291016,,,,Sahebaz Makki,,YES,,,,,https://www.propertyfinder.bh/en/plp/rent/apartment-for-rent-capital-governorate-manama-mahooz-56518700.html,2026-08-28T04:09:45.604551+00:00,2026-08-28T04:09:45.604551+00:00,0,2026-08-28T04:09:45.604551+00:00
2026-08-28,new,56518701,,,Apartment,Stylish 2BR Duplex Apartment with Facilities,,500.0,,,BHD,monthly,,,,,,,,,,,26.2102108001709,50.56403350830078,,,,Aby N,,YES,,,,,https://www.propertyfinder.bh/en/plp/rent/apartment-for-rent-capital-governorate-manama-zinj-56518701.html,2026-08-28T04:09:45.604551+00:00,2026-08-28T04:09:45.604551+00:00,0,2026-08-28T04:09:45.604551+00:00
2026-08-28,new,56518702,,,Apartment,|Modern | Bright | Wifi | Classy Furnitures,,225.0,,,BHD,monthly,,,,,,,,,,,26.2102108001709,50.56403350830078,,,,Aby N,,YES,,,,,https://www.propertyfinder.bh/en/plp/rent/apartment-for-rent-capital-governorate-manama-zinj-56518702.html,2026-08-28T04:09:45.604551+00:00,2026-08-28T04:09:45.604551+00:00,0,2026-08-28T04:09:45.604551+00:00
2026-08-28,new,56518704,,,Apartment,Stylish BrandNew Modern Furnished 1BR+Balcony,,350.0,,,BHD,monthly,,,,,,,,,,,26.202558517456055,50.519554138183594,,,,Aby N,,YES,,,,,https://www.propertyfinder.bh/en/plp/rent/apartment-for-rent-northern-governorate-bu-quwah-56518704.html,2026-08-28T04:09:45.604551+00:00,2026-08-28T04:09:45.604551+00:00,0,2026-08-28T04:09:45.604551+00:00
2026-08-28,new,56518707,,,Apartment,MAIDS ROOM ┃ BALCONY ┃ CLOSE KITCHEN ┃HS KEEPING,,350.0,,,BHD,monthly,,,,,,,,,,,26.211111068725586,50.601112365722656,,,,Sahebaz Makki,,YES,,,,,https://www.propertyfinder.bh/en/plp/rent/apartment-for-rent-capital-governorate-al-juffair-56518707.html,2026-08-28T04:09:45.604551+00:00,2026-08-28T04:09:45.604551+00:00,0,2026-08-28T04:09:45.604551+00:00
2026-08-28,new,56518708,,,Apartment,ULTRA LUXURIOUS 2 BR-MARASSI TERACESS,,650.0,,,BHD,monthly,,,,,,,,Diyar Al Muharraq,,,26.303447723388672,50.6461296081543,,,,Muhammad Sachal Khan Niazi,,YES,,,,,https://www.propertyfinder.bh/en/plp/rent/apartment-for-rent-muharraq-governorate-diyar-al-muharraq-marassi-al-bahrain-56518708.html,2026-08-28T04:09:45.604551+00:00,2026-08-28T04:09:45.604551+00:00,0,2026-08-28T04:09:45.604551+00:00
2026-08-28,new,56518710,,,Apartment,MODERN ┃MAIDS ROOM ┃SPACIOUS ┃CLOSE KITCHEN┃NEW,,380.0,,,BHD,monthly,,,,,,,,,,,26.211111068725586,50.601112365722656,,,,Sahebaz Makki,,YES,,,,,https://www.propertyfinder.bh/en/plp/rent/apartment-for-rent-capital-governorate-al-juffair-56518710.html,2026-08-28T04:09:45.604551+00:00,2026-08-28T04:09:45.604551+00:00,0,2026-08-28T04:09:45.604551+00:00
2026-08-28,new,56518711,,,Apartment,Spacious - Big (180sqm) - Bright - Balcony,,650.0,,,BHD,monthly,,,,,,,,,,,26.185943603515625,50.46711349487305,,,,Irfan Ali,,YES,,,,,https://www.propertyfinder.bh/en/plp/rent/apartment-for-rent-northern-governorate-janabiya-56518711.html,2026-08-28T04:09:45.604551+00:00,2026-08-28T04:09:45.604551+00:00,0,2026-08-28T04:09:45.604551+00:00
2026-08-28,new,56518716,,,Apartment,BEST 4 FAMILY┃DIRECT DEAL┃KIDS PLAY┃HS KEEPING,,340.0,,,BHD,monthly,,,,,,,,,,,26.211111068725586,50.601112365722656,,,,Sahebaz Makki,,YES,,,,,https://www.propertyfinder.bh/en/plp/rent/apartment-for-rent-capital-governorate-al-juffair-56518716.html,2026-08-28T04:09:45.604551+00:00,2026-08-28T04:09:45.604551+00:00,0,2026-08-28T04:09:45.604551+00:00
2026-08-28,new,56518723,,,Villa,Sky view | modern model | close kitchen,,125000.0,,,BHD,sell,,,,,,,,,,,26.140336990356445,50.478271484375,,,,Hasan Marhoon,,NO,completed_primary,,,,https://www.propertyfinder.bh/en/plp/buy/villa-for-sale-northern-governorate-hamala-56518723.html,2026-08-28T04:09:45.604551+00:00,2026-08-28T04:09:45.604551+00:00,0,2026-08-28T04:09:45.604551+00:00
2026-08-28,new,56518726,,,Apartment,BEST DEAL-MARASSI 2BR-BEACH MALL & PARK,,450.0,,,BHD,monthly,,,,,,,,Diyar Al Muharraq,,,26.303447723388672,50.6461296081543,,,,Muhammad Sachal Khan Niazi,,YES,,,,,https://www.propertyfinder.bh/en/plp/rent/apartment-for-rent-muharraq-governorate-diyar-al-muharraq-marassi-al-bahrain-56518726.html,2026-08-28T04:09:45.604551+00:00,2026-08-28T04:09:45.604551+00:00,0,2026-08-28T04:09:45.604551+00:00
2026-08-28,new,56518728,,,Villa,"Furnished villa for rent, electricity included",,650.0,,,BHD,monthly,,,,,,,,Diyar Al Muharraq,,,26.31142234802246,50.64306640625,,,,AL LAGOON REAL ESTATE,,YES,,,,,https://www.propertyfinder.bh/en/plp/rent/villa-for-rent-muharraq-governorate-diyar-al-muharraq-56518728.html,2026-08-28T04:09:45.604551+00:00,2026-08-28T04:09:45.604551+00:00,0,2026-08-28T04:09:45.604551+00:00
2026-08-28,new,56518730,,,Apartment,SPACIOUS 2BR w Balcony pool close kitchen with EWA,,330.0,,,BHD,monthly,,,,,,,,,,,26.2102108001709,50.56403350830078,,,,Aby N,,YES,,,,,https://www.propertyfinder.bh/en/plp/rent/apartment-for-rent-capital-governorate-manama-zinj-56518730.html,2026-08-28T04:09:45.604551+00:00,2026-08-28T04:09:45.604551+00:00,0,2026-08-28T04:09:45.604551+00:00
2026-08-28,new,56518731,,,Villa,Three Bedroom villa on special offer for sale,,225000.0,,,BHD,sell,,,,,,,,Riffa Views,,,26.097333908081055,50.56736373901367,,,,Volha Hershanava,,PARTLY,completed,,,,https://www.propertyfinder.bh/en/plp/buy/villa-for-sale-southern-governorate-riffa-riffa-views-56518731.html,2026-08-28T04:09:45.604551+00:00,2026-08-28T04:09:45.604551+00:00,0,2026-08-28T04:09:45.604551+00:00
2026-08-28,new,56518734,,,Apartment,HIGH FLOOR LUXURY UNIT PRIVATE BEACH ACCESS,,550.0,,,BHD,monthly,,,,,,,,Diyar Al Muharraq,,,26.303447723388672,50.6461296081543,,,,Muhammad Sachal Khan Niazi,,YES,,,,,https://www.propertyfinder.bh/en/plp/rent/apartment-for-rent-muharraq-governorate-diyar-al-muharraq-marassi-al-bahrain-56518734.html,2026-08-28T04:09:45.604551+00:00,2026-08-28T04:09:45.604551+00:00,0,2026-08-28T04:09:45.604551+00:00
2026-08-28,new,56518738,,,Villa,Cozy Furnished 3BR Villa+Private Pool & Garden,,1100.0,,,BHD,monthly,,,,,,,,,,,26.214487075805664,50.584754943847656,,,,Aby N,,YES,,,,,https://www.propertyfinder.bh/en/plp/rent/villa-for-rent-capital-governorate-manama-adliya-56518738.html,2026-08-28T04:09:45.604551+00:00,2026-08-28T04:09:45.604551+00:00,0,2026-08-28T04:09:45.604551+00:00
2026-08-28,new,56518739,,,Apartment,Ultra Spacious/Closed Kitchen/Superb Amenities,,400.0,,,BHD,monthly,,,,,,,,,,,26.211111068725586,50.601112365722656,,,,Aby N,,YES,,,,,https://www.propertyfinder.bh/en/plp/rent/apartment-for-rent-capital-governorate-al-juffair-56518739.html,2026-08-28T04:09:45.604551+00:00,2026-08-28T04:09:45.604551+00:00,0,2026-08-28T04:09:45.604551+00:00
2026-08-28,new,56518740,,,Villa,Semi-Brand New Luxury Villa with Pool | Dilmunia,,479000.0,,,BHD,sell,,,,,,,,,,,26.27286720275879,50.672889709472656,,,,MAYDAN HOMES - SALES,,PARTLY,completed,,,,https://www.propertyfinder.bh/en/plp/buy/villa-for-sale-muharraq-governorate-dilmunia-island-56518740.html,2026-08-28T04:09:45.604551+00:00,2026-08-28T04:09:45.604551+00:00,0,2026-08-28T04:09:45.604551+00:00
2026-08-28,new,56518742,,,Apartment,BEST DEAL | AMAZING POOL VIEW | PRIVATE BEACH,,450.0,,,BHD,monthly,,,,,,,,Diyar Al Muharraq,,,26.303447723388672,50.6461296081543,,,,Muhammad Sachal Khan Niazi,,YES,,,,,https://www.propertyfinder.bh/en/plp/rent/apartment-for-rent-muharraq-governorate-diyar-al-muharraq-marassi-al-bahrain-56518742.html,2026-08-28T04:09:45.604551+00:00,2026-08-28T04:09:45.604551+00:00,0,2026-08-28T04:09:45.604551+00:00
2026-08-28,new,56518743,,,Villa,Spacious Villa With Private Garden Near Causeway,,650.0,,,BHD,monthly,,,,,,,,,,,26.185943603515625,50.46711349487305,,,,Mehaboob ,,PARTLY,,,,,https://www.propertyfinder.bh/en/plp/rent/villa-for-rent-northern-governorate-janabiya-56518743.html,2026-08-28T04:09:45.604551+00:00,2026-08-28T04:09:45.604551+00:00,0,2026-08-28T04:09:45.604551+00:00
2026-08-28,new,56518745,,,Villa,Family Compound Villa With Private Pool And Garden,,525.0,,,BHD,monthly,,,,,,,,,,,26.19164276123047,50.48757553100586,,,,Mehaboob ,,PARTLY,,,,,https://www.propertyfinder.bh/en/plp/rent/villa-for-rent-northern-governorate-saar-56518745.html,2026-08-28T04:09:45.604551+00:00,2026-08-28T04:09:45.604551+00:00,0,2026-08-28T04:09:45.604551+00:00
2026-08-28,new,56518746,,,Villa,Big Apartment With Private Garden And Amenities,,550.0,,,BHD,monthly,,,,,,,,,,,26.19164276123047,50.48757553100586,,,,Mehaboob ,,YES,,,,,https://www.propertyfinder.bh/en/plp/rent/villa-for-rent-northern-governorate-saar-56518746.html,2026-08-28T04:09:45.604551+00:00,2026-08-28T04:09:45.604551+00:00,0,2026-08-28T04:09:45.604551+00:00
2026-08-28,new,56518747,,,Villa,Fully Renovated Brand New Condition Villa,,525.0,,,BHD,monthly,,,,,,,,,,,26.19164276123047,50.48757553100586,,,,Mehaboob ,,PARTLY,,,,,https://www.propertyfinder.bh/en/plp/rent/villa-for-rent-northern-governorate-saar-56518747.html,2026-08-28T04:09:45.604551+00:00,2026-08-28T04:09:45.604551+00:00,0,2026-08-28T04:09:45.604551+00:00
2026-08-28,new,56518748,,,Villa,Spacious Compound Villa With Garden And Pool,,450.0,,,BHD,monthly,,,,,,,,,,,26.213165283203125,50.447471618652344,,,,Mehaboob ,,NO,,,,,https://www.propertyfinder.bh/en/plp/rent/villa-for-rent-northern-governorate-budaiya-56518748.html,2026-08-28T04:09:45.604551+00:00,2026-08-28T04:09:45.604551+00:00,0,2026-08-28T04:09:45.604551+00:00
2026-08-28,new,56518749,,,Apartment,Two Bedroom Appartment At Saar,,220.0,,,BHD,monthly,,,,,,,,,,,26.19164276123047,50.48757553100586,,,,Mehaboob ,,PARTLY,,,,,https://www.propertyfinder.bh/en/plp/rent/apartment-for-rent-northern-governorate-saar-56518749.html,2026-08-28T04:09:45.604551+00:00,2026-08-28T04:09:45.604551+00:00,0,2026-08-28T04:09:45.604551+00:00
2026-08-28,new,56518863,,,Apartment,LUXURY| SPACIOUS| 2BHK FF| BALCONY LIFT| PARKNG|MY,,350.0,,,BHD,monthly,,,,,,,,,,,26.149999618530273,50.58333206176758,,,,Nayla Tabussam,,YES,,,,,https://www.propertyfinder.bh/en/plp/rent/apartment-for-rent-central-governorate-sanad-56518863.html,2026-08-28T04:09:45.604551+00:00,2026-08-28T04:09:45.604551+00:00,0,2026-08-28T04:09:45.604551+00:00
2026-08-28,new,56518872,,,Apartment,Low Price Apartment with Open Kitchen / MY,,170.0,,,BHD,monthly,,,,,,,,,,,26.149999618530273,50.58333206176758,,,,Nayla Tabussam,,NO,,,,,https://www.propertyfinder.bh/en/plp/rent/apartment-for-rent-central-governorate-sanad-56518872.html,2026-08-28T04:09:45.604551+00:00,2026-08-28T04:09:45.604551+00:00,0,2026-08-28T04:09:45.604551+00:00
2026-08-28,new,56518873,,,Apartment,2 Bedroom flat | rent 300 | 50 BD EWA | Hhh,,300.0,,,BHD,monthly,,,,,,,,,,,26.211111068725586,50.601112365722656,,,,Abdul  Jabbar .,,YES,,,,,https://www.propertyfinder.bh/en/plp/rent/apartment-for-rent-capital-governorate-al-juffair-56518873.html,2026-08-28T04:09:45.604551+00:00,2026-08-28T04:09:45.604551+00:00,0,2026-08-28T04:09:45.604551+00:00
2026-08-28,new,56518875,,,Apartment,LUXURY| STYLISH| 3BHK|INCLUSIVE|MAID ROOM|STORE|MY,,450.0,,,BHD,monthly,,,,,,,,Al Bahair,,,26.149368286132812,50.56598663330078,,,,Nayla Tabussam,,YES,,,,,https://www.propertyfinder.bh/en/plp/rent/apartment-for-rent-southern-governorate-riffa-al-bahair-56518875.html,2026-08-28T04:09:45.604551+00:00,2026-08-28T04:09:45.604551+00:00,0,2026-08-28T04:09:45.604551+00:00
2026-08-28,new,56518879,,,Apartment,Studio flat | 160 BD rent | 20 BD EWA | Hhh,,160.0,,,BHD,monthly,,,,,,,,,,,26.130512237548828,50.55546569824219,,,,Abdul  Jabbar .,,NO,,,,,https://www.propertyfinder.bh/en/plp/rent/apartment-for-rent-southern-governorate-riffa-56518879.html,2026-08-28T04:09:45.604551+00:00,2026-08-28T04:09:45.604551+00:00,0,2026-08-28T04:09:45.604551+00:00
2026-08-28,new,56518884,,,Apartment,1 Bedroom flat | rent 190 BD | 25 BD EWA | Hhh,,190.0,,,BHD,monthly,,,,,,,,,,,26.130512237548828,50.55546569824219,,,,Abdul  Jabbar .,,NO,,,,,https://www.propertyfinder.bh/en/plp/rent/apartment-for-rent-southern-governorate-riffa-56518884.html,2026-08-28T04:09:45.604551+00:00,2026-08-28T04:09:45.604551+00:00,0,2026-08-28T04:09:45.604551+00:00
2026-08-28,new,56518886,,,Villa,Brand-New 6BR Villa for Sale in Saar | Elevator,,330000.0,,,BHD,sell,,,,,,,,,,,26.19164276123047,50.48757553100586,,,,MAYDAN HOMES - SALES,,PARTLY,completed_primary,,,,https://www.propertyfinder.bh/en/plp/buy/villa-for-sale-northern-governorate-saar-56518886.html,2026-08-28T04:09:45.604551+00:00,2026-08-28T04:09:45.604551+00:00,0,2026-08-28T04:09:45.604551+00:00
2026-08-28,new,56548332,,,Whole Building,Building | RHB | Development Potential | Gudaibiya,,110000.0,,,BHD,sell,,,,,,,,,,,26.218677520751953,50.59382247924805,,,,OMAR ALALAIWI,,YES,completed,,,,https://www.propertyfinder.bh/en/plp/buy/whole-building-for-sale-capital-governorate-manama-gudaibiya-56548332.html,2026-08-28T04:09:45.604551+00:00,2026-08-28T04:09:45.604551+00:00,0,2026-08-28T04:09:45.604551+00:00
2026-08-28,new,56548333,,,Apartment,Spacious 2-Bedroom Apartment | Arad |,,150.0,,,BHD,monthly,,,,,,,,,,,26.25,50.650001525878906,,,,OMAR ALALAIWI,,NO,,,,,https://www.propertyfinder.bh/en/plp/rent/apartment-for-rent-muharraq-governorate-arad-56548333.html,2026-08-28T04:09:45.604551+00:00,2026-08-28T04:09:45.604551+00:00,0,2026-08-28T04:09:45.604551+00:00
2026-08-28,new,56548334,,,Apartment,Furnished Studio Apartment with Water View,,320.0,,,BHD,monthly,,,,,,,,,,,26.239999771118164,50.5369987487793,,,,Al Suwaie Real Estate,,YES,,,,,https://www.propertyfinder.bh/en/plp/rent/apartment-for-rent-capital-governorate-seef-56548334.html,2026-08-28T04:09:45.604551+00:00,2026-08-28T04:09:45.604551+00:00,0,2026-08-28T04:09:45.604551+00:00
2026-08-28,new,56548367,,,Villa,Stunning Compound Villa with Garden,,980.0,,,BHD,monthly,,,,,,,,,,,26.185943603515625,50.46711349487305,,,,Husain Alsebea,,PARTLY,,,,,https://www.propertyfinder.bh/en/plp/rent/villa-for-rent-northern-governorate-janabiya-56548367.html,2026-08-28T04:09:45.604551+00:00,2026-08-28T04:09:45.604551+00:00,0,2026-08-28T04:09:45.604551+00:00
2026-08-28,new,56548368,,,Apartment,Sea View Penthouse with Huge Terrace,,450.0,,,BHD,monthly,,,,,,,,,,,26.239999771118164,50.5369987487793,,,,Husain Alsebea,,YES,,,,,https://www.propertyfinder.bh/en/plp/rent/apartment-for-rent-capital-governorate-seef-56548368.html,2026-08-28T04:09:45.604551+00:00,2026-08-28T04:09:45.604551+00:00,0,2026-08-28T04:09:45.604551+00:00
2026-08-28,new,56548369,,,Villa,Villa - Private Garden & Smart Technology,,1400.0,,,BHD,monthly,,,,,,,,,,,26.140336990356445,50.478271484375,,,,Husain Alsebea,,PARTLY,,,,,https://www.propertyfinder.bh/en/plp/rent/villa-for-rent-northern-governorate-hamala-56548369.html,2026-08-28T04:09:45.604551+00:00,2026-08-28T04:09:45.604551+00:00,0,2026-08-28T04:09:45.604551+00:00
2026-08-28,new,837737,,,Villa,DIRECT LAGOON ACCESS| RELAXING AMBIENCE| SUNNY,,700.0,,,BHD,monthly,,,,,,,,Al Marsa Floating City,,,26.2847957611084,50.669620513916016,,,,Violeta Abboud,,YES,,,,,https://www.propertyfinder.bh/en/plp/rent/villa-for-rent-muharraq-governorate-amwaj-islands-al-marsa-floating-city-837737.html,2026-08-28T04:09:45.604551+00:00,2026-08-28T04:09:45.604551+00:00,0,2026-08-28T04:09:45.604551+00:00
2026-08-28,new,922022,,,Whole Building,Residential bldg|28 flats|28 car parks|2 lifts,,1100000.0,,,BHD,sell,,,,,,,,Manama Downtown,,,26.23276138305664,50.57925033569336,,,,Chandekode Rajesh Kumar,,PARTLY,completed,,,,https://www.propertyfinder.bh/en/plp/buy/whole-building-for-sale-capital-governorate-manama-manama-downtown-922022.html,2026-08-28T04:09:45.604551+00:00,2026-08-28T04:09:45.604551+00:00,0,2026-08-28T04:09:45.604551+00:00
2026-08-28,new,936471,,,Apartment,Brand New Spacious Luxury Flat in Manama-Sea view,,400.0,,,BHD,monthly,,,,,,,,Manama Sea Front,,,26.24812126159668,50.57044219970703,,,,Muhammad Aamir Mansha,,YES,,,,,https://www.propertyfinder.bh/en/plp/rent/apartment-for-rent-capital-governorate-manama-manama-sea-front-936471.html,2026-05-31T13:58:31.068517+00:00,2026-08-28T04:09:45.604551+00:00,88,2026-08-28T04:09:45.604551+00:00
2026-08-28,new,942508,,,Staff Accommodation,Brand new |Labor Accommodation |Near Ansar Gallery,,2500.0,,,BHD,monthly,,,,,,,,,,,26.188888549804688,50.54999923706055,,,,Muhammad Aamir Mansha,,PARTLY,,,,,https://www.propertyfinder.bh/en/plp/commercial-rent/staff-accommodation-for-rent-central-governorate-tubli-942508.html,2026-07-16T13:23:22.641531+00:00,2026-08-28T04:09:45.604551+00:00,42,2026-08-28T04:09:45.604551+00:00
2026-08-28,new,944720,,,Office Space,Spacious Office Space Near King Hamad hospital,,450.0,,,BHD,monthly,,,,,,,,,,,26.27199935913086,50.60900115966797,,,,Muhammad Aamir Mansha,,PARTLY,,,,,https://www.propertyfinder.bh/en/plp/commercial-rent/office-space-for-rent-muharraq-governorate-busaiteen-944720.html,2026-07-16T13:23:22.641531+00:00,2026-08-28T04:09:45.604551+00:00,42,2026-08-28T04:09:45.604551+00:00
2026-08-28,new,944785,,,Apartment,SPACIOUS | 4 BEDROOM | FULLY FURNISHED APARTMENT,,450.0,,,BHD,monthly,,,,,,,,,,,26.211111068725586,50.601112365722656,,,,Sheji Rahman,,YES,,,,,https://www.propertyfinder.bh/en/plp/rent/apartment-for-rent-capital-governorate-al-juffair-944785.html,2026-07-16T13:23:22.641531+00:00,2026-08-28T04:09:45.604551+00:00,42,2026-08-28T04:09:45.604551+00:00
2026-08-28,new,948676,,,Land,Residential Corner Land for Sale-RB Classification,,180211.0,,,BHD,sell,,,,,,,,,,,26.21263313293457,50.67418670654297,,,,Violeta Abboud,,,,,,,https://www.propertyfinder.bh/en/plp/buy/land-for-sale-muharraq-governorate-hidd-948676.html,2026-05-31T13:58:31.068517+00:00,2026-08-28T04:09:45.604551+00:00,88,2026-08-28T04:09:45.604551+00:00
2026-08-28,new,974783,,,Villa,ELEGANT VILLA FOR SALE IN DIYAR ALMUHARAQ,,300000.0,,,BHD,sell,,,,,,,,Diyar Al Muharraq,Al Naseem,,26.31142234802246,50.64306640625,,,,Violeta Abboud,,NO,completed,,,,https://www.propertyfinder.bh/en/plp/buy/villa-for-sale-muharraq-governorate-diyar-al-muharraq-al-naseem-974783.html,2026-05-31T13:58:31.068517+00:00,2026-08-28T04:09:45.604551+00:00,88,2026-08-28T04:09:45.604551+00:00
2026-08-28,new,980302,,,Apartment,Fully furnished 1 BHK | EWA inclusive | Wifi,,300.0,,,BHD,monthly,,,,,,,,,,,26.211111068725586,50.601112365722656,,,,Vishwanth Nunavath,,YES,,,,,https://www.propertyfinder.bh/en/plp/rent/apartment-for-rent-capital-governorate-al-juffair-980302.html,2026-08-28T04:09:45.604551+00:00,2026-08-28T04:09:45.604551+00:00,0,2026-08-28T04:09:45.604551+00:00
2026-08-28,new,994952,,,Apartment,Prime location | 1 Bedroom apartment | saar,,240.0,,,BHD,monthly,,,,,,,,,,,26.19164276123047,50.48757553100586,,,,Millennium Capital Property,,YES,,,,,https://www.propertyfinder.bh/en/plp/rent/apartment-for-rent-northern-governorate-saar-994952.html,2026-08-28T04:09:45.604551+00:00,2026-08-28T04:09:45.604551+00:00,0,2026-08-28T04:09:45.604551+00:00
2026-08-28,new,995133,,,Villa,BRAND NEW! | NON-FREEHOLD | NO SERVICE CHARGE,,160000.0,,,BHD,sell,,,,,,,,,,,26.28297996520996,50.633480072021484,,,,Violeta Abboud,,NO,completed_primary,,,,https://www.propertyfinder.bh/en/plp/buy/villa-for-sale-muharraq-governorate-samaheej-995133.html,2026-08-28T04:09:45.604551+00:00,2026-08-28T04:09:45.604551+00:00,0,2026-08-28T04:09:45.604551+00:00
2026-08-28,new,fcd0a97e-4d99-43ff-aedc-b87fe555e912,,,apartment|penthouse,Fontana Towers,,0.0,,,BHD,,,,,,,,,,,,26.216667,50.583333,,,,Kooheji Development,,,not_started,,,,/en/new-projects/kooheji-development/fontana-towers,2026-08-25T20:39:04.524858+00:00,2026-08-28T04:09:45.604551+00:00,2,2026-08-28T04:09:45.604551+00:00
2026-08-28,removed,1000191,,,Apartment,DIRECT BEACH ACCESS | FITTED FURNITURE | MODERN,500.0,,,,BHD,monthly,,,,,,,,Diyar Al Muharraq,Marassi Boulevard,,26.303447723388672,50.6461296081543,,,,Violeta Abboud,,YES,,,,,https://www.propertyfinder.bh/en/plp/rent/apartment-for-rent-muharraq-governorate-diyar-al-muharraq-marassi-boulevard-1000191.html,2026-05-31T13:58:31.068517+00:00,2026-08-26T23:12:42.541291+00:00,87,2026-08-26T23:12:42.541291+00:00
2026-08-28,removed,1000927,,,Villa,PEACEFUL AMBIENCE| NATURAL LIGHTS| MODERN VILLA,1400.0,,,,BHD,monthly,,,,,,,,Diyar Al Muharraq,Al Naseem,,26.31142234802246,50.64306640625,,,,Violeta Abboud,,YES,,,,,https://www.propertyfinder.bh/en/plp/rent/villa-for-rent-muharraq-governorate-diyar-al-muharraq-al-naseem-1000927.html,2026-05-31T13:58:31.068517+00:00,2026-08-26T23:12:42.541291+00:00,87,2026-08-26T23:12:42.541291+00:00
2026-08-28,removed,1001496,,,Apartment,Modern 2 BHK | Internet | Inclusive,450.0,,,,BHD,monthly,,,,,,,,,,,26.211111068725586,50.601112365722656,,,,Mina Majdi,,YES,,,,,https://www.propertyfinder.bh/en/plp/rent/apartment-for-rent-capital-governorate-al-juffair-1001496.html,2026-07-16T13:23:22.641531+00:00,2026-08-26T23:12:42.541291+00:00,41,2026-08-26T23:12:42.541291+00:00
2026-08-28,removed,1001527,,,Land,BD 35 SQft | Large Investment Plot | Multi-Use,1156959.0,,,,BHD,sell,,,,,,,,,,,26.27199935913086,50.60900115966797,,,,Samar Kafri,,,,,,,https://www.propertyfinder.bh/en/plp/commercial-buy/land-for-sale-muharraq-governorate-busaiteen-1001527.html,2026-05-31T13:58:31.068517+00:00,2026-08-26T23:12:42.541291+00:00,87,2026-08-26T23:12:42.541291+00:00
2026-08-28,removed,1001529,,,Land,BD30SQft | Corner Plot | Easy Access to Main Road,84540.0,,,,BHD,sell,,,,,,,,,,,26.140336990356445,50.478271484375,,,,Samar Kafri,,,,,,,https://www.propertyfinder.bh/en/plp/buy/land-for-sale-northern-governorate-hamala-1001529.html,2026-05-31T13:58:31.068517+00:00,2026-08-26T23:12:42.541291+00:00,87,2026-08-26T23:12:42.541291+00:00
2026-08-28,removed,1001538,,,Land,BD35.5 SQft | Easy Access to Main Road,62000.0,,,,BHD,sell,,,,,,,,,,,26.140336990356445,50.478271484375,,,,Samar Kafri,,,,,,,https://www.propertyfinder.bh/en/plp/buy/land-for-sale-northern-governorate-hamala-1001538.html,2026-07-28T21:13:30.461515+00:00,2026-08-26T23:12:42.541291+00:00,29,2026-08-26T23:12:42.541291+00:00
2026-08-28,removed,1001548,,,Villa,Modern | Pool Area | Luxurious & Spacious,600000.0,,,,BHD,sell,,,,,,,,Hanging Garden,,,26.27286720275879,50.672889709472656,,,,Samar Kafri,,NO,completed,,,,https://www.propertyfinder.bh/en/plp/buy/villa-for-sale-muharraq-governorate-dilmunia-island-hanging-garden-1001548.html,2026-07-28T21:13:30.461515+00:00,2026-08-26T23:12:42.541291+00:00,29,2026-08-26T23:12:42.541291+00:00
2026-08-28,removed,1001566,,,Apartment,High Floor | Terrace | Luxurious | Sea view,91000.0,,,,BHD,sell,,,,,,,,,,,26.239999771118164,50.5369987487793,,,,Samar Kafri,,NO,completed,,,,https://www.propertyfinder.bh/en/plp/buy/apartment-for-sale-capital-governorate-seef-1001566.html,2026-05-31T13:58:31.068517+00:00,2026-08-26T23:12:42.541291+00:00,87,2026-08-26T23:12:42.541291+00:00
2026-08-28,removed,1001567,,,Apartment,Sea View | Luxurious | Terrace | Navy Approved,700.0,,,,BHD,monthly,,,,,,,,,,,26.239999771118164,50.5369987487793,,,,Samar Kafri,,YES,,,,,https://www.propertyfinder.bh/en/plp/rent/apartment-for-rent-capital-governorate-seef-1001567.html,2026-06-09T13:03:47.398622+00:00,2026-08-26T23:12:42.541291+00:00,78,2026-08-26T23:12:42.541291+00:00
2026-08-28,removed,1001570,,,Apartment,Beach access | Newly furnished | Balcony,67000.0,,,,BHD,sell,,,,,,,,,,,26.288480758666992,50.66381072998047,,,,Samar Kafri,,YES,completed,,,,https://www.propertyfinder.bh/en/plp/buy/apartment-for-sale-muharraq-governorate-amwaj-islands-1001570.html,2026-05-31T13:58:31.068517+00:00,2026-08-26T23:12:42.541291+00:00,87,2026-08-26T23:12:42.541291+00:00
2026-08-28,removed,1001595,,,Apartment,Duplex 3 BHK | SeaView | Inclusive,500.0,,,,BHD,monthly,,,,,,,,,,,26.211111068725586,50.601112365722656,,,,Mina Majdi,,YES,,,,,https://www.propertyfinder.bh/en/plp/rent/apartment-for-rent-capital-governorate-al-juffair-1001595.html,2026-07-16T13:23:22.641531+00:00,2026-08-26T23:12:42.541291+00:00,41,2026-08-26T23:12:42.541291+00:00
2026-08-28,removed,1001915,,,Villa,Compound | Closed kitchen | Maids Room,1100.0,,,,BHD,monthly,,,,,,,,,,,26.207910537719727,50.587345123291016,,,,Samar Kafri,,PARTLY,,,,,https://www.propertyfinder.bh/en/plp/rent/villa-for-rent-capital-governorate-manama-mahooz-1001915.html,2026-05-31T13:58:31.068517+00:00,2026-08-26T23:12:42.541291+00:00,87,2026-08-26T23:12:42.541291+00:00
2026-08-28,removed,1001917,,,Villa,Compound | Facilities | Maids room,900.0,,,,BHD,monthly,,,,,,,,,,,26.207910537719727,50.587345123291016,,,,Samar Kafri,,NO,,,,,https://www.propertyfinder.bh/en/plp/rent/villa-for-rent-capital-governorate-manama-mahooz-1001917.html,2026-05-31T13:58:31.068517+00:00,2026-08-26T23:12:42.541291+00:00,87,2026-08-26T23:12:42.541291+00:00
2026-08-28,removed,1001919,,,Apartment,Freehold | Luxurious | City View | Balcony,112000.0,,,,BHD,sell,,,,,,,,,,,26.239999771118164,50.5369987487793,,,,Samar Kafri,,YES,completed,,,,https://www.propertyfinder.bh/en/plp/buy/apartment-for-sale-capital-governorate-seef-1001919.html,2026-05-31T13:58:31.068517+00:00,2026-08-26T23:12:42.541291+00:00,87,2026-08-26T23:12:42.541291+00:00
2026-08-28,removed,1002580,,,Land,"RB Land For Sale in Janabiyah, Size 594m²",159850.0,,,,BHD,sell,,,,,,,,,,,26.185943603515625,50.46711349487305,,,,Rupal Dhakan,,,,,,,https://www.propertyfinder.bh/en/plp/buy/land-for-sale-northern-governorate-janabiya-1002580.html,2026-05-31T13:58:31.068517+00:00,2026-08-26T23:12:42.541291+00:00,87,2026-08-26T23:12:42.541291+00:00
2026-08-28,removed,1002945,,,Apartment,MODERN 1 BHK | BEACH VIEW | BALCONY,600.0,,,,BHD,monthly,,,,,,,,,,,26.241750717163086,50.5663948059082,,,,Mina Majdi,,YES,,,,,https://www.propertyfinder.bh/en/plp/rent/apartment-for-rent-capital-governorate-reef-island-1002945.html,2026-05-31T13:58:31.068517+00:00,2026-08-26T23:12:42.541291+00:00,87,2026-08-26T23:12:42.541291+00:00
2026-08-28,removed,51000152,,,Apartment,2 ensuite bedrooms/ maids room with bathroom,500.0,,,,BHD,monthly,,,,,,,,Essence of Dilmunia,,,26.27286720275879,50.672889709472656,,,,Myrah Ganapathy,,YES,,,,,https://www.propertyfinder.bh/en/plp/rent/apartment-for-rent-muharraq-governorate-dilmunia-island-essence-of-dilmunia-2Oa9UBJC5xo.html,2026-05-31T13:58:31.068517+00:00,2026-08-26T23:12:42.541291+00:00,87,2026-08-26T23:12:42.541291+00:00
2026-08-28,removed,51000259,,,Land,BHD 28.5 SQft | Close to Sea | Special Projects,138000.0,,,,BHD,sell,,,,,,,,,,,26.285566329956055,50.623756408691406,,,,Samar Kafri,,,,,,,https://www.propertyfinder.bh/en/plp/buy/land-for-sale-muharraq-governorate-al-dair-2PKsQUdizLc.html,2026-05-31T13:58:31.068517+00:00,2026-08-26T23:12:42.541291+00:00,87,2026-08-26T23:12:42.541291+00:00
2026-08-28,removed,51203541,,,Apartment,Beautiful flat for rent/ Seef/ Sea View/High Floor,500.0,,,,BHD,monthly,,,,,,,,,,,26.239999771118164,50.5369987487793,,,,Dafina Muca,,YES,,,,,https://www.propertyfinder.bh/en/plp/rent/apartment-for-rent-capital-governorate-seef-2PW8cYZzQjg.html,2026-05-31T13:58:31.068517+00:00,2026-08-26T23:12:42.541291+00:00,87,2026-08-26T23:12:42.541291+00:00
2026-08-28,removed,51234440,,,Apartment,Modern Apartment for Rent |1 Bedroom,450.0,,,,BHD,monthly,,,,,,,,,,,26.239999771118164,50.5369987487793,,,,H2H,,YES,,,,,https://www.propertyfinder.bh/en/plp/rent/apartment-for-rent-capital-governorate-seef-2PYfgrKwey8.html,2026-05-31T13:58:31.068517+00:00,2026-08-26T23:12:42.541291+00:00,87,2026-08-26T23:12:42.541291+00:00
2026-08-28,removed,51264063,,,Villa,Stunning 4BR Garden Villa in Janabiya,900.0,,,,BHD,monthly,,,,,,,,,,,26.185943603515625,50.46711349487305,,,,Fadhel Abbas,,PARTLY,,,,,https://www.propertyfinder.bh/en/plp/rent/villa-for-rent-northern-governorate-janabiya-2PaDuL5nfmK.html,2026-05-31T13:58:31.068517+00:00,2026-08-26T23:12:42.541291+00:00,87,2026-08-26T23:12:42.541291+00:00
2026-08-28,removed,51292273,,,Apartment,Modern Luxurious Apartment Maid Room Balcony,950.0,,,,BHD,monthly,,,,,,,,The Lagoon,,,26.287778854370117,50.66339111328125,,,,Mohammed Obaida,,YES,,,,,https://www.propertyfinder.bh/en/plp/rent/apartment-for-rent-muharraq-governorate-amwaj-islands-the-lagoon-2PaUyzYo7f6.html,2026-05-31T13:58:31.068517+00:00,2026-08-26T23:12:42.541291+00:00,87,2026-08-26T23:12:42.541291+00:00
2026-08-28,removed,51381792,,,Villa,Expansive 4BR Single-Story Villa in Saar Panoramic,1000.0,,,,BHD,monthly,,,,,,,,,,,26.19164276123047,50.48757553100586,,,,Fadhel Abbas,,PARTLY,,,,,https://www.propertyfinder.bh/en/plp/rent/villa-for-rent-northern-governorate-saar-2PfsnrJievY.html,2026-05-31T13:58:31.068517+00:00,2026-08-26T23:12:42.541291+00:00,87,2026-08-26T23:12:42.541291+00:00
2026-08-28,removed,51381930,,,Shop,Shop For Rent In Prime Location In Adliya,520.0,,,,BHD,monthly,,,,,,,,,,,26.214487075805664,50.584754943847656,,,,Ayman Idrees,,PARTLY,,,,,https://www.propertyfinder.bh/en/plp/commercial-rent/shop-for-rent-capital-governorate-manama-adliya-2PfwSc8sSxs.html,2026-05-31T13:58:31.068517+00:00,2026-08-26T23:12:42.541291+00:00,87,2026-08-26T23:12:42.541291+00:00
2026-08-28,removed,51412616,,,Villa,Nice and Classic Villa for Sale in Al Daih,40000.0,,,,BHD,sell,,,,,,,,,,,26.225631713867188,50.535701751708984,,,,Hassan Raed,,PARTLY,completed,,,,https://www.propertyfinder.bh/en/plp/buy/villa-for-sale-northern-governorate-al-daih-2PhttOCvMlE.html,2026-05-31T13:58:31.068517+00:00,2026-08-26T23:12:42.541291+00:00,87,2026-08-26T23:12:42.541291+00:00
2026-08-28,removed,51442302,,,Apartment,BRAND NEW | HOUSEKEEPING | INCLUSIVE,700.0,,,,BHD,monthly,,,,,,,,,,,26.239999771118164,50.5369987487793,,,,H2H,,YES,,,,,https://www.propertyfinder.bh/en/plp/rent/apartment-for-rent-capital-governorate-seef-2PjRPGhlvXc.html,2026-05-31T13:58:31.068517+00:00,2026-08-26T23:12:42.541291+00:00,87,2026-08-26T23:12:42.541291+00:00
2026-08-28,removed,51443727,,,Apartment,DUPLEX | INCLUSIVE | BRAND NEW | HOUSEKEEPING,1600.0,,,,BHD,monthly,,,,,,,,,,,26.239999771118164,50.5369987487793,,,,H2H,,YES,,,,,https://www.propertyfinder.bh/en/plp/rent/apartment-for-rent-capital-governorate-seef-2PkGZfGIsjo.html,2026-05-31T13:58:31.068517+00:00,2026-08-26T23:12:42.541291+00:00,87,2026-08-26T23:12:42.541291+00:00
2026-08-28,removed,51472807,,,Apartment,Modern | Spacious | Balcony | Storage | Gym,450.0,,,,BHD,monthly,,,,,,,,Amwaj Marina,,,26.293058395385742,50.65943908691406,,,,Mohamed Jamal,,YES,,,,,https://www.propertyfinder.bh/en/plp/rent/apartment-for-rent-muharraq-governorate-amwaj-islands-amwaj-marina-2Plu1gZnkNE.html,2026-05-31T13:58:31.068517+00:00,2026-08-26T23:12:42.541291+00:00,87,2026-08-26T23:12:42.541291+00:00
2026-08-28,removed,51556854,,,Shop,Covered Parking | Secure Entrance | Terrace,250.0,,,,BHD,monthly,,,,,,,,,,,26.05678367614746,50.61648178100586,,,,Samar Kafri,,PARTLY,,,,,https://www.propertyfinder.bh/en/plp/commercial-rent/shop-for-rent-southern-governorate-askar-2PqCB9M0QyG.html,2026-05-31T13:58:31.068517+00:00,2026-08-26T23:12:42.541291+00:00,87,2026-08-26T23:12:42.541291+00:00
2026-08-28,removed,51556855,,,Land,BD 32 SQft | Corner Plot | Ideal Area,228715.0,,,,BHD,sell,,,,,,,,,,,26.21023941040039,50.49468231201172,,,,Samar Kafri,,,,,,,https://www.propertyfinder.bh/en/plp/buy/land-for-sale-northern-governorate-maqabah-2PqCEMou5z6.html,2026-05-31T13:58:31.068517+00:00,2026-08-26T23:12:42.541291+00:00,87,2026-08-26T23:12:42.541291+00:00
2026-08-28,removed,51691483,,,Apartment,Sea View | Studio | Bright | balcony,320.0,,,,BHD,monthly,,,,,,,,,,,26.239999771118164,50.5369987487793,,,,Eman Abbas,,YES,,,,,https://www.propertyfinder.bh/en/plp/rent/apartment-for-rent-capital-governorate-seef-2PxjQo6oP4K.html,2026-05-31T13:58:31.068517+00:00,2026-08-26T23:12:42.541291+00:00,87,2026-08-26T23:12:42.541291+00:00
2026-08-28,removed,51692708,,,Apartment,5-STAR FACILITIES | LUXURY LIVING | PREMIUM 1 Bed,465.0,,,,BHD,monthly,,,,,,,,,,,26.239999771118164,50.5369987487793,,,,Eman Abbas,,YES,,,,,https://www.propertyfinder.bh/en/plp/rent/apartment-for-rent-capital-governorate-seef-2Pyjt2W2GS8.html,2026-05-31T13:58:31.068517+00:00,2026-08-26T23:12:42.541291+00:00,87,2026-08-26T23:12:42.541291+00:00
2026-08-28,removed,51878252,,,Apartment,MODERN | SPACIOUS | Near Saudi Causway,650.0,,,,BHD,monthly,,,,,,,,,,,26.185943603515625,50.46711349487305,,,,Eman Abbas,,YES,,,,,https://www.propertyfinder.bh/en/plp/rent/apartment-for-rent-northern-governorate-janabiya-2QAJ5rt6zmC.html,2026-05-31T13:58:31.068517+00:00,2026-08-26T23:12:42.541291+00:00,87,2026-08-26T23:12:42.541291+00:00
2026-08-28,removed,52116716,,,Apartment,BRAND NEW BUILDING TWO BEDROOMS APARTMENT FAMILIES,310.0,,,,BHD,monthly,,,,,,,,,,,26.21672821044922,50.55367660522461,,,,Abdulla AlSamahiji,,YES,,,,,https://www.propertyfinder.bh/en/plp/rent/apartment-for-rent-capital-governorate-manama-al-burhama-52116716.html,2026-06-02T17:34:08.678888+00:00,2026-08-26T23:12:42.541291+00:00,85,2026-08-26T23:12:42.541291+00:00
2026-08-28,removed,52195408,,,Apartment,AMAZING FACILITIES 3 STORY APARTMENT IN UM ALHASAM,650.0,,,,BHD,monthly,,,,,,,,,,,26.203079223632812,50.594947814941406,,,,Joyace  Joy,,PARTLY,,,,,https://www.propertyfinder.bh/en/plp/rent/apartment-for-rent-capital-governorate-manama-um-al-hasam-52195408.html,2026-07-27T21:16:55.514144+00:00,2026-08-26T23:12:42.541291+00:00,30,2026-08-26T23:12:42.541291+00:00
2026-08-28,removed,52195460,,,Apartment,Luxury Fully Furnished Apartment for Rent Sanabis,400.0,,,,BHD,monthly,,,,,,,,Sanabis,,,26.226558685302734,50.5459098815918,,,,Mahmood  Saeed,,YES,,,,,https://www.propertyfinder.bh/en/plp/rent/apartment-for-rent-capital-governorate-manama-sanabis-52195460.html,2026-05-31T13:58:31.068517+00:00,2026-08-26T23:12:42.541291+00:00,87,2026-08-26T23:12:42.541291+00:00
2026-08-28,removed,52196531,,,Shop,Shop for Rent in Prime Location – Seef Area,2350.0,,,,BHD,monthly,,,,,,,,,,,26.239999771118164,50.5369987487793,,,,Abbas  Altaraifi,,PARTLY,,,,,https://www.propertyfinder.bh/en/plp/commercial-rent/shop-for-rent-capital-governorate-seef-52196531.html,2026-07-27T21:16:55.514144+00:00,2026-08-26T23:12:42.541291+00:00,30,2026-08-26T23:12:42.541291+00:00
2026-08-28,removed,52222037,,,Apartment,Brand New Apartment Near Gulf University,360.0,,,,BHD,monthly,,,,,,,,Al Bahair,,,26.149368286132812,50.56598663330078,,,,Aysha Adil,,PARTLY,,,,,https://www.propertyfinder.bh/en/plp/rent/apartment-for-rent-southern-governorate-riffa-al-bahair-52222037.html,2026-05-31T13:58:31.068517+00:00,2026-08-26T23:12:42.541291+00:00,87,2026-08-26T23:12:42.541291+00:00
2026-08-28,removed,52222041,,,Apartment,Invest Smart Harbor Luxury 7-Years PP 0% Interest,71280.0,,,,BHD,sell,,,,,,,,Bahrain Financial Harbour,,,26.23778533935547,50.57342529296875,,,,H2H,,PARTLY,off_plan_primary,,,,https://www.propertyfinder.bh/en/plp/buy/apartment-for-sale-capital-governorate-manama-bahrain-financial-harbour-52222041.html,2026-05-31T13:58:31.068517+00:00,2026-08-26T23:12:42.541291+00:00,87,2026-08-26T23:12:42.541291+00:00
2026-08-28,removed,52222043,,,Penthouse,Luxury Penthouse 3BR| 230000BD instead of 260000BD,260000.0,,,,BHD,sell,,,,,,,,,,,26.241750717163086,50.5663948059082,,,,H2H,,NO,completed,,,,https://www.propertyfinder.bh/en/plp/buy/penthouse-for-sale-capital-governorate-reef-island-52222043.html,2026-05-31T13:58:31.068517+00:00,2026-08-26T23:12:42.541291+00:00,87,2026-08-26T23:12:42.541291+00:00
2026-08-28,removed,52222045,,,Apartment,New Project in Marassi Studio For Sale 6 years PP,67888.0,,,,BHD,sell,,,,,,,,Diyar Al Muharraq,,,26.303447723388672,50.6461296081543,,,,Katherine Chapman,,PARTLY,off_plan_primary,,,,https://www.propertyfinder.bh/en/plp/buy/apartment-for-sale-muharraq-governorate-diyar-al-muharraq-marassi-al-bahrain-52222045.html,2026-05-31T13:58:31.068517+00:00,2026-08-26T23:12:42.541291+00:00,87,2026-08-26T23:12:42.541291+00:00
2026-08-28,removed,52222052,,,Apartment,High-ROI | Brand New 1BR Ultra Luxury Smart Home,80000.0,,,,BHD,sell,,,,,,,,,,,26.239999771118164,50.5369987487793,,,,H2H,,YES,completed_primary,,,,https://www.propertyfinder.bh/en/plp/buy/apartment-for-sale-capital-governorate-seef-52222052.html,2026-05-31T13:58:31.068517+00:00,2026-08-26T23:12:42.541291+00:00,87,2026-08-26T23:12:42.541291+00:00
2026-08-28,removed,52248815,,,Apartment,For rent nice 2bhk with EWA in Sitra,200.0,,,,BHD,monthly,,,,,,,,,,,26.162988662719727,50.6124267578125,,,,Yes Real Estate,,NO,,,,,https://www.propertyfinder.bh/en/plp/rent/apartment-for-rent-central-governorate-sitra-52248815.html,2026-05-31T13:58:31.068517+00:00,2026-08-26T23:12:42.541291+00:00,87,2026-08-26T23:12:42.541291+00:00
2026-08-28,removed,52275241,,,Apartment,HIGH FLOOR - PANORAMIC VIEW - PAYMENT PLAN!,77750.0,,,,BHD,sell,,,,,,,,,,,26.288480758666992,50.66381072998047,,,,Dafina Muca,,PARTLY,off_plan_primary,,,,https://www.propertyfinder.bh/en/plp/buy/apartment-for-sale-muharraq-governorate-amwaj-islands-52275241.html,2026-05-31T13:58:31.068517+00:00,2026-08-26T23:12:42.541291+00:00,87,2026-08-26T23:12:42.541291+00:00
2026-08-28,removed,52300515,,,Villa,Huge villa for sale in Saar with pool,1000000.0,,,,BHD,sell,,,,,,,,,,,26.19164276123047,50.48757553100586,,,,Hassan Raed,,YES,completed,,,,https://www.propertyfinder.bh/en/plp/buy/villa-for-sale-northern-governorate-saar-52300515.html,2026-05-31T13:58:31.068517+00:00,2026-08-26T23:12:42.541291+00:00,87,2026-08-26T23:12:42.541291+00:00
2026-08-28,removed,52300544,,,Villa,4 roads Fully furnished Villa for Sale in Budaiya!,215000.0,,,,BHD,sell,,,,,,,,,,,26.213165283203125,50.447471618652344,,,,Hassan Raed,,YES,completed,,,,https://www.propertyfinder.bh/en/plp/buy/villa-for-sale-northern-governorate-budaiya-52300544.html,2026-05-31T13:58:31.068517+00:00,2026-08-26T23:12:42.541291+00:00,87,2026-08-26T23:12:42.541291+00:00
2026-08-28,removed,52300572,,,Villa,Villa for Sale in Al Daih; Nice and Comfortable,60000.0,,,,BHD,sell,,,,,,,,,,,26.225631713867188,50.535701751708984,,,,Hassan Raed,,PARTLY,completed,,,,https://www.propertyfinder.bh/en/plp/buy/villa-for-sale-northern-governorate-al-daih-52300572.html,2026-05-31T13:58:31.068517+00:00,2026-08-26T23:12:42.541291+00:00,87,2026-08-26T23:12:42.541291+00:00
2026-08-28,removed,52435693,,,Apartment,spacious modren apartments in Isa Town (jed ali ),190.0,,,,BHD,monthly,,,,,,,,,,,26.16529655456543,50.552181243896484,,,,Ali Alkhunaizi,,NO,,,,,https://www.propertyfinder.bh/en/plp/rent/apartment-for-rent-central-governorate-isa-town-52435693.html,2026-05-31T13:58:31.068517+00:00,2026-08-26T23:12:42.541291+00:00,87,2026-08-26T23:12:42.541291+00:00
2026-08-28,removed,52435944,,,Villa,New 5BHK fully furnished villa for sale in Budaiya,255000.0,,,,BHD,sell,,,,,,,,,,,26.213165283203125,50.447471618652344,,,,Dafina Muca,,YES,completed,,,,https://www.propertyfinder.bh/en/plp/buy/villa-for-sale-northern-governorate-budaiya-989100.html,2026-05-31T13:58:31.068517+00:00,2026-08-26T23:12:42.541291+00:00,87,2026-08-26T23:12:42.541291+00:00
2026-08-28,removed,52435955,,,Villa,Enormous Villa for Sale in Jannusan,600000.0,,,,BHD,sell,,,,,,,,,,,26.22623634338379,50.49492263793945,,,,Zaid Ahmed,,PARTLY,completed,,,,https://www.propertyfinder.bh/en/plp/buy/villa-for-sale-northern-governorate-jannusan-975501.html,2026-05-31T13:58:31.068517+00:00,2026-08-26T23:12:42.541291+00:00,87,2026-08-26T23:12:42.541291+00:00
2026-08-28,removed,52436504,,,Apartment,1 BHK Big Flat For Rent In Riffa – Near Lulu W EWA,170.0,,,,BHD,monthly,,,,,,,,,,,26.1314754486084,50.568843841552734,,,,salman siraj,,NO,,,,,https://www.propertyfinder.bh/en/plp/rent/apartment-for-rent-southern-governorate-riffa-bu-kowarah-52436504.html,2026-06-02T13:15:39.812588+00:00,2026-08-26T23:12:42.541291+00:00,85,2026-08-26T23:12:42.541291+00:00
2026-08-28,removed,52462273,,,Villa,Beautiful 2 story villa in Busaiteen for rent,900.0,,,,BHD,monthly,,,,,,,,,,,26.27199935913086,50.60900115966797,,,,Dafina Muca,,YES,,,,,https://www.propertyfinder.bh/en/plp/rent/villa-for-rent-muharraq-governorate-busaiteen-52462273.html,2026-05-31T13:58:31.068517+00:00,2026-08-26T23:12:42.541291+00:00,87,2026-08-26T23:12:42.541291+00:00
2026-08-28,removed,52463419,,,Apartment,Apartment for Rent in Janabiya 3Bedrooms Furnished,300.0,,,,BHD,monthly,,,,,,,,,,,26.19164276123047,50.48757553100586,,,,Mahmood  Saeed,,YES,,,,,https://www.propertyfinder.bh/en/plp/rent/apartment-for-rent-northern-governorate-saar-52463419.html,2026-05-31T13:58:31.068517+00:00,2026-08-26T23:12:42.541291+00:00,87,2026-08-26T23:12:42.541291+00:00
2026-08-28,removed,52623543,,,Apartment,Luxury Two-bed Apartment | Great Location,71000.0,,,,BHD,sell,,,,,,,,Amwaj Marina,,,26.293058395385742,50.65943908691406,,,,Ebrahim Hassani,,YES,completed,,,,https://www.propertyfinder.bh/en/plp/buy/apartment-for-sale-muharraq-governorate-amwaj-islands-amwaj-marina-52623543.html,2026-05-31T13:58:31.068517+00:00,2026-08-26T23:12:42.541291+00:00,87,2026-08-26T23:12:42.541291+00:00
2026-08-28,removed,52623715,,,Apartment,Luxurious | 3 Bhk |Furnished |  ready to move |,550.0,,,,BHD,monthly,,,,,,,,,,,26.185943603515625,50.46711349487305,,,,Millennium Capital Property,,YES,,,,,https://www.propertyfinder.bh/en/plp/rent/apartment-for-rent-northern-governorate-janabiya-52623715.html,2026-07-27T21:16:55.514144+00:00,2026-08-26T23:12:42.541291+00:00,30,2026-08-26T23:12:42.541291+00:00
2026-08-28,removed,52649848,,,Apartment,Apartment for Rent – Saar In Good Location,320.0,,,,BHD,monthly,,,,,,,,,,,26.19164276123047,50.48757553100586,,,,Mahmood  Saeed,,PARTLY,,,,,https://www.propertyfinder.bh/en/plp/rent/apartment-for-rent-northern-governorate-saar-52649848.html,2026-05-31T13:58:31.068517+00:00,2026-08-26T23:12:42.541291+00:00,87,2026-08-26T23:12:42.541291+00:00
2026-08-28,removed,52675239,,,Apartment,High Demand Location/ Modern apartment/Balcony !!,80000.0,,,,BHD,sell,,,,,,,,,,,26.185943603515625,50.46711349487305,,,,Dafina Muca,,PARTLY,completed,,,,https://www.propertyfinder.bh/en/plp/buy/apartment-for-sale-northern-governorate-janabiya-52675239.html,2026-05-31T13:58:31.068517+00:00,2026-08-26T23:12:42.541291+00:00,87,2026-08-26T23:12:42.541291+00:00
2026-08-28,removed,52753042,,,Apartment,Apartments for rent in Seef below market price,580.0,,,,BHD,monthly,,,,,,,,,,,26.239999771118164,50.5369987487793,,,,Mohamed Alnajjar,,YES,,,,,https://www.propertyfinder.bh/en/plp/rent/apartment-for-rent-capital-governorate-seef-52753042.html,2026-05-31T13:58:31.068517+00:00,2026-08-26T23:12:42.541291+00:00,87,2026-08-26T23:12:42.541291+00:00
2026-08-28,removed,52754364,,,Villa,"Beautiful 4Bed Villa wPool, small comp BD1100",1100.0,,,,BHD,monthly,,,,,,,,,,,26.185943603515625,50.46711349487305,,,,Jasmine Dhakan,,PARTLY,,,,,https://www.propertyfinder.bh/en/plp/rent/villa-for-rent-northern-governorate-janabiya-52754364.html,2026-05-31T13:58:31.068517+00:00,2026-08-26T23:12:42.541291+00:00,87,2026-08-26T23:12:42.541291+00:00
2026-08-28,removed,52754388,,,Villa,An small comp 4 Bed Villa with big Garden and Pool,1200.0,,,,BHD,monthly,,,,,,,,,,,26.185943603515625,50.46711349487305,,,,Jasmine Dhakan,,PARTLY,,,,,https://www.propertyfinder.bh/en/plp/rent/villa-for-rent-northern-governorate-janabiya-52754388.html,2026-05-31T13:58:31.068517+00:00,2026-08-26T23:12:42.541291+00:00,87,2026-08-26T23:12:42.541291+00:00
2026-08-28,removed,52805181,,,Villa,Luxury Beachfront Villa for Rent in  bu ghazal,1250.0,,,,BHD,monthly,,,,,,,,,,,26.207796096801758,50.57180404663086,,,,Mustafa  Ebrahim,,PARTLY,,,,,https://www.propertyfinder.bh/en/plp/rent/villa-for-rent-capital-governorate-manama-bu-ghazal-52805181.html,2026-05-31T13:58:31.068517+00:00,2026-08-26T23:12:42.541291+00:00,87,2026-08-26T23:12:42.541291+00:00
2026-08-28,removed,52906651,,,Apartment,Balcony | near st Christopher school | clean |neat,300.0,,,,BHD,monthly,,,,,,,,,,,26.19164276123047,50.48757553100586,,,,AHMED ALI ,,YES,,,,,https://www.propertyfinder.bh/en/plp/rent/apartment-for-rent-northern-governorate-saar-52906651.html,2026-07-27T21:16:55.514144+00:00,2026-08-26T23:12:42.541291+00:00,30,2026-08-26T23:12:42.541291+00:00
2026-08-28,removed,52956945,,,Land,BD 32 SQft | Corner Plot | Ideal Area,228715.0,,,,BHD,sell,,,,,,,,,,,26.21023941040039,50.49468231201172,,,,Samar Kafri,,,,,,,https://www.propertyfinder.bh/en/plp/buy/land-for-sale-northern-governorate-maqabah-52956945.html,2026-05-31T13:58:31.068517+00:00,2026-08-26T23:12:42.541291+00:00,87,2026-08-26T23:12:42.541291+00:00
2026-08-28,removed,53006661,,,Villa,District Boulevard: Where Comfort Meets Lifestyle,650000.0,,,,BHD,sell,,,,,,,,,,,26.185943603515625,50.46711349487305,,,,Mahmood Mohamed,,YES,completed_primary,,,,https://www.propertyfinder.bh/en/plp/buy/villa-for-sale-northern-governorate-janabiya-53006661.html,2026-05-31T13:58:31.068517+00:00,2026-08-26T23:12:42.541291+00:00,87,2026-08-26T23:12:42.541291+00:00
2026-08-28,removed,53032525,,,Apartment,Great Office For Rent In Prime Location,360.0,,,,BHD,monthly,,,,,,,,,,,26.202558517456055,50.519554138183594,,,,Ayman Idrees,,PARTLY,,,,,https://www.propertyfinder.bh/en/plp/rent/apartment-for-rent-northern-governorate-bu-quwah-53032525.html,2026-07-18T20:57:18.053218+00:00,2026-08-26T23:12:42.541291+00:00,39,2026-08-26T23:12:42.541291+00:00
2026-08-28,removed,53033892,,,Apartment,Affordable flat for rent in Janabiya,240.0,,,,BHD,monthly,,,,,,,,,,,26.185943603515625,50.46711349487305,,,,Dafina Muca,,NO,,,,,https://www.propertyfinder.bh/en/plp/rent/apartment-for-rent-northern-governorate-janabiya-53033892.html,2026-05-31T13:58:31.068517+00:00,2026-08-26T23:12:42.541291+00:00,87,2026-08-26T23:12:42.541291+00:00
2026-08-28,removed,53033899,,,Apartment,Luxury flat for rent in Seef/Ready to move in,850.0,,,,BHD,monthly,,,,,,,,,,,26.239999771118164,50.5369987487793,,,,Dafina Muca,,YES,,,,,https://www.propertyfinder.bh/en/plp/rent/apartment-for-rent-capital-governorate-seef-53033899.html,2026-05-31T13:58:31.068517+00:00,2026-08-26T23:12:42.541291+00:00,87,2026-08-26T23:12:42.541291+00:00
2026-08-28,removed,53058835,,,Apartment,Elegant 1-Bedroom for rent in Seef with Great View,400.0,,,,BHD,monthly,,,,,,,,,,,26.239999771118164,50.5369987487793,,,,Dafina Muca,,YES,,,,,https://www.propertyfinder.bh/en/plp/rent/apartment-for-rent-capital-governorate-seef-53058835.html,2026-05-31T13:58:31.068517+00:00,2026-08-26T23:12:42.541291+00:00,87,2026-08-26T23:12:42.541291+00:00
2026-08-28,removed,53058970,,,Apartment,"Great Investment Opportunity, Ready Rented Studio",55000.0,,,,BHD,sell,,,,,,,,,,,26.211111068725586,50.601112365722656,,,,Dafina Muca,,YES,completed,,,,https://www.propertyfinder.bh/en/plp/buy/apartment-for-sale-capital-governorate-al-juffair-53058970.html,2026-05-31T13:58:31.068517+00:00,2026-08-26T23:12:42.541291+00:00,87,2026-08-26T23:12:42.541291+00:00
2026-08-28,removed,53058996,,,Apartment,Hot Deal!!! For Sale 1 Bedroom/Furnished/High ROI,37000.0,,,,BHD,sell,,,,,,,,,,,26.211111068725586,50.601112365722656,,,,Dafina Muca,,YES,completed,,,,https://www.propertyfinder.bh/en/plp/buy/apartment-for-sale-capital-governorate-al-juffair-53058996.html,2026-05-31T13:58:31.068517+00:00,2026-08-26T23:12:42.541291+00:00,87,2026-08-26T23:12:42.541291+00:00
2026-08-28,removed,53059848,,,Apartment,Cozy Affordable 2 Bedroom for Rent in Saar,400.0,,,,BHD,monthly,,,,,,,,,,,26.19164276123047,50.48757553100586,,,,Dafina Muca,,YES,,,,,https://www.propertyfinder.bh/en/plp/rent/apartment-for-rent-northern-governorate-saar-53059848.html,2026-05-31T13:58:31.068517+00:00,2026-08-26T23:12:42.541291+00:00,87,2026-08-26T23:12:42.541291+00:00
2026-08-28,removed,53059863,,,Apartment,"Modern Luxury 1 Bedroom with Stunning Views,",630.0,,,,BHD,monthly,,,,,,,,,,,26.239999771118164,50.5369987487793,,,,Dafina Muca,,YES,,,,,https://www.propertyfinder.bh/en/plp/rent/apartment-for-rent-capital-governorate-seef-53059863.html,2026-05-31T13:58:31.068517+00:00,2026-08-26T23:12:42.541291+00:00,87,2026-08-26T23:12:42.541291+00:00
2026-08-28,removed,53085241,,,Villa,Stunning Compound Villa with Garden,980.0,,,,BHD,monthly,,,,,,,,,,,26.185943603515625,50.46711349487305,,,,Husain Alsebea,,PARTLY,,,,,https://www.propertyfinder.bh/en/plp/rent/villa-for-rent-northern-governorate-janabiya-53085241.html,2026-05-31T13:58:31.068517+00:00,2026-08-26T23:12:42.541291+00:00,87,2026-08-26T23:12:42.541291+00:00
2026-08-28,removed,53086429,,,Apartment,Pool | Gym | 24/7 Security | Prime Location,300.0,,,,BHD,monthly,,,,,,,,,,,26.211111068725586,50.601112365722656,,,,Samar Kafri,,YES,,,,,https://www.propertyfinder.bh/en/plp/rent/apartment-for-rent-capital-governorate-al-juffair-53086429.html,2026-07-28T21:13:30.461515+00:00,2026-08-26T23:12:42.541291+00:00,29,2026-08-26T23:12:42.541291+00:00
2026-08-28,removed,53267991,,,Apartment,Luxury Sea View Flat for Sale/Dilmunia Canal View!,100000.0,,,,BHD,sell,,,,,,,,Canal View,,,26.273908615112305,50.67207336425781,,,,Dafina Muca,,YES,completed,,,,https://www.propertyfinder.bh/en/plp/buy/apartment-for-sale-muharraq-governorate-dilmunia-island-canal-view-53267991.html,2026-05-31T14:33:55.753010+00:00,2026-08-26T23:12:42.541291+00:00,87,2026-08-26T23:12:42.541291+00:00
2026-08-28,removed,53268273,,,Villa,Gorgeous Villa for Sale Located in Qalali,420000.0,,,,BHD,sell,,,,,,,,,,,26.266666412353516,50.650001525878906,,,,Habib ALBanna,,PARTLY,completed,,,,https://www.propertyfinder.bh/en/plp/buy/villa-for-sale-muharraq-governorate-galali-53268273.html,2026-05-31T13:58:31.068517+00:00,2026-08-26T23:12:42.541291+00:00,87,2026-08-26T23:12:42.541291+00:00
2026-08-28,removed,53268302,,,Villa,"House for Sale, Located in Isa Town, on 3 Roads",110000.0,,,,BHD,sell,,,,,,,,,,,26.16529655456543,50.552181243896484,,,,Habib ALBanna,,PARTLY,completed,,,,https://www.propertyfinder.bh/en/plp/buy/villa-for-sale-central-governorate-isa-town-53268302.html,2026-05-31T13:58:31.068517+00:00,2026-08-26T23:12:42.541291+00:00,87,2026-08-26T23:12:42.541291+00:00
2026-08-28,removed,53268320,,,Villa,New Villa for Sale in Durrat Al Muharraq,142000.0,,,,BHD,sell,,,,,,,,,,,26.292892456054688,50.637081146240234,,,,Habib ALBanna,,PARTLY,completed,,,,https://www.propertyfinder.bh/en/plp/buy/villa-for-sale-muharraq-governorate-dahiyat-raya-53268320.html,2026-05-31T13:58:31.068517+00:00,2026-08-26T23:12:42.541291+00:00,87,2026-08-26T23:12:42.541291+00:00
2026-08-28,removed,53268329,,,Villa,"Villa for Sale in Arad, Brand New and Modern",156000.0,,,,BHD,sell,,,,,,,,,,,26.25,50.650001525878906,,,,Habib ALBanna,,PARTLY,completed,,,,https://www.propertyfinder.bh/en/plp/buy/villa-for-sale-muharraq-governorate-arad-53268329.html,2026-05-31T13:58:31.068517+00:00,2026-08-26T23:12:42.541291+00:00,87,2026-08-26T23:12:42.541291+00:00
2026-08-28,removed,53268411,,,Villa,Nice and New Villa for Sale in Busaiteen,128000.0,,,,BHD,sell,,,,,,,,,,,26.27199935913086,50.60900115966797,,,,Habib ALBanna,,PARTLY,completed,,,,https://www.propertyfinder.bh/en/plp/buy/villa-for-sale-muharraq-governorate-busaiteen-53268411.html,2026-05-31T13:58:31.068517+00:00,2026-08-26T23:12:42.541291+00:00,87,2026-08-26T23:12:42.541291+00:00
2026-08-28,removed,53268671,,,Villa,"New Villa for Sale in Al Hamalah, Reasonable Price",112000.0,,,,BHD,sell,,,,,,,,,,,26.140336990356445,50.478271484375,,,,Hasan Ali,,NO,completed,,,,https://www.propertyfinder.bh/en/plp/buy/villa-for-sale-northern-governorate-hamala-53268671.html,2026-05-31T13:58:31.068517+00:00,2026-08-26T23:12:42.541291+00:00,87,2026-08-26T23:12:42.541291+00:00
2026-08-28,removed,53268846,,,Villa,Luxurious and Spacious Villa for Sale in Saar,215000.0,,,,BHD,sell,,,,,,,,,,,26.19164276123047,50.48757553100586,,,,Hassan Raed,,PARTLY,completed,,,,https://www.propertyfinder.bh/en/plp/buy/villa-for-sale-northern-governorate-saar-53268846.html,2026-05-31T13:58:31.068517+00:00,2026-08-26T23:12:42.541291+00:00,87,2026-08-26T23:12:42.541291+00:00
2026-08-28,removed,53269294,,,Villa,Stunning Modern 4 Bedroom Villa | New | Saar,1200.0,,,,BHD,monthly,,,,,,,,,,,26.19164276123047,50.48757553100586,,,,Husain Alsebea,,PARTLY,,,,,https://www.propertyfinder.bh/en/plp/rent/villa-for-rent-northern-governorate-saar-982528.html,2026-05-31T13:58:31.068517+00:00,2026-08-26T23:12:42.541291+00:00,87,2026-08-26T23:12:42.541291+00:00
2026-08-28,removed,53295682,,,Apartment,Sea View Penthouse with Huge Terrace,450.0,,,,BHD,monthly,,,,,,,,,,,26.239999771118164,50.5369987487793,,,,Husain Alsebea,,YES,,,,,https://www.propertyfinder.bh/en/plp/rent/apartment-for-rent-capital-governorate-seef-53295682.html,2026-08-25T20:39:04.524858+00:00,2026-08-26T23:12:42.541291+00:00,1,2026-08-26T23:12:42.541291+00:00
2026-08-28,removed,53432496,,,Apartment,Lovely and spacious home with sea view for Sale !,170000.0,,,,BHD,sell,,,,,,,,Diyar Al Muharraq,,,26.303447723388672,50.6461296081543,,,,Dafina Muca,,YES,completed,,,,https://www.propertyfinder.bh/en/plp/buy/apartment-for-sale-muharraq-governorate-diyar-al-muharraq-marassi-al-bahrain-53432496.html,2026-05-31T13:58:31.068517+00:00,2026-08-26T23:12:42.541291+00:00,87,2026-08-26T23:12:42.541291+00:00
2026-08-28,removed,53432578,,,Apartment,Luxury Sea View Flat for Sale/Dilmunia Canal View!,100000.0,,,,BHD,sell,,,,,,,,Canal View,,,26.273908615112305,50.67207336425781,,,,Dafina Muca,,YES,completed,,,,https://www.propertyfinder.bh/en/plp/buy/apartment-for-sale-muharraq-governorate-dilmunia-island-canal-view-53432578.html,2026-05-31T13:58:31.068517+00:00,2026-08-26T23:12:42.541291+00:00,87,2026-08-26T23:12:42.541291+00:00
2026-08-28,removed,53433545,,,Apartment,SEA VIEW | GREAT FACILITIES | NEAR CITY CENTRE,325.0,,,,BHD,monthly,,,,,,,,,,,26.239999771118164,50.5369987487793,,,,H2H,,YES,,,,,https://www.propertyfinder.bh/en/plp/rent/apartment-for-rent-capital-governorate-seef-53433545.html,2026-05-31T13:58:31.068517+00:00,2026-08-26T23:12:42.541291+00:00,87,2026-08-26T23:12:42.541291+00:00
2026-08-28,removed,53460375,,,Apartment,Family Apartment in Burhama / Low Price/With EWA,260.0,,,,BHD,monthly,,,,,,,,,,,26.21672821044922,50.55367660522461,,,,Sreejith Kunnil,,PARTLY,,,,,https://www.propertyfinder.bh/en/plp/rent/apartment-for-rent-capital-governorate-manama-al-burhama-53460375.html,2026-05-31T13:58:31.068517+00:00,2026-08-26T23:12:42.541291+00:00,87,2026-08-26T23:12:42.541291+00:00
2026-08-28,removed,53490282,,,Apartment,Luxury 3BR Near Al Sayh Seafront | Ready to Move,530.0,,,,BHD,monthly,,,,,,,,,,,26.27199935913086,50.60900115966797,,,,Soha Younes,,YES,,,,,https://www.propertyfinder.bh/en/plp/rent/apartment-for-rent-muharraq-governorate-busaiteen-53490282.html,2026-05-31T13:58:31.068517+00:00,2026-08-26T23:12:42.541291+00:00,87,2026-08-26T23:12:42.541291+00:00
2026-08-28,removed,53628398,,,Villa,Elegant 5bed furnished villa pvt pool garden -comp,1300.0,,,,BHD,monthly,,,,,,,,,,,26.185943603515625,50.46711349487305,,,,Jasmine Dhakan,,YES,,,,,https://www.propertyfinder.bh/en/plp/rent/villa-for-rent-northern-governorate-janabiya-53628398.html,2026-05-31T13:58:31.068517+00:00,2026-08-26T23:12:42.541291+00:00,87,2026-08-26T23:12:42.541291+00:00
2026-08-28,removed,53655360,,,Villa,Nice Villa for Sale Located in Janabiya,135000.0,,,,BHD,sell,,,,,,,,,,,26.185943603515625,50.46711349487305,,,,Hassan Raed,,YES,completed_primary,,,,https://www.propertyfinder.bh/en/plp/buy/villa-for-sale-northern-governorate-janabiya-53655360.html,2026-05-31T13:58:31.068517+00:00,2026-08-26T23:12:42.541291+00:00,87,2026-08-26T23:12:42.541291+00:00
2026-08-28,removed,53655493,,,Apartment,SPACIOUS 2 BED | CLOSED KITCHEN | FACILITIES,310.0,,,,BHD,monthly,,,,,,,,,,,26.239999771118164,50.5369987487793,,,,Joyace  Joy,,PARTLY,,,,,https://www.propertyfinder.bh/en/plp/rent/apartment-for-rent-capital-governorate-seef-53655493.html,2026-05-31T13:58:31.068517+00:00,2026-08-26T23:12:42.541291+00:00,87,2026-08-26T23:12:42.541291+00:00
2026-08-28,removed,53683013,,,Apartment,BALCONY | COZY | NEAR SEEF MALL | INCLUSIVE,450.0,,,,BHD,monthly,,,,,,,,,,,26.239999771118164,50.5369987487793,,,,H2H,,YES,,,,,https://www.propertyfinder.bh/en/plp/rent/apartment-for-rent-capital-governorate-seef-53683013.html,2026-05-31T13:58:31.068517+00:00,2026-08-26T23:12:42.541291+00:00,87,2026-08-26T23:12:42.541291+00:00
2026-08-28,removed,53709000,,,Land,BD 24 SQft | Compound Housing Land | Investment,490901.0,,,,BHD,sell,,,,,,,,,,,26.185943603515625,50.46711349487305,,,,Samar Kafri,,,,,,,https://www.propertyfinder.bh/en/plp/buy/land-for-sale-northern-governorate-janabiya-53709000.html,2026-05-31T13:58:31.068517+00:00,2026-08-26T23:12:42.541291+00:00,87,2026-08-26T23:12:42.541291+00:00
2026-08-28,removed,53710678,,,Land,Corner Plot | Al Sidra | Diyar Al Muharraq,110000.0,,,,BHD,sell,,,,,,,,Diyar Al Muharraq,Al Sidra,,26.31142234802246,50.64306640625,,,,Husain Jaber Abdulla Zaid,,,,,,,https://www.propertyfinder.bh/en/plp/buy/land-for-sale-muharraq-governorate-diyar-al-muharraq-al-sidra-53710678.html,2026-05-31T13:58:31.068517+00:00,2026-08-26T23:12:42.541291+00:00,87,2026-08-26T23:12:42.541291+00:00
2026-08-28,removed,53738203,,,Apartment,Rented 2BR Furnished Apt Harbour Row | Sea View,175000.0,,,,BHD,sell,,,,,,,,Bahrain Financial Harbour,,,26.23778533935547,50.57342529296875,,,,Sr Pegasus Agent Dridi,,YES,completed,,,,https://www.propertyfinder.bh/en/plp/buy/apartment-for-sale-capital-governorate-manama-bahrain-financial-harbour-53738203.html,2026-05-31T13:58:31.068517+00:00,2026-08-26T23:12:42.541291+00:00,87,2026-08-26T23:12:42.541291+00:00
2026-08-28,removed,53765853,,,Apartment,Newly furnished 1 BR | BALCONY AND SEA VIEW,330.0,,,,BHD,monthly,,,,,,,,The Treasure,,,26.27286720275879,50.672889709472656,,,,Zsuzsanna Gecse,,YES,,,,,https://www.propertyfinder.bh/en/plp/rent/apartment-for-rent-muharraq-governorate-dilmunia-island-the-treasure-53765853.html,2026-05-31T13:58:31.068517+00:00,2026-08-26T23:12:42.541291+00:00,87,2026-08-26T23:12:42.541291+00:00
2026-08-28,removed,53793169,,,Villa,Contemporary 4BR Villa | Private Pool in Janabiya,800.0,,,,BHD,monthly,,,,,,,,,,,26.185943603515625,50.46711349487305,,,,Joyace  Joy,,PARTLY,,,,,https://www.propertyfinder.bh/en/plp/rent/villa-for-rent-northern-governorate-janabiya-53793169.html,2026-05-31T13:58:31.068517+00:00,2026-08-26T23:12:42.541291+00:00,87,2026-08-26T23:12:42.541291+00:00
2026-08-28,removed,53822479,,,Apartment,Unlimited EWAIHouse KeepingIWifi -partial sea view,400.0,,,,BHD,monthly,,,,,,,,,,,26.241750717163086,50.5663948059082,,,,Joyace  Joy,,YES,,,,,https://www.propertyfinder.bh/en/plp/rent/apartment-for-rent-capital-governorate-reef-island-53822479.html,2026-05-31T13:58:31.068517+00:00,2026-08-26T23:12:42.541291+00:00,87,2026-08-26T23:12:42.541291+00:00
2026-08-28,removed,53850524,,,Villa,PRIVATE POOL-GARDEN | NEAR BSB SCHOOL| MAIDS ROOM,1200.0,,,,BHD,monthly,,,,,,,,,,,26.140336990356445,50.478271484375,,,,Joyace  Joy,,PARTLY,,,,,https://www.propertyfinder.bh/en/plp/rent/villa-for-rent-northern-governorate-hamala-53850524.html,2026-05-31T13:58:31.068517+00:00,2026-08-26T23:12:42.541291+00:00,87,2026-08-26T23:12:42.541291+00:00
2026-08-28,removed,53851275,,,Apartment,Spiral | HIGH FLOOR | WIDE BALCONY | RENTED,103000.0,,,,BHD,sell,,,,,,,,,,,26.239999771118164,50.5369987487793,,,,Eman Abbas,,YES,completed,,,,https://www.propertyfinder.bh/en/plp/buy/apartment-for-sale-capital-governorate-seef-53851275.html,2026-05-31T13:58:31.068517+00:00,2026-08-26T23:12:42.541291+00:00,87,2026-08-26T23:12:42.541291+00:00
2026-08-28,removed,53851391,,,Apartment,City View | Opposite Hilton Hotel | Families,360.0,,,,BHD,monthly,,,,,,,,,,,26.239999771118164,50.5369987487793,,,,Eman Abbas,,YES,,,,,https://www.propertyfinder.bh/en/plp/rent/apartment-for-rent-capital-governorate-seef-53851391.html,2026-05-31T13:58:31.068517+00:00,2026-08-26T23:12:42.541291+00:00,87,2026-08-26T23:12:42.541291+00:00
2026-08-28,removed,53878147,,,Apartment,1 Bedroom | Semi Furnished | Closed Kitchen,180.0,,,,BHD,monthly,,,,,,,,,,,26.21263313293457,50.67418670654297,,,,Abu Bakar Siddque,,PARTLY,,,,,https://www.propertyfinder.bh/en/plp/rent/apartment-for-rent-muharraq-governorate-hidd-53878147.html,2026-05-31T13:58:31.068517+00:00,2026-08-26T23:12:42.541291+00:00,87,2026-08-26T23:12:42.541291+00:00
2026-08-28,removed,53878148,,,Apartment,Spacious 2BHK | Semi Furnished | Closed Kitchen,240.0,,,,BHD,monthly,,,,,,,,,,,26.21263313293457,50.67418670654297,,,,Muhammad Usman,,PARTLY,,,,,https://www.propertyfinder.bh/en/plp/rent/apartment-for-rent-muharraq-governorate-hidd-53878148.html,2026-05-31T13:58:31.068517+00:00,2026-08-26T23:12:42.541291+00:00,87,2026-08-26T23:12:42.541291+00:00
2026-08-28,removed,53878149,,,Apartment,Semi Furnished 2 Bedroom | Closed Kitchen,240.0,,,,BHD,monthly,,,,,,,,,,,26.21263313293457,50.67418670654297,,,,Abu Bakar Siddque,,PARTLY,,,,,https://www.propertyfinder.bh/en/plp/rent/apartment-for-rent-muharraq-governorate-hidd-53878149.html,2026-05-31T13:58:31.068517+00:00,2026-08-26T23:12:42.541291+00:00,87,2026-08-26T23:12:42.541291+00:00
2026-08-28,removed,53878150,,,Apartment,Semi Furnished 2BR | 3 Bathrooms | Closed Kitchen,250.0,,,,BHD,monthly,,,,,,,,,,,26.21263313293457,50.67418670654297,,,,Muhammad Usman,,PARTLY,,,,,https://www.propertyfinder.bh/en/plp/rent/apartment-for-rent-muharraq-governorate-hidd-53878150.html,2026-05-31T13:58:31.068517+00:00,2026-08-26T23:12:42.541291+00:00,87,2026-08-26T23:12:42.541291+00:00
2026-08-28,removed,53878152,,,Apartment,2BHK | Semi Furnished | Balcony | Closed Kitchen,220.0,,,,BHD,monthly,,,,,,,,,,,26.21263313293457,50.67418670654297,,,,Muhammad Usman,,PARTLY,,,,,https://www.propertyfinder.bh/en/plp/rent/apartment-for-rent-muharraq-governorate-hidd-53878152.html,2026-05-31T13:58:31.068517+00:00,2026-08-26T23:12:42.541291+00:00,87,2026-08-26T23:12:42.541291+00:00
2026-08-28,removed,53878162,,,Apartment,3BR 4 Bath | Fully Furnished | Balcony | Maid room,270.0,,,,BHD,monthly,,,,,,,,,,,26.21263313293457,50.67418670654297,,,,Muhammad Usman,,YES,,,,,https://www.propertyfinder.bh/en/plp/rent/apartment-for-rent-muharraq-governorate-hidd-53878162.html,2026-05-31T13:58:31.068517+00:00,2026-08-26T23:12:42.541291+00:00,87,2026-08-26T23:12:42.541291+00:00
2026-08-28,removed,53878672,,,Apartment,MAJESTIC CITY & SEA VIEWS | ELEGANT FURNITURE,1500.0,,,,BHD,monthly,,,,,,,,,,,26.241750717163086,50.5663948059082,,,,Violeta Abboud,,YES,,,,,https://www.propertyfinder.bh/en/plp/rent/apartment-for-rent-capital-governorate-reef-island-53878672.html,2026-05-31T13:58:31.068517+00:00,2026-08-26T23:12:42.541291+00:00,87,2026-08-26T23:12:42.541291+00:00
2026-08-28,removed,53878679,,,Villa,Reduced Rent! Spacious | Semi Furnished Villa 3BR,600.0,,,,BHD,monthly,,,,,,,,,,,26.27199935913086,50.60900115966797,,,,Violeta Abboud,,PARTLY,,,,,https://www.propertyfinder.bh/en/plp/rent/villa-for-rent-muharraq-governorate-busaiteen-53878679.html,2026-05-31T13:58:31.068517+00:00,2026-08-26T23:12:42.541291+00:00,87,2026-08-26T23:12:42.541291+00:00
2026-08-28,removed,53878694,,,Apartment,ELEGANT & MODERN | BRAND NEW | GOOD INVESTMENT,63000.0,,,,BHD,sell,,,,,,,,Diyar Al Muharraq,Marassi Park Residences,,26.307302474975586,50.645973205566406,,,,Violeta Abboud,,YES,completed_primary,,,,https://www.propertyfinder.bh/en/plp/buy/apartment-for-sale-muharraq-governorate-diyar-al-muharraq-marassi-park-residences-53878694.html,2026-05-31T13:58:31.068517+00:00,2026-08-26T23:12:42.541291+00:00,87,2026-08-26T23:12:42.541291+00:00
2026-08-28,removed,53878698,,,Apartment,PRIME AREA | WELL ESTABLISHED BLDG. | MODERN,350.0,,,,BHD,monthly,,,,,,,,,,,26.211111068725586,50.601112365722656,,,,Violeta Abboud,,YES,,,,,https://www.propertyfinder.bh/en/plp/rent/apartment-for-rent-capital-governorate-al-juffair-53878698.html,2026-05-31T13:58:31.068517+00:00,2026-08-26T23:12:42.541291+00:00,87,2026-08-26T23:12:42.541291+00:00
2026-08-28,removed,53878706,,,Apartment,"ELEGANT,SPACIOUS 3 BEDROOMS FLAT FOR RENT IN AMWAJ",750.0,,,,BHD,monthly,,,,,,,,Amwaj Homes,,,26.288480758666992,50.66381072998047,,,,Violeta Abboud,,YES,,,,,https://www.propertyfinder.bh/en/plp/rent/apartment-for-rent-muharraq-governorate-amwaj-islands-amwaj-homes-980029.html,2026-05-31T13:58:31.068517+00:00,2026-08-26T23:12:42.541291+00:00,87,2026-08-26T23:12:42.541291+00:00
2026-08-28,removed,53906805,,,Apartment,Modern Affordable Private Villa | Near Macro Mart,650.0,,,,BHD,monthly,,,,,,,,,,,26.19164276123047,50.48757553100586,,,,Abijeet    ,,PARTLY,,,,,https://www.propertyfinder.bh/en/plp/rent/apartment-for-rent-northern-governorate-saar-53906805.html,2026-05-31T13:58:31.068517+00:00,2026-08-26T23:12:42.541291+00:00,87,2026-08-26T23:12:42.541291+00:00
2026-08-28,removed,54068458,,,Apartment,Infinity High Floors Tower A Balcony Sea View,900.0,,,,BHD,monthly,,,,,,,,,,,26.211111068725586,50.601112365722656,,,,Maher Alimadi,,YES,,,,,https://www.propertyfinder.bh/en/plp/rent/apartment-for-rent-capital-governorate-al-juffair-54068458.html,2026-06-03T09:37:20.928181+00:00,2026-08-26T23:12:42.541291+00:00,84,2026-08-26T23:12:42.541291+00:00
2026-08-28,removed,54179819,,,Villa,Stunning 5 Bedroom Waterfront  | Pool | Garden,2200.0,,,,BHD,monthly,,,,,,,,Saraya al Bahar,,,26.2982234954834,50.65825271606445,,,,Linda Mehdi,,YES,,,,,https://www.propertyfinder.bh/en/plp/rent/villa-for-rent-muharraq-governorate-amwaj-islands-saraya-al-bahar-54179819.html,2026-06-07T23:49:43.471320+00:00,2026-08-26T23:12:42.541291+00:00,79,2026-08-26T23:12:42.541291+00:00
2026-08-28,removed,54233688,,,Apartment,Flat For Rent In Shakhura,250.0,,,,BHD,monthly,,,,,,,,,,,26.20975685119629,50.50579833984375,,,,Ayman Idrees,,PARTLY,,,,,https://www.propertyfinder.bh/en/plp/rent/apartment-for-rent-northern-governorate-shakhura-54233688.html,2026-06-09T13:03:47.398622+00:00,2026-08-26T23:12:42.541291+00:00,78,2026-08-26T23:12:42.541291+00:00
2026-08-28,removed,54233993,,,Apartment,LUXURY TWO BEDROOMS APARTMENTS SPACIOUS BEAUTIFULL,300.0,,,,BHD,monthly,,,,,,,,,,,26.211111068725586,50.601112365722656,,,,Abdulla AlSamahiji,,YES,,,,,https://www.propertyfinder.bh/en/plp/rent/apartment-for-rent-capital-governorate-al-juffair-54233993.html,2026-07-27T21:16:55.514144+00:00,2026-08-26T23:12:42.541291+00:00,30,2026-08-26T23:12:42.541291+00:00
2026-08-28,removed,54262097,,,Villa,Luxury|Private Garden | Pool & Gym Access | Hamala,1250.0,,,,BHD,monthly,,,,,,,,,,,26.140336990356445,50.478271484375,,,,Joyace  Joy,,PARTLY,,,,,https://www.propertyfinder.bh/en/plp/rent/villa-for-rent-northern-governorate-hamala-54262097.html,2026-06-10T21:00:38.499992+00:00,2026-08-26T23:12:42.541291+00:00,77,2026-08-26T23:12:42.541291+00:00
2026-08-28,removed,54317956,,,Apartment,Onyx Sky Views | 39th Floor Above the Clouds 4bed,3500.0,,,,BHD,monthly,,,,,,,,Onyx Skyview,,,26.252017974853516,50.580989837646484,,,,Katarzyna Smolinska3668,,YES,,,,,https://www.propertyfinder.bh/en/plp/rent/apartment-for-rent-capital-governorate-manama-onyx-skyview-54317956.html,2026-06-12T20:52:20.984950+00:00,2026-08-26T23:12:42.541291+00:00,75,2026-08-26T23:12:42.541291+00:00
2026-08-28,removed,54317959,,,Apartment,INCLUSIVE | CITY VIEW | BALCONY,370.0,,,,BHD,monthly,,,,,,,,,,,26.239999771118164,50.5369987487793,,,,H2H,,YES,,,,,https://www.propertyfinder.bh/en/plp/rent/apartment-for-rent-capital-governorate-seef-54317959.html,2026-06-12T20:52:20.984950+00:00,2026-08-26T23:12:42.541291+00:00,75,2026-08-26T23:12:42.541291+00:00
2026-08-28,removed,54317977,,,Apartment,Onyx Sky Views | 39th Floor Above the Clouds 4bed,650000.0,,,,BHD,sell,,,,,,,,Onyx Skyview,,,26.252017974853516,50.580989837646484,,,,Katarzyna Smolinska3668,,YES,completed,,,,https://www.propertyfinder.bh/en/plp/buy/apartment-for-sale-capital-governorate-manama-onyx-skyview-54317977.html,2026-06-12T20:52:20.984950+00:00,2026-08-26T23:12:42.541291+00:00,75,2026-08-26T23:12:42.541291+00:00
2026-08-28,removed,54344060,,,Apartment,Modern Canal View Apartment with Spacious Balcony,750.0,,,,BHD,monthly,,,,,,,,Bahrain Financial Harbour,,,26.23778533935547,50.57342529296875,,,,Dafina Muca,,YES,,,,,https://www.propertyfinder.bh/en/plp/rent/apartment-for-rent-capital-governorate-manama-bahrain-financial-harbour-54344060.html,2026-06-13T20:35:51.033624+00:00,2026-08-26T23:12:42.541291+00:00,74,2026-08-26T23:12:42.541291+00:00
2026-08-28,removed,54344293,,,Apartment,BRIGHT / SPACIOUS / MODERN 1 BHK/ 1 UNIT LEFT ONLY,280.0,,,,BHD,monthly,,,,,,,,,,,26.185943603515625,50.46711349487305,,,,Unus Sirajuddin,,YES,,,,,https://www.propertyfinder.bh/en/plp/rent/apartment-for-rent-northern-governorate-janabiya-54344293.html,2026-06-13T20:35:51.033624+00:00,2026-08-26T23:12:42.541291+00:00,74,2026-08-26T23:12:42.541291+00:00
2026-08-28,removed,54345409,,,Apartment,HIGH DEMAND NO DEPOSITE ONE BEDROOM UNLIMITED EWAA,160.0,,,,BHD,monthly,,,,,,,,,,,26.218677520751953,50.59382247924805,,,,Abdulla AlSamahiji,,YES,,,,,https://www.propertyfinder.bh/en/plp/rent/apartment-for-rent-capital-governorate-manama-gudaibiya-54345409.html,2026-06-13T20:35:51.033624+00:00,2026-08-26T23:12:42.541291+00:00,74,2026-08-26T23:12:42.541291+00:00
2026-08-28,removed,54370762,,,Apartment,Spacious 4BR/Sea View/Well Maintained/Facilities,650.0,,,,BHD,monthly,,,,,,,,The Lagoon,,,26.287778854370117,50.66339111328125,,,,Anastasia Ageeva,,PARTLY,,,,,https://www.propertyfinder.bh/en/plp/rent/apartment-for-rent-muharraq-governorate-amwaj-islands-the-lagoon-54370762.html,2026-06-14T20:36:23.817039+00:00,2026-08-26T23:12:42.541291+00:00,73,2026-08-26T23:12:42.541291+00:00
2026-08-28,removed,54370800,,,Apartment,SEA VIEW-BALCONY-MODERN-HOUSEKEEPING-LUXURIOUS,400.0,,,,BHD,monthly,,,,,,,,,,,26.239999771118164,50.5369987487793,,,,Unus Sirajuddin,,YES,,,,,https://www.propertyfinder.bh/en/plp/rent/apartment-for-rent-capital-governorate-seef-54370800.html,2026-06-14T20:36:23.817039+00:00,2026-08-26T23:12:42.541291+00:00,73,2026-08-26T23:12:42.541291+00:00
2026-08-28,removed,54371017,,,Apartment,"Big Wrap Around Terrace, Private Access, Beachside",75000.0,,,,BHD,sell,,,,,,,,Tala Island,,,26.300025939941406,50.66316223144531,,,,Anastasia Ageeva,,YES,completed,,,,https://www.propertyfinder.bh/en/plp/buy/apartment-for-sale-muharraq-governorate-amwaj-islands-tala-island-54371017.html,2026-06-14T20:36:23.817039+00:00,2026-08-26T23:12:42.541291+00:00,73,2026-08-26T23:12:42.541291+00:00
2026-08-28,removed,54371207,,,Apartment,Deal -Near Mall - Sea View- City View - Inclusive,350.0,,,,BHD,monthly,,,,,,,,Manama Sea Front,,,26.24812126159668,50.57044219970703,,,,Unus Sirajuddin,,YES,,,,,https://www.propertyfinder.bh/en/plp/rent/apartment-for-rent-capital-governorate-manama-manama-sea-front-54371207.html,2026-06-14T20:36:23.817039+00:00,2026-08-26T23:12:42.541291+00:00,73,2026-08-26T23:12:42.541291+00:00
2026-08-28,removed,54424547,,,Villa,Villa - Private Garden & Smart Technology,1400.0,,,,BHD,monthly,,,,,,,,,,,26.140336990356445,50.478271484375,,,,Husain Alsebea,,PARTLY,,,,,https://www.propertyfinder.bh/en/plp/rent/villa-for-rent-northern-governorate-hamala-54424547.html,2026-06-16T21:07:55.403626+00:00,2026-08-26T23:12:42.541291+00:00,71,2026-08-26T23:12:42.541291+00:00
2026-08-28,removed,54478830,,,Apartment,Brand New Luxury 2 Bedroom Apartment/ Maid’s Room,550.0,,,,BHD,monthly,,,,,,,,,,,26.239999771118164,50.5369987487793,,,,Joyace  Joy,,YES,,,,,https://www.propertyfinder.bh/en/plp/rent/apartment-for-rent-capital-governorate-seef-54478830.html,2026-06-18T20:57:37.279688+00:00,2026-08-26T23:12:42.541291+00:00,69,2026-08-26T23:12:42.541291+00:00
2026-08-28,removed,54484936,,,Apartment,Furnished 2 BR Apartment with Shared Pool,380.0,,,,BHD,monthly,,,,,,,,,,,26.211111068725586,50.601112365722656,,,,RAJESH  SHIBU,,YES,,,,,https://www.propertyfinder.bh/en/plp/rent/apartment-for-rent-capital-governorate-al-juffair-54484936.html,2026-07-19T20:58:26.466026+00:00,2026-08-26T23:12:42.541291+00:00,38,2026-08-26T23:12:42.541291+00:00
2026-08-28,removed,54485022,,,Apartment,3 BR Furnished Apartment with Balcony and Gym,400.0,,,,BHD,monthly,,,,,,,,,,,26.211111068725586,50.601112365722656,,,,RAJESH  SHIBU,,YES,,,,,https://www.propertyfinder.bh/en/plp/rent/apartment-for-rent-capital-governorate-al-juffair-54485022.html,2026-06-24T20:40:58.428770+00:00,2026-08-26T23:12:42.541291+00:00,63,2026-08-26T23:12:42.541291+00:00
2026-08-28,removed,54540270,,,Villa,Private Pool | 4 Master BR | Prime Saar,1200.0,,,,BHD,monthly,,,,,,,,,,,26.19164276123047,50.48757553100586,,,,Samar Kafri,,PARTLY,,,,,https://www.propertyfinder.bh/en/plp/rent/villa-for-rent-northern-governorate-saar-54540270.html,2026-06-20T20:35:32.453033+00:00,2026-08-26T23:12:42.541291+00:00,67,2026-08-26T23:12:42.541291+00:00
2026-08-28,removed,54541337,,,Apartment,1 Bedroom Flat for rent in Tubli with ewa,270.0,,,,BHD,monthly,,,,,,,,,,,26.188888549804688,50.54999923706055,,,,RAJESH  SHIBU,,PARTLY,,,,,https://www.propertyfinder.bh/en/plp/rent/apartment-for-rent-central-governorate-tubli-54541337.html,2026-06-20T20:35:32.453033+00:00,2026-08-26T23:12:42.541291+00:00,67,2026-08-26T23:12:42.541291+00:00
2026-08-28,removed,54541783,,,Apartment,2BHK Flat for Rent in Riffa Near Lulu Unlimited EW,180.0,,,,BHD,monthly,,,,,,,,,,,26.130512237548828,50.55546569824219,,,,salman siraj,,NO,,,,,https://www.propertyfinder.bh/en/plp/rent/apartment-for-rent-southern-governorate-riffa-54541783.html,2026-06-20T20:35:32.453033+00:00,2026-08-26T23:12:42.541291+00:00,67,2026-08-26T23:12:42.541291+00:00
2026-08-28,removed,54541785,,,Apartment,Semi-Furnished 2 BHK Flat for Rent in Galali W EWA,200.0,,,,BHD,monthly,,,,,,,,,,,26.266666412353516,50.650001525878906,,,,salman siraj,,PARTLY,,,,,https://www.propertyfinder.bh/en/plp/rent/apartment-for-rent-muharraq-governorate-galali-54541785.html,2026-06-20T20:35:32.453033+00:00,2026-08-26T23:12:42.541291+00:00,67,2026-08-26T23:12:42.541291+00:00
2026-08-28,removed,54597543,,,Apartment,FAMILY COMPOUND /BALCONY / HOUSEKEEPING /INCLUSIVE,290.0,,,,BHD,monthly,,,,,,,,,,,26.211111068725586,50.601112365722656,,,,Unus Sirajuddin,,YES,,,,,https://www.propertyfinder.bh/en/plp/rent/apartment-for-rent-capital-governorate-al-juffair-54597543.html,2026-06-22T21:07:15.511458+00:00,2026-08-26T23:12:42.541291+00:00,65,2026-08-26T23:12:42.541291+00:00
2026-08-28,removed,54597620,,,Apartment,2 bedroom fully furnished Apartment for rent,280.0,,,,BHD,monthly,,,,,,,,,,,26.2102108001709,50.56403350830078,,,,RAJESH  SHIBU,,YES,,,,,https://www.propertyfinder.bh/en/plp/rent/apartment-for-rent-capital-governorate-manama-zinj-54597620.html,2026-06-22T21:07:15.511458+00:00,2026-08-26T23:12:42.541291+00:00,65,2026-08-26T23:12:42.541291+00:00
2026-08-28,removed,54597634,,,Apartment,1 Bedroom fully furnished Apartment for rent,230.0,,,,BHD,monthly,,,,,,,,,,,26.2102108001709,50.56403350830078,,,,RAJESH  SHIBU,,YES,,,,,https://www.propertyfinder.bh/en/plp/rent/apartment-for-rent-capital-governorate-manama-zinj-54597634.html,2026-06-22T21:07:15.511458+00:00,2026-08-26T23:12:42.541291+00:00,65,2026-08-26T23:12:42.541291+00:00
2026-08-28,removed,54597710,,,Apartment,2 Bedroom Semi furnished Flat for Rent,300.0,,,,BHD,monthly,,,,,,,,Sanabis,,,26.226558685302734,50.5459098815918,,,,RAJESH  SHIBU,,PARTLY,,,,,https://www.propertyfinder.bh/en/plp/rent/apartment-for-rent-capital-governorate-manama-sanabis-54597710.html,2026-06-22T21:07:15.511458+00:00,2026-08-26T23:12:42.541291+00:00,65,2026-08-26T23:12:42.541291+00:00
2026-08-28,removed,54597723,,,Apartment,3 Bedroom semi Furnished Apartment for rent,400.0,,,,BHD,monthly,,,,,,,,Sanabis,,,26.226558685302734,50.5459098815918,,,,RAJESH  SHIBU,,PARTLY,,,,,https://www.propertyfinder.bh/en/plp/rent/apartment-for-rent-capital-governorate-manama-sanabis-54597723.html,2026-06-22T21:07:15.511458+00:00,2026-08-26T23:12:42.541291+00:00,65,2026-08-26T23:12:42.541291+00:00
2026-08-28,removed,54598195,,,Apartment,Luxury Furnished flat for Rent/Brand New Furniture,1050.0,,,,BHD,monthly,,,,,,,,,,,26.239999771118164,50.5369987487793,,,,Dafina Muca,,YES,,,,,https://www.propertyfinder.bh/en/plp/rent/apartment-for-rent-capital-governorate-seef-54598195.html,2026-06-22T21:07:15.511458+00:00,2026-08-26T23:12:42.541291+00:00,65,2026-08-26T23:12:42.541291+00:00
2026-08-28,removed,54624982,,,Apartment,Apartments for rent in Marassi Shores Residences,650.0,,,,BHD,monthly,,,,,,,,Diyar Al Muharraq,Marassi Shores Residences,,26.303447723388672,50.6461296081543,,,,RAJESH  SHIBU,,YES,,,,,https://www.propertyfinder.bh/en/plp/rent/apartment-for-rent-muharraq-governorate-diyar-al-muharraq-marassi-shores-residences-54624982.html,2026-06-23T20:51:22.852189+00:00,2026-08-26T23:12:42.541291+00:00,64,2026-08-26T23:12:42.541291+00:00
2026-08-28,removed,54625286,,,Apartment,Luxury Apartment For Rent in Prime Location Saar,375.0,,,,BHD,monthly,,,,,,,,,,,26.19164276123047,50.48757553100586,,,,Ayman Idrees,,YES,,,,,https://www.propertyfinder.bh/en/plp/rent/apartment-for-rent-northern-governorate-saar-54625286.html,2026-06-23T20:51:22.852189+00:00,2026-08-26T23:12:42.541291+00:00,64,2026-08-26T23:12:42.541291+00:00
2026-08-28,removed,54625302,,,Apartment,Luxury Apartment For Rent in Prime Location Saar,330.0,,,,BHD,monthly,,,,,,,,,,,26.19164276123047,50.48757553100586,,,,Ayman Idrees,,YES,,,,,https://www.propertyfinder.bh/en/plp/rent/apartment-for-rent-northern-governorate-saar-54625302.html,2026-06-23T20:51:22.852189+00:00,2026-08-26T23:12:42.541291+00:00,64,2026-08-26T23:12:42.541291+00:00
2026-08-28,removed,54625318,,,Apartment,Luxury Apartment  in Prime Location Janabiya,330.0,,,,BHD,monthly,,,,,,,,,,,26.185943603515625,50.46711349487305,,,,Ayman Idrees,,YES,,,,,https://www.propertyfinder.bh/en/plp/rent/apartment-for-rent-northern-governorate-janabiya-54625318.html,2026-06-23T20:51:22.852189+00:00,2026-08-26T23:12:42.541291+00:00,64,2026-08-26T23:12:42.541291+00:00
2026-08-28,removed,54625507,,,Apartment,Luxury 2BR Waterfront Apartment | Bahrain Bay,800.0,,,,BHD,monthly,,,,,,,,,,,26.249584197998047,50.580360412597656,,,,Joyace  Joy,,YES,,,,,https://www.propertyfinder.bh/en/plp/rent/apartment-for-rent-capital-governorate-bahrain-bay-54625507.html,2026-06-23T20:51:22.852189+00:00,2026-08-26T23:12:42.541291+00:00,64,2026-08-26T23:12:42.541291+00:00
2026-08-28,removed,54625508,,,Apartment,HIGH LUXURIOUS THREE BEDROOMS AND SEA VIEW DUPLEXX,1500.0,,,,BHD,monthly,,,,,,,,,,,26.239999771118164,50.5369987487793,,,,Abdulla AlSamahiji,,YES,,,,,https://www.propertyfinder.bh/en/plp/rent/apartment-for-rent-capital-governorate-seef-54625508.html,2026-06-23T20:51:22.852189+00:00,2026-08-26T23:12:42.541291+00:00,64,2026-08-26T23:12:42.541291+00:00
2026-08-28,removed,54625628,,,Apartment,1 Bedroom Apartment for rent in Hoora,220.0,,,,BHD,monthly,,,,,,,,Exhibition Road,,,26.231962203979492,50.59507369995117,,,,RAJESH  SHIBU,,YES,,,,,https://www.propertyfinder.bh/en/plp/rent/apartment-for-rent-capital-governorate-hoora-exhibition-road-54625628.html,2026-06-23T20:51:22.852189+00:00,2026-08-26T23:12:42.541291+00:00,64,2026-08-26T23:12:42.541291+00:00
2026-08-28,removed,54626215,,,Villa,Beautiful Private Home w/Private Pool,140000.0,,,,BHD,sell,,,,,,,,Amwaj Avenue,,,26.29302978515625,50.66474151611328,,,,Jacob Thomas,,PARTLY,completed,,,,https://www.propertyfinder.bh/en/plp/buy/villa-for-sale-muharraq-governorate-amwaj-islands-amwaj-avenue-54626215.html,2026-06-23T20:51:22.852189+00:00,2026-08-26T23:12:42.541291+00:00,64,2026-08-26T23:12:42.541291+00:00
2026-08-28,removed,54626341,,,Apartment,HIGH DEMAND NO DEPOSIT LUXURY STUDIO UNLIMITED EWA,160.0,,,,BHD,monthly,,,,,,,,Exhibition Road,,,26.231962203979492,50.59507369995117,,,,Abdulla AlSamahiji,,PARTLY,,,,,https://www.propertyfinder.bh/en/plp/rent/apartment-for-rent-capital-governorate-hoora-exhibition-road-54626341.html,2026-06-23T20:51:22.852189+00:00,2026-08-26T23:12:42.541291+00:00,64,2026-08-26T23:12:42.541291+00:00
2026-08-28,removed,54654008,,,Apartment,SPACIOUS STUDIO / NEAR MALL / MODERN / BRIGHT,235.0,,,,BHD,monthly,,,,,,,,Sanabis,,,26.226558685302734,50.5459098815918,,,,Unus Sirajuddin,,YES,,,,,https://www.propertyfinder.bh/en/plp/rent/apartment-for-rent-capital-governorate-manama-sanabis-54654008.html,2026-06-24T20:40:58.428770+00:00,2026-08-26T23:12:42.541291+00:00,63,2026-08-26T23:12:42.541291+00:00
2026-08-28,removed,54654273,,,Apartment,1 bedroom Fully Furnished Flat in Busaiteen,300.0,,,,BHD,monthly,,,,,,,,,,,26.27199935913086,50.60900115966797,,,,RAJESH  SHIBU,,YES,,,,,https://www.propertyfinder.bh/en/plp/rent/apartment-for-rent-muharraq-governorate-busaiteen-54654273.html,2026-06-24T20:40:58.428770+00:00,2026-08-26T23:12:42.541291+00:00,63,2026-08-26T23:12:42.541291+00:00
2026-08-28,removed,54654372,,,Apartment,One-month Free rent - lowest rent- Wifi -Incluisve,300.0,,,,BHD,monthly,,,,,,,,,,,26.211111068725586,50.601112365722656,,,,Joyace  Joy,,YES,,,,,https://www.propertyfinder.bh/en/plp/rent/apartment-for-rent-capital-governorate-al-juffair-54654372.html,2026-06-24T20:40:58.428770+00:00,2026-08-26T23:12:42.541291+00:00,63,2026-08-26T23:12:42.541291+00:00
2026-08-28,removed,54654510,,,Apartment,BALCONY | PRPOOL GYM | SPACIOUS | CLOSED KITCHEN,350.0,,,,BHD,monthly,,,,,,,,,,,26.239999771118164,50.5369987487793,,,,Joyace  Joy,,PARTLY,,,,,https://www.propertyfinder.bh/en/plp/rent/apartment-for-rent-capital-governorate-seef-54654510.html,2026-06-24T20:40:58.428770+00:00,2026-08-26T23:12:42.541291+00:00,63,2026-08-26T23:12:42.541291+00:00
2026-08-28,removed,54743491,,,Apartment,Furnished 2 Bedroom | Balcony | Closed Kitchen,250.0,,,,BHD,monthly,,,,,,,,,,,26.21263313293457,50.67418670654297,,,,Muhammad Usman,,YES,,,,,https://www.propertyfinder.bh/en/plp/rent/apartment-for-rent-muharraq-governorate-hidd-54743491.html,2026-06-27T20:31:13.793073+00:00,2026-08-26T23:12:42.541291+00:00,60,2026-08-26T23:12:42.541291+00:00
2026-08-28,removed,54743492,,,Apartment,2 BR | Fully Furnished | Balcony | Closed Kitchen,250.0,,,,BHD,monthly,,,,,,,,,,,26.21263313293457,50.67418670654297,,,,Abu Bakar Siddque,,YES,,,,,https://www.propertyfinder.bh/en/plp/rent/apartment-for-rent-muharraq-governorate-hidd-54743492.html,2026-06-27T20:31:13.793073+00:00,2026-08-26T23:12:42.541291+00:00,60,2026-08-26T23:12:42.541291+00:00
2026-08-28,removed,54743494,,,Apartment,2BR | 3Bathroom | Balcony | Closed Kitchen,240.0,,,,BHD,monthly,,,,,,,,,,,26.21263313293457,50.67418670654297,,,,Abu Bakar Siddque,,YES,,,,,https://www.propertyfinder.bh/en/plp/rent/apartment-for-rent-muharraq-governorate-hidd-54743494.html,2026-06-27T20:31:13.793073+00:00,2026-08-26T23:12:42.541291+00:00,60,2026-08-26T23:12:42.541291+00:00
2026-08-28,removed,54743928,,,Villa,5 Bedrooms Villa | Closed Kitchen | 2 Parking,350.0,,,,BHD,monthly,,,,,,,,,,,26.12916374206543,50.49860763549805,,,,Alifya ,,NO,,,,,https://www.propertyfinder.bh/en/plp/rent/villa-for-rent-northern-governorate-hamad-town-54743928.html,2026-06-27T20:31:13.793073+00:00,2026-08-26T23:12:42.541291+00:00,60,2026-08-26T23:12:42.541291+00:00
2026-08-28,removed,54743966,,,Villa,Modern Villa | Prime Location |Private Garden|,650.0,,,,BHD,monthly,,,,,,,,,,,26.19164276123047,50.48757553100586,,,,Millennium Capital Property,,PARTLY,,,,,https://www.propertyfinder.bh/en/plp/rent/villa-for-rent-northern-governorate-saar-54743966.html,2026-06-27T20:31:13.793073+00:00,2026-08-26T23:12:42.541291+00:00,60,2026-08-26T23:12:42.541291+00:00
2026-08-28,removed,54744017,,,Apartment,Maids'room | Semi furnished | near the highway,280.0,,,,BHD,monthly,,,,,,,,,,,26.21263313293457,50.67418670654297,,,,AHMED ALI ,,PARTLY,,,,,https://www.propertyfinder.bh/en/plp/rent/apartment-for-rent-muharraq-governorate-hidd-54744017.html,2026-06-27T20:31:13.793073+00:00,2026-08-26T23:12:42.541291+00:00,60,2026-08-26T23:12:42.541291+00:00
2026-08-28,removed,54744066,,,Apartment,Near the Highway semi furnished covered parking,240.0,,,,BHD,monthly,,,,,,,,,,,26.21263313293457,50.67418670654297,,,,AHMED ALI ,,PARTLY,,,,,https://www.propertyfinder.bh/en/plp/rent/apartment-for-rent-muharraq-governorate-hidd-54744066.html,2026-06-27T20:31:13.793073+00:00,2026-08-26T23:12:42.541291+00:00,60,2026-08-26T23:12:42.541291+00:00
2026-08-28,removed,54744070,,,Office Space,sea view | Semi furnished | near the highway,290.0,,,,BHD,monthly,,,,,,,,,,,26.21263313293457,50.67418670654297,,,,AHMED ALI ,,PARTLY,,,,,https://www.propertyfinder.bh/en/plp/commercial-rent/office-space-for-rent-muharraq-governorate-hidd-54744070.html,2026-06-27T20:31:13.793073+00:00,2026-08-26T23:12:42.541291+00:00,60,2026-08-26T23:12:42.541291+00:00
2026-08-28,removed,54744318,,,Apartment,"Bright luxury home near Juffair Mall, all included",225.0,,,,BHD,monthly,,,,,,,,,,,26.211111068725586,50.601112365722656,,,,Unus Sirajuddin,,YES,,,,,https://www.propertyfinder.bh/en/plp/rent/apartment-for-rent-capital-governorate-al-juffair-54744318.html,2026-06-27T20:31:13.793073+00:00,2026-08-26T23:12:42.541291+00:00,60,2026-08-26T23:12:42.541291+00:00
2026-08-28,removed,54744406,,,Villa,INCLUSIVE -GARDEN -POOL -HOUSEKEEPING -WIFI -PET.,1380.0,,,,BHD,monthly,,,,,,,,,,,26.211111068725586,50.601112365722656,,,,Edna Maundu,,YES,,,,,https://www.propertyfinder.bh/en/plp/rent/villa-for-rent-capital-governorate-al-juffair-54744406.html,2026-06-27T20:31:13.793073+00:00,2026-08-26T23:12:42.541291+00:00,60,2026-08-26T23:12:42.541291+00:00
2026-08-28,removed,54799913,,,Apartment,Spacious & Cozy flat for rent in Janabiya/3 BED,450.0,,,,BHD,monthly,,,,,,,,,,,26.185943603515625,50.46711349487305,,,,Dafina Muca,,YES,,,,,https://www.propertyfinder.bh/en/plp/rent/apartment-for-rent-northern-governorate-janabiya-54799913.html,2026-06-29T20:43:30.057141+00:00,2026-08-26T23:12:42.541291+00:00,58,2026-08-26T23:12:42.541291+00:00
2026-08-28,removed,54799943,,,Office Space,Gold LEED Certified Business Address | NBB Tower,4200.0,,,,BHD,monthly,,,,,,,,Manama Downtown,,,26.23276138305664,50.57925033569336,,,,Joyace  Joy,,PARTLY,,,,,https://www.propertyfinder.bh/en/plp/commercial-rent/office-space-for-rent-capital-governorate-manama-manama-downtown-54799943.html,2026-06-29T20:43:30.057141+00:00,2026-08-26T23:12:42.541291+00:00,58,2026-08-26T23:12:42.541291+00:00
2026-08-28,removed,54800159,,,Land,Saar Central District - Spaces That Build Dreams,94198.0,,,,BHD,sell,,,,,,,,,,,26.20011329650879,50.46629333496094,,,,Mahmood Mohamed,,,,,,,https://www.propertyfinder.bh/en/plp/buy/land-for-sale-northern-governorate-al-qurayyah-54800159.html,2026-06-29T20:43:30.057141+00:00,2026-08-26T23:12:42.541291+00:00,58,2026-08-26T23:12:42.541291+00:00
2026-08-28,removed,54801607,,,Apartment,Busaiteen -Al Sayah -2BH-Semi Furnished -Near KHUH,250.0,,,,BHD,monthly,,,,,,,,,,,26.27199935913086,50.60900115966797,,,,Haroon Sorathia,,PARTLY,,,,,https://www.propertyfinder.bh/en/plp/rent/apartment-for-rent-muharraq-governorate-busaiteen-54801607.html,2026-06-29T20:43:30.057141+00:00,2026-08-26T23:12:42.541291+00:00,58,2026-08-26T23:12:42.541291+00:00
2026-08-28,removed,54828569,,,Villa,GATED COMP. - BEACH ACCESS - MODERN - GARDEN - GYM,1050.0,,,,BHD,monthly,,,,,,,,Amwaj Avenue,,,26.29302978515625,50.66474151611328,,,,Edna Maundu,,PARTLY,,,,,https://www.propertyfinder.bh/en/plp/rent/villa-for-rent-muharraq-governorate-amwaj-islands-amwaj-avenue-54828569.html,2026-06-30T20:46:10.808700+00:00,2026-08-26T23:12:42.541291+00:00,57,2026-08-26T23:12:42.541291+00:00
2026-08-28,removed,54828707,,,Apartment,Luxury apartment for rent in Onyx/Sea Vie/Modern,500.0,,,,BHD,monthly,,,,,,,,,,,26.249584197998047,50.580360412597656,,,,Dafina Muca,,YES,,,,,https://www.propertyfinder.bh/en/plp/rent/apartment-for-rent-capital-governorate-bahrain-bay-54828707.html,2026-06-30T20:46:10.808700+00:00,2026-08-26T23:12:42.541291+00:00,57,2026-08-26T23:12:42.541291+00:00
2026-08-28,removed,54829337,,,Apartment,"Waterfront , Modern Design, Located in Dilmunia",55000.0,,,,BHD,sell,,,,,,,,,,,26.27286720275879,50.672889709472656,,,,Dafina Muca,,YES,completed,,,,https://www.propertyfinder.bh/en/plp/buy/apartment-for-sale-muharraq-governorate-dilmunia-island-54829337.html,2026-06-30T20:46:10.808700+00:00,2026-08-26T23:12:42.541291+00:00,57,2026-08-26T23:12:42.541291+00:00
2026-08-28,removed,54856588,,,Apartment,Modern | Closed Kitchen | 24HR Security | Split AC,250.0,,,,BHD,monthly,,,,,,,,,,,26.214487075805664,50.584754943847656,,,,Christyl Lebosada,,YES,,,,,https://www.propertyfinder.bh/en/plp/rent/apartment-for-rent-capital-governorate-manama-adliya-54856588.html,2026-07-01T20:42:37.190448+00:00,2026-08-26T23:12:42.541291+00:00,56,2026-08-26T23:12:42.541291+00:00
2026-08-28,removed,54856689,,,Apartment,Cozy | elegant Sea view Studio |stylish furniture,33000.0,,,,BHD,sell,,,,,,,,,,,26.211111068725586,50.601112365722656,,,,Khaled Alqudah,,YES,completed,,,,https://www.propertyfinder.bh/en/plp/buy/apartment-for-sale-capital-governorate-al-juffair-54856689.html,2026-07-01T20:42:37.190448+00:00,2026-08-26T23:12:42.541291+00:00,56,2026-08-26T23:12:42.541291+00:00
2026-08-28,removed,54858755,,,Villa,Beautiful Family Villa II Premium Amenities,1400.0,,,,BHD,monthly,,,,,,,,,,,26.140336990356445,50.478271484375,,,,Husain Alsebea,,PARTLY,,,,,https://www.propertyfinder.bh/en/plp/rent/villa-for-rent-northern-governorate-hamala-54858755.html,2026-07-01T20:42:37.190448+00:00,2026-08-26T23:12:42.541291+00:00,56,2026-08-26T23:12:42.541291+00:00
2026-08-28,removed,54858918,,,Villa,LUXURY VILLA II PRIME LOCATION II 3 BEDROOM+MAID,650.0,,,,BHD,monthly,,,,,,,,,,,26.19164276123047,50.48757553100586,,,,Sheraz Butt,,PARTLY,,,,,https://www.propertyfinder.bh/en/plp/rent/villa-for-rent-northern-governorate-saar-54858918.html,2026-07-01T20:42:37.190448+00:00,2026-08-26T23:12:42.541291+00:00,56,2026-08-26T23:12:42.541291+00:00
2026-08-28,removed,54886179,,,Apartment,Modern Interior | Move in Ready | City Living,240.0,,,,BHD,monthly,,,,,,,,Sanabis,,,26.226558685302734,50.5459098815918,,,,Puthu Veetil Sajahan,,YES,,,,,https://www.propertyfinder.bh/en/plp/rent/apartment-for-rent-capital-governorate-manama-sanabis-54886179.html,2026-07-02T20:35:29.272680+00:00,2026-08-26T23:12:42.541291+00:00,55,2026-08-26T23:12:42.541291+00:00
2026-08-28,removed,54941304,,,Apartment,"WaterBay, Premium Apartment for Sale/Investment",61000.0,,,,BHD,sell,,,,,,,,,,,26.185943603515625,50.46711349487305,,,,Dafina Muca,,YES,completed,,,,https://www.propertyfinder.bh/en/plp/buy/apartment-for-sale-northern-governorate-janabiya-54941304.html,2026-07-04T21:05:04.819049+00:00,2026-08-26T23:12:42.541291+00:00,53,2026-08-26T23:12:42.541291+00:00
2026-08-28,removed,54941961,,,Villa,Amazing 4-Bed Villa with Pool & Huge Garden,1300.0,,,,BHD,monthly,,,,,,,,,,,26.140336990356445,50.478271484375,,,,Husain Alsebea,,PARTLY,,,,,https://www.propertyfinder.bh/en/plp/rent/villa-for-rent-northern-governorate-hamala-54941961.html,2026-07-04T21:05:04.819049+00:00,2026-08-26T23:12:42.541291+00:00,53,2026-08-26T23:12:42.541291+00:00
2026-08-28,removed,54969093,,,Villa,Nice Villa for Sale; Located in Shakhura,175000.0,,,,BHD,sell,,,,,,,,,,,26.20975685119629,50.50579833984375,,,,Hassan Raed,,PARTLY,completed,,,,https://www.propertyfinder.bh/en/plp/buy/villa-for-sale-northern-governorate-shakhura-54969093.html,2026-07-05T21:09:19.331111+00:00,2026-08-26T23:12:42.541291+00:00,52,2026-08-26T23:12:42.541291+00:00
2026-08-28,removed,54970350,,,Villa,Beautiful Villa for Sale; Located in Al Markh,258000.0,,,,BHD,sell,,,,,,,,,,,26.20135498046875,50.4798698425293,,,,Hassan Raed,,PARTLY,completed,,,,https://www.propertyfinder.bh/en/plp/buy/villa-for-sale-northern-governorate-al-markh-54970350.html,2026-07-05T21:09:19.331111+00:00,2026-08-26T23:12:42.541291+00:00,52,2026-08-26T23:12:42.541291+00:00
2026-08-28,removed,54997560,,,Villa,Furnished Villa for Sale; Located in Al Markh,162000.0,,,,BHD,sell,,,,,,,,,,,26.20135498046875,50.4798698425293,,,,Hassan Raed,,YES,completed,,,,https://www.propertyfinder.bh/en/plp/buy/villa-for-sale-northern-governorate-al-markh-54997560.html,2026-07-06T21:42:21.442506+00:00,2026-08-26T23:12:42.541291+00:00,51,2026-08-26T23:12:42.541291+00:00
2026-08-28,removed,54997807,,,Apartment,Hot Deal/Immediate for Sale In Sukon Hilton Hotel,60000.0,,,,BHD,sell,,,,,,,,,,,26.211111068725586,50.601112365722656,,,,Dafina Muca,,YES,completed,,,,https://www.propertyfinder.bh/en/plp/buy/apartment-for-sale-capital-governorate-al-juffair-54997807.html,2026-07-06T21:42:21.442506+00:00,2026-08-26T23:12:42.541291+00:00,51,2026-08-26T23:12:42.541291+00:00
2026-08-28,removed,54997882,,,Apartment,Opposite City Center/Premium Location/Ready to mov,350.0,,,,BHD,monthly,,,,,,,,,,,26.239999771118164,50.5369987487793,,,,Dafina Muca,,YES,,,,,https://www.propertyfinder.bh/en/plp/rent/apartment-for-rent-capital-governorate-seef-54997882.html,2026-07-06T21:42:21.442506+00:00,2026-08-26T23:12:42.541291+00:00,51,2026-08-26T23:12:42.541291+00:00
2026-08-28,removed,54999009,,,Apartment,Amazing SEA VIEW 1 BEDROOM WITH BALCONY,520.0,,,,BHD,monthly,,,,,,,,,,,26.211111068725586,50.601112365722656,,,,Dafina Muca,,YES,,,,,https://www.propertyfinder.bh/en/plp/rent/apartment-for-rent-capital-governorate-al-juffair-54999009.html,2026-07-06T21:42:21.442506+00:00,2026-08-26T23:12:42.541291+00:00,51,2026-08-26T23:12:42.541291+00:00
2026-08-28,removed,54999017,,,Apartment,Brand new 2 Bedrooms Ready to move/ Pool and GYM,380.0,,,,BHD,monthly,,,,,,,,,,,26.211111068725586,50.601112365722656,,,,Dafina Muca,,YES,,,,,https://www.propertyfinder.bh/en/plp/rent/apartment-for-rent-capital-governorate-al-juffair-54999017.html,2026-07-06T21:42:21.442506+00:00,2026-08-26T23:12:42.541291+00:00,51,2026-08-26T23:12:42.541291+00:00
2026-08-28,removed,55025926,,,Apartment,Ready to move Luxurious STUDIO in FONTANA,270.0,,,,BHD,monthly,,,,,,,,,,,26.211111068725586,50.601112365722656,,,,Dafina Muca,,YES,,,,,https://www.propertyfinder.bh/en/plp/rent/apartment-for-rent-capital-governorate-al-juffair-55025926.html,2026-07-07T21:36:02.082787+00:00,2026-08-26T23:12:42.541291+00:00,50,2026-08-26T23:12:42.541291+00:00
2026-08-28,removed,55026123,,,Apartment,Elegant High-floor apartment/Ready to move in !,550.0,,,,BHD,monthly,,,,,,,,,,,26.211111068725586,50.601112365722656,,,,Dafina Muca,,YES,,,,,https://www.propertyfinder.bh/en/plp/rent/apartment-for-rent-capital-governorate-al-juffair-55026123.html,2026-07-07T21:36:02.082787+00:00,2026-08-26T23:12:42.541291+00:00,50,2026-08-26T23:12:42.541291+00:00
2026-08-28,removed,55026869,,,Apartment,|Modern | Bright | Wifi | Classy Furnitures,225.0,,,,BHD,monthly,,,,,,,,,,,26.2102108001709,50.56403350830078,,,,Aby N,,YES,,,,,https://www.propertyfinder.bh/en/plp/rent/apartment-for-rent-capital-governorate-manama-zinj-55026869.html,2026-07-07T21:36:02.082787+00:00,2026-08-26T23:12:42.541291+00:00,50,2026-08-26T23:12:42.541291+00:00
2026-08-28,removed,55054707,,,Villa,New Villa for Sale on 2 Roads in Jid Al Hajj,154000.0,,,,BHD,sell,,,,,,,,,,,26.234378814697266,50.50168228149414,,,,Hasan Ali,,NO,completed_primary,,,,https://www.propertyfinder.bh/en/plp/buy/villa-for-sale-northern-governorate-jid-al-haj-55054707.html,2026-07-08T21:15:46.223277+00:00,2026-08-26T23:12:42.541291+00:00,49,2026-08-26T23:12:42.541291+00:00
2026-08-28,removed,55054985,,,Apartment,SPACIOUS | RITZ ACCESS | FURNISHED | UNLIMITED EWA,750.0,,,,BHD,monthly,,,,,,,,Sanabis,,,26.226558685302734,50.5459098815918,,,,Sanya Rathod,,YES,,,,,https://www.propertyfinder.bh/en/plp/rent/apartment-for-rent-capital-governorate-manama-sanabis-55054985.html,2026-07-08T21:15:46.223277+00:00,2026-08-26T23:12:42.541291+00:00,49,2026-08-26T23:12:42.541291+00:00
2026-08-28,removed,55055027,,,Apartment,Sea Views | Office Room | Well Maintained |Balcony,400.0,,,,BHD,monthly,,,,,,,,Amwaj Avenue,,,26.29302978515625,50.66474151611328,,,,Sadik Ali,,YES,,,,,https://www.propertyfinder.bh/en/plp/rent/apartment-for-rent-muharraq-governorate-amwaj-islands-amwaj-avenue-55055027.html,2026-07-08T21:15:46.223277+00:00,2026-08-26T23:12:42.541291+00:00,49,2026-08-26T23:12:42.541291+00:00
2026-08-28,removed,55056020,,,Villa,Corner Villa for Sale in Saar | Maqaba Side,215000.0,,,,BHD,sell,,,,,,,,,,,26.19164276123047,50.48757553100586,,,,Mahmood Al-Shaikh,,NO,completed,,,,https://www.propertyfinder.bh/en/plp/buy/villa-for-sale-northern-governorate-saar-55056020.html,2026-07-08T21:15:46.223277+00:00,2026-08-26T23:12:42.541291+00:00,49,2026-08-26T23:12:42.541291+00:00
2026-08-28,removed,55085208,,,Villa,Inviting Villa with Private Garden,1400.0,,,,BHD,monthly,,,,,,,,,,,26.19164276123047,50.48757553100586,,,,Husain Alsebea,,PARTLY,,,,,https://www.propertyfinder.bh/en/plp/rent/villa-for-rent-northern-governorate-saar-55085208.html,2026-07-09T21:28:23.078681+00:00,2026-08-26T23:12:42.541291+00:00,48,2026-08-26T23:12:42.541291+00:00
2026-08-28,removed,55113841,,,Apartment,SEA VIEW | HIGH FLOOR | BALCONY | FURNISHED STUDIO,83000.0,,,,BHD,sell,,,,,,,,,,,26.241750717163086,50.5663948059082,,,,Sanya Rathod,,YES,completed_primary,,,,https://www.propertyfinder.bh/en/plp/buy/apartment-for-sale-capital-governorate-reef-island-55113841.html,2026-07-10T21:12:15.222994+00:00,2026-08-26T23:12:42.541291+00:00,47,2026-08-26T23:12:42.541291+00:00
2026-08-28,removed,55141979,,,Villa,New and Modern Villa for Sale; Located in Arad,158000.0,,,,BHD,sell,,,,,,,,,,,26.25,50.650001525878906,,,,Habib ALBanna,,PARTLY,completed_primary,,,,https://www.propertyfinder.bh/en/plp/buy/villa-for-sale-muharraq-governorate-arad-55141979.html,2026-07-11T20:58:11.932263+00:00,2026-08-26T23:12:42.541291+00:00,46,2026-08-26T23:12:42.541291+00:00
2026-08-28,removed,55141997,,,Villa,Brand New Villa for Sale; Located in Al Hamalah,120000.0,,,,BHD,sell,,,,,,,,,,,26.140336990356445,50.478271484375,,,,Hasan Ali,,PARTLY,completed_primary,,,,https://www.propertyfinder.bh/en/plp/buy/villa-for-sale-northern-governorate-hamala-55141997.html,2026-07-11T20:58:11.932263+00:00,2026-08-26T23:12:42.541291+00:00,46,2026-08-26T23:12:42.541291+00:00
2026-08-28,removed,55142025,,,Villa,"Villa for Sale, Brand New, Located in Busaiteen",135000.0,,,,BHD,sell,,,,,,,,,,,26.27199935913086,50.60900115966797,,,,Habib ALBanna,,NO,completed,,,,https://www.propertyfinder.bh/en/plp/buy/villa-for-sale-muharraq-governorate-busaiteen-55142025.html,2026-07-11T20:58:11.932263+00:00,2026-08-26T23:12:42.541291+00:00,46,2026-08-26T23:12:42.541291+00:00
2026-08-28,removed,55142121,,,Apartment,3-BR Apartment for Sale; Located in Juffair,132000.0,,,,BHD,sell,,,,,,,,,,,26.211111068725586,50.601112365722656,,,,Dafina Muca,,YES,completed_primary,,,,https://www.propertyfinder.bh/en/plp/buy/apartment-for-sale-capital-governorate-al-juffair-55142121.html,2026-07-11T20:58:11.932263+00:00,2026-08-26T23:12:42.541291+00:00,46,2026-08-26T23:12:42.541291+00:00
2026-08-28,removed,55142130,,,Apartment,CLASSIC NO DEPOSITE ONE BEDROOM AND EWA UNLIMITED,140.0,,,,BHD,monthly,,,,,,,,,,,26.218677520751953,50.59382247924805,,,,Abdulla AlSamahiji,,PARTLY,,,,,https://www.propertyfinder.bh/en/plp/rent/apartment-for-rent-capital-governorate-manama-gudaibiya-55142130.html,2026-07-11T20:58:11.932263+00:00,2026-08-26T23:12:42.541291+00:00,46,2026-08-26T23:12:42.541291+00:00
2026-08-28,removed,55142610,,,Apartment,Spacious 1 Bedroom | Furnished | Free Internet,350.0,,,,BHD,monthly,,,,,,,,,,,26.185943603515625,50.46711349487305,,,,Zain Jabbar,,YES,,,,,https://www.propertyfinder.bh/en/plp/rent/apartment-for-rent-northern-governorate-janabiya-55142610.html,2026-07-11T20:58:11.932263+00:00,2026-08-26T23:12:42.541291+00:00,46,2026-08-26T23:12:42.541291+00:00
2026-08-28,removed,55143261,,,Apartment,RARE WATERFRONT 3 BEDROOM| ELEVATOR | OWN MOORING,89500.0,,,,BHD,sell,,,,,,,,Al Marsa Floating City,,,26.2847957611084,50.669620513916016,,,,Karine Nalbandyan ,,YES,completed,,,,https://www.propertyfinder.bh/en/plp/buy/apartment-for-sale-muharraq-governorate-amwaj-islands-al-marsa-floating-city-55143261.html,2026-07-11T20:58:11.932263+00:00,2026-08-26T23:12:42.541291+00:00,46,2026-08-26T23:12:42.541291+00:00
2026-08-28,removed,55170746,,,Apartment,PRIME LOCATION | BALCONY | BRIGHT | SPACIOUS,110000.0,,,,BHD,sell,,,,,,,,,,,26.239999771118164,50.5369987487793,,,,Abubakar Abdulghafar,,YES,completed,,,,https://www.propertyfinder.bh/en/plp/buy/apartment-for-sale-capital-governorate-seef-55170746.html,2026-07-12T20:58:01.791743+00:00,2026-08-26T23:12:42.541291+00:00,45,2026-08-26T23:12:42.541291+00:00
2026-08-28,removed,55171723,,,Apartment,3BR+Maids room in Marassi-Direct to Park & Beach,700.0,,,,BHD,monthly,,,,,,,,Diyar Al Muharraq,,,26.303447723388672,50.6461296081543,,,,Shahra Masood,,PARTLY,,,,,https://www.propertyfinder.bh/en/plp/rent/apartment-for-rent-muharraq-governorate-diyar-al-muharraq-marassi-al-bahrain-55171723.html,2026-07-12T20:58:01.791743+00:00,2026-08-26T23:12:42.541291+00:00,45,2026-08-26T23:12:42.541291+00:00
2026-08-28,removed,55171896,,,Apartment,MODERN┃SPACIOUS┃MAIDS ROOM┃HS.KEEPING┃4 BATHS┃PETS,450.0,,,,BHD,monthly,,,,,,,,,,,26.21693992614746,50.57733154296875,,,,Sahebaz Makki,,YES,,,,,https://www.propertyfinder.bh/en/plp/rent/apartment-for-rent-capital-governorate-manama-segaya-55171896.html,2026-07-12T20:58:01.791743+00:00,2026-08-26T23:12:42.541291+00:00,45,2026-08-26T23:12:42.541291+00:00
2026-08-28,removed,55198989,,,Apartment,PRIME LOCATION | BRIGHT | MODERN FURNISHINGS,420.0,,,,BHD,monthly,,,,,,,,,,,26.239999771118164,50.5369987487793,,,,Abubakar Abdulghafar,,YES,,,,,https://www.propertyfinder.bh/en/plp/rent/apartment-for-rent-capital-governorate-seef-55198989.html,2026-07-13T21:03:18.261017+00:00,2026-08-26T23:12:42.541291+00:00,44,2026-08-26T23:12:42.541291+00:00
2026-08-28,removed,55199002,,,Apartment,PRIME LOCATION | BRIGHT | MODERN FURNISHINGS,73000.0,,,,BHD,sell,,,,,,,,,,,26.239999771118164,50.5369987487793,,,,Abubakar Abdulghafar,,YES,completed,,,,https://www.propertyfinder.bh/en/plp/buy/apartment-for-sale-capital-governorate-seef-55199002.html,2026-07-13T21:03:18.261017+00:00,2026-08-26T23:12:42.541291+00:00,44,2026-08-26T23:12:42.541291+00:00
2026-08-28,removed,55199170,,,Apartment,Ground Floor 1BR | Spacious Layout | Easy Access,550.0,,,,BHD,monthly,,,,,,,,,,,26.241750717163086,50.5663948059082,,,,Sanya Rathod,,YES,,,,,https://www.propertyfinder.bh/en/plp/rent/apartment-for-rent-capital-governorate-reef-island-55199170.html,2026-07-13T21:03:18.261017+00:00,2026-08-26T23:12:42.541291+00:00,44,2026-08-26T23:12:42.541291+00:00
2026-08-28,removed,55200383,,,Apartment,Secure Green Beachfront Community/Big Terrace,300.0,,,,BHD,monthly,,,,,,,,Tala Island,,,26.300025939941406,50.66316223144531,,,,Anastasia Ageeva,,YES,,,,,https://www.propertyfinder.bh/en/plp/rent/apartment-for-rent-muharraq-governorate-amwaj-islands-tala-island-55200383.html,2026-07-13T21:03:18.261017+00:00,2026-08-26T23:12:42.541291+00:00,44,2026-08-26T23:12:42.541291+00:00
2026-08-28,removed,55255082,,,Apartment,SEA VIEW | BALCONY | 2 BATHROOMS | REEF ISLAND,114000.0,,,,BHD,sell,,,,,,,,,,,26.241750717163086,50.5663948059082,,,,Sanya Rathod,,YES,completed,,,,https://www.propertyfinder.bh/en/plp/buy/apartment-for-sale-capital-governorate-reef-island-55255082.html,2026-07-16T13:23:22.641531+00:00,2026-08-26T23:12:42.541291+00:00,41,2026-08-26T23:12:42.541291+00:00
2026-08-28,removed,55283277,,,Villa,Prestigious Villa with Huge Pool and Garden,1550.0,,,,BHD,monthly,,,,,,,,,,,26.19164276123047,50.48757553100586,,,,Husain Alsebea,,PARTLY,,,,,https://www.propertyfinder.bh/en/plp/rent/villa-for-rent-northern-governorate-saar-55283277.html,2026-07-16T13:23:22.641531+00:00,2026-08-26T23:12:42.541291+00:00,41,2026-08-26T23:12:42.541291+00:00
2026-08-28,removed,55283456,,,Apartment,1 bedroom Fully Furnished flat for rent,270.0,,,,BHD,monthly,,,,,,,,,,,26.207910537719727,50.587345123291016,,,,RAJESH  SHIBU,,YES,,,,,https://www.propertyfinder.bh/en/plp/rent/apartment-for-rent-capital-governorate-manama-mahooz-55283456.html,2026-07-16T13:23:22.641531+00:00,2026-08-26T23:12:42.541291+00:00,41,2026-08-26T23:12:42.541291+00:00
2026-08-28,removed,55283549,,,Apartment,Brand new 2 bedroom flat in Umm Al hAssam,280.0,,,,BHD,monthly,,,,,,,,,,,26.203079223632812,50.594947814941406,,,,RAJESH  SHIBU,,PARTLY,,,,,https://www.propertyfinder.bh/en/plp/rent/apartment-for-rent-capital-governorate-manama-um-al-hasam-55283549.html,2026-07-16T13:23:22.641531+00:00,2026-08-26T23:12:42.541291+00:00,41,2026-08-26T23:12:42.541291+00:00
2026-08-28,removed,55284394,,,Apartment,Spacious 1BHK Apartment for Rent in Jidhafs – EWA,150.0,,,,BHD,monthly,,,,,,,,,,,26.21967315673828,50.53300476074219,,,,Ali Alkhunaizi,,PARTLY,,,,,https://www.propertyfinder.bh/en/plp/rent/apartment-for-rent-northern-governorate-jidhafs-55284394.html,2026-07-16T21:09:41.077970+00:00,2026-08-26T23:12:42.541291+00:00,41,2026-08-26T23:12:42.541291+00:00
2026-08-28,removed,55339202,,,Apartment,2 Bedroom Flat Fully Furnished with ewa,300.0,,,,BHD,monthly,,,,,,,,,,,26.207910537719727,50.587345123291016,,,,RAJESH  SHIBU,,YES,,,,,https://www.propertyfinder.bh/en/plp/rent/apartment-for-rent-capital-governorate-manama-mahooz-55339202.html,2026-07-18T20:57:18.053218+00:00,2026-08-26T23:12:42.541291+00:00,39,2026-08-26T23:12:42.541291+00:00
2026-08-28,removed,55339261,,,Apartment,2 Bedroom Fully Furnished flat for rent,360.0,,,,BHD,monthly,,,,,,,,,,,26.211111068725586,50.601112365722656,,,,RAJESH  SHIBU,,YES,,,,,https://www.propertyfinder.bh/en/plp/rent/apartment-for-rent-capital-governorate-al-juffair-55339261.html,2026-07-18T20:57:18.053218+00:00,2026-08-26T23:12:42.541291+00:00,39,2026-08-26T23:12:42.541291+00:00
2026-08-28,removed,55339311,,,Villa,3 Bedroom Spacious Villa in Al Qurayya,500.0,,,,BHD,monthly,,,,,,,,,,,26.20011329650879,50.46629333496094,,,,RAJESH  SHIBU,,PARTLY,,,,,https://www.propertyfinder.bh/en/plp/rent/villa-for-rent-northern-governorate-al-qurayyah-55339311.html,2026-07-18T20:57:18.053218+00:00,2026-08-26T23:12:42.541291+00:00,39,2026-08-26T23:12:42.541291+00:00
2026-08-28,removed,55339383,,,Apartment,3 Bedroom spacious flat in Umm Al Hassam,300.0,,,,BHD,monthly,,,,,,,,,,,26.203079223632812,50.594947814941406,,,,RAJESH  SHIBU,,PARTLY,,,,,https://www.propertyfinder.bh/en/plp/rent/apartment-for-rent-capital-governorate-manama-um-al-hasam-55339383.html,2026-07-18T20:57:18.053218+00:00,2026-08-26T23:12:42.541291+00:00,39,2026-08-26T23:12:42.541291+00:00
2026-08-28,removed,55366378,,,Shop,Shops For Rent In Prime Location,230.0,,,,BHD,monthly,,,,,,,,,,,26.183332443237305,50.516666412353516,,,,Ayman Idrees,,NO,,,,,https://www.propertyfinder.bh/en/plp/commercial-rent/shop-for-rent-central-governorate-salmabad-55366378.html,2026-07-19T20:58:26.466026+00:00,2026-08-26T23:12:42.541291+00:00,38,2026-08-26T23:12:42.541291+00:00
2026-08-28,removed,55366419,,,Office Space,Office for rent in Budaiya road,380.0,,,,BHD,monthly,,,,,,,,,,,26.21023941040039,50.49468231201172,,,,Ayman Idrees,,PARTLY,,,,,https://www.propertyfinder.bh/en/plp/commercial-rent/office-space-for-rent-northern-governorate-maqabah-55366419.html,2026-07-19T20:58:26.466026+00:00,2026-08-26T23:12:42.541291+00:00,38,2026-08-26T23:12:42.541291+00:00
2026-08-28,removed,55366456,,,Apartment,2 Bedroom Fully Furnished with ewa,300.0,,,,BHD,monthly,,,,,,,,,,,26.211111068725586,50.601112365722656,,,,RAJESH  SHIBU,,YES,,,,,https://www.propertyfinder.bh/en/plp/rent/apartment-for-rent-capital-governorate-al-juffair-55366456.html,2026-07-19T20:58:26.466026+00:00,2026-08-26T23:12:42.541291+00:00,38,2026-08-26T23:12:42.541291+00:00
2026-08-28,removed,55366458,,,Apartment,2 Bedroom Flat for rent in Hoora,230.0,,,,BHD,monthly,,,,,,,,,,,26.23387908935547,50.5939826965332,,,,RAJESH  SHIBU,,PARTLY,,,,,https://www.propertyfinder.bh/en/plp/rent/apartment-for-rent-capital-governorate-hoora-55366458.html,2026-07-19T20:58:26.466026+00:00,2026-08-26T23:12:42.541291+00:00,38,2026-08-26T23:12:42.541291+00:00
2026-08-28,removed,55366734,,,Apartment,Brand new apartment below market price!!,300.0,,,,BHD,monthly,,,,,,,,,,,26.211111068725586,50.601112365722656,,,,Muhammad Aamir Mansha,,YES,,,,,https://www.propertyfinder.bh/en/plp/rent/apartment-for-rent-capital-governorate-al-juffair-55366734.html,2026-07-19T20:58:26.466026+00:00,2026-08-26T23:12:42.541291+00:00,38,2026-08-26T23:12:42.541291+00:00
2026-08-28,removed,55366760,,,Apartment,3 BR Furnished Apartment with Balcony and Gym,400.0,,,,BHD,monthly,,,,,,,,,,,26.211111068725586,50.601112365722656,,,,Muhammad Aamir Mansha,,YES,,,,,https://www.propertyfinder.bh/en/plp/rent/apartment-for-rent-capital-governorate-al-juffair-55366760.html,2026-07-19T20:58:26.466026+00:00,2026-08-26T23:12:42.541291+00:00,38,2026-08-26T23:12:42.541291+00:00
2026-08-28,removed,55366940,,,Apartment,three bedroom flat for rent in budayia..,150.0,,,,BHD,monthly,,,,,,,,,,,26.213165283203125,50.447471618652344,,,,Sayed Hashem Hasan,,NO,,,,,https://www.propertyfinder.bh/en/plp/rent/apartment-for-rent-northern-governorate-budaiya-55366940.html,2026-07-19T20:58:26.466026+00:00,2026-08-26T23:12:42.541291+00:00,38,2026-08-26T23:12:42.541291+00:00
2026-08-28,removed,55366947,,,Office Space,bellow price office for rent in budayia,1200.0,,,,BHD,monthly,,,,,,,,,,,26.213165283203125,50.447471618652344,,,,Sayed Hashem Hasan,,NO,,,,,https://www.propertyfinder.bh/en/plp/commercial-rent/office-space-for-rent-northern-governorate-budaiya-55366947.html,2026-07-19T20:58:26.466026+00:00,2026-08-26T23:12:42.541291+00:00,38,2026-08-26T23:12:42.541291+00:00
2026-08-28,removed,55367382,,,Apartment,Deal -Near Mall - Sea View- City View - Inclusive,380.0,,,,BHD,monthly,,,,,,,,Manama Sea Front,,,26.24812126159668,50.57044219970703,,,,Unus Sirajuddin,,YES,,,,,https://www.propertyfinder.bh/en/plp/rent/apartment-for-rent-capital-governorate-manama-manama-sea-front-55367382.html,2026-07-19T20:58:26.466026+00:00,2026-08-26T23:12:42.541291+00:00,38,2026-08-26T23:12:42.541291+00:00
2026-08-28,removed,55367749,,,Villa,Luxury Family Villa Near Marassi Mall | FREEHOLD,113000.0,,,,BHD,sell,,,,,,,,Diyar Al Muharraq,Al Sidra,,26.31142234802246,50.64306640625,,,,Unus Sirajuddin,,NO,completed_primary,,,,https://www.propertyfinder.bh/en/plp/buy/villa-for-sale-muharraq-governorate-diyar-al-muharraq-al-sidra-55367749.html,2026-07-19T20:58:26.466026+00:00,2026-08-26T23:12:42.541291+00:00,38,2026-08-26T23:12:42.541291+00:00
2026-08-28,removed,55368487,,,Apartment,Near Saar Balcony close kitchen inclusive,270.0,,,,BHD,monthly,,,,,,,,,,,26.19164276123047,50.48757553100586,,,,Ayman Jnedi,,PARTLY,,,,,https://www.propertyfinder.bh/en/plp/rent/apartment-for-rent-northern-governorate-saar-55368487.html,2026-07-19T20:58:26.466026+00:00,2026-08-26T23:12:42.541291+00:00,38,2026-08-26T23:12:42.541291+00:00
2026-08-28,removed,55368562,,,Apartment,CONNECTED TO THE MALL | FURNISHED | BEACH ACCESS,800.0,,,,BHD,monthly,,,,,,,,Diyar Al Muharraq,,,26.303447723388672,50.6461296081543,,,,Dulce Sevilla,,YES,,,,,https://www.propertyfinder.bh/en/plp/rent/apartment-for-rent-muharraq-governorate-diyar-al-muharraq-marassi-al-bahrain-55368562.html,2026-07-19T20:58:26.466026+00:00,2026-08-26T23:12:42.541291+00:00,38,2026-08-26T23:12:42.541291+00:00
2026-08-28,removed,55397152,,,Villa,INVESTMENT  | CORNER VILLA | PRIME LOCATION,130000.0,,,,BHD,sell,,,,,,,,Diyar Al Muharraq,Al Sidra,,26.31142234802246,50.64306640625,,,,Muhammad Saqib,,PARTLY,completed_primary,,,,https://www.propertyfinder.bh/en/plp/buy/villa-for-sale-muharraq-governorate-diyar-al-muharraq-al-sidra-55397152.html,2026-07-20T21:17:02.364062+00:00,2026-08-26T23:12:42.541291+00:00,37,2026-08-26T23:12:42.541291+00:00
2026-08-28,removed,55453721,,,Apartment,EXCEPTIONALLY GOOD PRICE WITH SEA VIEW 3 BHK  FLAT,700.0,,,,BHD,monthly,,,,,,,,Al Marsa Floating City,,,26.2847957611084,50.669620513916016,,,,Alma Pepito,,YES,,,,,https://www.propertyfinder.bh/en/plp/rent/apartment-for-rent-muharraq-governorate-amwaj-islands-al-marsa-floating-city-55453721.html,2026-07-22T21:16:12.940221+00:00,2026-08-26T23:12:42.541291+00:00,35,2026-08-26T23:12:42.541291+00:00
2026-08-28,removed,55454146,,,Apartment,NOW LEASING-WITH STUNNING-BRIGHT CITY VIEWS,400.0,,,,BHD,monthly,,,,,,,,Abraj Al Lulu,,,26.230030059814453,50.55890655517578,,,,Reina San Pascual,,YES,,,,,https://www.propertyfinder.bh/en/plp/rent/apartment-for-rent-capital-governorate-manama-abraj-al-lulu-55454146.html,2026-07-22T21:16:12.940221+00:00,2026-08-26T23:12:42.541291+00:00,35,2026-08-26T23:12:42.541291+00:00
2026-08-28,removed,55454524,,,Apartment,BALCONY | STORAGE ROOM | FURNISHED | INCLUSIVE,1000.0,,,,BHD,monthly,,,,,,,,,,,26.241750717163086,50.5663948059082,,,,Sanya Rathod,,YES,,,,,https://www.propertyfinder.bh/en/plp/rent/apartment-for-rent-capital-governorate-reef-island-55454524.html,2026-07-23T21:12:20.858482+00:00,2026-08-26T23:12:42.541291+00:00,34,2026-08-26T23:12:42.541291+00:00
2026-08-28,removed,55483045,,,Apartment,Premium Floor 2-Bedroom Apartment for Rent,500.0,,,,BHD,monthly,,,,,,,,,,,26.239999771118164,50.5369987487793,,,,Muhammad Islam Inam,,NO,,,,,https://www.propertyfinder.bh/en/plp/rent/apartment-for-rent-capital-governorate-seef-55483045.html,2026-07-23T21:12:20.858482+00:00,2026-08-26T23:12:42.541291+00:00,34,2026-08-26T23:12:42.541291+00:00
2026-08-28,removed,55483741,,,Apartment,HIGH RISE PARTIAL SEA VIEW MODERN LUXURY,400.0,,,,BHD,monthly,,,,,,,,The Lagoon,,,26.287778854370117,50.66339111328125,,,,Ghassan Qarooni,,YES,,,,,https://www.propertyfinder.bh/en/plp/rent/apartment-for-rent-muharraq-governorate-amwaj-islands-the-lagoon-55483741.html,2026-07-23T21:12:20.858482+00:00,2026-08-26T23:12:42.541291+00:00,34,2026-08-26T23:12:42.541291+00:00
2026-08-28,removed,55483823,,,Apartment,STUDENT FRIENDLY | RCSI | LUXURY | MODERN | WIFI,300.0,,,,BHD,monthly,,,,,,,,,,,26.27199935913086,50.60900115966797,,,,Owais Khan Suri,,YES,,,,,https://www.propertyfinder.bh/en/plp/rent/apartment-for-rent-muharraq-governorate-busaiteen-55483823.html,2026-07-23T21:12:20.858482+00:00,2026-08-26T23:12:42.541291+00:00,34,2026-08-26T23:12:42.541291+00:00
2026-08-28,removed,55484132,,,Villa,Stunning 5-Bedroom Villa II Large Pool,1500.0,,,,BHD,monthly,,,,,,,,,,,26.185943603515625,50.46711349487305,,,,Husain Alsebea,,PARTLY,,,,,https://www.propertyfinder.bh/en/plp/rent/villa-for-rent-northern-governorate-janabiya-55484132.html,2026-07-23T21:12:20.858482+00:00,2026-08-26T23:12:42.541291+00:00,34,2026-08-26T23:12:42.541291+00:00
2026-08-28,removed,55540903,,,Apartment,Sea View I Lower Floor Building I Closed Kitchen,450.0,,,,BHD,monthly,,,,,,,,,,,26.239999771118164,50.5369987487793,,,,Antony Shaiju,,YES,,,,,https://www.propertyfinder.bh/en/plp/rent/apartment-for-rent-capital-governorate-seef-55540903.html,2026-07-25T21:00:21.405436+00:00,2026-08-26T23:12:42.541291+00:00,32,2026-08-26T23:12:42.541291+00:00
2026-08-28,removed,55569237,,,Apartment,Affordable | Balcony | Bright | Modern,350.0,,,,BHD,monthly,,,,,,,,,,,26.239999771118164,50.5369987487793,,,,Abubakar Abdulghafar,,YES,,,,,https://www.propertyfinder.bh/en/plp/rent/apartment-for-rent-capital-governorate-seef-55569237.html,2026-07-26T21:04:01.805629+00:00,2026-08-26T23:12:42.541291+00:00,31,2026-08-26T23:12:42.541291+00:00
2026-08-28,removed,55570159,,,Apartment,NEAR RCSI - SEA VIEW - MODERN - INCLUSIVE,360.0,,,,BHD,monthly,,,,,,,,,,,26.27199935913086,50.60900115966797,,,,Husain Jaber Abdulla Zaid,,YES,,,,,https://www.propertyfinder.bh/en/plp/rent/apartment-for-rent-muharraq-governorate-busaiteen-55570159.html,2026-07-26T21:04:01.805629+00:00,2026-08-26T23:12:42.541291+00:00,31,2026-08-26T23:12:42.541291+00:00
2026-08-28,removed,55570223,,,Villa,"Single Story, CAN BE FURNISHED, good 4 Navy",800.0,,,,BHD,monthly,,,,,,,,,,,26.185943603515625,50.46711349487305,,,,Eva Gavin,,PARTLY,,,,,https://www.propertyfinder.bh/en/plp/rent/villa-for-rent-northern-governorate-janabiya-55570223.html,2026-07-26T21:04:01.805629+00:00,2026-08-26T23:12:42.541291+00:00,31,2026-08-26T23:12:42.541291+00:00
2026-08-28,removed,55598169,,,Apartment,BRAND NEW FLAT WITH UNLIMITED EWA,300.0,,,,BHD,monthly,,,,,,,,,,,26.21672821044922,50.55367660522461,,,,Aysha Adil,,YES,,,,,https://www.propertyfinder.bh/en/plp/rent/apartment-for-rent-capital-governorate-manama-al-burhama-55598169.html,2026-07-27T21:16:55.514144+00:00,2026-08-26T23:12:42.541291+00:00,30,2026-08-26T23:12:42.541291+00:00
2026-08-28,removed,55598377,,,Villa,Elegant 5-Bedroom-Private Landscaped Garden/,1800.0,,,,BHD,monthly,,,,,,,,,,,26.19164276123047,50.48757553100586,,,,Joyace  Joy,,PARTLY,,,,,https://www.propertyfinder.bh/en/plp/rent/villa-for-rent-northern-governorate-saar-55598377.html,2026-07-27T21:16:55.514144+00:00,2026-08-26T23:12:42.541291+00:00,30,2026-08-26T23:12:42.541291+00:00
2026-08-28,removed,55598421,,,Apartment,Furnished 3 Bedroom for rent in mahooz,550.0,,,,BHD,monthly,,,,,,,,,,,26.207910537719727,50.587345123291016,,,,Sayed Hashem Hasan,,YES,,,,,https://www.propertyfinder.bh/en/plp/rent/apartment-for-rent-capital-governorate-manama-mahooz-55598421.html,2026-07-27T21:16:55.514144+00:00,2026-08-26T23:12:42.541291+00:00,30,2026-08-26T23:12:42.541291+00:00
2026-08-28,removed,55598538,,,Apartment,Luxury Apartments For Rent In Adliya,350.0,,,,BHD,monthly,,,,,,,,,,,26.214487075805664,50.584754943847656,,,,Ayman Idrees,,YES,,,,,https://www.propertyfinder.bh/en/plp/rent/apartment-for-rent-capital-governorate-manama-adliya-55598538.html,2026-07-28T21:13:30.461515+00:00,2026-08-26T23:12:42.541291+00:00,29,2026-08-26T23:12:42.541291+00:00
2026-08-28,removed,55598559,,,Apartment,One Month Free for Luxurious Apartment In Hidd,400.0,,,,BHD,monthly,,,,,,,,,,,26.21263313293457,50.67418670654297,,,,Joyace  Joy,,YES,,,,,https://www.propertyfinder.bh/en/plp/rent/apartment-for-rent-muharraq-governorate-hidd-55598559.html,2026-07-27T21:16:55.514144+00:00,2026-08-26T23:12:42.541291+00:00,30,2026-08-26T23:12:42.541291+00:00
2026-08-28,removed,55598640,,,Apartment,"Flat for Sale Renovated, Affordable and Furnished",46000.0,,,,BHD,sell,,,,,,,,,,,26.185943603515625,50.46711349487305,,,,Dafina Muca,,YES,completed,,,,https://www.propertyfinder.bh/en/plp/buy/apartment-for-sale-northern-governorate-janabiya-55598640.html,2026-07-27T21:16:55.514144+00:00,2026-08-26T23:12:42.541291+00:00,30,2026-08-26T23:12:42.541291+00:00
2026-08-28,removed,55598645,,,Labor Camp,Brand New Labour Building for Rent in Tubli,3000.0,,,,BHD,monthly,,,,,,,,,,,26.188888549804688,50.54999923706055,,,,Mohamed Alnajjar,,PARTLY,,,,,https://www.propertyfinder.bh/en/plp/commercial-rent/labor-camp-for-rent-central-governorate-tubli-55598645.html,2026-07-27T21:16:55.514144+00:00,2026-08-26T23:12:42.541291+00:00,30,2026-08-26T23:12:42.541291+00:00
2026-08-28,removed,55598656,,,Apartment,Affordable 2 bedroom for Rent In Janabiya,360.0,,,,BHD,monthly,,,,,,,,,,,26.185943603515625,50.46711349487305,,,,Dafina Muca,,YES,,,,,https://www.propertyfinder.bh/en/plp/rent/apartment-for-rent-northern-governorate-janabiya-55598656.html,2026-07-28T21:13:30.461515+00:00,2026-08-26T23:12:42.541291+00:00,29,2026-08-26T23:12:42.541291+00:00
2026-08-28,removed,55598733,,,Apartment,Fully furnished 2 bedrooms in Juffair,400.0,,,,BHD,monthly,,,,,,,,,,,26.211111068725586,50.601112365722656,,,,Mustafa  Ebrahim,,YES,,,,,https://www.propertyfinder.bh/en/plp/rent/apartment-for-rent-capital-governorate-al-juffair-930823.html,2026-07-27T21:16:55.514144+00:00,2026-08-26T23:12:42.541291+00:00,30,2026-08-26T23:12:42.541291+00:00
2026-08-28,removed,55598741,,,Apartment,Luxurious | Duplex | Penthouse | Sea View,350000.0,,,,BHD,sell,,,,,,,,,,,26.211111068725586,50.601112365722656,,,,Maher Alimadi,,YES,completed,,,,https://www.propertyfinder.bh/en/plp/buy/apartment-for-sale-capital-governorate-al-juffair-55598741.html,2026-07-27T21:16:55.514144+00:00,2026-08-26T23:12:42.541291+00:00,30,2026-08-26T23:12:42.541291+00:00
2026-08-28,removed,55598753,,,Apartment,Duplex Full Sea View Balcony Rented,94000.0,,,,BHD,sell,,,,,,,,,,,26.211111068725586,50.601112365722656,,,,Maher Alimadi,,YES,completed,,,,https://www.propertyfinder.bh/en/plp/buy/apartment-for-sale-capital-governorate-al-juffair-55598753.html,2026-07-27T21:16:55.514144+00:00,2026-08-26T23:12:42.541291+00:00,30,2026-08-26T23:12:42.541291+00:00
2026-08-28,removed,55598760,,,Apartment,Large Bright | Fontana Garden | Balcony,80000.0,,,,BHD,sell,,,,,,,,,,,26.211111068725586,50.601112365722656,,,,Maher Alimadi,,YES,completed,,,,https://www.propertyfinder.bh/en/plp/buy/apartment-for-sale-capital-governorate-al-juffair-55598760.html,2026-07-27T21:16:55.514144+00:00,2026-08-26T23:12:42.541291+00:00,30,2026-08-26T23:12:42.541291+00:00
2026-08-28,removed,55598974,,,Apartment,Brand New | Modern I Luxurious I House Keeping,700.0,,,,BHD,monthly,,,,,,,,,,,26.239999771118164,50.5369987487793,,,,Antony Shaiju,,YES,,,,,https://www.propertyfinder.bh/en/plp/rent/apartment-for-rent-capital-governorate-seef-55598974.html,2026-07-28T21:13:30.461515+00:00,2026-08-26T23:12:42.541291+00:00,29,2026-08-26T23:12:42.541291+00:00
2026-08-28,removed,55598984,,,Apartment,Big Spacious Three bedroom flat in seef,350.0,,,,BHD,monthly,,,,,,,,,,,26.239999771118164,50.5369987487793,,,,RAJESH  SHIBU,,PARTLY,,,,,https://www.propertyfinder.bh/en/plp/rent/apartment-for-rent-capital-governorate-seef-55598984.html,2026-07-28T21:13:30.461515+00:00,2026-08-26T23:12:42.541291+00:00,29,2026-08-26T23:12:42.541291+00:00
2026-08-28,removed,55598988,,,Apartment,New I Modern I Gas Cooking | Bright | Store,650.0,,,,BHD,monthly,,,,,,,,,,,26.214487075805664,50.584754943847656,,,,Antony Shaiju,,YES,,,,,https://www.propertyfinder.bh/en/plp/rent/apartment-for-rent-capital-governorate-manama-adliya-55598988.html,2026-07-27T21:16:55.514144+00:00,2026-08-26T23:12:42.541291+00:00,30,2026-08-26T23:12:42.541291+00:00
2026-08-28,removed,55598992,,,Apartment,New I Spacious I House Keeping I Family Building,480.0,,,,BHD,monthly,,,,,,,,,,,26.211111068725586,50.601112365722656,,,,Antony Shaiju,,YES,,,,,https://www.propertyfinder.bh/en/plp/rent/apartment-for-rent-capital-governorate-al-juffair-55598992.html,2026-07-27T21:16:55.514144+00:00,2026-08-26T23:12:42.541291+00:00,30,2026-08-26T23:12:42.541291+00:00
2026-08-28,removed,55598995,,,Apartment,New I Modern | Spacious I Beautifully Furnished,350.0,,,,BHD,monthly,,,,,,,,,,,26.211111068725586,50.601112365722656,,,,Antony Shaiju,,YES,,,,,https://www.propertyfinder.bh/en/plp/rent/apartment-for-rent-capital-governorate-al-juffair-55598995.html,2026-07-28T21:13:30.461515+00:00,2026-08-26T23:12:42.541291+00:00,29,2026-08-26T23:12:42.541291+00:00
2026-08-28,removed,55598996,,,Shop,Brand New Shop For Rent In Adliya Area,450.0,,,,BHD,monthly,,,,,,,,,,,26.214487075805664,50.584754943847656,,,,Sreekuttan Sreenivasan,,NO,,,,,https://www.propertyfinder.bh/en/plp/commercial-rent/shop-for-rent-capital-governorate-manama-adliya-55598996.html,2026-07-27T21:16:55.514144+00:00,2026-08-26T23:12:42.541291+00:00,30,2026-08-26T23:12:42.541291+00:00
2026-08-28,removed,55599029,,,Apartment,Live Where Nature Meets Luxury,1700.0,,,,BHD,monthly,,,,,,,,,,,26.214487075805664,50.584754943847656,,,,Joyace  Joy,,YES,,,,,https://www.propertyfinder.bh/en/plp/rent/apartment-for-rent-capital-governorate-manama-adliya-55599029.html,2026-07-27T21:16:55.514144+00:00,2026-08-26T23:12:42.541291+00:00,30,2026-08-26T23:12:42.541291+00:00
2026-08-28,removed,55599033,,,Apartment,Spacious | Balcony | Modern | Prime Location,430.0,,,,BHD,monthly,,,,,,,,,,,26.239999771118164,50.5369987487793,,,,Abubakar Abdulghafar,,YES,,,,,https://www.propertyfinder.bh/en/plp/rent/apartment-for-rent-capital-governorate-seef-55599033.html,2026-07-27T21:16:55.514144+00:00,2026-08-26T23:12:42.541291+00:00,30,2026-08-26T23:12:42.541291+00:00
2026-08-28,removed,55599057,,,Apartment,New I Modern I Balcony | Great Facilities,310.0,,,,BHD,monthly,,,,,,,,,,,26.211111068725586,50.601112365722656,,,,Antony Shaiju,,YES,,,,,https://www.propertyfinder.bh/en/plp/rent/apartment-for-rent-capital-governorate-al-juffair-55599057.html,2026-07-27T21:16:55.514144+00:00,2026-08-26T23:12:42.541291+00:00,30,2026-08-26T23:12:42.541291+00:00
2026-08-28,removed,55599060,,,Apartment,Modern I EWA Included I House Keeping I Wifi,330.0,,,,BHD,monthly,,,,,,,,,,,26.241750717163086,50.5663948059082,,,,Antony Shaiju,,YES,,,,,https://www.propertyfinder.bh/en/plp/rent/apartment-for-rent-capital-governorate-reef-island-55599060.html,2026-07-27T21:16:55.514144+00:00,2026-08-26T23:12:42.541291+00:00,30,2026-08-26T23:12:42.541291+00:00
2026-08-28,removed,55599063,,,Apartment,Spaciuos I Closed Kitchen I H. Keeping I Inclusive,475.0,,,,BHD,monthly,,,,,,,,,,,26.211111068725586,50.601112365722656,,,,Antony Shaiju,,YES,,,,,https://www.propertyfinder.bh/en/plp/rent/apartment-for-rent-capital-governorate-al-juffair-55599063.html,2026-07-27T21:16:55.514144+00:00,2026-08-26T23:12:42.541291+00:00,30,2026-08-26T23:12:42.541291+00:00
2026-08-28,removed,55599065,,,Apartment,Very Spacious I Big Kitchen I Swimming Pool I Gym,430.0,,,,BHD,monthly,,,,,,,,,,,26.211111068725586,50.601112365722656,,,,Antony Shaiju,,YES,,,,,https://www.propertyfinder.bh/en/plp/rent/apartment-for-rent-capital-governorate-al-juffair-55599065.html,2026-07-27T21:16:55.514144+00:00,2026-08-26T23:12:42.541291+00:00,30,2026-08-26T23:12:42.541291+00:00
2026-08-28,removed,55599066,,,Villa,Modern I Private Pool | spacious | villla |,1800.0,,,,BHD,monthly,,,,,,,,,,,26.140336990356445,50.478271484375,,,,Antony Shaiju,,PARTLY,,,,,https://www.propertyfinder.bh/en/plp/rent/villa-for-rent-northern-governorate-hamala-55599066.html,2026-07-27T21:16:55.514144+00:00,2026-08-26T23:12:42.541291+00:00,30,2026-08-26T23:12:42.541291+00:00
2026-08-28,removed,55599069,,,Apartment,Spacious | Family Building I Gym I Pool I Wifi,550.0,,,,BHD,monthly,,,,,,,,,,,26.239999771118164,50.5369987487793,,,,Antony Shaiju,,YES,,,,,https://www.propertyfinder.bh/en/plp/rent/apartment-for-rent-capital-governorate-seef-55599069.html,2026-07-27T21:16:55.514144+00:00,2026-08-26T23:12:42.541291+00:00,30,2026-08-26T23:12:42.541291+00:00
2026-08-28,removed,55599077,,,Apartment,Sea View | New I Modern I Balcony I House Keeping,900.0,,,,BHD,monthly,,,,,,,,,,,26.239999771118164,50.5369987487793,,,,Antony Shaiju,,YES,,,,,https://www.propertyfinder.bh/en/plp/rent/apartment-for-rent-capital-governorate-seef-55599077.html,2026-07-27T21:16:55.514144+00:00,2026-08-26T23:12:42.541291+00:00,30,2026-08-26T23:12:42.541291+00:00
2026-08-28,removed,55599095,,,Villa,LUXURIOUS MODERN VILLA | GARDEN |FACILITIES,1450.0,,,,BHD,monthly,,,,,,,,,,,26.140336990356445,50.478271484375,,,,Joyace  Joy,,PARTLY,,,,,https://www.propertyfinder.bh/en/plp/rent/villa-for-rent-northern-governorate-hamala-55599095.html,2026-07-27T21:16:55.514144+00:00,2026-08-26T23:12:42.541291+00:00,30,2026-08-26T23:12:42.541291+00:00
2026-08-28,removed,55599120,,,Shop,Shop for Rent in Prime Location – Zinj,900.0,,,,BHD,monthly,,,,,,,,,,,26.2102108001709,50.56403350830078,,,,Mohamed Alnajjar,,NO,,,,,https://www.propertyfinder.bh/en/plp/commercial-rent/shop-for-rent-capital-governorate-manama-zinj-55599120.html,2026-07-27T21:16:55.514144+00:00,2026-08-26T23:12:42.541291+00:00,30,2026-08-26T23:12:42.541291+00:00
2026-08-28,removed,55599158,,,Apartment,CLASSY ONE BEDROOM FULLY FURNISHED APARTMENT,330.0,,,,BHD,monthly,,,,,,,,Exhibition Road,,,26.231962203979492,50.59507369995117,,,,Raul Larosa,,YES,,,,,https://www.propertyfinder.bh/en/plp/rent/apartment-for-rent-capital-governorate-hoora-exhibition-road-55599158.html,2026-07-27T21:16:55.514144+00:00,2026-08-26T23:12:42.541291+00:00,30,2026-08-26T23:12:42.541291+00:00
2026-08-28,removed,55599182,,,Office Space,Luxury Sea-View Office for Rent in Seef,450.0,,,,BHD,monthly,,,,,,,,,,,26.239999771118164,50.5369987487793,,,,Mohamed Alnajjar,,PARTLY,,,,,https://www.propertyfinder.bh/en/plp/commercial-rent/office-space-for-rent-capital-governorate-seef-55599182.html,2026-07-27T21:16:55.514144+00:00,2026-08-26T23:12:42.541291+00:00,30,2026-08-26T23:12:42.541291+00:00
2026-08-28,removed,55599214,,,Apartment,Furnished 2 Bedroom Apartment for Rent,350.0,,,,BHD,monthly,,,,,,,,,,,26.207910537719727,50.587345123291016,,,,Mustafa  Ebrahim,,YES,,,,,https://www.propertyfinder.bh/en/plp/rent/apartment-for-rent-capital-governorate-manama-mahooz-55599214.html,2026-07-28T21:13:30.461515+00:00,2026-08-26T23:12:42.541291+00:00,29,2026-08-26T23:12:42.541291+00:00
2026-08-28,removed,55599224,,,Apartment,Furnished Studio Apartment for Rent in Seef,230.0,,,,BHD,monthly,,,,,,,,,,,26.239999771118164,50.5369987487793,,,,Mohamed Alnajjar,,YES,,,,,https://www.propertyfinder.bh/en/plp/rent/apartment-for-rent-capital-governorate-seef-55599224.html,2026-07-27T21:16:55.514144+00:00,2026-08-26T23:12:42.541291+00:00,30,2026-08-26T23:12:42.541291+00:00
2026-08-28,removed,55599261,,,Villa,Spacious | Sanad | Prime Location,255000.0,,,,BHD,sell,,,,,,,,,,,26.149999618530273,50.58333206176758,,,,Ali Almalek,,PARTLY,completed,,,,https://www.propertyfinder.bh/en/plp/buy/villa-for-sale-central-governorate-sanad-55599261.html,2026-07-27T21:16:55.514144+00:00,2026-08-26T23:12:42.541291+00:00,30,2026-08-26T23:12:42.541291+00:00
2026-08-28,removed,55599266,,,Apartment,Spacious 2BHK Apartment for Rent in Shakhura,230.0,,,,BHD,monthly,,,,,,,,,,,26.20975685119629,50.50579833984375,,,,Mohamed Alnajjar,,NO,,,,,https://www.propertyfinder.bh/en/plp/rent/apartment-for-rent-northern-governorate-shakhura-55599266.html,2026-07-27T21:16:55.514144+00:00,2026-08-26T23:12:42.541291+00:00,30,2026-08-26T23:12:42.541291+00:00
2026-08-28,removed,55599267,,,Villa,Prime Location|Corner|Private pool|Private garden,250000.0,,,,BHD,sell,,,,,,,,,,,26.188888549804688,50.54999923706055,,,,Ali Almalek,,PARTLY,completed,,,,https://www.propertyfinder.bh/en/plp/buy/villa-for-sale-central-governorate-tubli-55599267.html,2026-07-27T21:16:55.514144+00:00,2026-08-26T23:12:42.541291+00:00,30,2026-08-26T23:12:42.541291+00:00
2026-08-28,removed,55599277,,,Land,Land in Hamala | Prime Location |Special Price,60000.0,,,,BHD,sell,,,,,,,,,,,26.140336990356445,50.478271484375,,,,Ali Almalek,,,,,,,https://www.propertyfinder.bh/en/plp/buy/land-for-sale-northern-governorate-hamala-55599277.html,2026-07-27T21:16:55.514144+00:00,2026-08-26T23:12:42.541291+00:00,30,2026-08-26T23:12:42.541291+00:00
2026-08-28,removed,55599279,,,Apartment,Semi Furnished 1BHK Apartment For Rent,160.0,,,,BHD,monthly,,,,,,,,,,,26.218677520751953,50.59382247924805,,,,Sreekuttan Sreenivasan,,PARTLY,,,,,https://www.propertyfinder.bh/en/plp/rent/apartment-for-rent-capital-governorate-manama-gudaibiya-922410.html,2026-07-27T21:16:55.514144+00:00,2026-08-26T23:12:42.541291+00:00,30,2026-08-26T23:12:42.541291+00:00
2026-08-28,removed,55599283,,,Land,Land in Hamala | Prime Location |Special Price,88000.0,,,,BHD,sell,,,,,,,,,,,26.140336990356445,50.478271484375,,,,Ali Almalek,,,,,,,https://www.propertyfinder.bh/en/plp/buy/land-for-sale-northern-governorate-hamala-55599283.html,2026-07-27T21:16:55.514144+00:00,2026-08-26T23:12:42.541291+00:00,30,2026-08-26T23:12:42.541291+00:00
2026-08-28,removed,55599286,,,Shop,Brand New Commercial Shop for Rent in Tubli,600.0,,,,BHD,monthly,,,,,,,,,,,26.188888549804688,50.54999923706055,,,,Mohamed Alnajjar,,NO,,,,,https://www.propertyfinder.bh/en/plp/commercial-rent/shop-for-rent-central-governorate-tubli-55599286.html,2026-07-27T21:16:55.514144+00:00,2026-08-26T23:12:42.541291+00:00,30,2026-08-26T23:12:42.541291+00:00
2026-08-28,removed,55599298,,,Apartment,Luxurious Stunning 3 Bed room Semi Furnished flat,350.0,,,,BHD,monthly,,,,,,,,,,,26.233417510986328,50.5331916809082,,,,Manaf M,,PARTLY,,,,,https://www.propertyfinder.bh/en/plp/rent/apartment-for-rent-capital-governorate-manama-karbabad-55599298.html,2026-07-28T21:13:30.461515+00:00,2026-08-26T23:12:42.541291+00:00,29,2026-08-26T23:12:42.541291+00:00
2026-08-28,removed,55599301,,,Apartment,BRIGHT AND SPACIOUS II 3 BEDROOM APARTMENT II SAAR,400.0,,,,BHD,monthly,,,,,,,,,,,26.19164276123047,50.48757553100586,,,,SABIR,,PARTLY,,,,,https://www.propertyfinder.bh/en/plp/rent/apartment-for-rent-northern-governorate-saar-55599301.html,2026-07-27T21:16:55.514144+00:00,2026-08-26T23:12:42.541291+00:00,30,2026-08-26T23:12:42.541291+00:00
2026-08-28,removed,55599302,,,Shop,Commercial Shop for Rent in Jurdab - Prime Spot,700.0,,,,BHD,monthly,,,,,,,,,,,26.168216705322266,50.57180404663086,,,,Mohamed Alnajjar,,PARTLY,,,,,https://www.propertyfinder.bh/en/plp/commercial-rent/shop-for-rent-central-governorate-jurdab-55599302.html,2026-07-27T21:16:55.514144+00:00,2026-08-26T23:12:42.541291+00:00,30,2026-08-26T23:12:42.541291+00:00
2026-08-28,removed,55599306,,,Apartment,Luxury 2BHK | Gym  Pool | Lobby | Free WiFi | Lift,450.0,,,,BHD,monthly,,,,,,,,Sanabis,,,26.226558685302734,50.5459098815918,,,,Saika Rukanaldin,,YES,,,,,https://www.propertyfinder.bh/en/plp/rent/apartment-for-rent-capital-governorate-manama-sanabis-55599306.html,2026-07-27T21:16:55.514144+00:00,2026-08-26T23:12:42.541291+00:00,30,2026-08-26T23:12:42.541291+00:00
2026-08-28,removed,55599318,,,Apartment,2 Bedrooms | Gym | Pool | Lobby | Wifi | Lift,470.0,,,,BHD,monthly,,,,,,,,Sanabis,,,26.226558685302734,50.5459098815918,,,,Saika Rukanaldin,,PARTLY,,,,,https://www.propertyfinder.bh/en/plp/rent/apartment-for-rent-capital-governorate-manama-sanabis-55599318.html,2026-07-27T21:16:55.514144+00:00,2026-08-26T23:12:42.541291+00:00,30,2026-08-26T23:12:42.541291+00:00
2026-08-28,removed,55599319,,,Office Space,Office Space for Rent in Seef - Prime Location,330.0,,,,BHD,monthly,,,,,,,,,,,26.239999771118164,50.5369987487793,,,,Mohamed Alnajjar,,YES,,,,,https://www.propertyfinder.bh/en/plp/commercial-rent/office-space-for-rent-capital-governorate-seef-55599319.html,2026-07-27T21:16:55.514144+00:00,2026-08-26T23:12:42.541291+00:00,30,2026-08-26T23:12:42.541291+00:00
2026-08-28,removed,55599320,,,Office Space,Bright Spacious office for rent in seef,700.0,,,,BHD,monthly,,,,,,,,,,,26.239999771118164,50.5369987487793,,,,Sayed Hashem Hasan,,PARTLY,,,,,https://www.propertyfinder.bh/en/plp/commercial-rent/office-space-for-rent-capital-governorate-seef-55599320.html,2026-07-27T21:16:55.514144+00:00,2026-08-26T23:12:42.541291+00:00,30,2026-08-26T23:12:42.541291+00:00
2026-08-28,removed,55599327,,,Apartment,Great apartment for rent in janabiya,220.0,,,,BHD,monthly,,,,,,,,,,,26.185943603515625,50.46711349487305,,,,Ayman Idrees,,PARTLY,,,,,https://www.propertyfinder.bh/en/plp/rent/apartment-for-rent-northern-governorate-janabiya-55599327.html,2026-07-27T21:16:55.514144+00:00,2026-08-26T23:12:42.541291+00:00,30,2026-08-26T23:12:42.541291+00:00
2026-08-28,removed,55599329,,,Apartment,Luxury 1-BR  2Bath| Poo Gym  Lobby | Unlimited EWA,400.0,,,,BHD,monthly,,,,,,,,Sanabis,,,26.226558685302734,50.5459098815918,,,,Saika Rukanaldin,,YES,,,,,https://www.propertyfinder.bh/en/plp/rent/apartment-for-rent-capital-governorate-manama-sanabis-55599329.html,2026-07-27T21:16:55.514144+00:00,2026-08-26T23:12:42.541291+00:00,30,2026-08-26T23:12:42.541291+00:00
2026-08-28,removed,55599335,,,Apartment,Gorgeous Flat For Rent In janabiya,300.0,,,,BHD,monthly,,,,,,,,,,,26.19164276123047,50.48757553100586,,,,Ayman Idrees,,PARTLY,,,,,https://www.propertyfinder.bh/en/plp/rent/apartment-for-rent-northern-governorate-saar-55599335.html,2026-07-27T21:16:55.514144+00:00,2026-08-26T23:12:42.541291+00:00,30,2026-08-26T23:12:42.541291+00:00
2026-08-28,removed,55599340,,,Villa,Ready to Move | Brand New | Quiet | Cozy,115000.0,,,,BHD,sell,,,,,,,,,,,26.140336990356445,50.478271484375,,,,Duaa Alsayegh,,NO,completed,,,,https://www.propertyfinder.bh/en/plp/buy/villa-for-sale-northern-governorate-hamala-55599340.html,2026-07-27T21:16:55.514144+00:00,2026-08-26T23:12:42.541291+00:00,30,2026-08-26T23:12:42.541291+00:00
2026-08-28,removed,55599344,,,Shop,Brand New Shop for Rent in Tubli - Prime Spot,450.0,,,,BHD,monthly,,,,,,,,,,,26.188888549804688,50.54999923706055,,,,Mohamed Alnajjar,,NO,,,,,https://www.propertyfinder.bh/en/plp/commercial-rent/shop-for-rent-central-governorate-tubli-55599344.html,2026-07-27T21:16:55.514144+00:00,2026-08-26T23:12:42.541291+00:00,30,2026-08-26T23:12:42.541291+00:00
2026-08-28,removed,55599356,,,Land,Affordable Price | Perfect Size for Private Villa,118778.0,,,,BHD,sell,,,,,,,,,,,26.133333206176758,50.599998474121094,,,,Duaa Alsayegh,,,,,,,https://www.propertyfinder.bh/en/plp/buy/land-for-sale-central-governorate-nuwaidrat-55599356.html,2026-07-27T21:16:55.514144+00:00,2026-08-26T23:12:42.541291+00:00,30,2026-08-26T23:12:42.541291+00:00
2026-08-28,removed,55599442,,,Apartment,Luxury Fully Furnished Apartment for Rent – Seef,450.0,,,,BHD,monthly,,,,,,,,,,,26.239999771118164,50.5369987487793,,,,Mahmood  Saeed,,YES,,,,,https://www.propertyfinder.bh/en/plp/rent/apartment-for-rent-capital-governorate-seef-55599442.html,2026-07-27T21:16:55.514144+00:00,2026-08-26T23:12:42.541291+00:00,30,2026-08-26T23:12:42.541291+00:00
2026-08-28,removed,55599443,,,Apartment,Luxury Fully Furnished Apartment for Rent Sanabis,580.0,,,,BHD,monthly,,,,,,,,,,,26.239999771118164,50.5369987487793,,,,Mahmood  Saeed,,YES,,,,,https://www.propertyfinder.bh/en/plp/rent/apartment-for-rent-capital-governorate-seef-55599443.html,2026-07-27T21:16:55.514144+00:00,2026-08-26T23:12:42.541291+00:00,30,2026-08-26T23:12:42.541291+00:00
2026-08-28,removed,55599469,,,Office Space,Office for rent in Bu qawah,70.0,,,,BHD,monthly,,,,,,,,,,,26.202558517456055,50.519554138183594,,,,Ayman Idrees,,PARTLY,,,,,https://www.propertyfinder.bh/en/plp/commercial-rent/office-space-for-rent-northern-governorate-bu-quwah-55599469.html,2026-07-27T21:16:55.514144+00:00,2026-08-26T23:12:42.541291+00:00,30,2026-08-26T23:12:42.541291+00:00
2026-08-28,removed,55599516,,,Shop,Prime Retail Shop for Rent in Riffa - Main Road,1750.0,,,,BHD,monthly,,,,,,,,,,,26.130512237548828,50.55546569824219,,,,Mohamed Alnajjar,,PARTLY,,,,,https://www.propertyfinder.bh/en/plp/commercial-rent/shop-for-rent-southern-governorate-riffa-55599516.html,2026-07-27T21:16:55.514144+00:00,2026-08-26T23:12:42.541291+00:00,30,2026-08-26T23:12:42.541291+00:00
2026-08-28,removed,55599576,,,Apartment,For rent a two-room apartment in Gudaibiya area,170.0,,,,BHD,monthly,,,,,,,,,,,26.218677520751953,50.59382247924805,,,,Muhammad Aamir Mansha,,NO,,,,,https://www.propertyfinder.bh/en/plp/rent/apartment-for-rent-capital-governorate-manama-gudaibiya-984045.html,2026-07-27T21:16:55.514144+00:00,2026-08-26T23:12:42.541291+00:00,30,2026-08-26T23:12:42.541291+00:00
2026-08-28,removed,55599581,,,Apartment,Brand New 2 Bhk Flat | Prime Location | Offer,350.0,,,,BHD,monthly,,,,,,,,,,,26.219327926635742,50.579288482666016,,,,Shameer  Palathil,,PARTLY,,,,,https://www.propertyfinder.bh/en/plp/rent/apartment-for-rent-capital-governorate-manama-salmaniya-55599581.html,2026-07-28T21:13:30.461515+00:00,2026-08-26T23:12:42.541291+00:00,29,2026-08-26T23:12:42.541291+00:00
2026-08-28,removed,55599582,,,Villa,Luxurious villa | Peacefull Compound | facilities,1400.0,,,,BHD,monthly,,,,,,,,,,,26.19164276123047,50.48757553100586,,,,Joyace  Joy,,PARTLY,,,,,https://www.propertyfinder.bh/en/plp/rent/villa-for-rent-northern-governorate-saar-55599582.html,2026-07-27T21:16:55.514144+00:00,2026-08-26T23:12:42.541291+00:00,30,2026-08-26T23:12:42.541291+00:00
2026-08-28,removed,55599595,,,Villa,Luxurious 3 BHK Villa with Private Pool – Prime LC,1400.0,,,,BHD,monthly,,,,,,,,,,,26.140336990356445,50.478271484375,,,,Shameer  Palathil,,PARTLY,,,,,https://www.propertyfinder.bh/en/plp/rent/villa-for-rent-northern-governorate-hamala-55599595.html,2026-07-27T21:16:55.514144+00:00,2026-08-26T23:12:42.541291+00:00,30,2026-08-26T23:12:42.541291+00:00
2026-08-28,removed,55599610,,,Apartment,BRAND NEW- SEA VIEW - PRIVATE POOL- MASSIVE 3 BHK,1200.0,,,,BHD,monthly,,,,,,,,Water Garden City,,,26.24260139465332,50.55380630493164,,,,Unus Sirajuddin,,YES,,,,,https://www.propertyfinder.bh/en/plp/rent/apartment-for-rent-capital-governorate-manama-water-garden-city-55599610.html,2026-07-27T21:16:55.514144+00:00,2026-08-26T23:12:42.541291+00:00,30,2026-08-26T23:12:42.541291+00:00
2026-08-28,removed,55599642,,,Apartment,Brand New l Private Terrace|Beach Acess |Sea View,600.0,,,,BHD,monthly,,,,,,,,Water Garden City,,,26.24260139465332,50.55380630493164,,,,Unus Sirajuddin,,YES,,,,,https://www.propertyfinder.bh/en/plp/rent/apartment-for-rent-capital-governorate-manama-water-garden-city-55599642.html,2026-07-27T21:16:55.514144+00:00,2026-08-26T23:12:42.541291+00:00,30,2026-08-26T23:12:42.541291+00:00
2026-08-28,removed,55599645,,,Office Space,Modern Office for Rent in Adliya - Prime Area,500.0,,,,BHD,monthly,,,,,,,,,,,26.214487075805664,50.584754943847656,,,,Mohamed Alnajjar,,YES,,,,,https://www.propertyfinder.bh/en/plp/commercial-rent/office-space-for-rent-capital-governorate-manama-adliya-55599645.html,2026-07-27T21:16:55.514144+00:00,2026-08-26T23:12:42.541291+00:00,30,2026-08-26T23:12:42.541291+00:00
2026-08-28,removed,55599776,,,Whole Building,Commercial Building for Sale IN Qudaibiya Prime Op,195000.0,,,,BHD,sell,,,,,,,,,,,26.218677520751953,50.59382247924805,,,,Abdulla AlSamahiji,,YES,completed,,,,https://www.propertyfinder.bh/en/plp/commercial-buy/whole-building-for-sale-capital-governorate-manama-gudaibiya-55599776.html,2026-07-27T21:16:55.514144+00:00,2026-08-26T23:12:42.541291+00:00,30,2026-08-26T23:12:42.541291+00:00
2026-08-28,removed,55599778,,,Whole Building,"Investment Building for Sale – Qudaibiya, Bahrain",288000.0,,,,BHD,sell,,,,,,,,,,,26.218677520751953,50.59382247924805,,,,Abdulla AlSamahiji,,NO,completed,,,,https://www.propertyfinder.bh/en/plp/buy/whole-building-for-sale-capital-governorate-manama-gudaibiya-55599778.html,2026-07-27T21:16:55.514144+00:00,2026-08-26T23:12:42.541291+00:00,30,2026-08-26T23:12:42.541291+00:00
2026-08-28,removed,55599782,,,Whole Building,"A building in Al-Hawra, behind the passport office",420000.0,,,,BHD,sell,,,,,,,,Exhibition Road,,,26.231962203979492,50.59507369995117,,,,Abdulla AlSamahiji,,NO,completed,,,,https://www.propertyfinder.bh/en/plp/buy/whole-building-for-sale-capital-governorate-hoora-exhibition-road-55599782.html,2026-07-27T21:16:55.514144+00:00,2026-08-26T23:12:42.541291+00:00,30,2026-08-26T23:12:42.541291+00:00
2026-08-28,removed,55599788,,,Whole Building,"Whole Building for Sale, 152 sqm, 3 Parking Slots",220000.0,,,,BHD,sell,,,,,,,,Exhibition Road,,,26.231962203979492,50.59507369995117,,,,Abdulla AlSamahiji,,YES,completed,,,,https://www.propertyfinder.bh/en/plp/commercial-buy/whole-building-for-sale-capital-governorate-hoora-exhibition-road-55599788.html,2026-07-27T21:16:55.514144+00:00,2026-08-26T23:12:42.541291+00:00,30,2026-08-26T23:12:42.541291+00:00
2026-08-28,removed,55599791,,,Whole Building,Excellent investment opportunity in Al-Qudibiya! F,225000.0,,,,BHD,sell,,,,,,,,,,,26.218677520751953,50.59382247924805,,,,Abdulla AlSamahiji,,PARTLY,completed,,,,https://www.propertyfinder.bh/en/plp/buy/whole-building-for-sale-capital-governorate-manama-gudaibiya-55599791.html,2026-07-27T21:16:55.514144+00:00,2026-08-26T23:12:42.541291+00:00,30,2026-08-26T23:12:42.541291+00:00
2026-08-28,removed,55599801,,,Whole Building,For sale: building in the diplomatic areaTotal: 64,3000000.0,,,,BHD,sell,,,,,,,,Exhibition Road,,,26.231962203979492,50.59507369995117,,,,Abdulla AlSamahiji,,YES,completed,,,,https://www.propertyfinder.bh/en/plp/buy/whole-building-for-sale-capital-governorate-hoora-exhibition-road-55599801.html,2026-07-28T21:13:30.461515+00:00,2026-08-26T23:12:42.541291+00:00,29,2026-08-26T23:12:42.541291+00:00
2026-08-28,removed,55599836,,,Apartment,Great deal- 3 bedroom flat - Spacious - Luxurious,500.0,,,,BHD,monthly,,,,,,,,,,,26.185943603515625,50.46711349487305,,,,Unus Sirajuddin,,YES,,,,,https://www.propertyfinder.bh/en/plp/rent/apartment-for-rent-northern-governorate-janabiya-55599836.html,2026-07-27T21:16:55.514144+00:00,2026-08-26T23:12:42.541291+00:00,30,2026-08-26T23:12:42.541291+00:00
2026-08-28,removed,55599837,,,Apartment,STUNNING MARINA VIEW /HOLIDAY VIBE /STRATEGIC AREA,64000.0,,,,BHD,sell,,,,,,,,Danat Al Bahrain,,,25.866010665893555,50.60540771484375,,,,Enkhee Eegnes,,YES,completed,,,,https://www.propertyfinder.bh/en/plp/buy/apartment-for-sale-southern-governorate-danat-al-bahrain-55599837.html,2026-07-27T21:16:55.514144+00:00,2026-08-26T23:12:42.541291+00:00,30,2026-08-26T23:12:42.541291+00:00
2026-08-28,removed,55599839,,,Apartment,LUXURIOUS - MODERN - CLOSED KITCHEN- INCLUSIVE,280.0,,,,BHD,monthly,,,,,,,,,,,26.185943603515625,50.46711349487305,,,,Unus Sirajuddin,,YES,,,,,https://www.propertyfinder.bh/en/plp/rent/apartment-for-rent-northern-governorate-janabiya-55599839.html,2026-07-27T21:16:55.514144+00:00,2026-08-26T23:12:42.541291+00:00,30,2026-08-26T23:12:42.541291+00:00
2026-08-28,removed,55599854,,,Whole Building,For sale: Commercial building in Al-Qudaih   Excel,265000.0,,,,BHD,sell,,,,,,,,,,,26.218677520751953,50.59382247924805,,,,Abdulla AlSamahiji,,YES,completed,,,,https://www.propertyfinder.bh/en/plp/commercial-buy/whole-building-for-sale-capital-governorate-manama-gudaibiya-55599854.html,2026-07-27T21:16:55.514144+00:00,2026-08-26T23:12:42.541291+00:00,30,2026-08-26T23:12:42.541291+00:00
2026-08-28,removed,55599863,,,Whole Building,8-Bedroom Whole Building in Location 80,127000.0,,,,BHD,sell,,,,,,,,,,,26.218677520751953,50.59382247924805,,,,Abdulla AlSamahiji,,PARTLY,completed,,,,https://www.propertyfinder.bh/en/plp/buy/whole-building-for-sale-capital-governorate-manama-gudaibiya-55599863.html,2026-07-27T21:16:55.514144+00:00,2026-08-26T23:12:42.541291+00:00,30,2026-08-26T23:12:42.541291+00:00
2026-08-28,removed,55599865,,,Whole Building,14 Bedroom Whole Building in Location 80 66661042,145000.0,,,,BHD,sell,,,,,,,,,,,26.218677520751953,50.59382247924805,,,,Abdulla AlSamahiji,,NO,completed,,,,https://www.propertyfinder.bh/en/plp/buy/whole-building-for-sale-capital-governorate-manama-gudaibiya-55599865.html,2026-07-27T21:16:55.514144+00:00,2026-08-26T23:12:42.541291+00:00,30,2026-08-26T23:12:42.541291+00:00
2026-08-28,removed,55599901,,,Whole Building,"Building for sale in Hoora, near Exhibition Avenue",225000.0,,,,BHD,sell,,,,,,,,,,,26.23387908935547,50.5939826965332,,,,Abdulla AlSamahiji,,YES,completed,,,,https://www.propertyfinder.bh/en/plp/commercial-buy/whole-building-for-sale-capital-governorate-hoora-55599901.html,2026-07-27T21:16:55.514144+00:00,2026-08-26T23:12:42.541291+00:00,30,2026-08-26T23:12:42.541291+00:00
2026-08-28,removed,55599916,,,Apartment,Stylish modern Villa | Near St. Christopher School,1000.0,,,,BHD,monthly,,,,,,,,,,,26.19164276123047,50.48757553100586,,,,Abijeet    ,,YES,,,,,https://www.propertyfinder.bh/en/plp/rent/apartment-for-rent-northern-governorate-saar-55599916.html,2026-07-27T21:16:55.514144+00:00,2026-08-26T23:12:42.541291+00:00,30,2026-08-26T23:12:42.541291+00:00
2026-08-28,removed,55599922,,,Apartment,HIGH FLOOR SEA VIEW | NEW FURNITURE | BALCONY |SPA,399.0,,,,BHD,monthly,,,,,,,,The Lagoon,,,26.287778854370117,50.66339111328125,,,,Fadi Eweida,,YES,,,,,https://www.propertyfinder.bh/en/plp/rent/apartment-for-rent-muharraq-governorate-amwaj-islands-the-lagoon-55599922.html,2026-07-27T21:16:55.514144+00:00,2026-08-26T23:12:42.541291+00:00,30,2026-08-26T23:12:42.541291+00:00
2026-08-28,removed,55599926,,,Whole Building,10 Bedroom Whole Building for Sale in Plot 220,200000.0,,,,BHD,sell,,,,,,,,Exhibition Road,,,26.231962203979492,50.59507369995117,,,,Abdulla AlSamahiji,,NO,completed,,,,https://www.propertyfinder.bh/en/plp/buy/whole-building-for-sale-capital-governorate-hoora-exhibition-road-55599926.html,2026-07-27T21:16:55.514144+00:00,2026-08-26T23:12:42.541291+00:00,30,2026-08-26T23:12:42.541291+00:00
2026-08-28,removed,55599929,,,Apartment,HIGH DEMAND AND CHEAPEST STUDIO FLAT UNLIMITED EWA,125.0,,,,BHD,monthly,,,,,,,,,,,26.218677520751953,50.59382247924805,,,,Abdulla AlSamahiji,,PARTLY,,,,,https://www.propertyfinder.bh/en/plp/rent/apartment-for-rent-capital-governorate-manama-gudaibiya-55599929.html,2026-07-27T21:16:55.514144+00:00,2026-08-26T23:12:42.541291+00:00,30,2026-08-26T23:12:42.541291+00:00
2026-08-28,removed,55599947,,,Whole Building,Whole Building for Sale with 12 BedroomS 66661042,170000.0,,,,BHD,sell,,,,,,,,,,,26.218677520751953,50.59382247924805,,,,Abdulla AlSamahiji,,YES,completed_primary,,,,https://www.propertyfinder.bh/en/plp/buy/whole-building-for-sale-capital-governorate-manama-gudaibiya-55599947.html,2026-07-27T21:16:55.514144+00:00,2026-08-26T23:12:42.541291+00:00,30,2026-08-26T23:12:42.541291+00:00
2026-08-28,removed,55599955,,,Apartment,gym | Free internet | near Almercado mall,280.0,,,,BHD,monthly,,,,,,,,,,,26.185943603515625,50.46711349487305,,,,AHMED ALI ,,YES,,,,,https://www.propertyfinder.bh/en/plp/rent/apartment-for-rent-northern-governorate-janabiya-55599955.html,2026-07-27T21:16:55.514144+00:00,2026-08-26T23:12:42.541291+00:00,30,2026-08-26T23:12:42.541291+00:00
2026-08-28,removed,55599967,,,Apartment,CHEAP TWO BEDROOMS APARTMENTS SPACIOUS BEAUTIFULL,220.0,,,,BHD,monthly,,,,,,,,,,,26.218677520751953,50.59382247924805,,,,Abdulla AlSamahiji,,PARTLY,,,,,https://www.propertyfinder.bh/en/plp/rent/apartment-for-rent-capital-governorate-manama-gudaibiya-55599967.html,2026-07-27T21:16:55.514144+00:00,2026-08-26T23:12:42.541291+00:00,30,2026-08-26T23:12:42.541291+00:00
2026-08-28,removed,55599984,,,Apartment,HIGH DEMAND AND CHEAPEST STUDIO FLAT UNLIMITED EWA,120.0,,,,BHD,monthly,,,,,,,,,,,26.218677520751953,50.59382247924805,,,,Abdulla AlSamahiji,,PARTLY,,,,,https://www.propertyfinder.bh/en/plp/rent/apartment-for-rent-capital-governorate-manama-gudaibiya-55599984.html,2026-07-27T21:16:55.514144+00:00,2026-08-26T23:12:42.541291+00:00,30,2026-08-26T23:12:42.541291+00:00
2026-08-28,removed,55599989,,,Villa,Fully Renovated Brand New Condition Villa,525.0,,,,BHD,monthly,,,,,,,,,,,26.19164276123047,50.48757553100586,,,,Mehaboob ,,PARTLY,,,,,https://www.propertyfinder.bh/en/plp/rent/villa-for-rent-northern-governorate-saar-55599989.html,2026-07-27T21:16:55.514144+00:00,2026-08-26T23:12:42.541291+00:00,30,2026-08-26T23:12:42.541291+00:00
2026-08-28,removed,55599996,,,Apartment,Maidroom | Balcony| closed kitchen | 2 master room,330.0,,,,BHD,monthly,,,,,,,,,,,26.21263313293457,50.67418670654297,,,,AHMED ALI ,,YES,,,,,https://www.propertyfinder.bh/en/plp/rent/apartment-for-rent-muharraq-governorate-hidd-55599996.html,2026-07-27T21:16:55.514144+00:00,2026-08-26T23:12:42.541291+00:00,30,2026-08-26T23:12:42.541291+00:00
2026-08-28,removed,55599999,,,Apartment,MOVE IN READY-SEA VIEW -BEACH ACCESS - 2YR PAYMENT,108000.0,,,,BHD,sell,,,,,,,,Diyar Al Muharraq,,,26.303447723388672,50.6461296081543,,,,Unus Sirajuddin,,YES,completed,,,,https://www.propertyfinder.bh/en/plp/buy/apartment-for-sale-muharraq-governorate-diyar-al-muharraq-marassi-al-bahrain-55599999.html,2026-07-27T21:16:55.514144+00:00,2026-08-26T23:12:42.541291+00:00,30,2026-08-26T23:12:42.541291+00:00
2026-08-28,removed,55600001,,,Apartment,MODERN - BALCONY - NEAR CITY CENTRE - WIFI-PARKING,350.0,,,,BHD,monthly,,,,,,,,,,,26.239999771118164,50.5369987487793,,,,Unus Sirajuddin,,YES,,,,,https://www.propertyfinder.bh/en/plp/rent/apartment-for-rent-capital-governorate-seef-55600001.html,2026-07-28T21:13:30.461515+00:00,2026-08-26T23:12:42.541291+00:00,29,2026-08-26T23:12:42.541291+00:00
2026-08-28,removed,55600003,,,Villa,PRIVATE POOL - SUPER LUXURIOUS - INCLUSIVE,1600.0,,,,BHD,monthly,,,,,,,,,,,26.140336990356445,50.478271484375,,,,Unus Sirajuddin,,YES,,,,,https://www.propertyfinder.bh/en/plp/rent/villa-for-rent-northern-governorate-hamala-55600003.html,2026-07-27T21:16:55.514144+00:00,2026-08-26T23:12:42.541291+00:00,30,2026-08-26T23:12:42.541291+00:00
2026-08-28,removed,55600006,,,Apartment,BEST DEAL FOR 3 BHK- HIGH FLOOR -LUXURY -NEAR MALL,350.0,,,,BHD,monthly,,,,,,,,,,,26.211111068725586,50.601112365722656,,,,Unus Sirajuddin,,YES,,,,,https://www.propertyfinder.bh/en/plp/rent/apartment-for-rent-capital-governorate-al-juffair-55600006.html,2026-07-28T21:13:30.461515+00:00,2026-08-26T23:12:42.541291+00:00,29,2026-08-26T23:12:42.541291+00:00
2026-08-28,removed,55600015,,,Apartment,LUXURY TWO BEDROOMS PLUS MAID WITH BALCONY FONTANA,90000.0,,,,BHD,sell,,,,,,,,,,,26.211111068725586,50.601112365722656,,,,Abdulla AlSamahiji,,YES,completed,,,,https://www.propertyfinder.bh/en/plp/buy/apartment-for-sale-capital-governorate-al-juffair-55600015.html,2026-07-27T21:16:55.514144+00:00,2026-08-26T23:12:42.541291+00:00,30,2026-08-26T23:12:42.541291+00:00
2026-08-28,removed,55600080,,,Apartment,Modern| Balconey | Unlimited EWA| Sea View|,380.0,,,,BHD,monthly,,,,,,,,,,,26.2102108001709,50.56403350830078,,,,Seby Augustine,,YES,,,,,https://www.propertyfinder.bh/en/plp/rent/apartment-for-rent-capital-governorate-manama-zinj-55600080.html,2026-07-27T21:16:55.514144+00:00,2026-08-26T23:12:42.541291+00:00,30,2026-08-26T23:12:42.541291+00:00
2026-08-28,removed,55600129,,,Apartment,MODERN|BALCONEY|SEA VIEW|INCLUCIVE|CITY VIEW,580.0,,,,BHD,monthly,,,,,,,,,,,26.2102108001709,50.56403350830078,,,,Seby Augustine,,YES,,,,,https://www.propertyfinder.bh/en/plp/rent/apartment-for-rent-capital-governorate-manama-zinj-55600129.html,2026-07-27T21:16:55.514144+00:00,2026-08-26T23:12:42.541291+00:00,30,2026-08-26T23:12:42.541291+00:00
2026-08-28,removed,55600138,,,Apartment,Beach Access Specious 3BR+Maids | Next To Mall |,1350.0,,,,BHD,monthly,,,,,,,,Diyar Al Muharraq,,,26.303447723388672,50.6461296081543,,,,JUNAID MUNAWAR,,YES,,,,,https://www.propertyfinder.bh/en/plp/rent/apartment-for-rent-muharraq-governorate-diyar-al-muharraq-marassi-al-bahrain-55600138.html,2026-07-27T21:16:55.514144+00:00,2026-08-26T23:12:42.541291+00:00,30,2026-08-26T23:12:42.541291+00:00
2026-08-28,removed,55600438,,,Villa,BRAND NEW FURNISHED VILLA MAID ROOM PIRME LOCATION,135000.0,,,,BHD,sell,,,,,,,,,,,26.21263313293457,50.67418670654297,,,,khan Mohammad khan,,YES,completed,,,,https://www.propertyfinder.bh/en/plp/buy/villa-for-sale-muharraq-governorate-hidd-55600438.html,2026-07-28T21:13:30.461515+00:00,2026-08-26T23:12:42.541291+00:00,29,2026-08-26T23:12:42.541291+00:00
2026-08-28,removed,55600441,,,Apartment,2BED LUXURY BRIGHT BALCONY WIFI POOL GOOD LOCATION,300.0,,,,BHD,monthly,,,,,,,,,,,26.21263313293457,50.67418670654297,,,,khan Mohammad khan,,YES,,,,,https://www.propertyfinder.bh/en/plp/rent/apartment-for-rent-muharraq-governorate-hidd-55600441.html,2026-07-28T21:13:30.461515+00:00,2026-08-26T23:12:42.541291+00:00,29,2026-08-26T23:12:42.541291+00:00
2026-08-28,removed,55627895,,,Apartment,Housekeeping | Security | Balcony | Closed Kitchen,575.0,,,,BHD,monthly,,,,,,,,,,,26.203079223632812,50.594947814941406,,,,Christyl Lebosada,,YES,,,,,https://www.propertyfinder.bh/en/plp/rent/apartment-for-rent-capital-governorate-manama-um-al-hasam-55627895.html,2026-07-28T21:13:30.461515+00:00,2026-08-26T23:12:42.541291+00:00,29,2026-08-26T23:12:42.541291+00:00
2026-08-28,removed,55627904,,,Apartment,Pets Allowed | Balcony | Housekeeping | Bright |,400.0,,,,BHD,monthly,,,,,,,,,,,26.211111068725586,50.601112365722656,,,,Aileen Camarillo,,YES,,,,,https://www.propertyfinder.bh/en/plp/rent/apartment-for-rent-capital-governorate-al-juffair-55627904.html,2026-07-28T21:13:30.461515+00:00,2026-08-26T23:12:42.541291+00:00,29,2026-08-26T23:12:42.541291+00:00
2026-08-28,removed,55627905,,,Apartment,Closed Kitchen | New Furniture | Modern | Bright |,350.0,,,,BHD,monthly,,,,,,,,,,,26.211111068725586,50.601112365722656,,,,Aileen Camarillo,,YES,,,,,https://www.propertyfinder.bh/en/plp/rent/apartment-for-rent-capital-governorate-al-juffair-55627905.html,2026-07-28T21:13:30.461515+00:00,2026-08-26T23:12:42.541291+00:00,29,2026-08-26T23:12:42.541291+00:00
2026-08-28,removed,55627907,,,Apartment,Balcony | Modern | Guest Toilet | Function Hall |,330.0,,,,BHD,monthly,,,,,,,,,,,26.211111068725586,50.601112365722656,,,,Aileen Camarillo,,YES,,,,,https://www.propertyfinder.bh/en/plp/rent/apartment-for-rent-capital-governorate-al-juffair-55627907.html,2026-07-28T21:13:30.461515+00:00,2026-08-26T23:12:42.541291+00:00,29,2026-08-26T23:12:42.541291+00:00
2026-08-28,removed,55627985,,,Apartment,Covered Parking | Fully Furnished | Terrace,300.0,,,,BHD,monthly,,,,,,,,,,,26.207910537719727,50.587345123291016,,,,Samar Kafri,,YES,,,,,https://www.propertyfinder.bh/en/plp/rent/apartment-for-rent-capital-governorate-manama-mahooz-55627985.html,2026-07-28T21:13:30.461515+00:00,2026-08-26T23:12:42.541291+00:00,29,2026-08-26T23:12:42.541291+00:00
2026-08-28,removed,55627987,,,Apartment,Pool | Furnished | Spacious | Covered parking,400.0,,,,BHD,monthly,,,,,,,,,,,26.203079223632812,50.594947814941406,,,,Samar Kafri,,YES,,,,,https://www.propertyfinder.bh/en/plp/rent/apartment-for-rent-capital-governorate-manama-um-al-hasam-55627987.html,2026-07-28T21:13:30.461515+00:00,2026-08-26T23:12:42.541291+00:00,29,2026-08-26T23:12:42.541291+00:00
2026-08-28,removed,55627992,,,Apartment,Spacious | Fully Furnished | Pool | Gym,400.0,,,,BHD,monthly,,,,,,,,,,,26.203079223632812,50.594947814941406,,,,Samar Kafri,,YES,,,,,https://www.propertyfinder.bh/en/plp/rent/apartment-for-rent-capital-governorate-manama-um-al-hasam-55627992.html,2026-07-28T21:13:30.461515+00:00,2026-08-26T23:12:42.541291+00:00,29,2026-08-26T23:12:42.541291+00:00
2026-08-28,removed,55627996,,,Apartment,AFFORDABLE BUDGETT FRIENDLY FREE WIFI | CPR ADRESS,300.0,,,,BHD,monthly,,,,,,,,Amwaj Marina,,,26.293058395385742,50.65943908691406,,,,Fadi Eweida,,YES,,,,,https://www.propertyfinder.bh/en/plp/rent/apartment-for-rent-muharraq-governorate-amwaj-islands-amwaj-marina-55627996.html,2026-07-28T21:13:30.461515+00:00,2026-08-26T23:12:42.541291+00:00,29,2026-08-26T23:12:42.541291+00:00
2026-08-28,removed,55627997,,,Apartment,LAGOON VIEW | NEAT | SPACIOUS | POOL | GYM | SPA,450.0,,,,BHD,monthly,,,,,,,,The Lagoon,,,26.287778854370117,50.66339111328125,,,,Fadi Eweida,,YES,,,,,https://www.propertyfinder.bh/en/plp/rent/apartment-for-rent-muharraq-governorate-amwaj-islands-the-lagoon-55627997.html,2026-07-28T21:13:30.461515+00:00,2026-08-26T23:12:42.541291+00:00,29,2026-08-26T23:12:42.541291+00:00
2026-08-28,removed,55628342,,,Apartment,Brand New flat for rent in Juffair/Ready to move,300.0,,,,BHD,monthly,,,,,,,,,,,26.211111068725586,50.601112365722656,,,,Dafina Muca,,YES,,,,,https://www.propertyfinder.bh/en/plp/rent/apartment-for-rent-capital-governorate-al-juffair-55628342.html,2026-07-28T21:13:30.461515+00:00,2026-08-26T23:12:42.541291+00:00,29,2026-08-26T23:12:42.541291+00:00
2026-08-28,removed,55628629,,,Apartment,AFORDABLE BEST PRICE | BALCONY | KIDS PLAY AREA,350.0,,,,BHD,monthly,,,,,,,,The Lagoon,,,26.287778854370117,50.66339111328125,,,,Fadi Eweida,,YES,,,,,https://www.propertyfinder.bh/en/plp/rent/apartment-for-rent-muharraq-governorate-amwaj-islands-the-lagoon-55628629.html,2026-07-28T21:13:30.461515+00:00,2026-08-26T23:12:42.541291+00:00,29,2026-08-26T23:12:42.541291+00:00
2026-08-28,removed,55628642,,,Villa,Standalone Villa | Swimming Pool | Spacious | Park,1200.0,,,,BHD,monthly,,,,,,,,,,,26.207910537719727,50.587345123291016,,,,Christyl Lebosada,,PARTLY,,,,,https://www.propertyfinder.bh/en/plp/rent/villa-for-rent-capital-governorate-manama-mahooz-55628642.html,2026-07-28T21:13:30.461515+00:00,2026-08-26T23:12:42.541291+00:00,29,2026-08-26T23:12:42.541291+00:00
2026-08-28,removed,55628879,,,Office Space,Brand New Seef Office | From BD 325,325.0,,,,BHD,monthly,,,,,,,,,,,26.239999771118164,50.5369987487793,,,,Maydan Homes Leasing,,PARTLY,,,,,https://www.propertyfinder.bh/en/plp/commercial-rent/office-space-for-rent-capital-governorate-seef-55628879.html,2026-07-28T21:13:30.461515+00:00,2026-08-26T23:12:42.541291+00:00,29,2026-08-26T23:12:42.541291+00:00
2026-08-28,removed,55629042,,,Apartment,UNIQUE | CORNER UNIT | NEW BUILDING,800.0,,,,BHD,monthly,,,,,,,,Bahrain Financial Harbour,,,26.23778533935547,50.57342529296875,,,,Preeti Paudel,,YES,,,,,https://www.propertyfinder.bh/en/plp/rent/apartment-for-rent-capital-governorate-manama-bahrain-financial-harbour-55629042.html,2026-07-28T21:13:30.461515+00:00,2026-08-26T23:12:42.541291+00:00,29,2026-08-26T23:12:42.541291+00:00
2026-08-28,removed,55629048,,,Villa,Private Pool | Kids Play Area | Modern | Garden |,1150.0,,,,BHD,monthly,,,,,,,,,,,26.19164276123047,50.48757553100586,,,,Aileen Camarillo,,PARTLY,,,,,https://www.propertyfinder.bh/en/plp/rent/villa-for-rent-northern-governorate-saar-55629048.html,2026-07-28T21:13:30.461515+00:00,2026-08-26T23:12:42.541291+00:00,29,2026-08-26T23:12:42.541291+00:00
2026-08-28,removed,55629081,,,Villa,LUXURY ELEGANT PRIVATE POOL FULLY FURNISHED,1550.0,,,,BHD,monthly,,,,,,,,Diyar Al Muharraq,Al Naseem,,26.31142234802246,50.64306640625,,,,Katarzyna Smolinska3668,,YES,,,,,https://www.propertyfinder.bh/en/plp/rent/villa-for-rent-muharraq-governorate-diyar-al-muharraq-al-naseem-55629081.html,2026-07-28T21:13:30.461515+00:00,2026-08-26T23:12:42.541291+00:00,29,2026-08-26T23:12:42.541291+00:00
2026-08-28,removed,55629093,,,Apartment,HOT DEAL | HOUSEKEEPING | CLOSED KITCHEN,425.0,,,,BHD,monthly,,,,,,,,,,,26.239999771118164,50.5369987487793,,,,Preeti Paudel,,YES,,,,,https://www.propertyfinder.bh/en/plp/rent/apartment-for-rent-capital-governorate-seef-55629093.html,2026-07-28T21:13:30.461515+00:00,2026-08-26T23:12:42.541291+00:00,29,2026-08-26T23:12:42.541291+00:00
2026-08-28,removed,55629103,,,Apartment,HOUSEKEEPING | CLOSED KITCHEN | ALL INCLUSIVE,500.0,,,,BHD,monthly,,,,,,,,,,,26.239999771118164,50.5369987487793,,,,Preeti Paudel,,YES,,,,,https://www.propertyfinder.bh/en/plp/rent/apartment-for-rent-capital-governorate-seef-55629103.html,2026-07-28T21:13:30.461515+00:00,2026-08-26T23:12:42.541291+00:00,29,2026-08-26T23:12:42.541291+00:00
2026-08-28,removed,55629111,,,Apartment,HOT DEAL | LUXURIOUS | SPACIOUS LAYOUT,750.0,,,,BHD,monthly,,,,,,,,Bahrain Financial Harbour,,,26.23778533935547,50.57342529296875,,,,Preeti Paudel,,YES,,,,,https://www.propertyfinder.bh/en/plp/rent/apartment-for-rent-capital-governorate-manama-bahrain-financial-harbour-55629111.html,2026-07-28T21:13:30.461515+00:00,2026-08-26T23:12:42.541291+00:00,29,2026-08-26T23:12:42.541291+00:00
2026-08-28,removed,55629113,,,Apartment,Sea View | Luxurious | Wonderful Interior,500.0,,,,BHD,monthly,,,,,,,,,,,26.239999771118164,50.5369987487793,,,,Azzam Osama,,YES,,,,,https://www.propertyfinder.bh/en/plp/rent/apartment-for-rent-capital-governorate-seef-55629113.html,2026-07-28T21:13:30.461515+00:00,2026-08-26T23:12:42.541291+00:00,29,2026-08-26T23:12:42.541291+00:00
2026-08-28,removed,55629116,,,Apartment,Modern | Cozy | Balcony | 5 Star Facilities,800.0,,,,BHD,monthly,,,,,,,,,,,26.239999771118164,50.5369987487793,,,,Azzam Osama,,YES,,,,,https://www.propertyfinder.bh/en/plp/rent/apartment-for-rent-capital-governorate-seef-55629116.html,2026-07-28T21:13:30.461515+00:00,2026-08-26T23:12:42.541291+00:00,29,2026-08-26T23:12:42.541291+00:00
2026-08-28,removed,55629235,,,Office Space,INCLUSIVE | READY TO MOVE IN | AMENITIES,1150.0,,,,BHD,monthly,,,,,,,,,,,26.249584197998047,50.580360412597656,,,,Husain Kayed,,YES,,,,,https://www.propertyfinder.bh/en/plp/commercial-rent/office-space-for-rent-capital-governorate-bahrain-bay-55629235.html,2026-07-28T21:13:30.461515+00:00,2026-08-26T23:12:42.541291+00:00,29,2026-08-26T23:12:42.541291+00:00
2026-08-28,removed,55629241,,,Apartment,High Floor | Custom Interior | Panoramic View,720.0,,,,BHD,monthly,,,,,,,,Water Garden City,,,26.24260139465332,50.55380630493164,,,,Azzam Osama,,YES,,,,,https://www.propertyfinder.bh/en/plp/rent/apartment-for-rent-capital-governorate-manama-water-garden-city-55629241.html,2026-07-28T21:13:30.461515+00:00,2026-08-26T23:12:42.541291+00:00,29,2026-08-26T23:12:42.541291+00:00
2026-08-28,removed,55629242,,,Apartment,Navy Approved | 5 Star Facilities | Big Balcony,820.0,,,,BHD,monthly,,,,,,,,,,,26.211111068725586,50.601112365722656,,,,Azzam Osama,,YES,,,,,https://www.propertyfinder.bh/en/plp/rent/apartment-for-rent-capital-governorate-al-juffair-55629242.html,2026-07-28T21:13:30.461515+00:00,2026-08-26T23:12:42.541291+00:00,29,2026-08-26T23:12:42.541291+00:00
2026-08-28,removed,55629251,,,Apartment,Navy Approved | High End Living | Big Balcony,820.0,,,,BHD,monthly,,,,,,,,,,,26.211111068725586,50.601112365722656,,,,Azzam Osama,,YES,,,,,https://www.propertyfinder.bh/en/plp/rent/apartment-for-rent-capital-governorate-al-juffair-55629251.html,2026-07-28T21:13:30.461515+00:00,2026-08-26T23:12:42.541291+00:00,29,2026-08-26T23:12:42.541291+00:00
2026-08-28,removed,55629255,,,Apartment,SPACIOUS LAYOUT | BRIGHT | PRIME LOCATION,350.0,,,,BHD,monthly,,,,,,,,,,,26.239999771118164,50.5369987487793,,,,Preeti Paudel,,YES,,,,,https://www.propertyfinder.bh/en/plp/rent/apartment-for-rent-capital-governorate-seef-55629255.html,2026-07-28T21:13:30.461515+00:00,2026-08-26T23:12:42.541291+00:00,29,2026-08-26T23:12:42.541291+00:00
2026-08-28,removed,55629268,,,Apartment,BRIGHT | STYLISH LAYOUT | PRIME LOCATION,420.0,,,,BHD,monthly,,,,,,,,,,,26.239999771118164,50.5369987487793,,,,Preeti Paudel,,YES,,,,,https://www.propertyfinder.bh/en/plp/rent/apartment-for-rent-capital-governorate-seef-55629268.html,2026-07-28T21:13:30.461515+00:00,2026-08-26T23:12:42.541291+00:00,29,2026-08-26T23:12:42.541291+00:00
2026-08-28,removed,55629278,,,Apartment,HOUSEKEEPING | HIGHER FLOOR | PRIME LOCATION,700.0,,,,BHD,monthly,,,,,,,,,,,26.239999771118164,50.5369987487793,,,,Preeti Paudel,,YES,,,,,https://www.propertyfinder.bh/en/plp/rent/apartment-for-rent-capital-governorate-seef-55629278.html,2026-07-28T21:13:30.461515+00:00,2026-08-26T23:12:42.541291+00:00,29,2026-08-26T23:12:42.541291+00:00
2026-08-28,removed,55629281,,,Apartment,Modern | Great Storage | Balcony | Roof Top Pool,550.0,,,,BHD,monthly,,,,,,,,,,,26.239999771118164,50.5369987487793,,,,Azzam Osama,,YES,,,,,https://www.propertyfinder.bh/en/plp/rent/apartment-for-rent-capital-governorate-seef-55629281.html,2026-07-28T21:13:30.461515+00:00,2026-08-26T23:12:42.541291+00:00,29,2026-08-26T23:12:42.541291+00:00
2026-08-28,removed,55629284,,,Apartment,Modern | Bright | Closed Kitchen | Storge Space,500.0,,,,BHD,monthly,,,,,,,,,,,26.211111068725586,50.601112365722656,,,,Azzam Osama,,YES,,,,,https://www.propertyfinder.bh/en/plp/rent/apartment-for-rent-capital-governorate-al-juffair-55629284.html,2026-07-28T21:13:30.461515+00:00,2026-08-26T23:12:42.541291+00:00,29,2026-08-26T23:12:42.541291+00:00
2026-08-28,removed,55629286,,,Apartment,Modern | Great Storage | Balcony | Roof Top Pool,450.0,,,,BHD,monthly,,,,,,,,,,,26.239999771118164,50.5369987487793,,,,Azzam Osama,,YES,,,,,https://www.propertyfinder.bh/en/plp/rent/apartment-for-rent-capital-governorate-seef-55629286.html,2026-07-28T21:13:30.461515+00:00,2026-08-26T23:12:42.541291+00:00,29,2026-08-26T23:12:42.541291+00:00
2026-08-28,removed,55629295,,,Apartment,TWO BALCONIES | NEWLY RENOVATED | HOT DEAL,950.0,,,,BHD,monthly,,,,,,,,,,,26.239999771118164,50.5369987487793,,,,Preeti Paudel,,YES,,,,,https://www.propertyfinder.bh/en/plp/rent/apartment-for-rent-capital-governorate-seef-55629295.html,2026-07-28T21:13:30.461515+00:00,2026-08-26T23:12:42.541291+00:00,29,2026-08-26T23:12:42.541291+00:00
2026-08-28,removed,55629299,,,Apartment,HUGE BALCONY | HIGHER FLOOR | PRIME LOCATION,650.0,,,,BHD,monthly,,,,,,,,,,,26.239999771118164,50.5369987487793,,,,Preeti Paudel,,YES,,,,,https://www.propertyfinder.bh/en/plp/rent/apartment-for-rent-capital-governorate-seef-55629299.html,2026-07-28T21:13:30.461515+00:00,2026-08-26T23:12:42.541291+00:00,29,2026-08-26T23:12:42.541291+00:00
2026-08-28,removed,55629304,,,Apartment,LUXURIOUS | PRIME LOCATION | HOT DEAL,600.0,,,,BHD,monthly,,,,,,,,,,,26.249584197998047,50.580360412597656,,,,Preeti Paudel,,YES,,,,,https://www.propertyfinder.bh/en/plp/rent/apartment-for-rent-capital-governorate-bahrain-bay-55629304.html,2026-07-28T21:13:30.461515+00:00,2026-08-26T23:12:42.541291+00:00,29,2026-08-26T23:12:42.541291+00:00
2026-08-28,removed,55629309,,,Apartment,HIGHER FLOOR | FULL SEA VIEW | HOT DEAL,450.0,,,,BHD,monthly,,,,,,,,,,,26.239999771118164,50.5369987487793,,,,Preeti Paudel,,YES,,,,,https://www.propertyfinder.bh/en/plp/rent/apartment-for-rent-capital-governorate-seef-55629309.html,2026-07-28T21:13:30.461515+00:00,2026-08-26T23:12:42.541291+00:00,29,2026-08-26T23:12:42.541291+00:00
2026-08-28,removed,55629312,,,Apartment,STYLISH LAYOUT | PRIME LOCATION | SPACIOUS,550.0,,,,BHD,monthly,,,,,,,,,,,26.239999771118164,50.5369987487793,,,,Preeti Paudel,,YES,,,,,https://www.propertyfinder.bh/en/plp/rent/apartment-for-rent-capital-governorate-seef-55629312.html,2026-07-28T21:13:30.461515+00:00,2026-08-26T23:12:42.541291+00:00,29,2026-08-26T23:12:42.541291+00:00
2026-08-28,removed,55629316,,,Apartment,BREATHTAKING VIEW | HOT DEAL | HIGHER FLOOR,1000.0,,,,BHD,monthly,,,,,,,,,,,26.249584197998047,50.580360412597656,,,,Preeti Paudel,,YES,,,,,https://www.propertyfinder.bh/en/plp/rent/apartment-for-rent-capital-governorate-bahrain-bay-55629316.html,2026-07-28T21:13:30.461515+00:00,2026-08-26T23:12:42.541291+00:00,29,2026-08-26T23:12:42.541291+00:00
2026-08-28,removed,55629323,,,Villa,Duplex | Spacious | Balcony | Private Entrance,1300.0,,,,BHD,monthly,,,,,,,,,,,26.241750717163086,50.5663948059082,,,,Azzam Osama,,YES,,,,,https://www.propertyfinder.bh/en/plp/rent/villa-for-rent-capital-governorate-reef-island-55629323.html,2026-07-28T21:13:30.461515+00:00,2026-08-26T23:12:42.541291+00:00,29,2026-08-26T23:12:42.541291+00:00
2026-08-28,removed,55629487,,,Apartment,Luxurious | Housekeeping | Wonderful Interior,850.0,,,,BHD,monthly,,,,,,,,,,,26.239999771118164,50.5369987487793,,,,Azzam Osama,,YES,,,,,https://www.propertyfinder.bh/en/plp/rent/apartment-for-rent-capital-governorate-seef-55629487.html,2026-07-28T21:13:30.461515+00:00,2026-08-26T23:12:42.541291+00:00,29,2026-08-26T23:12:42.541291+00:00
2026-08-28,removed,55629507,,,Apartment,BRAND NEW | SEA VEW | COZY | HIGH END | MODEN,500.0,,,,BHD,monthly,,,,,,,,Bahrain Financial Harbour,,,26.23778533935547,50.57342529296875,,,,Portia Sioting,,YES,,,,,https://www.propertyfinder.bh/en/plp/rent/apartment-for-rent-capital-governorate-manama-bahrain-financial-harbour-55629507.html,2026-07-28T21:13:30.461515+00:00,2026-08-26T23:12:42.541291+00:00,29,2026-08-26T23:12:42.541291+00:00
2026-08-28,removed,55629511,,,Apartment,COZY/ BRIGHT-MODERN| BALCONY| ALL MASTER BEDROOMS,480.0,,,,BHD,monthly,,,,,,,,,,,26.211111068725586,50.601112365722656,,,,Portia Sioting,,YES,,,,,https://www.propertyfinder.bh/en/plp/rent/apartment-for-rent-capital-governorate-al-juffair-55629511.html,2026-07-28T21:13:30.461515+00:00,2026-08-26T23:12:42.541291+00:00,29,2026-08-26T23:12:42.541291+00:00
2026-08-28,removed,55629538,,,Office Space,WATER VIEW | PRIME LOCATION | SPACIOUS,120000.0,,,,BHD,sell,,,,,,,,Diplomatic Area,,,26.240070343017578,50.587345123291016,,,,Husain Kayed,,NO,completed,,,,https://www.propertyfinder.bh/en/plp/commercial-buy/office-space-for-sale-capital-governorate-manama-diplomatic-area-55629538.html,2026-07-28T21:13:30.461515+00:00,2026-08-26T23:12:42.541291+00:00,29,2026-08-26T23:12:42.541291+00:00
2026-08-28,removed,55629540,,,Office Space,SPACIOUS | CITY VIEW | FLOOR TO CEILING WINDOWS,1800.0,,,,BHD,monthly,,,,,,,,,,,26.239999771118164,50.5369987487793,,,,Husain Kayed,,PARTLY,,,,,https://www.propertyfinder.bh/en/plp/commercial-rent/office-space-for-rent-capital-governorate-seef-55629540.html,2026-07-28T21:13:30.461515+00:00,2026-08-26T23:12:42.541291+00:00,29,2026-08-26T23:12:42.541291+00:00
2026-08-28,removed,55629543,,,Office Space,AFFORDABLE | EASY ACCESS | AMPLE PARKINGS,300.0,,,,BHD,monthly,,,,,,,,,,,26.239999771118164,50.5369987487793,,,,Husain Kayed,,PARTLY,,,,,https://www.propertyfinder.bh/en/plp/commercial-rent/office-space-for-rent-capital-governorate-seef-55629543.html,2026-07-28T21:13:30.461515+00:00,2026-08-26T23:12:42.541291+00:00,29,2026-08-26T23:12:42.541291+00:00
2026-08-28,removed,55629548,,,Office Space,BALCONY | PANORAMIC VIEW | BIRGHT,450.0,,,,BHD,monthly,,,,,,,,,,,26.239999771118164,50.5369987487793,,,,Husain Kayed,,PARTLY,,,,,https://www.propertyfinder.bh/en/plp/commercial-rent/office-space-for-rent-capital-governorate-seef-55629548.html,2026-07-28T21:13:30.461515+00:00,2026-08-26T23:12:42.541291+00:00,29,2026-08-26T23:12:42.541291+00:00
2026-08-28,removed,55629568,,,Office Space,HIGH RISE TOWER | PRIME | SPACIOUS,736.0,,,,BHD,monthly,,,,,,,,Diplomatic Area,,,26.240070343017578,50.587345123291016,,,,Husain Kayed,,PARTLY,,,,,https://www.propertyfinder.bh/en/plp/commercial-rent/office-space-for-rent-capital-governorate-manama-diplomatic-area-55629568.html,2026-07-28T21:13:30.461515+00:00,2026-08-26T23:12:42.541291+00:00,29,2026-08-26T23:12:42.541291+00:00
2026-08-28,removed,55629582,,,Apartment,Lifestyle Property/Gated Beachfront Community,65000.0,,,,BHD,sell,,,,,,,,Tala Island,,,26.300025939941406,50.66316223144531,,,,Anastasia Ageeva,,YES,completed,,,,https://www.propertyfinder.bh/en/plp/buy/apartment-for-sale-muharraq-governorate-amwaj-islands-tala-island-55629582.html,2026-07-28T21:13:30.461515+00:00,2026-08-26T23:12:42.541291+00:00,29,2026-08-26T23:12:42.541291+00:00
2026-08-28,removed,55629651,,,Office Space,AFFORDABLE | BRIGHT | PARTITIONED,380.0,,,,BHD,monthly,,,,,,,,,,,26.239999771118164,50.5369987487793,,,,Husain Kayed,,PARTLY,,,,,https://www.propertyfinder.bh/en/plp/commercial-rent/office-space-for-rent-capital-governorate-seef-55629651.html,2026-07-28T21:13:30.461515+00:00,2026-08-26T23:12:42.541291+00:00,29,2026-08-26T23:12:42.541291+00:00
2026-08-28,removed,55629658,,,Office Space,FULLY FITTED | LUXURY | PRIME LOCATION,862.0,,,,BHD,monthly,,,,,,,,,,,26.239999771118164,50.5369987487793,,,,Husain Kayed,,YES,,,,,https://www.propertyfinder.bh/en/plp/commercial-rent/office-space-for-rent-capital-governorate-seef-55629658.html,2026-07-28T21:13:30.461515+00:00,2026-08-26T23:12:42.541291+00:00,29,2026-08-26T23:12:42.541291+00:00
2026-08-28,removed,55629660,,,Office Space,WATER VIEW | OPEN SPACE | EASY ACCESS,370.0,,,,BHD,monthly,,,,,,,,,,,26.239999771118164,50.5369987487793,,,,Husain Kayed,,PARTLY,,,,,https://www.propertyfinder.bh/en/plp/commercial-rent/office-space-for-rent-capital-governorate-seef-55629660.html,2026-07-28T21:13:30.461515+00:00,2026-08-26T23:12:42.541291+00:00,29,2026-08-26T23:12:42.541291+00:00
2026-08-28,removed,55629664,,,Office Space,MULTI-CABINS | HIGH RISE TOWER | PRIME,1650.0,,,,BHD,monthly,,,,,,,,,,,26.239999771118164,50.5369987487793,,,,Husain Kayed,,PARTLY,,,,,https://www.propertyfinder.bh/en/plp/commercial-rent/office-space-for-rent-capital-governorate-seef-55629664.html,2026-07-28T21:13:30.461515+00:00,2026-08-26T23:12:42.541291+00:00,29,2026-08-26T23:12:42.541291+00:00
2026-08-28,removed,55629677,,,Office Space,BALCONY | FULL FLOOR | SPACIOUS,4000.0,,,,BHD,monthly,,,,,,,,,,,26.239999771118164,50.5369987487793,,,,Husain Kayed,,PARTLY,,,,,https://www.propertyfinder.bh/en/plp/commercial-rent/office-space-for-rent-capital-governorate-seef-55629677.html,2026-07-28T21:13:30.461515+00:00,2026-08-26T23:12:42.541291+00:00,29,2026-08-26T23:12:42.541291+00:00
2026-08-28,removed,55629681,,,Office Space,OPEN SPACE | RECENTLY RENOVATED | BRIGHT,500.0,,,,BHD,monthly,,,,,,,,,,,26.239999771118164,50.5369987487793,,,,Husain Kayed,,PARTLY,,,,,https://www.propertyfinder.bh/en/plp/commercial-rent/office-space-for-rent-capital-governorate-seef-55629681.html,2026-07-28T21:13:30.461515+00:00,2026-08-26T23:12:42.541291+00:00,29,2026-08-26T23:12:42.541291+00:00
2026-08-28,removed,55629691,,,Office Space,EXPANSIVE | EASY ACCESS | BRIGHT,550.0,,,,BHD,monthly,,,,,,,,,,,26.239999771118164,50.5369987487793,,,,Husain Kayed,,PARTLY,,,,,https://www.propertyfinder.bh/en/plp/commercial-rent/office-space-for-rent-capital-governorate-seef-55629691.html,2026-07-28T21:13:30.461515+00:00,2026-08-26T23:12:42.541291+00:00,29,2026-08-26T23:12:42.541291+00:00
2026-08-28,removed,55629704,,,Office Space,PRIME LOCATION | HIGH RISE TOWER | CITY VIEW,89000.0,,,,BHD,sell,,,,,,,,,,,26.239999771118164,50.5369987487793,,,,Husain Kayed,,PARTLY,completed,,,,https://www.propertyfinder.bh/en/plp/commercial-buy/office-space-for-sale-capital-governorate-seef-55629704.html,2026-07-28T21:13:30.461515+00:00,2026-08-26T23:12:42.541291+00:00,29,2026-08-26T23:12:42.541291+00:00
2026-08-28,removed,55629705,,,Office Space,PARTITIONED | SPACIOUS | IDEAL FOR CORPORATES,900.0,,,,BHD,monthly,,,,,,,,Alhajiyat,,,26.128984451293945,50.58171463012695,,,,Husain Kayed,,PARTLY,,,,,https://www.propertyfinder.bh/en/plp/commercial-rent/office-space-for-rent-southern-governorate-riffa-alhajiyat-55629705.html,2026-07-28T21:13:30.461515+00:00,2026-08-26T23:12:42.541291+00:00,29,2026-08-26T23:12:42.541291+00:00
2026-08-28,removed,55629711,,,Office Space,SPACIOUS | HIGH RISE TOWER | CITY VIEW,500.0,,,,BHD,monthly,,,,,,,,,,,26.239999771118164,50.5369987487793,,,,Husain Kayed,,PARTLY,,,,,https://www.propertyfinder.bh/en/plp/commercial-rent/office-space-for-rent-capital-governorate-seef-55629711.html,2026-07-28T21:13:30.461515+00:00,2026-08-26T23:12:42.541291+00:00,29,2026-08-26T23:12:42.541291+00:00
2026-08-28,removed,55629715,,,Office Space,CITY VIEW | MODERN | PRIME LOCATION,650.0,,,,BHD,monthly,,,,,,,,,,,26.239999771118164,50.5369987487793,,,,Husain Kayed,,PARTLY,,,,,https://www.propertyfinder.bh/en/plp/commercial-rent/office-space-for-rent-capital-governorate-seef-55629715.html,2026-07-28T21:13:30.461515+00:00,2026-08-26T23:12:42.541291+00:00,29,2026-08-26T23:12:42.541291+00:00
2026-08-28,removed,55629736,,,Show Room,PRIME LOCATION | MEZZANINE | SPACIOUS,2600.0,,,,BHD,monthly,,,,,,,,,,,26.1314754486084,50.568843841552734,,,,Husain Kayed,,PARTLY,,,,,https://www.propertyfinder.bh/en/plp/commercial-rent/show-room-for-rent-southern-governorate-riffa-bu-kowarah-55629736.html,2026-07-28T21:13:30.461515+00:00,2026-08-26T23:12:42.541291+00:00,29,2026-08-26T23:12:42.541291+00:00
2026-08-28,removed,55629887,,,Office Space,PARTITIONED | SPACIOUS | PRIME,600.0,,,,BHD,monthly,,,,,,,,,,,26.239999771118164,50.5369987487793,,,,Husain Kayed,,PARTLY,,,,,https://www.propertyfinder.bh/en/plp/commercial-rent/office-space-for-rent-capital-governorate-seef-55629887.html,2026-07-28T21:13:30.461515+00:00,2026-08-26T23:12:42.541291+00:00,29,2026-08-26T23:12:42.541291+00:00
2026-08-28,removed,55629888,,,Office Space,IDEAL FOR BOUTIQUE CAFE | WATER VIEW | PRIME,2500.0,,,,BHD,monthly,,,,,,,,Water Garden City,,,26.24260139465332,50.55380630493164,,,,Husain Kayed,,PARTLY,,,,,https://www.propertyfinder.bh/en/plp/commercial-rent/office-space-for-rent-capital-governorate-manama-water-garden-city-55629888.html,2026-07-28T21:13:30.461515+00:00,2026-08-26T23:12:42.541291+00:00,29,2026-08-26T23:12:42.541291+00:00
2026-08-28,removed,55629893,,,Office Space,INCLUSIVE | READY TO MOVE IN | AMENITIES,1150.0,,,,BHD,monthly,,,,,,,,,,,26.249584197998047,50.580360412597656,,,,Husain Kayed,,YES,,,,,https://www.propertyfinder.bh/en/plp/commercial-rent/office-space-for-rent-capital-governorate-bahrain-bay-55629893.html,2026-07-28T21:13:30.461515+00:00,2026-08-26T23:12:42.541291+00:00,29,2026-08-26T23:12:42.541291+00:00
2026-08-28,removed,55629905,,,Office Space,BALCONY | PARTITIONED | SPACIOUS,550.0,,,,BHD,monthly,,,,,,,,Sanabis,,,26.226558685302734,50.5459098815918,,,,Husain Kayed,,PARTLY,,,,,https://www.propertyfinder.bh/en/plp/commercial-rent/office-space-for-rent-capital-governorate-manama-sanabis-55629905.html,2026-07-28T21:13:30.461515+00:00,2026-08-26T23:12:42.541291+00:00,29,2026-08-26T23:12:42.541291+00:00
2026-08-28,removed,55630019,,,Office Space,OPEN LAYOUT | EXPANSIVE | BRIGHT,900.0,,,,BHD,monthly,,,,,,,,Alhajiyat,,,26.128984451293945,50.58171463012695,,,,Husain Kayed,,PARTLY,,,,,https://www.propertyfinder.bh/en/plp/commercial-rent/office-space-for-rent-southern-governorate-riffa-alhajiyat-55630019.html,2026-07-28T21:13:30.461515+00:00,2026-08-26T23:12:42.541291+00:00,29,2026-08-26T23:12:42.541291+00:00
2026-08-28,removed,55630021,,,Office Space,SPACIOUS | CONVENIENT | PRIME LOCATION,800.0,,,,BHD,monthly,,,,,,,,,,,26.223421096801758,50.56662368774414,,,,Husain Kayed,,PARTLY,,,,,https://www.propertyfinder.bh/en/plp/commercial-rent/office-space-for-rent-capital-governorate-manama-gufool-55630021.html,2026-07-28T21:13:30.461515+00:00,2026-08-26T23:12:42.541291+00:00,29,2026-08-26T23:12:42.541291+00:00
2026-08-28,removed,55630025,,,Office Space,SHELL AND CORE | BRAND NEW | CITY VIEW,1411.0,,,,BHD,monthly,,,,,,,,,,,26.239999771118164,50.5369987487793,,,,Husain Kayed,,NO,,,,,https://www.propertyfinder.bh/en/plp/commercial-rent/office-space-for-rent-capital-governorate-seef-55630025.html,2026-07-28T21:13:30.461515+00:00,2026-08-26T23:12:42.541291+00:00,29,2026-08-26T23:12:42.541291+00:00
2026-08-28,removed,55630027,,,Office Space,WATER VIEW | PRIME LOCATION | BRAND NEW,350.0,,,,BHD,monthly,,,,,,,,,,,26.239999771118164,50.5369987487793,,,,Husain Kayed,,PARTLY,,,,,https://www.propertyfinder.bh/en/plp/commercial-rent/office-space-for-rent-capital-governorate-seef-55630027.html,2026-07-28T21:13:30.461515+00:00,2026-08-26T23:12:42.541291+00:00,29,2026-08-26T23:12:42.541291+00:00
2026-08-28,removed,55630052,,,Office Space,CITY VIEW | PRIME LOCATION | SPACIOUS,1450.0,,,,BHD,monthly,,,,,,,,Bahrain Financial Harbour,,,26.23778533935547,50.57342529296875,,,,Husain Kayed,,PARTLY,,,,,https://www.propertyfinder.bh/en/plp/commercial-rent/office-space-for-rent-capital-governorate-manama-bahrain-financial-harbour-55630052.html,2026-07-28T21:13:30.461515+00:00,2026-08-26T23:12:42.541291+00:00,29,2026-08-26T23:12:42.541291+00:00
2026-08-28,removed,55630054,,,Office Space,SHELL AND CORE | PRIME LOCATION | MODERN,350.0,,,,BHD,monthly,,,,,,,,,,,26.239999771118164,50.5369987487793,,,,Husain Kayed,,NO,,,,,https://www.propertyfinder.bh/en/plp/commercial-rent/office-space-for-rent-capital-governorate-seef-55630054.html,2026-07-28T21:13:30.461515+00:00,2026-08-26T23:12:42.541291+00:00,29,2026-08-26T23:12:42.541291+00:00
2026-08-28,removed,55630058,,,Office Space,BRAND NEW | MODERN | EASY ACCESS,430.0,,,,BHD,monthly,,,,,,,,,,,26.2102108001709,50.56403350830078,,,,Husain Kayed,,PARTLY,,,,,https://www.propertyfinder.bh/en/plp/commercial-rent/office-space-for-rent-capital-governorate-manama-zinj-55630058.html,2026-07-28T21:13:30.461515+00:00,2026-08-26T23:12:42.541291+00:00,29,2026-08-26T23:12:42.541291+00:00
2026-08-28,removed,55630060,,,Shop,SHOW ROOM | PRIME LOCATION | SPACIOUS,1600.0,,,,BHD,monthly,,,,,,,,,,,26.2102108001709,50.56403350830078,,,,Husain Kayed,,PARTLY,,,,,https://www.propertyfinder.bh/en/plp/commercial-rent/shop-for-rent-capital-governorate-manama-zinj-55630060.html,2026-07-28T21:13:30.461515+00:00,2026-08-26T23:12:42.541291+00:00,29,2026-08-26T23:12:42.541291+00:00
2026-08-28,removed,55630062,,,Office Space,CITY VIEW | HIGH RISE TOWER | PRIME LOCATION,1367.0,,,,BHD,monthly,,,,,,,,,,,26.239999771118164,50.5369987487793,,,,Husain Kayed,,PARTLY,,,,,https://www.propertyfinder.bh/en/plp/commercial-rent/office-space-for-rent-capital-governorate-seef-55630062.html,2026-07-28T21:13:30.461515+00:00,2026-08-26T23:12:42.541291+00:00,29,2026-08-26T23:12:42.541291+00:00
2026-08-28,removed,55630064,,,Office Space,SKYSCRAPER VIEWS | TRANQUIL | HIGH RISE TOWER,1270.0,,,,BHD,monthly,,,,,,,,,,,26.249584197998047,50.580360412597656,,,,Husain Kayed,,PARTLY,,,,,https://www.propertyfinder.bh/en/plp/commercial-rent/office-space-for-rent-capital-governorate-bahrain-bay-55630064.html,2026-07-28T21:13:30.461515+00:00,2026-08-26T23:12:42.541291+00:00,29,2026-08-26T23:12:42.541291+00:00
2026-08-28,removed,55630065,,,Office Space,HIGH RISE TOWER | PARTITIONED | EASY ACCESS,500.0,,,,BHD,monthly,,,,,,,,,,,26.239999771118164,50.5369987487793,,,,Husain Kayed,,PARTLY,,,,,https://www.propertyfinder.bh/en/plp/commercial-rent/office-space-for-rent-capital-governorate-seef-55630065.html,2026-07-28T21:13:30.461515+00:00,2026-08-26T23:12:42.541291+00:00,29,2026-08-26T23:12:42.541291+00:00
2026-08-28,removed,55630067,,,Office Space,WELL- PARTITIONED | MULTI-CABINS | SPACIOUS,720.0,,,,BHD,monthly,,,,,,,,Alhajiyat,,,26.128984451293945,50.58171463012695,,,,Husain Kayed,,PARTLY,,,,,https://www.propertyfinder.bh/en/plp/commercial-rent/office-space-for-rent-southern-governorate-riffa-alhajiyat-55630067.html,2026-07-28T21:13:30.461515+00:00,2026-08-26T23:12:42.541291+00:00,29,2026-08-26T23:12:42.541291+00:00
2026-08-28,removed,55630068,,,Office Space,IDEAL FOR CLINICS | EXPOSURE | PARTITIONED,898.0,,,,BHD,monthly,,,,,,,,,,,26.188888549804688,50.54999923706055,,,,Husain Kayed,,PARTLY,,,,,https://www.propertyfinder.bh/en/plp/commercial-rent/office-space-for-rent-central-governorate-tubli-55630068.html,2026-07-28T21:13:30.461515+00:00,2026-08-26T23:12:42.541291+00:00,29,2026-08-26T23:12:42.541291+00:00
2026-08-28,removed,55630071,,,Retail,RETAIL SPACE | TERRACE | GREAT INVESTMENT,2600.0,,,,BHD,monthly,,,,,,,,,,,26.239999771118164,50.5369987487793,,,,Husain Kayed,,NO,,,,,https://www.propertyfinder.bh/en/plp/commercial-rent/retail-for-rent-capital-governorate-seef-55630071.html,2026-07-28T21:13:30.461515+00:00,2026-08-26T23:12:42.541291+00:00,29,2026-08-26T23:12:42.541291+00:00
2026-08-28,removed,55630072,,,Shop,RESTAURANT | TERRACE | ELEVATOR | OPPORTUNITY,5800.0,,,,BHD,monthly,,,,,,,,,,,26.239999771118164,50.5369987487793,,,,Husain Kayed,,PARTLY,,,,,https://www.propertyfinder.bh/en/plp/commercial-rent/shop-for-rent-capital-governorate-seef-55630072.html,2026-07-28T21:13:30.461515+00:00,2026-08-26T23:12:42.541291+00:00,29,2026-08-26T23:12:42.541291+00:00
2026-08-28,removed,55630074,,,Office Space,PANORAMIC WINDOWS | MULTI- CABINS | NEW,640.0,,,,BHD,monthly,,,,,,,,,,,26.239999771118164,50.5369987487793,,,,Husain Kayed,,PARTLY,,,,,https://www.propertyfinder.bh/en/plp/commercial-rent/office-space-for-rent-capital-governorate-seef-55630074.html,2026-07-28T21:13:30.461515+00:00,2026-08-26T23:12:42.541291+00:00,29,2026-08-26T23:12:42.541291+00:00
2026-08-28,removed,55630094,,,Office Space,SPACIOUS | HIGH RISE TOWER | BRIGHT,693.0,,,,BHD,monthly,,,,,,,,Diplomatic Area,,,26.240070343017578,50.587345123291016,,,,Husain Kayed,,PARTLY,,,,,https://www.propertyfinder.bh/en/plp/commercial-rent/office-space-for-rent-capital-governorate-manama-diplomatic-area-55630094.html,2026-07-28T21:13:30.461515+00:00,2026-08-26T23:12:42.541291+00:00,29,2026-08-26T23:12:42.541291+00:00
2026-08-28,removed,55630095,,,Office Space,INCLUSIVE | PRIME | AMENITIES | LUXURY,1100.0,,,,BHD,monthly,,,,,,,,,,,26.249584197998047,50.580360412597656,,,,Husain Kayed,,PARTLY,,,,,https://www.propertyfinder.bh/en/plp/commercial-rent/office-space-for-rent-capital-governorate-bahrain-bay-55630095.html,2026-07-28T21:13:30.461515+00:00,2026-08-26T23:12:42.541291+00:00,29,2026-08-26T23:12:42.541291+00:00
2026-08-28,removed,55630097,,,Office Space,BRAND NEW | SPACIOUS | NICE VIEW,445.0,,,,BHD,monthly,,,,,,,,,,,26.21693992614746,50.57733154296875,,,,Husain Kayed,,PARTLY,,,,,https://www.propertyfinder.bh/en/plp/commercial-rent/office-space-for-rent-capital-governorate-manama-segaya-55630097.html,2026-07-28T21:13:30.461515+00:00,2026-08-26T23:12:42.541291+00:00,29,2026-08-26T23:12:42.541291+00:00
2026-08-28,removed,55630100,,,Office Space,EASY ACCESS | PRIME LOCATION | SPACIOUS,450.0,,,,BHD,monthly,,,,,,,,,,,26.239999771118164,50.5369987487793,,,,Husain Kayed,,PARTLY,,,,,https://www.propertyfinder.bh/en/plp/commercial-rent/office-space-for-rent-capital-governorate-seef-55630100.html,2026-07-28T21:13:30.461515+00:00,2026-08-26T23:12:42.541291+00:00,29,2026-08-26T23:12:42.541291+00:00
2026-08-28,removed,55630102,,,Office Space,CITY VIEW | PANORAMIC VIEW | SPACIOUS,1100.0,,,,BHD,monthly,,,,,,,,,,,26.249584197998047,50.580360412597656,,,,Husain Kayed,,PARTLY,,,,,https://www.propertyfinder.bh/en/plp/commercial-rent/office-space-for-rent-capital-governorate-bahrain-bay-55630102.html,2026-07-28T21:13:30.461515+00:00,2026-08-26T23:12:42.541291+00:00,29,2026-08-26T23:12:42.541291+00:00
2026-08-28,removed,55630105,,,Office Space,BALCONY | WATER VIEW | HIGH RISE TOWER,450.0,,,,BHD,monthly,,,,,,,,,,,26.239999771118164,50.5369987487793,,,,Husain Kayed,,PARTLY,,,,,https://www.propertyfinder.bh/en/plp/commercial-rent/office-space-for-rent-capital-governorate-seef-55630105.html,2026-07-28T21:13:30.461515+00:00,2026-08-26T23:12:42.541291+00:00,29,2026-08-26T23:12:42.541291+00:00
2026-08-28,removed,55630109,,,Office Space,SHELL AND CORE | CITY VIEW | PRIME LOCATION,750.0,,,,BHD,monthly,,,,,,,,,,,26.239999771118164,50.5369987487793,,,,Husain Kayed,,NO,,,,,https://www.propertyfinder.bh/en/plp/commercial-rent/office-space-for-rent-capital-governorate-seef-55630109.html,2026-07-28T21:13:30.461515+00:00,2026-08-26T23:12:42.541291+00:00,29,2026-08-26T23:12:42.541291+00:00
2026-08-28,removed,55630110,,,Retail,RETAIL SPACE | MEZZANINE | BUSY COMMERCIAL AREA,800.0,,,,BHD,monthly,,,,,,,,,,,26.2102108001709,50.56403350830078,,,,Husain Kayed,,PARTLY,,,,,https://www.propertyfinder.bh/en/plp/commercial-rent/retail-for-rent-capital-governorate-manama-zinj-55630110.html,2026-07-28T21:13:30.461515+00:00,2026-08-26T23:12:42.541291+00:00,29,2026-08-26T23:12:42.541291+00:00
2026-08-28,removed,55630111,,,Office Space,BALCONY | EASY ACCESS | FUNCTIONAL,350.0,,,,BHD,monthly,,,,,,,,,,,26.239999771118164,50.5369987487793,,,,Husain Kayed,,PARTLY,,,,,https://www.propertyfinder.bh/en/plp/commercial-rent/office-space-for-rent-capital-governorate-seef-55630111.html,2026-07-28T21:13:30.461515+00:00,2026-08-26T23:12:42.541291+00:00,29,2026-08-26T23:12:42.541291+00:00
2026-08-28,removed,55630113,,,Shop,BRIGHT | SPACIOUS | PRIME LOCATION,1200.0,,,,BHD,monthly,,,,,,,,,,,26.239999771118164,50.5369987487793,,,,Husain Kayed,,PARTLY,,,,,https://www.propertyfinder.bh/en/plp/commercial-rent/shop-for-rent-capital-governorate-seef-55630113.html,2026-07-28T21:13:30.461515+00:00,2026-08-26T23:12:42.541291+00:00,29,2026-08-26T23:12:42.541291+00:00
2026-08-28,removed,55630114,,,Office Space,EXPANSIVE | BRIGHT | FUNCTIONAL,550.0,,,,BHD,monthly,,,,,,,,,,,26.2102108001709,50.56403350830078,,,,Husain Kayed,,PARTLY,,,,,https://www.propertyfinder.bh/en/plp/commercial-rent/office-space-for-rent-capital-governorate-manama-zinj-55630114.html,2026-07-28T21:13:30.461515+00:00,2026-08-26T23:12:42.541291+00:00,29,2026-08-26T23:12:42.541291+00:00
2026-08-28,removed,55630115,,,Office Space,FOR SALOON |  WELL- PARTITIONED | BRIGHT,450.0,,,,BHD,monthly,,,,,,,,,,,26.2102108001709,50.56403350830078,,,,Husain Kayed,,PARTLY,,,,,https://www.propertyfinder.bh/en/plp/commercial-rent/office-space-for-rent-capital-governorate-manama-zinj-55630115.html,2026-07-28T21:13:30.461515+00:00,2026-08-26T23:12:42.541291+00:00,29,2026-08-26T23:12:42.541291+00:00
2026-08-28,removed,55630116,,,Office Space,MULTI-CABINS | PRIME LOCATION | MODERN,552.0,,,,BHD,monthly,,,,,,,,,,,26.239999771118164,50.5369987487793,,,,Husain Kayed,,PARTLY,,,,,https://www.propertyfinder.bh/en/plp/commercial-rent/office-space-for-rent-capital-governorate-seef-55630116.html,2026-07-28T21:13:30.461515+00:00,2026-08-26T23:12:42.541291+00:00,29,2026-08-26T23:12:42.541291+00:00
2026-08-28,removed,55630122,,,Retail,SHELL AND CORE | PRIME LOCATION | RETAIL,918.0,,,,BHD,monthly,,,,,,,,Bahrain Financial Harbour,,,26.23778533935547,50.57342529296875,,,,Husain Kayed,,NO,,,,,https://www.propertyfinder.bh/en/plp/commercial-rent/retail-for-rent-capital-governorate-manama-bahrain-financial-harbour-55630122.html,2026-07-28T21:13:30.461515+00:00,2026-08-26T23:12:42.541291+00:00,29,2026-08-26T23:12:42.541291+00:00
2026-08-28,removed,55630123,,,Office Space,SPACIOUS | BRIGHT | PRIME LOCATION,960.0,,,,BHD,monthly,,,,,,,,,,,26.239999771118164,50.5369987487793,,,,Husain Kayed,,PARTLY,,,,,https://www.propertyfinder.bh/en/plp/commercial-rent/office-space-for-rent-capital-governorate-seef-55630123.html,2026-07-28T21:13:30.461515+00:00,2026-08-26T23:12:42.541291+00:00,29,2026-08-26T23:12:42.541291+00:00
2026-08-28,removed,55630124,,,Office Space,FUNCTIONAL | PRIME LOCATION | EXPOSURE,470.0,,,,BHD,monthly,,,,,,,,,,,26.239999771118164,50.5369987487793,,,,Husain Kayed,,PARTLY,,,,,https://www.propertyfinder.bh/en/plp/commercial-rent/office-space-for-rent-capital-governorate-seef-55630124.html,2026-07-28T21:13:30.461515+00:00,2026-08-26T23:12:42.541291+00:00,29,2026-08-26T23:12:42.541291+00:00
2026-08-28,removed,55630126,,,Office Space,SEA VIEW | OPEN LAYOUT | AMPLE PARKINGS,380.0,,,,BHD,monthly,,,,,,,,,,,26.239999771118164,50.5369987487793,,,,Husain Kayed,,PARTLY,,,,,https://www.propertyfinder.bh/en/plp/commercial-rent/office-space-for-rent-capital-governorate-seef-55630126.html,2026-07-28T21:13:30.461515+00:00,2026-08-26T23:12:42.541291+00:00,29,2026-08-26T23:12:42.541291+00:00
2026-08-28,removed,55630127,,,Office Space,BRIGHT | SPACIOUS | PRIME LOCATION,600.0,,,,BHD,monthly,,,,,,,,,,,26.239999771118164,50.5369987487793,,,,Husain Kayed,,PARTLY,,,,,https://www.propertyfinder.bh/en/plp/commercial-rent/office-space-for-rent-capital-governorate-seef-55630127.html,2026-07-28T21:13:30.461515+00:00,2026-08-26T23:12:42.541291+00:00,29,2026-08-26T23:12:42.541291+00:00
2026-08-28,removed,55630128,,,Apartment,Own It Today – BHD 67.5K| Modern 1BR in Dilmunia,67500.0,,,,BHD,sell,,,,,,,,,,,26.27286720275879,50.672889709472656,,,,Maydan Homes Leasing,,YES,completed_primary,,,,https://www.propertyfinder.bh/en/plp/buy/apartment-for-sale-muharraq-governorate-dilmunia-island-55630128.html,2026-07-28T21:13:30.461515+00:00,2026-08-26T23:12:42.541291+00:00,29,2026-08-26T23:12:42.541291+00:00
2026-08-28,removed,55630129,,,Office Space,PANORAMIC VIEWS | SPACIOUS | HIGH RISE TOWER,650.0,,,,BHD,monthly,,,,,,,,,,,26.239999771118164,50.5369987487793,,,,Husain Kayed,,PARTLY,,,,,https://www.propertyfinder.bh/en/plp/commercial-rent/office-space-for-rent-capital-governorate-seef-55630129.html,2026-07-28T21:13:30.461515+00:00,2026-08-26T23:12:42.541291+00:00,29,2026-08-26T23:12:42.541291+00:00
2026-08-28,removed,55630130,,,Office Space,CITY VIEW | SPACIOUS | BRIGHT,1100.0,,,,BHD,monthly,,,,,,,,,,,26.239999771118164,50.5369987487793,,,,Husain Kayed,,PARTLY,,,,,https://www.propertyfinder.bh/en/plp/commercial-rent/office-space-for-rent-capital-governorate-seef-55630130.html,2026-07-28T21:13:30.461515+00:00,2026-08-26T23:12:42.541291+00:00,29,2026-08-26T23:12:42.541291+00:00
2026-08-28,removed,55630131,,,Office Space,MODERN | PRIME LOCATION | WELL-PARTITIONED,550.0,,,,BHD,monthly,,,,,,,,,,,26.239999771118164,50.5369987487793,,,,Husain Kayed,,PARTLY,,,,,https://www.propertyfinder.bh/en/plp/commercial-rent/office-space-for-rent-capital-governorate-seef-55630131.html,2026-07-28T21:13:30.461515+00:00,2026-08-26T23:12:42.541291+00:00,29,2026-08-26T23:12:42.541291+00:00
2026-08-28,removed,55630133,,,Office Space,EASY ACCESS | FUNCTIONAL | AFFORDABLE,230.0,,,,BHD,monthly,,,,,,,,,,,26.183332443237305,50.516666412353516,,,,Husain Kayed,,PARTLY,,,,,https://www.propertyfinder.bh/en/plp/commercial-rent/office-space-for-rent-central-governorate-salmabad-55630133.html,2026-07-28T21:13:30.461515+00:00,2026-08-26T23:12:42.541291+00:00,29,2026-08-26T23:12:42.541291+00:00
2026-08-28,removed,55630138,,,Shop,MEZZANINE | PRIME LOCATION | EASY ACCESS,900.0,,,,BHD,monthly,,,,,,,,Riffa Al Sharqi,,,26.1162166595459,50.57211685180664,,,,Husain Kayed,,PARTLY,,,,,https://www.propertyfinder.bh/en/plp/commercial-rent/shop-for-rent-southern-governorate-riffa-riffa-al-sharqi-55630138.html,2026-07-28T21:13:30.461515+00:00,2026-08-26T23:12:42.541291+00:00,29,2026-08-26T23:12:42.541291+00:00
2026-08-28,removed,55630139,,,Office Space,SPACIOUS | HIGH RISE TOWER | EASY ACCESS,1541.0,,,,BHD,monthly,,,,,,,,,,,26.239999771118164,50.5369987487793,,,,Husain Kayed,,PARTLY,,,,,https://www.propertyfinder.bh/en/plp/commercial-rent/office-space-for-rent-capital-governorate-seef-55630139.html,2026-07-28T21:13:30.461515+00:00,2026-08-26T23:12:42.541291+00:00,29,2026-08-26T23:12:42.541291+00:00
2026-08-28,removed,55630141,,,Show Room,MEDICAL CENTER | SHOW-ROOM | COMMERCIAL AREA,6500.0,,,,BHD,monthly,,,,,,,,,,,26.239999771118164,50.5369987487793,,,,Husain Kayed,,PARTLY,,,,,https://www.propertyfinder.bh/en/plp/commercial-rent/show-room-for-rent-capital-governorate-seef-55630141.html,2026-07-28T21:13:30.461515+00:00,2026-08-26T23:12:42.541291+00:00,29,2026-08-26T23:12:42.541291+00:00
2026-08-28,removed,55630170,,,Apartment,PRIVATE POOL | BRAND NEW | STYLISH LAYOUT,1200.0,,,,BHD,monthly,,,,,,,,,,,26.239999771118164,50.5369987487793,,,,Preeti Paudel,,YES,,,,,https://www.propertyfinder.bh/en/plp/rent/apartment-for-rent-capital-governorate-seef-55630170.html,2026-07-28T21:13:30.461515+00:00,2026-08-26T23:12:42.541291+00:00,29,2026-08-26T23:12:42.541291+00:00
2026-08-28,removed,55630415,,,Apartment,Pets Allowed | Housekeeping | Spacious and Bright,350.0,,,,BHD,monthly,,,,,,,,,,,26.211111068725586,50.601112365722656,,,,Aileen Camarillo,,YES,,,,,https://www.propertyfinder.bh/en/plp/rent/apartment-for-rent-capital-governorate-al-juffair-55630415.html,2026-07-28T21:13:30.461515+00:00,2026-08-26T23:12:42.541291+00:00,29,2026-08-26T23:12:42.541291+00:00
2026-08-28,removed,55630416,,,Apartment,Closed Kitchen | Housekeeping | Bright and Modern,550.0,,,,BHD,monthly,,,,,,,,,,,26.211111068725586,50.601112365722656,,,,Aileen Camarillo,,YES,,,,,https://www.propertyfinder.bh/en/plp/rent/apartment-for-rent-capital-governorate-al-juffair-55630416.html,2026-07-28T21:13:30.461515+00:00,2026-08-26T23:12:42.541291+00:00,29,2026-08-26T23:12:42.541291+00:00
2026-08-28,removed,55630417,,,Apartment,Pets Allowed | Spacious Rooms | Bright | Balcony |,390.0,,,,BHD,monthly,,,,,,,,,,,26.211111068725586,50.601112365722656,,,,Aileen Camarillo,,YES,,,,,https://www.propertyfinder.bh/en/plp/rent/apartment-for-rent-capital-governorate-al-juffair-55630417.html,2026-07-28T21:13:30.461515+00:00,2026-08-26T23:12:42.541291+00:00,29,2026-08-26T23:12:42.541291+00:00
2026-08-28,removed,55630419,,,Apartment,Closed Kitchen | Cats Allowed | Spacious | Balcony,500.0,,,,BHD,monthly,,,,,,,,,,,26.211111068725586,50.601112365722656,,,,Aileen Camarillo,,YES,,,,,https://www.propertyfinder.bh/en/plp/rent/apartment-for-rent-capital-governorate-al-juffair-55630419.html,2026-07-28T21:13:30.461515+00:00,2026-08-26T23:12:42.541291+00:00,29,2026-08-26T23:12:42.541291+00:00
2026-08-28,removed,55630420,,,Apartment,Sea View | 2 Balcony | Modern Interior | Bright |,550.0,,,,BHD,monthly,,,,,,,,,,,26.211111068725586,50.601112365722656,,,,Aileen Camarillo,,YES,,,,,https://www.propertyfinder.bh/en/plp/rent/apartment-for-rent-capital-governorate-al-juffair-55630420.html,2026-07-28T21:13:30.461515+00:00,2026-08-26T23:12:42.541291+00:00,29,2026-08-26T23:12:42.541291+00:00
2026-08-28,removed,55630422,,,Apartment,Sea View | Modern | Natural Light | Spacious |,550.0,,,,BHD,monthly,,,,,,,,,,,26.211111068725586,50.601112365722656,,,,Aileen Camarillo,,YES,,,,,https://www.propertyfinder.bh/en/plp/rent/apartment-for-rent-capital-governorate-al-juffair-55630422.html,2026-07-28T21:13:30.461515+00:00,2026-08-26T23:12:42.541291+00:00,29,2026-08-26T23:12:42.541291+00:00
2026-08-28,removed,55630423,,,Apartment,Pets Allowed | 2 Balcony | Housekeeping | Bright |,550.0,,,,BHD,monthly,,,,,,,,,,,26.211111068725586,50.601112365722656,,,,Aileen Camarillo,,YES,,,,,https://www.propertyfinder.bh/en/plp/rent/apartment-for-rent-capital-governorate-al-juffair-55630423.html,2026-07-28T21:13:30.461515+00:00,2026-08-26T23:12:42.541291+00:00,29,2026-08-26T23:12:42.541291+00:00
2026-08-28,removed,55630426,,,Villa,Newly Renovated | Closed Kitchen | Private Pool |,1380.0,,,,BHD,monthly,,,,,,,,,,,26.211111068725586,50.601112365722656,,,,Aileen Camarillo,,YES,,,,,https://www.propertyfinder.bh/en/plp/rent/villa-for-rent-capital-governorate-al-juffair-55630426.html,2026-07-28T21:13:30.461515+00:00,2026-08-26T23:12:42.541291+00:00,29,2026-08-26T23:12:42.541291+00:00
2026-08-28,removed,55630427,,,Apartment,FONTANA | Negotiable | Balcony | Maids Room |,750.0,,,,BHD,monthly,,,,,,,,,,,26.211111068725586,50.601112365722656,,,,Aileen Camarillo,,YES,,,,,https://www.propertyfinder.bh/en/plp/rent/apartment-for-rent-capital-governorate-al-juffair-55630427.html,2026-07-28T21:13:30.461515+00:00,2026-08-26T23:12:42.541291+00:00,29,2026-08-26T23:12:42.541291+00:00
2026-08-28,removed,55630428,,,Apartment,Bright | Guest Toilet | Big Cabinets | Spacious |,300.0,,,,BHD,monthly,,,,,,,,,,,26.211111068725586,50.601112365722656,,,,Aileen Camarillo,,YES,,,,,https://www.propertyfinder.bh/en/plp/rent/apartment-for-rent-capital-governorate-al-juffair-55630428.html,2026-07-28T21:13:30.461515+00:00,2026-08-26T23:12:42.541291+00:00,29,2026-08-26T23:12:42.541291+00:00
2026-08-28,removed,55630430,,,Apartment,PETS ALLOWED | Balcony | Spacious | En-suite |,380.0,,,,BHD,monthly,,,,,,,,,,,26.239999771118164,50.5369987487793,,,,Prashanth Poojari,,YES,,,,,https://www.propertyfinder.bh/en/plp/rent/apartment-for-rent-capital-governorate-seef-55630430.html,2026-07-28T21:13:30.461515+00:00,2026-08-26T23:12:42.541291+00:00,29,2026-08-26T23:12:42.541291+00:00
2026-08-28,removed,55630432,,,Villa,Private Pool | Closed Kitchen | Kids Play Ground |,1300.0,,,,BHD,monthly,,,,,,,,,,,26.229394912719727,50.48070526123047,,,,Aileen Camarillo,,YES,,,,,https://www.propertyfinder.bh/en/plp/rent/villa-for-rent-northern-governorate-barbar-55630432.html,2026-07-28T21:13:30.461515+00:00,2026-08-26T23:12:42.541291+00:00,29,2026-08-26T23:12:42.541291+00:00
2026-08-28,removed,55687096,,,Apartment,"Villa-like Fabulous 3 bed, maidsroom, Huge Terrace",1100.0,,,,BHD,monthly,,,,,,,,,,,26.239999771118164,50.5369987487793,,,,Eva Gavin,,PARTLY,,,,,https://www.propertyfinder.bh/en/plp/rent/apartment-for-rent-capital-governorate-seef-55687096.html,2026-07-30T21:17:40.423408+00:00,2026-08-26T23:12:42.541291+00:00,27,2026-08-26T23:12:42.541291+00:00
2026-08-28,removed,55687834,,,Apartment,New 1 BR in Reef Island with Balcony | Ready,450.0,,,,BHD,monthly,,,,,,,,,,,26.241750717163086,50.5663948059082,,,,Dafina Muca,,YES,,,,,https://www.propertyfinder.bh/en/plp/rent/apartment-for-rent-capital-governorate-reef-island-55687834.html,2026-07-30T21:17:40.423408+00:00,2026-08-26T23:12:42.541291+00:00,27,2026-08-26T23:12:42.541291+00:00
2026-08-28,removed,55687846,,,Apartment,Amazing 2 BR w/Balcony| Inclsuive,550.0,,,,BHD,monthly,,,,,,,,,,,26.239999771118164,50.5369987487793,,,,Dafina Muca,,YES,,,,,https://www.propertyfinder.bh/en/plp/rent/apartment-for-rent-capital-governorate-seef-55687846.html,2026-07-30T21:17:40.423408+00:00,2026-08-26T23:12:42.541291+00:00,27,2026-08-26T23:12:42.541291+00:00
2026-08-28,removed,55687866,,,Villa,FLOATING CITY | 3 BR | PARKING| FAMILY PLACE,900.0,,,,BHD,monthly,,,,,,,,Al Marsa Floating City,,,26.2847957611084,50.669620513916016,,,,Dafina Muca,,PARTLY,,,,,https://www.propertyfinder.bh/en/plp/rent/villa-for-rent-muharraq-governorate-amwaj-islands-al-marsa-floating-city-55687866.html,2026-07-30T21:17:40.423408+00:00,2026-08-26T23:12:42.541291+00:00,27,2026-08-26T23:12:42.541291+00:00
2026-08-28,removed,55687877,,,Apartment,WALK IN-TO GALLERIA MALL / MODERN / FRESH / BRIGHT,390.0,,,,BHD,monthly,,,,,,,,Diyar Al Muharraq,Marassi Residences,,26.303447723388672,50.6461296081543,,,,Enkhee Eegnes,,YES,,,,,https://www.propertyfinder.bh/en/plp/rent/apartment-for-rent-muharraq-governorate-diyar-al-muharraq-marassi-residences-55687877.html,2026-07-30T21:17:40.423408+00:00,2026-08-26T23:12:42.541291+00:00,27,2026-08-26T23:12:42.541291+00:00
2026-08-28,removed,55687890,,,Apartment,Affordable AND COZY 2 BR in HIDD/ Two balconies,340.0,,,,BHD,monthly,,,,,,,,,,,26.21263313293457,50.67418670654297,,,,Dafina Muca,,YES,,,,,https://www.propertyfinder.bh/en/plp/rent/apartment-for-rent-muharraq-governorate-hidd-55687890.html,2026-07-30T21:17:40.423408+00:00,2026-08-26T23:12:42.541291+00:00,27,2026-08-26T23:12:42.541291+00:00
2026-08-28,removed,55687907,,,Villa,Modern 4Bed Villa with private pool in compound!,800.0,,,,BHD,monthly,,,,,,,,,,,26.185943603515625,50.46711349487305,,,,Jasmine Dhakan,,PARTLY,,,,,https://www.propertyfinder.bh/en/plp/rent/villa-for-rent-northern-governorate-janabiya-55687907.html,2026-07-30T21:17:40.423408+00:00,2026-08-26T23:12:42.541291+00:00,27,2026-08-26T23:12:42.541291+00:00
2026-08-28,removed,55687908,,,Apartment,Luxurious studio/Ready to move in/Prime Location,350.0,,,,BHD,monthly,,,,,,,,Bahrain Financial Harbour,,,26.23778533935547,50.57342529296875,,,,Dafina Muca,,YES,,,,,https://www.propertyfinder.bh/en/plp/rent/apartment-for-rent-capital-governorate-manama-bahrain-financial-harbour-55687908.html,2026-07-30T21:17:40.423408+00:00,2026-08-26T23:12:42.541291+00:00,27,2026-08-26T23:12:42.541291+00:00
2026-08-28,removed,55716048,,,Apartment,Brand New - Spacious - Bright - 50 Ewa limit,475.0,,,,BHD,monthly,,,,,,,,,,,26.19164276123047,50.48757553100586,,,,Irfan Ali,,PARTLY,,,,,https://www.propertyfinder.bh/en/plp/rent/apartment-for-rent-northern-governorate-saar-55716048.html,2026-07-31T21:13:19.710679+00:00,2026-08-26T23:12:42.541291+00:00,26,2026-08-26T23:12:42.541291+00:00
2026-08-28,removed,55716185,,,Apartment,Hot Deal/Ready to move in/Beach Access,620.0,,,,BHD,monthly,,,,,,,,,,,26.239999771118164,50.5369987487793,,,,Dafina Muca,,YES,,,,,https://www.propertyfinder.bh/en/plp/rent/apartment-for-rent-capital-governorate-seef-55716185.html,2026-07-31T21:13:19.710679+00:00,2026-08-26T23:12:42.541291+00:00,26,2026-08-26T23:12:42.541291+00:00
2026-08-28,removed,55716187,,,Apartment,Big Terrace/Sea View/Beach Access Prime Location,580.0,,,,BHD,monthly,,,,,,,,,,,26.239999771118164,50.5369987487793,,,,Dafina Muca,,YES,,,,,https://www.propertyfinder.bh/en/plp/rent/apartment-for-rent-capital-governorate-seef-55716187.html,2026-07-31T21:13:19.710679+00:00,2026-08-26T23:12:42.541291+00:00,26,2026-08-26T23:12:42.541291+00:00
2026-08-28,removed,55743991,,,Apartment,Very Bright  |Modernly Furnished I Big Balcony,350.0,,,,BHD,monthly,,,,,,,,,,,26.211111068725586,50.601112365722656,,,,Antony Shaiju,,YES,,,,,https://www.propertyfinder.bh/en/plp/rent/apartment-for-rent-capital-governorate-al-juffair-55743991.html,2026-08-01T21:00:56.482799+00:00,2026-08-26T23:12:42.541291+00:00,25,2026-08-26T23:12:42.541291+00:00
2026-08-28,removed,55744073,,,Apartment,"Duplex ,Sea View/Ready to move in/Furnished flat",425.0,,,,BHD,monthly,,,,,,,,,,,26.211111068725586,50.601112365722656,,,,Dafina Muca,,YES,,,,,https://www.propertyfinder.bh/en/plp/rent/apartment-for-rent-capital-governorate-al-juffair-55744073.html,2026-08-01T21:00:56.482799+00:00,2026-08-26T23:12:42.541291+00:00,25,2026-08-26T23:12:42.541291+00:00
2026-08-28,removed,55744124,,,Apartment,Luxury Apartment Sea View/ Prime location/,550.0,,,,BHD,monthly,,,,,,,,,,,26.249584197998047,50.580360412597656,,,,Dafina Muca,,YES,,,,,https://www.propertyfinder.bh/en/plp/rent/apartment-for-rent-capital-governorate-bahrain-bay-55744124.html,2026-08-01T21:00:56.482799+00:00,2026-08-26T23:12:42.541291+00:00,25,2026-08-26T23:12:42.541291+00:00
2026-08-28,removed,55744200,,,Apartment,A Studio with Separate kitchen/ Unlimited Ewa,140.0,,,,BHD,monthly,,,,,,,,,,,26.27199935913086,50.60900115966797,,,,A. Mhaout,,NO,,,,,https://www.propertyfinder.bh/en/plp/rent/apartment-for-rent-muharraq-governorate-busaiteen-55744200.html,2026-08-01T21:00:56.482799+00:00,2026-08-26T23:12:42.541291+00:00,25,2026-08-26T23:12:42.541291+00:00
2026-08-28,removed,55772997,,,Apartment,Affordable Furnished flat 2 Bed for Rent/Janabiya,330.0,,,,BHD,monthly,,,,,,,,,,,26.185943603515625,50.46711349487305,,,,Dafina Muca,,YES,,,,,https://www.propertyfinder.bh/en/plp/rent/apartment-for-rent-northern-governorate-janabiya-55772997.html,2026-08-02T21:01:45.450020+00:00,2026-08-26T23:12:42.541291+00:00,24,2026-08-26T23:12:42.541291+00:00
2026-08-28,removed,55773585,,,Apartment,BEAUTIFULL| 1BHK | SPLIT AC| LIFT | SECURITY| MY,120.0,,,,BHD,monthly,,,,,,,,,,,26.1314754486084,50.568843841552734,,,,Nayla Tabussam,,PARTLY,,,,,https://www.propertyfinder.bh/en/plp/rent/apartment-for-rent-southern-governorate-riffa-bu-kowarah-55773585.html,2026-08-02T21:01:45.450020+00:00,2026-08-26T23:12:42.541291+00:00,24,2026-08-26T23:12:42.541291+00:00
2026-08-28,removed,55773660,,,Apartment,SPACIOUS| BRIGHT| 2BHK| LIFT| SECURITY|BUKWARA/ MY,180.0,,,,BHD,monthly,,,,,,,,,,,26.1314754486084,50.568843841552734,,,,Nayla Tabussam,,NO,,,,,https://www.propertyfinder.bh/en/plp/rent/apartment-for-rent-southern-governorate-riffa-bu-kowarah-55773660.html,2026-08-02T21:01:45.450020+00:00,2026-08-26T23:12:42.541291+00:00,24,2026-08-26T23:12:42.541291+00:00
2026-08-28,removed,55773726,,,Apartment,Stylish 2BR Duplex Apartment with Facilities,500.0,,,,BHD,monthly,,,,,,,,,,,26.2102108001709,50.56403350830078,,,,Aby N,,YES,,,,,https://www.propertyfinder.bh/en/plp/rent/apartment-for-rent-capital-governorate-manama-zinj-55773726.html,2026-08-02T21:01:45.450020+00:00,2026-08-26T23:12:42.541291+00:00,24,2026-08-26T23:12:42.541291+00:00
2026-08-28,removed,55802059,,,Apartment,Affordable2/BHK for Rent in Janabiya/Ready to Move,270.0,,,,BHD,monthly,,,,,,,,,,,26.185943603515625,50.46711349487305,,,,Dafina Muca,,PARTLY,,,,,https://www.propertyfinder.bh/en/plp/rent/apartment-for-rent-northern-governorate-janabiya-55802059.html,2026-08-03T21:12:00.704076+00:00,2026-08-26T23:12:42.541291+00:00,23,2026-08-26T23:12:42.541291+00:00
2026-08-28,removed,55803223,,,Apartment,Modern | Spacious | 2-Bedroom | Negotiable,400.0,,,,BHD,monthly,,,,,,,,,,,26.211111068725586,50.601112365722656,,,,Sharshahan Koyilandi,,YES,,,,,https://www.propertyfinder.bh/en/plp/rent/apartment-for-rent-capital-governorate-al-juffair-55803223.html,2026-08-03T21:12:00.704076+00:00,2026-08-26T23:12:42.541291+00:00,23,2026-08-26T23:12:42.541291+00:00
2026-08-28,removed,55803621,,,Penthouse,"Ultra Spacious , Sea View , Unlimitted Ewa",800.0,,,,BHD,monthly,,,,,,,,,,,26.207910537719727,50.587345123291016,,,,Ponmony Remesh,,YES,,,,,https://www.propertyfinder.bh/en/plp/rent/penthouse-for-rent-capital-governorate-manama-mahooz-55803621.html,2026-08-03T21:12:00.704076+00:00,2026-08-26T23:12:42.541291+00:00,23,2026-08-26T23:12:42.541291+00:00
2026-08-28,removed,55831616,,,Apartment,Affordable | 2 Bedroom | Semi Furnished | Hidd,220.0,,,,BHD,monthly,,,,,,,,,,,26.21263313293457,50.67418670654297,,,,Zain Jabbar,,PARTLY,,,,,https://www.propertyfinder.bh/en/plp/rent/apartment-for-rent-muharraq-governorate-hidd-55831616.html,2026-08-04T21:18:19.994716+00:00,2026-08-26T23:12:42.541291+00:00,22,2026-08-26T23:12:42.541291+00:00
2026-08-28,removed,55831799,,,Apartment,Spacious 3BHK Apartment/ Balcony/Near the Walkway,250.0,,,,BHD,monthly,,,,,,,,,,,26.188888549804688,50.54999923706055,,,,A. Mhaout,,NO,,,,,https://www.propertyfinder.bh/en/plp/rent/apartment-for-rent-central-governorate-tubli-55831799.html,2026-08-04T21:18:19.994716+00:00,2026-08-26T23:12:42.541291+00:00,22,2026-08-26T23:12:42.541291+00:00
2026-08-28,removed,55831883,,,Apartment,2 Bedrooms Flat for rent in Al Hoora-Manama,190.0,,,,BHD,monthly,,,,,,,,,,,26.23387908935547,50.5939826965332,,,,Ali  Alnoaimi,,PARTLY,,,,,https://www.propertyfinder.bh/en/plp/rent/apartment-for-rent-capital-governorate-hoora-55831883.html,2026-08-04T21:18:19.994716+00:00,2026-08-26T23:12:42.541291+00:00,22,2026-08-26T23:12:42.541291+00:00
2026-08-28,removed,55831901,,,Office Space,Commercial Office For Rent in Umalhasam 300/BD,300.0,,,,BHD,monthly,,,,,,,,,,,26.203079223632812,50.594947814941406,,,,Ali  Alnoaimi,,YES,,,,,https://www.propertyfinder.bh/en/plp/commercial-rent/office-space-for-rent-capital-governorate-manama-um-al-hasam-55831901.html,2026-08-04T21:18:19.994716+00:00,2026-08-26T23:12:42.541291+00:00,22,2026-08-26T23:12:42.541291+00:00
2026-08-28,removed,55831974,,,Apartment,400BD Spacious 3-Bedroom Flat for Rent – Almahooz,400.0,,,,BHD,monthly,,,,,,,,,,,26.207910537719727,50.587345123291016,,,,Ali  Alnoaimi,,PARTLY,,,,,https://www.propertyfinder.bh/en/plp/rent/apartment-for-rent-capital-governorate-manama-mahooz-55831974.html,2026-08-04T21:18:19.994716+00:00,2026-08-26T23:12:42.541291+00:00,22,2026-08-26T23:12:42.541291+00:00
2026-08-28,removed,55832774,,,Apartment,Breathtaking Views/Beach/Balcony/Swimming Pool,550.0,,,,BHD,monthly,,,,,,,,Tala Island,,,26.300025939941406,50.66316223144531,,,,Anastasia Ageeva,,YES,,,,,https://www.propertyfinder.bh/en/plp/rent/apartment-for-rent-muharraq-governorate-amwaj-islands-tala-island-55832774.html,2026-08-04T21:18:19.994716+00:00,2026-08-26T23:12:42.541291+00:00,22,2026-08-26T23:12:42.541291+00:00
2026-08-28,removed,55861029,,,Apartment,PRIME LOCATION / FUTURISTIC DESIGN / 3BHK,290.0,,,,BHD,monthly,,,,,,,,,,,26.21263313293457,50.67418670654297,,,,JUNAID MUNAWAR,,PARTLY,,,,,https://www.propertyfinder.bh/en/plp/rent/apartment-for-rent-muharraq-governorate-hidd-55861029.html,2026-08-05T21:21:28.553228+00:00,2026-08-26T23:12:42.541291+00:00,21,2026-08-26T23:12:42.541291+00:00
2026-08-28,removed,55861217,,,Villa,TRANQUIL COMPOUND / PRIVATE POOL / NEAR RUGBY CLUB,650.0,,,,BHD,monthly,,,,,,,,,,,26.185943603515625,50.46711349487305,,,,Enkhee Eegnes,,PARTLY,,,,,https://www.propertyfinder.bh/en/plp/rent/villa-for-rent-northern-governorate-janabiya-55861217.html,2026-08-05T21:21:28.553228+00:00,2026-08-26T23:12:42.541291+00:00,21,2026-08-26T23:12:42.541291+00:00
2026-08-28,removed,55862418,,,Villa,SPACIOUS | 5BR | SEMI FURNISHED | VILLA FOR RENT,670.0,,,,BHD,monthly,,,,,,,,Diyar Al Muharraq,Al Sherooq,,26.31142234802246,50.64306640625,,,,Dulce Sevilla,,PARTLY,,,,,https://www.propertyfinder.bh/en/plp/rent/villa-for-rent-muharraq-governorate-diyar-al-muharraq-al-sherooq-55862418.html,2026-08-05T21:21:28.553228+00:00,2026-08-26T23:12:42.541291+00:00,21,2026-08-26T23:12:42.541291+00:00
2026-08-28,removed,55862543,,,Apartment,LUXURY| SPACIOUS| 2BHK FF| BALCONY LIFT| PARKNG|MY,350.0,,,,BHD,monthly,,,,,,,,,,,26.149999618530273,50.58333206176758,,,,Nayla Tabussam,,YES,,,,,https://www.propertyfinder.bh/en/plp/rent/apartment-for-rent-central-governorate-sanad-55862543.html,2026-08-05T21:21:28.553228+00:00,2026-08-26T23:12:42.541291+00:00,21,2026-08-26T23:12:42.541291+00:00
2026-08-28,removed,55862699,,,Apartment,LUXURY| SPACIOUS| LOW BUDGET|2BHK| LIFT| PARKNG|MY,260.0,,,,BHD,monthly,,,,,,,,,,,26.1314754486084,50.568843841552734,,,,Nayla Tabussam,,PARTLY,,,,,https://www.propertyfinder.bh/en/plp/rent/apartment-for-rent-southern-governorate-riffa-bu-kowarah-55862699.html,2026-08-05T21:21:28.553228+00:00,2026-08-26T23:12:42.541291+00:00,21,2026-08-26T23:12:42.541291+00:00
2026-08-28,removed,55891650,,,Apartment,"Flat for Sale in Janabiya ,Affordable 3 Bedroom",62000.0,,,,BHD,sell,,,,,,,,,,,26.185943603515625,50.46711349487305,,,,Dafina Muca,,YES,completed,,,,https://www.propertyfinder.bh/en/plp/buy/apartment-for-sale-northern-governorate-janabiya-55891650.html,2026-08-07T00:55:25.755875+00:00,2026-08-26T23:12:42.541291+00:00,19,2026-08-26T23:12:42.541291+00:00
2026-08-28,removed,55891671,,,Apartment,Cozy and Affordable 3BR Apartment,500.0,,,,BHD,monthly,,,,,,,,,,,26.21023941040039,50.49468231201172,,,,Dafina Muca,,PARTLY,,,,,https://www.propertyfinder.bh/en/plp/rent/apartment-for-rent-northern-governorate-maqabah-55891671.html,2026-08-07T00:55:25.755875+00:00,2026-08-26T23:12:42.541291+00:00,19,2026-08-26T23:12:42.541291+00:00
2026-08-28,removed,55891771,,,Apartment,Luxurious flat flat for rent in Fontana Gardens,950.0,,,,BHD,monthly,,,,,,,,,,,26.211111068725586,50.601112365722656,,,,Dafina Muca,,YES,,,,,https://www.propertyfinder.bh/en/plp/rent/apartment-for-rent-capital-governorate-al-juffair-55891771.html,2026-08-07T00:55:25.755875+00:00,2026-08-26T23:12:42.541291+00:00,19,2026-08-26T23:12:42.541291+00:00
2026-08-28,removed,55892260,,,Villa,An large 5Bed Villa with Big Pvt Garden and Pool,1500.0,,,,BHD,monthly,,,,,,,,,,,26.185943603515625,50.46711349487305,,,,Jasmine Dhakan,,PARTLY,,,,,https://www.propertyfinder.bh/en/plp/rent/villa-for-rent-northern-governorate-janabiya-55892260.html,2026-08-07T00:55:25.755875+00:00,2026-08-26T23:12:42.541291+00:00,19,2026-08-26T23:12:42.541291+00:00
2026-08-28,removed,55892421,,,Villa,Lagoon View and Access 2 BR Villa / Private Berth,800.0,,,,BHD,monthly,,,,,,,,,,,26.288480758666992,50.66381072998047,,,,Dafina Muca,,YES,,,,,https://www.propertyfinder.bh/en/plp/rent/villa-for-rent-muharraq-governorate-amwaj-islands-55892421.html,2026-08-07T00:55:25.755875+00:00,2026-08-26T23:12:42.541291+00:00,19,2026-08-26T23:12:42.541291+00:00
2026-08-28,removed,55892467,,,Apartment,Brand New/Big Terrace and Direct access to Pool,500.0,,,,BHD,monthly,,,,,,,,,,,26.241750717163086,50.5663948059082,,,,Dafina Muca,,YES,,,,,https://www.propertyfinder.bh/en/plp/rent/apartment-for-rent-capital-governorate-reef-island-55892467.html,2026-08-07T00:55:25.755875+00:00,2026-08-26T23:12:42.541291+00:00,19,2026-08-26T23:12:42.541291+00:00
2026-08-28,removed,55892549,,,Apartment,Brand New Furnished Luxury Ready to move in,330.0,,,,BHD,monthly,,,,,,,,,,,26.21263313293457,50.67418670654297,,,,Dafina Muca,,YES,,,,,https://www.propertyfinder.bh/en/plp/rent/apartment-for-rent-muharraq-governorate-hidd-55892549.html,2026-08-07T00:55:25.755875+00:00,2026-08-26T23:12:42.541291+00:00,19,2026-08-26T23:12:42.541291+00:00
2026-08-28,removed,55892854,,,Apartment,SEA VIEW 1 BR BALCONY INCLUSIVE,500.0,,,,BHD,monthly,,,,,,,,,,,26.239999771118164,50.5369987487793,,,,Dafina Muca,,YES,,,,,https://www.propertyfinder.bh/en/plp/rent/apartment-for-rent-capital-governorate-seef-55892854.html,2026-08-07T00:55:25.755875+00:00,2026-08-26T23:12:42.541291+00:00,19,2026-08-26T23:12:42.541291+00:00
2026-08-28,removed,55951176,,,Villa,Cozy Villa - Modern Design - Prime Location,650.0,,,,BHD,monthly,,,,,,,,,,,26.19164276123047,50.48757553100586,,,,Khalil Aryan,,PARTLY,,,,,https://www.propertyfinder.bh/en/plp/rent/villa-for-rent-northern-governorate-saar-55951176.html,2026-08-08T20:37:26.992750+00:00,2026-08-26T23:12:42.541291+00:00,18,2026-08-26T23:12:42.541291+00:00
2026-08-28,removed,55978612,,,Villa,Villa on Two Roads for Sale in Aali,140000.0,,,,BHD,sell,,,,,,,,,,,26.1634578704834,50.515289306640625,,,,Hassan Raed,,PARTLY,completed,,,,https://www.propertyfinder.bh/en/plp/buy/villa-for-sale-central-governorate-a-ali-55978612.html,2026-08-09T20:40:10.613404+00:00,2026-08-26T23:12:42.541291+00:00,17,2026-08-26T23:12:42.541291+00:00
2026-08-28,removed,55979047,,,Villa,Luxurious and Modern Villa for Sale in Saraya 1,375000.0,,,,BHD,sell,,,,,,,,,,,26.19164276123047,50.48757553100586,,,,Hassan Raed,,PARTLY,completed_primary,,,,https://www.propertyfinder.bh/en/plp/buy/villa-for-sale-northern-governorate-saar-55979047.html,2026-08-09T20:40:10.613404+00:00,2026-08-26T23:12:42.541291+00:00,17,2026-08-26T23:12:42.541291+00:00
2026-08-28,removed,55979068,,,Villa,Villas Under Construction for Sale in Al Saya,152000.0,,,,BHD,sell,,,,,,,,,,,26.27199935913086,50.60900115966797,,,,Habib ALBanna,,PARTLY,completed_primary,,,,https://www.propertyfinder.bh/en/plp/buy/villa-for-sale-muharraq-governorate-busaiteen-55979068.html,2026-08-09T20:40:10.613404+00:00,2026-08-26T23:12:42.541291+00:00,17,2026-08-26T23:12:42.541291+00:00
2026-08-28,removed,55979508,,,Villa,Villa on Two Roads and a Corner for Sale in Maqaba,203000.0,,,,BHD,sell,,,,,,,,,,,26.21023941040039,50.49468231201172,,,,Hassan Raed,,YES,completed,,,,https://www.propertyfinder.bh/en/plp/buy/villa-for-sale-northern-governorate-maqabah-55979508.html,2026-08-09T20:40:10.613404+00:00,2026-08-26T23:12:42.541291+00:00,17,2026-08-26T23:12:42.541291+00:00
2026-08-28,removed,55979791,,,Villa,Diyar Al Markh - A Better Life in a Prime Location,147000.0,,,,BHD,sell,,,,,,,,,,,26.20135498046875,50.4798698425293,,,,Hassan Raed,,PARTLY,completed_primary,,,,https://www.propertyfinder.bh/en/plp/buy/villa-for-sale-northern-governorate-al-markh-55979791.html,2026-08-09T20:40:10.613404+00:00,2026-08-26T23:12:42.541291+00:00,17,2026-08-26T23:12:42.541291+00:00
2026-08-28,removed,55980330,,,Apartment,Stylish Interiors | EWA + INTERNET | Balcony Views,1050.0,,,,BHD,monthly,,,,,,,,,,,26.241750717163086,50.5663948059082,,,,Majeed Moosa,,YES,,,,,https://www.propertyfinder.bh/en/plp/rent/apartment-for-rent-capital-governorate-reef-island-55980330.html,2026-08-09T20:40:10.613404+00:00,2026-08-26T23:12:42.541291+00:00,17,2026-08-26T23:12:42.541291+00:00
2026-08-28,removed,55980603,,,Apartment,LOW RENT Included EWA | WI-FI | POOL | GYM,300.0,,,,BHD,monthly,,,,,,,,Amwaj Avenue,,,26.29302978515625,50.66474151611328,,,,Karine Nalbandyan ,,YES,,,,,https://www.propertyfinder.bh/en/plp/rent/apartment-for-rent-muharraq-governorate-amwaj-islands-amwaj-avenue-55980603.html,2026-08-10T20:51:18.479280+00:00,2026-08-26T23:12:42.541291+00:00,16,2026-08-26T23:12:42.541291+00:00
2026-08-28,removed,56008202,,,Villa,ELEGANT 4 BEDROOM VILLA | POOL & GYM | PRIME AREA,1100.0,,,,BHD,monthly,,,,,,,,,,,26.185943603515625,50.46711349487305,,,,Irina Matvievici,,PARTLY,,,,,https://www.propertyfinder.bh/en/plp/rent/villa-for-rent-northern-governorate-janabiya-56008202.html,2026-08-10T20:51:18.479280+00:00,2026-08-26T23:12:42.541291+00:00,16,2026-08-26T23:12:42.541291+00:00
2026-08-28,removed,56008221,,,Apartment,Great Opportunity Spacious flat for sale JANABIYA!,91000.0,,,,BHD,sell,,,,,,,,,,,26.185943603515625,50.46711349487305,,,,Dafina Muca,,PARTLY,completed,,,,https://www.propertyfinder.bh/en/plp/buy/apartment-for-sale-northern-governorate-janabiya-56008221.html,2026-08-10T20:51:18.479280+00:00,2026-08-26T23:12:42.541291+00:00,16,2026-08-26T23:12:42.541291+00:00
2026-08-28,removed,56008236,,,Bulk Rent Unit,MODERN | FURNISHED STUDIO | SANABIS,250.0,,,,BHD,monthly,,,,,,,,Sanabis,,,26.226558685302734,50.5459098815918,,,,Sheraz Majeed ,,YES,,,,,https://www.propertyfinder.bh/en/plp/rent/bulk-rent-unit-for-rent-capital-governorate-manama-sanabis-56008236.html,2026-08-10T20:51:18.479280+00:00,2026-08-26T23:12:42.541291+00:00,16,2026-08-26T23:12:42.541291+00:00
2026-08-28,removed,56008328,,,Villa,WELL MAINTAINED | MODERN | SPACIOUS | 2 KITCHENS,600.0,,,,BHD,monthly,,,,,,,,Diyar Al Muharraq,Al Noor,,26.311420440673828,50.64306640625,,,,Dulce Sevilla,,PARTLY,,,,,https://www.propertyfinder.bh/en/plp/rent/villa-for-rent-muharraq-governorate-diyar-al-muharraq-al-noor-56008328.html,2026-08-10T20:51:18.479280+00:00,2026-08-26T23:12:42.541291+00:00,16,2026-08-26T23:12:42.541291+00:00
2026-08-28,removed,56008499,,,Villa,SPACIOUS 4BHK VILLA | PRIVATE GARDEN | PRIME JASRA,1200.0,,,,BHD,monthly,,,,,,,,,,,26.166685104370117,50.45078659057617,,,,Irina Matvievici,,PARTLY,,,,,https://www.propertyfinder.bh/en/plp/rent/villa-for-rent-northern-governorate-al-jasra-56008499.html,2026-08-10T20:51:18.479280+00:00,2026-08-26T23:12:42.541291+00:00,16,2026-08-26T23:12:42.541291+00:00
2026-08-28,removed,56008539,,,Villa,NURSERY FOR SALE | FULLY EQUIPPED | PRIME DIRAZ,225000.0,,,,BHD,sell,,,,,,,,,,,26.220962524414062,50.46446990966797,,,,Yumna Awad,,YES,completed,,,,https://www.propertyfinder.bh/en/plp/buy/villa-for-sale-northern-governorate-diraz-56008539.html,2026-08-10T20:51:18.479280+00:00,2026-08-26T23:12:42.541291+00:00,16,2026-08-26T23:12:42.541291+00:00
2026-08-28,removed,56008543,,,Apartment,STYLISH 2BHK | BEACH ACCESS | PREMIUM FACILITIES,580.0,,,,BHD,monthly,,,,,,,,Diyar Al Muharraq,Marassi Shores Residences,,26.303447723388672,50.6461296081543,,,,Rolin Faouri,,YES,,,,,https://www.propertyfinder.bh/en/plp/rent/apartment-for-rent-muharraq-governorate-diyar-al-muharraq-marassi-shores-residences-56008543.html,2026-08-10T20:51:18.479280+00:00,2026-08-26T23:12:42.541291+00:00,16,2026-08-26T23:12:42.541291+00:00
2026-08-28,removed,56008547,,,Apartment,LUXURIOUS 4BR | SEA VIEW | BEACH ACCESS | SPACIOUS,300000.0,,,,BHD,sell,,,,,,,,Diyar Al Muharraq,Marassi Shores Residences,,26.303447723388672,50.6461296081543,,,,Rolin Faouri,,YES,completed,,,,https://www.propertyfinder.bh/en/plp/buy/apartment-for-sale-muharraq-governorate-diyar-al-muharraq-marassi-shores-residences-56008547.html,2026-08-10T20:51:18.479280+00:00,2026-08-26T23:12:42.541291+00:00,16,2026-08-26T23:12:42.541291+00:00
2026-08-28,removed,56008551,,,Apartment,LUXURIOUS 2BHK | SEA VIEW | TOP-NOTCH FACILITIES,500.0,,,,BHD,monthly,,,,,,,,,,,26.211111068725586,50.601112365722656,,,,Rolin Faouri,,YES,,,,,https://www.propertyfinder.bh/en/plp/rent/apartment-for-rent-capital-governorate-al-juffair-56008551.html,2026-08-10T20:51:18.479280+00:00,2026-08-26T23:12:42.541291+00:00,16,2026-08-26T23:12:42.541291+00:00
2026-08-28,removed,56008556,,,Villa,8 BHK | SPACIOUS VILLA | PRIME HAMALA LOCATION,140000.0,,,,BHD,sell,,,,,,,,,,,26.140336990356445,50.478271484375,,,,Yumna Awad,,PARTLY,completed,,,,https://www.propertyfinder.bh/en/plp/buy/villa-for-sale-northern-governorate-hamala-56008556.html,2026-08-10T20:51:18.479280+00:00,2026-08-26T23:12:42.541291+00:00,16,2026-08-26T23:12:42.541291+00:00
2026-08-28,removed,56008724,,,Land,373 SQM | CORNER PLOT | RA ZONED LAND,118000.0,,,,BHD,sell,,,,,,,,,,,26.21023941040039,50.49468231201172,,,,Yumna Awad,,,,,,,https://www.propertyfinder.bh/en/plp/buy/land-for-sale-northern-governorate-maqabah-56008724.html,2026-08-10T20:51:18.479280+00:00,2026-08-26T23:12:42.541291+00:00,16,2026-08-26T23:12:42.541291+00:00
2026-08-28,removed,56008729,,,Land,PRIME CORNER PLOT | RA RESIDENTIAL LAND | 652 SQM,224500.0,,,,BHD,sell,,,,,,,,,,,26.19164276123047,50.48757553100586,,,,Yumna Awad,,,,,,,https://www.propertyfinder.bh/en/plp/buy/land-for-sale-northern-governorate-saar-56008729.html,2026-08-10T20:51:18.479280+00:00,2026-08-26T23:12:42.541291+00:00,16,2026-08-26T23:12:42.541291+00:00
2026-08-28,removed,56008733,,,Land,652 SQM | RA ZONED LAND | PRESTIGIOUS SAAR,224500.0,,,,BHD,sell,,,,,,,,,,,26.19164276123047,50.48757553100586,,,,Yumna Awad,,,,,,,https://www.propertyfinder.bh/en/plp/buy/land-for-sale-northern-governorate-saar-56008733.html,2026-08-10T20:51:18.479280+00:00,2026-08-26T23:12:42.541291+00:00,16,2026-08-26T23:12:42.541291+00:00
2026-08-28,removed,56008738,,,Land,EXCLUSIVE WATERFRONT PLOT IN DILMUNIA | FREEHOLD,220000.0,,,,BHD,sell,,,,,,,,,,,26.27286720275879,50.672889709472656,,,,Zuhair Tlili,,,,,,,https://www.propertyfinder.bh/en/plp/buy/land-for-sale-muharraq-governorate-dilmunia-island-56008738.html,2026-08-10T20:51:18.479280+00:00,2026-08-26T23:12:42.541291+00:00,16,2026-08-26T23:12:42.541291+00:00
2026-08-28,removed,56008757,,,Duplex,PERFECT 3BR DUPLEX | SEA VIEW | PREMIUM FACILITIES,1600.0,,,,BHD,monthly,,,,,,,,,,,26.239999771118164,50.5369987487793,,,,Zuhair Tlili,,YES,,,,,https://www.propertyfinder.bh/en/plp/rent/duplex-for-rent-capital-governorate-seef-56008757.html,2026-08-10T20:51:18.479280+00:00,2026-08-26T23:12:42.541291+00:00,16,2026-08-26T23:12:42.541291+00:00
2026-08-28,removed,56008794,,,Apartment,PREMIUM FACILITIES | HIGH-END FINISHES | BALCONY,117000.0,,,,BHD,sell,,,,,,,,,,,26.239999771118164,50.5369987487793,,,,Zuhair Tlili,,YES,completed,,,,https://www.propertyfinder.bh/en/plp/buy/apartment-for-sale-capital-governorate-seef-56008794.html,2026-08-10T20:51:18.479280+00:00,2026-08-26T23:12:42.541291+00:00,16,2026-08-26T23:12:42.541291+00:00
2026-08-28,removed,56008816,,,Apartment,MODERN 1BHK | SEA VIEW | BALCONY,380.0,,,,BHD,monthly,,,,,,,,,,,26.211111068725586,50.601112365722656,,,,Zuhair Tlili,,YES,,,,,https://www.propertyfinder.bh/en/plp/rent/apartment-for-rent-capital-governorate-al-juffair-56008816.html,2026-08-10T20:51:18.479280+00:00,2026-08-26T23:12:42.541291+00:00,16,2026-08-26T23:12:42.541291+00:00
2026-08-28,removed,56008819,,,Villa,5 BHK | LUXURIOUS VILLA | PRIVATE POOL,185000.0,,,,BHD,sell,,,,,,,,,,,26.20975685119629,50.50579833984375,,,,Yumna Awad,,PARTLY,completed,,,,https://www.propertyfinder.bh/en/plp/buy/villa-for-sale-northern-governorate-shakhura-56008819.html,2026-08-10T20:51:18.479280+00:00,2026-08-26T23:12:42.541291+00:00,16,2026-08-26T23:12:42.541291+00:00
2026-08-28,removed,56008839,,,Apartment,CAPTIVATING SEA VIEWS | BALCONY | PRIME LOCATION,125000.0,,,,BHD,sell,,,,,,,,Bahrain Financial Harbour,,,26.23778533935547,50.57342529296875,,,,Zuhair Tlili,,YES,completed,,,,https://www.propertyfinder.bh/en/plp/buy/apartment-for-sale-capital-governorate-manama-bahrain-financial-harbour-56008839.html,2026-08-10T20:51:18.479280+00:00,2026-08-26T23:12:42.541291+00:00,16,2026-08-26T23:12:42.541291+00:00
2026-08-28,removed,56008844,,,Apartment,BRAND NEW | 5-YEARS PAYMENT PLAN | PRIME LOCATION,229000.0,,,,BHD,sell,,,,,,,,Bahrain Financial Harbour,,,26.23778533935547,50.57342529296875,,,,Zuhair Tlili,,PARTLY,completed_primary,,,,https://www.propertyfinder.bh/en/plp/buy/apartment-for-sale-capital-governorate-manama-bahrain-financial-harbour-56008844.html,2026-08-10T20:51:18.479280+00:00,2026-08-26T23:12:42.541291+00:00,16,2026-08-26T23:12:42.541291+00:00
2026-08-28,removed,56008857,,,Apartment,ELEGANT 2BHK | SEA VIEW | PRIME LOCATION,112000.0,,,,BHD,sell,,,,,,,,,,,26.239999771118164,50.5369987487793,,,,Zuhair Tlili,,YES,completed,,,,https://www.propertyfinder.bh/en/plp/buy/apartment-for-sale-capital-governorate-seef-56008857.html,2026-08-10T20:51:18.479280+00:00,2026-08-26T23:12:42.541291+00:00,16,2026-08-26T23:12:42.541291+00:00
2026-08-28,removed,56008861,,,Apartment,SEA VIEW | BALCONY | 1BHK | HIGH RENTAL DEMAND,85000.0,,,,BHD,sell,,,,,,,,Bahrain Financial Harbour,,,26.23778533935547,50.57342529296875,,,,Zuhair Tlili,,YES,completed,,,,https://www.propertyfinder.bh/en/plp/buy/apartment-for-sale-capital-governorate-manama-bahrain-financial-harbour-56008861.html,2026-08-10T20:51:18.479280+00:00,2026-08-26T23:12:42.541291+00:00,16,2026-08-26T23:12:42.541291+00:00
2026-08-28,removed,56008864,,,Apartment,MODERN 4BHK | PRIME AREA | BALCONY | GOOD PRICE,76000.0,,,,BHD,sell,,,,,,,,North Riffa,,,26.143957138061523,50.547142028808594,,,,Yumna Awad,,NO,completed_primary,,,,https://www.propertyfinder.bh/en/plp/buy/apartment-for-sale-southern-governorate-riffa-north-riffa-56008864.html,2026-08-10T20:51:18.479280+00:00,2026-08-26T23:12:42.541291+00:00,16,2026-08-26T23:12:42.541291+00:00
2026-08-28,removed,56008872,,,Apartment,FREE HOLD | MARINA VIEW | BRAND NEW | MOVE NOW !!,74000.0,,,,BHD,sell,,,,,,,,The Lagoon,,,26.287778854370117,50.66339111328125,,,,Rolin Faouri,,PARTLY,completed_primary,,,,https://www.propertyfinder.bh/en/plp/buy/apartment-for-sale-muharraq-governorate-amwaj-islands-the-lagoon-56008872.html,2026-08-10T20:51:18.479280+00:00,2026-08-26T23:12:42.541291+00:00,16,2026-08-26T23:12:42.541291+00:00
2026-08-28,removed,56008916,,,Whole Building,COMMERCIAL and RESIDENTIAL BUILDING | BEST DEAL!!!,500000.0,,,,BHD,sell,,,,,,,,,,,26.188888549804688,50.54999923706055,,,,Yumna Awad,,YES,completed,,,,https://www.propertyfinder.bh/en/plp/buy/whole-building-for-sale-central-governorate-tubli-56008916.html,2026-08-10T20:51:18.479280+00:00,2026-08-26T23:12:42.541291+00:00,16,2026-08-26T23:12:42.541291+00:00
2026-08-28,removed,56008928,,,Apartment,BRAND NEW 2BHK | SPACIOUS | SEA & CITY VIEW,750.0,,,,BHD,monthly,,,,,,,,,,,26.239999771118164,50.5369987487793,,,,Zuhair Tlili,,YES,,,,,https://www.propertyfinder.bh/en/plp/rent/apartment-for-rent-capital-governorate-seef-56008928.html,2026-08-10T20:51:18.479280+00:00,2026-08-26T23:12:42.541291+00:00,16,2026-08-26T23:12:42.541291+00:00
2026-08-28,removed,56008952,,,Land,PRIME RA RESIDENTIAL LAND | TUBLI | 798 SQM,206000.0,,,,BHD,sell,,,,,,,,,,,26.188888549804688,50.54999923706055,,,,Rolin Faouri,,,,,,,https://www.propertyfinder.bh/en/plp/buy/land-for-sale-central-governorate-tubli-56008952.html,2026-08-10T20:51:18.479280+00:00,2026-08-26T23:12:42.541291+00:00,16,2026-08-26T23:12:42.541291+00:00
2026-08-28,removed,56008961,,,Apartment,SEA VIEW | BALCONY | CLOSED KITCHEN | LUXURY 2BHK,100000.0,,,,BHD,sell,,,,,,,,,,,26.211111068725586,50.601112365722656,,,,Rolin Faouri,,YES,completed,,,,https://www.propertyfinder.bh/en/plp/buy/apartment-for-sale-capital-governorate-al-juffair-56008961.html,2026-08-10T20:51:18.479280+00:00,2026-08-26T23:12:42.541291+00:00,16,2026-08-26T23:12:42.541291+00:00
2026-08-28,removed,56009002,,,Villa,PRIVATE POOL | ROOF TERRACE | LUXURY LIVING | 3BHK,1380.0,,,,BHD,monthly,,,,,,,,,,,26.211111068725586,50.601112365722656,,,,Rolin Faouri,,YES,,,,,https://www.propertyfinder.bh/en/plp/rent/villa-for-rent-capital-governorate-al-juffair-56009002.html,2026-08-10T20:51:18.479280+00:00,2026-08-26T23:12:42.541291+00:00,16,2026-08-26T23:12:42.541291+00:00
2026-08-28,removed,56009022,,,Villa,FURNISHED 4BHK+OFFICE | PRIVATE POOL | INCLUSIVE,1250.0,,,,BHD,monthly,,,,,,,,,,,26.140336990356445,50.478271484375,,,,Yumna Awad,,YES,,,,,https://www.propertyfinder.bh/en/plp/rent/villa-for-rent-northern-governorate-hamala-56009022.html,2026-08-10T20:51:18.479280+00:00,2026-08-26T23:12:42.541291+00:00,16,2026-08-26T23:12:42.541291+00:00
2026-08-28,removed,56009025,,,Villa,BRIGHT 4BR | PRIVATE POOL and GARDEN | EASY ACCESS,1000.0,,,,BHD,monthly,,,,,,,,,,,26.140336990356445,50.478271484375,,,,Yumna Awad,,PARTLY,,,,,https://www.propertyfinder.bh/en/plp/rent/villa-for-rent-northern-governorate-hamala-56009025.html,2026-08-10T20:51:18.479280+00:00,2026-08-26T23:12:42.541291+00:00,16,2026-08-26T23:12:42.541291+00:00
2026-08-28,removed,56009045,,,Villa,AFFORDABLE 3BHK | PRIVATE GARDEN | CENTRAL SAAR,600.0,,,,BHD,monthly,,,,,,,,,,,26.19164276123047,50.48757553100586,,,,Yumna Awad,,NO,,,,,https://www.propertyfinder.bh/en/plp/rent/villa-for-rent-northern-governorate-saar-56009045.html,2026-08-10T20:51:18.479280+00:00,2026-08-26T23:12:42.541291+00:00,16,2026-08-26T23:12:42.541291+00:00
2026-08-28,removed,56009083,,,Apartment,BRAND NEW SPACIOUS 1BHK | SEA VIEW | 2 BALCONIES,450.0,,,,BHD,monthly,,,,,,,,,,,26.203079223632812,50.594947814941406,,,,Zuhair Tlili,,YES,,,,,https://www.propertyfinder.bh/en/plp/rent/apartment-for-rent-capital-governorate-manama-um-al-hasam-56009083.html,2026-08-10T20:51:18.479280+00:00,2026-08-26T23:12:42.541291+00:00,16,2026-08-26T23:12:42.541291+00:00
2026-08-28,removed,56009091,,,Office Space,BRAND NEW OFFICE | PRIME SEEF LOCATION | HOT DEAL,400.0,,,,BHD,monthly,,,,,,,,,,,26.239999771118164,50.5369987487793,,,,Rolin Faouri,,PARTLY,,,,,https://www.propertyfinder.bh/en/plp/commercial-rent/office-space-for-rent-capital-governorate-seef-56009091.html,2026-08-10T20:51:18.479280+00:00,2026-08-26T23:12:42.541291+00:00,16,2026-08-26T23:12:42.541291+00:00
2026-08-28,removed,56009104,,,Apartment,PAYMENT PLAN | MODERN 2BHK | ELEGANTLY FURNISHED,80000.0,,,,BHD,sell,,,,,,,,,,,26.211111068725586,50.601112365722656,,,,Rolin Faouri,,YES,completed,,,,https://www.propertyfinder.bh/en/plp/buy/apartment-for-sale-capital-governorate-al-juffair-56009104.html,2026-08-10T20:51:18.479280+00:00,2026-08-26T23:12:42.541291+00:00,16,2026-08-26T23:12:42.541291+00:00
2026-08-28,removed,56009124,,,Apartment,BEST DEAL!! | 2BHK + MAIDS ROOM | BALCONY | MODERN,75000.0,,,,BHD,sell,,,,,,,,,,,26.211111068725586,50.601112365722656,,,,Rolin Faouri,,PARTLY,completed_primary,,,,https://www.propertyfinder.bh/en/plp/buy/apartment-for-sale-capital-governorate-al-juffair-56009124.html,2026-08-10T20:51:18.479280+00:00,2026-08-26T23:12:42.541291+00:00,16,2026-08-26T23:12:42.541291+00:00
2026-08-28,removed,56009126,,,Villa,PRIVATE POOL | MODERN 3BHK | BALCONY | SPACIOUS,950.0,,,,BHD,monthly,,,,,,,,,,,26.214487075805664,50.584754943847656,,,,Rolin Faouri,,YES,,,,,https://www.propertyfinder.bh/en/plp/rent/villa-for-rent-capital-governorate-manama-adliya-56009126.html,2026-08-10T20:51:18.479280+00:00,2026-08-26T23:12:42.541291+00:00,16,2026-08-26T23:12:42.541291+00:00
2026-08-28,removed,56009147,,,Penthouse,PENTHOUSE | 3BHK+MAID | PRIVATE POOL | SPACIOUS,510000.0,,,,BHD,sell,,,,,,,,,,,26.249584197998047,50.580360412597656,,,,Rolin Faouri,,PARTLY,completed_primary,,,,https://www.propertyfinder.bh/en/plp/buy/penthouse-for-sale-capital-governorate-bahrain-bay-56009147.html,2026-08-10T20:51:18.479280+00:00,2026-08-26T23:12:42.541291+00:00,16,2026-08-26T23:12:42.541291+00:00
2026-08-28,removed,56009151,,,Apartment,HIGH-END 3BHK | FAMILY-FRIENDLY AMENITIES | MODERN,900.0,,,,BHD,monthly,,,,,,,,,,,26.211111068725586,50.601112365722656,,,,Rolin Faouri,,YES,,,,,https://www.propertyfinder.bh/en/plp/rent/apartment-for-rent-capital-governorate-al-juffair-56009151.html,2026-08-10T20:51:18.479280+00:00,2026-08-26T23:12:42.541291+00:00,16,2026-08-26T23:12:42.541291+00:00
2026-08-28,removed,56009154,,,Land,MOH ZONING | GREAT OPPORTUNITY | EXCELLENT VALUE,125000.0,,,,BHD,sell,,,,,,,,,,,26.16529655456543,50.552181243896484,,,,Rolin Faouri,,,,,,,https://www.propertyfinder.bh/en/plp/buy/land-for-sale-central-governorate-isa-town-56009154.html,2026-08-10T20:51:18.479280+00:00,2026-08-26T23:12:42.541291+00:00,16,2026-08-26T23:12:42.541291+00:00
2026-08-28,removed,56009158,,,Villa,PRIME LUXURY FAMILY VILLA | 4BHK | POOL & GYM,1700.0,,,,BHD,monthly,,,,,,,,,,,26.166685104370117,50.45078659057617,,,,Yumna Awad,,PARTLY,,,,,https://www.propertyfinder.bh/en/plp/rent/villa-for-rent-northern-governorate-al-jasra-56009158.html,2026-08-10T20:51:18.479280+00:00,2026-08-26T23:12:42.541291+00:00,16,2026-08-26T23:12:42.541291+00:00
2026-08-28,removed,56009162,,,Apartment,BEST DEAL | 2BHK | FULL FURNISHED | REEF,94000.0,,,,BHD,sell,,,,,,,,,,,26.241750717163086,50.5663948059082,,,,Rolin Faouri,,YES,completed,,,,https://www.propertyfinder.bh/en/plp/buy/apartment-for-sale-capital-governorate-reef-island-56009162.html,2026-08-10T20:51:18.479280+00:00,2026-08-26T23:12:42.541291+00:00,16,2026-08-26T23:12:42.541291+00:00
2026-08-28,removed,56009171,,,Villa,LUXURY 4BHK VILLA | PRIVATE POOL & GARDEN,1200.0,,,,BHD,monthly,,,,,,,,,,,26.19164276123047,50.48757553100586,,,,Irina Matvievici,,PARTLY,,,,,https://www.propertyfinder.bh/en/plp/rent/villa-for-rent-northern-governorate-saar-56009171.html,2026-08-10T20:51:18.479280+00:00,2026-08-26T23:12:42.541291+00:00,16,2026-08-26T23:12:42.541291+00:00
2026-08-28,removed,56009191,,,Villa,PRIVATE POOL | NEAR ST. CHRIS | SPACIOUS BEDROOMS,1150.0,,,,BHD,monthly,,,,,,,,,,,26.19164276123047,50.48757553100586,,,,Irina Matvievici,,PARTLY,,,,,https://www.propertyfinder.bh/en/plp/rent/villa-for-rent-northern-governorate-saar-56009191.html,2026-08-10T20:51:18.479280+00:00,2026-08-26T23:12:42.541291+00:00,16,2026-08-26T23:12:42.541291+00:00
2026-08-28,removed,56009197,,,Apartment,FULL SEA VIEW | LUXURIOUS 1BHK | NAVY APPROVED,100000.0,,,,BHD,sell,,,,,,,,,,,26.241750717163086,50.5663948059082,,,,Rolin Faouri,,YES,completed,,,,https://www.propertyfinder.bh/en/plp/buy/apartment-for-sale-capital-governorate-reef-island-56009197.html,2026-08-10T20:51:18.479280+00:00,2026-08-26T23:12:42.541291+00:00,16,2026-08-26T23:12:42.541291+00:00
2026-08-28,removed,56009200,,,Apartment,SEA VIEW | MODERN 2BHK | EWA and INTERNET,650.0,,,,BHD,monthly,,,,,,,,,,,26.241750717163086,50.5663948059082,,,,Rolin Faouri,,YES,,,,,https://www.propertyfinder.bh/en/plp/rent/apartment-for-rent-capital-governorate-reef-island-56009200.html,2026-08-10T20:51:18.479280+00:00,2026-08-26T23:12:42.541291+00:00,16,2026-08-26T23:12:42.541291+00:00
2026-08-28,removed,56009211,,,Apartment,BRAND NEW LUXURY STUDIO | SEA VIEW | BALCONY,500.0,,,,BHD,monthly,,,,,,,,Diyar Al Muharraq,Address Marassi Vista,,26.306358337402344,50.64693069458008,,,,Zuhair Tlili,,YES,,,,,https://www.propertyfinder.bh/en/plp/rent/apartment-for-rent-muharraq-governorate-diyar-al-muharraq-address-marassi-vista-56009211.html,2026-08-10T20:51:18.479280+00:00,2026-08-26T23:12:42.541291+00:00,16,2026-08-26T23:12:42.541291+00:00
2026-08-28,removed,56009214,,,Apartment,BRAND NEW LUXURY STUDIO | SEA VIEW | BALCONY,115000.0,,,,BHD,sell,,,,,,,,Diyar Al Muharraq,Address Marassi Vista,,26.306358337402344,50.64693069458008,,,,Zuhair Tlili,,YES,completed,,,,https://www.propertyfinder.bh/en/plp/buy/apartment-for-sale-muharraq-governorate-diyar-al-muharraq-address-marassi-vista-56009214.html,2026-08-10T20:51:18.479280+00:00,2026-08-26T23:12:42.541291+00:00,16,2026-08-26T23:12:42.541291+00:00
2026-08-28,removed,56009236,,,Villa,FURNISHED 5BR | RESORT-STYLE FACILITIES | HOT DEAL,750.0,,,,BHD,monthly,,,,,,,,,,,26.19164276123047,50.48757553100586,,,,Yumna Awad,,YES,,,,,https://www.propertyfinder.bh/en/plp/rent/villa-for-rent-northern-governorate-saar-56009236.html,2026-08-10T20:51:18.479280+00:00,2026-08-26T23:12:42.541291+00:00,16,2026-08-26T23:12:42.541291+00:00
2026-08-28,removed,56009260,,,Villa,ELEGANT VILLA | SPACIOUS 4BHK | LUXURIOUS,1100.0,,,,BHD,monthly,,,,,,,,,,,26.140336990356445,50.478271484375,,,,Yumna Awad,,PARTLY,,,,,https://www.propertyfinder.bh/en/plp/rent/villa-for-rent-northern-governorate-hamala-56009260.html,2026-08-10T20:51:18.479280+00:00,2026-08-26T23:12:42.541291+00:00,16,2026-08-26T23:12:42.541291+00:00
2026-08-28,removed,56009281,,,Apartment,LIVE in LUXURY | 3BHK+MAIDS | NAVY APPROVED,1700.0,,,,BHD,monthly,,,,,,,,,,,26.239999771118164,50.5369987487793,,,,Rolin Faouri,,YES,,,,,https://www.propertyfinder.bh/en/plp/rent/apartment-for-rent-capital-governorate-seef-56009281.html,2026-08-10T20:51:18.479280+00:00,2026-08-26T23:12:42.541291+00:00,16,2026-08-26T23:12:42.541291+00:00
2026-08-28,removed,56009292,,,Apartment,HUGE SPACE | LUXURY | 3BR | TOP-QUALITY | SEA VIEW,1400.0,,,,BHD,monthly,,,,,,,,,,,26.239999771118164,50.5369987487793,,,,Rolin Faouri,,YES,,,,,https://www.propertyfinder.bh/en/plp/rent/apartment-for-rent-capital-governorate-seef-56009292.html,2026-08-10T20:51:18.479280+00:00,2026-08-26T23:12:42.541291+00:00,16,2026-08-26T23:12:42.541291+00:00
2026-08-28,removed,56009307,,,Land,RB ZONED LAND | STRATEGIC JID ALI AREA,332700.0,,,,BHD,sell,,,,,,,,,,,26.179166793823242,50.56222152709961,,,,Rolin Faouri,,,,,,,https://www.propertyfinder.bh/en/plp/buy/land-for-sale-central-governorate-jid-ali-56009307.html,2026-08-10T20:51:18.479280+00:00,2026-08-26T23:12:42.541291+00:00,16,2026-08-26T23:12:42.541291+00:00
2026-08-28,removed,56009312,,,Apartment,BALCONY | SPACIOUS 2BHK | TOP-TIER FACILITIES,650.0,,,,BHD,monthly,,,,,,,,,,,26.239999771118164,50.5369987487793,,,,Zuhair Tlili,,YES,,,,,https://www.propertyfinder.bh/en/plp/rent/apartment-for-rent-capital-governorate-seef-56009312.html,2026-08-10T20:51:18.479280+00:00,2026-08-26T23:12:42.541291+00:00,16,2026-08-26T23:12:42.541291+00:00
2026-08-28,removed,56009324,,,Villa,LUXURY AND COMFORT | PRESTIGIOUS AREA | MODERN 4BR,270000.0,,,,BHD,sell,,,,,,,,Saraya 2,,,26.19185447692871,50.509178161621094,,,,Yumna Awad,,NO,completed_primary,,,,https://www.propertyfinder.bh/en/plp/buy/villa-for-sale-northern-governorate-bu-quwah-saraya-2-56009324.html,2026-08-10T20:51:18.479280+00:00,2026-08-26T23:12:42.541291+00:00,16,2026-08-26T23:12:42.541291+00:00
2026-08-28,removed,56009334,,,Office Space,BRAND NEW OFFICE | PANORAMIC CITY VIEW | 90 SQM,600.0,,,,BHD,monthly,,,,,,,,,,,26.239999771118164,50.5369987487793,,,,Rolin Faouri,,NO,,,,,https://www.propertyfinder.bh/en/plp/commercial-rent/office-space-for-rent-capital-governorate-seef-56009334.html,2026-08-10T20:51:18.479280+00:00,2026-08-26T23:12:42.541291+00:00,16,2026-08-26T23:12:42.541291+00:00
2026-08-28,removed,56009336,,,Office Space,BRAND NEW OFFICE | PANORAMIC VIEW | PRIME SEEF,450.0,,,,BHD,monthly,,,,,,,,,,,26.239999771118164,50.5369987487793,,,,Rolin Faouri,,PARTLY,,,,,https://www.propertyfinder.bh/en/plp/commercial-rent/office-space-for-rent-capital-governorate-seef-56009336.html,2026-08-10T20:51:18.479280+00:00,2026-08-26T23:12:42.541291+00:00,16,2026-08-26T23:12:42.541291+00:00
2026-08-28,removed,56009340,,,Villa,SPACIOUS 4BHK | PRIVATE GARDEN | GREAT FACILITIES,800.0,,,,BHD,monthly,,,,,,,,,,,26.19164276123047,50.48757553100586,,,,Irina Matvievici,,PARTLY,,,,,https://www.propertyfinder.bh/en/plp/rent/villa-for-rent-northern-governorate-saar-56009340.html,2026-08-10T20:51:18.479280+00:00,2026-08-26T23:12:42.541291+00:00,16,2026-08-26T23:12:42.541291+00:00
2026-08-28,removed,56009349,,,Apartment,CONVINIENT 2BHD | OPEN KITCHEN | NEAR ST. CHRIS,350.0,,,,BHD,monthly,,,,,,,,,,,26.19164276123047,50.48757553100586,,,,Irina Matvievici,,PARTLY,,,,,https://www.propertyfinder.bh/en/plp/rent/apartment-for-rent-northern-governorate-saar-56009349.html,2026-08-10T20:51:18.479280+00:00,2026-08-26T23:12:42.541291+00:00,16,2026-08-26T23:12:42.541291+00:00
2026-08-28,removed,56009362,,,Villa,FAMILY COMPOUND | AFFORDABLE 4BHK | near BSB,900.0,,,,BHD,monthly,,,,,,,,,,,26.185943603515625,50.46711349487305,,,,Irina Matvievici,,PARTLY,,,,,https://www.propertyfinder.bh/en/plp/rent/villa-for-rent-northern-governorate-janabiya-56009362.html,2026-08-10T20:51:18.479280+00:00,2026-08-26T23:12:42.541291+00:00,16,2026-08-26T23:12:42.541291+00:00
2026-08-28,removed,56009622,,,Villa,LUXURY| 5BHK| COMPOUND VILLA| POOL| SECURITY| MY,450.0,,,,BHD,monthly,,,,,,,,,,,26.1314754486084,50.568843841552734,,,,Nayla Tabussam,,NO,,,,,https://www.propertyfinder.bh/en/plp/rent/villa-for-rent-southern-governorate-riffa-bu-kowarah-56009622.html,2026-08-10T20:51:18.479280+00:00,2026-08-26T23:12:42.541291+00:00,16,2026-08-26T23:12:42.541291+00:00
2026-08-28,removed,56037129,,,Villa,INCLUSIVE | FURNISHED 3BHK | PREMIUM FACILITIES,1000.0,,,,BHD,monthly,,,,,,,,,,,26.185943603515625,50.46711349487305,,,,Irina Matvievici,,YES,,,,,https://www.propertyfinder.bh/en/plp/rent/villa-for-rent-northern-governorate-janabiya-56037129.html,2026-08-11T20:53:57.097427+00:00,2026-08-26T23:12:42.541291+00:00,15,2026-08-26T23:12:42.541291+00:00
2026-08-28,removed,56037149,,,Office Space,MODERN | FITTED | 3ROOMS | OFFICE SPACE,640.0,,,,BHD,monthly,,,,,,,,,,,26.239999771118164,50.5369987487793,,,,Rolin Faouri,,YES,,,,,https://www.propertyfinder.bh/en/plp/commercial-rent/office-space-for-rent-capital-governorate-seef-56037149.html,2026-08-11T20:53:57.097427+00:00,2026-08-26T23:12:42.541291+00:00,15,2026-08-26T23:12:42.541291+00:00
2026-08-28,removed,56037152,,,Office Space,BRAND NEW | PREMIUM OFFICE SPACE | PRIME LOCATION,1350.0,,,,BHD,monthly,,,,,,,,,,,26.239999771118164,50.5369987487793,,,,Rolin Faouri,,PARTLY,,,,,https://www.propertyfinder.bh/en/plp/commercial-rent/office-space-for-rent-capital-governorate-seef-56037152.html,2026-08-11T20:53:57.097427+00:00,2026-08-26T23:12:42.541291+00:00,15,2026-08-26T23:12:42.541291+00:00
2026-08-28,removed,56037172,,,Villa,LUXURIOUS 3BR VILLA | PRIVATE POOL | NAVY APPROVED,900.0,,,,BHD,monthly,,,,,,,,,,,26.21263313293457,50.67418670654297,,,,Zuhair Tlili,,YES,,,,,https://www.propertyfinder.bh/en/plp/rent/villa-for-rent-muharraq-governorate-hidd-56037172.html,2026-08-11T20:53:57.097427+00:00,2026-08-26T23:12:42.541291+00:00,15,2026-08-26T23:12:42.541291+00:00
2026-08-28,removed,56037215,,,Apartment,BRAND NEW 1BHK | STYLISH INTERIORS | BEST PRICE,60000.0,,,,BHD,sell,,,,,,,,,,,26.239999771118164,50.5369987487793,,,,Rolin Faouri,,PARTLY,completed,,,,https://www.propertyfinder.bh/en/plp/buy/apartment-for-sale-capital-governorate-seef-56037215.html,2026-08-11T20:53:57.097427+00:00,2026-08-26T23:12:42.541291+00:00,15,2026-08-26T23:12:42.541291+00:00
2026-08-28,removed,56037221,,,Villa,FULLY RENOVATED | MODERN | LUXURY | 4BHK VILLA,1200.0,,,,BHD,monthly,,,,,,,,,,,26.166685104370117,50.45078659057617,,,,Yumna Awad,,PARTLY,,,,,https://www.propertyfinder.bh/en/plp/rent/villa-for-rent-northern-governorate-al-jasra-56037221.html,2026-08-11T20:53:57.097427+00:00,2026-08-26T23:12:42.541291+00:00,15,2026-08-26T23:12:42.541291+00:00
2026-08-28,removed,56037235,,,Apartment,Beautiful studio/Affordable/For Rent/Ready to Move,250.0,,,,BHD,monthly,,,,,,,,Sanabis,,,26.226558685302734,50.5459098815918,,,,Dafina Muca,,YES,,,,,https://www.propertyfinder.bh/en/plp/rent/apartment-for-rent-capital-governorate-manama-sanabis-56037235.html,2026-08-11T20:53:57.097427+00:00,2026-08-26T23:12:42.541291+00:00,15,2026-08-26T23:12:42.541291+00:00
2026-08-28,removed,56037237,,,Villa,PREMIUM 4BHK VILLA | HIGH CEILING | PRIVATE POOL,230000.0,,,,BHD,sell,,,,,,,,,,,26.19164276123047,50.48757553100586,,,,Yumna Awad,,PARTLY,completed_primary,,,,https://www.propertyfinder.bh/en/plp/buy/villa-for-sale-northern-governorate-saar-56037237.html,2026-08-11T20:53:57.097427+00:00,2026-08-26T23:12:42.541291+00:00,15,2026-08-26T23:12:42.541291+00:00
2026-08-28,removed,56037257,,,Apartment,STYLISH STUDIO | BIG BALCONY | MODERN FACILITIES,280.0,,,,BHD,monthly,,,,,,,,,,,26.211111068725586,50.601112365722656,,,,Rolin Faouri,,YES,,,,,https://www.propertyfinder.bh/en/plp/rent/apartment-for-rent-capital-governorate-al-juffair-56037257.html,2026-08-11T20:53:57.097427+00:00,2026-08-26T23:12:42.541291+00:00,15,2026-08-26T23:12:42.541291+00:00
2026-08-28,removed,56037260,,,Villa,PREMIUM FAMILY VILLA | PRIVATE POOL | MODERN 4BHK,280000.0,,,,BHD,sell,,,,,,,,,,,26.20011329650879,50.46629333496094,,,,Yumna Awad,,PARTLY,completed_primary,,,,https://www.propertyfinder.bh/en/plp/buy/villa-for-sale-northern-governorate-al-qurayyah-56037260.html,2026-08-11T20:53:57.097427+00:00,2026-08-26T23:12:42.541291+00:00,15,2026-08-26T23:12:42.541291+00:00
2026-08-28,removed,56037262,,,Villa,EXTRAORDINARY VILLA | WORLD-CLASS FACILITIES | 3BR,165000.0,,,,BHD,sell,,,,,,,,,,,25.833925247192383,50.613853454589844,,,,Yumna Awad,,PARTLY,completed,,,,https://www.propertyfinder.bh/en/plp/buy/villa-for-sale-southern-governorate-durrat-al-bahrain-56037262.html,2026-08-11T20:53:57.097427+00:00,2026-08-26T23:12:42.541291+00:00,15,2026-08-26T23:12:42.541291+00:00
2026-08-28,removed,56037276,,,Apartment,Beautiful Studio for rent / Ready to move in !,340.0,,,,BHD,monthly,,,,,,,,,,,26.239999771118164,50.5369987487793,,,,Dafina Muca,,YES,,,,,https://www.propertyfinder.bh/en/plp/rent/apartment-for-rent-capital-governorate-seef-56037276.html,2026-08-11T20:53:57.097427+00:00,2026-08-26T23:12:42.541291+00:00,15,2026-08-26T23:12:42.541291+00:00
2026-08-28,removed,56037293,,,Apartment,GOOD OFFER 3 BR with Balcony Inclusive,600.0,,,,BHD,monthly,,,,,,,,,,,26.239999771118164,50.5369987487793,,,,Dafina Muca,,YES,,,,,https://www.propertyfinder.bh/en/plp/rent/apartment-for-rent-capital-governorate-seef-56037293.html,2026-08-11T20:53:57.097427+00:00,2026-08-26T23:12:42.541291+00:00,15,2026-08-26T23:12:42.541291+00:00
2026-08-28,removed,56037313,,,Villa,Furnished Brand New villa for Rent/Ready to move,850.0,,,,BHD,monthly,,,,,,,,,,,26.185943603515625,50.46711349487305,,,,Dafina Muca,,YES,,,,,https://www.propertyfinder.bh/en/plp/rent/villa-for-rent-northern-governorate-janabiya-56037313.html,2026-08-11T20:53:57.097427+00:00,2026-08-26T23:12:42.541291+00:00,15,2026-08-26T23:12:42.541291+00:00
2026-08-28,removed,56037368,,,Apartment,LUXURY 2BHK | MODERN FURNISHING | PRIME LOCATION,1000.0,,,,BHD,monthly,,,,,,,,,,,26.249584197998047,50.580360412597656,,,,Rolin Faouri,,YES,,,,,https://www.propertyfinder.bh/en/plp/rent/apartment-for-rent-capital-governorate-bahrain-bay-56037368.html,2026-08-11T20:53:57.097427+00:00,2026-08-26T23:12:42.541291+00:00,15,2026-08-26T23:12:42.541291+00:00
2026-08-28,removed,56037375,,,Apartment,FURNISHED STUDIO | HIGH ROI | BIG BALCONY,33000.0,,,,BHD,sell,,,,,,,,,,,26.211111068725586,50.601112365722656,,,,Rolin Faouri,,YES,completed,,,,https://www.propertyfinder.bh/en/plp/buy/apartment-for-sale-capital-governorate-al-juffair-56037375.html,2026-08-11T20:53:57.097427+00:00,2026-08-26T23:12:42.541291+00:00,15,2026-08-26T23:12:42.541291+00:00
2026-08-28,removed,56037382,,,Villa,LUXURIOUS SEAFRONT | LUXURY VILLA | 4BHK,420000.0,,,,BHD,sell,,,,,,,,,,,25.833925247192383,50.613853454589844,,,,Yumna Awad,,YES,completed,,,,https://www.propertyfinder.bh/en/plp/buy/villa-for-sale-southern-governorate-durrat-al-bahrain-56037382.html,2026-08-11T20:53:57.097427+00:00,2026-08-26T23:12:42.541291+00:00,15,2026-08-26T23:12:42.541291+00:00
2026-08-28,removed,56037393,,,Villa,EXCLUSIVE 4BHK VILLA | POOL and GARDEN | BRAND NEW,2200.0,,,,BHD,monthly,,,,,,,,,,,26.19164276123047,50.48757553100586,,,,Yumna Awad,,PARTLY,,,,,https://www.propertyfinder.bh/en/plp/rent/villa-for-rent-northern-governorate-saar-56037393.html,2026-08-11T20:53:57.097427+00:00,2026-08-26T23:12:42.541291+00:00,15,2026-08-26T23:12:42.541291+00:00
2026-08-28,removed,56037397,,,Villa,LUXURY BRAND-NEW 4BHK VILLA | PREMIUM QUALITY,165000.0,,,,BHD,sell,,,,,,,,,,,26.21023941040039,50.49468231201172,,,,Yumna Awad,,NO,completed_primary,,,,https://www.propertyfinder.bh/en/plp/buy/villa-for-sale-northern-governorate-maqabah-56037397.html,2026-08-11T20:53:57.097427+00:00,2026-08-26T23:12:42.541291+00:00,15,2026-08-26T23:12:42.541291+00:00
2026-08-28,removed,56037402,,,Office Space,FURNISHED OFFICE | 4 ROOMS | SEEF,600.0,,,,BHD,monthly,,,,,,,,,,,26.239999771118164,50.5369987487793,,,,Rolin Faouri,,YES,,,,,https://www.propertyfinder.bh/en/plp/commercial-rent/office-space-for-rent-capital-governorate-seef-56037402.html,2026-08-11T20:53:57.097427+00:00,2026-08-26T23:12:42.541291+00:00,15,2026-08-26T23:12:42.541291+00:00
2026-08-28,removed,56037435,,,Villa,BRAND NEW | STANDALONE VILLA | EXCEPTIONAL | 6BHK,340000.0,,,,BHD,sell,,,,,,,,,,,26.19164276123047,50.48757553100586,,,,Irina Matvievici,,PARTLY,completed_primary,,,,https://www.propertyfinder.bh/en/plp/buy/villa-for-sale-northern-governorate-saar-56037435.html,2026-08-11T20:53:57.097427+00:00,2026-08-26T23:12:42.541291+00:00,15,2026-08-26T23:12:42.541291+00:00
2026-08-28,removed,56037440,,,Apartment,3BHK | MAID ROOM | LUXURY FURNISHED | HOT DEAL!,105000.0,,,,BHD,sell,,,,,,,,,,,26.211111068725586,50.601112365722656,,,,Rolin Faouri,,YES,completed,,,,https://www.propertyfinder.bh/en/plp/buy/apartment-for-sale-capital-governorate-al-juffair-56037440.html,2026-08-11T20:53:57.097427+00:00,2026-08-26T23:12:42.541291+00:00,15,2026-08-26T23:12:42.541291+00:00
2026-08-28,removed,56037472,,,Villa,SPACIOUS FAMILY VILLA | 3BHK | PRIME LOCATION,750.0,,,,BHD,monthly,,,,,,,,,,,26.166685104370117,50.45078659057617,,,,Yumna Awad,,PARTLY,,,,,https://www.propertyfinder.bh/en/plp/rent/villa-for-rent-northern-governorate-al-jasra-56037472.html,2026-08-11T20:53:57.097427+00:00,2026-08-26T23:12:42.541291+00:00,15,2026-08-26T23:12:42.541291+00:00
2026-08-28,removed,56037511,,,Land,RHA CORNER LAND | TWO STREET ACCESS | GREAT VALUE,77500.0,,,,BHD,sell,,,,,,,,,,,26.202558517456055,50.519554138183594,,,,Yumna Awad,,,,,,,https://www.propertyfinder.bh/en/plp/buy/land-for-sale-northern-governorate-bu-quwah-56037511.html,2026-08-11T20:53:57.097427+00:00,2026-08-26T23:12:42.541291+00:00,15,2026-08-26T23:12:42.541291+00:00
2026-08-28,removed,56037518,,,Villa,VILLA 4BHK | SPACIOUS LAYOUT | GREAT LOCATION,165000.0,,,,BHD,sell,,,,,,,,,,,26.27199935913086,50.60900115966797,,,,Zuhair Tlili,,NO,completed,,,,https://www.propertyfinder.bh/en/plp/buy/villa-for-sale-muharraq-governorate-busaiteen-56037518.html,2026-08-11T20:53:57.097427+00:00,2026-08-26T23:12:42.541291+00:00,15,2026-08-26T23:12:42.541291+00:00
2026-08-28,removed,56037524,,,Duplex,DUPLEX 1BHK | SEEF | SPACIOUS | FREE WIFI,400.0,,,,BHD,monthly,,,,,,,,,,,26.239999771118164,50.5369987487793,,,,Zuhair Tlili,,YES,,,,,https://www.propertyfinder.bh/en/plp/rent/duplex-for-rent-capital-governorate-seef-56037524.html,2026-08-11T20:53:57.097427+00:00,2026-08-26T23:12:42.541291+00:00,15,2026-08-26T23:12:42.541291+00:00
2026-08-28,removed,56037582,,,Land,RESIDENTIAL LAND | MOH | ISA TOWN | 493 SQM,123000.0,,,,BHD,sell,,,,,,,,,,,26.16529655456543,50.552181243896484,,,,Rolin Faouri,,,,,,,https://www.propertyfinder.bh/en/plp/buy/land-for-sale-central-governorate-isa-town-56037582.html,2026-08-11T20:53:57.097427+00:00,2026-08-26T23:12:42.541291+00:00,15,2026-08-26T23:12:42.541291+00:00
2026-08-28,removed,56037585,,,Apartment,FULLY FURNISHED | 3BHK | MODERN,600.0,,,,BHD,monthly,,,,,,,,,,,26.185943603515625,50.46711349487305,,,,Yumna Awad,,YES,,,,,https://www.propertyfinder.bh/en/plp/rent/apartment-for-rent-northern-governorate-janabiya-56037585.html,2026-08-11T20:53:57.097427+00:00,2026-08-26T23:12:42.541291+00:00,15,2026-08-26T23:12:42.541291+00:00
2026-08-28,removed,56037600,,,Apartment,MODERN 2BHK | SEA VIEW | BEACH ACCESS,650.0,,,,BHD,monthly,,,,,,,,Diyar Al Muharraq,Marassi Shores Residences,,26.303447723388672,50.6461296081543,,,,Rolin Faouri,,YES,,,,,https://www.propertyfinder.bh/en/plp/rent/apartment-for-rent-muharraq-governorate-diyar-al-muharraq-marassi-shores-residences-56037600.html,2026-08-11T20:53:57.097427+00:00,2026-08-26T23:12:42.541291+00:00,15,2026-08-26T23:12:42.541291+00:00
2026-08-28,removed,56037615,,,Apartment,PRIME SAAR | 2BHK APARTMENT FOR SALE,52000.0,,,,BHD,sell,,,,,,,,,,,26.19164276123047,50.48757553100586,,,,Yumna Awad,,YES,completed,,,,https://www.propertyfinder.bh/en/plp/buy/apartment-for-sale-northern-governorate-saar-56037615.html,2026-08-11T20:53:57.097427+00:00,2026-08-26T23:12:42.541291+00:00,15,2026-08-26T23:12:42.541291+00:00
2026-08-28,removed,56037645,,,Land,RHA RESIDENTIAL LAND | IDEAL INVESTMENT,49000.0,,,,BHD,sell,,,,,,,,,,,26.140336990356445,50.478271484375,,,,Yumna Awad,,,,,,,https://www.propertyfinder.bh/en/plp/buy/land-for-sale-northern-governorate-hamala-56037645.html,2026-08-11T20:53:57.097427+00:00,2026-08-26T23:12:42.541291+00:00,15,2026-08-26T23:12:42.541291+00:00
2026-08-28,removed,56037657,,,Apartment,JANABIYAH | 1BHK FULLY FURNISHED | POOL & GYM,400.0,,,,BHD,monthly,,,,,,,,,,,26.185943603515625,50.46711349487305,,,,Yumna Awad,,YES,,,,,https://www.propertyfinder.bh/en/plp/rent/apartment-for-rent-northern-governorate-janabiya-56037657.html,2026-08-11T20:53:57.097427+00:00,2026-08-26T23:12:42.541291+00:00,15,2026-08-26T23:12:42.541291+00:00
2026-08-28,removed,56037684,,,Villa,STUNNING | MODERN STAND-ALONE VILLA | PRIVATE POOL,290000.0,,,,BHD,sell,,,,,,,,,,,26.185943603515625,50.46711349487305,,,,Irina Matvievici,,NO,completed_primary,,,,https://www.propertyfinder.bh/en/plp/buy/villa-for-sale-northern-governorate-janabiya-56037684.html,2026-08-11T20:53:57.097427+00:00,2026-08-26T23:12:42.541291+00:00,15,2026-08-26T23:12:42.541291+00:00
2026-08-28,removed,56037691,,,Villa,SPACIOUS and WELL DESIGNED | 5BHK | PASSIVE INCOME,340000.0,,,,BHD,sell,,,,,,,,Alhajiyat,,,26.128984451293945,50.58171463012695,,,,Yumna Awad,,NO,completed,,,,https://www.propertyfinder.bh/en/plp/buy/villa-for-sale-southern-governorate-riffa-alhajiyat-56037691.html,2026-08-11T20:53:57.097427+00:00,2026-08-26T23:12:42.541291+00:00,15,2026-08-26T23:12:42.541291+00:00
2026-08-28,removed,56037717,,,Villa,MODERN LUXURY | BRAND NEW 5BHK | 24/7 SECURITY,434700.0,,,,BHD,sell,,,,,,,,Riffa Views,,,26.097333908081055,50.56736373901367,,,,Yumna Awad,,NO,completed_primary,,,,https://www.propertyfinder.bh/en/plp/buy/villa-for-sale-southern-governorate-riffa-riffa-views-56037717.html,2026-08-11T20:53:57.097427+00:00,2026-08-26T23:12:42.541291+00:00,15,2026-08-26T23:12:42.541291+00:00
2026-08-28,removed,56037728,,,Apartment,BALCONY | SPACIOUS 1BHK | PRIME LOCATION | MODERN,52000.0,,,,BHD,sell,,,,,,,,,,,26.211111068725586,50.601112365722656,,,,Rolin Faouri,,YES,completed,,,,https://www.propertyfinder.bh/en/plp/buy/apartment-for-sale-capital-governorate-al-juffair-56037728.html,2026-08-11T20:53:57.097427+00:00,2026-08-26T23:12:42.541291+00:00,15,2026-08-26T23:12:42.541291+00:00
2026-08-28,removed,56037762,,,Villa,787 SQM | REAL SPACIOUS 5BR VILLA | 4 LIVING ROOMS,285000.0,,,,BHD,sell,,,,,,,,Riffa Al Sharqi,,,26.1162166595459,50.57211685180664,,,,Yumna Awad,,NO,completed,,,,https://www.propertyfinder.bh/en/plp/buy/villa-for-sale-southern-governorate-riffa-riffa-al-sharqi-56037762.html,2026-08-11T20:53:57.097427+00:00,2026-08-26T23:12:42.541291+00:00,15,2026-08-26T23:12:42.541291+00:00
2026-08-28,removed,56037823,,,Villa,PRIME LOCATION | LOWEST PRICE FOR 6BHK VILLA!!,120000.0,,,,BHD,sell,,,,,,,,Alhajiyat,,,26.128984451293945,50.58171463012695,,,,Yumna Awad,,NO,completed,,,,https://www.propertyfinder.bh/en/plp/buy/villa-for-sale-southern-governorate-riffa-alhajiyat-56037823.html,2026-08-11T20:53:57.097427+00:00,2026-08-26T23:12:42.541291+00:00,15,2026-08-26T23:12:42.541291+00:00
2026-08-28,removed,56037856,,,Villa,PRIVATE POOL | BRAND NEW 4BHK | LUXURIOUS VILLA,1500.0,,,,BHD,monthly,,,,,,,,,,,26.049766540527344,50.48331069946289,,,,Yumna Awad,,NO,,,,,https://www.propertyfinder.bh/en/plp/rent/villa-for-rent-southern-governorate-zallaq-56037856.html,2026-08-11T20:53:57.097427+00:00,2026-08-26T23:12:42.541291+00:00,15,2026-08-26T23:12:42.541291+00:00
2026-08-28,removed,56037906,,,Land,RESIDENTIAL LAND | RA | TUBLI | 500 SQM,123800.0,,,,BHD,sell,,,,,,,,,,,26.188888549804688,50.54999923706055,,,,Rolin Faouri,,,,,,,https://www.propertyfinder.bh/en/plp/buy/land-for-sale-central-governorate-tubli-56037906.html,2026-08-11T20:53:57.097427+00:00,2026-08-26T23:12:42.541291+00:00,15,2026-08-26T23:12:42.541291+00:00
2026-08-28,removed,56037912,,,Apartment,BRAND NEW | 3BHK | GYM | MODERN,55000.0,,,,BHD,sell,,,,,,,,,,,26.185943603515625,50.46711349487305,,,,Yumna Awad,,NO,completed_primary,,,,https://www.propertyfinder.bh/en/plp/buy/apartment-for-sale-northern-governorate-janabiya-56037912.html,2026-08-11T20:53:57.097427+00:00,2026-08-26T23:12:42.541291+00:00,15,2026-08-26T23:12:42.541291+00:00
2026-08-28,removed,56037919,,,Apartment,3 BHK LUXURY APARTMENT | FULLY FURNISHED,650.0,,,,BHD,monthly,,,,,,,,Sanabis,,,26.226558685302734,50.5459098815918,,,,Rolin Faouri,,YES,,,,,https://www.propertyfinder.bh/en/plp/rent/apartment-for-rent-capital-governorate-manama-sanabis-56037919.html,2026-08-11T20:53:57.097427+00:00,2026-08-26T23:12:42.541291+00:00,15,2026-08-26T23:12:42.541291+00:00
2026-08-28,removed,56037972,,,Apartment,SEA VIEW | STUNNING STUDIO | MODERN AMENITIES,42000.0,,,,BHD,sell,,,,,,,,,,,26.211111068725586,50.601112365722656,,,,Rolin Faouri,,YES,completed,,,,https://www.propertyfinder.bh/en/plp/buy/apartment-for-sale-capital-governorate-al-juffair-56037972.html,2026-08-11T20:53:57.097427+00:00,2026-08-26T23:12:42.541291+00:00,15,2026-08-26T23:12:42.541291+00:00
2026-08-28,removed,56037981,,,Apartment,AFFORDABLE 2BHK | GREAT FOR INVESTMENT | FURNISHED,73000.0,,,,BHD,sell,,,,,,,,,,,26.211111068725586,50.601112365722656,,,,Rolin Faouri,,YES,completed,,,,https://www.propertyfinder.bh/en/plp/buy/apartment-for-sale-capital-governorate-al-juffair-56037981.html,2026-08-11T20:53:57.097427+00:00,2026-08-26T23:12:42.541291+00:00,15,2026-08-26T23:12:42.541291+00:00
2026-08-28,removed,56037988,,,Apartment,LUXURY 4BHK | PREMIUM FINISHES | SEPARATE MAJLIS,78000.0,,,,BHD,sell,,,,,,,,Riffa Al Sharqi,,,26.1162166595459,50.57211685180664,,,,Yumna Awad,,NO,completed_primary,,,,https://www.propertyfinder.bh/en/plp/buy/apartment-for-sale-southern-governorate-riffa-riffa-al-sharqi-56037988.html,2026-08-11T20:53:57.097427+00:00,2026-08-26T23:12:42.541291+00:00,15,2026-08-26T23:12:42.541291+00:00
2026-08-28,removed,56038003,,,Apartment,GOOD LOCATION | AFFORDABLE 2BHK | NEAR SCHOOL,280.0,,,,BHD,monthly,,,,,,,,Al Bahair,,,26.149368286132812,50.56598663330078,,,,Yumna Awad,,NO,,,,,https://www.propertyfinder.bh/en/plp/rent/apartment-for-rent-southern-governorate-riffa-al-bahair-56038003.html,2026-08-11T20:53:57.097427+00:00,2026-08-26T23:12:42.541291+00:00,15,2026-08-26T23:12:42.541291+00:00
2026-08-28,removed,56038009,,,Villa,LUXURY VILLA | 3BHK + MAIDS ROOM | BRAND NEW,139000.0,,,,BHD,sell,,,,,,,,,,,26.213165283203125,50.447471618652344,,,,Yumna Awad,,YES,completed_primary,,,,https://www.propertyfinder.bh/en/plp/buy/villa-for-sale-northern-governorate-budaiya-56038009.html,2026-08-11T20:53:57.097427+00:00,2026-08-26T23:12:42.541291+00:00,15,2026-08-26T23:12:42.541291+00:00
2026-08-28,removed,56038026,,,Villa,STUNNING and SPACIOUS | 5BHK VILLA | LUXURIOUS,220000.0,,,,BHD,sell,,,,,,,,,,,26.05678367614746,50.61648178100586,,,,Yumna Awad,,NO,completed,,,,https://www.propertyfinder.bh/en/plp/buy/villa-for-sale-southern-governorate-askar-56038026.html,2026-08-11T20:53:57.097427+00:00,2026-08-26T23:12:42.541291+00:00,15,2026-08-26T23:12:42.541291+00:00
2026-08-28,removed,56038085,,,Villa,BRAND NEW | 4BHK VILLA | MODERN | MAIDS ROOM,128000.0,,,,BHD,sell,,,,,,,,,,,26.140336990356445,50.478271484375,,,,Yumna Awad,,NO,completed,,,,https://www.propertyfinder.bh/en/plp/buy/villa-for-sale-northern-governorate-hamala-56038085.html,2026-08-11T20:53:57.097427+00:00,2026-08-26T23:12:42.541291+00:00,15,2026-08-26T23:12:42.541291+00:00
2026-08-28,removed,56038129,,,Apartment,INVEST NOW | FREEHOLD 1BHK | MARASSI VISTA,180000.0,,,,BHD,sell,,,,,,,,Diyar Al Muharraq,,,26.303447723388672,50.6461296081543,,,,Rolin Faouri,,YES,completed,,,,https://www.propertyfinder.bh/en/plp/buy/apartment-for-sale-muharraq-governorate-diyar-al-muharraq-marassi-al-bahrain-56038129.html,2026-08-11T20:53:57.097427+00:00,2026-08-26T23:12:42.541291+00:00,15,2026-08-26T23:12:42.541291+00:00
2026-08-28,removed,56038134,,,Apartment,SERVICE APARTMENT | HIGH ROI | ADDRESS VISTA,160000.0,,,,BHD,sell,,,,,,,,Diyar Al Muharraq,,,26.303447723388672,50.6461296081543,,,,Rolin Faouri,,YES,completed,,,,https://www.propertyfinder.bh/en/plp/buy/apartment-for-sale-muharraq-governorate-diyar-al-muharraq-marassi-al-bahrain-56038134.html,2026-08-11T20:53:57.097427+00:00,2026-08-26T23:12:42.541291+00:00,15,2026-08-26T23:12:42.541291+00:00
2026-08-28,removed,56038145,,,Apartment,BRAND NEW 2BHK | FACILITIES | BALCONY | MODERN,380.0,,,,BHD,monthly,,,,,,,,,,,26.185943603515625,50.46711349487305,,,,Irina Matvievici,,PARTLY,,,,,https://www.propertyfinder.bh/en/plp/rent/apartment-for-rent-northern-governorate-janabiya-56038145.html,2026-08-11T20:53:57.097427+00:00,2026-08-26T23:12:42.541291+00:00,15,2026-08-26T23:12:42.541291+00:00
2026-08-28,removed,56038165,,,Apartment,PREMIUM STUDIO | TOP FACILITIES | HIGH-END LIVING,400.0,,,,BHD,monthly,,,,,,,,,,,26.241750717163086,50.5663948059082,,,,Rolin Faouri,,YES,,,,,https://www.propertyfinder.bh/en/plp/rent/apartment-for-rent-capital-governorate-reef-island-56038165.html,2026-08-11T20:53:57.097427+00:00,2026-08-26T23:12:42.541291+00:00,15,2026-08-26T23:12:42.541291+00:00
2026-08-28,removed,56038172,,,Apartment,LUXURY STUDIO | GREAT FACILITIES | HIGH DEMAND,270.0,,,,BHD,monthly,,,,,,,,,,,26.239999771118164,50.5369987487793,,,,Rolin Faouri,,YES,,,,,https://www.propertyfinder.bh/en/plp/rent/apartment-for-rent-capital-governorate-seef-56038172.html,2026-08-11T20:53:57.097427+00:00,2026-08-26T23:12:42.541291+00:00,15,2026-08-26T23:12:42.541291+00:00
2026-08-28,removed,56038183,,,Apartment,SEA and BEACHSIDE | FREEHOLD | MARASSI PARK,90000.0,,,,BHD,sell,,,,,,,,Diyar Al Muharraq,,,26.303447723388672,50.6461296081543,,,,Rolin Faouri,,YES,completed,,,,https://www.propertyfinder.bh/en/plp/buy/apartment-for-sale-muharraq-governorate-diyar-al-muharraq-marassi-al-bahrain-56038183.html,2026-08-11T20:53:57.097427+00:00,2026-08-26T23:12:42.541291+00:00,15,2026-08-26T23:12:42.541291+00:00
2026-08-28,removed,56038194,,,Apartment,2BHK | MODERN | STYLISH | PRIME SEEF LOCATION,470.0,,,,BHD,monthly,,,,,,,,,,,26.239999771118164,50.5369987487793,,,,Rolin Faouri,,YES,,,,,https://www.propertyfinder.bh/en/plp/rent/apartment-for-rent-capital-governorate-seef-56038194.html,2026-08-11T20:53:57.097427+00:00,2026-08-26T23:12:42.541291+00:00,15,2026-08-26T23:12:42.541291+00:00
2026-08-28,removed,56038200,,,Apartment,BRAND NEW | HOUSE KEEPING | GREAT LOCATION | 2BHK,700.0,,,,BHD,monthly,,,,,,,,,,,26.239999771118164,50.5369987487793,,,,Zuhair Tlili,,YES,,,,,https://www.propertyfinder.bh/en/plp/rent/apartment-for-rent-capital-governorate-seef-56038200.html,2026-08-11T20:53:57.097427+00:00,2026-08-26T23:12:42.541291+00:00,15,2026-08-26T23:12:42.541291+00:00
2026-08-28,removed,56038202,,,Land,Diyar Al Anaid - Ideal Spaces & Competitive Prices,71494.0,,,,BHD,sell,,,,,,,,,,,26.06790542602539,50.50537109375,,,,Mahmood Mohamed,,,,,,,https://www.propertyfinder.bh/en/plp/buy/land-for-sale-northern-governorate-dar-kulaib-56038202.html,2026-08-11T20:53:57.097427+00:00,2026-08-26T23:12:42.541291+00:00,15,2026-08-26T23:12:42.541291+00:00
2026-08-28,removed,56038239,,,Apartment,PETS ALLOWED | AFFORDABLE 4BHK | GREAT FACILITIES,850.0,,,,BHD,monthly,,,,,,,,,,,26.211111068725586,50.601112365722656,,,,Rolin Faouri,,YES,,,,,https://www.propertyfinder.bh/en/plp/rent/apartment-for-rent-capital-governorate-al-juffair-56038239.html,2026-08-11T20:53:57.097427+00:00,2026-08-26T23:12:42.541291+00:00,15,2026-08-26T23:12:42.541291+00:00
2026-08-28,removed,56038252,,,Penthouse,SEA VIEW | BIG TERRACE | F-FURNISHED | PETS ALLOW,550.0,,,,BHD,monthly,,,,,,,,Amwaj Avenue,,,26.29302978515625,50.66474151611328,,,,Rolin Faouri,,YES,,,,,https://www.propertyfinder.bh/en/plp/rent/penthouse-for-rent-muharraq-governorate-amwaj-islands-amwaj-avenue-56038252.html,2026-08-11T20:53:57.097427+00:00,2026-08-26T23:12:42.541291+00:00,15,2026-08-26T23:12:42.541291+00:00
2026-08-28,removed,56038320,,,Apartment,Elegant Spacious studio |nearby fancy restaurants,350.0,,,,BHD,monthly,,,,,,,,Bahrain Financial Harbour,,,26.23778533935547,50.57342529296875,,,,Linda Mehdi,,YES,,,,,https://www.propertyfinder.bh/en/plp/rent/apartment-for-rent-capital-governorate-manama-bahrain-financial-harbour-56038320.html,2026-08-11T20:53:57.097427+00:00,2026-08-26T23:12:42.541291+00:00,15,2026-08-26T23:12:42.541291+00:00
2026-08-28,removed,56038338,,,Apartment,CONVENIENT 2BR | RESORT-STYLE AMENITIES | SPACIOUS,575.0,,,,BHD,monthly,,,,,,,,,,,26.185943603515625,50.46711349487305,,,,Irina Matvievici,,YES,,,,,https://www.propertyfinder.bh/en/plp/rent/apartment-for-rent-northern-governorate-janabiya-56038338.html,2026-08-11T20:53:57.097427+00:00,2026-08-26T23:12:42.541291+00:00,15,2026-08-26T23:12:42.541291+00:00
2026-08-28,removed,56038344,,,Villa,LUXURY 5BHK | SPACIOUS LAYOUT | PRIME KARZAKKAN,130000.0,,,,BHD,sell,,,,,,,,,,,26.123769760131836,50.469722747802734,,,,Yumna Awad,,YES,completed_primary,,,,https://www.propertyfinder.bh/en/plp/buy/villa-for-sale-northern-governorate-dumistan-56038344.html,2026-08-11T20:53:57.097427+00:00,2026-08-26T23:12:42.541291+00:00,15,2026-08-26T23:12:42.541291+00:00
2026-08-28,removed,56038350,,,Apartment,LUXURY STUDIO | TOP FACILITIES | MODERN INTERIOR,50000.0,,,,BHD,sell,,,,,,,,,,,26.249584197998047,50.580360412597656,,,,Rolin Faouri,,YES,completed,,,,https://www.propertyfinder.bh/en/plp/buy/apartment-for-sale-capital-governorate-bahrain-bay-56038350.html,2026-08-11T20:53:57.097427+00:00,2026-08-26T23:12:42.541291+00:00,15,2026-08-26T23:12:42.541291+00:00
2026-08-28,removed,56038354,,,Apartment,SEA VIEW 3 BHK | MARASSI | BEACH ACCESS,900.0,,,,BHD,monthly,,,,,,,,Diyar Al Muharraq,,,26.303447723388672,50.6461296081543,,,,Zuhair Tlili,,PARTLY,,,,,https://www.propertyfinder.bh/en/plp/rent/apartment-for-rent-muharraq-governorate-diyar-al-muharraq-marassi-al-bahrain-56038354.html,2026-08-11T20:53:57.097427+00:00,2026-08-26T23:12:42.541291+00:00,15,2026-08-26T23:12:42.541291+00:00
2026-08-28,removed,56038356,,,Apartment,MODERN 2BHK | BALCONY | PRIME LOCATION,450.0,,,,BHD,monthly,,,,,,,,Diyar Al Muharraq,,,26.303447723388672,50.6461296081543,,,,Zuhair Tlili,,PARTLY,,,,,https://www.propertyfinder.bh/en/plp/rent/apartment-for-rent-muharraq-governorate-diyar-al-muharraq-marassi-al-bahrain-56038356.html,2026-08-11T20:53:57.097427+00:00,2026-08-26T23:12:42.541291+00:00,15,2026-08-26T23:12:42.541291+00:00
2026-08-28,removed,56038361,,,Land,SP LAND | DIYAR AL MUHARRAQ | 330 SQM,106560.0,,,,BHD,sell,,,,,,,,Diyar Al Muharraq,Al Sidra,,26.31142234802246,50.64306640625,,,,Zuhair Tlili,,,,,,,https://www.propertyfinder.bh/en/plp/buy/land-for-sale-muharraq-governorate-diyar-al-muharraq-al-sidra-56038361.html,2026-08-11T20:53:57.097427+00:00,2026-08-26T23:12:42.541291+00:00,15,2026-08-26T23:12:42.541291+00:00
2026-08-28,removed,56038370,,,Apartment,MODERN 1BHK | BALCONY | PRIME LOCATION,400.0,,,,BHD,monthly,,,,,,,,Diyar Al Muharraq,Marassi Residences,,26.303447723388672,50.6461296081543,,,,Zuhair Tlili,,YES,,,,,https://www.propertyfinder.bh/en/plp/rent/apartment-for-rent-muharraq-governorate-diyar-al-muharraq-marassi-residences-56038370.html,2026-08-11T20:53:57.097427+00:00,2026-08-26T23:12:42.541291+00:00,15,2026-08-26T23:12:42.541291+00:00
2026-08-28,removed,56038374,,,Land,PRIME RESIDENTIAL PLOT | BUSAITEEN | 304 SQM,115000.0,,,,BHD,sell,,,,,,,,,,,26.27199935913086,50.60900115966797,,,,Zuhair Tlili,,,,,,,https://www.propertyfinder.bh/en/plp/buy/land-for-sale-muharraq-governorate-busaiteen-56038374.html,2026-08-11T20:53:57.097427+00:00,2026-08-26T23:12:42.541291+00:00,15,2026-08-26T23:12:42.541291+00:00
2026-08-28,removed,56038376,,,Land,RESIDENTIAL SP LAND | DILMUNIA | 744 SQM,250000.0,,,,BHD,sell,,,,,,,,,,,26.27286720275879,50.672889709472656,,,,Zuhair Tlili,,,,,,,https://www.propertyfinder.bh/en/plp/buy/land-for-sale-muharraq-governorate-dilmunia-island-56038376.html,2026-08-11T20:53:57.097427+00:00,2026-08-26T23:12:42.541291+00:00,15,2026-08-26T23:12:42.541291+00:00
2026-08-28,removed,56038379,,,Land,600 SQM PLOT | RESIDENTIAL LAND | PRIME SHAHRAKKAN,165000.0,,,,BHD,sell,,,,,,,,,,,26.20975685119629,50.50579833984375,,,,Yumna Awad,,,,,,,https://www.propertyfinder.bh/en/plp/buy/land-for-sale-northern-governorate-shakhura-56038379.html,2026-08-11T20:53:57.097427+00:00,2026-08-26T23:12:42.541291+00:00,15,2026-08-26T23:12:42.541291+00:00
2026-08-28,removed,56038391,,,Villa,ELEGANT 3BHK VILLA | PRIVATE GARDEN | PRIME RIFFA,750.0,,,,BHD,monthly,,,,,,,,Riffa Views,,,26.097333908081055,50.56736373901367,,,,Yumna Awad,,PARTLY,,,,,https://www.propertyfinder.bh/en/plp/rent/villa-for-rent-southern-governorate-riffa-riffa-views-56038391.html,2026-08-11T20:53:57.097427+00:00,2026-08-26T23:12:42.541291+00:00,15,2026-08-26T23:12:42.541291+00:00
2026-08-28,removed,56038394,,,Villa,ELEGANT 3BHK | PRIVATE GARDEN | PRIME LOCATION,136000.0,,,,BHD,sell,,,,,,,,,,,26.130512237548828,50.55546569824219,,,,Yumna Awad,,NO,completed_primary,,,,https://www.propertyfinder.bh/en/plp/buy/villa-for-sale-southern-governorate-riffa-56038394.html,2026-08-11T20:53:57.097427+00:00,2026-08-26T23:12:42.541291+00:00,15,2026-08-26T23:12:42.541291+00:00
2026-08-28,removed,56038400,,,Villa,EXTREMELY SPACIOUS 8BHK VILLA | FOR SALE,320000.0,,,,BHD,sell,,,,,,,,,,,26.149999618530273,50.58333206176758,,,,Yumna Awad,,PARTLY,completed,,,,https://www.propertyfinder.bh/en/plp/buy/villa-for-sale-central-governorate-sanad-56038400.html,2026-08-11T20:53:57.097427+00:00,2026-08-26T23:12:42.541291+00:00,15,2026-08-26T23:12:42.541291+00:00
2026-08-28,removed,56038411,,,Apartment,SPACIOUS FAMILY APARTMENT | POOL & GYM | BALCONY,69000.0,,,,BHD,sell,,,,,,,,,,,26.212005615234375,50.520294189453125,,,,Yumna Awad,,YES,completed,,,,https://www.propertyfinder.bh/en/plp/buy/apartment-for-sale-northern-governorate-al-qadam-56038411.html,2026-08-11T20:53:57.097427+00:00,2026-08-26T23:12:42.541291+00:00,15,2026-08-26T23:12:42.541291+00:00
2026-08-28,removed,56038429,,,Villa,MODERN 5BHK VILLA | MAQABA | ELEVATOR READY,235000.0,,,,BHD,sell,,,,,,,,,,,26.21023941040039,50.49468231201172,,,,Yumna Awad,,NO,completed_primary,,,,https://www.propertyfinder.bh/en/plp/buy/villa-for-sale-northern-governorate-maqabah-56038429.html,2026-08-11T20:53:57.097427+00:00,2026-08-26T23:12:42.541291+00:00,15,2026-08-26T23:12:42.541291+00:00
2026-08-28,removed,56038438,,,Villa,MODERN VILLA | PRIVATE MAJLIS | 5 BEDROOMS,200000.0,,,,BHD,sell,,,,,,,,,,,26.130512237548828,50.55546569824219,,,,Yumna Awad,,PARTLY,completed,,,,https://www.propertyfinder.bh/en/plp/buy/villa-for-sale-southern-governorate-riffa-56038438.html,2026-08-11T20:53:57.097427+00:00,2026-08-26T23:12:42.541291+00:00,15,2026-08-26T23:12:42.541291+00:00
2026-08-28,removed,56038459,,,Villa,WATERFRONT LIVING | 5 BHK VILLA | GARDEN,129000.0,,,,BHD,sell,,,,,,,,,,,26.12916374206543,50.49860763549805,,,,Yumna Awad,,NO,completed_primary,,,,https://www.propertyfinder.bh/en/plp/buy/villa-for-sale-northern-governorate-hamad-town-56038459.html,2026-08-11T20:53:57.097427+00:00,2026-08-26T23:12:42.541291+00:00,15,2026-08-26T23:12:42.541291+00:00
2026-08-28,removed,56038461,,,Apartment,BRAND NEW 2BHK | BALCONY | NEAR MERCADO MALL,50000.0,,,,BHD,sell,,,,,,,,,,,26.185943603515625,50.46711349487305,,,,Irina Matvievici,,PARTLY,completed_primary,,,,https://www.propertyfinder.bh/en/plp/buy/apartment-for-sale-northern-governorate-janabiya-56038461.html,2026-08-11T20:53:57.097427+00:00,2026-08-26T23:12:42.541291+00:00,15,2026-08-26T23:12:42.541291+00:00
2026-08-28,removed,56038466,,,Apartment,LAGOON VIEW | HIGH FLOOR | ATTRACTIVE PRICE,400.0,,,,BHD,monthly,,,,,,,,The Lagoon,,,26.287778854370117,50.66339111328125,,,,Rolin Faouri,,YES,,,,,https://www.propertyfinder.bh/en/plp/rent/apartment-for-rent-muharraq-governorate-amwaj-islands-the-lagoon-56038466.html,2026-08-11T20:53:57.097427+00:00,2026-08-26T23:12:42.541291+00:00,15,2026-08-26T23:12:42.541291+00:00
2026-08-28,removed,56038472,,,Apartment,LAUNDRY ROOM | WIFI | SPACIOUS | PET FRIENDLY,350.0,,,,BHD,monthly,,,,,,,,Amwaj Avenue,,,26.29302978515625,50.66474151611328,,,,Rolin Faouri,,YES,,,,,https://www.propertyfinder.bh/en/plp/rent/apartment-for-rent-muharraq-governorate-amwaj-islands-amwaj-avenue-56038472.html,2026-08-11T20:53:57.097427+00:00,2026-08-26T23:12:42.541291+00:00,15,2026-08-26T23:12:42.541291+00:00
2026-08-28,removed,56038477,,,Villa,SPACIOUS VILLA | EASY ACCESS | 4BHK+MAID | BRIGHT,138500.0,,,,BHD,sell,,,,,,,,,,,26.113693237304688,50.48170471191406,,,,Yumna Awad,,NO,completed_primary,,,,https://www.propertyfinder.bh/en/plp/buy/villa-for-sale-northern-governorate-karzakkan-56038477.html,2026-08-11T20:53:57.097427+00:00,2026-08-26T23:12:42.541291+00:00,15,2026-08-26T23:12:42.541291+00:00
2026-08-28,removed,56038482,,,Apartment,WIFI | PETS ALLOWED | GOOD SIZE LAYOUT | MOVE NOW,310.0,,,,BHD,monthly,,,,,,,,Amwaj Avenue,,,26.29302978515625,50.66474151611328,,,,Rolin Faouri,,YES,,,,,https://www.propertyfinder.bh/en/plp/rent/apartment-for-rent-muharraq-governorate-amwaj-islands-amwaj-avenue-56038482.html,2026-08-11T20:53:57.097427+00:00,2026-08-26T23:12:42.541291+00:00,15,2026-08-26T23:12:42.541291+00:00
2026-08-28,removed,56038499,,,Apartment,ELEGANT 2BHK | BALCONY | MALL ACCESS | FACILITIES,550.0,,,,BHD,monthly,,,,,,,,Diyar Al Muharraq,Marassi Residences,,26.303447723388672,50.6461296081543,,,,Rolin Faouri,,YES,,,,,https://www.propertyfinder.bh/en/plp/rent/apartment-for-rent-muharraq-governorate-diyar-al-muharraq-marassi-residences-56038499.html,2026-08-11T20:53:57.097427+00:00,2026-08-26T23:12:42.541291+00:00,15,2026-08-26T23:12:42.541291+00:00
2026-08-28,removed,56038505,,,Villa,FULLY RENOVATED | LUXURY 5BHk VILLA | SPACIOUS,225000.0,,,,BHD,sell,,,,,,,,,,,26.288480758666992,50.66381072998047,,,,Zuhair Tlili,,YES,completed,,,,https://www.propertyfinder.bh/en/plp/buy/villa-for-sale-muharraq-governorate-amwaj-islands-56038505.html,2026-08-11T20:53:57.097427+00:00,2026-08-26T23:12:42.541291+00:00,15,2026-08-26T23:12:42.541291+00:00
2026-08-28,removed,56038511,,,Land,RESIDENTIAL LAND | RHA | PRIME LOCATION,68600.0,,,,BHD,sell,,,,,,,,,,,26.1634578704834,50.515289306640625,,,,Rolin Faouri,,,,,,,https://www.propertyfinder.bh/en/plp/buy/land-for-sale-central-governorate-a-ali-56038511.html,2026-08-11T20:53:57.097427+00:00,2026-08-26T23:12:42.541291+00:00,15,2026-08-26T23:12:42.541291+00:00
2026-08-28,removed,56038532,,,Apartment,MODERN | FULL FURNISHED | TOP FACILITIES,400.0,,,,BHD,monthly,,,,,,,,,,,26.239999771118164,50.5369987487793,,,,Rolin Faouri,,YES,,,,,https://www.propertyfinder.bh/en/plp/rent/apartment-for-rent-capital-governorate-seef-56038532.html,2026-08-11T20:53:57.097427+00:00,2026-08-26T23:12:42.541291+00:00,15,2026-08-26T23:12:42.541291+00:00
2026-08-28,removed,56038536,,,Apartment,MASSIVE SPACE | FF 1BHK | HOUSEKEEPING | WIFI,400.0,,,,BHD,monthly,,,,,,,,Amwaj Marina,,,26.293058395385742,50.65943908691406,,,,Rolin Faouri,,YES,,,,,https://www.propertyfinder.bh/en/plp/rent/apartment-for-rent-muharraq-governorate-amwaj-islands-amwaj-marina-56038536.html,2026-08-11T20:53:57.097427+00:00,2026-08-26T23:12:42.541291+00:00,15,2026-08-26T23:12:42.541291+00:00
2026-08-28,removed,56038540,,,Duplex,EXQUISITE 3BHK | BRAND NEW DUPLEX | LUXURY LIVING,1600.0,,,,BHD,monthly,,,,,,,,,,,26.239999771118164,50.5369987487793,,,,Rolin Faouri,,YES,,,,,https://www.propertyfinder.bh/en/plp/rent/duplex-for-rent-capital-governorate-seef-56038540.html,2026-08-11T20:53:57.097427+00:00,2026-08-26T23:12:42.541291+00:00,15,2026-08-26T23:12:42.541291+00:00
2026-08-28,removed,56038542,,,Apartment,BRAND NEW | PAYMENT PLAN | BEACH ACCESS,223888.0,,,,BHD,sell,,,,,,,,Diyar Al Muharraq,,,26.303447723388672,50.6461296081543,,,,Zuhair Tlili,,YES,completed_primary,,,,https://www.propertyfinder.bh/en/plp/buy/apartment-for-sale-muharraq-governorate-diyar-al-muharraq-marassi-al-bahrain-56038542.html,2026-08-11T20:53:57.097427+00:00,2026-08-26T23:12:42.541291+00:00,15,2026-08-26T23:12:42.541291+00:00
2026-08-28,removed,56066042,,,Villa,New Villa for Sale in Al Hidd,175000.0,,,,BHD,sell,,,,,,,,,,,26.21263313293457,50.67418670654297,,,,Habib ALBanna,,NO,completed_primary,,,,https://www.propertyfinder.bh/en/plp/buy/villa-for-sale-muharraq-governorate-hidd-56066042.html,2026-08-12T20:53:13.944971+00:00,2026-08-26T23:12:42.541291+00:00,14,2026-08-26T23:12:42.541291+00:00
2026-08-28,removed,56066081,,,Apartment,2BHK | SERVICE APARTMENT | BEACH ACCESS,240000.0,,,,BHD,sell,,,,,,,,Diyar Al Muharraq,,,26.303447723388672,50.6461296081543,,,,Zuhair Tlili,,YES,completed_primary,,,,https://www.propertyfinder.bh/en/plp/buy/apartment-for-sale-muharraq-governorate-diyar-al-muharraq-marassi-al-bahrain-56066081.html,2026-08-12T20:53:13.944971+00:00,2026-08-26T23:12:42.541291+00:00,14,2026-08-26T23:12:42.541291+00:00
2026-08-28,removed,56066083,,,Apartment,SERVICE APARTMENT | BEACH ACCESS | BRAND NEW 3 BHK,309888.0,,,,BHD,sell,,,,,,,,Diyar Al Muharraq,,,26.303447723388672,50.6461296081543,,,,Zuhair Tlili,,YES,completed_primary,,,,https://www.propertyfinder.bh/en/plp/buy/apartment-for-sale-muharraq-governorate-diyar-al-muharraq-marassi-al-bahrain-56066083.html,2026-08-12T20:53:13.944971+00:00,2026-08-26T23:12:42.541291+00:00,14,2026-08-26T23:12:42.541291+00:00
2026-08-28,removed,56066110,,,Apartment,1 BHK | SEAVIEW | SERVICE APARTMENT | BEACH ACCESS,126888.0,,,,BHD,sell,,,,,,,,Diyar Al Muharraq,,,26.303447723388672,50.6461296081543,,,,Zuhair Tlili,,YES,completed_primary,,,,https://www.propertyfinder.bh/en/plp/buy/apartment-for-sale-muharraq-governorate-diyar-al-muharraq-marassi-al-bahrain-56066110.html,2026-08-12T20:53:13.944971+00:00,2026-08-26T23:12:42.541291+00:00,14,2026-08-26T23:12:42.541291+00:00
2026-08-28,removed,56066118,,,Apartment,BRAND NEW STUDIO | MARASSI | PAYMENT PLAN,93888.0,,,,BHD,sell,,,,,,,,Diyar Al Muharraq,,,26.303447723388672,50.6461296081543,,,,Zuhair Tlili,,YES,completed_primary,,,,https://www.propertyfinder.bh/en/plp/buy/apartment-for-sale-muharraq-governorate-diyar-al-muharraq-marassi-al-bahrain-56066118.html,2026-08-12T20:53:13.944971+00:00,2026-08-26T23:12:42.541291+00:00,14,2026-08-26T23:12:42.541291+00:00
2026-08-28,removed,56066124,,,Apartment,LUXURY 1BHK | MARASSI | BEACH ACCESS,79888.0,,,,BHD,sell,,,,,,,,Diyar Al Muharraq,,,26.303447723388672,50.6461296081543,,,,Zuhair Tlili,,PARTLY,completed_primary,,,,https://www.propertyfinder.bh/en/plp/buy/apartment-for-sale-muharraq-governorate-diyar-al-muharraq-marassi-al-bahrain-56066124.html,2026-08-12T20:53:13.944971+00:00,2026-08-26T23:12:42.541291+00:00,14,2026-08-26T23:12:42.541291+00:00
2026-08-28,removed,56066127,,,Apartment,4BHK + MAID | MARASSI | FURNISHED,255888.0,,,,BHD,sell,,,,,,,,Diyar Al Muharraq,,,26.303447723388672,50.6461296081543,,,,Zuhair Tlili,,PARTLY,completed_primary,,,,https://www.propertyfinder.bh/en/plp/buy/apartment-for-sale-muharraq-governorate-diyar-al-muharraq-marassi-al-bahrain-56066127.html,2026-08-12T20:53:13.944971+00:00,2026-08-26T23:12:42.541291+00:00,14,2026-08-26T23:12:42.541291+00:00
2026-08-28,removed,56066132,,,Apartment,FULLY FURNISHED | 2 BHK | BRIGHT & SPACIOUS,650.0,,,,BHD,monthly,,,,,,,,,,,26.19164276123047,50.48757553100586,,,,Yumna Awad,,YES,,,,,https://www.propertyfinder.bh/en/plp/rent/apartment-for-rent-northern-governorate-saar-56066132.html,2026-08-12T20:53:13.944971+00:00,2026-08-26T23:12:42.541291+00:00,14,2026-08-26T23:12:42.541291+00:00
2026-08-28,removed,56066143,,,Apartment,NAVY APPROVED | FULL SEA VIEW | RENOVATED | 1BHK,650.0,,,,BHD,monthly,,,,,,,,,,,26.241750717163086,50.5663948059082,,,,Rolin Faouri,,YES,,,,,https://www.propertyfinder.bh/en/plp/rent/apartment-for-rent-capital-governorate-reef-island-56066143.html,2026-08-12T20:53:13.944971+00:00,2026-08-26T23:12:42.541291+00:00,14,2026-08-26T23:12:42.541291+00:00
2026-08-28,removed,56066146,,,Land,RESIDENTIAL LAND | NEAR SEA | PRIVATE RESIDENCE,145000.0,,,,BHD,sell,,,,,,,,,,,26.188888549804688,50.54999923706055,,,,Zuhair Tlili,,,,,,,https://www.propertyfinder.bh/en/plp/buy/land-for-sale-central-governorate-tubli-56066146.html,2026-08-12T20:53:13.944971+00:00,2026-08-26T23:12:42.541291+00:00,14,2026-08-26T23:12:42.541291+00:00
2026-08-28,removed,56066206,,,Land,RESIDENTIAL PLOT | WELL-CONNECTED | BUSAITEEN,106000.0,,,,BHD,sell,,,,,,,,,,,26.27199935913086,50.60900115966797,,,,Zuhair Tlili,,,,,,,https://www.propertyfinder.bh/en/plp/buy/land-for-sale-muharraq-governorate-busaiteen-56066206.html,2026-08-12T20:53:13.944971+00:00,2026-08-26T23:12:42.541291+00:00,14,2026-08-26T23:12:42.541291+00:00
2026-08-28,removed,56066210,,,Land,BUILD YOUR VILLA | RESIDENTIAL LAND | SANAD,96700.0,,,,BHD,sell,,,,,,,,,,,26.149999618530273,50.58333206176758,,,,Rolin Faouri,,,,,,,https://www.propertyfinder.bh/en/plp/buy/land-for-sale-central-governorate-sanad-56066210.html,2026-08-12T20:53:13.944971+00:00,2026-08-26T23:12:42.541291+00:00,14,2026-08-26T23:12:42.541291+00:00
2026-08-28,removed,56066237,,,Land,PRIME RESIDENTIAL PLOT | SANAD | RA ZONED,86000.0,,,,BHD,sell,,,,,,,,,,,26.149999618530273,50.58333206176758,,,,Rolin Faouri,,,,,,,https://www.propertyfinder.bh/en/plp/buy/land-for-sale-central-governorate-sanad-56066237.html,2026-08-12T20:53:13.944971+00:00,2026-08-26T23:12:42.541291+00:00,14,2026-08-26T23:12:42.541291+00:00
2026-08-28,removed,56066245,,,Land,PRIME RESIDENTIAL PLOT | SANAD | RA ZONED,99600.0,,,,BHD,sell,,,,,,,,,,,26.149999618530273,50.58333206176758,,,,Rolin Faouri,,,,,,,https://www.propertyfinder.bh/en/plp/buy/land-for-sale-central-governorate-sanad-56066245.html,2026-08-12T20:53:13.944971+00:00,2026-08-26T23:12:42.541291+00:00,14,2026-08-26T23:12:42.541291+00:00
2026-08-28,removed,56066260,,,Apartment,MODERN 2BHK | BALCONY | PRIME LOCATION,53000.0,,,,BHD,sell,,,,,,,,Amwaj Avenue,,,26.29302978515625,50.66474151611328,,,,Rolin Faouri,,YES,completed,,,,https://www.propertyfinder.bh/en/plp/buy/apartment-for-sale-muharraq-governorate-amwaj-islands-amwaj-avenue-56066260.html,2026-08-12T20:53:13.944971+00:00,2026-08-26T23:12:42.541291+00:00,14,2026-08-26T23:12:42.541291+00:00
2026-08-28,removed,56066264,,,Compound,AFFORDABLE 4BHK VILLA | PRIME JANABIYA LOCATION,650.0,,,,BHD,monthly,,,,,,,,,,,26.185943603515625,50.46711349487305,,,,Yumna Awad,,PARTLY,,,,,https://www.propertyfinder.bh/en/plp/rent/compound-for-rent-northern-governorate-janabiya-56066264.html,2026-08-12T20:53:13.944971+00:00,2026-08-26T23:12:42.541291+00:00,14,2026-08-26T23:12:42.541291+00:00
2026-08-28,removed,56066278,,,Villa,LUXURY 4BHK VILLA | PRIME SAAR LOCATION | ELEGANT,177000.0,,,,BHD,sell,,,,,,,,,,,26.19164276123047,50.48757553100586,,,,Yumna Awad,,PARTLY,completed,,,,https://www.propertyfinder.bh/en/plp/buy/villa-for-sale-northern-governorate-saar-56066278.html,2026-08-12T20:53:13.944971+00:00,2026-08-26T23:12:42.541291+00:00,14,2026-08-26T23:12:42.541291+00:00
2026-08-28,removed,56066287,,,Penthouse,LUXURY 4BHK PENTHOUSE | NAVY APPROVED | SEA VIEW,2200.0,,,,BHD,monthly,,,,,,,,,,,26.241750717163086,50.5663948059082,,,,Rolin Faouri,,YES,,,,,https://www.propertyfinder.bh/en/plp/rent/penthouse-for-rent-capital-governorate-reef-island-56066287.html,2026-08-12T20:53:13.944971+00:00,2026-08-26T23:12:42.541291+00:00,14,2026-08-26T23:12:42.541291+00:00
2026-08-28,removed,56066303,,,Villa,LUXURY 4BHK | MODERN COMFORT | BRIGHT INTERIORS,950.0,,,,BHD,monthly,,,,,,,,,,,26.185943603515625,50.46711349487305,,,,Yumna Awad,,PARTLY,,,,,https://www.propertyfinder.bh/en/plp/rent/villa-for-rent-northern-governorate-janabiya-56066303.html,2026-08-12T20:53:13.944971+00:00,2026-08-26T23:12:42.541291+00:00,14,2026-08-26T23:12:42.541291+00:00
2026-08-28,removed,56066345,,,Villa,EXPANSIVE 5BHK VILLA | ELEGANT INTERIORS | IDEAL,1500.0,,,,BHD,monthly,,,,,,,,,,,26.19164276123047,50.48757553100586,,,,Yumna Awad,,PARTLY,,,,,https://www.propertyfinder.bh/en/plp/rent/villa-for-rent-northern-governorate-saar-56066345.html,2026-08-12T20:53:13.944971+00:00,2026-08-26T23:12:42.541291+00:00,14,2026-08-26T23:12:42.541291+00:00
2026-08-28,removed,56066360,,,Apartment,UNLIMITED EWA | MODERN 2BHK | SPACIOUS LAYOUT,400.0,,,,BHD,monthly,,,,,,,,,,,26.239999771118164,50.5369987487793,,,,Rolin Faouri,,YES,,,,,https://www.propertyfinder.bh/en/plp/rent/apartment-for-rent-capital-governorate-seef-56066360.html,2026-08-12T20:53:13.944971+00:00,2026-08-26T23:12:42.541291+00:00,14,2026-08-26T23:12:42.541291+00:00
2026-08-28,removed,56066364,,,Apartment,STYLISH COASTAL LIVING | 2BHK | PREMIUM FACILITIES,550.0,,,,BHD,monthly,,,,,,,,Diyar Al Muharraq,Marassi Shores Residences,,26.303447723388672,50.6461296081543,,,,Rolin Faouri,,YES,,,,,https://www.propertyfinder.bh/en/plp/rent/apartment-for-rent-muharraq-governorate-diyar-al-muharraq-marassi-shores-residences-56066364.html,2026-08-12T20:53:13.944971+00:00,2026-08-26T23:12:42.541291+00:00,14,2026-08-26T23:12:42.541291+00:00
2026-08-28,removed,56066374,,,Apartment,BRAND NEW | BALCONY | FACILITIES | PRIME LOCATION,450.0,,,,BHD,monthly,,,,,,,,,,,26.239999771118164,50.5369987487793,,,,Zuhair Tlili,,YES,,,,,https://www.propertyfinder.bh/en/plp/rent/apartment-for-rent-capital-governorate-seef-56066374.html,2026-08-12T20:53:13.944971+00:00,2026-08-26T23:12:42.541291+00:00,14,2026-08-26T23:12:42.541291+00:00
2026-08-28,removed,56066394,,,Apartment,COZY 1BR | NEW | BALCONY | MODERN | PRIME LOCATION,300.0,,,,BHD,monthly,,,,,,,,,,,26.239999771118164,50.5369987487793,,,,Zuhair Tlili,,YES,,,,,https://www.propertyfinder.bh/en/plp/rent/apartment-for-rent-capital-governorate-seef-56066394.html,2026-08-12T20:53:13.944971+00:00,2026-08-26T23:12:42.541291+00:00,14,2026-08-26T23:12:42.541291+00:00
2026-08-28,removed,56066412,,,Apartment,WATER PARK | NAVY APPROVED | BALCONIES | SEA VIEW,1200.0,,,,BHD,monthly,,,,,,,,Essence of Dilmunia,,,26.27286720275879,50.672889709472656,,,,Rolin Faouri,,YES,,,,,https://www.propertyfinder.bh/en/plp/rent/apartment-for-rent-muharraq-governorate-dilmunia-island-essence-of-dilmunia-56066412.html,2026-08-12T20:53:13.944971+00:00,2026-08-26T23:12:42.541291+00:00,14,2026-08-26T23:12:42.541291+00:00
2026-08-28,removed,56066469,,,Apartment,3BHK + MAIDS ROOM | SEA VIEW | EXQUISITE LUXURY,260000.0,,,,BHD,sell,,,,,,,,,,,26.241750717163086,50.5663948059082,,,,Zuhair Tlili,,YES,completed,,,,https://www.propertyfinder.bh/en/plp/buy/apartment-for-sale-capital-governorate-reef-island-56066469.html,2026-08-12T20:53:13.944971+00:00,2026-08-26T23:12:42.541291+00:00,14,2026-08-26T23:12:42.541291+00:00
2026-08-28,removed,56066530,,,Villa,Villa for Sale Located in Jid Al Haaj,129000.0,,,,BHD,sell,,,,,,,,,,,26.234378814697266,50.50168228149414,,,,Hassan Raed,,YES,completed,,,,https://www.propertyfinder.bh/en/plp/buy/villa-for-sale-northern-governorate-jid-al-haj-56066530.html,2026-08-12T20:53:13.944971+00:00,2026-08-26T23:12:42.541291+00:00,14,2026-08-26T23:12:42.541291+00:00
2026-08-28,removed,56066562,,,Apartment,360° SEA VIEW | REEF RESIDENCE | LUXURIOUS 2BHK,1250.0,,,,BHD,monthly,,,,,,,,,,,26.241750717163086,50.5663948059082,,,,Rolin Faouri,,YES,,,,,https://www.propertyfinder.bh/en/plp/rent/apartment-for-rent-capital-governorate-reef-island-56066562.html,2026-08-12T20:53:13.944971+00:00,2026-08-26T23:12:42.541291+00:00,14,2026-08-26T23:12:42.541291+00:00
2026-08-28,removed,56066581,,,Apartment,ELEGANT 3BHK + MAIDS ROOM | SEA VIEW | HIGH-END,1300.0,,,,BHD,monthly,,,,,,,,,,,26.241750717163086,50.5663948059082,,,,Rolin Faouri,,YES,,,,,https://www.propertyfinder.bh/en/plp/rent/apartment-for-rent-capital-governorate-reef-island-56066581.html,2026-08-12T20:53:13.944971+00:00,2026-08-26T23:12:42.541291+00:00,14,2026-08-26T23:12:42.541291+00:00
2026-08-28,removed,56066586,,,Apartment,REAL SPACIOUS 2BHK | AFFORDABLE PRICE | PRIME AREA,250.0,,,,BHD,monthly,,,,,,,,,,,26.1314754486084,50.568843841552734,,,,Yumna Awad,,NO,,,,,https://www.propertyfinder.bh/en/plp/rent/apartment-for-rent-southern-governorate-riffa-bu-kowarah-56066586.html,2026-08-12T20:53:13.944971+00:00,2026-08-26T23:12:42.541291+00:00,14,2026-08-26T23:12:42.541291+00:00
2026-08-28,removed,56066590,,,Villa,EXCEPTIONAL 5BHK VILLA | PRIVATE POOL | MODERN,350000.0,,,,BHD,sell,,,,,,,,,,,26.19164276123047,50.48757553100586,,,,Yumna Awad,,NO,completed_primary,,,,https://www.propertyfinder.bh/en/plp/buy/villa-for-sale-northern-governorate-saar-56066590.html,2026-08-12T20:53:13.944971+00:00,2026-08-26T23:12:42.541291+00:00,14,2026-08-26T23:12:42.541291+00:00
2026-08-28,removed,56066607,,,Apartment,MODERN 2BHK | GENEROUS SPACE | BALCONY | LUXURIOUS,700.0,,,,BHD,monthly,,,,,,,,,,,26.249584197998047,50.580360412597656,,,,Zuhair Tlili,,YES,,,,,https://www.propertyfinder.bh/en/plp/rent/apartment-for-rent-capital-governorate-bahrain-bay-56066607.html,2026-08-12T20:53:13.944971+00:00,2026-08-26T23:12:42.541291+00:00,14,2026-08-26T23:12:42.541291+00:00
2026-08-28,removed,56066639,,,Villa,6-Bedroom Luxury Mansion Villa | 600 SQM | Private,2400.0,,,,BHD,monthly,,,,,,,,,,,26.213165283203125,50.447471618652344,,,,Ghassan Qarooni,,PARTLY,,,,,https://www.propertyfinder.bh/en/plp/rent/villa-for-rent-northern-governorate-budaiya-56066639.html,2026-08-12T20:53:13.944971+00:00,2026-08-26T23:12:42.541291+00:00,14,2026-08-26T23:12:42.541291+00:00
2026-08-28,removed,56066640,,,Villa,MODERN 3 BHK VILLA | SALMABAD | 319 SQM,150000.0,,,,BHD,sell,,,,,,,,,,,26.183332443237305,50.516666412353516,,,,Yumna Awad,,NO,completed_primary,,,,https://www.propertyfinder.bh/en/plp/buy/villa-for-sale-central-governorate-salmabad-56066640.html,2026-08-12T20:53:13.944971+00:00,2026-08-26T23:12:42.541291+00:00,14,2026-08-26T23:12:42.541291+00:00
2026-08-28,removed,56066649,,,Land,RESIDENTIAL PLOT | AL QARYAH | 351 SQM,115000.0,,,,BHD,sell,,,,,,,,,,,26.20011329650879,50.46629333496094,,,,Yumna Awad,,,,,,,https://www.propertyfinder.bh/en/plp/buy/land-for-sale-northern-governorate-al-qurayyah-56066649.html,2026-08-12T20:53:13.944971+00:00,2026-08-26T23:12:42.541291+00:00,14,2026-08-26T23:12:42.541291+00:00
2026-08-28,removed,56066656,,,Apartment,ELEGANT 2 BHK | LARGE BALCONY | SEA VIEW,500.0,,,,BHD,monthly,,,,,,,,Diyar Al Muharraq,,,26.303447723388672,50.6461296081543,,,,Zuhair Tlili,,YES,,,,,https://www.propertyfinder.bh/en/plp/rent/apartment-for-rent-muharraq-governorate-diyar-al-muharraq-marassi-al-bahrain-56066656.html,2026-08-12T20:53:13.944971+00:00,2026-08-26T23:12:42.541291+00:00,14,2026-08-26T23:12:42.541291+00:00
2026-08-28,removed,56066661,,,Land,PREMIUM SP PLOT | GREAT INVESTMENT | BEST VALUE,241000.0,,,,BHD,sell,,,,,,,,Diyar Al Muharraq,,,26.31142234802246,50.64306640625,,,,Zuhair Tlili,,,,,,,https://www.propertyfinder.bh/en/plp/buy/land-for-sale-muharraq-governorate-diyar-al-muharraq-56066661.html,2026-08-12T20:53:13.944971+00:00,2026-08-26T23:12:42.541291+00:00,14,2026-08-26T23:12:42.541291+00:00
2026-08-28,removed,56066720,,,Apartment,1 BHK | COZY | HIGH-FACILITIES | FULLY FURNISHED,400.0,,,,BHD,monthly,,,,,,,,,,,26.239999771118164,50.5369987487793,,,,Rolin Faouri,,YES,,,,,https://www.propertyfinder.bh/en/plp/rent/apartment-for-rent-capital-governorate-seef-56066720.html,2026-08-12T20:53:13.944971+00:00,2026-08-26T23:12:42.541291+00:00,14,2026-08-26T23:12:42.541291+00:00
2026-08-28,removed,56066747,,,Villa,Brand New and Modern Villa for Sale in Arad,155000.0,,,,BHD,sell,,,,,,,,,,,26.25,50.650001525878906,,,,Habib ALBanna,,NO,completed_primary,,,,https://www.propertyfinder.bh/en/plp/buy/villa-for-sale-muharraq-governorate-arad-56066747.html,2026-08-12T20:53:13.944971+00:00,2026-08-26T23:12:42.541291+00:00,14,2026-08-26T23:12:42.541291+00:00
2026-08-28,removed,56066757,,,Apartment,FURNISHED 1BHK | GREAT INVESTMENT | ELEGANT LIVING,72000.0,,,,BHD,sell,,,,,,,,Canal View,,,26.273908615112305,50.67207336425781,,,,Zuhair Tlili,,YES,completed_primary,,,,https://www.propertyfinder.bh/en/plp/buy/apartment-for-sale-muharraq-governorate-dilmunia-island-canal-view-56066757.html,2026-08-12T20:53:13.944971+00:00,2026-08-26T23:12:42.541291+00:00,14,2026-08-26T23:12:42.541291+00:00
2026-08-28,removed,56066798,,,Apartment,MODERN 2BHK | SEA VIEW | PRIME LOCATION,350.0,,,,BHD,monthly,,,,,,,,Amwaj Marina,,,26.293058395385742,50.65943908691406,,,,Rolin Faouri,,YES,,,,,https://www.propertyfinder.bh/en/plp/rent/apartment-for-rent-muharraq-governorate-amwaj-islands-amwaj-marina-56066798.html,2026-08-12T20:53:13.944971+00:00,2026-08-26T23:12:42.541291+00:00,14,2026-08-26T23:12:42.541291+00:00
2026-08-28,removed,56066802,,,Apartment,MODERN 2BHK | SEA VIEW | BALCONY,480.0,,,,BHD,monthly,,,,,,,,Amwaj Avenue,,,26.29302978515625,50.66474151611328,,,,Rolin Faouri,,YES,,,,,https://www.propertyfinder.bh/en/plp/rent/apartment-for-rent-muharraq-governorate-amwaj-islands-amwaj-avenue-56066802.html,2026-08-12T20:53:13.944971+00:00,2026-08-26T23:12:42.541291+00:00,14,2026-08-26T23:12:42.541291+00:00
2026-08-28,removed,56066808,,,Apartment,MODERN 3BHK | MAID ROOM | SEA VIEW,450.0,,,,BHD,monthly,,,,,,,,Amwaj Avenue,,,26.29302978515625,50.66474151611328,,,,Rolin Faouri,,YES,,,,,https://www.propertyfinder.bh/en/plp/rent/apartment-for-rent-muharraq-governorate-amwaj-islands-amwaj-avenue-56066808.html,2026-08-12T20:53:13.944971+00:00,2026-08-26T23:12:42.541291+00:00,14,2026-08-26T23:12:42.541291+00:00
2026-08-28,removed,56066812,,,Apartment,Great View | Modern | Spacious I Great Facilities,400.0,,,,BHD,monthly,,,,,,,,,,,26.239999771118164,50.5369987487793,,,,Antony Shaiju,,YES,,,,,https://www.propertyfinder.bh/en/plp/rent/apartment-for-rent-capital-governorate-seef-56066812.html,2026-08-12T20:53:13.944971+00:00,2026-08-26T23:12:42.541291+00:00,14,2026-08-26T23:12:42.541291+00:00
2026-08-28,removed,56066818,,,Apartment,MODERN 2BHK | PRIME LOCATION | BIG LAYOUT,400.0,,,,BHD,monthly,,,,,,,,Amwaj Avenue,,,26.29302978515625,50.66474151611328,,,,Rolin Faouri,,YES,,,,,https://www.propertyfinder.bh/en/plp/rent/apartment-for-rent-muharraq-governorate-amwaj-islands-amwaj-avenue-56066818.html,2026-08-12T20:53:13.944971+00:00,2026-08-26T23:12:42.541291+00:00,14,2026-08-26T23:12:42.541291+00:00
2026-08-28,removed,56066819,,,Land,Residential | Sale | Hamala | RHA,52856.0,,,,BHD,sell,,,,,,,,,,,26.140336990356445,50.478271484375,,,,Hussain Alhayki,,,,,,,https://www.propertyfinder.bh/en/plp/buy/land-for-sale-northern-governorate-hamala-56066819.html,2026-08-12T20:53:13.944971+00:00,2026-08-26T23:12:42.541291+00:00,14,2026-08-26T23:12:42.541291+00:00
2026-08-28,removed,56066820,,,Apartment,Bright and Spacious Family building ISwimming Pool,300.0,,,,BHD,monthly,,,,,,,,,,,26.239999771118164,50.5369987487793,,,,Antony Shaiju,,YES,,,,,https://www.propertyfinder.bh/en/plp/rent/apartment-for-rent-capital-governorate-seef-56066820.html,2026-08-12T20:53:13.944971+00:00,2026-08-26T23:12:42.541291+00:00,14,2026-08-26T23:12:42.541291+00:00
2026-08-28,removed,56066840,,,Apartment,MODERN 3BHK | MAID ROOM | BEACH ACCESS,650.0,,,,BHD,monthly,,,,,,,,Diyar Al Muharraq,Marassi Boulevard,,26.303447723388672,50.6461296081543,,,,Rolin Faouri,,YES,,,,,https://www.propertyfinder.bh/en/plp/rent/apartment-for-rent-muharraq-governorate-diyar-al-muharraq-marassi-boulevard-56066840.html,2026-08-12T20:53:13.944971+00:00,2026-08-26T23:12:42.541291+00:00,14,2026-08-26T23:12:42.541291+00:00
2026-08-28,removed,56066854,,,Office Space,SHELL & CORE OFFICE | BFH | HUGE SPACE,5000.0,,,,BHD,monthly,,,,,,,,Bahrain Financial Harbour,,,26.23778533935547,50.57342529296875,,,,Rolin Faouri,,NO,,,,,https://www.propertyfinder.bh/en/plp/commercial-rent/office-space-for-rent-capital-governorate-manama-bahrain-financial-harbour-56066854.html,2026-08-12T20:53:13.944971+00:00,2026-08-26T23:12:42.541291+00:00,14,2026-08-26T23:12:42.541291+00:00
2026-08-28,removed,56066878,,,Apartment,MODERN 2BHK | LAGOON | PRIME LOCATION,600.0,,,,BHD,monthly,,,,,,,,The Lagoon,,,26.287778854370117,50.66339111328125,,,,Rolin Faouri,,YES,,,,,https://www.propertyfinder.bh/en/plp/rent/apartment-for-rent-muharraq-governorate-amwaj-islands-the-lagoon-56066878.html,2026-08-12T20:53:13.944971+00:00,2026-08-26T23:12:42.541291+00:00,14,2026-08-26T23:12:42.541291+00:00
2026-08-28,removed,56066891,,,Villa,SPACIOUS 4BHK VILLA | SAAR | MAID ROOM | POOL,1100.0,,,,BHD,monthly,,,,,,,,,,,26.19164276123047,50.48757553100586,,,,Yumna Awad,,PARTLY,,,,,https://www.propertyfinder.bh/en/plp/rent/villa-for-rent-northern-governorate-saar-56066891.html,2026-08-12T20:53:13.944971+00:00,2026-08-26T23:12:42.541291+00:00,14,2026-08-26T23:12:42.541291+00:00
2026-08-28,removed,56067016,,,Apartment,BRAND NEW 3BHK | TERRACES | MARASSI,249888.0,,,,BHD,sell,,,,,,,,Diyar Al Muharraq,,,26.303447723388672,50.6461296081543,,,,Zuhair Tlili,,PARTLY,completed_primary,,,,https://www.propertyfinder.bh/en/plp/buy/apartment-for-sale-muharraq-governorate-diyar-al-muharraq-marassi-al-bahrain-56067016.html,2026-08-12T20:53:13.944971+00:00,2026-08-26T23:12:42.541291+00:00,14,2026-08-26T23:12:42.541291+00:00
2026-08-28,removed,56067066,,,Apartment,LUXURY 2BHK | MARASSI | PRIME LOCATION,137888.0,,,,BHD,sell,,,,,,,,Diyar Al Muharraq,,,26.303447723388672,50.6461296081543,,,,Zuhair Tlili,,PARTLY,completed_primary,,,,https://www.propertyfinder.bh/en/plp/buy/apartment-for-sale-muharraq-governorate-diyar-al-muharraq-marassi-al-bahrain-56067066.html,2026-08-12T20:53:13.944971+00:00,2026-08-26T23:12:42.541291+00:00,14,2026-08-26T23:12:42.541291+00:00
2026-08-28,removed,56067069,,,Apartment,READY 1BHK APARTMENT | MARASSI,99888.0,,,,BHD,sell,,,,,,,,Diyar Al Muharraq,,,26.303447723388672,50.6461296081543,,,,Zuhair Tlili,,PARTLY,completed_primary,,,,https://www.propertyfinder.bh/en/plp/buy/apartment-for-sale-muharraq-governorate-diyar-al-muharraq-marassi-al-bahrain-56067069.html,2026-08-12T20:53:13.944971+00:00,2026-08-26T23:12:42.541291+00:00,14,2026-08-26T23:12:42.541291+00:00
2026-08-28,removed,56067125,,,Villa,STANDALONE | 4BHK VILLA | PRIVATE POOL | SPACIOUS,160000.0,,,,BHD,sell,,,,,,,,,,,26.21263313293457,50.67418670654297,,,,Zuhair Tlili,,PARTLY,completed,,,,https://www.propertyfinder.bh/en/plp/buy/villa-for-sale-muharraq-governorate-hidd-56067125.html,2026-08-12T20:53:13.944971+00:00,2026-08-26T23:12:42.541291+00:00,14,2026-08-26T23:12:42.541291+00:00
2026-08-28,removed,56067181,,,Apartment,MODERN 3BHK | READY TO MOVE IN | SPACIOUS,400.0,,,,BHD,monthly,,,,,,,,,,,26.20975685119629,50.50579833984375,,,,Yumna Awad,,YES,,,,,https://www.propertyfinder.bh/en/plp/rent/apartment-for-rent-northern-governorate-shakhura-56067181.html,2026-08-12T20:53:13.944971+00:00,2026-08-26T23:12:42.541291+00:00,14,2026-08-26T23:12:42.541291+00:00
2026-08-28,removed,56067336,,,Villa,ELEGANT |  SPACIOUS | 5 BHK | EXQUISITE 3 LEVEL,131500.0,,,,BHD,sell,,,,,,,,,,,26.19164276123047,50.48757553100586,,,,Yumna Awad,,NO,completed,,,,https://www.propertyfinder.bh/en/plp/buy/villa-for-sale-northern-governorate-saar-56067336.html,2026-08-12T20:53:13.944971+00:00,2026-08-26T23:12:42.541291+00:00,14,2026-08-26T23:12:42.541291+00:00
2026-08-28,removed,56067345,,,Penthouse,BRAND NEW | PENTHOUSE | CLOSED KITCHEN | SPACIOUS,750.0,,,,BHD,monthly,,,,,,,,,,,26.239999771118164,50.5369987487793,,,,Zuhair Tlili,,YES,,,,,https://www.propertyfinder.bh/en/plp/rent/penthouse-for-rent-capital-governorate-seef-56067345.html,2026-08-12T20:53:13.944971+00:00,2026-08-26T23:12:42.541291+00:00,14,2026-08-26T23:12:42.541291+00:00
2026-08-28,removed,56067353,,,Apartment,TASTEFULLY FURNISHED | READY to MOVE IN | 2BHK,400.0,,,,BHD,monthly,,,,,,,,,,,26.1314754486084,50.568843841552734,,,,Yumna Awad,,YES,,,,,https://www.propertyfinder.bh/en/plp/rent/apartment-for-rent-southern-governorate-riffa-bu-kowarah-56067353.html,2026-08-12T20:53:13.944971+00:00,2026-08-26T23:12:42.541291+00:00,14,2026-08-26T23:12:42.541291+00:00
2026-08-28,removed,56067367,,,Apartment,NAVY APPROVED | WATER PARK | 2BHK+MAIDS | BALCONY,750.0,,,,BHD,monthly,,,,,,,,Essence of Dilmunia,,,26.27286720275879,50.672889709472656,,,,Rolin Faouri,,YES,,,,,https://www.propertyfinder.bh/en/plp/rent/apartment-for-rent-muharraq-governorate-dilmunia-island-essence-of-dilmunia-56067367.html,2026-08-12T20:53:13.944971+00:00,2026-08-26T23:12:42.541291+00:00,14,2026-08-26T23:12:42.541291+00:00
2026-08-28,removed,56067388,,,Villa,LOWEST PRICE!! | SPACIOUS 4BHK | BRIGHT and MODERN,450.0,,,,BHD,monthly,,,,,,,,,,,26.220962524414062,50.46446990966797,,,,Yumna Awad,,PARTLY,,,,,https://www.propertyfinder.bh/en/plp/rent/villa-for-rent-northern-governorate-diraz-56067388.html,2026-08-12T20:53:13.944971+00:00,2026-08-26T23:12:42.541291+00:00,14,2026-08-26T23:12:42.541291+00:00
2026-08-28,removed,56067425,,,Villa,MODERN 4BHK VILLA | BRAND NEW LUXURY | 2 KITCHENS,195000.0,,,,BHD,sell,,,,,,,,,,,26.213165283203125,50.447471618652344,,,,Yumna Awad,,YES,completed_primary,,,,https://www.propertyfinder.bh/en/plp/buy/villa-for-sale-northern-governorate-budaiya-56067425.html,2026-08-12T20:53:13.944971+00:00,2026-08-26T23:12:42.541291+00:00,14,2026-08-26T23:12:42.541291+00:00
2026-08-28,removed,56067435,,,Apartment,BEST IN SEEF | DELUXE 3BHK + 1| 5-STAR FACILITIES,1200.0,,,,BHD,monthly,,,,,,,,,,,26.239999771118164,50.5369987487793,,,,Zuhair Tlili,,YES,,,,,https://www.propertyfinder.bh/en/plp/rent/apartment-for-rent-capital-governorate-seef-56067435.html,2026-08-12T20:53:13.944971+00:00,2026-08-26T23:12:42.541291+00:00,14,2026-08-26T23:12:42.541291+00:00
2026-08-28,removed,56067441,,,Apartment,SPACIOUS 2BHK | HUGE BALCONY | PRIME LOCATION,480.0,,,,BHD,monthly,,,,,,,,Sanabis,,,26.226558685302734,50.5459098815918,,,,Zuhair Tlili,,PARTLY,,,,,https://www.propertyfinder.bh/en/plp/rent/apartment-for-rent-capital-governorate-manama-sanabis-56067441.html,2026-08-12T20:53:13.944971+00:00,2026-08-26T23:12:42.541291+00:00,14,2026-08-26T23:12:42.541291+00:00
2026-08-28,removed,56067444,,,Villa,NAVY APPROVED | PRIVATE POOL | ELEVATOR | 3BHK,1380.0,,,,BHD,monthly,,,,,,,,,,,26.266666412353516,50.650001525878906,,,,Zuhair Tlili,,YES,,,,,https://www.propertyfinder.bh/en/plp/rent/villa-for-rent-muharraq-governorate-galali-56067444.html,2026-08-12T20:53:13.944971+00:00,2026-08-26T23:12:42.541291+00:00,14,2026-08-26T23:12:42.541291+00:00
2026-08-28,removed,56067451,,,Apartment,FULLY RENOVATED | PRIME LOCATION | SPACIOUS 3BHK,600.0,,,,BHD,monthly,,,,,,,,,,,26.239999771118164,50.5369987487793,,,,Zuhair Tlili,,YES,,,,,https://www.propertyfinder.bh/en/plp/rent/apartment-for-rent-capital-governorate-seef-56067451.html,2026-08-12T20:53:13.944971+00:00,2026-08-26T23:12:42.541291+00:00,14,2026-08-26T23:12:42.541291+00:00
2026-08-28,removed,56067454,,,Apartment,BRAND NEW 1BHK | AFFORDABLE | HOUSE KEEPING,400.0,,,,BHD,monthly,,,,,,,,,,,26.239999771118164,50.5369987487793,,,,Zuhair Tlili,,YES,,,,,https://www.propertyfinder.bh/en/plp/rent/apartment-for-rent-capital-governorate-seef-56067454.html,2026-08-12T20:53:13.944971+00:00,2026-08-26T23:12:42.541291+00:00,14,2026-08-26T23:12:42.541291+00:00
2026-08-28,removed,56067463,,,Apartment,YOUR DREAM HOME | LUXURY 3BR+MAID | TOP FACILITIES,2000.0,,,,BHD,monthly,,,,,,,,,,,26.249584197998047,50.580360412597656,,,,Rolin Faouri,,YES,,,,,https://www.propertyfinder.bh/en/plp/rent/apartment-for-rent-capital-governorate-bahrain-bay-56067463.html,2026-08-12T20:53:13.944971+00:00,2026-08-26T23:12:42.541291+00:00,14,2026-08-26T23:12:42.541291+00:00
2026-08-28,removed,56067466,,,Villa,PRIVATE POOL | DELUXE | WATERFRONT | PP AVAILABLE,680000.0,,,,BHD,sell,,,,,,,,,,,26.241750717163086,50.5663948059082,,,,Rolin Faouri,,PARTLY,off_plan_primary,,,,https://www.propertyfinder.bh/en/plp/buy/villa-for-sale-capital-governorate-reef-island-56067466.html,2026-08-12T20:53:13.944971+00:00,2026-08-26T23:12:42.541291+00:00,14,2026-08-26T23:12:42.541291+00:00
2026-08-28,removed,56067474,,,Apartment,GREAT DEAL | PRIME SEEF AREA | BALCONY | 2BHK,400.0,,,,BHD,monthly,,,,,,,,,,,26.239999771118164,50.5369987487793,,,,Rolin Faouri,,YES,,,,,https://www.propertyfinder.bh/en/plp/rent/apartment-for-rent-capital-governorate-seef-56067474.html,2026-08-12T20:53:13.944971+00:00,2026-08-26T23:12:42.541291+00:00,14,2026-08-26T23:12:42.541291+00:00
2026-08-28,removed,56067533,,,Villa,Reduced Sale Price Semi Furnished Villa Busaiteen,138000.0,,,,BHD,sell,,,,,,,,,,,26.27199935913086,50.60900115966797,,,,Violeta Abboud,,PARTLY,completed,,,,https://www.propertyfinder.bh/en/plp/buy/villa-for-sale-muharraq-governorate-busaiteen-56067533.html,2026-08-12T20:53:13.944971+00:00,2026-08-26T23:12:42.541291+00:00,14,2026-08-26T23:12:42.541291+00:00
2026-08-28,removed,56067595,,,Apartment,Luxury 1 BR near City Center Pool and GYM,500.0,,,,BHD,monthly,,,,,,,,,,,26.239999771118164,50.5369987487793,,,,Dafina Muca,,YES,,,,,https://www.propertyfinder.bh/en/plp/rent/apartment-for-rent-capital-governorate-seef-56067595.html,2026-08-12T20:53:13.944971+00:00,2026-08-26T23:12:42.541291+00:00,14,2026-08-26T23:12:42.541291+00:00
2026-08-28,removed,56067746,,,Apartment,2-Bedroom Flat for Rent in North Sehla 150 BD only,150.0,,,,BHD,monthly,,,,,,,,,,,26.20176887512207,50.53025436401367,,,,Ali  Alnoaimi,,NO,,,,,https://www.propertyfinder.bh/en/plp/rent/apartment-for-rent-northern-governorate-sehla-56067746.html,2026-08-12T20:53:13.944971+00:00,2026-08-26T23:12:42.541291+00:00,14,2026-08-26T23:12:42.541291+00:00
2026-08-28,removed,56067912,,,Apartment,ELEGANT COZY  2BHK |SEA VIEW | PRIME LOCATION,520.0,,,,BHD,monthly,,,,,,,,Diyar Al Muharraq,Marassi Shores Residences,,26.303447723388672,50.6461296081543,,,,Zuhair Tlili,,PARTLY,,,,,https://www.propertyfinder.bh/en/plp/rent/apartment-for-rent-muharraq-governorate-diyar-al-muharraq-marassi-shores-residences-56067912.html,2026-08-12T20:53:13.944971+00:00,2026-08-26T23:12:42.541291+00:00,14,2026-08-26T23:12:42.541291+00:00
2026-08-28,removed,56068084,,,Apartment,LUXURY| STYLISH| 3BHK|INCLUSIVE|MAID ROOM|STORE|MY,450.0,,,,BHD,monthly,,,,,,,,Al Bahair,,,26.149368286132812,50.56598663330078,,,,Nayla Tabussam,,YES,,,,,https://www.propertyfinder.bh/en/plp/rent/apartment-for-rent-southern-governorate-riffa-al-bahair-56068084.html,2026-08-12T20:53:13.944971+00:00,2026-08-26T23:12:42.541291+00:00,14,2026-08-26T23:12:42.541291+00:00
2026-08-28,removed,56095799,,,Apartment,1 bedroom flat Address Marassi Vista,630.0,,,,BHD,monthly,,,,,,,,Diyar Al Muharraq,,,26.303447723388672,50.6461296081543,,,,ALOSTATH,,YES,,,,,https://www.propertyfinder.bh/en/plp/rent/apartment-for-rent-muharraq-governorate-diyar-al-muharraq-marassi-al-bahrain-56095799.html,2026-08-13T20:51:34.764467+00:00,2026-08-26T23:12:42.541291+00:00,13,2026-08-26T23:12:42.541291+00:00
2026-08-28,removed,56096550,,,Apartment,LUXURIOUS SEA VIEW STUDIO - BEACH ACCESS- WIFI,300.0,,,,BHD,monthly,,,,,,,,,,,26.239999771118164,50.5369987487793,,,,Unus Sirajuddin,,YES,,,,,https://www.propertyfinder.bh/en/plp/rent/apartment-for-rent-capital-governorate-seef-56096550.html,2026-08-13T20:51:34.764467+00:00,2026-08-26T23:12:42.541291+00:00,13,2026-08-26T23:12:42.541291+00:00
2026-08-28,removed,56124797,,,Apartment,Low Price Apartment with Open Kitchen / MY,170.0,,,,BHD,monthly,,,,,,,,,,,26.149999618530273,50.58333206176758,,,,Nayla Tabussam,,NO,,,,,https://www.propertyfinder.bh/en/plp/rent/apartment-for-rent-central-governorate-sanad-56124797.html,2026-08-14T20:37:52.052197+00:00,2026-08-26T23:12:42.541291+00:00,12,2026-08-26T23:12:42.541291+00:00
2026-08-28,removed,56125626,,,Apartment,MODERN┃CLOSE KITCHEN┃BALCONY┃SEAVIEW┃SPACIOUS┃SAFE,290.0,,,,BHD,monthly,,,,,,,,,,,26.211111068725586,50.601112365722656,,,,Sahebaz Makki,,YES,,,,,https://www.propertyfinder.bh/en/plp/rent/apartment-for-rent-capital-governorate-al-juffair-56125626.html,2026-08-14T20:37:52.052197+00:00,2026-08-26T23:12:42.541291+00:00,12,2026-08-26T23:12:42.541291+00:00
2026-08-28,removed,56125639,,,Apartment,BEST 4 FAMILY┃DIRECT DEAL┃KIDS PLAY┃HS KEEPING SAF,340.0,,,,BHD,monthly,,,,,,,,,,,26.211111068725586,50.601112365722656,,,,Sahebaz Makki,,YES,,,,,https://www.propertyfinder.bh/en/plp/rent/apartment-for-rent-capital-governorate-al-juffair-56125639.html,2026-08-14T20:37:52.052197+00:00,2026-08-26T23:12:42.541291+00:00,12,2026-08-26T23:12:42.541291+00:00
2026-08-28,removed,56125649,,,Apartment,MODERN ┃MAIDS ROOM ┃SPACIOUS ┃LUXURY ┃SPACIOUS,380.0,,,,BHD,monthly,,,,,,,,,,,26.211111068725586,50.601112365722656,,,,Sahebaz Makki,,YES,,,,,https://www.propertyfinder.bh/en/plp/rent/apartment-for-rent-capital-governorate-al-juffair-56125649.html,2026-08-14T20:37:52.052197+00:00,2026-08-26T23:12:42.541291+00:00,12,2026-08-26T23:12:42.541291+00:00
2026-08-28,removed,56125674,,,Apartment,NEW┃UNLIMITED EWA MODERN┃SAFE┃GYM┃SPACIOUS,265.0,,,,BHD,monthly,,,,,,,,,,,26.207910537719727,50.587345123291016,,,,Sahebaz Makki,,YES,,,,,https://www.propertyfinder.bh/en/plp/rent/apartment-for-rent-capital-governorate-manama-mahooz-56125674.html,2026-08-14T20:37:52.052197+00:00,2026-08-26T23:12:42.541291+00:00,12,2026-08-26T23:12:42.541291+00:00
2026-08-28,removed,56125677,,,Apartment,MODERN/SPACIOUS / POOL / GYM / POOL / GYM/SEA VIEW,320.0,,,,BHD,monthly,,,,,,,,,,,26.207910537719727,50.587345123291016,,,,Sahebaz Makki,,YES,,,,,https://www.propertyfinder.bh/en/plp/rent/apartment-for-rent-capital-governorate-manama-mahooz-56125677.html,2026-08-14T20:37:52.052197+00:00,2026-08-26T23:12:42.541291+00:00,12,2026-08-26T23:12:42.541291+00:00
2026-08-28,removed,56125679,,,Apartment,MODERN┃2 BALCONY┃SEA VIEW┃HS.KEEPING┃5* AMENITIES,380.0,,,,BHD,monthly,,,,,,,,,,,26.207910537719727,50.587345123291016,,,,Sahebaz Makki,,YES,,,,,https://www.propertyfinder.bh/en/plp/rent/apartment-for-rent-capital-governorate-manama-mahooz-56125679.html,2026-08-14T20:37:52.052197+00:00,2026-08-26T23:12:42.541291+00:00,12,2026-08-26T23:12:42.541291+00:00
2026-08-28,removed,56153184,,,Apartment,Sea View I Spacious | House Keeping I Balcony,300.0,,,,BHD,monthly,,,,,,,,,,,26.211111068725586,50.601112365722656,,,,Antony Shaiju,,YES,,,,,https://www.propertyfinder.bh/en/plp/rent/apartment-for-rent-capital-governorate-al-juffair-56153184.html,2026-08-15T20:30:10.785226+00:00,2026-08-26T23:12:42.541291+00:00,11,2026-08-26T23:12:42.541291+00:00
2026-08-28,removed,56153854,,,Apartment,OFFER: LOWEST PRICE IN FLOATING CITY | UNIQE HOME,380.0,,,,BHD,monthly,,,,,,,,Al Marsa Floating City,,,26.2847957611084,50.669620513916016,,,,Karine Nalbandyan ,,YES,,,,,https://www.propertyfinder.bh/en/plp/rent/apartment-for-rent-muharraq-governorate-amwaj-islands-al-marsa-floating-city-56153854.html,2026-08-15T20:30:10.785226+00:00,2026-08-26T23:12:42.541291+00:00,11,2026-08-26T23:12:42.541291+00:00
2026-08-28,removed,56182229,,,Apartment,Luxurious Full Sea View Prime Area,600.0,,,,BHD,monthly,,,,,,,,Bahrain Financial Harbour,,,26.23778533935547,50.57342529296875,,,,Maher Alimadi,,YES,,,,,https://www.propertyfinder.bh/en/plp/rent/apartment-for-rent-capital-governorate-manama-bahrain-financial-harbour-56182229.html,2026-08-16T20:30:42.569281+00:00,2026-08-26T23:12:42.541291+00:00,10,2026-08-26T23:12:42.541291+00:00
2026-08-28,removed,56182813,,,Apartment,FINANCIAL HARBOUR STUNNING VIEW/ REFURBISHED/KIDS,500.0,,,,BHD,monthly,,,,,,,,Abraj Al Lulu,,,26.230030059814453,50.55890655517578,,,,Nanda Kumar,,YES,,,,,https://www.propertyfinder.bh/en/plp/rent/apartment-for-rent-capital-governorate-manama-abraj-al-lulu-56182813.html,2026-08-16T20:30:42.569281+00:00,2026-08-26T23:12:42.541291+00:00,10,2026-08-26T23:12:42.541291+00:00
2026-08-28,removed,56182862,,,Apartment,PURE LUXURY/ NO COMPROMISES/ HIGH END FURNISHING,400.0,,,,BHD,monthly,,,,,,,,Abraj Al Lulu,,,26.230030059814453,50.55890655517578,,,,Nanda Kumar,,YES,,,,,https://www.propertyfinder.bh/en/plp/rent/apartment-for-rent-capital-governorate-manama-abraj-al-lulu-56182862.html,2026-08-16T20:30:42.569281+00:00,2026-08-26T23:12:42.541291+00:00,10,2026-08-26T23:12:42.541291+00:00
2026-08-28,removed,56182985,,,Apartment,ULTIMATE LIVING EXOERIENCE/ BLACK TOWER ABRAJ LULU,700.0,,,,BHD,monthly,,,,,,,,Abraj Al Lulu,,,26.230030059814453,50.55890655517578,,,,Nanda Kumar,,YES,,,,,https://www.propertyfinder.bh/en/plp/rent/apartment-for-rent-capital-governorate-manama-abraj-al-lulu-56182985.html,2026-08-16T20:30:42.569281+00:00,2026-08-26T23:12:42.541291+00:00,10,2026-08-26T23:12:42.541291+00:00
2026-08-28,removed,56183006,,,Apartment,ABRAJ AL LULU/PERFECT VASTU/ STUNNING RENT,400.0,,,,BHD,monthly,,,,,,,,Abraj Al Lulu,,,26.230030059814453,50.55890655517578,,,,Nanda Kumar,,YES,,,,,https://www.propertyfinder.bh/en/plp/rent/apartment-for-rent-capital-governorate-manama-abraj-al-lulu-56183006.html,2026-08-16T20:30:42.569281+00:00,2026-08-26T23:12:42.541291+00:00,10,2026-08-26T23:12:42.541291+00:00
2026-08-28,removed,56183094,,,Apartment,DREAMS MEET REALITY / VALUE 4 RENT/HARBOUR VIEW,400.0,,,,BHD,monthly,,,,,,,,Abraj Al Lulu,,,26.230030059814453,50.55890655517578,,,,Nanda Kumar,,YES,,,,,https://www.propertyfinder.bh/en/plp/rent/apartment-for-rent-capital-governorate-manama-abraj-al-lulu-56183094.html,2026-08-16T20:30:42.569281+00:00,2026-08-26T23:12:42.541291+00:00,10,2026-08-26T23:12:42.541291+00:00
2026-08-28,removed,56183098,,,Apartment,Décor is fab and creates a wonderful vibe. Free AC,375.0,,,,BHD,monthly,,,,,,,,Abraj Al Lulu,,,26.230030059814453,50.55890655517578,,,,Nanda Kumar,,PARTLY,,,,,https://www.propertyfinder.bh/en/plp/rent/apartment-for-rent-capital-governorate-manama-abraj-al-lulu-56183098.html,2026-08-17T20:33:43.482575+00:00,2026-08-26T23:12:42.541291+00:00,9,2026-08-26T23:12:42.541291+00:00
2026-08-28,removed,56210311,,,Apartment,Balcony I Spacious I Store I Maid RoomIHS. Keeping,350.0,,,,BHD,monthly,,,,,,,,,,,26.211111068725586,50.601112365722656,,,,Antony Shaiju,,YES,,,,,https://www.propertyfinder.bh/en/plp/rent/apartment-for-rent-capital-governorate-al-juffair-56210311.html,2026-08-17T20:33:43.482575+00:00,2026-08-26T23:12:42.541291+00:00,9,2026-08-26T23:12:42.541291+00:00
2026-08-28,removed,56210479,,,Villa,Best Deal | 5 Bed | Swimming pool | Driver room,1100.0,,,,BHD,monthly,,,,,,,,Najma,,,26.29715919494629,50.669647216796875,,,,Linda Mehdi,,PARTLY,,,,,https://www.propertyfinder.bh/en/plp/rent/villa-for-rent-muharraq-governorate-amwaj-islands-najma-56210479.html,2026-08-17T20:33:43.482575+00:00,2026-08-26T23:12:42.541291+00:00,9,2026-08-26T23:12:42.541291+00:00
2026-08-28,removed,56210608,,,Apartment,GREAT DEAL WITH THE ART MEMBERSHIP | PETS ALLOWED,950.0,,,,BHD,monthly,,,,,,,,Amwaj Marina,,,26.293058395385742,50.65943908691406,,,,Fadi Eweida,,YES,,,,,https://www.propertyfinder.bh/en/plp/rent/apartment-for-rent-muharraq-governorate-amwaj-islands-amwaj-marina-56210608.html,2026-08-17T20:33:43.482575+00:00,2026-08-26T23:12:42.541291+00:00,9,2026-08-26T23:12:42.541291+00:00
2026-08-28,removed,56211638,,,Villa,Budget Villa - Modern Style - Good Location,650.0,,,,BHD,monthly,,,,,,,,,,,26.19164276123047,50.48757553100586,,,,Unus Sirajuddin,,PARTLY,,,,,https://www.propertyfinder.bh/en/plp/rent/villa-for-rent-northern-governorate-saar-56211638.html,2026-08-17T20:33:43.482575+00:00,2026-08-26T23:12:42.541291+00:00,9,2026-08-26T23:12:42.541291+00:00
2026-08-28,removed,56211750,,,Apartment,Elegant 3BR Living Steps from St Christopher,450.0,,,,BHD,monthly,,,,,,,,,,,26.19164276123047,50.48757553100586,,,,Antony Shaiju,,PARTLY,,,,,https://www.propertyfinder.bh/en/plp/rent/apartment-for-rent-northern-governorate-saar-56211750.html,2026-08-17T20:33:43.482575+00:00,2026-08-26T23:12:42.541291+00:00,9,2026-08-26T23:12:42.541291+00:00
2026-08-28,removed,56239796,,,Apartment,Brand New | Stylish IModernI Balcony I Great View,280.0,,,,BHD,monthly,,,,,,,,,,,26.211111068725586,50.601112365722656,,,,Antony Shaiju,,YES,,,,,https://www.propertyfinder.bh/en/plp/rent/apartment-for-rent-capital-governorate-al-juffair-56239796.html,2026-08-18T20:31:35.765281+00:00,2026-08-26T23:12:42.541291+00:00,8,2026-08-26T23:12:42.541291+00:00
2026-08-28,removed,56239808,,,Apartment,Only Families IChildren Pool/Games I House Keeping,340.0,,,,BHD,monthly,,,,,,,,,,,26.211111068725586,50.601112365722656,,,,Antony Shaiju,,YES,,,,,https://www.propertyfinder.bh/en/plp/rent/apartment-for-rent-capital-governorate-al-juffair-56239808.html,2026-08-18T20:31:35.765281+00:00,2026-08-26T23:12:42.541291+00:00,8,2026-08-26T23:12:42.541291+00:00
2026-08-28,removed,56240084,,,Apartment,SPACIOUS┃BALCONY┃HS KEEPING┃CPR FREE┃ALL BILL┃SEA,299.0,,,,BHD,monthly,,,,,,,,,,,26.211111068725586,50.601112365722656,,,,Sahebaz Makki,,YES,,,,,https://www.propertyfinder.bh/en/plp/rent/apartment-for-rent-capital-governorate-al-juffair-56240084.html,2026-08-18T20:31:35.765281+00:00,2026-08-26T23:12:42.541291+00:00,8,2026-08-26T23:12:42.541291+00:00
2026-08-28,removed,56240451,,,Villa,Modern | Spacious | Garden | Parking | Balcony,600.0,,,,BHD,monthly,,,,,,,,Diyar Al Muharraq,Sarat,,26.31142234802246,50.64306640625,,,,Mohamed Jamal,,PARTLY,,,,,https://www.propertyfinder.bh/en/plp/rent/villa-for-rent-muharraq-governorate-diyar-al-muharraq-sarat-56240451.html,2026-08-18T20:31:35.765281+00:00,2026-08-26T23:12:42.541291+00:00,8,2026-08-26T23:12:42.541291+00:00
2026-08-28,removed,56240704,,,Apartment,"1 Bedroom Flat for Rent in Adliya, – BD 170/-",170.0,,,,BHD,monthly,,,,,,,,,,,26.214487075805664,50.584754943847656,,,,Ali  Alnoaimi,,NO,,,,,https://www.propertyfinder.bh/en/plp/rent/apartment-for-rent-capital-governorate-manama-adliya-56240704.html,2026-08-18T20:31:35.765281+00:00,2026-08-26T23:12:42.541291+00:00,8,2026-08-26T23:12:42.541291+00:00
2026-08-28,removed,56240871,,,Apartment,BRAND NEW | STUNNING | POOL | MALL | BEACH ACCESS,400.0,,,,BHD,monthly,,,,,,,,Diyar Al Muharraq,,,26.303447723388672,50.6461296081543,,,,Dulce Sevilla,,YES,,,,,https://www.propertyfinder.bh/en/plp/rent/apartment-for-rent-muharraq-governorate-diyar-al-muharraq-marassi-al-bahrain-56240871.html,2026-08-18T20:31:35.765281+00:00,2026-08-26T23:12:42.541291+00:00,8,2026-08-26T23:12:42.541291+00:00
2026-08-28,removed,56241042,,,Apartment,Spacious 2BHK Apartment for Rent in Prime Hoora,180.0,,,,BHD,monthly,,,,,,,,Exhibition Road,,,26.231962203979492,50.59507369995117,,,,Sreekuttan Sreenivasan,,NO,,,,,https://www.propertyfinder.bh/en/plp/rent/apartment-for-rent-capital-governorate-hoora-exhibition-road-56241042.html,2026-08-18T20:31:35.765281+00:00,2026-08-26T23:12:42.541291+00:00,8,2026-08-26T23:12:42.541291+00:00
2026-08-28,removed,56270454,,,Villa,Reduced Sale Price Semi Furnished Villa Busaiteen,135000.0,,,,BHD,sell,,,,,,,,,,,26.27199935913086,50.60900115966797,,,,Violeta Abboud,,PARTLY,completed,,,,https://www.propertyfinder.bh/en/plp/buy/villa-for-sale-muharraq-governorate-busaiteen-56270454.html,2026-08-19T20:36:20.718393+00:00,2026-08-26T23:12:42.541291+00:00,7,2026-08-26T23:12:42.541291+00:00
2026-08-28,removed,56270836,,,Villa,"Luxurious 7 BR Villa for Sale, Saar | Front Garden",340000.0,,,,BHD,sell,,,,,,,,,,,26.19164276123047,50.48757553100586,,,,MAYDAN HOMES - SALES,,PARTLY,completed_primary,,,,https://www.propertyfinder.bh/en/plp/buy/villa-for-sale-northern-governorate-saar-56270836.html,2026-08-19T20:36:20.718393+00:00,2026-08-26T23:12:42.541291+00:00,7,2026-08-26T23:12:42.541291+00:00
2026-08-28,removed,56271184,,,Villa,New 3bed private Villa with maid's BD650exc,650.0,,,,BHD,monthly,,,,,,,,,,,26.19164276123047,50.48757553100586,,,,Jasmine Dhakan,,PARTLY,,,,,https://www.propertyfinder.bh/en/plp/rent/villa-for-rent-northern-governorate-saar-56271184.html,2026-08-19T20:36:20.718393+00:00,2026-08-26T23:12:42.541291+00:00,7,2026-08-26T23:12:42.541291+00:00
2026-08-28,removed,56300418,,,Apartment,MODERN┃LUXURY┃SPACIOUS┃OFFER┃BRIGHT┃BALCONY,290.0,,,,BHD,monthly,,,,,,,,,,,26.211111068725586,50.601112365722656,,,,Sahebaz Makki,,YES,,,,,https://www.propertyfinder.bh/en/plp/rent/apartment-for-rent-capital-governorate-al-juffair-56300418.html,2026-08-20T20:40:12.466755+00:00,2026-08-26T23:12:42.541291+00:00,6,2026-08-26T23:12:42.541291+00:00
2026-08-28,removed,56300506,,,Apartment,NEW/FAMILY/CLOSE KITCHEN/NO DEPOSIT/SPACIOUS,320.0,,,,BHD,monthly,,,,,,,,,,,26.211111068725586,50.601112365722656,,,,Sahebaz Makki,,YES,,,,,https://www.propertyfinder.bh/en/plp/rent/apartment-for-rent-capital-governorate-al-juffair-56300506.html,2026-08-20T20:40:12.466755+00:00,2026-08-26T23:12:42.541291+00:00,6,2026-08-26T23:12:42.541291+00:00
2026-08-28,removed,56300697,,,Apartment,Closed Kitchen I Balcony I House KeepingI Families,320.0,,,,BHD,monthly,,,,,,,,,,,26.211111068725586,50.601112365722656,,,,Antony Shaiju,,YES,,,,,https://www.propertyfinder.bh/en/plp/rent/apartment-for-rent-capital-governorate-al-juffair-56300697.html,2026-08-20T20:40:12.466755+00:00,2026-08-26T23:12:42.541291+00:00,6,2026-08-26T23:12:42.541291+00:00
2026-08-28,removed,56301471,,,Villa,Corner Villa | 4BR + Maid | 2 Streets | Al Sayah,173000.0,,,,BHD,sell,,,,,,,,,,,26.27199935913086,50.60900115966797,,,,Samar Kafri,,NO,completed_primary,,,,https://www.propertyfinder.bh/en/plp/buy/villa-for-sale-muharraq-governorate-busaiteen-56301471.html,2026-08-20T20:40:12.466755+00:00,2026-08-26T23:12:42.541291+00:00,6,2026-08-26T23:12:42.541291+00:00
2026-08-28,removed,56331270,,,Apartment,MODERN┃NEW┃BALCONY┃SPACIOUS┃SAFE ALL BILL┃POOL┃GYM,299.0,,,,BHD,monthly,,,,,,,,,,,26.211111068725586,50.601112365722656,,,,Sahebaz Makki,,YES,,,,,https://www.propertyfinder.bh/en/plp/rent/apartment-for-rent-capital-governorate-al-juffair-56331270.html,2026-08-21T20:32:39.293113+00:00,2026-08-26T23:12:42.541291+00:00,5,2026-08-26T23:12:42.541291+00:00
2026-08-28,removed,56331429,,,Apartment,BRAND NEW 3BHK WITH BALCONY/LIFT/PARKING/MY,280.0,,,,BHD,monthly,,,,,,,,West Riffa,,,26.123153686523438,50.54193878173828,,,,Nayla Tabussam,,NO,,,,,https://www.propertyfinder.bh/en/plp/rent/apartment-for-rent-southern-governorate-riffa-west-riffa-56331429.html,2026-08-22T20:31:02.398311+00:00,2026-08-26T23:12:42.541291+00:00,4,2026-08-26T23:12:42.541291+00:00
2026-08-28,removed,56360414,,,Villa,4Bed-Furnished Villa- Canal & Boat Mooring Access,1100.0,,,,BHD,monthly,,,,,,,,Al Marsa Floating City,,,26.2847957611084,50.669620513916016,,,,Alice Wanjiru,,YES,,,,,https://www.propertyfinder.bh/en/plp/rent/villa-for-rent-muharraq-governorate-amwaj-islands-al-marsa-floating-city-56360414.html,2026-08-22T20:31:02.398311+00:00,2026-08-26T23:12:42.541291+00:00,4,2026-08-26T23:12:42.541291+00:00
2026-08-28,removed,56360737,,,Apartment,Luxury Sea View Living in Iconic Tower Homes,380.0,,,,BHD,monthly,,,,,,,,,,,26.211111068725586,50.601112365722656,,,,Antony Shaiju,,YES,,,,,https://www.propertyfinder.bh/en/plp/rent/apartment-for-rent-capital-governorate-al-juffair-56360737.html,2026-08-22T20:31:02.398311+00:00,2026-08-26T23:12:42.541291+00:00,4,2026-08-26T23:12:42.541291+00:00
2026-08-28,removed,56392528,,,Apartment,Unlimitted EWA I Closed Kitchen I Family Building,440.0,,,,BHD,monthly,,,,,,,,,,,26.207910537719727,50.587345123291016,,,,Antony Shaiju,,YES,,,,,https://www.propertyfinder.bh/en/plp/rent/apartment-for-rent-capital-governorate-manama-mahooz-56392528.html,2026-08-23T20:31:12.189274+00:00,2026-08-26T23:12:42.541291+00:00,3,2026-08-26T23:12:42.541291+00:00
2026-08-28,removed,56392708,,,Apartment,NEW┃CINEMA┃HOT CAKE┃MODERN VIEW┃PREMIUM FACILITIES,269.0,,,,BHD,monthly,,,,,,,,,,,26.211111068725586,50.601112365722656,,,,Sahebaz Makki,,YES,,,,,https://www.propertyfinder.bh/en/plp/rent/apartment-for-rent-capital-governorate-al-juffair-56392708.html,2026-08-23T20:31:12.189274+00:00,2026-08-26T23:12:42.541291+00:00,3,2026-08-26T23:12:42.541291+00:00
2026-08-28,removed,56422229,,,Apartment,Amazing Sea View|Luxury Facilities |Bright-Modern,399.0,,,,BHD,monthly,,,,,,,,,,,26.211111068725586,50.601112365722656,,,,Hazeeth,,YES,,,,,https://www.propertyfinder.bh/en/plp/rent/apartment-for-rent-capital-governorate-al-juffair-56422229.html,2026-08-24T20:40:05.194875+00:00,2026-08-26T23:12:42.541291+00:00,2,2026-08-26T23:12:42.541291+00:00
2026-08-28,removed,56422867,,,Office Space,new open space office for rent in adlyah,450.0,,,,BHD,monthly,,,,,,,,,,,26.214487075805664,50.584754943847656,,,,Sayed Hashem Hasan,,PARTLY,,,,,https://www.propertyfinder.bh/en/plp/commercial-rent/office-space-for-rent-capital-governorate-manama-adliya-56422867.html,2026-08-24T20:40:05.194875+00:00,2026-08-26T23:12:42.541291+00:00,2,2026-08-26T23:12:42.541291+00:00
2026-08-28,removed,56423197,,,Whole Building,New Labor accommodation in Tubli 24- room,2700.0,,,,BHD,monthly,,,,,,,,,,,26.188888549804688,50.54999923706055,,,,Mohammed Alseba,,NO,,,,,https://www.propertyfinder.bh/en/plp/rent/whole-building-for-rent-central-governorate-tubli-56423197.html,2026-08-24T20:40:05.194875+00:00,2026-08-26T23:12:42.541291+00:00,2,2026-08-26T23:12:42.541291+00:00
2026-08-28,removed,56423456,,,Apartment,Modern I Great View I Balcony I Great Facilities,300.0,,,,BHD,monthly,,,,,,,,,,,26.211111068725586,50.601112365722656,,,,Antony Shaiju,,YES,,,,,https://www.propertyfinder.bh/en/plp/rent/apartment-for-rent-capital-governorate-al-juffair-56423456.html,2026-08-24T20:40:05.194875+00:00,2026-08-26T23:12:42.541291+00:00,2,2026-08-26T23:12:42.541291+00:00
2026-08-28,removed,56454418,,,Apartment,"Beyond Luxury, Wow Facilities!  Housekeeping",550.0,,,,BHD,monthly,,,,,,,,,,,26.239999771118164,50.5369987487793,,,,Eva Gavin,,YES,,,,,https://www.propertyfinder.bh/en/plp/rent/apartment-for-rent-capital-governorate-seef-56454418.html,2026-08-25T20:39:04.524858+00:00,2026-08-26T23:12:42.541291+00:00,1,2026-08-26T23:12:42.541291+00:00
2026-08-28,removed,56485152,,,Apartment,MAIDS ROOM ┃ BALCONY ┃ CLOSE KITCHEN ┃HS KEEPING,350.0,,,,BHD,monthly,,,,,,,,,,,26.211111068725586,50.601112365722656,,,,Sahebaz Makki,,YES,,,,,https://www.propertyfinder.bh/en/plp/rent/apartment-for-rent-capital-governorate-al-juffair-56485152.html,2026-08-26T23:12:42.541291+00:00,2026-08-26T23:12:42.541291+00:00,0,2026-08-26T23:12:42.541291+00:00
2026-08-28,removed,56485932,,,Apartment,FURNISHED STUDIO IN JUFFAIR | EWA & WIFI INCLUSIVE,230.0,,,,BHD,monthly,,,,,,,,,,,26.211111068725586,50.601112365722656,,,,OKA Real Estate,,YES,,,,,https://www.propertyfinder.bh/en/plp/rent/apartment-for-rent-capital-governorate-al-juffair-56485932.html,2026-08-26T23:12:42.541291+00:00,2026-08-26T23:12:42.541291+00:00,0,2026-08-26T23:12:42.541291+00:00
2026-08-28,removed,6fed3457-e882-4e28-b103-4b2b3630925b,,,villa,Beaut Budaiya,119000.0,,,,BHD,,,,,,,,,,,,26.21316647,50.44746995,,,,Al Raha Real Estate,,,not_started,,,,/en/new-projects/al-raha-real-estate/beaut-budaiya,2026-05-31T13:58:31.068517+00:00,2026-08-26T23:12:42.541291+00:00,87,2026-08-26T23:12:42.541291+00:00
2026-08-28,removed,863208,,,Apartment,Moder&amp; Stylish flat for rent in Janabiya,300.0,,,,BHD,monthly,,,,,,,,,,,26.185943603515625,50.46711349487305,,,,Dafina Muca,,YES,,,,,https://www.propertyfinder.bh/en/plp/rent/apartment-for-rent-northern-governorate-janabiya-863208.html,2026-05-31T13:58:31.068517+00:00,2026-08-26T23:12:42.541291+00:00,87,2026-08-26T23:12:42.541291+00:00
2026-08-28,removed,868539,,,Villa,Luxurious Residential 4 BR Villa with Pool and Garden,950.0,,,,BHD,monthly,,,,,,,,,,,26.19164276123047,50.48757553100586,,,,Millennium Capital Property,,PARTLY,,,,,https://www.propertyfinder.bh/en/plp/rent/villa-for-rent-northern-governorate-saar-868539.html,2026-06-27T20:31:13.793073+00:00,2026-08-26T23:12:42.541291+00:00,60,2026-08-26T23:12:42.541291+00:00
2026-08-28,removed,905542,,,Apartment,BRAND NEW ! SEMI Furnished ! 2 Bedroom apartment !,330.0,,,,BHD,monthly,,,,,,,,,,,26.185943603515625,50.46711349487305,,,,Millennium Capital Property,,YES,,,,,https://www.propertyfinder.bh/en/plp/rent/apartment-for-rent-northern-governorate-janabiya-905542.html,2026-06-27T20:31:13.793073+00:00,2026-08-26T23:12:42.541291+00:00,60,2026-08-26T23:12:42.541291+00:00
2026-08-28,removed,923574,,,Shop,Shop/Showroom/Store for rent in Salmabad,450.0,,,,BHD,monthly,,,,,,,,,,,26.183332443237305,50.516666412353516,,,,Sreejith Kunnil,,NO,,,,,https://www.propertyfinder.bh/en/plp/commercial-rent/shop-for-rent-central-governorate-salmabad-923574.html,2026-05-31T13:58:31.068517+00:00,2026-08-26T23:12:42.541291+00:00,87,2026-08-26T23:12:42.541291+00:00
2026-08-28,removed,930815,,,Apartment,furnished 3 bedrooms flat for rent in seef,600.0,,,,BHD,monthly,,,,,,,,,,,26.239999771118164,50.5369987487793,,,,Mustafa  Ebrahim,,YES,,,,,https://www.propertyfinder.bh/en/plp/rent/apartment-for-rent-capital-governorate-seef-930815.html,2026-05-31T13:58:31.068517+00:00,2026-08-26T23:12:42.541291+00:00,87,2026-08-26T23:12:42.541291+00:00
2026-08-28,removed,931792,,,Office Space,office space for rent in Budaiya road,380.0,,,,BHD,monthly,,,,,,,,,,,26.213165283203125,50.447471618652344,,,,Mustafa  Ebrahim,,NO,,,,,https://www.propertyfinder.bh/en/plp/commercial-rent/office-space-for-rent-northern-governorate-budaiya-931792.html,2026-05-31T13:58:31.068517+00:00,2026-08-26T23:12:42.541291+00:00,87,2026-08-26T23:12:42.541291+00:00
2026-08-28,removed,932796,,,Apartment,Stunning apartment for Sale in Sanabis area ,58000.0,,,,BHD,sell,,,,,,,,Sanabis,,,26.226558685302734,50.5459098815918,,,,Dafina Muca,,YES,completed,,,,https://www.propertyfinder.bh/en/plp/buy/apartment-for-sale-capital-governorate-manama-sanabis-932796.html,2026-05-31T13:58:31.068517+00:00,2026-08-26T23:12:42.541291+00:00,87,2026-08-26T23:12:42.541291+00:00
2026-08-28,removed,938102,,,Villa,Villa with Pool and Garden for Sale Janabiyah,210000.0,,,,BHD,sell,,,,,,,,,,,26.185943603515625,50.46711349487305,,,,Hassan Raed,,YES,completed,,,,https://www.propertyfinder.bh/en/plp/buy/villa-for-sale-northern-governorate-janabiya-938102.html,2026-05-31T13:58:31.068517+00:00,2026-08-26T23:12:42.541291+00:00,87,2026-08-26T23:12:42.541291+00:00
2026-08-28,removed,941528,,,Villa,New Villa for Sale in Bu Quwah - Saraya 2,268000.0,,,,BHD,sell,,,,,,,,,,,26.202558517456055,50.519554138183594,,,,Ali Almalek,,PARTLY,completed,,,,https://www.propertyfinder.bh/en/plp/buy/villa-for-sale-northern-governorate-bu-quwah-941528.html,2026-05-31T13:58:31.068517+00:00,2026-08-26T23:12:42.541291+00:00,87,2026-08-26T23:12:42.541291+00:00
2026-08-28,removed,945379,,,Villa,Beautiful 3bed garden Villa in big Green Compound,700.0,,,,BHD,monthly,,,,,,,,,,,26.185943603515625,50.46711349487305,,,,Jasmine Dhakan,,PARTLY,,,,,https://www.propertyfinder.bh/en/plp/rent/villa-for-rent-northern-governorate-janabiya-945379.html,2026-05-31T13:58:31.068517+00:00,2026-08-26T23:12:42.541291+00:00,87,2026-08-26T23:12:42.541291+00:00
2026-08-28,removed,948272,,,Apartment,Flat for sale in Hidd. HOT DEAL. Investment,54000.0,,,,BHD,sell,,,,,,,,,,,26.21263313293457,50.67418670654297,,,,Dafina Muca,,PARTLY,completed,,,,https://www.propertyfinder.bh/en/plp/buy/apartment-for-sale-muharraq-governorate-hidd-948272.html,2026-05-31T13:58:31.068517+00:00,2026-08-26T23:12:42.541291+00:00,87,2026-08-26T23:12:42.541291+00:00
2026-08-28,removed,951476,,,Apartment,Great Apartment For Rent In Diraz,160.0,,,,BHD,monthly,,,,,,,,,,,26.220962524414062,50.46446990966797,,,,Ayman Idrees,,NO,,,,,https://www.propertyfinder.bh/en/plp/rent/apartment-for-rent-northern-governorate-diraz-951476.html,2026-05-31T13:58:31.068517+00:00,2026-08-26T23:12:42.541291+00:00,87,2026-08-26T23:12:42.541291+00:00
2026-08-28,removed,956517,,,Apartment,Affordable flat for rent in amwaj/Ready to move in,600.0,,,,BHD,monthly,,,,,,,,,,,26.288480758666992,50.66381072998047,,,,Dafina Muca,,YES,,,,,https://www.propertyfinder.bh/en/plp/rent/apartment-for-rent-muharraq-governorate-amwaj-islands-956517.html,2026-07-16T13:23:22.641531+00:00,2026-08-26T23:12:42.541291+00:00,41,2026-08-26T23:12:42.541291+00:00
2026-08-28,removed,956520,,,Apartment,Modern flat for rent in Seef /Ready to move in,490.0,,,,BHD,monthly,,,,,,,,,,,26.239999771118164,50.5369987487793,,,,Dafina Muca,,YES,,,,,https://www.propertyfinder.bh/en/plp/rent/apartment-for-rent-capital-governorate-seef-956520.html,2026-05-31T13:58:31.068517+00:00,2026-08-26T23:12:42.541291+00:00,87,2026-08-26T23:12:42.541291+00:00
2026-08-28,removed,957800,,,Apartment,Luxury flat for rent in Seef/Ready to move in ,500.0,,,,BHD,monthly,,,,,,,,Bahrain Financial Harbour,,,26.23778533935547,50.57342529296875,,,,Dafina Muca,,YES,,,,,https://www.propertyfinder.bh/en/plp/rent/apartment-for-rent-capital-governorate-manama-bahrain-financial-harbour-957800.html,2026-05-31T13:58:31.068517+00:00,2026-08-26T23:12:42.541291+00:00,87,2026-08-26T23:12:42.541291+00:00
2026-08-28,removed,959129,,,Apartment,Beautiful Flat for rent in Seef/Ready to move in !,350.0,,,,BHD,monthly,,,,,,,,,,,26.239999771118164,50.5369987487793,,,,Dafina Muca,,YES,,,,,https://www.propertyfinder.bh/en/plp/rent/apartment-for-rent-capital-governorate-seef-959129.html,2026-05-31T13:58:31.068517+00:00,2026-08-26T23:12:42.541291+00:00,87,2026-08-26T23:12:42.541291+00:00
2026-08-28,removed,959302,,,Apartment,Duplex/Amazing View/Big Balcony/ Maid room.,1390.0,,,,BHD,monthly,,,,,,,,,,,26.241750717163086,50.5663948059082,,,,Dafina Muca,,YES,,,,,https://www.propertyfinder.bh/en/plp/rent/apartment-for-rent-capital-governorate-reef-island-959302.html,2026-05-31T13:58:31.068517+00:00,2026-08-26T23:12:42.541291+00:00,87,2026-08-26T23:12:42.541291+00:00
2026-08-28,removed,961421,,,Apartment,Studio for rent in Harbour /All inclusive/ ,400.0,,,,BHD,monthly,,,,,,,,Bahrain Financial Harbour,,,26.23778533935547,50.57342529296875,,,,Dafina Muca,,YES,,,,,https://www.propertyfinder.bh/en/plp/rent/apartment-for-rent-capital-governorate-manama-bahrain-financial-harbour-961421.html,2026-05-31T13:58:31.068517+00:00,2026-08-26T23:12:42.541291+00:00,87,2026-08-26T23:12:42.541291+00:00
2026-08-28,removed,961572,,,Apartment,Beautiful Furnished/Rent Juffair/Ready to move in,704.0,,,,BHD,monthly,,,,,,,,,,,26.211111068725586,50.601112365722656,,,,Dafina Muca,,YES,,,,,https://www.propertyfinder.bh/en/plp/rent/apartment-for-rent-capital-governorate-al-juffair-961572.html,2026-06-02T00:10:52.106132+00:00,2026-08-26T23:12:42.541291+00:00,85,2026-08-26T23:12:42.541291+00:00
2026-08-28,removed,962614,,,Villa,BRAND NEW | LUXURIOUS |  4BR VILLA SAAR,1200.0,,,,BHD,monthly,,,,,,,,,,,26.19164276123047,50.48757553100586,,,,Millennium Capital Property,,PARTLY,,,,,https://www.propertyfinder.bh/en/plp/rent/villa-for-rent-northern-governorate-saar-962614.html,2026-07-27T21:16:55.514144+00:00,2026-08-26T23:12:42.541291+00:00,30,2026-08-26T23:12:42.541291+00:00
2026-08-28,removed,962628,,,Villa,4 BED | villa | stunning cozy | saar,1050.0,,,,BHD,monthly,,,,,,,,,,,26.19164276123047,50.48757553100586,,,,Millennium Capital Property,,PARTLY,,,,,https://www.propertyfinder.bh/en/plp/rent/villa-for-rent-northern-governorate-saar-962628.html,2026-07-27T21:16:55.514144+00:00,2026-08-26T23:12:42.541291+00:00,30,2026-08-26T23:12:42.541291+00:00
2026-08-28,removed,966060,,,Apartment,Family Apartment 3 BHK / Burhama/Parking,240.0,,,,BHD,monthly,,,,,,,,,,,26.21672821044922,50.55367660522461,,,,Sreejith Kunnil,,PARTLY,,,,,https://www.propertyfinder.bh/en/plp/rent/apartment-for-rent-capital-governorate-manama-al-burhama-966060.html,2026-05-31T13:58:31.068517+00:00,2026-08-26T23:12:42.541291+00:00,87,2026-08-26T23:12:42.541291+00:00
2026-08-28,removed,966985,,,Apartment,Premier l New 5 Star l One Bedroom Suite,700.0,,,,BHD,monthly,,,,,,,,,,,26.239999771118164,50.5369987487793,,,,Leonard Dawatan,,YES,,,,,https://www.propertyfinder.bh/en/plp/rent/apartment-for-rent-capital-governorate-seef-966985.html,2026-05-31T13:58:31.068517+00:00,2026-08-26T23:12:42.541291+00:00,87,2026-08-26T23:12:42.541291+00:00
2026-08-28,removed,967110,,,Apartment,Family Apartment /2 BHK/ Furnished with EWA,250.0,,,,BHD,monthly,,,,,,,,,,,26.218677520751953,50.59382247924805,,,,Sreejith Kunnil,,YES,,,,,https://www.propertyfinder.bh/en/plp/rent/apartment-for-rent-capital-governorate-manama-gudaibiya-967110.html,2026-07-27T21:16:55.514144+00:00,2026-08-26T23:12:42.541291+00:00,30,2026-08-26T23:12:42.541291+00:00
2026-08-28,removed,970071,,,Apartment,For rent nice 3bhk in Jed Ali area,160.0,,,,BHD,monthly,,,,,,,,,,,26.179166793823242,50.56222152709961,,,,Ali Alkhunaizi,,NO,,,,,https://www.propertyfinder.bh/en/plp/rent/apartment-for-rent-central-governorate-jid-ali-970071.html,2026-05-31T13:58:31.068517+00:00,2026-08-26T23:12:42.541291+00:00,87,2026-08-26T23:12:42.541291+00:00
2026-08-28,removed,971158,,,Apartment,Sea View One Bedroom For Rent / Seef/Ready to move,390.0,,,,BHD,monthly,,,,,,,,,,,26.239999771118164,50.5369987487793,,,,Dafina Muca,,YES,,,,,https://www.propertyfinder.bh/en/plp/rent/apartment-for-rent-capital-governorate-seef-971158.html,2026-05-31T13:58:31.068517+00:00,2026-08-26T23:12:42.541291+00:00,87,2026-08-26T23:12:42.541291+00:00
2026-08-28,removed,972759,,,Apartment,Luxury Apartment For Rent In Saar,430.0,,,,BHD,monthly,,,,,,,,,,,26.19164276123047,50.48757553100586,,,,Ayman Idrees,,YES,,,,,https://www.propertyfinder.bh/en/plp/rent/apartment-for-rent-northern-governorate-saar-972759.html,2026-07-27T21:16:55.514144+00:00,2026-08-26T23:12:42.541291+00:00,30,2026-08-26T23:12:42.541291+00:00
2026-08-28,removed,977260,,,Land,Residential Land for Sale in Janabiya ,111536.0,,,,BHD,sell,,,,,,,,,,,26.185943603515625,50.46711349487305,,,,Mahmood Al-Shaikh,,,,,,,https://www.propertyfinder.bh/en/plp/buy/land-for-sale-northern-governorate-janabiya-977260.html,2026-05-31T13:58:31.068517+00:00,2026-08-26T23:12:42.541291+00:00,87,2026-08-26T23:12:42.541291+00:00
2026-08-28,removed,977412,,,Office Space,APARTMENTS FOR RENT IN AL QADAM Brand New 3BHK,300.0,,,,BHD,monthly,,,,,,,,,,,26.212005615234375,50.520294189453125,,,,Mustafa  Ebrahim,,PARTLY,,,,,https://www.propertyfinder.bh/en/plp/commercial-rent/office-space-for-rent-northern-governorate-al-qadam-977412.html,2026-05-31T13:58:31.068517+00:00,2026-08-26T23:12:42.541291+00:00,87,2026-08-26T23:12:42.541291+00:00
2026-08-28,removed,977416,,,Office Space,APARTMENTS FOR RENT IN AL QADAM Brand New,280.0,,,,BHD,monthly,,,,,,,,,,,26.212005615234375,50.520294189453125,,,,Mustafa  Ebrahim,,PARTLY,,,,,https://www.propertyfinder.bh/en/plp/commercial-rent/office-space-for-rent-northern-governorate-al-qadam-977416.html,2026-05-31T13:58:31.068517+00:00,2026-08-26T23:12:42.541291+00:00,87,2026-08-26T23:12:42.541291+00:00
2026-08-28,removed,979155,,,Villa,Facilities | Parking for 2 cars | Semi-furnished,900.0,,,,BHD,monthly,,,,,,,,,,,26.140336990356445,50.478271484375,,,,Samar Kafri,,PARTLY,,,,,https://www.propertyfinder.bh/en/plp/rent/villa-for-rent-northern-governorate-hamala-979155.html,2026-07-28T21:13:30.461515+00:00,2026-08-26T23:12:42.541291+00:00,29,2026-08-26T23:12:42.541291+00:00
2026-08-28,removed,979953,,,Villa,ِSpacious | Close to the Sea | Modern | Garden,160000.0,,,,BHD,sell,,,,,,,,,,,26.25,50.650001525878906,,,,Samar Kafri,,NO,completed,,,,https://www.propertyfinder.bh/en/plp/buy/villa-for-sale-muharraq-governorate-arad-979953.html,2026-05-31T13:58:31.068517+00:00,2026-08-26T23:12:42.541291+00:00,87,2026-08-26T23:12:42.541291+00:00
2026-08-28,removed,979954,,,Villa,Private Pool and Gym | Garden | Newly Built,280000.0,,,,BHD,sell,,,,,,,,Hanging Garden,,,26.27286720275879,50.672889709472656,,,,Samar Kafri,,PARTLY,completed_primary,,,,https://www.propertyfinder.bh/en/plp/buy/villa-for-sale-muharraq-governorate-dilmunia-island-hanging-garden-979954.html,2026-05-31T13:58:31.068517+00:00,2026-08-26T23:12:42.541291+00:00,87,2026-08-26T23:12:42.541291+00:00
2026-08-28,removed,979959,,,Villa,Modern | Newly Built | Sea View | Terrace,138000.0,,,,BHD,sell,,,,,,,,,,,26.22623634338379,50.49492263793945,,,,Samar Kafri,,NO,completed,,,,https://www.propertyfinder.bh/en/plp/buy/villa-for-sale-northern-governorate-jannusan-979959.html,2026-07-28T21:13:30.461515+00:00,2026-08-26T23:12:42.541291+00:00,29,2026-08-26T23:12:42.541291+00:00
2026-08-28,removed,979967,,,Apartment,Quiet Residence | Prime Location | Furnished,390.0,,,,BHD,monthly,,,,,,,,,,,26.21023941040039,50.49468231201172,,,,Samar Kafri,,YES,,,,,https://www.propertyfinder.bh/en/plp/rent/apartment-for-rent-northern-governorate-maqabah-979967.html,2026-07-28T21:13:30.461515+00:00,2026-08-26T23:12:42.541291+00:00,29,2026-08-26T23:12:42.541291+00:00
2026-08-28,removed,979970,,,Villa,3 Grand Halls | Garden | Prime Location |,1100.0,,,,BHD,monthly,,,,,,,,,,,26.19164276123047,50.48757553100586,,,,Samar Kafri,,NO,,,,,https://www.propertyfinder.bh/en/plp/rent/villa-for-rent-northern-governorate-saar-979970.html,2026-05-31T13:58:31.068517+00:00,2026-08-26T23:12:42.541291+00:00,87,2026-08-26T23:12:42.541291+00:00
2026-08-28,removed,979975,,,Villa,Very Spacious | Semi Furnished | Garden | Gym,850.0,,,,BHD,monthly,,,,,,,,,,,26.20011329650879,50.46629333496094,,,,Samar Kafri,,YES,,,,,https://www.propertyfinder.bh/en/plp/rent/villa-for-rent-northern-governorate-al-qurayyah-979975.html,2026-05-31T13:58:31.068517+00:00,2026-08-26T23:12:42.541291+00:00,87,2026-08-26T23:12:42.541291+00:00
2026-08-28,removed,979979,,,Villa,Maids Quarter | Semi Furnished | Terrace,850.0,,,,BHD,monthly,,,,,,,,,,,26.20135498046875,50.4798698425293,,,,Samar Kafri,,PARTLY,,,,,https://www.propertyfinder.bh/en/plp/rent/villa-for-rent-northern-governorate-al-markh-979979.html,2026-05-31T13:58:31.068517+00:00,2026-08-26T23:12:42.541291+00:00,87,2026-08-26T23:12:42.541291+00:00
2026-08-28,removed,981411,,,Whole Building,WAREHOUSES FOR RENT IN SITRA Central Location |,1800.0,,,,BHD,monthly,,,,,,,,,,,26.162988662719727,50.6124267578125,,,,Mustafa  Ebrahim,,PARTLY,,,,,https://www.propertyfinder.bh/en/plp/commercial-rent/whole-building-for-rent-central-governorate-sitra-981411.html,2026-05-31T13:58:31.068517+00:00,2026-08-26T23:12:42.541291+00:00,87,2026-08-26T23:12:42.541291+00:00
2026-08-28,removed,984855,,,Apartment,NATURAL LIGHTS | ELEGANT & MODERN | PRIME AREA,400.0,,,,BHD,monthly,,,,,,,,Amwaj Avenue,,,26.29302978515625,50.66474151611328,,,,Violeta Abboud,,YES,,,,,https://www.propertyfinder.bh/en/plp/rent/apartment-for-rent-muharraq-governorate-amwaj-islands-amwaj-avenue-984855.html,2026-05-31T13:58:31.068517+00:00,2026-08-26T23:12:42.541291+00:00,87,2026-08-26T23:12:42.541291+00:00
2026-08-28,removed,984964,,,Apartment,MODERN & ELEGANT | DIRECT BEACH ACCESS | COZY,430.0,,,,BHD,monthly,,,,,,,,Amwaj Avenue,,,26.29302978515625,50.66474151611328,,,,Violeta Abboud,,YES,,,,,https://www.propertyfinder.bh/en/plp/rent/apartment-for-rent-muharraq-governorate-amwaj-islands-amwaj-avenue-984964.html,2026-05-31T13:58:31.068517+00:00,2026-08-26T23:12:42.541291+00:00,87,2026-08-26T23:12:42.541291+00:00
2026-08-28,removed,985091,,,Villa,Modern Villa for Rent in Janabiya/Private Pool,900.0,,,,BHD,monthly,,,,,,,,,,,26.185943603515625,50.46711349487305,,,,Dafina Muca,,YES,,,,,https://www.propertyfinder.bh/en/plp/rent/villa-for-rent-northern-governorate-janabiya-985091.html,2026-05-31T13:58:31.068517+00:00,2026-08-26T23:12:42.541291+00:00,87,2026-08-26T23:12:42.541291+00:00
2026-08-28,removed,986506,,,Apartment,STYLISH & MODERN | GATED COMMUNITY | ELEGANT,56000.0,,,,BHD,sell,,,,,,,,Amwaj Avenue,,,26.29302978515625,50.66474151611328,,,,Violeta Abboud,,YES,completed_primary,,,,https://www.propertyfinder.bh/en/plp/buy/apartment-for-sale-muharraq-governorate-amwaj-islands-amwaj-avenue-986506.html,2026-05-31T13:58:31.068517+00:00,2026-08-26T23:12:42.541291+00:00,87,2026-08-26T23:12:42.541291+00:00
2026-08-28,removed,988205,,,Apartment,Cozy apartment for sale in Janabiya. HOT DEAL!,51000.0,,,,BHD,sell,,,,,,,,,,,26.185943603515625,50.46711349487305,,,,Hassan Raed,,YES,completed,,,,https://www.propertyfinder.bh/en/plp/buy/apartment-for-sale-northern-governorate-janabiya-988205.html,2026-05-31T13:58:31.068517+00:00,2026-08-26T23:12:42.541291+00:00,87,2026-08-26T23:12:42.541291+00:00
2026-08-28,removed,988414,,,Villa,Compound | Many facilities | Private Garden,800.0,,,,BHD,monthly,,,,,,,,,,,26.19164276123047,50.48757553100586,,,,Samar Kafri,,PARTLY,,,,,https://www.propertyfinder.bh/en/plp/rent/villa-for-rent-northern-governorate-saar-988414.html,2026-07-28T21:13:30.461515+00:00,2026-08-26T23:12:42.541291+00:00,29,2026-08-26T23:12:42.541291+00:00
2026-08-28,removed,990387,,,Apartment,Spacious/ 3master bedrooms/ modern/closed kitchen,550.0,,,,BHD,monthly,,,,,,,,Amwaj Beachfront,,,26.28470230102539,50.664039611816406,,,,Myrah Ganapathy,,YES,,,,,https://www.propertyfinder.bh/en/plp/rent/apartment-for-rent-muharraq-governorate-amwaj-islands-amwaj-beachfront-990387.html,2026-05-31T13:58:31.068517+00:00,2026-08-26T23:12:42.541291+00:00,87,2026-08-26T23:12:42.541291+00:00
2026-08-28,removed,992055,,,Apartment,Semi-furnished | Security | Open kitchen,300.0,,,,BHD,monthly,,,,,,,,,,,26.19164276123047,50.48757553100586,,,,Samar Kafri,,PARTLY,,,,,https://www.propertyfinder.bh/en/plp/rent/apartment-for-rent-northern-governorate-saar-992055.html,2026-05-31T13:58:31.068517+00:00,2026-08-26T23:12:42.541291+00:00,87,2026-08-26T23:12:42.541291+00:00
2026-08-28,removed,992057,,,Apartment,Sea view | Balcony | Private parking,120000.0,,,,BHD,sell,,,,,,,,,,,26.249584197998047,50.580360412597656,,,,Samar Kafri,,YES,completed,,,,https://www.propertyfinder.bh/en/plp/buy/apartment-for-sale-capital-governorate-bahrain-bay-992057.html,2026-05-31T13:58:31.068517+00:00,2026-08-26T23:12:42.541291+00:00,87,2026-08-26T23:12:42.541291+00:00
2026-08-28,removed,993856,,,Villa,Private pool | Garden | 3 balconies |,1200.0,,,,BHD,monthly,,,,,,,,,,,26.19164276123047,50.48757553100586,,,,Samar Kafri,,PARTLY,,,,,https://www.propertyfinder.bh/en/plp/rent/villa-for-rent-northern-governorate-saar-993856.html,2026-05-31T13:58:31.068517+00:00,2026-08-26T23:12:42.541291+00:00,87,2026-08-26T23:12:42.541291+00:00
2026-08-28,removed,993873,,,Villa,Single storey | Private garden | Facilities,850.0,,,,BHD,monthly,,,,,,,,,,,26.229394912719727,50.48070526123047,,,,Samar Kafri,,PARTLY,,,,,https://www.propertyfinder.bh/en/plp/rent/villa-for-rent-northern-governorate-barbar-993873.html,2026-07-28T21:13:30.461515+00:00,2026-08-26T23:12:42.541291+00:00,29,2026-08-26T23:12:42.541291+00:00
2026-08-28,removed,994610,,,Office Space,office for rent in Adliya - Prime Location,450.0,,,,BHD,monthly,,,,,,,,,,,26.214487075805664,50.584754943847656,,,,Mahmood  Saeed,,PARTLY,,,,,https://www.propertyfinder.bh/en/plp/commercial-rent/office-space-for-rent-capital-governorate-manama-adliya-994610.html,2026-05-31T13:58:31.068517+00:00,2026-08-26T23:12:42.541291+00:00,87,2026-08-26T23:12:42.541291+00:00
2026-08-28,removed,994956,,,Apartment,! FULLY Furnished ! 3 Bedroom apartment !,550.0,,,,BHD,monthly,,,,,,,,,,,26.19164276123047,50.48757553100586,,,,Millennium Capital Property,,YES,,,,,https://www.propertyfinder.bh/en/plp/rent/apartment-for-rent-northern-governorate-saar-994956.html,2026-07-27T21:16:55.514144+00:00,2026-08-26T23:12:42.541291+00:00,30,2026-08-26T23:12:42.541291+00:00
2026-08-28,removed,995216,,,Villa,BEACH FRONT | SEAVIEW | GATED COMMUNITY | MODERN,240000.0,,,,BHD,sell,,,,,,,,Amwaj Avenue,,,26.29302978515625,50.66474151611328,,,,Violeta Abboud,,YES,completed_primary,,,,https://www.propertyfinder.bh/en/plp/buy/villa-for-sale-muharraq-governorate-amwaj-islands-amwaj-avenue-995216.html,2026-05-31T13:58:31.068517+00:00,2026-08-26T23:12:42.541291+00:00,87,2026-08-26T23:12:42.541291+00:00
2026-08-28,removed,995724,,,Apartment,"Luxury Studio with Big balcony, Pool and GYM",290.0,,,,BHD,monthly,,,,,,,,Hanging Garden,,,26.27286720275879,50.672889709472656,,,,Dafina Muca,,YES,,,,,https://www.propertyfinder.bh/en/plp/rent/apartment-for-rent-muharraq-governorate-dilmunia-island-hanging-garden-995724.html,2026-05-31T13:58:31.068517+00:00,2026-08-26T23:12:42.541291+00:00,87,2026-08-26T23:12:42.541291+00:00
2026-08-28,removed,995730,,,Apartment,"Luxury Studio, Inclusive, Pool and GYM/ Cinema",300.0,,,,BHD,monthly,,,,,,,,,,,26.211111068725586,50.601112365722656,,,,Dafina Muca,,YES,,,,,https://www.propertyfinder.bh/en/plp/rent/apartment-for-rent-capital-governorate-al-juffair-995730.html,2026-06-02T00:10:52.106132+00:00,2026-08-26T23:12:42.541291+00:00,85,2026-08-26T23:12:42.541291+00:00
2026-08-28,removed,996502,,,Villa,Freehold| Elegant| Sea Front| Ready| New Project,275000.0,,,,BHD,sell,,,,,,,,Diyar Al Muharraq,Al Naseem,,26.31142234802246,50.64306640625,,,,Katherine Chapman,,PARTLY,completed_primary,,,,https://www.propertyfinder.bh/en/plp/buy/villa-for-sale-muharraq-governorate-diyar-al-muharraq-al-naseem-996502.html,2026-05-31T13:58:31.068517+00:00,2026-08-26T23:12:42.541291+00:00,87,2026-08-26T23:12:42.541291+00:00
2026-08-28,removed,997468,,,Apartment,2 BHK Flat For Rent In Riffa Near Lulu With EWA,230.0,,,,BHD,monthly,,,,,,,,,,,26.1314754486084,50.568843841552734,,,,salman siraj,,PARTLY,,,,,https://www.propertyfinder.bh/en/plp/rent/apartment-for-rent-southern-governorate-riffa-bu-kowarah-997468.html,2026-05-31T13:58:31.068517+00:00,2026-08-26T23:12:42.541291+00:00,87,2026-08-26T23:12:42.541291+00:00
2026-08-28,removed,997683,,,Office Space,Office for Rent – Saqiya Area Prime Location,300.0,,,,BHD,monthly,,,,,,,,,,,26.214487075805664,50.584754943847656,,,,Mahmood  Saeed,,PARTLY,,,,,https://www.propertyfinder.bh/en/plp/commercial-rent/office-space-for-rent-capital-governorate-manama-adliya-997683.html,2026-05-31T13:58:31.068517+00:00,2026-08-26T23:12:42.541291+00:00,87,2026-08-26T23:12:42.541291+00:00
2026-08-28,removed,997794,,,Apartment,Modern 1 BHK | BEST PRICE | WIFI,350.0,,,,BHD,monthly,,,,,,,,,,,26.211111068725586,50.601112365722656,,,,Mina Majdi,,YES,,,,,https://www.propertyfinder.bh/en/plp/rent/apartment-for-rent-capital-governorate-al-juffair-997794.html,2026-07-16T13:23:22.641531+00:00,2026-08-26T23:12:42.541291+00:00,41,2026-08-26T23:12:42.541291+00:00
2026-08-28,removed,997834,,,Apartment,Modern 2 BHK | SeaView | Inclusive,450.0,,,,BHD,monthly,,,,,,,,,,,26.211111068725586,50.601112365722656,,,,Mina Majdi,,YES,,,,,https://www.propertyfinder.bh/en/plp/rent/apartment-for-rent-capital-governorate-al-juffair-997834.html,2026-07-16T13:23:22.641531+00:00,2026-08-26T23:12:42.541291+00:00,41,2026-08-26T23:12:42.541291+00:00
2026-08-28,removed,997847,,,Apartment,Modern 1 BHK | Privet gym | Balcony,350.0,,,,BHD,monthly,,,,,,,,,,,26.211111068725586,50.601112365722656,,,,Mina Majdi,,YES,,,,,https://www.propertyfinder.bh/en/plp/rent/apartment-for-rent-capital-governorate-al-juffair-997847.html,2026-07-16T13:23:22.641531+00:00,2026-08-26T23:12:42.541291+00:00,41,2026-08-26T23:12:42.541291+00:00
2026-08-28,removed,998322,,,Apartment,Golden Visa Eligible | Luxurious | Sea View,123000.0,,,,BHD,sell,,,,,,,,,,,26.21263313293457,50.67418670654297,,,,Samar Kafri,,NO,completed_primary,,,,https://www.propertyfinder.bh/en/plp/buy/apartment-for-sale-muharraq-governorate-hidd-998322.html,2026-07-28T21:13:30.461515+00:00,2026-08-26T23:12:42.541291+00:00,29,2026-08-26T23:12:42.541291+00:00
2026-08-28,removed,998488,,,Office Space,Ready to Move -Fitted Office - Closed  to City,85000.0,,,,BHD,sell,,,,,,,,,,,26.239999771118164,50.5369987487793,,,,Haroon Sorathia,,YES,completed,,,,https://www.propertyfinder.bh/en/plp/commercial-buy/office-space-for-sale-capital-governorate-seef-998488.html,2026-05-31T13:58:31.068517+00:00,2026-08-26T23:12:42.541291+00:00,87,2026-08-26T23:12:42.541291+00:00
2026-08-28,removed,998767,,,Apartment,Stylish BrandNew Modern Furnished 1BR+Balcony,350.0,,,,BHD,monthly,,,,,,,,,,,26.202558517456055,50.519554138183594,,,,Aby N,,YES,,,,,https://www.propertyfinder.bh/en/plp/rent/apartment-for-rent-northern-governorate-bu-quwah-998767.html,2026-05-31T13:58:31.068517+00:00,2026-08-26T23:12:42.541291+00:00,87,2026-08-26T23:12:42.541291+00:00
2026-08-28,removed,999270,,,Apartment,Exquisite 1BR for Rent | Treasure Dilmunia Island,350.0,,,,BHD,monthly,,,,,,,,The Treasure,,,26.27286720275879,50.672889709472656,,,,Katherine Chapman,,YES,,,,,https://www.propertyfinder.bh/en/plp/rent/apartment-for-rent-muharraq-governorate-dilmunia-island-the-treasure-999270.html,2026-05-31T13:58:31.068517+00:00,2026-08-26T23:12:42.541291+00:00,87,2026-08-26T23:12:42.541291+00:00
2026-08-28,removed,999296,,,Apartment,Luxury 1BR for Rent | Balcony | Navy Approved,350.0,,,,BHD,monthly,,,,,,,,The Treasure,,,26.27286720275879,50.672889709472656,,,,Katherine Chapman,,YES,,,,,https://www.propertyfinder.bh/en/plp/rent/apartment-for-rent-muharraq-governorate-dilmunia-island-the-treasure-999296.html,2026-05-31T13:58:31.068517+00:00,2026-08-26T23:12:42.541291+00:00,87,2026-08-26T23:12:42.541291+00:00
2026-08-28,removed,999461,,,Villa,Budget Family Villa For Rent At Zinj,600.0,,,,BHD,monthly,,,,,,,,,,,26.2102108001709,50.56403350830078,,,,Sreekuttan Sreenivasan,,PARTLY,,,,,https://www.propertyfinder.bh/en/plp/rent/villa-for-rent-capital-governorate-manama-zinj-999461.html,2026-07-27T21:16:55.514144+00:00,2026-08-26T23:12:42.541291+00:00,30,2026-08-26T23:12:42.541291+00:00
2026-08-28,removed,999650,,,Shop,Brand New Shop For Rent In Adliya Area,450.0,,,,BHD,monthly,,,,,,,,,,,26.214487075805664,50.584754943847656,,,,Sreekuttan Sreenivasan,,NO,,,,,https://www.propertyfinder.bh/en/plp/commercial-rent/shop-for-rent-capital-governorate-manama-adliya-999650.html,2026-07-27T21:16:55.514144+00:00,2026-08-26T23:12:42.541291+00:00,30,2026-08-26T23:12:42.541291+00:00
2026-08-28,removed,999875,,,Apartment,New Luxury Project 3-bedrooms Sea View for Sale,123000.0,,,,BHD,sell,,,,,,,,,,,26.21263313293457,50.67418670654297,,,,Katherine Chapman,,PARTLY,completed_primary,,,,https://www.propertyfinder.bh/en/plp/buy/apartment-for-sale-muharraq-governorate-hidd-999875.html,2026-05-31T13:58:31.068517+00:00,2026-08-26T23:12:42.541291+00:00,87,2026-08-26T23:12:42.541291+00:00
2026-08-28,price_changed,52435943,,,Apartment,prime location | good price | close kitchen,130.0,140.0,10.0,7.69,BHD,monthly,,,,,,,,,,,26.179166793823242,50.56222152709961,,,,Hasan Marhoon,,NO,,,,,https://www.propertyfinder.bh/en/plp/rent/apartment-for-rent-central-governorate-jid-ali-52435943.html,2026-05-31T13:58:31.068517+00:00,2026-08-28T04:09:45.604551+00:00,88,2026-08-28T04:09:45.604551+00:00
2026-08-28,price_changed,52830341,,,Shop,The Ready to Start Shop for Rent in Adliya| Deal,400.0,450.0,50.0,12.5,BHD,monthly,,,,,,,,,,,26.214487075805664,50.584754943847656,,,,Muhammad Aamir Mansha,,NO,,,,,https://www.propertyfinder.bh/en/plp/commercial-rent/shop-for-rent-capital-governorate-manama-adliya-52830341.html,2026-06-04T17:03:24.351896+00:00,2026-08-28T04:09:45.604551+00:00,84,2026-08-28T04:09:45.604551+00:00
2026-08-28,price_changed,53433329,,,Villa,Luxury Villa for Sale in Bu Ghazal | Pool View,310000.0,290000.0,-20000.0,-6.45,BHD,sell,,,,,,,,,,,26.188888549804688,50.54999923706055,,,,Sayed Ahmed AlSharaf,,PARTLY,completed,,,,https://www.propertyfinder.bh/en/plp/buy/villa-for-sale-central-governorate-tubli-53433329.html,2026-05-31T13:58:31.068517+00:00,2026-08-28T04:09:45.604551+00:00,88,2026-08-28T04:09:45.604551+00:00
2026-08-28,price_changed,53489520,,,Villa,Luxury Villa for Sale in Bu Ghazal | Pool View,310.0,290000.0,289690.0,93448.39,BHD,sell,,,,,,,,,,,26.207796096801758,50.57180404663086,,,,Sayed Ahmed AlSharaf,,PARTLY,completed,,,,https://www.propertyfinder.bh/en/plp/buy/villa-for-sale-capital-governorate-manama-bu-ghazal-53489520.html,2026-05-31T13:58:31.068517+00:00,2026-08-28T04:09:45.604551+00:00,88,2026-08-28T04:09:45.604551+00:00
2026-08-28,price_changed,54068198,,,Apartment,Spacious 2/3 Flats / Near Saint-Christopher School,320.0,350.0,30.0,9.38,BHD,monthly,,,,,,,,,,,26.19164276123047,50.48757553100586,,,,A. Mhaout,,NO,,,,,https://www.propertyfinder.bh/en/plp/rent/apartment-for-rent-northern-governorate-saar-54068198.html,2026-06-03T05:39:30.317580+00:00,2026-08-28T04:09:45.604551+00:00,85,2026-08-28T04:09:45.604551+00:00
2026-08-28,price_changed,54068790,,,Villa,Brand New Villa for Sale in Saar,340000.0,330000.0,-10000.0,-2.94,BHD,sell,,,,,,,,,,,26.19164276123047,50.48757553100586,,,,Mahmood Al-Shaikh,,NO,completed_primary,,,,https://www.propertyfinder.bh/en/plp/buy/villa-for-sale-northern-governorate-saar-54068790.html,2026-06-03T13:37:01.156638+00:00,2026-08-28T04:09:45.604551+00:00,85,2026-08-28T04:09:45.604551+00:00
2026-08-28,price_changed,54068930,,,Villa,Brand New Corner Villa for Sale in Saar – Saraya 1,350000.0,330000.0,-20000.0,-5.71,BHD,sell,,,,,,,,,,,26.19164276123047,50.48757553100586,,,,Mahmood Al-Shaikh,,NO,completed_primary,,,,https://www.propertyfinder.bh/en/plp/buy/villa-for-sale-northern-governorate-saar-54068930.html,2026-06-03T13:37:01.156638+00:00,2026-08-28T04:09:45.604551+00:00,85,2026-08-28T04:09:45.604551+00:00
2026-08-28,price_changed,54654009,,,Apartment,Family Apartment 2BHK for Rent in Juffair,290.0,270.0,-20.0,-6.9,BHD,monthly,,,,,,,,,,,26.211111068725586,50.601112365722656,,,,ALOSTATH,,YES,,,,,https://www.propertyfinder.bh/en/plp/rent/apartment-for-rent-capital-governorate-al-juffair-54654009.html,2026-06-24T20:40:58.428770+00:00,2026-08-28T04:09:45.604551+00:00,64,2026-08-28T04:09:45.604551+00:00
2026-08-28,price_changed,55143130,,,Villa,Luxury Living Starts in Qalali,180000.0,178000.0,-2000.0,-1.11,BHD,sell,,,,,,,,,,,26.266666412353516,50.650001525878906,,,,Fahad Mohd,,NO,completed,,,,https://www.propertyfinder.bh/en/plp/buy/villa-for-sale-muharraq-governorate-galali-55143130.html,2026-07-11T20:58:11.932263+00:00,2026-08-28T04:09:45.604551+00:00,47,2026-08-28T04:09:45.604551+00:00
2026-08-28,price_changed,55366861,,,Villa,Free Hold Spacious Villa for Sale in Riffa Views,285000.0,280000.0,-5000.0,-1.75,BHD,sell,,,,,,,,Riffa Views,,,26.097333908081055,50.56736373901367,,,,Mahmood Al-Shaikh,,NO,completed,,,,https://www.propertyfinder.bh/en/plp/buy/villa-for-sale-southern-governorate-riffa-riffa-views-55366861.html,2026-07-19T20:58:26.466026+00:00,2026-08-28T04:09:45.604551+00:00,39,2026-08-28T04:09:45.604551+00:00
2026-08-28,price_changed,55396096,,,Villa,Stand Alone | Prime Location | Majlis | 2 Car park,850.0,800.0,-50.0,-5.88,BHD,monthly,,,,,,,,,,,26.19164276123047,50.48757553100586,,,,Facundo de Moura,,NO,,,,,https://www.propertyfinder.bh/en/plp/rent/villa-for-rent-northern-governorate-saar-55396096.html,2026-07-20T21:17:02.364062+00:00,2026-08-28T04:09:45.604551+00:00,38,2026-08-28T04:09:45.604551+00:00
2026-08-28,price_changed,55424896,,,Villa,Brand New Luxurious Villa With a Modern Design,300000.0,295000.0,-5000.0,-1.67,BHD,sell,,,,,,,,,,,26.19164276123047,50.48757553100586,,,,Mahmood Al-Shaikh,,NO,completed_primary,,,,https://www.propertyfinder.bh/en/plp/buy/villa-for-sale-northern-governorate-saar-55424896.html,2026-07-21T21:17:21.978520+00:00,2026-08-28T04:09:45.604551+00:00,37,2026-08-28T04:09:45.604551+00:00
2026-08-28,price_changed,55425618,,,Land,Prime Residential Land in Shahrakan - RA,107000.0,100000.0,-7000.0,-6.54,BHD,sell,,,,,,,,,,,26.07509422302246,50.499610900878906,,,,Mohamed Khaled,,,,,,,https://www.propertyfinder.bh/en/plp/buy/land-for-sale-northern-governorate-shahrakan-55425618.html,2026-07-21T21:17:21.978520+00:00,2026-08-28T04:09:45.604551+00:00,37,2026-08-28T04:09:45.604551+00:00
2026-08-28,price_changed,55541042,,,Apartment,NEW 2 BEDROOM IN ABU QUWAH PRIM LOCATION,450.0,441.0,-9.0,-2.0,BHD,monthly,,,,,,,,Saraya 2,,,26.19185447692871,50.509178161621094,,,,Mohammed Alseba,,YES,,,,,https://www.propertyfinder.bh/en/plp/rent/apartment-for-rent-northern-governorate-bu-quwah-saraya-2-55541042.html,2026-07-25T21:00:21.405436+00:00,2026-08-28T04:09:45.604551+00:00,33,2026-08-28T04:09:45.604551+00:00
2026-08-28,price_changed,55598572,,,Apartment,Comfortable 3 Bedroom Apartment in Saraya,350.0,340.0,-10.0,-2.86,BHD,monthly,,,,,,,,Saraya 2,,,26.19185447692871,50.509178161621094,,,,Mustafa  Ebrahim,,PARTLY,,,,,https://www.propertyfinder.bh/en/plp/rent/apartment-for-rent-northern-governorate-bu-quwah-saraya-2-55598572.html,2026-07-28T21:13:30.461515+00:00,2026-08-28T04:09:45.604551+00:00,30,2026-08-28T04:09:45.604551+00:00
2026-08-28,price_changed,55773485,,,Apartment,Cozy 1BR*Balcony*Near RCSI*Great Deal* Prime Area*,360.0,400.0,40.0,11.11,BHD,monthly,,,,,,,,,,,26.27199935913086,50.60900115966797,,,,Anna Berdysheva,,YES,,,,,https://www.propertyfinder.bh/en/plp/rent/apartment-for-rent-muharraq-governorate-busaiteen-55773485.html,2026-08-02T21:01:45.450020+00:00,2026-08-28T04:09:45.604551+00:00,25,2026-08-28T04:09:45.604551+00:00
2026-08-28,price_changed,55773893,,,Apartment,Experience Luxury Living at an Exceptional Price!,55000.0,56000.0,1000.0,1.82,BHD,sell,,,,,,,,Water Garden City,,,26.24260139465332,50.55380630493164,,,,Anna Berdysheva,,YES,completed,,,,https://www.propertyfinder.bh/en/plp/buy/apartment-for-sale-capital-governorate-manama-water-garden-city-55773893.html,2026-08-02T21:01:45.450020+00:00,2026-08-28T04:09:45.604551+00:00,25,2026-08-28T04:09:45.604551+00:00
2026-08-28,price_changed,55892342,,,Villa,An 4 Bed Villa with Garden and Pool in small comp!,950.0,900.0,-50.0,-5.26,BHD,monthly,,,,,,,,,,,26.185943603515625,50.46711349487305,,,,Jasmine Dhakan,,PARTLY,,,,,https://www.propertyfinder.bh/en/plp/rent/villa-for-rent-northern-governorate-janabiya-55892342.html,2026-08-07T00:55:25.755875+00:00,2026-08-28T04:09:45.604551+00:00,21,2026-08-28T04:09:45.604551+00:00
2026-08-28,price_changed,56009521,,,Compound,Pet Friendly | Private Garden | Closed Kitchen |,750.0,900.0,150.0,20.0,BHD,monthly,,,,,,,,,,,26.19164276123047,50.48757553100586,,,,Aileen Camarillo,,PARTLY,,,,,https://www.propertyfinder.bh/en/plp/rent/compound-for-rent-northern-governorate-saar-56009521.html,2026-08-10T20:51:18.479280+00:00,2026-08-28T04:09:45.604551+00:00,17,2026-08-28T04:09:45.604551+00:00
2026-08-28,price_changed,56124732,,,Apartment,LUXURY SPACIOUS BRIGHT CLOSE KITCHEN,375.0,350.0,-25.0,-6.67,BHD,monthly,,,,,,,,Amwaj Avenue,,,26.29302978515625,50.66474151611328,,,,khan Mohammad khan,,YES,,,,,https://www.propertyfinder.bh/en/plp/rent/apartment-for-rent-muharraq-governorate-amwaj-islands-amwaj-avenue-56124732.html,2026-08-14T20:37:52.052197+00:00,2026-08-28T04:09:45.604551+00:00,13,2026-08-28T04:09:45.604551+00:00
2026-08-28,price_changed,56270636,,,Apartment,2 BR Furnished Apartment with Water View in Juffair,540.0,520.0,-20.0,-3.7,BHD,monthly,,,,,,,,,,,26.211111068725586,50.601112365722656,,,,Ali Abul,,YES,,,,,https://www.propertyfinder.bh/en/plp/rent/apartment-for-rent-capital-governorate-al-juffair-56270636.html,2026-08-19T20:36:20.718393+00:00,2026-08-28T04:09:45.604551+00:00,8,2026-08-28T04:09:45.604551+00:00
2026-08-28,price_changed,56271275,,,Apartment,Furnished 2 BHK | 280 Re| EWA 50BD | ACs|Pool |Hhh,270.0,280.0,10.0,3.7,BHD,monthly,,,,,,,,,,,26.211111068725586,50.601112365722656,,,,Abdul  Jabbar .,,YES,,,,,https://www.propertyfinder.bh/en/plp/rent/apartment-for-rent-capital-governorate-al-juffair-56271275.html,2026-08-19T20:36:20.718393+00:00,2026-08-28T04:09:45.604551+00:00,8,2026-08-28T04:09:45.604551+00:00
2026-08-28,price_changed,56299634,,,Apartment,SPACIOUS |POOL GYM BEACH| MALL ACCESS | MAIDS ROOM,630.0,600.0,-30.0,-4.76,BHD,monthly,,,,,,,,Diyar Al Muharraq,,,26.303447723388672,50.6461296081543,,,,Dulce Sevilla,,YES,,,,,https://www.propertyfinder.bh/en/plp/rent/apartment-for-rent-muharraq-governorate-diyar-al-muharraq-marassi-al-bahrain-56299634.html,2026-08-20T20:40:12.466755+00:00,2026-08-28T04:09:45.604551+00:00,7,2026-08-28T04:09:45.604551+00:00
2026-08-28,price_changed,56300733,,,Villa,"Private Stand-Alone 4-Bedroom with Pool, Quiet",900.0,800.0,-100.0,-11.11,BHD,monthly,,,,,,,,,,,26.188888549804688,50.54999923706055,,,,Eva Gavin,,PARTLY,,,,,https://www.propertyfinder.bh/en/plp/rent/villa-for-rent-central-governorate-tubli-56300733.html,2026-08-20T20:40:12.466755+00:00,2026-08-28T04:09:45.604551+00:00,7,2026-08-28T04:09:45.604551+00:00
2026-08-28,price_changed,56360935,,,Apartment,2 BR | Cozy | semi furnished | apartment saar,250.0,210.0,-40.0,-16.0,BHD,monthly,,,,,,,,,,,26.19164276123047,50.48757553100586,,,,Millennium Capital Property,,PARTLY,,,,,https://www.propertyfinder.bh/en/plp/rent/apartment-for-rent-northern-governorate-saar-56360935.html,2026-08-22T20:31:02.398311+00:00,2026-08-28T04:09:45.604551+00:00,5,2026-08-28T04:09:45.604551+00:00
2026-08-28,price_changed,56360955,,,Villa,Luxury Spacious Family Villa with Private Pool,1600.0,1800.0,200.0,12.5,BHD,monthly,,,,,,,,Amwaj Avenue,,,26.29302978515625,50.66474151611328,,,,Christian Brunet,,YES,,,,,https://www.propertyfinder.bh/en/plp/rent/villa-for-rent-muharraq-governorate-amwaj-islands-amwaj-avenue-56360955.html,2026-08-22T20:31:02.398311+00:00,2026-08-28T04:09:45.604551+00:00,5,2026-08-28T04:09:45.604551+00:00
2026-08-28,price_changed,56390432,,,Apartment,Luxury Studio*Prime & Peaceful Area * Great Price*,250.0,240.0,-10.0,-4.0,BHD,monthly,,,,,,,,Sanabis,,,26.226558685302734,50.5459098815918,,,,Anna Berdysheva,,YES,,,,,https://www.propertyfinder.bh/en/plp/rent/apartment-for-rent-capital-governorate-manama-sanabis-56390432.html,2026-08-23T20:31:12.189274+00:00,2026-08-28T04:09:45.604551+00:00,4,2026-08-28T04:09:45.604551+00:00
2026-08-28,price_changed,56392079,,,Apartment,Discover living in this brand-new 01 BR apartment,600.0,550.0,-50.0,-8.33,BHD,monthly,,,,,,,,,,,26.211111068725586,50.601112365722656,,,,Puthu Veetil Sajahan,,YES,,,,,https://www.propertyfinder.bh/en/plp/rent/apartment-for-rent-capital-governorate-al-juffair-56392079.html,2026-08-23T20:31:12.189274+00:00,2026-08-28T04:09:45.604551+00:00,4,2026-08-28T04:09:45.604551+00:00
2026-08-28,price_changed,56423006,,,Villa,PVT POOL | HUGE VILLA |MAID AND DRIVER ROOMS |,1400.0,1200.0,-200.0,-14.29,BHD,monthly,,,,,,,,,,,26.207910537719727,50.587345123291016,,,,Anza Khurram,,PARTLY,,,,,https://www.propertyfinder.bh/en/plp/rent/villa-for-rent-capital-governorate-manama-mahooz-56423006.html,2026-08-24T20:40:05.194875+00:00,2026-08-28T04:09:45.604551+00:00,3,2026-08-28T04:09:45.604551+00:00
2026-08-28,price_changed,56454818,,,Apartment,3 Bedroom Apartment Available For Rent In Juffair,350.0,330.0,-20.0,-5.71,BHD,monthly,,,,,,,,,,,26.211111068725586,50.601112365722656,,,,Saiful Shamim,,YES,,,,,https://www.propertyfinder.bh/en/plp/rent/apartment-for-rent-capital-governorate-al-juffair-56454818.html,2026-08-25T20:39:04.524858+00:00,2026-08-28T04:09:45.604551+00:00,2,2026-08-28T04:09:45.604551+00:00
2026-08-28,price_changed,56484677,,,Villa,AFFORDABLE STAND ALONE VILLA / GARDEN /BACK YARD,400.0,350.0,-50.0,-12.5,BHD,monthly,,,,,,,,,,,26.21967315673828,50.53300476074219,,,,Najeeb Abdulwahed,,NO,,,,,https://www.propertyfinder.bh/en/plp/rent/villa-for-rent-northern-governorate-jidhafs-56484677.html,2026-08-26T23:12:42.541291+00:00,2026-08-28T04:09:45.604551+00:00,1,2026-08-28T04:09:45.604551+00:00
