change_date,change_type,listing_id,category,listing_type,property_type,title,price_prev,price_curr,price_delta,price_delta_pct,currency,price_period,area_size,area_unit,beds_min,beds_max,baths_min,city,area,community,sub_community,compound,latitude,longitude,developer,project_name,agency_name,agent_name,agent_phone,furnished,completion_status,permit_number,rera_number,amenities,share_url,first_seen_at,last_seen_at,days_on_market,scraped_at
2026-09-19,new,1001193,,,Apartment,Don't miss this opportunity: a luxury apartment,,100000.0,,,BHD,sell,,,,,,,,,,,26.23795509338379,50.45539855957031,,,,Sajjad ALBasri,,YES,completed_primary,,,,https://www.propertyfinder.bh/en/plp/buy/apartment-for-sale-northern-governorate-northern-city-madinat-salman-1001193.html,2026-06-28T20:33:34.411222+00:00,2026-09-19T22:16:49.045904+00:00,83,2026-09-19T22:16:49.045904+00:00
2026-09-19,new,1001198,,,Villa,A unique villa you shouldn't miss,,130000.0,,,BHD,sell,,,,,,,,,,,26.22623634338379,50.49492263793945,,,,Sajjad ALBasri,,PARTLY,completed_primary,,,,https://www.propertyfinder.bh/en/plp/buy/villa-for-sale-northern-governorate-jannusan-1001198.html,2026-05-31T13:58:31.068517+00:00,2026-09-19T22:16:49.045904+00:00,111,2026-09-19T22:16:49.045904+00:00
2026-09-19,new,1003162,,,Villa,A very luxurious villa ready for occupancy,,143000.0,,,BHD,sell,,,,,,,,,,,26.22623634338379,50.49492263793945,,,,Sajjad ALBasri,,NO,completed,,,,https://www.propertyfinder.bh/en/plp/buy/villa-for-sale-northern-governorate-jannusan-1003162.html,2026-05-31T13:58:31.068517+00:00,2026-09-19T22:16:49.045904+00:00,111,2026-09-19T22:16:49.045904+00:00
2026-09-19,new,51826179,,,Villa,Don't miss this opportunity! A distinctive villa,,135000.0,,,BHD,sell,,,,,,,,,,,26.100860595703125,50.48801040649414,,,,Sajjad ALBasri,,NO,completed_primary,,,,https://www.propertyfinder.bh/en/plp/buy/villa-for-sale-northern-governorate-malkiyah-2Q6ut2YNmM4.html,2026-06-28T20:33:34.411222+00:00,2026-09-19T22:16:49.045904+00:00,83,2026-09-19T22:16:49.045904+00:00
2026-09-19,new,51904423,,,Villa,Don't miss it! A luxurious villa,,155000.0,,,BHD,sell,,,,,,,,,,,26.234378814697266,50.50168228149414,,,,Sajjad ALBasri,,NO,completed_primary,,,,https://www.propertyfinder.bh/en/plp/buy/villa-for-sale-northern-governorate-jid-al-haj-2QBnM9jrnc0.html,2026-06-28T20:33:34.411222+00:00,2026-09-19T22:16:49.045904+00:00,83,2026-09-19T22:16:49.045904+00:00
2026-09-19,new,52090244,,,Whole Building,A distinctive investment building suitable for inv,,240000.0,,,BHD,sell,,,,,,,,,,,26.14974594116211,50.50010299682617,,,,Sajjad ALBasri,,NO,completed,,,,https://www.propertyfinder.bh/en/plp/commercial-buy/whole-building-for-sale-northern-governorate-buri-52090244.html,2026-05-31T13:58:31.068517+00:00,2026-09-19T22:16:49.045904+00:00,111,2026-09-19T22:16:49.045904+00:00
2026-09-19,new,52090413,,,Villa,A fantastic villa opportunity you shouldn't miss,,130000.0,,,BHD,sell,,,,,,,,,,,26.22623634338379,50.49492263793945,,,,Sajjad ALBasri,,PARTLY,completed_primary,,,,https://www.propertyfinder.bh/en/plp/buy/villa-for-sale-northern-governorate-jannusan-52090413.html,2026-05-31T13:58:31.068517+00:00,2026-09-19T22:16:49.045904+00:00,111,2026-09-19T22:16:49.045904+00:00
2026-09-19,new,52142822,,,Apartment,great opportunity luxury apartment Durrat marina,,52000.0,,,BHD,sell,,,,,,,,Durrat Marina,,,25.860807418823242,50.604957580566406,,,,Sajjad ALBasri,,YES,completed,,,,https://www.propertyfinder.bh/en/plp/buy/apartment-for-sale-southern-governorate-durrat-al-bahrain-durrat-marina-52142822.html,2026-06-28T20:33:34.411222+00:00,2026-09-19T22:16:49.045904+00:00,83,2026-09-19T22:16:49.045904+00:00
2026-09-19,new,52196528,,,Villa,Luxury villa for sale near the sea,,195000.0,,,BHD,sell,,,,,,,,,,,26.23052978515625,50.5108757019043,,,,Sajjad ALBasri,,NO,completed,,,,https://www.propertyfinder.bh/en/plp/buy/villa-for-sale-northern-governorate-karrana-52196528.html,2026-05-31T13:58:31.068517+00:00,2026-09-19T22:16:49.045904+00:00,111,2026-09-19T22:16:49.045904+00:00
2026-09-19,new,52249397,,,Villa,A distinctive villa suitable for average families,,123000.0,,,BHD,sell,,,,,,,,,,,26.234378814697266,50.50168228149414,,,,Sajjad ALBasri,,NO,completed_primary,,,,https://www.propertyfinder.bh/en/plp/buy/villa-for-sale-northern-governorate-jid-al-haj-52249397.html,2026-05-31T13:58:31.068517+00:00,2026-09-19T22:16:49.045904+00:00,111,2026-09-19T22:16:49.045904+00:00
2026-09-19,new,52274612,,,Apartment,A very special opportunity for owners and investor,,110000.0,,,BHD,sell,,,,,,,,Manama Sea Front,,,26.24812126159668,50.57044219970703,,,,Sajjad ALBasri,,YES,completed,,,,https://www.propertyfinder.bh/en/plp/buy/apartment-for-sale-capital-governorate-manama-manama-sea-front-52274612.html,2026-06-28T20:33:34.411222+00:00,2026-09-19T22:16:49.045904+00:00,83,2026-09-19T22:16:49.045904+00:00
2026-09-19,new,52275474,,,Apartment,An excellent opportunity for those looking for fla,,40000.0,,,BHD,sell,,,,,,,,,,,26.21312713623047,50.528221130371094,,,,Sajjad ALBasri,,NO,completed,,,,https://www.propertyfinder.bh/en/plp/buy/apartment-for-sale-northern-governorate-jeblat-hebshi-52275474.html,2026-05-31T13:58:31.068517+00:00,2026-09-19T22:16:49.045904+00:00,111,2026-09-19T22:16:49.045904+00:00
2026-09-19,new,52275500,,,Villa,A unique realestate opportunity in Al-Hassan HOOD,,144000.0,,,BHD,sell,,,,,,,,,,,26.113693237304688,50.48170471191406,,,,Sajjad ALBasri,,NO,completed_primary,,,,https://www.propertyfinder.bh/en/plp/buy/villa-for-sale-northern-governorate-karzakkan-52275500.html,2026-05-31T13:58:31.068517+00:00,2026-09-19T22:16:49.045904+00:00,111,2026-09-19T22:16:49.045904+00:00
2026-09-19,new,52463755,,,Apartment,Elegant 3 Bedroom Semi Furnished Apartment in Saar,,380.0,,,BHD,monthly,,,,,,,,,,,26.19164276123047,50.48757553100586,,,,Sajjad ALBasri,,PARTLY,,,,,https://www.propertyfinder.bh/en/plp/rent/apartment-for-rent-northern-governorate-saar-52463755.html,2026-05-31T13:58:31.068517+00:00,2026-09-19T22:16:49.045904+00:00,111,2026-09-19T22:16:49.045904+00:00
2026-09-19,new,52489803,,,Apartment,Fully Furnished 3BR Apartment for Rent in Saar,,480.0,,,BHD,monthly,,,,,,,,,,,26.19164276123047,50.48757553100586,,,,Sajjad ALBasri,,YES,,,,,https://www.propertyfinder.bh/en/plp/rent/apartment-for-rent-northern-governorate-saar-52489803.html,2026-05-31T13:58:31.068517+00:00,2026-09-19T22:16:49.045904+00:00,111,2026-09-19T22:16:49.045904+00:00
2026-09-19,new,52489817,,,Apartment,Fully Furnished 3BR Apartment for Rent in Saar,,550.0,,,BHD,monthly,,,,,,,,,,,26.19164276123047,50.48757553100586,,,,Sajjad ALBasri,,YES,,,,,https://www.propertyfinder.bh/en/plp/rent/apartment-for-rent-northern-governorate-saar-52489817.html,2026-05-31T13:58:31.068517+00:00,2026-09-19T22:16:49.045904+00:00,111,2026-09-19T22:16:49.045904+00:00
2026-09-19,new,52544259,,,Villa,"A very special villa, don't miss the opportunity!!",,156000.0,,,BHD,sell,,,,,,,,,,,26.25,50.650001525878906,,,,Sajjad ALBasri,,NO,completed_primary,,,,https://www.propertyfinder.bh/en/plp/buy/villa-for-sale-muharraq-governorate-arad-52544259.html,2026-05-31T13:58:31.068517+00:00,2026-09-19T22:16:49.045904+00:00,111,2026-09-19T22:16:49.045904+00:00
2026-09-19,new,52571905,,,Villa,"Ground floor villa in Saar, at a bargain price.",,150000.0,,,BHD,sell,,,,,,,,,,,26.19164276123047,50.48757553100586,,,,Sajjad ALBasri,,NO,completed,,,,https://www.propertyfinder.bh/en/plp/buy/villa-for-sale-northern-governorate-saar-52571905.html,2026-05-31T13:58:31.068517+00:00,2026-09-19T22:16:49.045904+00:00,111,2026-09-19T22:16:49.045904+00:00
2026-09-19,new,52675819,,,Villa,Spacious Family Villa with Garden in Ishbiliya,,155000.0,,,BHD,sell,,,,,,,,,,,26.21312713623047,50.528221130371094,,,,Sajjad ALBasri,,NO,completed,,,,https://www.propertyfinder.bh/en/plp/buy/villa-for-sale-northern-governorate-jeblat-hebshi-52675819.html,2026-05-31T13:58:31.068517+00:00,2026-09-19T22:16:49.045904+00:00,111,2026-09-19T22:16:49.045904+00:00
2026-09-19,new,52880588,,,Land,Corner Residential Land Near the Sea in Barbar,,68000.0,,,BHD,sell,,,,,,,,,,,26.229394912719727,50.48070526123047,,,,Sajjad ALBasri,,,,,,,https://www.propertyfinder.bh/en/plp/buy/land-for-sale-northern-governorate-barbar-52880588.html,2026-05-31T13:58:31.068517+00:00,2026-09-19T22:16:49.045904+00:00,111,2026-09-19T22:16:49.045904+00:00
2026-09-19,new,53086806,,,Whole Building,Investment Building for Sale in Al Hura – Stable,,420000.0,,,BHD,sell,,,,,,,,Exhibition Road,,,26.231962203979492,50.59507369995117,,,,Sajjad ALBasri,,YES,completed,,,,https://www.propertyfinder.bh/en/plp/buy/whole-building-for-sale-capital-governorate-hoora-exhibition-road-53086806.html,2026-05-31T13:58:31.068517+00:00,2026-09-19T22:16:49.045904+00:00,111,2026-09-19T22:16:49.045904+00:00
2026-09-19,new,53086810,,,Land,Corner Residential Land Near the Sea in Barbar,,68000.0,,,BHD,sell,,,,,,,,,,,26.229394912719727,50.48070526123047,,,,Sajjad ALBasri,,,,,,,https://www.propertyfinder.bh/en/plp/buy/land-for-sale-northern-governorate-barbar-53086810.html,2026-06-19T20:38:08.437876+00:00,2026-09-19T22:16:49.045904+00:00,92,2026-09-19T22:16:49.045904+00:00
2026-09-19,new,53215219,,,Apartment,Family Residence in Zinj With Gymnastics,,275.0,,,BHD,monthly,,,,,,,,,,,26.2102108001709,50.56403350830078,,,,Raashid Kazi,,YES,,,,,https://www.propertyfinder.bh/en/plp/rent/apartment-for-rent-capital-governorate-manama-zinj-53215219.html,2026-05-31T13:58:31.068517+00:00,2026-09-19T22:16:49.045904+00:00,111,2026-09-19T22:16:49.045904+00:00
2026-09-19,new,53432917,,,Shop,DRIVE 228 | Where Business Meets Visibility,,1.0,,,BHD,monthly,,,,,,,,,,,26.27199935913086,50.60900115966797,,,,Raashid Kazi,,NO,,,,,https://www.propertyfinder.bh/en/plp/commercial-rent/shop-for-rent-muharraq-governorate-busaiteen-53432917.html,2026-05-31T13:58:31.068517+00:00,2026-09-19T22:16:49.045904+00:00,111,2026-09-19T22:16:49.045904+00:00
2026-09-19,new,53433092,,,Villa,A very luxurious and elegant villa for sale,,350000.0,,,BHD,sell,,,,,,,,,,,26.19164276123047,50.48757553100586,,,,Sajjad ALBasri,,NO,completed_primary,,,,https://www.propertyfinder.bh/en/plp/buy/villa-for-sale-northern-governorate-saar-53433092.html,2026-05-31T13:58:31.068517+00:00,2026-09-19T22:16:49.045904+00:00,111,2026-09-19T22:16:49.045904+00:00
2026-09-19,new,53433200,,,Whole Building,Prime Commercial Investment Building in Salmabad,,620000.0,,,BHD,sell,,,,,,,,,,,26.183332443237305,50.516666412353516,,,,Sajjad ALBasri,,NO,completed,,,,https://www.propertyfinder.bh/en/plp/commercial-buy/whole-building-for-sale-central-governorate-salmabad-53433200.html,2026-05-31T13:58:31.068517+00:00,2026-09-19T22:16:49.045904+00:00,111,2026-09-19T22:16:49.045904+00:00
2026-09-19,new,53433510,,,Villa,Luxury Super Deluxe Vila for Sale in Jeblat Habshi,,220000.0,,,BHD,sell,,,,,,,,,,,26.21312713623047,50.528221130371094,,,,Sajjad ALBasri,,NO,completed_primary,,,,https://www.propertyfinder.bh/en/plp/buy/villa-for-sale-northern-governorate-jeblat-hebshi-53433510.html,2026-05-31T13:58:31.068517+00:00,2026-09-19T22:16:49.045904+00:00,111,2026-09-19T22:16:49.045904+00:00
2026-09-19,new,53433567,,,Villa,House for Sale in Hamad Town – IN a very good loca,,120000.0,,,BHD,sell,,,,,,,,,,,26.12916374206543,50.49860763549805,,,,Sajjad ALBasri,,NO,completed,,,,https://www.propertyfinder.bh/en/plp/buy/villa-for-sale-northern-governorate-hamad-town-53433567.html,2026-05-31T13:58:31.068517+00:00,2026-09-19T22:16:49.045904+00:00,111,2026-09-19T22:16:49.045904+00:00
2026-09-19,new,53489731,,,Apartment,Luxury Sky Villa | 360 Sea View | Resort Style,,650000.0,,,BHD,sell,,,,,,,,,,,26.241750717163086,50.5663948059082,,,,Bilal Mohamed,,YES,completed,,,,https://www.propertyfinder.bh/en/plp/buy/apartment-for-sale-capital-governorate-reef-island-53489731.html,2026-05-31T13:58:31.068517+00:00,2026-09-19T22:16:49.045904+00:00,111,2026-09-19T22:16:49.045904+00:00
2026-09-19,new,53523281,,,Villa,Luxury Villa with Private Pool and Jetty,,395000.0,,,BHD,sell,,,,,,,,Murjan 1 (Phase 1 and 2),,,25.83552360534668,50.61116027832031,,,,Bilal Mohamed,,YES,completed,,,,https://www.propertyfinder.bh/en/plp/buy/villa-for-sale-southern-governorate-durrat-al-bahrain-murjan-1-phase-1-and-2-53523281.html,2026-05-31T13:58:31.068517+00:00,2026-09-19T22:16:49.045904+00:00,111,2026-09-19T22:16:49.045904+00:00
2026-09-19,new,53523290,,,Apartment,Jetty Villa with Private Pool | Incredible Value,,240000.0,,,BHD,sell,,,,,,,,Murjan 1 (Phase 1 and 2),,,25.83552360534668,50.61116027832031,,,,Bilal Mohamed,,YES,completed,,,,https://www.propertyfinder.bh/en/plp/buy/apartment-for-sale-southern-governorate-durrat-al-bahrain-murjan-1-phase-1-and-2-53523290.html,2026-05-31T13:58:31.068517+00:00,2026-09-19T22:16:49.045904+00:00,111,2026-09-19T22:16:49.045904+00:00
2026-09-19,new,53575075,,,Villa,Luxury and spacious 07 bedroom villa for SALE,,450000.0,,,BHD,sell,,,,,,,,,,,26.203187942504883,50.54228591918945,,,,Bilal Mohamed,,PARTLY,completed,,,,https://www.propertyfinder.bh/en/plp/buy/villa-for-sale-capital-governorate-manama-adhari-53575075.html,2026-05-31T13:58:31.068517+00:00,2026-09-19T22:16:49.045904+00:00,111,2026-09-19T22:16:49.045904+00:00
2026-09-19,new,53575085,,,Apartment,Brand New Sea View | Ideal for Airbnb | Balcony,,95000.0,,,BHD,sell,,,,,,,,Diyar Al Muharraq,Address Marassi Vista,,26.306358337402344,50.64693069458008,,,,Bilal Mohamed,,YES,completed,,,,https://www.propertyfinder.bh/en/plp/buy/apartment-for-sale-muharraq-governorate-diyar-al-muharraq-address-marassi-vista-53575085.html,2026-05-31T13:58:31.068517+00:00,2026-09-19T22:16:49.045904+00:00,111,2026-09-19T22:16:49.045904+00:00
2026-09-19,new,53575200,,,Villa,Villa for Sale in Isa Town Prime Family Living,,142000.0,,,BHD,sell,,,,,,,,,,,26.16529655456543,50.552181243896484,,,,Sajjad ALBasri,,NO,completed_primary,,,,https://www.propertyfinder.bh/en/plp/buy/villa-for-sale-central-governorate-isa-town-53575200.html,2026-05-31T13:58:31.068517+00:00,2026-09-19T22:16:49.045904+00:00,111,2026-09-19T22:16:49.045904+00:00
2026-09-19,new,53626942,,,Apartment,Open Sea Views | Premium waterfront address,,65000.0,,,BHD,sell,,,,,,,,,,,26.249584197998047,50.580360412597656,,,,Bilal Mohamed,,YES,completed,,,,https://www.propertyfinder.bh/en/plp/buy/apartment-for-sale-capital-governorate-bahrain-bay-53626942.html,2026-05-31T13:58:31.068517+00:00,2026-09-19T22:16:49.045904+00:00,111,2026-09-19T22:16:49.045904+00:00
2026-09-19,new,53710993,,,Apartment,Furnished Studio Apartment for Sale in Busaiteen,,33000.0,,,BHD,sell,,,,,,,,,,,26.27199935913086,50.60900115966797,,,,Sajjad ALBasri,,YES,completed,,,,https://www.propertyfinder.bh/en/plp/buy/apartment-for-sale-muharraq-governorate-busaiteen-53710993.html,2026-05-31T13:58:31.068517+00:00,2026-09-19T22:16:49.045904+00:00,111,2026-09-19T22:16:49.045904+00:00
2026-09-19,new,53738232,,,Villa,Luxury Waterfront GT Villa for Sale in AL- Durra,,270000.0,,,BHD,sell,,,,,,,,Durrat Marina,,,25.860807418823242,50.604957580566406,,,,Sajjad ALBasri,,YES,completed,,,,https://www.propertyfinder.bh/en/plp/buy/villa-for-sale-southern-governorate-durrat-al-bahrain-durrat-marina-53738232.html,2026-05-31T13:58:31.068517+00:00,2026-09-19T22:16:49.045904+00:00,111,2026-09-19T22:16:49.045904+00:00
2026-09-19,new,53738256,,,Villa,Luxury Waterfront GT Villa for Sale in Durrat Al B,,250000.0,,,BHD,sell,,,,,,,,Murjan 1 (Phase 1 and 2),,,25.83552360534668,50.61116027832031,,,,Sajjad ALBasri,,YES,completed,,,,https://www.propertyfinder.bh/en/plp/buy/villa-for-sale-southern-governorate-durrat-al-bahrain-murjan-1-phase-1-and-2-53738256.html,2026-05-31T13:58:31.068517+00:00,2026-09-19T22:16:49.045904+00:00,111,2026-09-19T22:16:49.045904+00:00
2026-09-19,new,53765744,,,Show Room,Prime Showroom for Rent Near King Hamad Hospital,,700.0,,,BHD,monthly,,,,,,,,,,,26.27199935913086,50.60900115966797,,,,Sajjad ALBasri,,YES,,,,,https://www.propertyfinder.bh/en/plp/commercial-rent/show-room-for-rent-muharraq-governorate-busaiteen-53765744.html,2026-05-31T13:58:31.068517+00:00,2026-09-19T22:16:49.045904+00:00,111,2026-09-19T22:16:49.045904+00:00
2026-09-19,new,53765791,,,Office Space,Office Apartment for Rent– Prime Business Location,,430.0,,,BHD,monthly,,,,,,,,,,,26.27199935913086,50.60900115966797,,,,Sajjad ALBasri,,YES,,,,,https://www.propertyfinder.bh/en/plp/commercial-rent/office-space-for-rent-muharraq-governorate-busaiteen-53765791.html,2026-05-31T13:58:31.068517+00:00,2026-09-19T22:16:49.045904+00:00,111,2026-09-19T22:16:49.045904+00:00
2026-09-19,new,53765819,,,Office Space,Office Apartment for Rent– Prime Business Location,,430.0,,,BHD,monthly,,,,,,,,,,,26.27199935913086,50.60900115966797,,,,Sajjad ALBasri,,PARTLY,,,,,https://www.propertyfinder.bh/en/plp/commercial-rent/office-space-for-rent-muharraq-governorate-busaiteen-53765819.html,2026-05-31T13:58:31.068517+00:00,2026-09-19T22:16:49.045904+00:00,111,2026-09-19T22:16:49.045904+00:00
2026-09-19,new,53765824,,,Office Space,Flexible Office Space for Rent in Busaiteen,,430.0,,,BHD,monthly,,,,,,,,,,,26.27199935913086,50.60900115966797,,,,Sajjad ALBasri,,PARTLY,,,,,https://www.propertyfinder.bh/en/plp/commercial-rent/office-space-for-rent-muharraq-governorate-busaiteen-53765824.html,2026-05-31T13:58:31.068517+00:00,2026-09-19T22:16:49.045904+00:00,111,2026-09-19T22:16:49.045904+00:00
2026-09-19,new,53765828,,,Office Space,Full Floor Office Space for Rent in Busaiteen,,1400.0,,,BHD,monthly,,,,,,,,,,,26.27199935913086,50.60900115966797,,,,Sajjad ALBasri,,PARTLY,,,,,https://www.propertyfinder.bh/en/plp/commercial-rent/office-space-for-rent-muharraq-governorate-busaiteen-53765828.html,2026-05-31T13:58:31.068517+00:00,2026-09-19T22:16:49.045904+00:00,111,2026-09-19T22:16:49.045904+00:00
2026-09-19,new,53765840,,,Medical Facility,Turnkey Medical Center for Sale in Busaiteen,,150000.0,,,BHD,sell,,,,,,,,,,,26.27199935913086,50.60900115966797,,,,Sajjad ALBasri,,YES,completed,,,,https://www.propertyfinder.bh/en/plp/commercial-buy/medical-facility-for-sale-muharraq-governorate-busaiteen-53765840.html,2026-05-31T13:58:31.068517+00:00,2026-09-19T22:16:49.045904+00:00,111,2026-09-19T22:16:49.045904+00:00
2026-09-19,new,53765850,,,Apartment,Modern Apartment for Sale with Premium,,48000.0,,,BHD,sell,,,,,,,,,,,26.211111068725586,50.601112365722656,,,,Sajjad ALBasri,,YES,completed,,,,https://www.propertyfinder.bh/en/plp/buy/apartment-for-sale-capital-governorate-al-juffair-53765850.html,2026-05-31T13:58:31.068517+00:00,2026-09-19T22:16:49.045904+00:00,111,2026-09-19T22:16:49.045904+00:00
2026-09-19,new,53766028,,,Land,Residential land on two streets 4 sale in Al-Ramli,,69000.0,,,BHD,sell,,,,,,,,,,,26.183332443237305,50.516666412353516,,,,Sajjad ALBasri,,,,,,,https://www.propertyfinder.bh/en/plp/buy/land-for-sale-central-governorate-salmabad-53766028.html,2026-05-31T13:58:31.068517+00:00,2026-09-19T22:16:49.045904+00:00,111,2026-09-19T22:16:49.045904+00:00
2026-09-19,new,53766032,,,Land,Commercial Land 4Sale Prime Investment Opportunity,,269073.0,,,BHD,sell,,,,,,,,,,,26.20975685119629,50.50579833984375,,,,Sajjad ALBasri,,,,,,,https://www.propertyfinder.bh/en/plp/commercial-buy/land-for-sale-northern-governorate-shakhura-53766032.html,2026-05-31T13:58:31.068517+00:00,2026-09-19T22:16:49.045904+00:00,111,2026-09-19T22:16:49.045904+00:00
2026-09-19,new,53766034,,,Land,Residential Land 4Sale in North Sehla on Two Roads,,178084.0,,,BHD,sell,,,,,,,,,,,26.20176887512207,50.53025436401367,,,,Sajjad ALBasri,,,,,,,https://www.propertyfinder.bh/en/plp/buy/land-for-sale-northern-governorate-sehla-53766034.html,2026-05-31T13:58:31.068517+00:00,2026-09-19T22:16:49.045904+00:00,111,2026-09-19T22:16:49.045904+00:00
2026-09-19,new,53788907,,,Land,Investment Land for Sale in Ras Zuwayed,,85000.0,,,BHD,sell,,,,,,,,,,,26.085487365722656,50.61517333984375,,,,Sajjad ALBasri,,,,,,,https://www.propertyfinder.bh/en/plp/commercial-buy/land-for-sale-southern-governorate-ras-zuwayed-53788907.html,2026-05-31T13:58:31.068517+00:00,2026-09-19T22:16:49.045904+00:00,111,2026-09-19T22:16:49.045904+00:00
2026-09-19,new,53792275,,,Land,Investment Land for Sale in Ras Zuwayed,,85000.0,,,BHD,sell,,,,,,,,,,,26.085487365722656,50.61517333984375,,,,Sajjad ALBasri,,,,,,,https://www.propertyfinder.bh/en/plp/commercial-buy/land-for-sale-southern-governorate-ras-zuwayed-53792275.html,2026-05-31T13:58:31.068517+00:00,2026-09-19T22:16:49.045904+00:00,111,2026-09-19T22:16:49.045904+00:00
2026-09-19,new,53934240,,,Villa,Luxury GT Villa for Rent in Durrat AL Bahrain,,1700.0,,,BHD,monthly,,,,,,,,Durrat Marina,,,25.860807418823242,50.604957580566406,,,,Sajjad ALBasri,,YES,,,,,https://www.propertyfinder.bh/en/plp/rent/villa-for-rent-southern-governorate-durrat-al-bahrain-durrat-marina-53934240.html,2026-05-31T13:58:31.068517+00:00,2026-09-19T22:16:49.045904+00:00,111,2026-09-19T22:16:49.045904+00:00
2026-09-19,new,53934321,,,Villa,Spacious Villa for Sale in Hoorat Sanad,,120000.0,,,BHD,sell,,,,,,,,,,,26.149999618530273,50.58333206176758,,,,Sajjad ALBasri,,NO,completed,,,,https://www.propertyfinder.bh/en/plp/buy/villa-for-sale-central-governorate-sanad-53934321.html,2026-05-31T13:58:31.068517+00:00,2026-09-19T22:16:49.045904+00:00,111,2026-09-19T22:16:49.045904+00:00
2026-09-19,new,54477939,,,Apartment,Large Studio Apartment for Sale in Juffair,,42000.0,,,BHD,sell,,,,,,,,,,,26.211111068725586,50.601112365722656,,,,Bilal Mohamed,,YES,completed,,,,https://www.propertyfinder.bh/en/plp/buy/apartment-for-sale-capital-governorate-al-juffair-54477939.html,2026-06-18T20:57:37.279688+00:00,2026-09-19T22:16:49.045904+00:00,93,2026-09-19T22:16:49.045904+00:00
2026-09-19,new,55256267,,,Villa,Space for Lift | 2 Hall | Prime Location,,140000.0,,,BHD,sell,,,,,,,,,,,26.27199935913086,50.60900115966797,,,,Duaa Alsayegh,,NO,completed,,,,https://www.propertyfinder.bh/en/plp/buy/villa-for-sale-muharraq-governorate-busaiteen-55256267.html,2026-07-16T13:23:22.641531+00:00,2026-09-19T22:16:49.045904+00:00,65,2026-09-19T22:16:49.045904+00:00
2026-09-19,new,55397125,,,Villa,Premium Waterfront Style Family Villa with Pool,,1700.0,,,BHD,monthly,,,,,,,,Amwaj Avenue,,,26.29302978515625,50.66474151611328,,,,Bilal Mohamed,,YES,,,,,https://www.propertyfinder.bh/en/plp/rent/villa-for-rent-muharraq-governorate-amwaj-islands-amwaj-avenue-55397125.html,2026-07-20T21:17:02.364062+00:00,2026-09-19T22:16:49.045904+00:00,61,2026-09-19T22:16:49.045904+00:00
2026-09-19,new,55980504,,,Villa,Single story villa with big Garden| Pets freindly,,475.0,,,BHD,monthly,,,,,,,,,,,26.17919921875,50.49909210205078,,,,Shakeel Ahmad,,PARTLY,,,,,https://www.propertyfinder.bh/en/plp/rent/villa-for-rent-capital-governorate-nabih-saleh-55980504.html,2026-08-09T20:40:10.613404+00:00,2026-09-19T22:16:49.045904+00:00,41,2026-09-19T22:16:49.045904+00:00
2026-09-19,new,56009100,,,Apartment,Private Balcony | EWA included | Spacious Layout,,550.0,,,BHD,monthly,,,,,,,,Amwaj Avenue,,,26.29302978515625,50.66474151611328,,,,Bilal Mohamed,,YES,,,,,https://www.propertyfinder.bh/en/plp/rent/apartment-for-rent-muharraq-governorate-amwaj-islands-amwaj-avenue-56009100.html,2026-08-10T20:51:18.479280+00:00,2026-09-19T22:16:49.045904+00:00,40,2026-09-19T22:16:49.045904+00:00
2026-09-19,new,56037773,,,Apartment,High floor | 3 Bedroom | Stunning View | Balcony,,76000.0,,,BHD,sell,,,,,,,,Abraj Al Lulu,,,26.230030059814453,50.55890655517578,,,,Mars Properties,,NO,completed_primary,,,,https://www.propertyfinder.bh/en/plp/buy/apartment-for-sale-capital-governorate-manama-abraj-al-lulu-56037773.html,2026-08-11T20:53:57.097427+00:00,2026-09-19T22:16:49.045904+00:00,39,2026-09-19T22:16:49.045904+00:00
2026-09-19,new,56181827,,,Apartment,Sea View | Balcony | Spacious Layout,,400.0,,,BHD,monthly,,,,,,,,,,,26.211111068725586,50.601112365722656,,,,Bilal Mohamed,,YES,,,,,https://www.propertyfinder.bh/en/plp/rent/apartment-for-rent-capital-governorate-al-juffair-56181827.html,2026-08-16T20:30:42.569281+00:00,2026-09-19T22:16:49.045904+00:00,34,2026-09-19T22:16:49.045904+00:00
2026-09-19,new,56181865,,,Apartment,Attractive Beautiful Sea views | Private Balcony,,58000.0,,,BHD,monthly,,,,,,,,,,,26.211111068725586,50.601112365722656,,,,Bilal Mohamed,,YES,,,,,https://www.propertyfinder.bh/en/plp/rent/apartment-for-rent-capital-governorate-al-juffair-56181865.html,2026-08-16T20:30:42.569281+00:00,2026-09-19T22:16:49.045904+00:00,34,2026-09-19T22:16:49.045904+00:00
2026-09-19,new,56182122,,,Apartment,Sea Views | Prime Location | Ready to Move In,,550.0,,,BHD,monthly,,,,,,,,,,,26.211111068725586,50.601112365722656,,,,Bilal Mohamed,,YES,,,,,https://www.propertyfinder.bh/en/plp/rent/apartment-for-rent-capital-governorate-al-juffair-56182122.html,2026-08-16T20:30:42.569281+00:00,2026-09-19T22:16:49.045904+00:00,34,2026-09-19T22:16:49.045904+00:00
2026-09-19,new,56672810,,,Apartment,LUXURY | HOUSE KEEPING | SEA VIEW | SPACIOUS |  B,,400.0,,,BHD,monthly,,,,,,,,Amwaj Avenue,,,26.29302978515625,50.66474151611328,,,,POOMANAKKAL,,YES,,,,,https://www.propertyfinder.bh/en/plp/rent/apartment-for-rent-muharraq-governorate-amwaj-islands-amwaj-avenue-56672810.html,2026-09-01T22:32:24.936409+00:00,2026-09-19T22:16:49.045904+00:00,17,2026-09-19T22:16:49.045904+00:00
2026-09-19,new,56672811,,,Apartment,STUNNING 2BHK|PET FRIENDLY|SEA AND CITY VIEWS,,350.0,,,BHD,monthly,,,,,,,,Amwaj Avenue,,,26.29302978515625,50.66474151611328,,,,POOMANAKKAL,,YES,,,,,https://www.propertyfinder.bh/en/plp/rent/apartment-for-rent-muharraq-governorate-amwaj-islands-amwaj-avenue-56672811.html,2026-09-01T22:32:24.936409+00:00,2026-09-19T22:16:49.045904+00:00,17,2026-09-19T22:16:49.045904+00:00
2026-09-19,new,56672812,,,Apartment,LUXURIOUS | UNLIMITED EWA| FULLY FURNISHED,,300.0,,,BHD,monthly,,,,,,,,,,,26.211111068725586,50.601112365722656,,,,POOMANAKKAL,,YES,,,,,https://www.propertyfinder.bh/en/plp/rent/apartment-for-rent-capital-governorate-al-juffair-56672812.html,2026-09-01T22:32:24.936409+00:00,2026-09-19T22:16:49.045904+00:00,17,2026-09-19T22:16:49.045904+00:00
2026-09-19,new,56672813,,,Apartment,LUXURIOUS | HOUSE KEEPING | BALCONY| FULLY FURNISH,,425.0,,,BHD,monthly,,,,,,,,,,,26.211111068725586,50.601112365722656,,,,POOMANAKKAL,,YES,,,,,https://www.propertyfinder.bh/en/plp/rent/apartment-for-rent-capital-governorate-al-juffair-56672813.html,2026-09-01T22:32:24.936409+00:00,2026-09-19T22:16:49.045904+00:00,17,2026-09-19T22:16:49.045904+00:00
2026-09-19,new,56672814,,,Apartment,LUXURIOUS |BRAND NEW BUILDING & FURNITURE | GAS |,,310.0,,,BHD,monthly,,,,,,,,Sanabis,,,26.226558685302734,50.5459098815918,,,,POOMANAKKAL,,YES,,,,,https://www.propertyfinder.bh/en/plp/rent/apartment-for-rent-capital-governorate-manama-sanabis-56672814.html,2026-09-01T22:32:24.936409+00:00,2026-09-19T22:16:49.045904+00:00,17,2026-09-19T22:16:49.045904+00:00
2026-09-19,new,56703039,,,Apartment,LUXURY | PET FRIENDLY | SPACIOUS | CLOSED KITCHEN,,280.0,,,BHD,monthly,,,,,,,,Sanabis,,,26.226558685302734,50.5459098815918,,,,POOMANAKKAL,,YES,,,,,https://www.propertyfinder.bh/en/plp/rent/apartment-for-rent-capital-governorate-manama-sanabis-56703039.html,2026-09-02T22:31:20.016095+00:00,2026-09-19T22:16:49.045904+00:00,16,2026-09-19T22:16:49.045904+00:00
2026-09-19,new,56703068,,,Apartment,LUXURY | SPACIOUS | MAINTENANCE | FULLY FURNISHED,,300.0,,,BHD,monthly,,,,,,,,Sanabis,,,26.226558685302734,50.5459098815918,,,,POOMANAKKAL,,YES,,,,,https://www.propertyfinder.bh/en/plp/rent/apartment-for-rent-capital-governorate-manama-sanabis-56703068.html,2026-09-02T22:31:20.016095+00:00,2026-09-19T22:16:49.045904+00:00,16,2026-09-19T22:16:49.045904+00:00
2026-09-19,new,56703931,,,Apartment,SPACIOUS | PET FRIENDLY | HOUSE KEEPING | BEAUTIFU,,350.0,,,BHD,monthly,,,,,,,,,,,26.203079223632812,50.594947814941406,,,,POOMANAKKAL,,YES,,,,,https://www.propertyfinder.bh/en/plp/rent/apartment-for-rent-capital-governorate-manama-um-al-hasam-56703931.html,2026-09-02T22:31:20.016095+00:00,2026-09-19T22:16:49.045904+00:00,16,2026-09-19T22:16:49.045904+00:00
2026-09-19,new,56733978,,,Apartment,LUXURY | HOUSE KEEPING | GAS | BEAUTIFUL | 1BHK,,280.0,,,BHD,monthly,,,,,,,,,,,26.211111068725586,50.601112365722656,,,,POOMANAKKAL,,YES,,,,,https://www.propertyfinder.bh/en/plp/rent/apartment-for-rent-capital-governorate-al-juffair-56733978.html,2026-09-03T22:29:31.229615+00:00,2026-09-19T22:16:49.045904+00:00,15,2026-09-19T22:16:49.045904+00:00
2026-09-19,new,56734996,,,Apartment,LUXURY | HOUSE KEEPING | PET FRIENDLY | BALCONY,,400.0,,,BHD,monthly,,,,,,,,,,,26.211111068725586,50.601112365722656,,,,POOMANAKKAL,,YES,,,,,https://www.propertyfinder.bh/en/plp/rent/apartment-for-rent-capital-governorate-al-juffair-56734996.html,2026-09-03T22:29:31.229615+00:00,2026-09-19T22:16:49.045904+00:00,15,2026-09-19T22:16:49.045904+00:00
2026-09-19,new,56735027,,,Apartment,LUXURY | SPACIOUS ROOMS BALCONIES | MODERN,,380.0,,,BHD,monthly,,,,,,,,Amwaj Avenue,,,26.29302978515625,50.66474151611328,,,,POOMANAKKAL,,YES,,,,,https://www.propertyfinder.bh/en/plp/rent/apartment-for-rent-muharraq-governorate-amwaj-islands-amwaj-avenue-56735027.html,2026-09-03T22:29:31.229615+00:00,2026-09-19T22:16:49.045904+00:00,15,2026-09-19T22:16:49.045904+00:00
2026-09-19,new,56735206,,,Apartment,BEAUTIFUL | SPACIOUS | FULLY FURNISHED | SPLIT AC,,350.0,,,BHD,monthly,,,,,,,,,,,26.21672821044922,50.55367660522461,,,,POOMANAKKAL,,YES,,,,,https://www.propertyfinder.bh/en/plp/rent/apartment-for-rent-capital-governorate-manama-al-burhama-56735206.html,2026-09-03T22:29:31.229615+00:00,2026-09-19T22:16:49.045904+00:00,15,2026-09-19T22:16:49.045904+00:00
2026-09-19,new,56735225,,,Apartment,SPACIOUS | FULLY FURNISHED | GAS | 2 BHK | BEAUTIF,,300.0,,,BHD,monthly,,,,,,,,,,,26.21672821044922,50.55367660522461,,,,POOMANAKKAL,,YES,,,,,https://www.propertyfinder.bh/en/plp/rent/apartment-for-rent-capital-governorate-manama-al-burhama-56735225.html,2026-09-03T22:29:31.229615+00:00,2026-09-19T22:16:49.045904+00:00,15,2026-09-19T22:16:49.045904+00:00
2026-09-19,new,56765259,,,Apartment,LUXURY | HOUSE KEEPING | SEA VIEW | FULLY FURNISH,,450.0,,,BHD,monthly,,,,,,,,,,,26.211111068725586,50.601112365722656,,,,POOMANAKKAL,,YES,,,,,https://www.propertyfinder.bh/en/plp/rent/apartment-for-rent-capital-governorate-al-juffair-56765259.html,2026-09-04T22:18:55.932047+00:00,2026-09-19T22:16:49.045904+00:00,14,2026-09-19T22:16:49.045904+00:00
2026-09-19,new,56858808,,,Apartment,3BHK | 70 EWA |CLOSED KITCHEN | BALCONY | GYM/POOL,,400.0,,,BHD,monthly,,,,,,,,,,,26.27199935913086,50.60900115966797,,,,Sanal Kakkat,,YES,,,,,https://www.propertyfinder.bh/en/plp/rent/apartment-for-rent-muharraq-governorate-busaiteen-56858808.html,2026-09-07T22:43:43.320929+00:00,2026-09-19T22:16:49.045904+00:00,11,2026-09-19T22:16:49.045904+00:00
2026-09-19,new,56858932,,,Apartment,SPACIOUS | LUXURY| FULLY FURNISHED | SEA SIDE,,330.0,,,BHD,monthly,,,,,,,,,,,26.239999771118164,50.5369987487793,,,,POOMANAKKAL,,YES,,,,,https://www.propertyfinder.bh/en/plp/rent/apartment-for-rent-capital-governorate-seef-56858932.html,2026-09-07T22:43:43.320929+00:00,2026-09-19T22:16:49.045904+00:00,11,2026-09-19T22:16:49.045904+00:00
2026-09-19,new,56858951,,,Apartment,BRAND NEW BUILDING | BALCONY| CLOSED KITCHEN | GAS,,300.0,,,BHD,monthly,,,,,,,,,,,26.21672821044922,50.55367660522461,,,,Sanal Kakkat,,YES,,,,,https://www.propertyfinder.bh/en/plp/rent/apartment-for-rent-capital-governorate-manama-al-burhama-56858951.html,2026-09-07T22:43:43.320929+00:00,2026-09-19T22:16:49.045904+00:00,11,2026-09-19T22:16:49.045904+00:00
2026-09-19,new,56859025,,,Apartment,290BD|55 LIMIT|BRAND NEW|CLD KITCHEN|NEW FURNITURE,,290.0,,,BHD,monthly,,,,,,,,,,,26.21672821044922,50.55367660522461,,,,Sanal Kakkat,,YES,,,,,https://www.propertyfinder.bh/en/plp/rent/apartment-for-rent-capital-governorate-manama-al-burhama-56859025.html,2026-09-07T22:43:43.320929+00:00,2026-09-19T22:16:49.045904+00:00,11,2026-09-19T22:16:49.045904+00:00
2026-09-19,new,56859029,,,Apartment,UNLIMITED EWA |CLOSED KITCHEN | BALCONY | PARKING,,200.0,,,BHD,monthly,,,,,,,,,,,26.203079223632812,50.594947814941406,,,,Sanal Kakkat,,PARTLY,,,,,https://www.propertyfinder.bh/en/plp/rent/apartment-for-rent-capital-governorate-manama-um-al-hasam-56859029.html,2026-09-07T22:43:43.320929+00:00,2026-09-19T22:16:49.045904+00:00,11,2026-09-19T22:16:49.045904+00:00
2026-09-19,new,56859035,,,Apartment,SPACIOUS | BALCONY | FAMILY BUILDING | GYM/POOL,,350.0,,,BHD,monthly,,,,,,,,Sanabis,,,26.226558685302734,50.5459098815918,,,,Sanal Kakkat,,YES,,,,,https://www.propertyfinder.bh/en/plp/rent/apartment-for-rent-capital-governorate-manama-sanabis-56859035.html,2026-09-07T22:43:43.320929+00:00,2026-09-19T22:16:49.045904+00:00,11,2026-09-19T22:16:49.045904+00:00
2026-09-19,new,56859057,,,Apartment,FAMILY BUILDING | CLOSED KITCHEN | GAS COOKER,,250.0,,,BHD,monthly,,,,,,,,,,,26.203079223632812,50.594947814941406,,,,Sanal Kakkat,,PARTLY,,,,,https://www.propertyfinder.bh/en/plp/rent/apartment-for-rent-capital-governorate-manama-um-al-hasam-56859057.html,2026-09-07T22:43:43.320929+00:00,2026-09-19T22:16:49.045904+00:00,11,2026-09-19T22:16:49.045904+00:00
2026-09-19,new,56859072,,,Apartment,FAMILY BUILDING | CLOSED KITCHEN | PARKING,,250.0,,,BHD,monthly,,,,,,,,,,,26.218677520751953,50.59382247924805,,,,Sanal Kakkat,,PARTLY,,,,,https://www.propertyfinder.bh/en/plp/rent/apartment-for-rent-capital-governorate-manama-gudaibiya-56859072.html,2026-09-07T22:43:43.320929+00:00,2026-09-19T22:16:49.045904+00:00,11,2026-09-19T22:16:49.045904+00:00
2026-09-19,new,56859098,,,Apartment,2BHK Apartment In Gudaibiya | Car Parking,,250.0,,,BHD,monthly,,,,,,,,,,,26.218677520751953,50.59382247924805,,,,Sanal Kakkat,,PARTLY,,,,,https://www.propertyfinder.bh/en/plp/rent/apartment-for-rent-capital-governorate-manama-gudaibiya-56859098.html,2026-09-07T22:43:43.320929+00:00,2026-09-19T22:16:49.045904+00:00,11,2026-09-19T22:16:49.045904+00:00
2026-09-19,new,56859147,,,Apartment,BUDGET FRIENDLY |235 BD | 35 LIMIT |CLOSED KITCHEN,,235.0,,,BHD,monthly,,,,,,,,,,,26.188888549804688,50.54999923706055,,,,Sanal Kakkat,,PARTLY,,,,,https://www.propertyfinder.bh/en/plp/rent/apartment-for-rent-central-governorate-tubli-56859147.html,2026-09-07T22:43:43.320929+00:00,2026-09-19T22:16:49.045904+00:00,11,2026-09-19T22:16:49.045904+00:00
2026-09-19,new,56890333,,,Apartment,BALCONY | HOUSE KEEPING | FAMILY LIVING | POOL/GYM,,220.0,,,BHD,monthly,,,,,,,,,,,26.214487075805664,50.584754943847656,,,,Sanal Kakkat,,PARTLY,,,,,https://www.propertyfinder.bh/en/plp/rent/apartment-for-rent-capital-governorate-manama-adliya-56890333.html,2026-09-08T22:32:55.995771+00:00,2026-09-19T22:16:49.045904+00:00,10,2026-09-19T22:16:49.045904+00:00
2026-09-19,new,56890346,,,Apartment,UNLIMITED EWA |CLOSED KITCHEN | BALCONY | PARKING,,200.0,,,BHD,monthly,,,,,,,,,,,26.203079223632812,50.594947814941406,,,,Sanal Kakkat,,PARTLY,,,,,https://www.propertyfinder.bh/en/plp/rent/apartment-for-rent-capital-governorate-manama-um-al-hasam-56890346.html,2026-09-08T22:32:55.995771+00:00,2026-09-19T22:16:49.045904+00:00,10,2026-09-19T22:16:49.045904+00:00
2026-09-19,new,56890354,,,Apartment,LUXURY | SPACIOUS | FULLY FURNISH | HOUSE KEEPING,,270.0,,,BHD,monthly,,,,,,,,,,,26.239999771118164,50.5369987487793,,,,POOMANAKKAL,,YES,,,,,https://www.propertyfinder.bh/en/plp/rent/apartment-for-rent-capital-governorate-seef-56890354.html,2026-09-08T22:32:55.995771+00:00,2026-09-19T22:16:49.045904+00:00,10,2026-09-19T22:16:49.045904+00:00
2026-09-19,new,56890363,,,Apartment,VERY SPACIOUS | 3 BHK | GAS STOVE | SEMI FURNISHED,,300.0,,,BHD,monthly,,,,,,,,,,,26.239999771118164,50.5369987487793,,,,POOMANAKKAL,,PARTLY,,,,,https://www.propertyfinder.bh/en/plp/rent/apartment-for-rent-capital-governorate-seef-56890363.html,2026-09-08T22:32:55.995771+00:00,2026-09-19T22:16:49.045904+00:00,10,2026-09-19T22:16:49.045904+00:00
2026-09-19,new,56890388,,,Apartment,FAMILY BUILDING | BALCONY| CLOSED KITCHEN |PARKING,,250.0,,,BHD,monthly,,,,,,,,,,,26.203079223632812,50.594947814941406,,,,Sanal Kakkat,,PARTLY,,,,,https://www.propertyfinder.bh/en/plp/rent/apartment-for-rent-capital-governorate-manama-um-al-hasam-56890388.html,2026-09-08T22:32:55.995771+00:00,2026-09-19T22:16:49.045904+00:00,10,2026-09-19T22:16:49.045904+00:00
2026-09-19,new,56952819,,,Office Space,Office for sale in a prime location in Seef,,90000.0,,,BHD,sell,,,,,,,,,,,26.239999771118164,50.5369987487793,,,,Minguel Jacob Fernandes,,YES,completed,,,,https://www.propertyfinder.bh/en/plp/commercial-buy/office-space-for-sale-capital-governorate-seef-56952819.html,2026-09-10T22:26:07.492803+00:00,2026-09-19T22:16:49.045904+00:00,8,2026-09-19T22:16:49.045904+00:00
2026-09-19,new,56956577,,,Apartment,3 BEDROOM | 3 BALCONY | GAS CONNECTION | SPACIOUS,,270.0,,,BHD,monthly,,,,,,,,,,,26.218677520751953,50.59382247924805,,,,Sanal Kakkat,,NO,,,,,https://www.propertyfinder.bh/en/plp/rent/apartment-for-rent-capital-governorate-manama-gudaibiya-56956577.html,2026-09-10T22:26:07.492803+00:00,2026-09-19T22:16:49.045904+00:00,8,2026-09-19T22:16:49.045904+00:00
2026-09-19,new,57011152,,,Apartment,PRIME LOCATION| BALCONY| SEA VIEW| NEAR CITYCENTRE,,500.0,,,BHD,monthly,,,,,,,,,,,26.239999771118164,50.5369987487793,,,,Sanal Kakkat,,YES,,,,,https://www.propertyfinder.bh/en/plp/rent/apartment-for-rent-capital-governorate-seef-57011152.html,2026-09-12T22:07:33.477370+00:00,2026-09-19T22:16:49.045904+00:00,7,2026-09-19T22:16:49.045904+00:00
2026-09-19,new,57012218,,,Apartment,SPACIOUS| SEMI FURNISHED |CLOSED KITCHEN |POOL/GYM,,260.0,,,BHD,monthly,,,,,,,,,,,26.21672821044922,50.55367660522461,,,,Sanal Kakkat,,PARTLY,,,,,https://www.propertyfinder.bh/en/plp/rent/apartment-for-rent-capital-governorate-manama-al-burhama-57012218.html,2026-09-12T22:07:33.477370+00:00,2026-09-19T22:16:49.045904+00:00,7,2026-09-19T22:16:49.045904+00:00
2026-09-19,new,57207053,,,Apartment,2-Bedroom | Fully Furnished | Unlimited EWA,,300.0,,,BHD,monthly,,,,,,,,,,,26.21263313293457,50.67418670654297,,,,Zain Jabbar,,YES,,,,,https://www.propertyfinder.bh/en/plp/rent/apartment-for-rent-muharraq-governorate-hidd-57207053.html,2026-09-19T22:16:49.045904+00:00,2026-09-19T22:16:49.045904+00:00,0,2026-09-19T22:16:49.045904+00:00
2026-09-19,new,57207054,,,Apartment,Furnished 2-BR | Closed Kitchen | Unlimited EWA,,300.0,,,BHD,monthly,,,,,,,,,,,26.21263313293457,50.67418670654297,,,,Muhammad Usman,,YES,,,,,https://www.propertyfinder.bh/en/plp/rent/apartment-for-rent-muharraq-governorate-hidd-57207054.html,2026-09-19T22:16:49.045904+00:00,2026-09-19T22:16:49.045904+00:00,0,2026-09-19T22:16:49.045904+00:00
2026-09-19,new,57207055,,,Villa,Semi Furnished 4-BR Villa | 6-Bath | Maid's room,,173000.0,,,BHD,sell,,,,,,,,,,,26.21263313293457,50.67418670654297,,,,Zain Jabbar,,PARTLY,completed_primary,,,,https://www.propertyfinder.bh/en/plp/buy/villa-for-sale-muharraq-governorate-hidd-57207055.html,2026-09-19T22:16:49.045904+00:00,2026-09-19T22:16:49.045904+00:00,0,2026-09-19T22:16:49.045904+00:00
2026-09-19,new,57207056,,,Villa,4 BR 6 Bathrooms Villa | Maid's room | Garage,,173000.0,,,BHD,sell,,,,,,,,,,,26.21263313293457,50.67418670654297,,,,Muhammad Usman,,PARTLY,completed_primary,,,,https://www.propertyfinder.bh/en/plp/buy/villa-for-sale-muharraq-governorate-hidd-57207056.html,2026-09-19T22:16:49.045904+00:00,2026-09-19T22:16:49.045904+00:00,0,2026-09-19T22:16:49.045904+00:00
2026-09-19,new,57207064,,,Apartment,Luxurious|Modern-Bright|Hot Price|Studio|Juffair,,225.0,,,BHD,monthly,,,,,,,,,,,26.211111068725586,50.601112365722656,,,,Hazeeth,,YES,,,,,https://www.propertyfinder.bh/en/plp/rent/apartment-for-rent-capital-governorate-al-juffair-57207064.html,2026-09-19T22:16:49.045904+00:00,2026-09-19T22:16:49.045904+00:00,0,2026-09-19T22:16:49.045904+00:00
2026-09-19,new,57207072,,,Apartment,Sea View | Floor to Ceiling Windows | BFH,,89000.0,,,BHD,sell,,,,,,,,Bahrain Financial Harbour,,,26.23778533935547,50.57342529296875,,,,Adeel Ajaz,,YES,completed,,,,https://www.propertyfinder.bh/en/plp/buy/apartment-for-sale-capital-governorate-manama-bahrain-financial-harbour-57207072.html,2026-09-19T22:16:49.045904+00:00,2026-09-19T22:16:49.045904+00:00,0,2026-09-19T22:16:49.045904+00:00
2026-09-19,new,57207074,,,Apartment,High-End Finish | Prime Location | High Floor,,180000.0,,,BHD,sell,,,,,,,,,,,26.249584197998047,50.580360412597656,,,,Adeel Ajaz,,YES,completed,,,,https://www.propertyfinder.bh/en/plp/buy/apartment-for-sale-capital-governorate-bahrain-bay-57207074.html,2026-09-19T22:16:49.045904+00:00,2026-09-19T22:16:49.045904+00:00,0,2026-09-19T22:16:49.045904+00:00
2026-09-19,new,57207076,,,Apartment,WELL FURNISHED | HOUSEKEEPING | PRIME LOCATION,,350.0,,,BHD,monthly,,,,,,,,,,,26.239999771118164,50.5369987487793,,,,Adeel Ajaz,,YES,,,,,https://www.propertyfinder.bh/en/plp/rent/apartment-for-rent-capital-governorate-seef-57207076.html,2026-09-19T22:16:49.045904+00:00,2026-09-19T22:16:49.045904+00:00,0,2026-09-19T22:16:49.045904+00:00
2026-09-19,new,57207079,,,Apartment,Prime Location | World Class Amenities | Unique,,200000.0,,,BHD,sell,,,,,,,,Bahrain Financial Harbour,,,26.23778533935547,50.57342529296875,,,,Adeel Ajaz,,YES,completed,,,,https://www.propertyfinder.bh/en/plp/buy/apartment-for-sale-capital-governorate-manama-bahrain-financial-harbour-57207079.html,2026-09-19T22:16:49.045904+00:00,2026-09-19T22:16:49.045904+00:00,0,2026-09-19T22:16:49.045904+00:00
2026-09-19,new,57207082,,,Apartment,BRAND NEW | HIGH FLOOR | BEST INVESTMENT,,165000.0,,,BHD,sell,,,,,,,,,,,26.249584197998047,50.580360412597656,,,,Adeel Ajaz,,YES,completed,,,,https://www.propertyfinder.bh/en/plp/buy/apartment-for-sale-capital-governorate-bahrain-bay-57207082.html,2026-09-19T22:16:49.045904+00:00,2026-09-19T22:16:49.045904+00:00,0,2026-09-19T22:16:49.045904+00:00
2026-09-19,new,57207086,,,Apartment,Best Layout | Outstanding quality | Brand New,,95000.0,,,BHD,sell,,,,,,,,,,,26.249584197998047,50.580360412597656,,,,Adeel Ajaz,,YES,completed,,,,https://www.propertyfinder.bh/en/plp/buy/apartment-for-sale-capital-governorate-bahrain-bay-57207086.html,2026-09-19T22:16:49.045904+00:00,2026-09-19T22:16:49.045904+00:00,0,2026-09-19T22:16:49.045904+00:00
2026-09-19,new,57207088,,,Apartment,Huge 3BR | Maids Room | Modern Design,,1100.0,,,BHD,monthly,,,,,,,,,,,26.241750717163086,50.5663948059082,,,,Adeel Ajaz,,YES,,,,,https://www.propertyfinder.bh/en/plp/rent/apartment-for-rent-capital-governorate-reef-island-57207088.html,2026-09-19T22:16:49.045904+00:00,2026-09-19T22:16:49.045904+00:00,0,2026-09-19T22:16:49.045904+00:00
2026-09-19,new,57207090,,,Apartment,FREEHOLD|0%INTEREST|2YEARS PLAN PAYMENT| BRAND NEW,,108888.0,,,BHD,sell,,,,,,,,Diyar Al Muharraq,,,26.303447723388672,50.6461296081543,,,,Moueen Charfi,,YES,completed_primary,,,,https://www.propertyfinder.bh/en/plp/buy/apartment-for-sale-muharraq-governorate-diyar-al-muharraq-marassi-al-bahrain-57207090.html,2026-09-19T22:16:49.045904+00:00,2026-09-19T22:16:49.045904+00:00,0,2026-09-19T22:16:49.045904+00:00
2026-09-19,new,57207091,,,Apartment,Sea Views | Maids Room | Freehold,,259856.0,,,BHD,sell,,,,,,,,Bahrain Financial Harbour,,,26.23778533935547,50.57342529296875,,,,Adeel Ajaz,,YES,completed,,,,https://www.propertyfinder.bh/en/plp/buy/apartment-for-sale-capital-governorate-manama-bahrain-financial-harbour-57207091.html,2026-09-19T22:16:49.045904+00:00,2026-09-19T22:16:49.045904+00:00,0,2026-09-19T22:16:49.045904+00:00
2026-09-19,new,57207093,,,Apartment,Bright and Spacious with Housekeeping,,850.0,,,BHD,monthly,,,,,,,,,,,26.239999771118164,50.5369987487793,,,,Adeel Ajaz,,YES,,,,,https://www.propertyfinder.bh/en/plp/rent/apartment-for-rent-capital-governorate-seef-57207093.html,2026-09-19T22:16:49.045904+00:00,2026-09-19T22:16:49.045904+00:00,0,2026-09-19T22:16:49.045904+00:00
2026-09-19,new,57207095,,,Apartment,Large Layout | Freehold | Prime Location,,31000.0,,,BHD,sell,,,,,,,,,,,26.211111068725586,50.601112365722656,,,,Adeel Ajaz,,YES,completed,,,,https://www.propertyfinder.bh/en/plp/buy/apartment-for-sale-capital-governorate-al-juffair-57207095.html,2026-09-19T22:16:49.045904+00:00,2026-09-19T22:16:49.045904+00:00,0,2026-09-19T22:16:49.045904+00:00
2026-09-19,new,57207096,,,Apartment,2 BR Furnished Apartment with Water View,,850.0,,,BHD,monthly,,,,,,,,Amwaj Avenue,,,26.29302978515625,50.66474151611328,,,,Arabian Homes,,YES,,,,,https://www.propertyfinder.bh/en/plp/rent/apartment-for-rent-muharraq-governorate-amwaj-islands-amwaj-avenue-57207096.html,2026-09-19T22:16:49.045904+00:00,2026-09-19T22:16:49.045904+00:00,0,2026-09-19T22:16:49.045904+00:00
2026-09-19,new,57207100,,,Apartment,Sea Front | Premium Unit | Brand New,,700.0,,,BHD,monthly,,,,,,,,,,,26.249584197998047,50.580360412597656,,,,Adeel Ajaz,,PARTLY,,,,,https://www.propertyfinder.bh/en/plp/rent/apartment-for-rent-capital-governorate-bahrain-bay-57207100.html,2026-09-19T22:16:49.045904+00:00,2026-09-19T22:16:49.045904+00:00,0,2026-09-19T22:16:49.045904+00:00
2026-09-19,new,57207105,,,Apartment,Large Balcony | Wonderful 1BR | Financial Harbour,,113100.0,,,BHD,sell,,,,,,,,Bahrain Financial Harbour,,,26.23778533935547,50.57342529296875,,,,Adeel Ajaz,,YES,completed,,,,https://www.propertyfinder.bh/en/plp/buy/apartment-for-sale-capital-governorate-manama-bahrain-financial-harbour-57207105.html,2026-09-19T22:16:49.045904+00:00,2026-09-19T22:16:49.045904+00:00,0,2026-09-19T22:16:49.045904+00:00
2026-09-19,new,57207109,,,Apartment,BRAND NEW | HIGH FLOOR | BEST INVESTMENT,,65000.0,,,BHD,sell,,,,,,,,,,,26.249584197998047,50.580360412597656,,,,Adeel Ajaz,,YES,completed,,,,https://www.propertyfinder.bh/en/plp/buy/apartment-for-sale-capital-governorate-bahrain-bay-57207109.html,2026-09-19T22:16:49.045904+00:00,2026-09-19T22:16:49.045904+00:00,0,2026-09-19T22:16:49.045904+00:00
2026-09-19,new,57207113,,,Apartment,Classy 2BR | Reef Island | Balcony,,800.0,,,BHD,monthly,,,,,,,,,,,26.241750717163086,50.5663948059082,,,,Adeel Ajaz,,YES,,,,,https://www.propertyfinder.bh/en/plp/rent/apartment-for-rent-capital-governorate-reef-island-57207113.html,2026-09-19T22:16:49.045904+00:00,2026-09-19T22:16:49.045904+00:00,0,2026-09-19T22:16:49.045904+00:00
2026-09-19,new,57207115,,,Apartment,FULLY FURNISHED STUDIO | WATER VIEW | EWA INCLUDED,,280.0,,,BHD,monthly,,,,,,,,,,,26.211111068725586,50.601112365722656,,,,chippy jiji,,YES,,,,,https://www.propertyfinder.bh/en/plp/rent/apartment-for-rent-capital-governorate-al-juffair-57207115.html,2026-09-19T22:16:49.045904+00:00,2026-09-19T22:16:49.045904+00:00,0,2026-09-19T22:16:49.045904+00:00
2026-09-19,new,57207122,,,Apartment,Spacious Luxury Stunning Apartment With Balcony,,550.0,,,BHD,monthly,,,,,,,,Amwaj Marina,,,26.293058395385742,50.65943908691406,,,,Mohammed Obaida,,YES,,,,,https://www.propertyfinder.bh/en/plp/rent/apartment-for-rent-muharraq-governorate-amwaj-islands-amwaj-marina-57207122.html,2026-09-19T22:16:49.045904+00:00,2026-09-19T22:16:49.045904+00:00,0,2026-09-19T22:16:49.045904+00:00
2026-09-19,new,57207123,,,Apartment,Brand New | Bespoke Furnishing | 5 Star Amenities,,750.0,,,BHD,monthly,,,,,,,,,,,26.249584197998047,50.580360412597656,,,,Adeel Ajaz,,YES,,,,,https://www.propertyfinder.bh/en/plp/rent/apartment-for-rent-capital-governorate-bahrain-bay-57207123.html,2026-09-19T22:16:49.045904+00:00,2026-09-19T22:16:49.045904+00:00,0,2026-09-19T22:16:49.045904+00:00
2026-09-19,new,57207125,,,Apartment,Spacious Stunning Apartment With Closed Kitchen,,350.0,,,BHD,monthly,,,,,,,,Amwaj Avenue,,,26.29302978515625,50.66474151611328,,,,Mohammed Obaida,,YES,,,,,https://www.propertyfinder.bh/en/plp/rent/apartment-for-rent-muharraq-governorate-amwaj-islands-amwaj-avenue-57207125.html,2026-09-19T22:16:49.045904+00:00,2026-09-19T22:16:49.045904+00:00,0,2026-09-19T22:16:49.045904+00:00
2026-09-19,new,57207126,,,Apartment,Best Investment with Open Views 1Bed+Balcony,,38000.0,,,BHD,sell,,,,,,,,,,,26.211111068725586,50.601112365722656,,,,Talha Umer,,YES,completed,,,,https://www.propertyfinder.bh/en/plp/buy/apartment-for-sale-capital-governorate-al-juffair-57207126.html,2026-09-19T22:16:49.045904+00:00,2026-09-19T22:16:49.045904+00:00,0,2026-09-19T22:16:49.045904+00:00
2026-09-19,new,57207128,,,Apartment,Spacious Sunny Duplex Apartment With Balcony,,550.0,,,BHD,monthly,,,,,,,,Amwaj Marina,,,26.293058395385742,50.65943908691406,,,,Mohammed Obaida,,YES,,,,,https://www.propertyfinder.bh/en/plp/rent/apartment-for-rent-muharraq-governorate-amwaj-islands-amwaj-marina-57207128.html,2026-09-19T22:16:49.045904+00:00,2026-09-19T22:16:49.045904+00:00,0,2026-09-19T22:16:49.045904+00:00
2026-09-19,new,57207130,,,Apartment,Spacious Stunning Apartment With Balcony Aminities,,380.0,,,BHD,monthly,,,,,,,,The Lagoon,,,26.287778854370117,50.66339111328125,,,,Mohammed Obaida,,YES,,,,,https://www.propertyfinder.bh/en/plp/rent/apartment-for-rent-muharraq-governorate-amwaj-islands-the-lagoon-57207130.html,2026-09-19T22:16:49.045904+00:00,2026-09-19T22:16:49.045904+00:00,0,2026-09-19T22:16:49.045904+00:00
2026-09-19,new,57207133,,,Whole Building,GOLDEN INVESTMENT | MIXED-USE | PRIME LOCATION,,650000.0,,,BHD,sell,,,,,,,,,,,26.21693992614746,50.57733154296875,,,,Adeel Ajaz,,YES,completed,,,,https://www.propertyfinder.bh/en/plp/buy/whole-building-for-sale-capital-governorate-manama-segaya-57207133.html,2026-09-19T22:16:49.045904+00:00,2026-09-19T22:16:49.045904+00:00,0,2026-09-19T22:16:49.045904+00:00
2026-09-19,new,57207135,,,Apartment,BRAND NEW | ELEGANT | SPACIOUS | BEACH ACCESS,,700.0,,,BHD,monthly,,,,,,,,Diyar Al Muharraq,,,26.303447723388672,50.6461296081543,,,,Moueen Charfi,,YES,,,,,https://www.propertyfinder.bh/en/plp/rent/apartment-for-rent-muharraq-governorate-diyar-al-muharraq-marassi-al-bahrain-57207135.html,2026-09-19T22:16:49.045904+00:00,2026-09-19T22:16:49.045904+00:00,0,2026-09-19T22:16:49.045904+00:00
2026-09-19,new,57207136,,,Apartment,Spacious Apartment For Special Price Maid Room,,59900.0,,,BHD,sell,,,,,,,,,,,26.21263313293457,50.67418670654297,,,,Mohammed Obaida,,YES,completed,,,,https://www.propertyfinder.bh/en/plp/buy/apartment-for-sale-muharraq-governorate-hidd-57207136.html,2026-09-19T22:16:49.045904+00:00,2026-09-19T22:16:49.045904+00:00,0,2026-09-19T22:16:49.045904+00:00
2026-09-19,new,57207137,,,Villa,Elegant 3BR Villa | Private Garden | Saar I Inc.,,800.0,,,BHD,monthly,,,,,,,,,,,26.19164276123047,50.48757553100586,,,,Husain Alsebea,,PARTLY,,,,,https://www.propertyfinder.bh/en/plp/rent/villa-for-rent-northern-governorate-saar-57207137.html,2026-09-19T22:16:49.045904+00:00,2026-09-19T22:16:49.045904+00:00,0,2026-09-19T22:16:49.045904+00:00
2026-09-19,new,57207138,,,Apartment,HI-END | WELL-FURNISHED | POOL I GYM I Balcony,,400.0,,,BHD,monthly,,,,,,,,,,,26.185943603515625,50.46711349487305,,,,Enkhee Eegnes,,YES,,,,,https://www.propertyfinder.bh/en/plp/rent/apartment-for-rent-northern-governorate-janabiya-57207138.html,2026-09-19T22:16:49.045904+00:00,2026-09-19T22:16:49.045904+00:00,0,2026-09-19T22:16:49.045904+00:00
2026-09-19,new,57207145,,,Villa,FULLY FURNISHED 1BR VILLA | CANAL VIEW | BRIGHT,,350.0,,,BHD,monthly,,,,,,,,Al Marsa Floating City,,,26.2847957611084,50.669620513916016,,,,chippy jiji,,YES,,,,,https://www.propertyfinder.bh/en/plp/rent/villa-for-rent-muharraq-governorate-amwaj-islands-al-marsa-floating-city-57207145.html,2026-09-19T22:16:49.045904+00:00,2026-09-19T22:16:49.045904+00:00,0,2026-09-19T22:16:49.045904+00:00
2026-09-19,new,57207170,,,Villa,Deluxe 4BR Villa | Private Pool & Garden,,1950.0,,,BHD,monthly,,,,,,,,,,,26.19164276123047,50.48757553100586,,,,Husain Alsebea,,PARTLY,,,,,https://www.propertyfinder.bh/en/plp/rent/villa-for-rent-northern-governorate-saar-57207170.html,2026-09-19T22:16:49.045904+00:00,2026-09-19T22:16:49.045904+00:00,0,2026-09-19T22:16:49.045904+00:00
2026-09-19,new,57207173,,,Apartment,Luxurious Flat | Beach Access | Prime Location,,375.0,,,BHD,monthly,,,,,,,,Diyar Al Muharraq,,,26.303447723388672,50.6461296081543,,,,Ivana Ivanova ,,YES,,,,,https://www.propertyfinder.bh/en/plp/rent/apartment-for-rent-muharraq-governorate-diyar-al-muharraq-marassi-al-bahrain-57207173.html,2026-09-19T22:16:49.045904+00:00,2026-09-19T22:16:49.045904+00:00,0,2026-09-19T22:16:49.045904+00:00
2026-09-19,new,57207176,,,Villa,Single Storey Compound Villa ! Lush Garden !,,750.0,,,BHD,monthly,,,,,,,,,,,26.140336990356445,50.478271484375,,,,Ponmony Remesh,,PARTLY,,,,,https://www.propertyfinder.bh/en/plp/rent/villa-for-rent-northern-governorate-hamala-57207176.html,2026-09-19T22:16:49.045904+00:00,2026-09-19T22:16:49.045904+00:00,0,2026-09-19T22:16:49.045904+00:00
2026-09-19,new,57207204,,,Apartment,SINGLE STORY COMPOUND VILLA | COMMON AMENITIES,,900.0,,,BHD,monthly,,,,,,,,,,,26.19164276123047,50.48757553100586,,,,Unus Sirajuddin,,PARTLY,,,,,https://www.propertyfinder.bh/en/plp/rent/apartment-for-rent-northern-governorate-saar-57207204.html,2026-09-19T22:16:49.045904+00:00,2026-09-19T22:16:49.045904+00:00,0,2026-09-19T22:16:49.045904+00:00
2026-09-19,new,57207206,,,Apartment,LUXURY 2 BEDROOM - CLOSED KITCHEN - INCLUSIVE,,400.0,,,BHD,monthly,,,,,,,,,,,26.1314754486084,50.568843841552734,,,,Unus Sirajuddin,,YES,,,,,https://www.propertyfinder.bh/en/plp/rent/apartment-for-rent-southern-governorate-riffa-bu-kowarah-57207206.html,2026-09-19T22:16:49.045904+00:00,2026-09-19T22:16:49.045904+00:00,0,2026-09-19T22:16:49.045904+00:00
2026-09-19,new,57207213,,,Apartment,"Bright luxury home near Juffair Mall, all included",,225.0,,,BHD,monthly,,,,,,,,,,,26.211111068725586,50.601112365722656,,,,Unus Sirajuddin,,YES,,,,,https://www.propertyfinder.bh/en/plp/rent/apartment-for-rent-capital-governorate-al-juffair-57207213.html,2026-09-19T22:16:49.045904+00:00,2026-09-19T22:16:49.045904+00:00,0,2026-09-19T22:16:49.045904+00:00
2026-09-19,new,57207226,,,Apartment,Reasonable price I Furnished I Prime Location,,120.0,,,BHD,monthly,,,,,,,,,,,26.1314754486084,50.568843841552734,,,,Al Lagoon Real Estate ,,YES,,,,,https://www.propertyfinder.bh/en/plp/rent/apartment-for-rent-southern-governorate-riffa-bu-kowarah-57207226.html,2026-09-19T22:16:49.045904+00:00,2026-09-19T22:16:49.045904+00:00,0,2026-09-19T22:16:49.045904+00:00
2026-09-19,new,57207236,,,Apartment,Comprehensive I Large I Prime Location,,350.0,,,BHD,monthly,,,,,,,,Alhajiyat,,,26.128984451293945,50.58171463012695,,,,Al Lagoon Real Estate ,,YES,,,,,https://www.propertyfinder.bh/en/plp/rent/apartment-for-rent-southern-governorate-riffa-alhajiyat-57207236.html,2026-09-19T22:16:49.045904+00:00,2026-09-19T22:16:49.045904+00:00,0,2026-09-19T22:16:49.045904+00:00
2026-09-19,new,57207242,,,Apartment,"Flat for Sale Renovated, Affordable and Furnished",,46000.0,,,BHD,sell,,,,,,,,,,,26.185943603515625,50.46711349487305,,,,Dafina Muca,,YES,completed,,,,https://www.propertyfinder.bh/en/plp/buy/apartment-for-sale-northern-governorate-janabiya-57207242.html,2026-09-19T22:16:49.045904+00:00,2026-09-19T22:16:49.045904+00:00,0,2026-09-19T22:16:49.045904+00:00
2026-09-19,new,57207244,,,Apartment,BEST BEACHFRONT INVESTMENT| POOL+GYM |MARASSI MALL,,137888.0,,,BHD,sell,,,,,,,,Diyar Al Muharraq,,,26.303447723388672,50.6461296081543,,,,Fadi Eweida,,YES,completed_primary,,,,https://www.propertyfinder.bh/en/plp/buy/apartment-for-sale-muharraq-governorate-diyar-al-muharraq-marassi-al-bahrain-57207244.html,2026-09-19T22:16:49.045904+00:00,2026-09-19T22:16:49.045904+00:00,0,2026-09-19T22:16:49.045904+00:00
2026-09-19,new,57207247,,,Apartment,BEACH SAUNA STEAM GYM PLUS MAYA GYM MEMBER 2 POOLS,,650.0,,,BHD,monthly,,,,,,,,Amwaj Avenue,,,26.29302978515625,50.66474151611328,,,,Fadi Eweida,,YES,,,,,https://www.propertyfinder.bh/en/plp/rent/apartment-for-rent-muharraq-governorate-amwaj-islands-amwaj-avenue-57207247.html,2026-09-19T22:16:49.045904+00:00,2026-09-19T22:16:49.045904+00:00,0,2026-09-19T22:16:49.045904+00:00
2026-09-19,new,57207249,,,Villa,WATERFRONT + MAID ROOM | FREE BOAT SPACE | GARDEN,,950.0,,,BHD,monthly,,,,,,,,Al Marsa Floating City,,,26.2847957611084,50.669620513916016,,,,Fadi Eweida,,PARTLY,,,,,https://www.propertyfinder.bh/en/plp/rent/villa-for-rent-muharraq-governorate-amwaj-islands-al-marsa-floating-city-57207249.html,2026-09-19T22:16:49.045904+00:00,2026-09-19T22:16:49.045904+00:00,0,2026-09-19T22:16:49.045904+00:00
2026-09-19,new,57207253,,,Penthouse,HUGE | SEA VIEW | DIRECT BEACH ACCESS | POOL | GYM,,186000.0,,,BHD,sell,,,,,,,,Tala Island,,,26.300025939941406,50.66316223144531,,,,Fadi Eweida,,PARTLY,completed,,,,https://www.propertyfinder.bh/en/plp/buy/penthouse-for-sale-muharraq-governorate-amwaj-islands-tala-island-57207253.html,2026-09-19T22:16:49.045904+00:00,2026-09-19T22:16:49.045904+00:00,0,2026-09-19T22:16:49.045904+00:00
2026-09-19,new,57207254,,,Villa,Reasonable price I Large I Prime Location,,160000.0,,,BHD,sell,,,,,,,,Al Bahair,,,26.149368286132812,50.56598663330078,,,,Al Lagoon Real Estate ,,NO,completed,,,,https://www.propertyfinder.bh/en/plp/buy/villa-for-sale-southern-governorate-riffa-al-bahair-57207254.html,2026-09-19T22:16:49.045904+00:00,2026-09-19T22:16:49.045904+00:00,0,2026-09-19T22:16:49.045904+00:00
2026-09-19,new,57207264,,,Apartment,Luxury | Bright | Sea Views | Near Mall,,600.0,,,BHD,monthly,,,,,,,,,,,26.239999771118164,50.5369987487793,,,,Anjum Jawaid,,YES,,,,,https://www.propertyfinder.bh/en/plp/rent/apartment-for-rent-capital-governorate-seef-57207264.html,2026-09-19T22:16:49.045904+00:00,2026-09-19T22:16:49.045904+00:00,0,2026-09-19T22:16:49.045904+00:00
2026-09-19,new,57207266,,,Apartment,Reasonable price I Large I Prime Location,,150.0,,,BHD,monthly,,,,,,,,Alhajiyat,,,26.128984451293945,50.58171463012695,,,,Al Lagoon Real Estate ,,NO,,,,,https://www.propertyfinder.bh/en/plp/rent/apartment-for-rent-southern-governorate-riffa-alhajiyat-57207266.html,2026-09-19T22:16:49.045904+00:00,2026-09-19T22:16:49.045904+00:00,0,2026-09-19T22:16:49.045904+00:00
2026-09-19,new,57207271,,,Villa,RENOVATED 5BHK HOME | ISA TOWN | 218 SQM,,118000.0,,,BHD,sell,,,,,,,,,,,26.16529655456543,50.552181243896484,,,,Yumna Awad,,NO,completed_primary,,,,https://www.propertyfinder.bh/en/plp/buy/villa-for-sale-central-governorate-isa-town-57207271.html,2026-09-19T22:16:49.045904+00:00,2026-09-19T22:16:49.045904+00:00,0,2026-09-19T22:16:49.045904+00:00
2026-09-19,new,57207272,,,Villa,"PRESTIGIOUS 5HK VILLA | 1,680 SQM | PRIVATE POOL",,700000.0,,,BHD,sell,,,,,,,,,,,26.130512237548828,50.55546569824219,,,,Yumna Awad,,PARTLY,completed,,,,https://www.propertyfinder.bh/en/plp/buy/villa-for-sale-southern-governorate-riffa-57207272.html,2026-09-19T22:16:49.045904+00:00,2026-09-19T22:16:49.045904+00:00,0,2026-09-19T22:16:49.045904+00:00
2026-09-19,new,57207273,,,Land,SPACIOUS BUILDING PLOT | RAS HAYYAN | 425.8 SQM,,100000.0,,,BHD,sell,,,,,,,,,,,26.040000915527344,50.63138961791992,,,,Yumna Awad,,,,,,,https://www.propertyfinder.bh/en/plp/buy/land-for-sale-southern-governorate-ras-hayan-57207273.html,2026-09-19T22:16:49.045904+00:00,2026-09-19T22:16:49.045904+00:00,0,2026-09-19T22:16:49.045904+00:00
2026-09-19,new,57207274,,,Apartment,SPACIOUS 2BHK FLAT | 150 SQM | SALMAN CITY,,55000.0,,,BHD,sell,,,,,,,,,,,26.23795509338379,50.45539855957031,,,,Yumna Awad,,PARTLY,off_plan,,,,https://www.propertyfinder.bh/en/plp/buy/apartment-for-sale-northern-governorate-northern-city-madinat-salman-57207274.html,2026-09-19T22:16:49.045904+00:00,2026-09-19T22:16:49.045904+00:00,0,2026-09-19T22:16:49.045904+00:00
2026-09-19,new,57207279,,,Apartment,Comprehensive I Large I Prime Location,,330.0,,,BHD,monthly,,,,,,,,,,,26.185943603515625,50.46711349487305,,,,Al Lagoon Real Estate ,,YES,,,,,https://www.propertyfinder.bh/en/plp/rent/apartment-for-rent-northern-governorate-janabiya-57207279.html,2026-09-19T22:16:49.045904+00:00,2026-09-19T22:16:49.045904+00:00,0,2026-09-19T22:16:49.045904+00:00
2026-09-19,new,57207282,,,Apartment,2 Big Terrace| See view| Well Maintained,,280.0,,,BHD,monthly,,,,,,,,,,,26.211111068725586,50.601112365722656,,,,Mokhles Sayed ,,YES,,,,,https://www.propertyfinder.bh/en/plp/rent/apartment-for-rent-capital-governorate-al-juffair-57207282.html,2026-09-19T22:16:49.045904+00:00,2026-09-19T22:16:49.045904+00:00,0,2026-09-19T22:16:49.045904+00:00
2026-09-19,new,57207287,,,Apartment,New| Modern | Housekeeping| 2 Balcony| CPR TAX,,380.0,,,BHD,monthly,,,,,,,,,,,26.211111068725586,50.601112365722656,,,,Mokhles Sayed ,,YES,,,,,https://www.propertyfinder.bh/en/plp/rent/apartment-for-rent-capital-governorate-al-juffair-57207287.html,2026-09-19T22:16:49.045904+00:00,2026-09-19T22:16:49.045904+00:00,0,2026-09-19T22:16:49.045904+00:00
2026-09-19,new,57207293,,,Apartment,2-BHK | Closed Kitchen | Unlimited EWA | Hidd,,260.0,,,BHD,monthly,,,,,,,,,,,26.21263313293457,50.67418670654297,,,,Zain Jabbar,,NO,,,,,https://www.propertyfinder.bh/en/plp/rent/apartment-for-rent-muharraq-governorate-hidd-57207293.html,2026-09-19T22:16:49.045904+00:00,2026-09-19T22:16:49.045904+00:00,0,2026-09-19T22:16:49.045904+00:00
2026-09-19,new,57207314,,,Apartment,FLEXIBLE PAYMENT | MARASSI | PREMIUM AMENITIES,,140888.0,,,BHD,sell,,,,,,,,Diyar Al Muharraq,,,26.303447723388672,50.6461296081543,,,,chippy jiji,,YES,off_plan,,,,https://www.propertyfinder.bh/en/plp/buy/apartment-for-sale-muharraq-governorate-diyar-al-muharraq-marassi-al-bahrain-57207314.html,2026-09-19T22:16:49.045904+00:00,2026-09-19T22:16:49.045904+00:00,0,2026-09-19T22:16:49.045904+00:00
2026-09-19,new,57207315,,,Apartment,2 Bedrooms | Unfurnished | Unlimited EWA,,260.0,,,BHD,monthly,,,,,,,,,,,26.21263313293457,50.67418670654297,,,,Muhammad Usman,,NO,,,,,https://www.propertyfinder.bh/en/plp/rent/apartment-for-rent-muharraq-governorate-hidd-57207315.html,2026-09-19T22:16:49.045904+00:00,2026-09-19T22:16:49.045904+00:00,0,2026-09-19T22:16:49.045904+00:00
2026-09-19,new,57207319,,,Villa,Luxurious | Furnished | Inclusive,,1000.0,,,BHD,monthly,,,,,,,,,,,26.288480758666992,50.66381072998047,,,,Al Lagoon Real Estate ,,YES,,,,,https://www.propertyfinder.bh/en/plp/rent/villa-for-rent-muharraq-governorate-amwaj-islands-57207319.html,2026-09-19T22:16:49.045904+00:00,2026-09-19T22:16:49.045904+00:00,0,2026-09-19T22:16:49.045904+00:00
2026-09-19,new,57207325,,,Apartment,HIGH FLOOR | SEA VIEW | Fully Equipped,,75000.0,,,BHD,sell,,,,,,,,,,,26.239999771118164,50.5369987487793,,,,Eman Abbas,,YES,completed,,,,https://www.propertyfinder.bh/en/plp/buy/apartment-for-sale-capital-governorate-seef-57207325.html,2026-09-19T22:16:49.045904+00:00,2026-09-19T22:16:49.045904+00:00,0,2026-09-19T22:16:49.045904+00:00
2026-09-19,new,57207328,,,Apartment,Affordable 3 Bedroom | unfurnished | Balcony,,240.0,,,BHD,monthly,,,,,,,,,,,26.21263313293457,50.67418670654297,,,,Zain Jabbar,,NO,,,,,https://www.propertyfinder.bh/en/plp/rent/apartment-for-rent-muharraq-governorate-hidd-57207328.html,2026-09-19T22:16:49.045904+00:00,2026-09-19T22:16:49.045904+00:00,0,2026-09-19T22:16:49.045904+00:00
2026-09-19,new,57207332,,,Villa,SINGLE STOREY /NEAR CAUSEWAY /COMPOUND / AMENITIES,,900.0,,,BHD,monthly,,,,,,,,,,,26.166685104370117,50.45078659057617,,,,Unus Sirajuddin,,PARTLY,,,,,https://www.propertyfinder.bh/en/plp/rent/villa-for-rent-northern-governorate-al-jasra-57207332.html,2026-09-19T22:16:49.045904+00:00,2026-09-19T22:16:49.045904+00:00,0,2026-09-19T22:16:49.045904+00:00
2026-09-19,new,57207336,,,Apartment,Brand New building/Ready to move in/Furnished,,330.0,,,BHD,monthly,,,,,,,,,,,26.185943603515625,50.46711349487305,,,,Dafina Muca,,YES,,,,,https://www.propertyfinder.bh/en/plp/rent/apartment-for-rent-northern-governorate-janabiya-57207336.html,2026-09-19T22:16:49.045904+00:00,2026-09-19T22:16:49.045904+00:00,0,2026-09-19T22:16:49.045904+00:00
2026-09-19,new,57207341,,,Apartment,Flat for Rent in Janabiya/Ready to Move in,,320.0,,,BHD,monthly,,,,,,,,,,,26.185943603515625,50.46711349487305,,,,Dafina Muca,,YES,,,,,https://www.propertyfinder.bh/en/plp/rent/apartment-for-rent-northern-governorate-janabiya-57207341.html,2026-09-19T22:16:49.045904+00:00,2026-09-19T22:16:49.045904+00:00,0,2026-09-19T22:16:49.045904+00:00
2026-09-19,new,57207343,,,Apartment,3 Bedroom | Balcony | Unfurnished | Closed Kitchen,,240.0,,,BHD,monthly,,,,,,,,,,,26.21263313293457,50.67418670654297,,,,Muhammad Usman,,NO,,,,,https://www.propertyfinder.bh/en/plp/rent/apartment-for-rent-muharraq-governorate-hidd-57207343.html,2026-09-19T22:16:49.045904+00:00,2026-09-19T22:16:49.045904+00:00,0,2026-09-19T22:16:49.045904+00:00
2026-09-19,new,57207344,,,Compound,MODERN AND SPACIOUS VILLA WITH PRIVATE POOL,,1300.0,,,BHD,monthly,,,,,,,,,,,26.185943603515625,50.46711349487305,,,,Aysha Adil,,PARTLY,,,,,https://www.propertyfinder.bh/en/plp/rent/compound-for-rent-northern-governorate-janabiya-57207344.html,2026-09-19T22:16:49.045904+00:00,2026-09-19T22:16:49.045904+00:00,0,2026-09-19T22:16:49.045904+00:00
2026-09-19,new,57207345,,,Apartment,SEA VIEW FLAT l MAID ROOM l BALCONY,,880.0,,,BHD,monthly,,,,,,,,Amwaj Avenue,,,26.29302978515625,50.66474151611328,,,,Monica Medhat,,YES,,,,,https://www.propertyfinder.bh/en/plp/rent/apartment-for-rent-muharraq-governorate-amwaj-islands-amwaj-avenue-57207345.html,2026-09-19T22:16:49.045904+00:00,2026-09-19T22:16:49.045904+00:00,0,2026-09-19T22:16:49.045904+00:00
2026-09-19,new,57207357,,,Apartment,very spacious 2bhk semi Furnished with balcony,,260.0,,,BHD,monthly,,,,,,,,,,,26.27199935913086,50.60900115966797,,,,Kaiser Buiyan,,NO,,,,,https://www.propertyfinder.bh/en/plp/rent/apartment-for-rent-muharraq-governorate-busaiteen-57207357.html,2026-09-19T22:16:49.045904+00:00,2026-09-19T22:16:49.045904+00:00,0,2026-09-19T22:16:49.045904+00:00
2026-09-19,new,57207365,,,Apartment,Exceptional Urban Living| Affordable| Big Terraces,,250.0,,,BHD,monthly,,,,,,,,,,,26.211111068725586,50.601112365722656,,,,Mokhles Sayed ,,YES,,,,,https://www.propertyfinder.bh/en/plp/rent/apartment-for-rent-capital-governorate-al-juffair-57207365.html,2026-09-19T22:16:49.045904+00:00,2026-09-19T22:16:49.045904+00:00,0,2026-09-19T22:16:49.045904+00:00
2026-09-19,new,57207401,,,Villa,A distinctive villa for rent in Saar,,850.0,,,BHD,monthly,,,,,,,,,,,26.19164276123047,50.48757553100586,,,,mohamed alaswad,,PARTLY,,,,,https://www.propertyfinder.bh/en/plp/rent/villa-for-rent-northern-governorate-saar-57207401.html,2026-09-19T22:16:49.045904+00:00,2026-09-19T22:16:49.045904+00:00,0,2026-09-19T22:16:49.045904+00:00
2026-09-19,new,57207403,,,Apartment,Marassi Terraces l Pool View l Beach Access,,74000.0,,,BHD,sell,,,,,,,,Diyar Al Muharraq,,,26.303447723388672,50.6461296081543,,,,Siwar Arfaoui,,PARTLY,completed,,,,https://www.propertyfinder.bh/en/plp/buy/apartment-for-sale-muharraq-governorate-diyar-al-muharraq-marassi-al-bahrain-57207403.html,2026-09-19T22:16:49.045904+00:00,2026-09-19T22:16:49.045904+00:00,0,2026-09-19T22:16:49.045904+00:00
2026-09-19,new,57207407,,,Villa,للبيع منزل سكني في عراد مقسم إلى 5 شقق منفصلة,,120000.0,,,BHD,sell,,,,,,,,,,,26.25,50.650001525878906,,,,Mohamed Alaynati,,NO,completed,,,,https://www.propertyfinder.bh/en/plp/buy/villa-for-sale-muharraq-governorate-arad-57207407.html,2026-09-19T22:16:49.045904+00:00,2026-09-19T22:16:49.045904+00:00,0,2026-09-19T22:16:49.045904+00:00
2026-09-19,new,57207408,,,Apartment,Stunning | Amazing | Balcony | Gym | Pool  | Seef,,550.0,,,BHD,monthly,,,,,,,,,,,26.239999771118164,50.5369987487793,,,,Mustafa Al Halwachi,,YES,,,,,https://www.propertyfinder.bh/en/plp/rent/apartment-for-rent-capital-governorate-seef-57207408.html,2026-09-19T22:16:49.045904+00:00,2026-09-19T22:16:49.045904+00:00,0,2026-09-19T22:16:49.045904+00:00
2026-09-19,new,57207414,,,Apartment,AFFORDABLE | LAST UNIT | FOR RENT | 2 BHK | SEEF,,410.0,,,BHD,monthly,,,,,,,,,,,26.239999771118164,50.5369987487793,,,,Husain Rajab,,YES,,,,,https://www.propertyfinder.bh/en/plp/rent/apartment-for-rent-capital-governorate-seef-57207414.html,2026-09-19T22:16:49.045904+00:00,2026-09-19T22:16:49.045904+00:00,0,2026-09-19T22:16:49.045904+00:00
2026-09-19,new,57207415,,,Villa,LUXURY 3-BEDROOM VILLA FOR SALE IN AL BUDAIYA,,159000.0,,,BHD,sell,,,,,,,,,,,26.213165283203125,50.447471618652344,,,,Husain Rajab,,YES,completed_primary,,,,https://www.propertyfinder.bh/en/plp/buy/villa-for-sale-northern-governorate-budaiya-57207415.html,2026-09-19T22:16:49.045904+00:00,2026-09-19T22:16:49.045904+00:00,0,2026-09-19T22:16:49.045904+00:00
2026-09-19,new,57207416,,,Apartment,An excellent opportunity: an apartment in Saraya 1,,320.0,,,BHD,monthly,,,,,,,,,,,26.21023941040039,50.49468231201172,,,,mohamed alaswad,,PARTLY,,,,,https://www.propertyfinder.bh/en/plp/rent/apartment-for-rent-northern-governorate-maqabah-57207416.html,2026-09-19T22:16:49.045904+00:00,2026-09-19T22:16:49.045904+00:00,0,2026-09-19T22:16:49.045904+00:00
2026-09-19,new,57207417,,,Apartment,Spacious | MID floor | Fully equipped kitchen,,250.0,,,BHD,monthly,,,,,,,,,,,26.239999771118164,50.5369987487793,,,,Eman Abbas,,YES,,,,,https://www.propertyfinder.bh/en/plp/rent/apartment-for-rent-capital-governorate-seef-57207417.html,2026-09-19T22:16:49.045904+00:00,2026-09-19T22:16:49.045904+00:00,0,2026-09-19T22:16:49.045904+00:00
2026-09-19,new,57207427,,,Apartment,GREAT OFFER PRICE | SPACIOUS DUPLEX | POOL | GYM,,399.0,,,BHD,monthly,,,,,,,,Amwaj Marina,,,26.293058395385742,50.65943908691406,,,,Fadi Eweida,,YES,,,,,https://www.propertyfinder.bh/en/plp/rent/apartment-for-rent-muharraq-governorate-amwaj-islands-amwaj-marina-57207427.html,2026-09-19T22:16:49.045904+00:00,2026-09-19T22:16:49.045904+00:00,0,2026-09-19T22:16:49.045904+00:00
2026-09-19,new,57207428,,,Land,Residential land for sale in Tubli,,123860.0,,,BHD,sell,,,,,,,,,,,26.188888549804688,50.54999923706055,,,,Hussain Alkhayaat,,,,,,,https://www.propertyfinder.bh/en/plp/buy/land-for-sale-central-governorate-tubli-57207428.html,2026-09-19T22:16:49.045904+00:00,2026-09-19T22:16:49.045904+00:00,0,2026-09-19T22:16:49.045904+00:00
2026-09-19,new,57207429,,,Apartment,AFFORDABLE | SPACIOUS | FOR RENT | 2 BHK | SEEF,,410.0,,,BHD,monthly,,,,,,,,,,,26.239999771118164,50.5369987487793,,,,Mustafa Al Halwachi,,YES,,,,,https://www.propertyfinder.bh/en/plp/rent/apartment-for-rent-capital-governorate-seef-57207429.html,2026-09-19T22:16:49.045904+00:00,2026-09-19T22:16:49.045904+00:00,0,2026-09-19T22:16:49.045904+00:00
2026-09-19,new,57207430,,,Villa,منزل استثماري/سكني  في عراد قرب أسواق المنتزه,,1000.0,,,BHD,monthly,,,,,,,,,,,26.25,50.650001525878906,,,,Mohamed Alaynati,,PARTLY,,,,,https://www.propertyfinder.bh/en/plp/rent/villa-for-rent-muharraq-governorate-arad-57207430.html,2026-09-19T22:16:49.045904+00:00,2026-09-19T22:16:49.045904+00:00,0,2026-09-19T22:16:49.045904+00:00
2026-09-19,new,57207431,,,Land,419 sqm Residential Land Plot for Sale,,135529.0,,,BHD,sell,,,,,,,,,,,26.202558517456055,50.519554138183594,,,,Sayed Murtadha Alqasab,,,,,,,https://www.propertyfinder.bh/en/plp/buy/land-for-sale-northern-governorate-bu-quwah-57207431.html,2026-09-19T22:16:49.045904+00:00,2026-09-19T22:16:49.045904+00:00,0,2026-09-19T22:16:49.045904+00:00
2026-09-19,new,57207432,,,Land,418 sqm Residential Land Plot for Sale,,135238.0,,,BHD,sell,,,,,,,,,,,26.202558517456055,50.519554138183594,,,,Sayed Murtadha Alqasab,,,,,,,https://www.propertyfinder.bh/en/plp/buy/land-for-sale-northern-governorate-bu-quwah-57207432.html,2026-09-19T22:16:49.045904+00:00,2026-09-19T22:16:49.045904+00:00,0,2026-09-19T22:16:49.045904+00:00
2026-09-19,new,57207433,,,Land,318 sqm Residential Land Plot for Sale,,106178.0,,,BHD,sell,,,,,,,,,,,26.202558517456055,50.519554138183594,,,,Sayed Murtadha Alqasab,,,,,,,https://www.propertyfinder.bh/en/plp/buy/land-for-sale-northern-governorate-bu-quwah-57207433.html,2026-09-19T22:16:49.045904+00:00,2026-09-19T22:16:49.045904+00:00,0,2026-09-19T22:16:49.045904+00:00
2026-09-19,new,57207434,,,Land,418 sqm Residential Land Plot for Sale,,126162.0,,,BHD,sell,,,,,,,,,,,26.202558517456055,50.519554138183594,,,,Sayed Murtadha Alqasab,,,,,,,https://www.propertyfinder.bh/en/plp/buy/land-for-sale-northern-governorate-bu-quwah-57207434.html,2026-09-19T22:16:49.045904+00:00,2026-09-19T22:16:49.045904+00:00,0,2026-09-19T22:16:49.045904+00:00
2026-09-19,new,57207435,,,Land,713 Sqm Residential Land Plot in Location 91,,222816.0,,,BHD,sell,,,,,,,,,,,26.202558517456055,50.519554138183594,,,,Sayed Murtadha Alqasab,,,,,,,https://www.propertyfinder.bh/en/plp/buy/land-for-sale-northern-governorate-bu-quwah-57207435.html,2026-09-19T22:16:49.045904+00:00,2026-09-19T22:16:49.045904+00:00,0,2026-09-19T22:16:49.045904+00:00
2026-09-19,new,57207436,,,Land,486 sqm Residential Land Plot for Sale,,146476.0,,,BHD,sell,,,,,,,,,,,26.202558517456055,50.519554138183594,,,,Sayed Murtadha Alqasab,,,,,,,https://www.propertyfinder.bh/en/plp/buy/land-for-sale-northern-governorate-bu-quwah-57207436.html,2026-09-19T22:16:49.045904+00:00,2026-09-19T22:16:49.045904+00:00,0,2026-09-19T22:16:49.045904+00:00
2026-09-19,new,57207437,,,Land,400 sqm Residential Land Plot in Location 25,,120000.0,,,BHD,sell,,,,,,,,,,,26.100860595703125,50.48801040649414,,,,Sayed Murtadha Alqasab,,,,,,,https://www.propertyfinder.bh/en/plp/buy/land-for-sale-northern-governorate-malkiyah-57207437.html,2026-09-19T22:16:49.045904+00:00,2026-09-19T22:16:49.045904+00:00,0,2026-09-19T22:16:49.045904+00:00
2026-09-19,new,57207438,,,Land,270 sqm Land Plot for Sale in Location 57,,75563.0,,,BHD,sell,,,,,,,,,,,26.08335304260254,50.48234558105469,,,,Sayed Murtadha Alqasab,,,,,,,https://www.propertyfinder.bh/en/plp/buy/land-for-sale-northern-governorate-sadad-57207438.html,2026-09-19T22:16:49.045904+00:00,2026-09-19T22:16:49.045904+00:00,0,2026-09-19T22:16:49.045904+00:00
2026-09-19,new,57207446,,,Land,Residential Land for Sale | 201 sqm | Plot 2354,,69800.0,,,BHD,sell,,,,,,,,Diyar Al Muharraq,,,26.31142234802246,50.64306640625,,,,Sayed Murtadha Alqasab,,,,,,,https://www.propertyfinder.bh/en/plp/buy/land-for-sale-muharraq-governorate-diyar-al-muharraq-57207446.html,2026-09-19T22:16:49.045904+00:00,2026-09-19T22:16:49.045904+00:00,0,2026-09-19T22:16:49.045904+00:00
2026-09-19,new,57207449,,,Apartment,HOTTEST INVESTMENT |SEA-VIEW+POOL+GYM|MARASSI MALL,,109888.0,,,BHD,sell,,,,,,,,Diyar Al Muharraq,,,26.303447723388672,50.6461296081543,,,,Fadi Eweida,,YES,completed_primary,,,,https://www.propertyfinder.bh/en/plp/buy/apartment-for-sale-muharraq-governorate-diyar-al-muharraq-marassi-al-bahrain-57207449.html,2026-09-19T22:16:49.045904+00:00,2026-09-19T22:16:49.045904+00:00,0,2026-09-19T22:16:49.045904+00:00
2026-09-19,new,57207463,,,Apartment,NEW FURNITURE | MODERN | BALCONY | GYM | SPA,,370.0,,,BHD,monthly,,,,,,,,Diyar Al Muharraq,,,26.303447723388672,50.6461296081543,,,,Fadi Eweida,,YES,,,,,https://www.propertyfinder.bh/en/plp/rent/apartment-for-rent-muharraq-governorate-diyar-al-muharraq-marassi-al-bahrain-57207463.html,2026-09-19T22:16:49.045904+00:00,2026-09-19T22:16:49.045904+00:00,0,2026-09-19T22:16:49.045904+00:00
2026-09-19,new,57207465,,,Apartment,SEA VIEW | PRIVATE BEACH | SPACIOUS BRIGHT MODERN,,750.0,,,BHD,monthly,,,,,,,,Amwaj Homes,,,26.288480758666992,50.66381072998047,,,,Fadi Eweida,,YES,,,,,https://www.propertyfinder.bh/en/plp/rent/apartment-for-rent-muharraq-governorate-amwaj-islands-amwaj-homes-57207465.html,2026-09-19T22:16:49.045904+00:00,2026-09-19T22:16:49.045904+00:00,0,2026-09-19T22:16:49.045904+00:00
2026-09-19,new,57207467,,,Apartment,SEA VIEW BRIGHT MODERN | BALCONY | PETS ALLOWED,,350.0,,,BHD,monthly,,,,,,,,Amwaj Avenue,,,26.29302978515625,50.66474151611328,,,,Fadi Eweida,,YES,,,,,https://www.propertyfinder.bh/en/plp/rent/apartment-for-rent-muharraq-governorate-amwaj-islands-amwaj-avenue-57207467.html,2026-09-19T22:16:49.045904+00:00,2026-09-19T22:16:49.045904+00:00,0,2026-09-19T22:16:49.045904+00:00
2026-09-19,new,57207474,,,Land,Land for Sale in Dumistan | New AGI Classification,,11.0,,,BHD,sell,,,,,,,,,,,26.123769760131836,50.469722747802734,,,,Mohamed Abualainain,,,,,,,https://www.propertyfinder.bh/en/plp/buy/land-for-sale-northern-governorate-dumistan-57207474.html,2026-09-19T22:16:49.045904+00:00,2026-09-19T22:16:49.045904+00:00,0,2026-09-19T22:16:49.045904+00:00
2026-09-19,new,57207476,,,Villa,Prime Location Villa for Sale in Busaiteen,,240000.0,,,BHD,sell,,,,,,,,,,,26.27199935913086,50.60900115966797,,,,Mohammed Alnashaba,,NO,completed,,,,https://www.propertyfinder.bh/en/plp/buy/villa-for-sale-muharraq-governorate-busaiteen-57207476.html,2026-09-19T22:16:49.045904+00:00,2026-09-19T22:16:49.045904+00:00,0,2026-09-19T22:16:49.045904+00:00
2026-09-19,new,57207513,,,Land,Industrial land (LD) for rent in Ras Zuwaid,,1680.0,,,BHD,monthly,,,,,,,,,,,26.085487365722656,50.61517333984375,,,,Mohamed Abualainain,,,,,,,https://www.propertyfinder.bh/en/plp/commercial-rent/land-for-rent-southern-governorate-ras-zuwayed-57207513.html,2026-09-19T22:16:49.045904+00:00,2026-09-19T22:16:49.045904+00:00,0,2026-09-19T22:16:49.045904+00:00
2026-09-19,new,57207556,,,Villa,"Corner Villa for Sale in Al Lawzi, Hamad Town",,125.0,,,BHD,sell,,,,,,,,,,,26.12916374206543,50.49860763549805,,,,Mohammed Salman,,NO,completed_primary,,,,https://www.propertyfinder.bh/en/plp/buy/villa-for-sale-northern-governorate-hamad-town-57207556.html,2026-09-19T22:16:49.045904+00:00,2026-09-19T22:16:49.045904+00:00,0,2026-09-19T22:16:49.045904+00:00
2026-09-19,new,57207557,,,Apartment,"SPECIAL CHANCE, BRAND NEW 3 BEDROOM APARTMENT",,300.0,,,BHD,monthly,,,,,,,,Manama Downtown,,,26.23276138305664,50.57925033569336,,,,Husain Rajab,,NO,,,,,https://www.propertyfinder.bh/en/plp/rent/apartment-for-rent-capital-governorate-manama-manama-downtown-57207557.html,2026-09-19T22:16:49.045904+00:00,2026-09-19T22:16:49.045904+00:00,0,2026-09-19T22:16:49.045904+00:00
2026-09-19,new,57207559,,,Apartment,Luxury Fontana Pool And Sea View Maids room,,79000.0,,,BHD,sell,,,,,,,,,,,26.211111068725586,50.601112365722656,,,,Maher Alimadi,,YES,completed,,,,https://www.propertyfinder.bh/en/plp/buy/apartment-for-sale-capital-governorate-al-juffair-57207559.html,2026-09-19T22:16:49.045904+00:00,2026-09-19T22:16:49.045904+00:00,0,2026-09-19T22:16:49.045904+00:00
2026-09-19,new,57207584,,,Office Space,Prime Location Bright Rented 550 BD,,71000.0,,,BHD,sell,,,,,,,,,,,26.239999771118164,50.5369987487793,,,,Maher Alimadi,,YES,completed,,,,https://www.propertyfinder.bh/en/plp/commercial-buy/office-space-for-sale-capital-governorate-seef-57207584.html,2026-09-19T22:16:49.045904+00:00,2026-09-19T22:16:49.045904+00:00,0,2026-09-19T22:16:49.045904+00:00
2026-09-19,new,57207585,,,Land,Service Area | Public Road | Services,,416269.0,,,BHD,sell,,,,,,,,Al Bahair,,,26.149368286132812,50.56598663330078,,,,Al Lagoon Real Estate ,,,,,,,https://www.propertyfinder.bh/en/plp/commercial-buy/land-for-sale-southern-governorate-riffa-al-bahair-57207585.html,2026-09-19T22:16:49.045904+00:00,2026-09-19T22:16:49.045904+00:00,0,2026-09-19T22:16:49.045904+00:00
2026-09-19,new,57207586,,,Apartment,High Floor with Beautiful View ISpacious I Balcony,,500.0,,,BHD,monthly,,,,,,,,Sanabis,,,26.226558685302734,50.5459098815918,,,,Unus Sirajuddin,,YES,,,,,https://www.propertyfinder.bh/en/plp/rent/apartment-for-rent-capital-governorate-manama-sanabis-57207586.html,2026-09-19T22:16:49.045904+00:00,2026-09-19T22:16:49.045904+00:00,0,2026-09-19T22:16:49.045904+00:00
2026-09-19,new,57207589,,,Apartment,Fontana Pool View  With  Maids Room,,82000.0,,,BHD,sell,,,,,,,,,,,26.211111068725586,50.601112365722656,,,,Maher Alimadi,,YES,completed,,,,https://www.propertyfinder.bh/en/plp/buy/apartment-for-sale-capital-governorate-al-juffair-57207589.html,2026-09-19T22:16:49.045904+00:00,2026-09-19T22:16:49.045904+00:00,0,2026-09-19T22:16:49.045904+00:00
2026-09-19,new,57207597,,,Apartment,"SPECIAL CHANCE, BRAND NEW 3 BEDROOM APARTMENT",,300.0,,,BHD,monthly,,,,,,,,Manama Downtown,,,26.23276138305664,50.57925033569336,,,,Hussain Ayoob,,NO,,,,,https://www.propertyfinder.bh/en/plp/rent/apartment-for-rent-capital-governorate-manama-manama-downtown-57207597.html,2026-09-19T22:16:49.045904+00:00,2026-09-19T22:16:49.045904+00:00,0,2026-09-19T22:16:49.045904+00:00
2026-09-19,new,57207599,,,Villa,Corner | Services | Residential Area,,130000.0,,,BHD,sell,,,,,,,,,,,26.12916374206543,50.49860763549805,,,,Al Lagoon Real Estate ,,NO,completed,,,,https://www.propertyfinder.bh/en/plp/buy/villa-for-sale-northern-governorate-hamad-town-57207599.html,2026-09-19T22:16:49.045904+00:00,2026-09-19T22:16:49.045904+00:00,0,2026-09-19T22:16:49.045904+00:00
2026-09-19,new,57207600,,,Land,Prime Investment Land for Sale in Amwaj Islands,,47.0,,,BHD,sell,,,,,,,,,,,26.288480758666992,50.66381072998047,,,,Mohamed Abualainain,,,,,,,https://www.propertyfinder.bh/en/plp/buy/land-for-sale-muharraq-governorate-amwaj-islands-57207600.html,2026-09-19T22:16:49.045904+00:00,2026-09-19T22:16:49.045904+00:00,0,2026-09-19T22:16:49.045904+00:00
2026-09-19,new,57207601,,,Apartment,Spacious 3-Bedroom Apartment for Sale in Al Hidd,,60000.0,,,BHD,sell,,,,,,,,,,,26.21263313293457,50.67418670654297,,,,Ahmed Zekrait,,PARTLY,completed,,,,https://www.propertyfinder.bh/en/plp/buy/apartment-for-sale-muharraq-governorate-hidd-57207601.html,2026-09-19T22:16:49.045904+00:00,2026-09-19T22:16:49.045904+00:00,0,2026-09-19T22:16:49.045904+00:00
2026-09-19,new,57207631,,,Apartment,1 BR Furnished Apartment with Water View,,320.0,,,BHD,monthly,,,,,,,,Amwaj Avenue,,,26.29302978515625,50.66474151611328,,,,chippy jiji,,YES,,,,,https://www.propertyfinder.bh/en/plp/rent/apartment-for-rent-muharraq-governorate-amwaj-islands-amwaj-avenue-57207631.html,2026-09-19T22:16:49.045904+00:00,2026-09-19T22:16:49.045904+00:00,0,2026-09-19T22:16:49.045904+00:00
2026-09-19,new,57207633,,,Apartment,UNFURNISHED FLAT | LOW PRICE | FAMILY BUILDING,,140.0,,,BHD,monthly,,,,,,,,,,,26.25,50.616668701171875,,,,Muhammad,,NO,,,,,https://www.propertyfinder.bh/en/plp/rent/apartment-for-rent-muharraq-governorate-muharraq-57207633.html,2026-09-19T22:16:49.045904+00:00,2026-09-19T22:16:49.045904+00:00,0,2026-09-19T22:16:49.045904+00:00
2026-09-19,new,57207635,,,Apartment,SMALL DUPLEX HOUSE | UNFURNISHED | BALCONY,,150.0,,,BHD,monthly,,,,,,,,,,,26.25,50.616668701171875,,,,Muhammad,,NO,,,,,https://www.propertyfinder.bh/en/plp/rent/apartment-for-rent-muharraq-governorate-muharraq-57207635.html,2026-09-19T22:16:49.045904+00:00,2026-09-19T22:16:49.045904+00:00,0,2026-09-19T22:16:49.045904+00:00
2026-09-19,new,57207682,,,Villa,Staff Accommodation | Services | Clean,,1200.0,,,BHD,monthly,,,,,,,,,,,26.2102108001709,50.56403350830078,,,,Al Lagoon Real Estate ,,NO,,,,,https://www.propertyfinder.bh/en/plp/rent/villa-for-rent-capital-governorate-manama-zinj-57207682.html,2026-09-19T22:16:49.045904+00:00,2026-09-19T22:16:49.045904+00:00,0,2026-09-19T22:16:49.045904+00:00
2026-09-19,new,57207683,,,Villa,Villa for Rent in Tubli prime location,,1100.0,,,BHD,monthly,,,,,,,,,,,26.188888549804688,50.54999923706055,,,,Damac Realestate ,,PARTLY,,,,,https://www.propertyfinder.bh/en/plp/rent/villa-for-rent-central-governorate-tubli-57207683.html,2026-09-19T22:16:49.045904+00:00,2026-09-19T22:16:49.045904+00:00,0,2026-09-19T22:16:49.045904+00:00
2026-09-19,new,57207693,,,Apartment,Balcony| Spacious|Bright| See view well maintained,,270.0,,,BHD,monthly,,,,,,,,,,,26.211111068725586,50.601112365722656,,,,Mokhles Sayed ,,YES,,,,,https://www.propertyfinder.bh/en/plp/rent/apartment-for-rent-capital-governorate-al-juffair-57207693.html,2026-09-19T22:16:49.045904+00:00,2026-09-19T22:16:49.045904+00:00,0,2026-09-19T22:16:49.045904+00:00
2026-09-19,new,57207695,,,Apartment,Sea View | Spacious | Cinema | Housekeeping |,,425.0,,,BHD,monthly,,,,,,,,,,,26.211111068725586,50.601112365722656,,,,Aileen Camarillo,,YES,,,,,https://www.propertyfinder.bh/en/plp/rent/apartment-for-rent-capital-governorate-al-juffair-57207695.html,2026-09-19T22:16:49.045904+00:00,2026-09-19T22:16:49.045904+00:00,0,2026-09-19T22:16:49.045904+00:00
2026-09-19,new,57207696,,,Apartment,HOT DEAL | SEA VIEW | BEACH ACCESS | 2 BALCONIES,,450.0,,,BHD,monthly,,,,,,,,Amwaj Marina,,,26.293058395385742,50.65943908691406,,,,Fadi Eweida,,YES,,,,,https://www.propertyfinder.bh/en/plp/rent/apartment-for-rent-muharraq-governorate-amwaj-islands-amwaj-marina-57207696.html,2026-09-19T22:16:49.045904+00:00,2026-09-19T22:16:49.045904+00:00,0,2026-09-19T22:16:49.045904+00:00
2026-09-19,new,57207710,,,Land,200 sqm Land Plot Available for Sale,,80000.0,,,BHD,sell,,,,,,,,,,,26.27199935913086,50.60900115966797,,,,Mohamed Abualainain,,,,,,,https://www.propertyfinder.bh/en/plp/buy/land-for-sale-muharraq-governorate-busaiteen-57207710.html,2026-09-19T22:16:49.045904+00:00,2026-09-19T22:16:49.045904+00:00,0,2026-09-19T22:16:49.045904+00:00
2026-09-19,new,57207713,,,Villa,Navy or civilian sea front villa with garden,,900.0,,,BHD,monthly,,,,,,,,Al Marsa Floating City,,,26.2847957611084,50.669620513916016,,,,Anna Mechkovskaya,,YES,,,,,https://www.propertyfinder.bh/en/plp/rent/villa-for-rent-muharraq-governorate-amwaj-islands-al-marsa-floating-city-57207713.html,2026-09-19T22:16:49.045904+00:00,2026-09-19T22:16:49.045904+00:00,0,2026-09-19T22:16:49.045904+00:00
2026-09-19,new,57207714,,,Villa,4 BR Villa in Jurdab | Private Garden | 3 Parking,,750.0,,,BHD,monthly,,,,,,,,,,,26.168216705322266,50.57180404663086,,,,Ali Bassim,,PARTLY,,,,,https://www.propertyfinder.bh/en/plp/rent/villa-for-rent-central-governorate-jurdab-57207714.html,2026-09-19T22:16:49.045904+00:00,2026-09-19T22:16:49.045904+00:00,0,2026-09-19T22:16:49.045904+00:00
2026-09-19,new,57207735,,,Apartment,Spacious Furnished studio Bedroom Apartment,,310.0,,,BHD,monthly,,,,,,,,,,,26.239999771118164,50.5369987487793,,,,Husain Rajab,,YES,,,,,https://www.propertyfinder.bh/en/plp/rent/apartment-for-rent-capital-governorate-seef-57207735.html,2026-09-19T22:16:49.045904+00:00,2026-09-19T22:16:49.045904+00:00,0,2026-09-19T22:16:49.045904+00:00
2026-09-19,new,57207737,,,Apartment,STUNNNG | SEA VIEW | STUDIO FURNISHED | SEEF,,300.0,,,BHD,monthly,,,,,,,,,,,26.239999771118164,50.5369987487793,,,,Mustafa Al Halwachi,,YES,,,,,https://www.propertyfinder.bh/en/plp/rent/apartment-for-rent-capital-governorate-seef-57207737.html,2026-09-19T22:16:49.045904+00:00,2026-09-19T22:16:49.045904+00:00,0,2026-09-19T22:16:49.045904+00:00
2026-09-19,new,57207741,,,Apartment,WONDERFUL | SEA VIEW | AMAZING | 1 BHK | SEEF,,400.0,,,BHD,monthly,,,,,,,,,,,26.239999771118164,50.5369987487793,,,,Mustafa Al Halwachi,,YES,,,,,https://www.propertyfinder.bh/en/plp/rent/apartment-for-rent-capital-governorate-seef-57207741.html,2026-09-19T22:16:49.045904+00:00,2026-09-19T22:16:49.045904+00:00,0,2026-09-19T22:16:49.045904+00:00
2026-09-19,new,57207766,,,Apartment,WONDERFUL | SEA VIEW | AMAZING | 1 BHK | SEEF,,400.0,,,BHD,monthly,,,,,,,,,,,26.239999771118164,50.5369987487793,,,,Husain Rajab,,YES,,,,,https://www.propertyfinder.bh/en/plp/rent/apartment-for-rent-capital-governorate-seef-57207766.html,2026-09-19T22:16:49.045904+00:00,2026-09-19T22:16:49.045904+00:00,0,2026-09-19T22:16:49.045904+00:00
2026-09-19,new,57207767,,,Apartment,PRIME LOCATION | WONDERFUL | STUDIO | SEEF,,300.0,,,BHD,monthly,,,,,,,,,,,26.239999771118164,50.5369987487793,,,,Mustafa Al Halwachi,,YES,,,,,https://www.propertyfinder.bh/en/plp/rent/apartment-for-rent-capital-governorate-seef-57207767.html,2026-09-19T22:16:49.045904+00:00,2026-09-19T22:16:49.045904+00:00,0,2026-09-19T22:16:49.045904+00:00
2026-09-19,new,57207772,,,Apartment,HIGH FLOOR | SEA VIEW | PRIME LOCATION | SEEF,,330.0,,,BHD,monthly,,,,,,,,,,,26.239999771118164,50.5369987487793,,,,Mustafa Al Halwachi,,YES,,,,,https://www.propertyfinder.bh/en/plp/rent/apartment-for-rent-capital-governorate-seef-57207772.html,2026-09-19T22:16:49.045904+00:00,2026-09-19T22:16:49.045904+00:00,0,2026-09-19T22:16:49.045904+00:00
2026-09-19,new,57207773,,,Apartment,BIG LAYOUT | SPACIOUS | STUNNING | STUDIO | SEEF,,300.0,,,BHD,monthly,,,,,,,,,,,26.239999771118164,50.5369987487793,,,,Mustafa Al Halwachi,,YES,,,,,https://www.propertyfinder.bh/en/plp/rent/apartment-for-rent-capital-governorate-seef-57207773.html,2026-09-19T22:16:49.045904+00:00,2026-09-19T22:16:49.045904+00:00,0,2026-09-19T22:16:49.045904+00:00
2026-09-19,new,57207774,,,Apartment,AMAZING | STUNNING | SEA & CITY VIEW | SEEF,,390.0,,,BHD,monthly,,,,,,,,,,,26.239999771118164,50.5369987487793,,,,Mustafa Al Halwachi,,YES,,,,,https://www.propertyfinder.bh/en/plp/rent/apartment-for-rent-capital-governorate-seef-57207774.html,2026-09-19T22:16:49.045904+00:00,2026-09-19T22:16:49.045904+00:00,0,2026-09-19T22:16:49.045904+00:00
2026-09-19,new,57207775,,,Apartment,WONDERFUL | STUNNING | SEA & CITY VIEW | SEEF,,380.0,,,BHD,monthly,,,,,,,,,,,26.239999771118164,50.5369987487793,,,,Mustafa Al Halwachi,,YES,,,,,https://www.propertyfinder.bh/en/plp/rent/apartment-for-rent-capital-governorate-seef-57207775.html,2026-09-19T22:16:49.045904+00:00,2026-09-19T22:16:49.045904+00:00,0,2026-09-19T22:16:49.045904+00:00
2026-09-19,new,57207776,,,Apartment,WONDERFUL | SEA VIEW | AMAZING | 1 BHK | SEEF,,360.0,,,BHD,monthly,,,,,,,,,,,26.239999771118164,50.5369987487793,,,,Mustafa Al Halwachi,,YES,,,,,https://www.propertyfinder.bh/en/plp/rent/apartment-for-rent-capital-governorate-seef-57207776.html,2026-09-19T22:16:49.045904+00:00,2026-09-19T22:16:49.045904+00:00,0,2026-09-19T22:16:49.045904+00:00
2026-09-19,new,57207777,,,Apartment,STUNNNG | SEA VIEW | STUDIO FURNISHED | SEEF,,300.0,,,BHD,monthly,,,,,,,,,,,26.239999771118164,50.5369987487793,,,,Mustafa Al Halwachi,,YES,,,,,https://www.propertyfinder.bh/en/plp/rent/apartment-for-rent-capital-governorate-seef-57207777.html,2026-09-19T22:16:49.045904+00:00,2026-09-19T22:16:49.045904+00:00,0,2026-09-19T22:16:49.045904+00:00
2026-09-19,new,57207786,,,Townhouse,House for sale In Manama - Hoora Living/Investment,,29000.0,,,BHD,sell,,,,,,,,,,,26.23387908935547,50.5939826965332,,,,Mohammed Radhi,,NO,completed,,,,https://www.propertyfinder.bh/en/plp/buy/townhouse-for-sale-capital-governorate-hoora-57207786.html,2026-09-19T22:16:49.045904+00:00,2026-09-19T22:16:49.045904+00:00,0,2026-09-19T22:16:49.045904+00:00
2026-09-19,new,57207788,,,Apartment,LOWER FLOOR | SPACIOUS | STUNNING | STUDIO | SEEF,,300.0,,,BHD,monthly,,,,,,,,,,,26.239999771118164,50.5369987487793,,,,Husain Rajab,,YES,,,,,https://www.propertyfinder.bh/en/plp/rent/apartment-for-rent-capital-governorate-seef-57207788.html,2026-09-19T22:16:49.045904+00:00,2026-09-19T22:16:49.045904+00:00,0,2026-09-19T22:16:49.045904+00:00
2026-09-19,new,57207789,,,Townhouse,House In Muharraq For sale Near the souq,,39000.0,,,BHD,sell,,,,,,,,,,,26.25,50.616668701171875,,,,Mohammed Radhi,,NO,completed,,,,https://www.propertyfinder.bh/en/plp/buy/townhouse-for-sale-muharraq-governorate-muharraq-57207789.html,2026-09-19T22:16:49.045904+00:00,2026-09-19T22:16:49.045904+00:00,0,2026-09-19T22:16:49.045904+00:00
2026-09-19,new,57207798,,,Apartment,HIGH FLOOR | SEA VIEW | PRIME LOCATION | SEEF,,330.0,,,BHD,monthly,,,,,,,,,,,26.239999771118164,50.5369987487793,,,,Husain Rajab,,YES,,,,,https://www.propertyfinder.bh/en/plp/rent/apartment-for-rent-capital-governorate-seef-57207798.html,2026-09-19T22:16:49.045904+00:00,2026-09-19T22:16:49.045904+00:00,0,2026-09-19T22:16:49.045904+00:00
2026-09-19,new,57207803,,,Apartment,WONDERFUL | PRIME LOCATION | STUDIO | SEEF,,300.0,,,BHD,monthly,,,,,,,,,,,26.239999771118164,50.5369987487793,,,,Husain Rajab,,YES,,,,,https://www.propertyfinder.bh/en/plp/rent/apartment-for-rent-capital-governorate-seef-57207803.html,2026-09-19T22:16:49.045904+00:00,2026-09-19T22:16:49.045904+00:00,0,2026-09-19T22:16:49.045904+00:00
2026-09-19,new,57207807,,,Warehouse,Workshop or garage for rent in Hamala,,320.0,,,BHD,monthly,,,,,,,,,,,26.140336990356445,50.478271484375,,,,Mohammed Ali Al Samawi ,,YES,,,,,https://www.propertyfinder.bh/en/plp/commercial-rent/warehouse-for-rent-northern-governorate-hamala-57207807.html,2026-09-19T22:16:49.045904+00:00,2026-09-19T22:16:49.045904+00:00,0,2026-09-19T22:16:49.045904+00:00
2026-09-19,new,57207817,,,Villa,"Luxury villa, good deal, perfect location",,190.0,,,BHD,sell,,,,,,,,,,,26.19164276123047,50.48757553100586,,,,Ahmed Alshaer,,PARTLY,completed,,,,https://www.propertyfinder.bh/en/plp/buy/villa-for-sale-northern-governorate-saar-57207817.html,2026-09-19T22:16:49.045904+00:00,2026-09-19T22:16:49.045904+00:00,0,2026-09-19T22:16:49.045904+00:00
2026-09-19,new,57207819,,,Villa,"Beautiful villa, amazing location, full furniture",,850.0,,,BHD,monthly,,,,,,,,,,,26.19164276123047,50.48757553100586,,,,Ahmed Alshaer,,YES,,,,,https://www.propertyfinder.bh/en/plp/rent/villa-for-rent-northern-governorate-saar-57207819.html,2026-09-19T22:16:49.045904+00:00,2026-09-19T22:16:49.045904+00:00,0,2026-09-19T22:16:49.045904+00:00
2026-09-19,new,57207820,,,Villa,"Hurry up, perfect price, perfect area",,125000.0,,,BHD,sell,,,,,,,,,,,26.229394912719727,50.48070526123047,,,,Ahmed Alshaer,,YES,completed,,,,https://www.propertyfinder.bh/en/plp/buy/villa-for-sale-northern-governorate-barbar-57207820.html,2026-09-19T22:16:49.045904+00:00,2026-09-19T22:16:49.045904+00:00,0,2026-09-19T22:16:49.045904+00:00
2026-09-19,new,57207822,,,Villa,"Nice villa, quiet place, suitable for family",,1250.0,,,BHD,monthly,,,,,,,,,,,26.166685104370117,50.45078659057617,,,,Ahmed Alshaer,,PARTLY,,,,,https://www.propertyfinder.bh/en/plp/rent/villa-for-rent-northern-governorate-al-jasra-57207822.html,2026-09-19T22:16:49.045904+00:00,2026-09-19T22:16:49.045904+00:00,0,2026-09-19T22:16:49.045904+00:00
2026-09-19,new,57207831,,,Villa,3 BR Villa with 3 Parking Slots in Barbar,,125000.0,,,BHD,sell,,,,,,,,,,,26.229394912719727,50.48070526123047,,,,Ali Bassim,,NO,completed,,,,https://www.propertyfinder.bh/en/plp/buy/villa-for-sale-northern-governorate-barbar-57207831.html,2026-09-19T22:16:49.045904+00:00,2026-09-19T22:16:49.045904+00:00,0,2026-09-19T22:16:49.045904+00:00
2026-09-19,new,57207832,,,Apartment,"1 BR Apartment in Top Ten Tower, Juffair",,300.0,,,BHD,monthly,,,,,,,,,,,26.211111068725586,50.601112365722656,,,,Ali Bassim,,YES,,,,,https://www.propertyfinder.bh/en/plp/rent/apartment-for-rent-capital-governorate-al-juffair-57207832.html,2026-09-19T22:16:49.045904+00:00,2026-09-19T22:16:49.045904+00:00,0,2026-09-19T22:16:49.045904+00:00
2026-09-19,new,57207833,,,Apartment,"Distinctive apartment for rent in Tubli,",,220.0,,,BHD,monthly,,,,,,,,,,,26.188888549804688,50.54999923706055,,,,Ali Bassim,,PARTLY,,,,,https://www.propertyfinder.bh/en/plp/rent/apartment-for-rent-central-governorate-tubli-57207833.html,2026-09-19T22:16:49.045904+00:00,2026-09-19T22:16:49.045904+00:00,0,2026-09-19T22:16:49.045904+00:00
2026-09-19,new,57207834,,,Villa,4 BR Villa in Al Jasra with Private Pool and Garden,,1250.0,,,BHD,monthly,,,,,,,,,,,26.166685104370117,50.45078659057617,,,,Ali Bassim,,NO,,,,,https://www.propertyfinder.bh/en/plp/rent/villa-for-rent-northern-governorate-al-jasra-57207834.html,2026-09-19T22:16:49.045904+00:00,2026-09-19T22:16:49.045904+00:00,0,2026-09-19T22:16:49.045904+00:00
2026-09-19,new,57207835,,,Townhouse,House for sale in sanad,,110000.0,,,BHD,sell,,,,,,,,,,,26.149999618530273,50.58333206176758,,,,Mohammed Radhi,,PARTLY,completed,,,,https://www.propertyfinder.bh/en/plp/buy/townhouse-for-sale-central-governorate-sanad-57207835.html,2026-09-19T22:16:49.045904+00:00,2026-09-19T22:16:49.045904+00:00,0,2026-09-19T22:16:49.045904+00:00
2026-09-19,new,57207843,,,Villa,HOT DEAL | LARGE GARDEN | AFFORDABLE,,320.0,,,BHD,monthly,,,,,,,,,,,26.168216705322266,50.57180404663086,,,,Sheji Rahman,,NO,,,,,https://www.propertyfinder.bh/en/plp/rent/villa-for-rent-central-governorate-jurdab-57207843.html,2026-09-19T22:16:49.045904+00:00,2026-09-19T22:16:49.045904+00:00,0,2026-09-19T22:16:49.045904+00:00
2026-09-19,new,57207844,,,Apartment,luxury flat l balcony l maid room l kids area,,580.0,,,BHD,monthly,,,,,,,,Sanabis,,,26.226558685302734,50.5459098815918,,,,Monica Medhat,,YES,,,,,https://www.propertyfinder.bh/en/plp/rent/apartment-for-rent-capital-governorate-manama-sanabis-57207844.html,2026-09-19T22:16:49.045904+00:00,2026-09-19T22:16:49.045904+00:00,0,2026-09-19T22:16:49.045904+00:00
2026-09-19,new,57207845,,,Villa,"Near the service, comfortable area, suitable villa",,750.0,,,BHD,monthly,,,,,,,,,,,26.168216705322266,50.57180404663086,,,,Ahmed Alshaer,,NO,,,,,https://www.propertyfinder.bh/en/plp/rent/villa-for-rent-central-governorate-jurdab-57207845.html,2026-09-19T22:16:49.045904+00:00,2026-09-19T22:16:49.045904+00:00,0,2026-09-19T22:16:49.045904+00:00
2026-09-19,new,57207851,,,Apartment,Furnished Apartment in Marassi Park | Ground Floor,,62000.0,,,BHD,sell,,,,,,,,Diyar Al Muharraq,,,26.303447723388672,50.6461296081543,,,,Abdulla Alkhan,,YES,completed,,,,https://www.propertyfinder.bh/en/plp/buy/apartment-for-sale-muharraq-governorate-diyar-al-muharraq-marassi-al-bahrain-57207851.html,2026-09-19T22:16:49.045904+00:00,2026-09-19T22:16:49.045904+00:00,0,2026-09-19T22:16:49.045904+00:00
2026-09-19,new,57207852,,,Apartment,2 BR| Semi-Furnished |Closed Kitchen | Affordable,,220.0,,,BHD,monthly,,,,,,,,,,,26.21263313293457,50.67418670654297,,,,Zain Jabbar,,PARTLY,,,,,https://www.propertyfinder.bh/en/plp/rent/apartment-for-rent-muharraq-governorate-hidd-57207852.html,2026-09-19T22:16:49.045904+00:00,2026-09-19T22:16:49.045904+00:00,0,2026-09-19T22:16:49.045904+00:00
2026-09-19,new,57207859,,,Apartment,Brand New 1BR | Private Garden | Sea View,,620.0,,,BHD,monthly,,,,,,,,,,,26.239999771118164,50.5369987487793,,,,Mohamed Abdulwahab,,YES,,,,,https://www.propertyfinder.bh/en/plp/rent/apartment-for-rent-capital-governorate-seef-57207859.html,2026-09-19T22:16:49.045904+00:00,2026-09-19T22:16:49.045904+00:00,0,2026-09-19T22:16:49.045904+00:00
2026-09-19,new,57207860,,,Apartment,Semi-Furnished 2-Bedroom | Closed Kitchen | Hidd,,220.0,,,BHD,monthly,,,,,,,,,,,26.21263313293457,50.67418670654297,,,,Muhammad Usman,,PARTLY,,,,,https://www.propertyfinder.bh/en/plp/rent/apartment-for-rent-muharraq-governorate-hidd-57207860.html,2026-09-19T22:16:49.045904+00:00,2026-09-19T22:16:49.045904+00:00,0,2026-09-19T22:16:49.045904+00:00
2026-09-19,new,57207864,,,Apartment,Semi Furnished 2-BHK |Closed Kitchen | Affordable,,240.0,,,BHD,monthly,,,,,,,,,,,26.21263313293457,50.67418670654297,,,,Zain Jabbar,,PARTLY,,,,,https://www.propertyfinder.bh/en/plp/rent/apartment-for-rent-muharraq-governorate-hidd-57207864.html,2026-09-19T22:16:49.045904+00:00,2026-09-19T22:16:49.045904+00:00,0,2026-09-19T22:16:49.045904+00:00
2026-09-19,new,57207870,,,Apartment,Brand New | High Floor | Full Sea View,,750.0,,,BHD,monthly,,,,,,,,,,,26.249584197998047,50.580360412597656,,,,Adeel Ajaz,,YES,,,,,https://www.propertyfinder.bh/en/plp/rent/apartment-for-rent-capital-governorate-bahrain-bay-57207870.html,2026-09-19T22:16:49.045904+00:00,2026-09-19T22:16:49.045904+00:00,0,2026-09-19T22:16:49.045904+00:00
2026-09-19,new,57207871,,,Apartment,2 Bedroom | Semi-Furnished | Closed Kitchen,,240.0,,,BHD,monthly,,,,,,,,,,,26.21263313293457,50.67418670654297,,,,Muhammad Usman,,PARTLY,,,,,https://www.propertyfinder.bh/en/plp/rent/apartment-for-rent-muharraq-governorate-hidd-57207871.html,2026-09-19T22:16:49.045904+00:00,2026-09-19T22:16:49.045904+00:00,0,2026-09-19T22:16:49.045904+00:00
2026-09-19,new,57207881,,,Warehouse,Workshop or garage for rent in Hamala,,350.0,,,BHD,monthly,,,,,,,,,,,26.140336990356445,50.478271484375,,,,Mohammed Ali Al Samawi ,,YES,,,,,https://www.propertyfinder.bh/en/plp/commercial-rent/warehouse-for-rent-northern-governorate-hamala-57207881.html,2026-09-19T22:16:49.045904+00:00,2026-09-19T22:16:49.045904+00:00,0,2026-09-19T22:16:49.045904+00:00
2026-09-19,new,57207885,,,Land,Prime Investment Land | B10 | Freehold | Amwaj,,320000.0,,,BHD,sell,,,,,,,,,,,26.288480758666992,50.66381072998047,,,,OMAR ALALAIWI,,,,,,,https://www.propertyfinder.bh/en/plp/commercial-buy/land-for-sale-muharraq-governorate-amwaj-islands-57207885.html,2026-09-19T22:16:49.045904+00:00,2026-09-19T22:16:49.045904+00:00,0,2026-09-19T22:16:49.045904+00:00
2026-09-19,new,57207886,,,Apartment,Star Suites,,250.0,,,BHD,monthly,,,,,,,,,,,26.207910537719727,50.587345123291016,,,,Ram Rana,,PARTLY,,,,,https://www.propertyfinder.bh/en/plp/rent/apartment-for-rent-capital-governorate-manama-mahooz-57207886.html,2026-09-19T22:16:49.045904+00:00,2026-09-19T22:16:49.045904+00:00,0,2026-09-19T22:16:49.045904+00:00
2026-09-19,new,57207911,,,Villa,DIRECT BEACH ACCESS | SEA VIEW | WATERFRONT VILLA,,220000.0,,,BHD,sell,,,,,,,,Saraya al Bahar,,,26.2982234954834,50.65825271606445,,,,Katarzyna Smolinska3668,,PARTLY,completed,,,,https://www.propertyfinder.bh/en/plp/buy/villa-for-sale-muharraq-governorate-amwaj-islands-saraya-al-bahar-57207911.html,2026-09-19T22:16:49.045904+00:00,2026-09-19T22:16:49.045904+00:00,0,2026-09-19T22:16:49.045904+00:00
2026-09-19,new,57207922,,,Apartment,Free Hold 3 BR Apartment with Landmark View,,92000.0,,,BHD,sell,,,,,,,,,,,26.21263313293457,50.67418670654297,,,,Mohamed Abualainain,,PARTLY,completed_primary,,,,https://www.propertyfinder.bh/en/plp/buy/apartment-for-sale-muharraq-governorate-hidd-57207922.html,2026-09-19T22:16:49.045904+00:00,2026-09-19T22:16:49.045904+00:00,0,2026-09-19T22:16:49.045904+00:00
2026-09-19,new,57207945,,,Compound,Move-In Ready Villa with a Fresh Feel,,1000.0,,,BHD,monthly,,,,,,,,,,,26.185943603515625,50.46711349487305,,,,Brunilda Rrapa,,PARTLY,,,,,https://www.propertyfinder.bh/en/plp/rent/compound-for-rent-northern-governorate-janabiya-57207945.html,2026-09-19T22:16:49.045904+00:00,2026-09-19T22:16:49.045904+00:00,0,2026-09-19T22:16:49.045904+00:00
2026-09-19,new,57207965,,,Villa,New villa for sale in Busaiteen Al Sayah,,133000.0,,,BHD,sell,,,,,,,,,,,26.27199935913086,50.60900115966797,,,,Deewania estate agency,,NO,completed_primary,,,,https://www.propertyfinder.bh/en/plp/buy/villa-for-sale-muharraq-governorate-busaiteen-57207965.html,2026-09-19T22:16:49.045904+00:00,2026-09-19T22:16:49.045904+00:00,0,2026-09-19T22:16:49.045904+00:00
2026-09-19,new,57207967,,,Apartment,Beautiful 1 BR FF Apartment close to Lagoon Park,,270.0,,,BHD,monthly,,,,,,,,The Lagoon,,,26.287778854370117,50.66339111328125,,,,Hafiz Mohammad Rizwan Ashraf,,YES,,,,,https://www.propertyfinder.bh/en/plp/rent/apartment-for-rent-muharraq-governorate-amwaj-islands-the-lagoon-57207967.html,2026-09-19T22:16:49.045904+00:00,2026-09-19T22:16:49.045904+00:00,0,2026-09-19T22:16:49.045904+00:00
2026-09-19,new,57207981,,,Apartment,For Rent Spacious Apartment in Budaiya,,230.0,,,BHD,monthly,,,,,,,,,,,26.213165283203125,50.447471618652344,,,,Deewania estate agency,,NO,,,,,https://www.propertyfinder.bh/en/plp/rent/apartment-for-rent-northern-governorate-budaiya-57207981.html,2026-09-19T22:16:49.045904+00:00,2026-09-19T22:16:49.045904+00:00,0,2026-09-19T22:16:49.045904+00:00
2026-09-19,new,57207986,,,Apartment,Beach Access | Sea View | Balcony | Garden Area,,500.0,,,BHD,monthly,,,,,,,,Amwaj Avenue,,,26.29302978515625,50.66474151611328,,,,Hafiz Mohammad Rizwan Ashraf,,YES,,,,,https://www.propertyfinder.bh/en/plp/rent/apartment-for-rent-muharraq-governorate-amwaj-islands-amwaj-avenue-57207986.html,2026-09-19T22:16:49.045904+00:00,2026-09-19T22:16:49.045904+00:00,0,2026-09-19T22:16:49.045904+00:00
2026-09-19,new,57207988,,,Villa,DIRECT BEACH ACCESS | SEA VIEW | WATERFRONT VILLA,,1200.0,,,BHD,monthly,,,,,,,,Saraya al Bahar,,,26.2982234954834,50.65825271606445,,,,Katarzyna Smolinska3668,,PARTLY,,,,,https://www.propertyfinder.bh/en/plp/rent/villa-for-rent-muharraq-governorate-amwaj-islands-saraya-al-bahar-57207988.html,2026-09-19T22:16:49.045904+00:00,2026-09-19T22:16:49.045904+00:00,0,2026-09-19T22:16:49.045904+00:00
2026-09-19,new,57208004,,,Warehouse,For Rent Workshop Garage in Al Hamala 2 Offices,,550.0,,,BHD,monthly,,,,,,,,,,,26.140336990356445,50.478271484375,,,,Mohammed Ali Al Samawi ,,YES,,,,,https://www.propertyfinder.bh/en/plp/commercial-rent/warehouse-for-rent-northern-governorate-hamala-57208004.html,2026-09-19T22:16:49.045904+00:00,2026-09-19T22:16:49.045904+00:00,0,2026-09-19T22:16:49.045904+00:00
2026-09-19,new,57208011,,,Apartment,REDUCED PRICE | Balcony |Spacious | Closed Kitchen,,350.0,,,BHD,monthly,,,,,,,,,,,26.239999771118164,50.5369987487793,,,,Prashanth Poojari,,PARTLY,,,,,https://www.propertyfinder.bh/en/plp/rent/apartment-for-rent-capital-governorate-seef-57208011.html,2026-09-19T22:16:49.045904+00:00,2026-09-19T22:16:49.045904+00:00,0,2026-09-19T22:16:49.045904+00:00
2026-09-19,new,57208012,,,Apartment,Modern Interior Spacious 2 BR Fully Furnished Apt,,430.0,,,BHD,monthly,,,,,,,,Amwaj Avenue,,,26.29302978515625,50.66474151611328,,,,Hafiz Mohammad Rizwan Ashraf,,YES,,,,,https://www.propertyfinder.bh/en/plp/rent/apartment-for-rent-muharraq-governorate-amwaj-islands-amwaj-avenue-57208012.html,2026-09-19T22:16:49.045904+00:00,2026-09-19T22:16:49.045904+00:00,0,2026-09-19T22:16:49.045904+00:00
2026-09-19,new,57208014,,,Apartment,High Floor | Sea View | Inclusive | Balcony | New|,,310.0,,,BHD,monthly,,,,,,,,,,,26.239999771118164,50.5369987487793,,,,Facundo de Moura,,YES,,,,,https://www.propertyfinder.bh/en/plp/rent/apartment-for-rent-capital-governorate-seef-57208014.html,2026-09-19T22:16:49.045904+00:00,2026-09-19T22:16:49.045904+00:00,0,2026-09-19T22:16:49.045904+00:00
2026-09-19,new,57208029,,,Apartment,Upscale Living in a Sophisticated Apartment,,400.0,,,BHD,monthly,,,,,,,,,,,26.185943603515625,50.46711349487305,,,,Brunilda Rrapa,,YES,,,,,https://www.propertyfinder.bh/en/plp/rent/apartment-for-rent-northern-governorate-janabiya-57208029.html,2026-09-19T22:16:49.045904+00:00,2026-09-19T22:16:49.045904+00:00,0,2026-09-19T22:16:49.045904+00:00
2026-09-19,new,57208030,,,Warehouse,Large Workshop or Garage for Rent in Al Hamala,,800.0,,,BHD,monthly,,,,,,,,,,,26.140336990356445,50.478271484375,,,,Mohammed Ali Al Samawi ,,YES,,,,,https://www.propertyfinder.bh/en/plp/commercial-rent/warehouse-for-rent-northern-governorate-hamala-57208030.html,2026-09-19T22:16:49.045904+00:00,2026-09-19T22:16:49.045904+00:00,0,2026-09-19T22:16:49.045904+00:00
2026-09-19,new,57208044,,,Villa,4 BR Villa in East Riffa,,140000.0,,,BHD,sell,,,,,,,,Riffa Al Sharqi,,,26.1162166595459,50.57211685180664,,,,Mohamed Abualainain,,YES,completed,,,,https://www.propertyfinder.bh/en/plp/buy/villa-for-sale-southern-governorate-riffa-riffa-al-sharqi-57208044.html,2026-09-19T22:16:49.045904+00:00,2026-09-19T22:16:49.045904+00:00,0,2026-09-19T22:16:49.045904+00:00
2026-09-19,new,57208097,,,Apartment,Spacious 1 BHK flat with balcony and 2 washrooms,,295.0,,,BHD,monthly,,,,,,,,,,,26.211111068725586,50.601112365722656,,,,Mohammed Sajid Oddin,,YES,,,,,https://www.propertyfinder.bh/en/plp/rent/apartment-for-rent-capital-governorate-al-juffair-57208097.html,2026-09-19T22:16:49.045904+00:00,2026-09-19T22:16:49.045904+00:00,0,2026-09-19T22:16:49.045904+00:00
2026-09-19,new,57208098,,,Apartment,Beautiful 1 BR FF Apartment with Balcony,,300.0,,,BHD,monthly,,,,,,,,The Lagoon,,,26.287778854370117,50.66339111328125,,,,Hafiz Mohammad Rizwan Ashraf,,YES,,,,,https://www.propertyfinder.bh/en/plp/rent/apartment-for-rent-muharraq-governorate-amwaj-islands-the-lagoon-57208098.html,2026-09-19T22:16:49.045904+00:00,2026-09-19T22:16:49.045904+00:00,0,2026-09-19T22:16:49.045904+00:00
2026-09-19,new,57208103,,,Office Space,"Premium 2-Floor Office Space | 1,000 SQM | Seef",,7500.0,,,BHD,monthly,,,,,,,,,,,26.239999771118164,50.5369987487793,,,,Maydan Homes Leasing,,YES,,,,,https://www.propertyfinder.bh/en/plp/commercial-rent/office-space-for-rent-capital-governorate-seef-57208103.html,2026-09-19T22:16:49.045904+00:00,2026-09-19T22:16:49.045904+00:00,0,2026-09-19T22:16:49.045904+00:00
2026-09-19,new,57208109,,,Villa,Private Garden | Pool | Limited Units | Balcony,,1250.0,,,BHD,monthly,,,,,,,,,,,26.166685104370117,50.45078659057617,,,,Gulnaz Amangeldinova,,NO,,,,,https://www.propertyfinder.bh/en/plp/rent/villa-for-rent-northern-governorate-al-jasra-57208109.html,2026-09-19T22:16:49.045904+00:00,2026-09-19T22:16:49.045904+00:00,0,2026-09-19T22:16:49.045904+00:00
2026-09-19,new,57208114,,,Villa,BEACH ACCESS - PRIVATE  POOL - STUNNING SEA VIEWS,,1700.0,,,BHD,monthly,,,,,,,,Amwaj Beachfront,,,26.28470230102539,50.664039611816406,,,,Sheila  Mcewan,,YES,,,,,https://www.propertyfinder.bh/en/plp/rent/villa-for-rent-muharraq-governorate-amwaj-islands-amwaj-beachfront-57208114.html,2026-09-19T22:16:49.045904+00:00,2026-09-19T22:16:49.045904+00:00,0,2026-09-19T22:16:49.045904+00:00
2026-09-19,new,57208115,,,Apartment,Spacious Studio | Full Amenities | With EWA,,220.0,,,BHD,monthly,,,,,,,,,,,26.211111068725586,50.601112365722656,,,,Iqbal Mayoddin,,YES,,,,,https://www.propertyfinder.bh/en/plp/rent/apartment-for-rent-capital-governorate-al-juffair-57208115.html,2026-09-19T22:16:49.045904+00:00,2026-09-19T22:16:49.045904+00:00,0,2026-09-19T22:16:49.045904+00:00
2026-09-19,new,57208120,,,Compound,Come Home to Serenity & Comfort!,,650.0,,,BHD,monthly,,,,,,,,,,,26.140336990356445,50.478271484375,,,,Brunilda Rrapa,,YES,,,,,https://www.propertyfinder.bh/en/plp/rent/compound-for-rent-northern-governorate-hamala-57208120.html,2026-09-19T22:16:49.045904+00:00,2026-09-19T22:16:49.045904+00:00,0,2026-09-19T22:16:49.045904+00:00
2026-09-19,new,57208127,,,Apartment,Spacious 1 bedroom  flat with amazing facilities,,250.0,,,BHD,monthly,,,,,,,,,,,26.211111068725586,50.601112365722656,,,,Mohammed Sajid Oddin,,YES,,,,,https://www.propertyfinder.bh/en/plp/rent/apartment-for-rent-capital-governorate-al-juffair-57208127.html,2026-09-19T22:16:49.045904+00:00,2026-09-19T22:16:49.045904+00:00,0,2026-09-19T22:16:49.045904+00:00
2026-09-19,new,57208128,,,Apartment,Fully Furnished Apartment | Bright Interiors,,35000.0,,,BHD,sell,,,,,,,,,,,26.211111068725586,50.601112365722656,,,,Iqbal Mayoddin,,YES,completed,,,,https://www.propertyfinder.bh/en/plp/buy/apartment-for-sale-capital-governorate-al-juffair-57208128.html,2026-09-19T22:16:49.045904+00:00,2026-09-19T22:16:49.045904+00:00,0,2026-09-19T22:16:49.045904+00:00
2026-09-19,new,57208134,,,Apartment,Waterfront | Beach Access | Amazing Views,,62000.0,,,BHD,sell,,,,,,,,Diyar Al Muharraq,Marassi Shores Residences,,26.303447723388672,50.6461296081543,,,,Majeed Moosa,,YES,completed,,,,https://www.propertyfinder.bh/en/plp/buy/apartment-for-sale-muharraq-governorate-diyar-al-muharraq-marassi-shores-residences-57208134.html,2026-09-19T22:16:49.045904+00:00,2026-09-19T22:16:49.045904+00:00,0,2026-09-19T22:16:49.045904+00:00
2026-09-19,new,57208142,,,Apartment,Premium Flat|Sea View|5 Star Facility |Big Balcony,,700.0,,,BHD,monthly,,,,,,,,Hanging Garden,,,26.27286720275879,50.672889709472656,,,,Hazeeth,,YES,,,,,https://www.propertyfinder.bh/en/plp/rent/apartment-for-rent-muharraq-governorate-dilmunia-island-hanging-garden-57208142.html,2026-09-19T22:16:49.045904+00:00,2026-09-19T22:16:49.045904+00:00,0,2026-09-19T22:16:49.045904+00:00
2026-09-19,new,57208143,,,Apartment,Sea view 2 bedrooms plus maidroom for rent,,500.0,,,BHD,monthly,,,,,,,,,,,26.211111068725586,50.601112365722656,,,,Mohammed Sajid Oddin,,YES,,,,,https://www.propertyfinder.bh/en/plp/rent/apartment-for-rent-capital-governorate-al-juffair-57208143.html,2026-09-19T22:16:49.045904+00:00,2026-09-19T22:16:49.045904+00:00,0,2026-09-19T22:16:49.045904+00:00
2026-09-19,new,57208197,,,Apartment,LUXURY | HUGE TERRACE | SEA VIEW | AMWAJ MARINA,,400.0,,,BHD,monthly,,,,,,,,Amwaj Marina,,,26.293058395385742,50.65943908691406,,,,Katarzyna Smolinska3668,,YES,,,,,https://www.propertyfinder.bh/en/plp/rent/apartment-for-rent-muharraq-governorate-amwaj-islands-amwaj-marina-57208197.html,2026-09-19T22:16:49.045904+00:00,2026-09-19T22:16:49.045904+00:00,0,2026-09-19T22:16:49.045904+00:00
2026-09-19,new,57208205,,,Villa,Modern 3Bed Villa huge private garden in comp,,1000.0,,,BHD,monthly,,,,,,,,,,,26.185943603515625,50.46711349487305,,,,Jasmine Dhakan,,PARTLY,,,,,https://www.propertyfinder.bh/en/plp/rent/villa-for-rent-northern-governorate-janabiya-57208205.html,2026-09-19T22:16:49.045904+00:00,2026-09-19T22:16:49.045904+00:00,0,2026-09-19T22:16:49.045904+00:00
2026-09-19,new,57208212,,,Villa,An 4 Bed Villa with Garden and Pool in small comp!,,900.0,,,BHD,monthly,,,,,,,,,,,26.185943603515625,50.46711349487305,,,,Jasmine Dhakan,,PARTLY,,,,,https://www.propertyfinder.bh/en/plp/rent/villa-for-rent-northern-governorate-janabiya-57208212.html,2026-09-19T22:16:49.045904+00:00,2026-09-19T22:16:49.045904+00:00,0,2026-09-19T22:16:49.045904+00:00
2026-09-19,new,57208216,,,Villa,Premium 5-BR Executive Villa with Private Garden,,900.0,,,BHD,monthly,,,,,,,,,,,26.185943603515625,50.46711349487305,,,,Jasmine Dhakan,,PARTLY,,,,,https://www.propertyfinder.bh/en/plp/rent/villa-for-rent-northern-governorate-janabiya-57208216.html,2026-09-19T22:16:49.045904+00:00,2026-09-19T22:16:49.045904+00:00,0,2026-09-19T22:16:49.045904+00:00
2026-09-19,new,57208221,,,Villa,"Janabiya 5Bed Family Villa,Private Pool Garden",,1200.0,,,BHD,monthly,,,,,,,,,,,26.185943603515625,50.46711349487305,,,,Jasmine Dhakan,,PARTLY,,,,,https://www.propertyfinder.bh/en/plp/rent/villa-for-rent-northern-governorate-janabiya-57208221.html,2026-09-19T22:16:49.045904+00:00,2026-09-19T22:16:49.045904+00:00,0,2026-09-19T22:16:49.045904+00:00
2026-09-19,new,57208225,,,Villa,Beautiful luxury 4bed villa in comp BD1550,,1550.0,,,BHD,monthly,,,,,,,,,,,26.185943603515625,50.46711349487305,,,,Jasmine Dhakan,,PARTLY,,,,,https://www.propertyfinder.bh/en/plp/rent/villa-for-rent-northern-governorate-janabiya-57208225.html,2026-09-19T22:16:49.045904+00:00,2026-09-19T22:16:49.045904+00:00,0,2026-09-19T22:16:49.045904+00:00
2026-09-19,new,57208228,,,Villa,An big bright 3bed compound villa with big garden,,1000.0,,,BHD,monthly,,,,,,,,,,,26.185943603515625,50.46711349487305,,,,Jasmine Dhakan,,PARTLY,,,,,https://www.propertyfinder.bh/en/plp/rent/villa-for-rent-northern-governorate-janabiya-57208228.html,2026-09-19T22:16:49.045904+00:00,2026-09-19T22:16:49.045904+00:00,0,2026-09-19T22:16:49.045904+00:00
2026-09-19,new,57208237,,,Villa,"Looking for secure, family-friendly neighborhood?",,650.0,,,BHD,monthly,,,,,,,,,,,26.185943603515625,50.46711349487305,,,,Jasmine Dhakan,,NO,,,,,https://www.propertyfinder.bh/en/plp/rent/villa-for-rent-northern-governorate-janabiya-57208237.html,2026-09-19T22:16:49.045904+00:00,2026-09-19T22:16:49.045904+00:00,0,2026-09-19T22:16:49.045904+00:00
2026-09-19,new,57208238,,,Compound,Spacious Apartment in a Gated Community,,575.0,,,BHD,monthly,,,,,,,,,,,26.140336990356445,50.478271484375,,,,Brunilda Rrapa,,YES,,,,,https://www.propertyfinder.bh/en/plp/rent/compound-for-rent-northern-governorate-hamala-57208238.html,2026-09-19T22:16:49.045904+00:00,2026-09-19T22:16:49.045904+00:00,0,2026-09-19T22:16:49.045904+00:00
2026-09-19,new,57208250,,,Apartment,Panoramic  View I Store I Spacious I Huge Balcony,,500.0,,,BHD,monthly,,,,,,,,Sanabis,,,26.226558685302734,50.5459098815918,,,,Antony Shaiju,,YES,,,,,https://www.propertyfinder.bh/en/plp/rent/apartment-for-rent-capital-governorate-manama-sanabis-57208250.html,2026-09-19T22:16:49.045904+00:00,2026-09-19T22:16:49.045904+00:00,0,2026-09-19T22:16:49.045904+00:00
2026-09-19,new,57208252,,,Apartment,Family Oriented I Great View I Maids RoomI Balcony,,550.0,,,BHD,monthly,,,,,,,,,,,26.241750717163086,50.5663948059082,,,,Antony Shaiju,,YES,,,,,https://www.propertyfinder.bh/en/plp/rent/apartment-for-rent-capital-governorate-reef-island-57208252.html,2026-09-19T22:16:49.045904+00:00,2026-09-19T22:16:49.045904+00:00,0,2026-09-19T22:16:49.045904+00:00
2026-09-19,new,57208254,,,Apartment,"Wonderful 3 bed + maids, Fab facilities, Terrace",,950.0,,,BHD,monthly,,,,,,,,Amwaj Marina,,,26.293058395385742,50.65943908691406,,,,Katarzyna Smolinska3668,,YES,,,,,https://www.propertyfinder.bh/en/plp/rent/apartment-for-rent-muharraq-governorate-amwaj-islands-amwaj-marina-57208254.html,2026-09-19T22:16:49.045904+00:00,2026-09-19T22:16:49.045904+00:00,0,2026-09-19T22:16:49.045904+00:00
2026-09-19,new,57208255,,,Apartment,2 Bedroom | one year payment plan | Address,,200000.0,,,BHD,sell,,,,,,,,Diyar Al Muharraq,The Address Residences,,26.30344581604004,50.646121978759766,,,,Linda Mehdi,,YES,completed,,,,https://www.propertyfinder.bh/en/plp/buy/apartment-for-sale-muharraq-governorate-diyar-al-muharraq-the-address-residences-57208255.html,2026-09-19T22:16:49.045904+00:00,2026-09-19T22:16:49.045904+00:00,0,2026-09-19T22:16:49.045904+00:00
2026-09-19,new,57208256,,,Villa,Modern Family Villa | Pool | Gym | Lush Garden,,650.0,,,BHD,monthly,,,,,,,,,,,26.185943603515625,50.46711349487305,,,,Antony Shaiju,,PARTLY,,,,,https://www.propertyfinder.bh/en/plp/rent/villa-for-rent-northern-governorate-janabiya-57208256.html,2026-09-19T22:16:49.045904+00:00,2026-09-19T22:16:49.045904+00:00,0,2026-09-19T22:16:49.045904+00:00
2026-09-19,new,57208260,,,Apartment,Spacious I House Keeping I Balcony I Tax I Wifi,,350.0,,,BHD,monthly,,,,,,,,,,,26.214487075805664,50.584754943847656,,,,Antony Shaiju,,YES,,,,,https://www.propertyfinder.bh/en/plp/rent/apartment-for-rent-capital-governorate-manama-adliya-57208260.html,2026-09-19T22:16:49.045904+00:00,2026-09-19T22:16:49.045904+00:00,0,2026-09-19T22:16:49.045904+00:00
2026-09-19,new,57208261,,,Penthouse,Spacious | Furnished I Penthouse I Huge Terrace |,,400.0,,,BHD,monthly,,,,,,,,,,,26.214487075805664,50.584754943847656,,,,Antony Shaiju,,YES,,,,,https://www.propertyfinder.bh/en/plp/rent/penthouse-for-rent-capital-governorate-manama-adliya-57208261.html,2026-09-19T22:16:49.045904+00:00,2026-09-19T22:16:49.045904+00:00,0,2026-09-19T22:16:49.045904+00:00
2026-09-19,new,57208263,,,Apartment,Lower Floor Building I Safe AreaI Balcony I Wifi,,300.0,,,BHD,monthly,,,,,,,,,,,26.211111068725586,50.601112365722656,,,,Antony Shaiju,,YES,,,,,https://www.propertyfinder.bh/en/plp/rent/apartment-for-rent-capital-governorate-al-juffair-57208263.html,2026-09-19T22:16:49.045904+00:00,2026-09-19T22:16:49.045904+00:00,0,2026-09-19T22:16:49.045904+00:00
2026-09-19,new,57208270,,,Apartment,Modern I House Keeping I Great Facilities I WiFi,,300.0,,,BHD,monthly,,,,,,,,,,,26.211111068725586,50.601112365722656,,,,Antony Shaiju,,YES,,,,,https://www.propertyfinder.bh/en/plp/rent/apartment-for-rent-capital-governorate-al-juffair-57208270.html,2026-09-19T22:16:49.045904+00:00,2026-09-19T22:16:49.045904+00:00,0,2026-09-19T22:16:49.045904+00:00
2026-09-19,new,57208273,,,Duplex,Rare opportunity | Duplex for rent | Spacious,,175000.0,,,BHD,sell,,,,,,,,,,,26.241750717163086,50.5663948059082,,,,Linda Mehdi,,YES,completed,,,,https://www.propertyfinder.bh/en/plp/buy/duplex-for-sale-capital-governorate-reef-island-57208273.html,2026-09-19T22:16:49.045904+00:00,2026-09-19T22:16:49.045904+00:00,0,2026-09-19T22:16:49.045904+00:00
2026-09-19,new,57208274,,,Apartment,Brand New Luxury 2BR + Maid’s Room Apartment,,700.0,,,BHD,monthly,,,,,,,,,,,26.239999771118164,50.5369987487793,,,,Antony Shaiju,,YES,,,,,https://www.propertyfinder.bh/en/plp/rent/apartment-for-rent-capital-governorate-seef-57208274.html,2026-09-19T22:16:49.045904+00:00,2026-09-19T22:16:49.045904+00:00,0,2026-09-19T22:16:49.045904+00:00
2026-09-19,new,57208276,,,Apartment,Near King Hamad Hospital I Family I Gas Cooking,,400.0,,,BHD,monthly,,,,,,,,,,,26.27199935913086,50.60900115966797,,,,Antony Shaiju,,YES,,,,,https://www.propertyfinder.bh/en/plp/rent/apartment-for-rent-muharraq-governorate-busaiteen-57208276.html,2026-09-19T22:16:49.045904+00:00,2026-09-19T22:16:49.045904+00:00,0,2026-09-19T22:16:49.045904+00:00
2026-09-19,new,57208277,,,Apartment,Sea View I Maids Room I Modern I Balcony I Wifi,,430.0,,,BHD,monthly,,,,,,,,,,,26.211111068725586,50.601112365722656,,,,Antony Shaiju,,YES,,,,,https://www.propertyfinder.bh/en/plp/rent/apartment-for-rent-capital-governorate-al-juffair-57208277.html,2026-09-19T22:16:49.045904+00:00,2026-09-19T22:16:49.045904+00:00,0,2026-09-19T22:16:49.045904+00:00
2026-09-19,new,57208286,,,Apartment,Huge Family Building I Closed Kitchen I Inclusive,,310.0,,,BHD,monthly,,,,,,,,,,,26.211111068725586,50.601112365722656,,,,Antony Shaiju,,YES,,,,,https://www.propertyfinder.bh/en/plp/rent/apartment-for-rent-capital-governorate-al-juffair-57208286.html,2026-09-19T22:16:49.045904+00:00,2026-09-19T22:16:49.045904+00:00,0,2026-09-19T22:16:49.045904+00:00
2026-09-19,new,57208287,,,Apartment,Sea View I Balcoy I Modern I Great Facilities,,475.0,,,BHD,monthly,,,,,,,,,,,26.211111068725586,50.601112365722656,,,,Antony Shaiju,,YES,,,,,https://www.propertyfinder.bh/en/plp/rent/apartment-for-rent-capital-governorate-al-juffair-57208287.html,2026-09-19T22:16:49.045904+00:00,2026-09-19T22:16:49.045904+00:00,0,2026-09-19T22:16:49.045904+00:00
2026-09-19,new,57208288,,,Apartment,Premium Reef Island Living | Spectacular Views,,600.0,,,BHD,monthly,,,,,,,,,,,26.241750717163086,50.5663948059082,,,,Antony Shaiju,,PARTLY,,,,,https://www.propertyfinder.bh/en/plp/rent/apartment-for-rent-capital-governorate-reef-island-57208288.html,2026-09-19T22:16:49.045904+00:00,2026-09-19T22:16:49.045904+00:00,0,2026-09-19T22:16:49.045904+00:00
2026-09-19,new,57208289,,,Office Space,150 SQM Office in Seef | 5 Offices | BHD 700,,700.0,,,BHD,monthly,,,,,,,,,,,26.239999771118164,50.5369987487793,,,,Maydan Homes Leasing,,PARTLY,,,,,https://www.propertyfinder.bh/en/plp/commercial-rent/office-space-for-rent-capital-governorate-seef-57208289.html,2026-09-19T22:16:49.045904+00:00,2026-09-19T22:16:49.045904+00:00,0,2026-09-19T22:16:49.045904+00:00
2026-09-19,new,57208295,,,Apartment,Spacious Luxury Apartment with Premium Amenities,,625.0,,,BHD,monthly,,,,,,,,,,,26.211111068725586,50.601112365722656,,,,Antony Shaiju,,YES,,,,,https://www.propertyfinder.bh/en/plp/rent/apartment-for-rent-capital-governorate-al-juffair-57208295.html,2026-09-19T22:16:49.045904+00:00,2026-09-19T22:16:49.045904+00:00,0,2026-09-19T22:16:49.045904+00:00
2026-09-19,new,57208296,,,Apartment,Modern  I Family Oriented I Spacious I WIFI,,500.0,,,BHD,monthly,,,,,,,,,,,26.207910537719727,50.587345123291016,,,,Antony Shaiju,,YES,,,,,https://www.propertyfinder.bh/en/plp/rent/apartment-for-rent-capital-governorate-manama-mahooz-57208296.html,2026-09-19T22:16:49.045904+00:00,2026-09-19T22:16:49.045904+00:00,0,2026-09-19T22:16:49.045904+00:00
2026-09-19,new,57208301,,,Villa,Elegant Standalone Villa | Prime Location | EWA,,700.0,,,BHD,monthly,,,,,,,,,,,26.239999771118164,50.5369987487793,,,,Antony Shaiju,,PARTLY,,,,,https://www.propertyfinder.bh/en/plp/rent/villa-for-rent-capital-governorate-seef-57208301.html,2026-09-19T22:16:49.045904+00:00,2026-09-19T22:16:49.045904+00:00,0,2026-09-19T22:16:49.045904+00:00
2026-09-19,new,57208302,,,Apartment,BIG DEAL !! MODERN | FABULOUS | SPACIOUS FLAT,,380.0,,,BHD,monthly,,,,,,,,,,,26.214487075805664,50.584754943847656,,,,Antony Shaiju,,YES,,,,,https://www.propertyfinder.bh/en/plp/rent/apartment-for-rent-capital-governorate-manama-adliya-57208302.html,2026-09-19T22:16:49.045904+00:00,2026-09-19T22:16:49.045904+00:00,0,2026-09-19T22:16:49.045904+00:00
2026-09-19,new,57208308,,,Apartment,Brand New Apartment | Modern | Prime Location,,250.0,,,BHD,monthly,,,,,,,,,,,26.21693992614746,50.57733154296875,,,,Antony Shaiju,,YES,,,,,https://www.propertyfinder.bh/en/plp/rent/apartment-for-rent-capital-governorate-manama-segaya-57208308.html,2026-09-19T22:16:49.045904+00:00,2026-09-19T22:16:49.045904+00:00,0,2026-09-19T22:16:49.045904+00:00
2026-09-19,new,57208311,,,Apartment,New I Modern Balcony Great Facilities Amazing View,,350.0,,,BHD,monthly,,,,,,,,,,,26.211111068725586,50.601112365722656,,,,Antony Shaiju,,YES,,,,,https://www.propertyfinder.bh/en/plp/rent/apartment-for-rent-capital-governorate-al-juffair-57208311.html,2026-09-19T22:16:49.045904+00:00,2026-09-19T22:16:49.045904+00:00,0,2026-09-19T22:16:49.045904+00:00
2026-09-19,new,57208312,,,Villa,House for rent including electricity,,420.0,,,BHD,monthly,,,,,,,,,,,26.16529655456543,50.552181243896484,,,,AL LAGOON REAL ESTATE,,NO,,,,,https://www.propertyfinder.bh/en/plp/rent/villa-for-rent-central-governorate-isa-town-57208312.html,2026-09-19T22:16:49.045904+00:00,2026-09-19T22:16:49.045904+00:00,0,2026-09-19T22:16:49.045904+00:00
2026-09-19,new,57208316,,,Apartment,Luxury Fully Furnished 1-Bedroom Apartment for Sal,,55000.0,,,BHD,sell,,,,,,,,,,,26.211111068725586,50.601112365722656,,,,H2H,,YES,completed,,,,https://www.propertyfinder.bh/en/plp/buy/apartment-for-sale-capital-governorate-al-juffair-57208316.html,2026-09-19T22:16:49.045904+00:00,2026-09-19T22:16:49.045904+00:00,0,2026-09-19T22:16:49.045904+00:00
2026-09-19,new,57208325,,,Apartment,SEA VIEWl. SERENE LIVING/ AQUAPARK/NADDEN/ BALCONY,,550.0,,,BHD,monthly,,,,,,,,Essence of Dilmunia,,,26.27286720275879,50.672889709472656,,,,Katarzyna Smolinska3668,,YES,,,,,https://www.propertyfinder.bh/en/plp/rent/apartment-for-rent-muharraq-governorate-dilmunia-island-essence-of-dilmunia-57208325.html,2026-09-19T22:16:49.045904+00:00,2026-09-19T22:16:49.045904+00:00,0,2026-09-19T22:16:49.045904+00:00
2026-09-19,new,57208326,,,Apartment,Luxury Fully Furnished 2-Bedroom Apartment for Sal,,100000.0,,,BHD,sell,,,,,,,,,,,26.211111068725586,50.601112365722656,,,,H2H,,YES,completed,,,,https://www.propertyfinder.bh/en/plp/buy/apartment-for-sale-capital-governorate-al-juffair-57208326.html,2026-09-19T22:16:49.045904+00:00,2026-09-19T22:16:49.045904+00:00,0,2026-09-19T22:16:49.045904+00:00
2026-09-19,new,57208332,,,Apartment,Luxury Fully Furnished 1-Bedroom Apartment for Ren,,350.0,,,BHD,monthly,,,,,,,,,,,26.211111068725586,50.601112365722656,,,,H2H,,YES,,,,,https://www.propertyfinder.bh/en/plp/rent/apartment-for-rent-capital-governorate-al-juffair-57208332.html,2026-09-19T22:16:49.045904+00:00,2026-09-19T22:16:49.045904+00:00,0,2026-09-19T22:16:49.045904+00:00
2026-09-19,new,57208333,,,Apartment,Luxury/ HighFloor/ Nadeen School/ Maidroom,,600.0,,,BHD,monthly,,,,,,,,Essence of Dilmunia,,,26.27286720275879,50.672889709472656,,,,Katarzyna Smolinska3668,,YES,,,,,https://www.propertyfinder.bh/en/plp/rent/apartment-for-rent-muharraq-governorate-dilmunia-island-essence-of-dilmunia-57208333.html,2026-09-19T22:16:49.045904+00:00,2026-09-19T22:16:49.045904+00:00,0,2026-09-19T22:16:49.045904+00:00
2026-09-19,new,57208342,,,Apartment,GREAT OFFER!SEA VIEW/MAIDROOM/NADEENSCHOOL/AQUAPAR,,590.0,,,BHD,monthly,,,,,,,,Essence of Dilmunia,,,26.27286720275879,50.672889709472656,,,,Katarzyna Smolinska3668,,YES,,,,,https://www.propertyfinder.bh/en/plp/rent/apartment-for-rent-muharraq-governorate-dilmunia-island-essence-of-dilmunia-57208342.html,2026-09-19T22:16:49.045904+00:00,2026-09-19T22:16:49.045904+00:00,0,2026-09-19T22:16:49.045904+00:00
2026-09-19,new,57208344,,,Apartment,Nadeen School/ waterpark/ luxury living,,350.0,,,BHD,monthly,,,,,,,,Essence of Dilmunia,,,26.27286720275879,50.672889709472656,,,,Katarzyna Smolinska3668,,YES,,,,,https://www.propertyfinder.bh/en/plp/rent/apartment-for-rent-muharraq-governorate-dilmunia-island-essence-of-dilmunia-57208344.html,2026-09-19T22:16:49.045904+00:00,2026-09-19T22:16:49.045904+00:00,0,2026-09-19T22:16:49.045904+00:00
2026-09-19,new,57208351,,,Apartment,Sea View | Spacious Balcony | Top class Amenities,,380.0,,,BHD,monthly,,,,,,,,Essence of Dilmunia,,,26.27286720275879,50.672889709472656,,,,Katarzyna Smolinska3668,,YES,,,,,https://www.propertyfinder.bh/en/plp/rent/apartment-for-rent-muharraq-governorate-dilmunia-island-essence-of-dilmunia-57208351.html,2026-09-19T22:16:49.045904+00:00,2026-09-19T22:16:49.045904+00:00,0,2026-09-19T22:16:49.045904+00:00
2026-09-19,new,57208353,,,Apartment,▐Royal ▐Apartment▐ 2 Bed+Maid▐Sukoon Tower▐500 BD▐,,500.0,,,BHD,monthly,,,,,,,,,,,26.211111068725586,50.601112365722656,,,,Mohamed Ali ,,YES,,,,,https://www.propertyfinder.bh/en/plp/rent/apartment-for-rent-capital-governorate-al-juffair-57208353.html,2026-09-19T22:16:49.045904+00:00,2026-09-19T22:16:49.045904+00:00,0,2026-09-19T22:16:49.045904+00:00
2026-09-19,new,57208362,,,Apartment,"Stylish Seef 1 Bedroom – Pool, Gym & Housekeeping",,400.0,,,BHD,monthly,,,,,,,,,,,26.239999771118164,50.5369987487793,,,,Maydan Homes Leasing,,YES,,,,,https://www.propertyfinder.bh/en/plp/rent/apartment-for-rent-capital-governorate-seef-57208362.html,2026-09-19T22:16:49.045904+00:00,2026-09-19T22:16:49.045904+00:00,0,2026-09-19T22:16:49.045904+00:00
2026-09-19,new,57208363,,,Townhouse,Sale in Durrat Al Muharraq – Diyar Al Muharraq,,160000.0,,,BHD,sell,,,,,,,,Diyar Al Muharraq,,,26.31142234802246,50.64306640625,,,,Ahmed Janahi,,YES,completed,,,,https://www.propertyfinder.bh/en/plp/buy/townhouse-for-sale-muharraq-governorate-diyar-al-muharraq-57208363.html,2026-09-19T22:16:49.045904+00:00,2026-09-19T22:16:49.045904+00:00,0,2026-09-19T22:16:49.045904+00:00
2026-09-19,new,57208364,,,Apartment,Modern 1BR | Unlimited Ew | Fully Furnished | Reef,,400.0,,,BHD,monthly,,,,,,,,,,,26.241750717163086,50.5663948059082,,,,Moueen Charfi,,YES,,,,,https://www.propertyfinder.bh/en/plp/rent/apartment-for-rent-capital-governorate-reef-island-57208364.html,2026-09-19T22:16:49.045904+00:00,2026-09-19T22:16:49.045904+00:00,0,2026-09-19T22:16:49.045904+00:00
2026-09-19,new,57208371,,,Villa,Elegant Villa with Pool & Garden for Sale|Janabiya,,410000.0,,,BHD,sell,,,,,,,,,,,26.185943603515625,50.46711349487305,,,,MAYDAN HOMES - SALES,,PARTLY,completed_primary,,,,https://www.propertyfinder.bh/en/plp/buy/villa-for-sale-northern-governorate-janabiya-57208371.html,2026-09-19T22:16:49.045904+00:00,2026-09-19T22:16:49.045904+00:00,0,2026-09-19T22:16:49.045904+00:00
2026-09-19,new,57208372,,,Apartment,Cozy 2BR+Maid| Unlimited EWA | Fully Furnished,,550.0,,,BHD,monthly,,,,,,,,,,,26.241750717163086,50.5663948059082,,,,Moueen Charfi,,YES,,,,,https://www.propertyfinder.bh/en/plp/rent/apartment-for-rent-capital-governorate-reef-island-57208372.html,2026-09-19T22:16:49.045904+00:00,2026-09-19T22:16:49.045904+00:00,0,2026-09-19T22:16:49.045904+00:00
2026-09-19,new,57208391,,,Apartment,2-BR Furnished Apartment with Water View,,400.0,,,BHD,monthly,,,,,,,,,,,26.211111068725586,50.601112365722656,,,,Moueen Charfi,,YES,,,,,https://www.propertyfinder.bh/en/plp/rent/apartment-for-rent-capital-governorate-al-juffair-57208391.html,2026-09-19T22:16:49.045904+00:00,2026-09-19T22:16:49.045904+00:00,0,2026-09-19T22:16:49.045904+00:00
2026-09-19,new,57208400,,,Apartment,BEACH ACCESS BRAND NEW STUDIO |Premium furnishings,,370.0,,,BHD,monthly,,,,,,,,Diyar Al Muharraq,,,26.303447723388672,50.6461296081543,,,,Alma Pepito,,YES,,,,,https://www.propertyfinder.bh/en/plp/rent/apartment-for-rent-muharraq-governorate-diyar-al-muharraq-marassi-al-bahrain-57208400.html,2026-09-19T22:16:49.045904+00:00,2026-09-19T22:16:49.045904+00:00,0,2026-09-19T22:16:49.045904+00:00
2026-09-19,new,57208401,,,Apartment,1 BR Furnished Apartment with Water View,,340.0,,,BHD,monthly,,,,,,,,,,,26.211111068725586,50.601112365722656,,,,Moueen Charfi,,YES,,,,,https://www.propertyfinder.bh/en/plp/rent/apartment-for-rent-capital-governorate-al-juffair-57208401.html,2026-09-19T22:16:49.045904+00:00,2026-09-19T22:16:49.045904+00:00,0,2026-09-19T22:16:49.045904+00:00
2026-09-19,new,57208403,,,Apartment,Luxury 1BR |Balcony | Infinity Pool GYM Game Room,,500.0,,,BHD,monthly,,,,,,,,,,,26.211111068725586,50.601112365722656,,,,Zsuzsanna Gecse,,YES,,,,,https://www.propertyfinder.bh/en/plp/rent/apartment-for-rent-capital-governorate-al-juffair-57208403.html,2026-09-19T22:16:49.045904+00:00,2026-09-19T22:16:49.045904+00:00,0,2026-09-19T22:16:49.045904+00:00
2026-09-19,new,57208406,,,Apartment,Very modern | Luxurious | Sea view,,550.0,,,BHD,monthly,,,,,,,,,,,26.211111068725586,50.601112365722656,,,,Moueen Charfi,,YES,,,,,https://www.propertyfinder.bh/en/plp/rent/apartment-for-rent-capital-governorate-al-juffair-57208406.html,2026-09-19T22:16:49.045904+00:00,2026-09-19T22:16:49.045904+00:00,0,2026-09-19T22:16:49.045904+00:00
2026-09-19,new,57208408,,,Apartment,Great offer 2BR | Maids room| Cinema| Squash,,650.0,,,BHD,monthly,,,,,,,,,,,26.211111068725586,50.601112365722656,,,,Zsuzsanna Gecse,,YES,,,,,https://www.propertyfinder.bh/en/plp/rent/apartment-for-rent-capital-governorate-al-juffair-57208408.html,2026-09-19T22:16:49.045904+00:00,2026-09-19T22:16:49.045904+00:00,0,2026-09-19T22:16:49.045904+00:00
2026-09-19,new,57208414,,,Apartment,SEA VIEW | VERY MODERN | WELL MAINTAINED,,380.0,,,BHD,monthly,,,,,,,,,,,26.211111068725586,50.601112365722656,,,,Moueen Charfi,,YES,,,,,https://www.propertyfinder.bh/en/plp/rent/apartment-for-rent-capital-governorate-al-juffair-57208414.html,2026-09-19T22:16:49.045904+00:00,2026-09-19T22:16:49.045904+00:00,0,2026-09-19T22:16:49.045904+00:00
2026-09-19,new,57208416,,,Apartment,Most Luxury Tower in the Center | 1BR | Balcony,,600.0,,,BHD,monthly,,,,,,,,,,,26.239999771118164,50.5369987487793,,,,Zsuzsanna Gecse,,YES,,,,,https://www.propertyfinder.bh/en/plp/rent/apartment-for-rent-capital-governorate-seef-57208416.html,2026-09-19T22:16:49.045904+00:00,2026-09-19T22:16:49.045904+00:00,0,2026-09-19T22:16:49.045904+00:00
2026-09-19,new,57208419,,,Apartment,Elegant Studio For Rent Close To EL Mercado Mall,,290.0,,,BHD,monthly,,,,,,,,,,,26.185943603515625,50.46711349487305,,,,Abdulla Makhlooq,,YES,,,,,https://www.propertyfinder.bh/en/plp/rent/apartment-for-rent-northern-governorate-janabiya-57208419.html,2026-09-19T22:16:49.045904+00:00,2026-09-19T22:16:49.045904+00:00,0,2026-09-19T22:16:49.045904+00:00
2026-09-19,new,57208420,,,Apartment,VERY MODERN | LUXURIOUS |HIGH FLOOR |NICE VIEW,,600.0,,,BHD,monthly,,,,,,,,,,,26.239999771118164,50.5369987487793,,,,Moueen Charfi,,YES,,,,,https://www.propertyfinder.bh/en/plp/rent/apartment-for-rent-capital-governorate-seef-57208420.html,2026-09-19T22:16:49.045904+00:00,2026-09-19T22:16:49.045904+00:00,0,2026-09-19T22:16:49.045904+00:00
2026-09-19,new,57208424,,,Villa,house located in a residential area of ​​EastRiffa,,100000.0,,,BHD,sell,,,,,,,,Riffa Al Sharqi,,,26.1162166595459,50.57211685180664,,,,Ayman H.,,YES,completed,,,,https://www.propertyfinder.bh/en/plp/buy/villa-for-sale-southern-governorate-riffa-riffa-al-sharqi-57208424.html,2026-09-19T22:16:49.045904+00:00,2026-09-19T22:16:49.045904+00:00,0,2026-09-19T22:16:49.045904+00:00
2026-09-19,new,57208432,,,Apartment,SEA VIEW | WELL MAINTAINED | READY TO MOVE IN,,650.0,,,BHD,monthly,,,,,,,,,,,26.241750717163086,50.5663948059082,,,,Moueen Charfi,,YES,,,,,https://www.propertyfinder.bh/en/plp/rent/apartment-for-rent-capital-governorate-reef-island-57208432.html,2026-09-19T22:16:49.045904+00:00,2026-09-19T22:16:49.045904+00:00,0,2026-09-19T22:16:49.045904+00:00
2026-09-19,new,57208435,,,Apartment,"Furnished apartment for rent, excellent location",,360.0,,,BHD,monthly,,,,,,,,Al Bahair,,,26.149368286132812,50.56598663330078,,,,AL LAGOON REAL ESTATE,,YES,,,,,https://www.propertyfinder.bh/en/plp/rent/apartment-for-rent-southern-governorate-riffa-al-bahair-57208435.html,2026-09-19T22:16:49.045904+00:00,2026-09-19T22:16:49.045904+00:00,0,2026-09-19T22:16:49.045904+00:00
2026-09-19,new,57208454,,,Apartment,SEA-VIEW | MODERN & SPACIOUS | POOL+GYM+KIDS' AREA,,500.0,,,BHD,monthly,,,,,,,,The Lagoon,,,26.287778854370117,50.66339111328125,,,,Fadi Eweida,,YES,,,,,https://www.propertyfinder.bh/en/plp/rent/apartment-for-rent-muharraq-governorate-amwaj-islands-the-lagoon-57208454.html,2026-09-19T22:16:49.045904+00:00,2026-09-19T22:16:49.045904+00:00,0,2026-09-19T22:16:49.045904+00:00
2026-09-19,new,57208457,,,Apartment,MODERN | SUBSIDIZED EWA |POOL+GYM+CINEMA+WATERPARK,,475.0,,,BHD,monthly,,,,,,,,Essence of Dilmunia,,,26.27286720275879,50.672889709472656,,,,Fadi Eweida,,YES,,,,,https://www.propertyfinder.bh/en/plp/rent/apartment-for-rent-muharraq-governorate-dilmunia-island-essence-of-dilmunia-57208457.html,2026-09-19T22:16:49.045904+00:00,2026-09-19T22:16:49.045904+00:00,0,2026-09-19T22:16:49.045904+00:00
2026-09-19,new,57208458,,,Apartment,CITY & PARTIAL SEA VIEW | MODERN | AMPLE LIGHT,,250.0,,,BHD,monthly,,,,,,,,,,,26.211111068725586,50.601112365722656,,,,Fahim Naseer,,YES,,,,,https://www.propertyfinder.bh/en/plp/rent/apartment-for-rent-capital-governorate-al-juffair-57208458.html,2026-09-19T22:16:49.045904+00:00,2026-09-19T22:16:49.045904+00:00,0,2026-09-19T22:16:49.045904+00:00
2026-09-19,new,57208460,,,Apartment,Modern Furnished 3 Bedroom Apt With Pool & GYM,,450.0,,,BHD,monthly,,,,,,,,,,,26.207910537719727,50.587345123291016,,,,Aby N,,YES,,,,,https://www.propertyfinder.bh/en/plp/rent/apartment-for-rent-capital-governorate-manama-mahooz-57208460.html,2026-09-19T22:16:49.045904+00:00,2026-09-19T22:16:49.045904+00:00,0,2026-09-19T22:16:49.045904+00:00
2026-09-19,new,57208461,,,Apartment,Kids play area and many amenities,,350.0,,,BHD,monthly,,,,,,,,,,,26.211111068725586,50.601112365722656,,,,Mohammed Sajid Oddin,,YES,,,,,https://www.propertyfinder.bh/en/plp/rent/apartment-for-rent-capital-governorate-al-juffair-57208461.html,2026-09-19T22:16:49.045904+00:00,2026-09-19T22:16:49.045904+00:00,0,2026-09-19T22:16:49.045904+00:00
2026-09-19,new,57208462,,,Apartment,LOW PRICE | SEA VIEW BALCONY | FACILITIES | WIFI,,370.0,,,BHD,monthly,,,,,,,,The Lagoon,,,26.287778854370117,50.66339111328125,,,,Fadi Eweida,,YES,,,,,https://www.propertyfinder.bh/en/plp/rent/apartment-for-rent-muharraq-governorate-amwaj-islands-the-lagoon-57208462.html,2026-09-19T22:16:49.045904+00:00,2026-09-19T22:16:49.045904+00:00,0,2026-09-19T22:16:49.045904+00:00
2026-09-19,new,57208463,,,Apartment,1 Bedroom with Closed Kitchen inclusive Near NMS,,200.0,,,BHD,monthly,,,,,,,,,,,26.2102108001709,50.56403350830078,,,,Aby N,,PARTLY,,,,,https://www.propertyfinder.bh/en/plp/rent/apartment-for-rent-capital-governorate-manama-zinj-57208463.html,2026-09-19T22:16:49.045904+00:00,2026-09-19T22:16:49.045904+00:00,0,2026-09-19T22:16:49.045904+00:00
2026-09-19,new,57208468,,,Apartment,Spacious fully furnished studio with close kichen,,220.0,,,BHD,monthly,,,,,,,,,,,26.2102108001709,50.56403350830078,,,,Aby N,,YES,,,,,https://www.propertyfinder.bh/en/plp/rent/apartment-for-rent-capital-governorate-manama-zinj-57208468.html,2026-09-19T22:16:49.045904+00:00,2026-09-19T22:16:49.045904+00:00,0,2026-09-19T22:16:49.045904+00:00
2026-09-19,new,57208469,,,Apartment,AFORDABLE MODERN LUXURY WITH AMAZING FACILITIES,,450.0,,,BHD,monthly,,,,,,,,The Lagoon,,,26.287778854370117,50.66339111328125,,,,Fadi Eweida,,YES,,,,,https://www.propertyfinder.bh/en/plp/rent/apartment-for-rent-muharraq-governorate-amwaj-islands-the-lagoon-57208469.html,2026-09-19T22:16:49.045904+00:00,2026-09-19T22:16:49.045904+00:00,0,2026-09-19T22:16:49.045904+00:00
2026-09-19,new,57208477,,,Apartment,Hot Deal / Maid Service / Store Room / Inclusive,,500.0,,,BHD,monthly,,,,,,,,,,,26.211111068725586,50.601112365722656,,,,Hasan Karim,,YES,,,,,https://www.propertyfinder.bh/en/plp/rent/apartment-for-rent-capital-governorate-al-juffair-57208477.html,2026-09-19T22:16:49.045904+00:00,2026-09-19T22:16:49.045904+00:00,0,2026-09-19T22:16:49.045904+00:00
2026-09-19,new,57208478,,,Apartment,Super Price / Pet Friendly / Maid Service Inclusiv,,400.0,,,BHD,monthly,,,,,,,,,,,26.211111068725586,50.601112365722656,,,,Hasan Karim,,YES,,,,,https://www.propertyfinder.bh/en/plp/rent/apartment-for-rent-capital-governorate-al-juffair-57208478.html,2026-09-19T22:16:49.045904+00:00,2026-09-19T22:16:49.045904+00:00,0,2026-09-19T22:16:49.045904+00:00
2026-09-19,new,57208483,,,Apartment,Hot Deal / Maid Service / Stylish / All Inclusive,,450.0,,,BHD,monthly,,,,,,,,,,,26.211111068725586,50.601112365722656,,,,Hasan Karim,,YES,,,,,https://www.propertyfinder.bh/en/plp/rent/apartment-for-rent-capital-governorate-al-juffair-57208483.html,2026-09-19T22:16:49.045904+00:00,2026-09-19T22:16:49.045904+00:00,0,2026-09-19T22:16:49.045904+00:00
2026-09-19,new,57208485,,,Apartment,Hot Deal / Stylish / Balcony / All Inclusive Ewa,,350.0,,,BHD,monthly,,,,,,,,Sanabis,,,26.226558685302734,50.5459098815918,,,,Hasan Karim,,YES,,,,,https://www.propertyfinder.bh/en/plp/rent/apartment-for-rent-capital-governorate-manama-sanabis-57208485.html,2026-09-19T22:16:49.045904+00:00,2026-09-19T22:16:49.045904+00:00,0,2026-09-19T22:16:49.045904+00:00
2026-09-19,new,57208496,,,Apartment,Sea View / Maid Service / Stylish / All Inclusive,,550.0,,,BHD,monthly,,,,,,,,Amwaj Avenue,,,26.29302978515625,50.66474151611328,,,,Hasan Karim,,YES,,,,,https://www.propertyfinder.bh/en/plp/rent/apartment-for-rent-muharraq-governorate-amwaj-islands-amwaj-avenue-57208496.html,2026-09-19T22:16:49.045904+00:00,2026-09-19T22:16:49.045904+00:00,0,2026-09-19T22:16:49.045904+00:00
2026-09-19,new,57208514,,,Duplex,Modern Duplex 2BR Available For Rent In Juffair,,350.0,,,BHD,monthly,,,,,,,,,,,26.211111068725586,50.601112365722656,,,,Saiful Shamim,,YES,,,,,https://www.propertyfinder.bh/en/plp/rent/duplex-for-rent-capital-governorate-al-juffair-57208514.html,2026-09-19T22:16:49.045904+00:00,2026-09-19T22:16:49.045904+00:00,0,2026-09-19T22:16:49.045904+00:00
2026-09-19,new,57208874,,,Apartment,BEACH VIEW LOVELY SEA VIEW BALCONY TENNIS SQUASH,,500.0,,,BHD,monthly,,,,,,,,Water Garden City,,,26.24260139465332,50.55380630493164,,,,Ezekiel Kagugube,,YES,,,,,https://www.propertyfinder.bh/en/plp/rent/apartment-for-rent-capital-governorate-manama-water-garden-city-57208874.html,2026-09-19T22:16:49.045904+00:00,2026-09-19T22:16:49.045904+00:00,0,2026-09-19T22:16:49.045904+00:00
2026-09-19,new,57208880,,,Villa,"Villa for sale in Sanad, Land size 495m²",,260000.0,,,BHD,sell,,,,,,,,,,,26.149999618530273,50.58333206176758,,,,Ammar Abdulaal,,PARTLY,completed_primary,,,,https://www.propertyfinder.bh/en/plp/buy/villa-for-sale-central-governorate-sanad-57208880.html,2026-09-19T22:16:49.045904+00:00,2026-09-19T22:16:49.045904+00:00,0,2026-09-19T22:16:49.045904+00:00
2026-09-19,new,57208903,,,Land,"RB Land For Sale in Jid Ali, Size 388m²",,100000.0,,,BHD,sell,,,,,,,,,,,26.179166793823242,50.56222152709961,,,,Ammar Abdulaal,,,,,,,https://www.propertyfinder.bh/en/plp/buy/land-for-sale-central-governorate-jid-ali-57208903.html,2026-09-19T22:16:49.045904+00:00,2026-09-19T22:16:49.045904+00:00,0,2026-09-19T22:16:49.045904+00:00
2026-09-19,new,57208906,,,Land,"RB Land For Sale in Jid Ali, Size 410m²",,110500.0,,,BHD,sell,,,,,,,,,,,26.179166793823242,50.56222152709961,,,,Ammar Abdulaal,,,,,,,https://www.propertyfinder.bh/en/plp/buy/land-for-sale-central-governorate-jid-ali-57208906.html,2026-09-19T22:16:49.045904+00:00,2026-09-19T22:16:49.045904+00:00,0,2026-09-19T22:16:49.045904+00:00
2026-09-19,new,57208911,,,Land,"RB Land For Sale in Jid Ali, Size 503m²",,135000.0,,,BHD,sell,,,,,,,,,,,26.179166793823242,50.56222152709961,,,,Ammar Abdulaal,,,,,,,https://www.propertyfinder.bh/en/plp/buy/land-for-sale-central-governorate-jid-ali-57208911.html,2026-09-19T22:16:49.045904+00:00,2026-09-19T22:16:49.045904+00:00,0,2026-09-19T22:16:49.045904+00:00
2026-09-19,new,57208913,,,Land,"RB Land For Sale in Karzakkan, Size 502m²",,120000.0,,,BHD,sell,,,,,,,,,,,26.113693237304688,50.48170471191406,,,,Ammar Abdulaal,,,,,,,https://www.propertyfinder.bh/en/plp/buy/land-for-sale-northern-governorate-karzakkan-57208913.html,2026-09-19T22:16:49.045904+00:00,2026-09-19T22:16:49.045904+00:00,0,2026-09-19T22:16:49.045904+00:00
2026-09-19,new,57208917,,,Land,"RB Land For Sale in Karzakkan, Size 367.9m²",,100000.0,,,BHD,sell,,,,,,,,,,,26.113693237304688,50.48170471191406,,,,Ammar Abdulaal,,,,,,,https://www.propertyfinder.bh/en/plp/buy/land-for-sale-northern-governorate-karzakkan-57208917.html,2026-09-19T22:16:49.045904+00:00,2026-09-19T22:16:49.045904+00:00,0,2026-09-19T22:16:49.045904+00:00
2026-09-19,new,57208920,,,Land,"RA Land For Sale in Karzakkan, Size 315m²",,100000.0,,,BHD,sell,,,,,,,,,,,26.113693237304688,50.48170471191406,,,,Ammar Abdulaal,,,,,,,https://www.propertyfinder.bh/en/plp/buy/land-for-sale-northern-governorate-karzakkan-57208920.html,2026-09-19T22:16:49.045904+00:00,2026-09-19T22:16:49.045904+00:00,0,2026-09-19T22:16:49.045904+00:00
2026-09-19,new,57208922,,,Land,"RHA Land For Sale in Karzakkan, Size 171.1m²",,58000.0,,,BHD,sell,,,,,,,,,,,26.113693237304688,50.48170471191406,,,,Ammar Abdulaal,,,,,,,https://www.propertyfinder.bh/en/plp/buy/land-for-sale-northern-governorate-karzakkan-57208922.html,2026-09-19T22:16:49.045904+00:00,2026-09-19T22:16:49.045904+00:00,0,2026-09-19T22:16:49.045904+00:00
2026-09-19,new,57208945,,,Land,"RHA Land For Sale in Dumistan, Size 264.2m²",,84000.0,,,BHD,sell,,,,,,,,,,,26.123769760131836,50.469722747802734,,,,Ammar Abdulaal,,,,,,,https://www.propertyfinder.bh/en/plp/buy/land-for-sale-northern-governorate-dumistan-57208945.html,2026-09-19T22:16:49.045904+00:00,2026-09-19T22:16:49.045904+00:00,0,2026-09-19T22:16:49.045904+00:00
2026-09-19,new,57208953,,,Land,"RA Land For Sale in Dumistan, Size 493m²",,120000.0,,,BHD,sell,,,,,,,,,,,26.123769760131836,50.469722747802734,,,,Ammar Abdulaal,,,,,,,https://www.propertyfinder.bh/en/plp/buy/land-for-sale-northern-governorate-dumistan-57208953.html,2026-09-19T22:16:49.045904+00:00,2026-09-19T22:16:49.045904+00:00,0,2026-09-19T22:16:49.045904+00:00
2026-09-19,new,57208955,,,Duplex,For Rent Lavish Duplex Apartment In Seef,,1400.0,,,BHD,monthly,,,,,,,,,,,26.239999771118164,50.5369987487793,,,,Sara Bucheeri,,YES,,,,,https://www.propertyfinder.bh/en/plp/rent/duplex-for-rent-capital-governorate-seef-57208955.html,2026-09-19T22:16:49.045904+00:00,2026-09-19T22:16:49.045904+00:00,0,2026-09-19T22:16:49.045904+00:00
2026-09-19,new,57208956,,,Land,"RA Land For Sale in Dumistan, Size 367.5m²",,106800.0,,,BHD,sell,,,,,,,,,,,26.123769760131836,50.469722747802734,,,,Ammar Abdulaal,,,,,,,https://www.propertyfinder.bh/en/plp/buy/land-for-sale-northern-governorate-dumistan-57208956.html,2026-09-19T22:16:49.045904+00:00,2026-09-19T22:16:49.045904+00:00,0,2026-09-19T22:16:49.045904+00:00
2026-09-19,new,57208957,,,Apartment,For Rent Luxury Elegant Apartment in Dilmunia,,330.0,,,BHD,monthly,,,,,,,,The Treasure,,,26.27286720275879,50.672889709472656,,,,Sara Bucheeri,,YES,,,,,https://www.propertyfinder.bh/en/plp/rent/apartment-for-rent-muharraq-governorate-dilmunia-island-the-treasure-57208957.html,2026-09-19T22:16:49.045904+00:00,2026-09-19T22:16:49.045904+00:00,0,2026-09-19T22:16:49.045904+00:00
2026-09-19,new,57208959,,,Apartment,For Sale Luxury Elegant Apartment in Dilmunia,,48000.0,,,BHD,sell,,,,,,,,The Treasure,,,26.27286720275879,50.672889709472656,,,,Sara Bucheeri,,YES,completed,,,,https://www.propertyfinder.bh/en/plp/buy/apartment-for-sale-muharraq-governorate-dilmunia-island-the-treasure-57208959.html,2026-09-19T22:16:49.045904+00:00,2026-09-19T22:16:49.045904+00:00,0,2026-09-19T22:16:49.045904+00:00
2026-09-19,new,57208967,,,Land,"RB Land For Sale in Malkiyah, Size 310.9m²",,101500.0,,,BHD,sell,,,,,,,,,,,26.100860595703125,50.48801040649414,,,,Ammar Abdulaal,,,,,,,https://www.propertyfinder.bh/en/plp/buy/land-for-sale-northern-governorate-malkiyah-57208967.html,2026-09-19T22:16:49.045904+00:00,2026-09-19T22:16:49.045904+00:00,0,2026-09-19T22:16:49.045904+00:00
2026-09-19,new,57208969,,,Land,"RB Land For Sale in Malkiyah, Size 347m²",,106500.0,,,BHD,sell,,,,,,,,,,,26.100860595703125,50.48801040649414,,,,Ammar Abdulaal,,,,,,,https://www.propertyfinder.bh/en/plp/buy/land-for-sale-northern-governorate-malkiyah-57208969.html,2026-09-19T22:16:49.045904+00:00,2026-09-19T22:16:49.045904+00:00,0,2026-09-19T22:16:49.045904+00:00
2026-09-19,new,57208972,,,Apartment,CLICK THIS AD - - UNIQUE LIFE STYLE READY FOR YOU,,850.0,,,BHD,monthly,,,,,,,,Amwaj Avenue,,,26.29302978515625,50.66474151611328,,,,Fadi Eweida,,YES,,,,,https://www.propertyfinder.bh/en/plp/rent/apartment-for-rent-muharraq-governorate-amwaj-islands-amwaj-avenue-57208972.html,2026-09-19T22:16:49.045904+00:00,2026-09-19T22:16:49.045904+00:00,0,2026-09-19T22:16:49.045904+00:00
2026-09-19,new,57208973,,,Land,"RB Land For Sale in Malkiyah, Size 330m²",,96000.0,,,BHD,sell,,,,,,,,,,,26.100860595703125,50.48801040649414,,,,Ammar Abdulaal,,,,,,,https://www.propertyfinder.bh/en/plp/buy/land-for-sale-northern-governorate-malkiyah-57208973.html,2026-09-19T22:16:49.045904+00:00,2026-09-19T22:16:49.045904+00:00,0,2026-09-19T22:16:49.045904+00:00
2026-09-19,new,57208982,,,Villa,"Villa for sale in Malkiyah, Land Size 177m²",,123000.0,,,BHD,sell,,,,,,,,,,,26.100860595703125,50.48801040649414,,,,Ammar Abdulaal,,NO,completed_primary,,,,https://www.propertyfinder.bh/en/plp/buy/villa-for-sale-northern-governorate-malkiyah-57208982.html,2026-09-19T22:16:49.045904+00:00,2026-09-19T22:16:49.045904+00:00,0,2026-09-19T22:16:49.045904+00:00
2026-09-19,new,57208984,,,Apartment,SEA VIEW | GREAT PRICE | HOUSEKEEPING | PETS OK,,700.0,,,BHD,monthly,,,,,,,,The Lagoon,,,26.287778854370117,50.66339111328125,,,,Fadi Eweida,,YES,,,,,https://www.propertyfinder.bh/en/plp/rent/apartment-for-rent-muharraq-governorate-amwaj-islands-the-lagoon-57208984.html,2026-09-19T22:16:49.045904+00:00,2026-09-19T22:16:49.045904+00:00,0,2026-09-19T22:16:49.045904+00:00
2026-09-19,new,57212584,,,Villa,"Villa for sale in Malkiyah, Land Size 220m²",,135000.0,,,BHD,sell,,,,,,,,,,,26.100860595703125,50.48801040649414,,,,Ammar Abdulaal,,PARTLY,completed_primary,,,,https://www.propertyfinder.bh/en/plp/buy/villa-for-sale-northern-governorate-malkiyah-57212584.html,2026-09-19T22:16:49.045904+00:00,2026-09-19T22:16:49.045904+00:00,0,2026-09-19T22:16:49.045904+00:00
2026-09-19,new,6d4a6c2a-3b94-46b8-86b8-2076482f644b,,,apartment|penthouse,Onyx Rotana & Residences,,66000.0,,,BHD,,,,,,,,,,,,26.216667,50.583333,,,,Kooheji Development,,,completed,,,,/en/new-projects/kooheji-development/onyx-rotana-and-residences,2026-08-24T20:40:05.194875+00:00,2026-09-19T22:16:49.045904+00:00,26,2026-09-19T22:16:49.045904+00:00
2026-09-19,new,729151,,,Office Space,Office space for rent I Prime Location,,210.0,,,BHD,monthly,,,,,,,,,,,26.2102108001709,50.56403350830078,,,,AlZamil Properties,,,,,,,https://www.propertyfinder.bh/en/plp/commercial-rent/office-space-for-rent-capital-governorate-manama-zinj-729151.html,2026-05-31T13:58:31.068517+00:00,2026-09-19T22:16:49.045904+00:00,111,2026-09-19T22:16:49.045904+00:00
2026-09-19,new,968022,,,Villa,Your Next Home Awaits — Direct from Owner!,,850.0,,,BHD,monthly,,,,,,,,,,,26.140336990356445,50.478271484375,,,,Raashid Kazi,,PARTLY,,,,,https://www.propertyfinder.bh/en/plp/rent/villa-for-rent-northern-governorate-hamala-968022.html,2026-05-31T13:58:31.068517+00:00,2026-09-19T22:16:49.045904+00:00,111,2026-09-19T22:16:49.045904+00:00
2026-09-19,new,968155,,,Office Space,Grow Your Business — Lease Directly from Owner!,,700.0,,,BHD,monthly,,,,,,,,,,,26.214487075805664,50.584754943847656,,,,Raashid Kazi,,PARTLY,,,,,https://www.propertyfinder.bh/en/plp/commercial-rent/office-space-for-rent-capital-governorate-manama-adliya-968155.html,2026-05-31T13:58:31.068517+00:00,2026-09-19T22:16:49.045904+00:00,111,2026-09-19T22:16:49.045904+00:00
2026-09-19,new,972940,,,Apartment,3 B/R semi or fully furnished at great prices,,350.0,,,BHD,monthly,,,,,,,,,,,26.211111068725586,50.601112365722656,,,,Shakeel Ahmad,,PARTLY,,,,,https://www.propertyfinder.bh/en/plp/rent/apartment-for-rent-capital-governorate-al-juffair-972940.html,2026-08-09T20:40:10.613404+00:00,2026-09-19T22:16:49.045904+00:00,41,2026-09-19T22:16:49.045904+00:00
2026-09-19,new,994340,,,Villa,Don't miss this opportunity! Super Deluxe Villa,,200000.0,,,BHD,sell,,,,,,,,West Riffa,,,26.123153686523438,50.54193878173828,,,,Sajjad ALBasri,,NO,completed_primary,,,,https://www.propertyfinder.bh/en/plp/buy/villa-for-sale-southern-governorate-riffa-west-riffa-994340.html,2026-05-31T13:58:31.068517+00:00,2026-09-19T22:16:49.045904+00:00,111,2026-09-19T22:16:49.045904+00:00
2026-09-19,new,994349,,,Villa,"A unique opportunity for a villa in GTV, Durrat Al",,250000.0,,,BHD,sell,,,,,,,,Durrat Marina,,,25.860807418823242,50.604957580566406,,,,Sajjad ALBasri,,YES,completed,,,,https://www.propertyfinder.bh/en/plp/buy/villa-for-sale-southern-governorate-durrat-al-bahrain-durrat-marina-994349.html,2026-05-31T13:58:31.068517+00:00,2026-09-19T22:16:49.045904+00:00,111,2026-09-19T22:16:49.045904+00:00
2026-09-19,new,994353,,,Villa,Real estate opportunity for a distinctive villa,,93000.0,,,BHD,sell,,,,,,,,,,,26.229394912719727,50.48070526123047,,,,Sajjad ALBasri,,NO,completed,,,,https://www.propertyfinder.bh/en/plp/buy/villa-for-sale-northern-governorate-barbar-994353.html,2026-05-31T13:58:31.068517+00:00,2026-09-19T22:16:49.045904+00:00,111,2026-09-19T22:16:49.045904+00:00
2026-09-19,new,994390,,,Apartment,Modern Furnished Layout Balcony and Sea views,,64000.0,,,BHD,sell,,,,,,,,,,,26.249584197998047,50.580360412597656,,,,Bilal Mohamed,,YES,completed,,,,https://www.propertyfinder.bh/en/plp/buy/apartment-for-sale-capital-governorate-bahrain-bay-994390.html,2026-06-18T20:57:37.279688+00:00,2026-09-19T22:16:49.045904+00:00,93,2026-09-19T22:16:49.045904+00:00
2026-09-19,new,994779,,,Villa,Super deluxe villa for rent in Al Durra,,2200.0,,,BHD,monthly,,,,,,,,Durrat Marina,,,25.860807418823242,50.604957580566406,,,,Sajjad ALBasri,,YES,,,,,https://www.propertyfinder.bh/en/plp/rent/villa-for-rent-southern-governorate-durrat-al-bahrain-durrat-marina-994779.html,2026-05-31T13:58:31.068517+00:00,2026-09-19T22:16:49.045904+00:00,111,2026-09-19T22:16:49.045904+00:00
2026-09-19,new,995353,,,Villa,Luxury villa in a prime location in Jableh Habashi,,730000.0,,,BHD,sell,,,,,,,,,,,26.21312713623047,50.528221130371094,,,,Sajjad ALBasri,,NO,completed,,,,https://www.propertyfinder.bh/en/plp/buy/villa-for-sale-northern-governorate-jeblat-hebshi-995353.html,2026-05-31T13:58:31.068517+00:00,2026-09-19T22:16:49.045904+00:00,111,2026-09-19T22:16:49.045904+00:00
2026-09-19,new,995498,,,Apartment,Luxurious studio apartment with super deluxe finis,,34000.0,,,BHD,sell,,,,,,,,,,,26.21672821044922,50.55367660522461,,,,Sajjad ALBasri,,YES,off_plan,,,,https://www.propertyfinder.bh/en/plp/buy/apartment-for-sale-capital-governorate-manama-al-burhama-995498.html,2026-06-28T20:33:34.411222+00:00,2026-09-19T22:16:49.045904+00:00,83,2026-09-19T22:16:49.045904+00:00
2026-09-19,new,996069,,,Villa,Luxurious and distinctive villa in Tubli,,750000.0,,,BHD,sell,,,,,,,,,,,26.188888549804688,50.54999923706055,,,,Sajjad ALBasri,,NO,completed,,,,https://www.propertyfinder.bh/en/plp/buy/villa-for-sale-central-governorate-tubli-996069.html,2026-05-31T13:58:31.068517+00:00,2026-09-19T22:16:49.045904+00:00,111,2026-09-19T22:16:49.045904+00:00
2026-09-19,removed,1003037,,,Apartment,Furnished / Balconies / Prime Location,46000.0,,,,BHD,sell,,,,,,,,,,,26.211111068725586,50.601112365722656,,,,A. Mhaout,,YES,completed,,,,https://www.propertyfinder.bh/en/plp/buy/apartment-for-sale-capital-governorate-al-juffair-1003037.html,2026-05-31T13:58:31.068517+00:00,2026-09-18T22:26:19.478872+00:00,110,2026-09-18T22:26:19.478872+00:00
2026-09-19,removed,1003039,,,Apartment,Bright 3 BHK Apartment / Prime Location,250.0,,,,BHD,monthly,,,,,,,,,,,26.21263313293457,50.67418670654297,,,,A. Mhaout,,NO,,,,,https://www.propertyfinder.bh/en/plp/rent/apartment-for-rent-muharraq-governorate-hidd-1003039.html,2026-05-31T13:58:31.068517+00:00,2026-09-18T22:26:19.478872+00:00,110,2026-09-18T22:26:19.478872+00:00
2026-09-19,removed,1003045,,,Apartment,Spacious 2 BHK Apartment / Inclusive,235.0,,,,BHD,monthly,,,,,,,,,,,26.188888549804688,50.54999923706055,,,,A. Mhaout,,PARTLY,,,,,https://www.propertyfinder.bh/en/plp/rent/apartment-for-rent-central-governorate-tubli-1003045.html,2026-05-31T13:58:31.068517+00:00,2026-09-18T22:26:19.478872+00:00,110,2026-09-18T22:26:19.478872+00:00
2026-09-19,removed,1003056,,,Apartment,2 BHKapartments/ Near Casino/ Inclusive,150.0,,,,BHD,monthly,,,,,,,,,,,26.25,50.616668701171875,,,,A. Mhaout,,NO,,,,,https://www.propertyfinder.bh/en/plp/rent/apartment-for-rent-muharraq-governorate-muharraq-1003056.html,2026-05-31T13:58:31.068517+00:00,2026-09-18T22:26:19.478872+00:00,110,2026-09-18T22:26:19.478872+00:00
2026-09-19,removed,1003127,,,Apartment,Spacious 4BHK Apartment/ Water View,370.0,,,,BHD,monthly,,,,,,,,,,,26.188888549804688,50.54999923706055,,,,A. Mhaout,,NO,,,,,https://www.propertyfinder.bh/en/plp/rent/apartment-for-rent-central-governorate-tubli-1003127.html,2026-05-31T13:58:31.068517+00:00,2026-09-18T22:26:19.478872+00:00,110,2026-09-18T22:26:19.478872+00:00
2026-09-19,removed,1003128,,,Apartment,Spacious 3 BHK APRT / No Lift / Prime Location,180.0,,,,BHD,monthly,,,,,,,,,,,26.25,50.650001525878906,,,,A. Mhaout,,NO,,,,,https://www.propertyfinder.bh/en/plp/rent/apartment-for-rent-muharraq-governorate-arad-1003128.html,2026-05-31T13:58:31.068517+00:00,2026-09-18T22:26:19.478872+00:00,110,2026-09-18T22:26:19.478872+00:00
2026-09-19,removed,51173775,,,Apartment,A Fully Furnished 3 BHK / Swimming Pool,400.0,,,,BHD,monthly,,,,,,,,,,,26.21672821044922,50.55367660522461,,,,A. Mhaout,,YES,,,,,https://www.propertyfinder.bh/en/plp/rent/apartment-for-rent-capital-governorate-manama-al-burhama-2PTwCQ3w8Nk.html,2026-05-31T13:58:31.068517+00:00,2026-09-18T22:26:19.478872+00:00,110,2026-09-18T22:26:19.478872+00:00
2026-09-19,removed,51173776,,,Apartment,A Modern 1 Bhk Apartment/ Swimming Pool,250.0,,,,BHD,monthly,,,,,,,,,,,26.21672821044922,50.55367660522461,,,,A. Mhaout,,YES,,,,,https://www.propertyfinder.bh/en/plp/rent/apartment-for-rent-capital-governorate-manama-al-burhama-2PTzBjr5Drk.html,2026-05-31T13:58:31.068517+00:00,2026-09-18T22:26:19.478872+00:00,110,2026-09-18T22:26:19.478872+00:00
2026-09-19,removed,51174241,,,Apartment,Spacious 3 BHk Apartment /Balcony/ Prime Location/,260.0,,,,BHD,monthly,,,,,,,,,,,26.207910537719727,50.587345123291016,,,,A. Mhaout,,NO,,,,,https://www.propertyfinder.bh/en/plp/rent/apartment-for-rent-capital-governorate-manama-mahooz-2PUUsODMWOG.html,2026-05-31T13:58:31.068517+00:00,2026-09-18T22:26:19.478872+00:00,110,2026-09-18T22:26:19.478872+00:00
2026-09-19,removed,51203116,,,Apartment,Modern Furnished Apartment / Unlimited Ewa,350.0,,,,BHD,monthly,,,,,,,,,,,26.211111068725586,50.601112365722656,,,,A. Mhaout,,YES,,,,,https://www.propertyfinder.bh/en/plp/rent/apartment-for-rent-capital-governorate-al-juffair-2PVaiB00yA4.html,2026-08-20T20:40:12.466755+00:00,2026-09-18T22:26:19.478872+00:00,29,2026-09-18T22:26:19.478872+00:00
2026-09-19,removed,51234314,,,Apartment,Spacious 3 BHK Large Size Flats for Rent in Sanad,180.0,,,,BHD,monthly,,,,,,,,,,,26.149999618530273,50.58333206176758,,,,salman siraj,,NO,,,,,https://www.propertyfinder.bh/en/plp/rent/apartment-for-rent-central-governorate-sanad-2PYQmrRR8ds.html,2026-06-05T20:36:54.354740+00:00,2026-09-18T22:26:19.478872+00:00,105,2026-09-18T22:26:19.478872+00:00
2026-09-19,removed,51234327,,,Apartment,Spacious 3 BHK Big Flats For Rent in Sanad (Exc),250.0,,,,BHD,monthly,,,,,,,,,,,26.149999618530273,50.58333206176758,,,,salman siraj,,NO,,,,,https://www.propertyfinder.bh/en/plp/rent/apartment-for-rent-central-governorate-sanad-2PYUkpwuyTA.html,2026-05-31T13:58:31.068517+00:00,2026-09-18T22:26:19.478872+00:00,110,2026-09-18T22:26:19.478872+00:00
2026-09-19,removed,51262697,,,Apartment,Spacious 2 BHK Apartment/ Swimming Pool,250.0,,,,BHD,monthly,,,,,,,,,,,26.21672821044922,50.55367660522461,,,,A. Mhaout,,YES,,,,,https://www.propertyfinder.bh/en/plp/rent/apartment-for-rent-capital-governorate-manama-al-burhama-2PYrPyYmtcG.html,2026-05-31T13:58:31.068517+00:00,2026-09-18T22:26:19.478872+00:00,110,2026-09-18T22:26:19.478872+00:00
2026-09-19,removed,51262992,,,Apartment,MODERN| Spacious | 2BEDROOM APARTMENT | INCLUSIVE,220.0,,,,BHD,monthly,,,,,,,,Riffa Views,,,26.097333908081055,50.56736373901367,,,,Ayman Jnedi,,PARTLY,,,,,https://www.propertyfinder.bh/en/plp/rent/apartment-for-rent-southern-governorate-riffa-riffa-views-2PZRAAnpkP2.html,2026-07-19T20:58:26.466026+00:00,2026-09-18T22:26:19.478872+00:00,61,2026-09-18T22:26:19.478872+00:00
2026-09-19,removed,51292682,,,Apartment,Best Price / Pool/ Gym / Wifi/ Balcony a,270.0,,,,BHD,monthly,,,,,,,,,,,26.211111068725586,50.601112365722656,,,,A. Mhaout,,YES,,,,,https://www.propertyfinder.bh/en/plp/rent/apartment-for-rent-capital-governorate-al-juffair-2Pb3RQbPcn2.html,2026-07-27T21:16:55.514144+00:00,2026-09-18T22:26:19.478872+00:00,53,2026-09-18T22:26:19.478872+00:00
2026-09-19,removed,51351978,,,Apartment,Beautiful 2 BHK / Balcony / Prime Location,52000.0,,,,BHD,sell,,,,,,,,,,,26.211111068725586,50.601112365722656,,,,A. Mhaout,,YES,completed,,,,https://www.propertyfinder.bh/en/plp/buy/apartment-for-sale-capital-governorate-al-juffair-2Pdm5FYiTUe.html,2026-05-31T13:58:31.068517+00:00,2026-09-18T22:26:19.478872+00:00,110,2026-09-18T22:26:19.478872+00:00
2026-09-19,removed,51352944,,,Apartment,Spacious Big 2 BHK Flat For Rent In West Riffa,200.0,,,,BHD,monthly,,,,,,,,West Riffa,,,26.123153686523438,50.54193878173828,,,,salman siraj,,NO,,,,,https://www.propertyfinder.bh/en/plp/rent/apartment-for-rent-southern-governorate-riffa-west-riffa-2PefJoQfume.html,2026-06-05T20:36:54.354740+00:00,2026-09-18T22:26:19.478872+00:00,105,2026-09-18T22:26:19.478872+00:00
2026-09-19,removed,51353198,,,Apartment,Newly Renovated/  Unlimited Ewa/ Prime Location,300.0,,,,BHD,monthly,,,,,,,,,,,26.214487075805664,50.584754943847656,,,,A. Mhaout,,NO,,,,,https://www.propertyfinder.bh/en/plp/rent/apartment-for-rent-capital-governorate-manama-adliya-2Pf28mB9m7c.html,2026-06-11T20:57:11.134489+00:00,2026-09-18T22:26:19.478872+00:00,99,2026-09-18T22:26:19.478872+00:00
2026-09-19,removed,51353498,,,Apartment,For rent Studio in Al-Hoora,130.0,,,,BHD,monthly,,,,,,,,,,,26.23387908935547,50.5939826965332,,,,Ammar Abdulaal,,NO,,,,,https://www.propertyfinder.bh/en/plp/rent/apartment-for-rent-capital-governorate-hoora-2PfLZsoCWgK.html,2026-05-31T13:58:31.068517+00:00,2026-09-18T22:26:19.478872+00:00,110,2026-09-18T22:26:19.478872+00:00
2026-09-19,removed,51382024,,,Apartment,SPACIOUS 2 BHK APARTMENT/ Balcony,230.0,,,,BHD,monthly,,,,,,,,,,,26.21263313293457,50.67418670654297,,,,A. Mhaout,,NO,,,,,https://www.propertyfinder.bh/en/plp/rent/apartment-for-rent-muharraq-governorate-hidd-2Pfy7werovI.html,2026-05-31T13:58:31.068517+00:00,2026-09-18T22:26:19.478872+00:00,110,2026-09-18T22:26:19.478872+00:00
2026-09-19,removed,51930179,,,Apartment,Inclusive 1 bed flat in Burhama,250.0,,,,BHD,monthly,,,,,,,,,,,26.21672821044922,50.55367660522461,,,,Ayman Jnedi,,YES,,,,,https://www.propertyfinder.bh/en/plp/rent/apartment-for-rent-capital-governorate-manama-al-burhama-51930179.html,2026-07-24T21:11:47.069485+00:00,2026-09-18T22:26:19.478872+00:00,56,2026-09-18T22:26:19.478872+00:00
2026-09-19,removed,51958620,,,Apartment,Semi furnished Studio apartment with EWA | AC,165.0,,,,BHD,monthly,,,,,,,,,,,26.188888549804688,50.54999923706055,,,,Abdul  Jabbar .,,PARTLY,,,,,https://www.propertyfinder.bh/en/plp/rent/apartment-for-rent-central-governorate-tubli-51958620.html,2026-05-31T13:58:31.068517+00:00,2026-09-18T22:26:19.478872+00:00,110,2026-09-18T22:26:19.478872+00:00
2026-09-19,removed,51958622,,,Apartment,One bedroom apartment with EWA | AC | New building,180.0,,,,BHD,monthly,,,,,,,,,,,26.266666412353516,50.650001525878906,,,,Abdul  Jabbar .,,PARTLY,,,,,https://www.propertyfinder.bh/en/plp/rent/apartment-for-rent-muharraq-governorate-galali-51958622.html,2026-05-31T13:58:31.068517+00:00,2026-09-18T22:26:19.478872+00:00,110,2026-09-18T22:26:19.478872+00:00
2026-09-19,removed,51958661,,,Duplex,Beautiful 3BHK Duplex/SharedPool/ Prime Location,350.0,,,,BHD,monthly,,,,,,,,,,,26.188888549804688,50.54999923706055,,,,A. Mhaout,,PARTLY,,,,,https://www.propertyfinder.bh/en/plp/rent/duplex-for-rent-central-governorate-tubli-51958661.html,2026-05-31T13:58:31.068517+00:00,2026-09-18T22:26:19.478872+00:00,110,2026-09-18T22:26:19.478872+00:00
2026-09-19,removed,51984229,,,Villa,Spacious Villa/ Private Garden/ Maid's Room,600.0,,,,BHD,monthly,,,,,,,,,,,26.149999618530273,50.58333206176758,,,,A. Mhaout,,NO,,,,,https://www.propertyfinder.bh/en/plp/rent/villa-for-rent-central-governorate-sanad-51984229.html,2026-06-11T20:57:11.134489+00:00,2026-09-18T22:26:19.478872+00:00,99,2026-09-18T22:26:19.478872+00:00
2026-09-19,removed,51984382,,,Villa,Spacious 5 BHK Villa/ Private Pool,850.0,,,,BHD,monthly,,,,,,,,North Riffa,,,26.143957138061523,50.547142028808594,,,,A. Mhaout,,PARTLY,,,,,https://www.propertyfinder.bh/en/plp/rent/villa-for-rent-southern-governorate-riffa-north-riffa-51984382.html,2026-05-31T13:58:31.068517+00:00,2026-09-18T22:26:19.478872+00:00,110,2026-09-18T22:26:19.478872+00:00
2026-09-19,removed,51985507,,,Apartment,Unlimited Ewa / 2 BHK Apartment / Balcony,220.0,,,,BHD,monthly,,,,,,,,,,,26.21263313293457,50.67418670654297,,,,A. Mhaout,,NO,,,,,https://www.propertyfinder.bh/en/plp/rent/apartment-for-rent-muharraq-governorate-hidd-51985507.html,2026-06-05T20:36:54.354740+00:00,2026-09-18T22:26:19.478872+00:00,105,2026-09-18T22:26:19.478872+00:00
2026-09-19,removed,52091224,,,Villa,Brand new Family Villa near Saar mall,130000.0,,,,BHD,sell,,,,,,,,,,,26.19164276123047,50.48757553100586,,,,Ayman Jnedi,,PARTLY,completed_primary,,,,https://www.propertyfinder.bh/en/plp/buy/villa-for-sale-northern-governorate-saar-52091224.html,2026-05-31T13:58:31.068517+00:00,2026-09-18T22:26:19.478872+00:00,110,2026-09-18T22:26:19.478872+00:00
2026-09-19,removed,52117458,,,Villa,Spacious Villa / Maid's Room / Exclusive,600.0,,,,BHD,monthly,,,,,,,,,,,26.27199935913086,50.60900115966797,,,,A. Mhaout,,NO,,,,,https://www.propertyfinder.bh/en/plp/rent/villa-for-rent-muharraq-governorate-busaiteen-52117458.html,2026-06-04T20:43:07.946899+00:00,2026-09-18T22:26:19.478872+00:00,106,2026-09-18T22:26:19.478872+00:00
2026-09-19,removed,52117489,,,Villa,Spacious Villa/ Maid's Room/ Private Pool,700.0,,,,BHD,monthly,,,,,,,,,,,26.27199935913086,50.60900115966797,,,,A. Mhaout,,PARTLY,,,,,https://www.propertyfinder.bh/en/plp/rent/villa-for-rent-muharraq-governorate-busaiteen-52117489.html,2026-05-31T13:58:31.068517+00:00,2026-09-18T22:26:19.478872+00:00,110,2026-09-18T22:26:19.478872+00:00
2026-09-19,removed,52142532,,,Villa,Spacious 4 BHK Villa/ SF/ Prime Location,450.0,,,,BHD,monthly,,,,,,,,,,,26.2102108001709,50.56403350830078,,,,A. Mhaout,,PARTLY,,,,,https://www.propertyfinder.bh/en/plp/rent/villa-for-rent-capital-governorate-manama-zinj-52142532.html,2026-05-31T13:58:31.068517+00:00,2026-09-18T22:26:19.478872+00:00,110,2026-09-18T22:26:19.478872+00:00
2026-09-19,removed,52142618,,,Apartment,Great 3 BHK Apartment/ Great location,220.0,,,,BHD,monthly,,,,,,,,,,,26.207910537719727,50.587345123291016,,,,A. Mhaout,,PARTLY,,,,,https://www.propertyfinder.bh/en/plp/rent/apartment-for-rent-capital-governorate-manama-mahooz-52142618.html,2026-05-31T13:58:31.068517+00:00,2026-09-18T22:26:19.478872+00:00,110,2026-09-18T22:26:19.478872+00:00
2026-09-19,removed,52142722,,,Apartment,Great Location/ Open Kitchen/ Inclusive,220.0,,,,BHD,monthly,,,,,,,,,,,26.207910537719727,50.587345123291016,,,,A. Mhaout,,PARTLY,,,,,https://www.propertyfinder.bh/en/plp/rent/apartment-for-rent-capital-governorate-manama-mahooz-52142722.html,2026-05-31T13:58:31.068517+00:00,2026-09-18T22:26:19.478872+00:00,110,2026-09-18T22:26:19.478872+00:00
2026-09-19,removed,52169911,,,Apartment,Modern 2 BHK / Central AC/Shared Pool,225.0,,,,BHD,monthly,,,,,,,,,,,26.213165283203125,50.447471618652344,,,,A. Mhaout,,NO,,,,,https://www.propertyfinder.bh/en/plp/rent/apartment-for-rent-northern-governorate-budaiya-52169911.html,2026-05-31T13:58:31.068517+00:00,2026-09-18T22:26:19.478872+00:00,110,2026-09-18T22:26:19.478872+00:00
2026-09-19,removed,52170318,,,Apartment,3BR | Balcony| Maids room | Brand new,680.0,,,,BHD,monthly,,,,,,,,Sanabis,,,26.226558685302734,50.5459098815918,,,,Shakeel Ahmad,,YES,,,,,https://www.propertyfinder.bh/en/plp/rent/apartment-for-rent-capital-governorate-manama-sanabis-52170318.html,2026-07-16T13:23:22.641531+00:00,2026-09-18T22:26:19.478872+00:00,64,2026-09-18T22:26:19.478872+00:00
2026-09-19,removed,52223266,,,Apartment,New And Spacious 5 BHK Apartment For Sale/,72000.0,,,,BHD,sell,,,,,,,,,,,26.21263313293457,50.67418670654297,,,,A. Mhaout,,NO,completed,,,,https://www.propertyfinder.bh/en/plp/buy/apartment-for-sale-muharraq-governorate-hidd-52223266.html,2026-05-31T13:58:31.068517+00:00,2026-09-18T22:26:19.478872+00:00,110,2026-09-18T22:26:19.478872+00:00
2026-09-19,removed,52381857,,,Villa,New Villas for Sale / SF / FF / Prime Locati,131000.0,,,,BHD,sell,,,,,,,,,,,26.213165283203125,50.447471618652344,,,,A. Mhaout,,PARTLY,completed_primary,,,,https://www.propertyfinder.bh/en/plp/buy/villa-for-sale-northern-governorate-budaiya-52381857.html,2026-05-31T13:58:31.068517+00:00,2026-09-18T22:26:19.478872+00:00,110,2026-09-18T22:26:19.478872+00:00
2026-09-19,removed,52382375,,,Apartment,Furnished one bedroom apartment | EWA | Pool | Gym,340.0,,,,BHD,monthly,,,,,,,,,,,26.21263313293457,50.67418670654297,,,,Abdul  Jabbar .,,YES,,,,,https://www.propertyfinder.bh/en/plp/rent/apartment-for-rent-muharraq-governorate-hidd-52382375.html,2026-05-31T13:58:31.068517+00:00,2026-09-18T22:26:19.478872+00:00,110,2026-09-18T22:26:19.478872+00:00
2026-09-19,removed,52409253,,,Villa,Spacious 5-BEDROOM Villa/ Maid's Room,500.0,,,,BHD,monthly,,,,,,,,,,,26.27199935913086,50.60900115966797,,,,A. Mhaout,,NO,,,,,https://www.propertyfinder.bh/en/plp/rent/villa-for-rent-muharraq-governorate-busaiteen-52409253.html,2026-05-31T13:58:31.068517+00:00,2026-09-18T22:26:19.478872+00:00,110,2026-09-18T22:26:19.478872+00:00
2026-09-19,removed,52409277,,,Apartment,Furnished Apartment/ Balcony/ Prime Location,200.0,,,,BHD,monthly,,,,,,,,,,,26.21263313293457,50.67418670654297,,,,A. Mhaout,,YES,,,,,https://www.propertyfinder.bh/en/plp/rent/apartment-for-rent-muharraq-governorate-hidd-52409277.html,2026-05-31T13:58:31.068517+00:00,2026-09-18T22:26:19.478872+00:00,110,2026-09-18T22:26:19.478872+00:00
2026-09-19,removed,52409895,,,Apartment,One bedroom apartment | EWA | ACs | Sea View,190.0,,,,BHD,monthly,,,,,,,,,,,26.266666412353516,50.650001525878906,,,,Abdul  Jabbar .,,PARTLY,,,,,https://www.propertyfinder.bh/en/plp/rent/apartment-for-rent-muharraq-governorate-galali-52409895.html,2026-05-31T13:58:31.068517+00:00,2026-09-18T22:26:19.478872+00:00,110,2026-09-18T22:26:19.478872+00:00
2026-09-19,removed,52436322,,,Apartment,Semi furnished Studio with EWA | AC | Cupboard,170.0,,,,BHD,monthly,,,,,,,,,,,26.188888549804688,50.54999923706055,,,,Abdul  Jabbar .,,PARTLY,,,,,https://www.propertyfinder.bh/en/plp/rent/apartment-for-rent-central-governorate-tubli-52436322.html,2026-05-31T13:58:31.068517+00:00,2026-09-18T22:26:19.478872+00:00,110,2026-09-18T22:26:19.478872+00:00
2026-09-19,removed,52436522,,,Apartment,2BHK Flat For Rent Riffa Souq Police Station,180.0,,,,BHD,monthly,,,,,,,,Riffa Al Sharqi,,,26.1162166595459,50.57211685180664,,,,salman siraj,,NO,,,,,https://www.propertyfinder.bh/en/plp/rent/apartment-for-rent-southern-governorate-riffa-riffa-al-sharqi-52436522.html,2026-05-31T13:58:31.068517+00:00,2026-09-18T22:26:19.478872+00:00,110,2026-09-18T22:26:19.478872+00:00
2026-09-19,removed,52436554,,,Apartment,2BHK Semi-F Flat for Rent in Riffa Near Exotic Car,210.0,,,,BHD,monthly,,,,,,,,Alhajiyat,,,26.128984451293945,50.58171463012695,,,,salman siraj,,PARTLY,,,,,https://www.propertyfinder.bh/en/plp/rent/apartment-for-rent-southern-governorate-riffa-alhajiyat-52436554.html,2026-05-31T13:58:31.068517+00:00,2026-09-18T22:26:19.478872+00:00,110,2026-09-18T22:26:19.478872+00:00
2026-09-19,removed,52436558,,,Apartment,Luxury 1 BHK Flat for Rent Riffa Near Montreal EWA,150.0,,,,BHD,monthly,,,,,,,,Alhajiyat,,,26.128984451293945,50.58171463012695,,,,salman siraj,,PARTLY,,,,,https://www.propertyfinder.bh/en/plp/rent/apartment-for-rent-southern-governorate-riffa-alhajiyat-52436558.html,2026-05-31T13:58:31.068517+00:00,2026-09-18T22:26:19.478872+00:00,110,2026-09-18T22:26:19.478872+00:00
2026-09-19,removed,52804857,,,Apartment,MODERN l SEMI OPEN KITCKEN l GOOD PRICE,380.0,,,,BHD,monthly,,,,,,,,,,,26.203079223632812,50.594947814941406,,,,Monica Medhat,,YES,,,,,https://www.propertyfinder.bh/en/plp/rent/apartment-for-rent-capital-governorate-manama-um-al-hasam-52804857.html,2026-05-31T13:58:31.068517+00:00,2026-09-18T22:26:19.478872+00:00,110,2026-09-18T22:26:19.478872+00:00
2026-09-19,removed,52830582,,,Apartment,Beach Access -Sea View - Freehold - Rented,175000.0,,,,BHD,sell,,,,,,,,Diyar Al Muharraq,,,26.303447723388672,50.6461296081543,,,,Lina Sabrawi,,YES,completed,,,,https://www.propertyfinder.bh/en/plp/buy/apartment-for-sale-muharraq-governorate-diyar-al-muharraq-marassi-al-bahrain-52830582.html,2026-05-31T13:58:31.068517+00:00,2026-09-18T22:26:19.478872+00:00,110,2026-09-18T22:26:19.478872+00:00
2026-09-19,removed,52879966,,,Apartment,Unlimited Sea walk 3 bed inclusive Tubli,290.0,,,,BHD,monthly,,,,,,,,,,,26.188888549804688,50.54999923706055,,,,Ayman Jnedi,,PARTLY,,,,,https://www.propertyfinder.bh/en/plp/rent/apartment-for-rent-central-governorate-tubli-52879966.html,2026-05-31T13:58:31.068517+00:00,2026-09-18T22:26:19.478872+00:00,110,2026-09-18T22:26:19.478872+00:00
2026-09-19,removed,52879969,,,Apartment,Inclusive 1 bed flat in Burhama,250.0,,,,BHD,monthly,,,,,,,,,,,26.21672821044922,50.55367660522461,,,,Ayman Jnedi,,YES,,,,,https://www.propertyfinder.bh/en/plp/rent/apartment-for-rent-capital-governorate-manama-al-burhama-52879969.html,2026-05-31T13:58:31.068517+00:00,2026-09-18T22:26:19.478872+00:00,110,2026-09-18T22:26:19.478872+00:00
2026-09-19,removed,52880143,,,Apartment,Brand new 2 bed in Burahama Balcony,300.0,,,,BHD,monthly,,,,,,,,,,,26.21672821044922,50.55367660522461,,,,Ayman Jnedi,,PARTLY,,,,,https://www.propertyfinder.bh/en/plp/rent/apartment-for-rent-capital-governorate-manama-al-burhama-52880143.html,2026-05-31T13:58:31.068517+00:00,2026-09-18T22:26:19.478872+00:00,110,2026-09-18T22:26:19.478872+00:00
2026-09-19,removed,52880172,,,Villa,Seafront with Private pool 5 Bed in Amwaj,470000.0,,,,BHD,sell,,,,,,,,Amwaj Avenue,,,26.29302978515625,50.66474151611328,,,,Ayman Jnedi,,PARTLY,completed,,,,https://www.propertyfinder.bh/en/plp/buy/villa-for-sale-muharraq-governorate-amwaj-islands-amwaj-avenue-52880172.html,2026-05-31T13:58:31.068517+00:00,2026-09-18T22:26:19.478872+00:00,110,2026-09-18T22:26:19.478872+00:00
2026-09-19,removed,52880249,,,Apartment,Penthouse Sea view| MAID ROOM| BEACH,230000.0,,,,BHD,sell,,,,,,,,,,,26.241750717163086,50.5663948059082,,,,Ayman Jnedi,,YES,completed,,,,https://www.propertyfinder.bh/en/plp/buy/apartment-for-sale-capital-governorate-reef-island-52880249.html,2026-05-31T13:58:31.068517+00:00,2026-09-18T22:26:19.478872+00:00,110,2026-09-18T22:26:19.478872+00:00
2026-09-19,removed,52880267,,,Whole Building,1400 BD Monthly income in Arad good investment,183000.0,,,,BHD,sell,,,,,,,,,,,26.25,50.650001525878906,,,,Ayman Jnedi,,PARTLY,completed,,,,https://www.propertyfinder.bh/en/plp/buy/whole-building-for-sale-muharraq-governorate-arad-52880267.html,2026-06-11T20:57:11.134489+00:00,2026-09-18T22:26:19.478872+00:00,99,2026-09-18T22:26:19.478872+00:00
2026-09-19,removed,52880271,,,Apartment,Modern 1 bed Saar sant crest school,240.0,,,,BHD,monthly,,,,,,,,,,,26.21263313293457,50.67418670654297,,,,Ayman Jnedi,,YES,,,,,https://www.propertyfinder.bh/en/plp/rent/apartment-for-rent-muharraq-governorate-hidd-52880271.html,2026-05-31T13:58:31.068517+00:00,2026-09-18T22:26:19.478872+00:00,110,2026-09-18T22:26:19.478872+00:00
2026-09-19,removed,52880351,,,Villa,Brand new Sea Beach Front villa Amwaj,740000.0,,,,BHD,sell,,,,,,,,Amwaj Marina,,,26.293058395385742,50.65943908691406,,,,Ayman Jnedi,,PARTLY,completed_primary,,,,https://www.propertyfinder.bh/en/plp/buy/villa-for-sale-muharraq-governorate-amwaj-islands-amwaj-marina-52880351.html,2026-05-31T13:58:31.068517+00:00,2026-09-18T22:26:19.478872+00:00,110,2026-09-18T22:26:19.478872+00:00
2026-09-19,removed,52880439,,,Apartment,3BHK Flat for Rent in Riffa Bukwarah Near Rim(ew),200.0,,,,BHD,monthly,,,,,,,,,,,26.1314754486084,50.568843841552734,,,,salman siraj,,NO,,,,,https://www.propertyfinder.bh/en/plp/rent/apartment-for-rent-southern-governorate-riffa-bu-kowarah-973627.html,2026-06-05T20:36:54.354740+00:00,2026-09-18T22:26:19.478872+00:00,105,2026-09-18T22:26:19.478872+00:00
2026-09-19,removed,52906785,,,Villa,Spacious 3BHK Villa/ Garden/Shared Pool,575.0,,,,BHD,monthly,,,,,,,,,,,26.219327926635742,50.579288482666016,,,,A. Mhaout,,NO,,,,,https://www.propertyfinder.bh/en/plp/rent/villa-for-rent-capital-governorate-manama-salmaniya-52906785.html,2026-05-31T13:58:31.068517+00:00,2026-09-18T22:26:19.478872+00:00,110,2026-09-18T22:26:19.478872+00:00
2026-09-19,removed,52930626,,,Apartment,Spacious 3 BHK Apartment/ Prime Location,320.0,,,,BHD,monthly,,,,,,,,,,,26.219327926635742,50.579288482666016,,,,A. Mhaout,,NO,,,,,https://www.propertyfinder.bh/en/plp/rent/apartment-for-rent-capital-governorate-manama-salmaniya-52930626.html,2026-05-31T13:58:31.068517+00:00,2026-09-18T22:26:19.478872+00:00,110,2026-09-18T22:26:19.478872+00:00
2026-09-19,removed,52956224,,,Villa,Spacious 10 BHK Villa / Prime Location / Gatden,1300.0,,,,BHD,monthly,,,,,,,,,,,26.27199935913086,50.60900115966797,,,,A. Mhaout,,NO,,,,,https://www.propertyfinder.bh/en/plp/rent/villa-for-rent-muharraq-governorate-busaiteen-52956224.html,2026-05-31T13:58:31.068517+00:00,2026-09-18T22:26:19.478872+00:00,110,2026-09-18T22:26:19.478872+00:00
2026-09-19,removed,52957025,,,Apartment,MODERN| Spacious | 2BEDROOM APARTMENT | Buher,200.0,,,,BHD,monthly,,,,,,,,Riffa Views,,,26.097333908081055,50.56736373901367,,,,Ayman Jnedi,,PARTLY,,,,,https://www.propertyfinder.bh/en/plp/rent/apartment-for-rent-southern-governorate-riffa-riffa-views-52957025.html,2026-06-11T20:57:11.134489+00:00,2026-09-18T22:26:19.478872+00:00,99,2026-09-18T22:26:19.478872+00:00
2026-09-19,removed,52957132,,,Villa,Modern 5 Bed Villa in Janabiya Brand new,330000.0,,,,BHD,sell,,,,,,,,,,,26.185943603515625,50.46711349487305,,,,Ayman Jnedi,,PARTLY,completed_primary,,,,https://www.propertyfinder.bh/en/plp/buy/villa-for-sale-northern-governorate-janabiya-52957132.html,2026-06-11T20:57:11.134489+00:00,2026-09-18T22:26:19.478872+00:00,99,2026-09-18T22:26:19.478872+00:00
2026-09-19,removed,52957139,,,Villa,Corner Location Brand new Pool 4 BED Janabiya,280000.0,,,,BHD,sell,,,,,,,,,,,26.185943603515625,50.46711349487305,,,,Ayman Jnedi,,PARTLY,completed_primary,,,,https://www.propertyfinder.bh/en/plp/buy/villa-for-sale-northern-governorate-janabiya-52957139.html,2026-06-11T20:57:11.134489+00:00,2026-09-18T22:26:19.478872+00:00,99,2026-09-18T22:26:19.478872+00:00
2026-09-19,removed,52957141,,,Villa,512 m2 Brand new Modern Villa in Saar,360000.0,,,,BHD,sell,,,,,,,,,,,26.19164276123047,50.48757553100586,,,,Ayman Jnedi,,PARTLY,completed_primary,,,,https://www.propertyfinder.bh/en/plp/buy/villa-for-sale-northern-governorate-saar-52957141.html,2026-06-11T20:57:11.134489+00:00,2026-09-18T22:26:19.478872+00:00,99,2026-09-18T22:26:19.478872+00:00
2026-09-19,removed,52981885,,,Apartment,Fully Furnished 2 BHK Flat for Rent in Sanad W EWA,350.0,,,,BHD,monthly,,,,,,,,,,,26.1314754486084,50.568843841552734,,,,salman siraj,,YES,,,,,https://www.propertyfinder.bh/en/plp/rent/apartment-for-rent-southern-governorate-riffa-bu-kowarah-52981885.html,2026-05-31T13:58:31.068517+00:00,2026-09-18T22:26:19.478872+00:00,110,2026-09-18T22:26:19.478872+00:00
2026-09-19,removed,52982406,,,Apartment,Spacious  / Unlimited Ewa / Ground floor/ No Lift,120.0,,,,BHD,monthly,,,,,,,,,,,26.266666412353516,50.650001525878906,,,,A. Mhaout,,NO,,,,,https://www.propertyfinder.bh/en/plp/rent/apartment-for-rent-muharraq-governorate-galali-52982406.html,2026-05-31T13:58:31.068517+00:00,2026-09-18T22:26:19.478872+00:00,110,2026-09-18T22:26:19.478872+00:00
2026-09-19,removed,53060232,,,Apartment,2 bedrooms apartment with EWA | ACs | New building,260.0,,,,BHD,monthly,,,,,,,,,,,26.179166793823242,50.56222152709961,,,,Abdul  Jabbar .,,PARTLY,,,,,https://www.propertyfinder.bh/en/plp/rent/apartment-for-rent-central-governorate-jid-ali-53060232.html,2026-05-31T13:58:31.068517+00:00,2026-09-18T22:26:19.478872+00:00,110,2026-09-18T22:26:19.478872+00:00
2026-09-19,removed,53111605,,,Villa,Furnished Villa/ Private Pool/ Navy Approved,800.0,,,,BHD,monthly,,,,,,,,,,,26.21263313293457,50.67418670654297,,,,A. Mhaout,,YES,,,,,https://www.propertyfinder.bh/en/plp/rent/villa-for-rent-muharraq-governorate-hidd-53111605.html,2026-05-31T13:58:31.068517+00:00,2026-09-18T22:26:19.478872+00:00,110,2026-09-18T22:26:19.478872+00:00
2026-09-19,removed,53163641,,,Apartment,Modern Furnished 1/ 2 BHK IN A PRIME LOCATION,52000.0,,,,BHD,sell,,,,,,,,,,,26.211111068725586,50.601112365722656,,,,A. Mhaout,,YES,completed,,,,https://www.propertyfinder.bh/en/plp/buy/apartment-for-sale-capital-governorate-al-juffair-53163641.html,2026-05-31T13:58:31.068517+00:00,2026-09-18T22:26:19.478872+00:00,110,2026-09-18T22:26:19.478872+00:00
2026-09-19,removed,53242661,,,Apartment,Spacious 2 BHK Apartment/ AC/Inclusive,200.0,,,,BHD,monthly,,,,,,,,,,,26.188888549804688,50.54999923706055,,,,A. Mhaout,,NO,,,,,https://www.propertyfinder.bh/en/plp/rent/apartment-for-rent-central-governorate-tubli-53242661.html,2026-05-31T13:58:31.068517+00:00,2026-09-18T22:26:19.478872+00:00,110,2026-09-18T22:26:19.478872+00:00
2026-09-19,removed,53242678,,,Apartment,Spacious 3 BHk Apartment/ Prime Location,180.0,,,,BHD,monthly,,,,,,,,,,,26.188888549804688,50.54999923706055,,,,A. Mhaout,,NO,,,,,https://www.propertyfinder.bh/en/plp/rent/apartment-for-rent-central-governorate-tubli-53242678.html,2026-05-31T13:58:31.068517+00:00,2026-09-18T22:26:19.478872+00:00,110,2026-09-18T22:26:19.478872+00:00
2026-09-19,removed,53242707,,,Apartment,Modern Semi / Fully-Furnished 2 BHk Near Saint Chr,350.0,,,,BHD,monthly,,,,,,,,,,,26.19164276123047,50.48757553100586,,,,A. Mhaout,,PARTLY,,,,,https://www.propertyfinder.bh/en/plp/rent/apartment-for-rent-northern-governorate-saar-53242707.html,2026-05-31T13:58:31.068517+00:00,2026-09-18T22:26:19.478872+00:00,110,2026-09-18T22:26:19.478872+00:00
2026-09-19,removed,53269547,,,Apartment,Terrace / Unlimited Ewa / No Lift / 3rd Floor,170.0,,,,BHD,monthly,,,,,,,,,,,26.25,50.650001525878906,,,,A. Mhaout,,NO,,,,,https://www.propertyfinder.bh/en/plp/rent/apartment-for-rent-muharraq-governorate-arad-53269547.html,2026-05-31T13:58:31.068517+00:00,2026-09-18T22:26:19.478872+00:00,110,2026-09-18T22:26:19.478872+00:00
2026-09-19,removed,53378254,,,Apartment,Spacious 2 BHK / OPEN Kitchen/ Balcony,200.0,,,,BHD,monthly,,,,,,,,,,,26.27199935913086,50.60900115966797,,,,A. Mhaout,,NO,,,,,https://www.propertyfinder.bh/en/plp/rent/apartment-for-rent-muharraq-governorate-busaiteen-53378254.html,2026-05-31T13:58:31.068517+00:00,2026-09-18T22:26:19.478872+00:00,110,2026-09-18T22:26:19.478872+00:00
2026-09-19,removed,53378334,,,Apartment,Spacious 3 BHK Apartment with Balconies,280.0,,,,BHD,monthly,,,,,,,,,,,26.203079223632812,50.594947814941406,,,,A. Mhaout,,NO,,,,,https://www.propertyfinder.bh/en/plp/rent/apartment-for-rent-capital-governorate-manama-um-al-hasam-53378334.html,2026-05-31T13:58:31.068517+00:00,2026-09-18T22:26:19.478872+00:00,110,2026-09-18T22:26:19.478872+00:00
2026-09-19,removed,53404197,,,Apartment,Spacious 2/3 Bedrooms/ Balcony,250.0,,,,BHD,monthly,,,,,,,,,,,26.25,50.650001525878906,,,,A. Mhaout,,NO,,,,,https://www.propertyfinder.bh/en/plp/rent/apartment-for-rent-muharraq-governorate-arad-53404197.html,2026-05-31T13:58:31.068517+00:00,2026-09-18T22:26:19.478872+00:00,110,2026-09-18T22:26:19.478872+00:00
2026-09-19,removed,53433535,,,Apartment,Sea view Brand new Sea view 4 Bed Hidd,65000.0,,,,BHD,sell,,,,,,,,,,,26.21263313293457,50.67418670654297,,,,Ayman Jnedi,,PARTLY,completed_primary,,,,https://www.propertyfinder.bh/en/plp/buy/apartment-for-sale-muharraq-governorate-hidd-53433535.html,2026-05-31T13:58:31.068517+00:00,2026-09-18T22:26:19.478872+00:00,110,2026-09-18T22:26:19.478872+00:00
2026-09-19,removed,53460220,,,Apartment,Beautiful 1 BHK Apartment / Balcony/ Unlimited Ewa,210.0,,,,BHD,monthly,,,,,,,,,,,26.188888549804688,50.54999923706055,,,,A. Mhaout,,NO,,,,,https://www.propertyfinder.bh/en/plp/rent/apartment-for-rent-central-governorate-tubli-53460220.html,2026-05-31T13:58:31.068517+00:00,2026-09-18T22:26:19.478872+00:00,110,2026-09-18T22:26:19.478872+00:00
2026-09-19,removed,53460359,,,Apartment,Spacious 2/3 Apartments/ Balcony,250.0,,,,BHD,monthly,,,,,,,,,,,26.25,50.650001525878906,,,,A. Mhaout,,NO,,,,,https://www.propertyfinder.bh/en/plp/rent/apartment-for-rent-muharraq-governorate-arad-53460359.html,2026-05-31T13:58:31.068517+00:00,2026-09-18T22:26:19.478872+00:00,110,2026-09-18T22:26:19.478872+00:00
2026-09-19,removed,53460954,,,Duplex,Rare opportunity | Duplex for rent | Spacious,950.0,,,,BHD,monthly,,,,,,,,,,,26.241750717163086,50.5663948059082,,,,Linda Mehdi,,YES,,,,,https://www.propertyfinder.bh/en/plp/rent/duplex-for-rent-capital-governorate-reef-island-53460954.html,2026-05-31T13:58:31.068517+00:00,2026-09-18T22:26:19.478872+00:00,110,2026-09-18T22:26:19.478872+00:00
2026-09-19,removed,53489932,,,Villa,Semi-furnished / Navy  Approved / Prime Location,900.0,,,,BHD,monthly,,,,,,,,,,,26.19164276123047,50.48757553100586,,,,A. Mhaout,,PARTLY,,,,,https://www.propertyfinder.bh/en/plp/rent/villa-for-rent-northern-governorate-saar-53489932.html,2026-05-31T13:58:31.068517+00:00,2026-09-18T22:26:19.478872+00:00,110,2026-09-18T22:26:19.478872+00:00
2026-09-19,removed,53523361,,,Apartment,Furnished 2 BHK/ Premium Facilities / High Floor,320.0,,,,BHD,monthly,,,,,,,,,,,26.211111068725586,50.601112365722656,,,,A. Mhaout,,YES,,,,,https://www.propertyfinder.bh/en/plp/rent/apartment-for-rent-capital-governorate-al-juffair-53523361.html,2026-07-25T21:00:21.405436+00:00,2026-09-18T22:26:19.478872+00:00,55,2026-09-18T22:26:19.478872+00:00
2026-09-19,removed,53523480,,,Apartment,2BHK Flat for Rent in Riffa AlHajiyat Unlimited EW,200.0,,,,BHD,monthly,,,,,,,,,,,26.130512237548828,50.55546569824219,,,,salman siraj,,YES,,,,,https://www.propertyfinder.bh/en/plp/rent/apartment-for-rent-southern-governorate-riffa-53523480.html,2026-05-31T13:58:31.068517+00:00,2026-09-18T22:26:19.478872+00:00,110,2026-09-18T22:26:19.478872+00:00
2026-09-19,removed,53523519,,,Apartment,Close kitchen balcony inclusive 2beds burhama,330.0,,,,BHD,monthly,,,,,,,,,,,26.21672821044922,50.55367660522461,,,,Ayman Jnedi,,YES,,,,,https://www.propertyfinder.bh/en/plp/rent/apartment-for-rent-capital-governorate-manama-al-burhama-53523519.html,2026-06-11T20:57:11.134489+00:00,2026-09-18T22:26:19.478872+00:00,99,2026-09-18T22:26:19.478872+00:00
2026-09-19,removed,53523587,,,Apartment,Spacious 3 BHK Flat for Rent in Riffa Al Hajiyat,160.0,,,,BHD,monthly,,,,,,,,Alhajiyat,,,26.128984451293945,50.58171463012695,,,,salman siraj,,NO,,,,,https://www.propertyfinder.bh/en/plp/rent/apartment-for-rent-southern-governorate-riffa-alhajiyat-53523587.html,2026-06-02T13:15:39.812588+00:00,2026-09-18T22:26:19.478872+00:00,108,2026-09-18T22:26:19.478872+00:00
2026-09-19,removed,53601137,,,Apartment,New Spacious 5 BHK Apartment For sale in Hidd,72000.0,,,,BHD,sell,,,,,,,,,,,26.21263313293457,50.67418670654297,,,,A. Mhaout,,NO,completed_primary,,,,https://www.propertyfinder.bh/en/plp/buy/apartment-for-sale-muharraq-governorate-hidd-53601137.html,2026-06-05T09:09:08.616835+00:00,2026-09-18T22:26:19.478872+00:00,105,2026-09-18T22:26:19.478872+00:00
2026-09-19,removed,53654862,,,Land,Residential Garden | large | Prime Location,250200.0,,,,BHD,sell,,,,,,,,,,,26.20011329650879,50.46629333496094,,,,Ali Almalek,,,,,,,https://www.propertyfinder.bh/en/plp/buy/land-for-sale-northern-governorate-al-qurayyah-53654862.html,2026-05-31T13:58:31.068517+00:00,2026-09-18T22:26:19.478872+00:00,110,2026-09-18T22:26:19.478872+00:00
2026-09-19,removed,53654874,,,Land,Large | Residential Garden | Prime Location,238000.0,,,,BHD,sell,,,,,,,,,,,26.20011329650879,50.46629333496094,,,,Ali Almalek,,,,,,,https://www.propertyfinder.bh/en/plp/buy/land-for-sale-northern-governorate-al-qurayyah-53654874.html,2026-05-31T13:58:31.068517+00:00,2026-09-18T22:26:19.478872+00:00,110,2026-09-18T22:26:19.478872+00:00
2026-09-19,removed,53654994,,,Land,Prime RA Residential Land in Sanad,110014.0,,,,BHD,sell,,,,,,,,,,,26.149999618530273,50.58333206176758,,,,Abdulla Hasan,,,,,,,https://www.propertyfinder.bh/en/plp/buy/land-for-sale-central-governorate-sanad-53654994.html,2026-05-31T13:58:31.068517+00:00,2026-09-18T22:26:19.478872+00:00,110,2026-09-18T22:26:19.478872+00:00
2026-09-19,removed,53655012,,,Villa,Cozy Villa in Al-Hamla with Great Features,118000.0,,,,BHD,sell,,,,,,,,,,,26.140336990356445,50.478271484375,,,,Abdulla Hasan,,,,,,,https://www.propertyfinder.bh/en/plp/buy/villa-for-sale-northern-governorate-hamala-53655012.html,2026-05-31T13:58:31.068517+00:00,2026-09-18T22:26:19.478872+00:00,110,2026-09-18T22:26:19.478872+00:00
2026-09-19,removed,53655014,,,Land,Prime Residential Land for Sale in Al Hamla,59000.0,,,,BHD,sell,,,,,,,,,,,26.140336990356445,50.478271484375,,,,Abdulla Hasan,,,,,,,https://www.propertyfinder.bh/en/plp/buy/land-for-sale-northern-governorate-hamala-896213.html,2026-05-31T13:58:31.068517+00:00,2026-09-18T22:26:19.478872+00:00,110,2026-09-18T22:26:19.478872+00:00
2026-09-19,removed,53655079,,,Villa,Spacious | Corner | Modern | Prime Location,320000.0,,,,BHD,sell,,,,,,,,,,,26.168216705322266,50.57180404663086,,,,Ali Almalek,,PARTLY,completed,,,,https://www.propertyfinder.bh/en/plp/buy/villa-for-sale-central-governorate-jurdab-53655079.html,2026-05-31T13:58:31.068517+00:00,2026-09-18T22:26:19.478872+00:00,110,2026-09-18T22:26:19.478872+00:00
2026-09-19,removed,53655096,,,Villa,House for Sale in Hamala | 8 Bedrooms,140000.0,,,,BHD,sell,,,,,,,,,,,26.140336990356445,50.478271484375,,,,Majestic Properties,,NO,completed,,,,https://www.propertyfinder.bh/en/plp/buy/villa-for-sale-northern-governorate-hamala-53655096.html,2026-05-31T13:58:31.068517+00:00,2026-09-18T22:26:19.478872+00:00,110,2026-09-18T22:26:19.478872+00:00
2026-09-19,removed,53683297,,,Whole Building,Building for sale in Amwaj Home,220000.0,,,,BHD,sell,,,,,,,,,,,26.288480758666992,50.66381072998047,,,,Ammar Abdulaal,,YES,completed_primary,,,,https://www.propertyfinder.bh/en/plp/buy/whole-building-for-sale-muharraq-governorate-amwaj-islands-53683297.html,2026-05-31T13:58:31.068517+00:00,2026-09-18T22:26:19.478872+00:00,110,2026-09-18T22:26:19.478872+00:00
2026-09-19,removed,53710822,,,Villa,Modern 3-Bedroom Villa/ Quiet Neighborhood,550.0,,,,BHD,monthly,,,,,,,,,,,26.2102108001709,50.56403350830078,,,,A. Mhaout,,NO,,,,,https://www.propertyfinder.bh/en/plp/rent/villa-for-rent-capital-governorate-manama-zinj-53710822.html,2026-05-31T13:58:31.068517+00:00,2026-09-18T22:26:19.478872+00:00,110,2026-09-18T22:26:19.478872+00:00
2026-09-19,removed,53737516,,,Apartment,Close kitchen Sea View inclusive 3 bed Amwaj,550.0,,,,BHD,monthly,,,,,,,,Amwaj Avenue,,,26.29302978515625,50.66474151611328,,,,Ayman Jnedi,,YES,,,,,https://www.propertyfinder.bh/en/plp/rent/apartment-for-rent-muharraq-governorate-amwaj-islands-amwaj-avenue-53737516.html,2026-05-31T13:58:31.068517+00:00,2026-09-18T22:26:19.478872+00:00,110,2026-09-18T22:26:19.478872+00:00
2026-09-19,removed,53738188,,,Apartment,Breathtaking Views | 3 bedroom+maid room for rent,1500.0,,,,BHD,monthly,,,,,,,,,,,26.241750717163086,50.5663948059082,,,,Linda Mehdi,,YES,,,,,https://www.propertyfinder.bh/en/plp/rent/apartment-for-rent-capital-governorate-reef-island-53738188.html,2026-05-31T13:58:31.068517+00:00,2026-09-18T22:26:19.478872+00:00,110,2026-09-18T22:26:19.478872+00:00
2026-09-19,removed,53738208,,,Apartment,Semi furnished 1 bedroom with EWA | ACs | cupboard,170.0,,,,BHD,monthly,,,,,,,,,,,26.130512237548828,50.55546569824219,,,,Abdul  Jabbar .,,PARTLY,,,,,https://www.propertyfinder.bh/en/plp/rent/apartment-for-rent-southern-governorate-riffa-53738208.html,2026-05-31T13:58:31.068517+00:00,2026-09-18T22:26:19.478872+00:00,110,2026-09-18T22:26:19.478872+00:00
2026-09-19,removed,53794127,,,Apartment,1 bedroom furnished apartment with EWA | ACs | New,200.0,,,,BHD,monthly,,,,,,,,,,,26.188888549804688,50.54999923706055,,,,Abdul  Jabbar .,,YES,,,,,https://www.propertyfinder.bh/en/plp/rent/apartment-for-rent-central-governorate-tubli-53794127.html,2026-05-31T13:58:31.068517+00:00,2026-09-18T22:26:19.478872+00:00,110,2026-09-18T22:26:19.478872+00:00
2026-09-19,removed,53794160,,,Apartment,Studio  / Unfurnishd  / inclusive / Prime Location,160.0,,,,BHD,monthly,,,,,,,,,,,26.188888549804688,50.54999923706055,,,,A. Mhaout,,NO,,,,,https://www.propertyfinder.bh/en/plp/rent/apartment-for-rent-central-governorate-tubli-53794160.html,2026-05-31T13:58:31.068517+00:00,2026-09-18T22:26:19.478872+00:00,110,2026-09-18T22:26:19.478872+00:00
2026-09-19,removed,53822657,,,Apartment,2 BHK APARTMENT/ BALCONY / Close to the Highway,160.0,,,,BHD,monthly,,,,,,,,,,,26.21263313293457,50.67418670654297,,,,A. Mhaout,,NO,,,,,https://www.propertyfinder.bh/en/plp/rent/apartment-for-rent-muharraq-governorate-hidd-53822657.html,2026-05-31T13:58:31.068517+00:00,2026-09-18T22:26:19.478872+00:00,110,2026-09-18T22:26:19.478872+00:00
2026-09-19,removed,53822664,,,Apartment,2 BHK Apartment / Unlimited Ewa/ Balcony,220.0,,,,BHD,monthly,,,,,,,,,,,26.21263313293457,50.67418670654297,,,,A. Mhaout,,NO,,,,,https://www.propertyfinder.bh/en/plp/rent/apartment-for-rent-muharraq-governorate-hidd-53822664.html,2026-05-31T13:58:31.068517+00:00,2026-09-18T22:26:19.478872+00:00,110,2026-09-18T22:26:19.478872+00:00
2026-09-19,removed,53905967,,,Apartment,Spacious 3BHK Apartments/ Maid's R/ Premium Facili,94000.0,,,,BHD,sell,,,,,,,,,,,26.21263313293457,50.67418670654297,,,,A. Mhaout,,PARTLY,completed_primary,,,,https://www.propertyfinder.bh/en/plp/buy/apartment-for-sale-muharraq-governorate-hidd-53905967.html,2026-05-31T13:58:31.068517+00:00,2026-09-18T22:26:19.478872+00:00,110,2026-09-18T22:26:19.478872+00:00
2026-09-19,removed,53906022,,,Apartment,Spacious 3BHK / Maid's Room / Premium Facilities,96000.0,,,,BHD,sell,,,,,,,,,,,26.21263313293457,50.67418670654297,,,,A. Mhaout,,PARTLY,completed_primary,,,,https://www.propertyfinder.bh/en/plp/buy/apartment-for-sale-muharraq-governorate-hidd-53906022.html,2026-05-31T13:58:31.068517+00:00,2026-09-18T22:26:19.478872+00:00,110,2026-09-18T22:26:19.478872+00:00
2026-09-19,removed,53906335,,,Apartment,Studio flat for rent with EWA |AC| Balcony | Seef,170.0,,,,BHD,monthly,,,,,,,,,,,26.239999771118164,50.5369987487793,,,,Abdul  Jabbar .,,PARTLY,,,,,https://www.propertyfinder.bh/en/plp/rent/apartment-for-rent-capital-governorate-seef-53906335.html,2026-05-31T13:58:31.068517+00:00,2026-09-18T22:26:19.478872+00:00,110,2026-09-18T22:26:19.478872+00:00
2026-09-19,removed,53961184,,,Apartment,Furnished 2Bhk / Balconies/ Easy Access to Highway,330.0,,,,BHD,monthly,,,,,,,,,,,26.211111068725586,50.601112365722656,,,,A. Mhaout,,YES,,,,,https://www.propertyfinder.bh/en/plp/rent/apartment-for-rent-capital-governorate-al-juffair-53961184.html,2026-07-19T20:58:26.466026+00:00,2026-09-18T22:26:19.478872+00:00,61,2026-09-18T22:26:19.478872+00:00
2026-09-19,removed,54041348,,,Apartment,Spacious 3BHK Apartment/ Ac / Prime Location,230.0,,,,BHD,monthly,,,,,,,,,,,26.188888549804688,50.54999923706055,,,,A. Mhaout,,NO,,,,,https://www.propertyfinder.bh/en/plp/rent/apartment-for-rent-central-governorate-tubli-54041348.html,2026-06-02T09:27:30.892318+00:00,2026-09-18T22:26:19.478872+00:00,108,2026-09-18T22:26:19.478872+00:00
2026-09-19,removed,54041760,,,Apartment,3 BHK Apartment for Rent in Riffa Buhair With EWA,300.0,,,,BHD,monthly,,,,,,,,Al Bahair,,,26.149368286132812,50.56598663330078,,,,salman siraj,,PARTLY,,,,,https://www.propertyfinder.bh/en/plp/rent/apartment-for-rent-southern-governorate-riffa-al-bahair-955561.html,2026-06-02T13:15:39.812588+00:00,2026-09-18T22:26:19.478872+00:00,108,2026-09-18T22:26:19.478872+00:00
2026-09-19,removed,54042383,,,Apartment,Furnished Spacious luxury Studio with EWA in Hidd,300.0,,,,BHD,monthly,,,,,,,,,,,26.21263313293457,50.67418670654297,,,,Abdul  Jabbar .,,YES,,,,,https://www.propertyfinder.bh/en/plp/rent/apartment-for-rent-muharraq-governorate-hidd-54042383.html,2026-06-02T21:03:40.597993+00:00,2026-09-18T22:26:19.478872+00:00,108,2026-09-18T22:26:19.478872+00:00
2026-09-19,removed,54042454,,,Apartment,Spacious 2/3 Aprts / Near Saint-Christopher Sch,320.0,,,,BHD,monthly,,,,,,,,,,,26.19164276123047,50.48757553100586,,,,A. Mhaout,,NO,,,,,https://www.propertyfinder.bh/en/plp/rent/apartment-for-rent-northern-governorate-saar-54042454.html,2026-06-02T21:03:40.597993+00:00,2026-09-18T22:26:19.478872+00:00,108,2026-09-18T22:26:19.478872+00:00
2026-09-19,removed,54068198,,,Apartment,Spacious 2/3 Flats / Near Saint-Christopher School,350.0,,,,BHD,monthly,,,,,,,,,,,26.19164276123047,50.48757553100586,,,,A. Mhaout,,NO,,,,,https://www.propertyfinder.bh/en/plp/rent/apartment-for-rent-northern-governorate-saar-54068198.html,2026-06-03T05:39:30.317580+00:00,2026-09-18T22:26:19.478872+00:00,107,2026-09-18T22:26:19.478872+00:00
2026-09-19,removed,54069449,,,Apartment,2 BHK Big Flat For Rent In Riffa Near Riffa Garden,120.0,,,,BHD,monthly,,,,,,,,,,,26.130512237548828,50.55546569824219,,,,salman siraj,,NO,,,,,https://www.propertyfinder.bh/en/plp/rent/apartment-for-rent-southern-governorate-riffa-54069449.html,2026-06-03T21:04:42.207506+00:00,2026-09-18T22:26:19.478872+00:00,107,2026-09-18T22:26:19.478872+00:00
2026-09-19,removed,54069451,,,Apartment,Semi Furnished Flat 2 BHK For Rent In Galali W Ewa,230.0,,,,BHD,monthly,,,,,,,,,,,26.266666412353516,50.650001525878906,,,,salman siraj,,PARTLY,,,,,https://www.propertyfinder.bh/en/plp/rent/apartment-for-rent-muharraq-governorate-galali-54069451.html,2026-06-03T21:04:42.207506+00:00,2026-09-18T22:26:19.478872+00:00,107,2026-09-18T22:26:19.478872+00:00
2026-09-19,removed,54095797,,,Apartment,1 bedroom hall with EWA | ACs | New building,180.0,,,,BHD,monthly,,,,,,,,,,,26.27286720275879,50.672889709472656,,,,Abdul  Jabbar .,,PARTLY,,,,,https://www.propertyfinder.bh/en/plp/rent/apartment-for-rent-muharraq-governorate-dilmunia-island-54095797.html,2026-06-04T09:20:16.617738+00:00,2026-09-18T22:26:19.478872+00:00,106,2026-09-18T22:26:19.478872+00:00
2026-09-19,removed,54096336,,,Apartment,1 bedroom flat with EWA | ACs | Parking | New bldg,180.0,,,,BHD,monthly,,,,,,,,,,,26.130512237548828,50.55546569824219,,,,Abdul  Jabbar .,,PARTLY,,,,,https://www.propertyfinder.bh/en/plp/rent/apartment-for-rent-southern-governorate-riffa-54096336.html,2026-06-04T13:03:45.430623+00:00,2026-09-18T22:26:19.478872+00:00,106,2026-09-18T22:26:19.478872+00:00
2026-09-19,removed,54096696,,,Apartment,"SPECIAL CHANCE, BRAND NEW 2 BEDROOM APARTMENT",200.0,,,,BHD,monthly,,,,,,,,,,,26.21666717529297,50.58333206176758,,,,Husain Rajab,,PARTLY,,,,,https://www.propertyfinder.bh/en/plp/rent/apartment-for-rent-capital-governorate-manama-54096696.html,2026-08-20T20:40:12.466755+00:00,2026-09-18T22:26:19.478872+00:00,29,2026-09-18T22:26:19.478872+00:00
2026-09-19,removed,54097047,,,Apartment,1 bedroom|  Quite area| Balcony| Inclusive,300.0,,,,BHD,monthly,,,,,,,,,,,26.21672821044922,50.55367660522461,,,,Shakeel Ahmad,,YES,,,,,https://www.propertyfinder.bh/en/plp/rent/apartment-for-rent-capital-governorate-manama-al-burhama-54097047.html,2026-06-04T20:43:07.946899+00:00,2026-09-18T22:26:19.478872+00:00,106,2026-09-18T22:26:19.478872+00:00
2026-09-19,removed,54123157,,,Apartment,Modern 2 BHK in Amfa Tower /  Premium Facilities,320.0,,,,BHD,monthly,,,,,,,,,,,26.211111068725586,50.601112365722656,,,,A. Mhaout,,YES,,,,,https://www.propertyfinder.bh/en/plp/rent/apartment-for-rent-capital-governorate-al-juffair-54123157.html,2026-07-27T21:16:55.514144+00:00,2026-09-18T22:26:19.478872+00:00,53,2026-09-18T22:26:19.478872+00:00
2026-09-19,removed,54123163,,,Villa,Spacious 10 BHK / Commercial/ Residential850,900.0,,,,BHD,monthly,,,,,,,,,,,26.16529655456543,50.552181243896484,,,,A. Mhaout,,NO,,,,,https://www.propertyfinder.bh/en/plp/commercial-rent/villa-for-rent-central-governorate-isa-town-54123163.html,2026-06-05T09:09:08.616835+00:00,2026-09-18T22:26:19.478872+00:00,105,2026-09-18T22:26:19.478872+00:00
2026-09-19,removed,54123175,,,Villa,10 BHK House / Residential/ Commercial,700.0,,,,BHD,monthly,,,,,,,,,,,26.16529655456543,50.552181243896484,,,,A. Mhaout,,NO,,,,,https://www.propertyfinder.bh/en/plp/rent/villa-for-rent-central-governorate-isa-town-54123175.html,2026-06-05T09:09:08.616835+00:00,2026-09-18T22:26:19.478872+00:00,105,2026-09-18T22:26:19.478872+00:00
2026-09-19,removed,54123177,,,Apartment,Furnished 2 BHK /Amfa Tower / Premium Facilities,59800.0,,,,BHD,sell,,,,,,,,,,,26.211111068725586,50.601112365722656,,,,A. Mhaout,,YES,completed,,,,https://www.propertyfinder.bh/en/plp/buy/apartment-for-sale-capital-governorate-al-juffair-54123177.html,2026-06-05T09:09:08.616835+00:00,2026-09-18T22:26:19.478872+00:00,105,2026-09-18T22:26:19.478872+00:00
2026-09-19,removed,54124041,,,Apartment,NEw 1 BHK Apartments/ Balcony/ Inclusive,220.0,,,,BHD,monthly,,,,,,,,,,,26.188888549804688,50.54999923706055,,,,A. Mhaout,,NO,,,,,https://www.propertyfinder.bh/en/plp/rent/apartment-for-rent-central-governorate-tubli-54124041.html,2026-06-05T13:00:28.082026+00:00,2026-09-18T22:26:19.478872+00:00,105,2026-09-18T22:26:19.478872+00:00
2026-09-19,removed,54124094,,,Apartment,Spacious 1 BHK / Inclusive/ Terrace,240.0,,,,BHD,monthly,,,,,,,,,,,26.188888549804688,50.54999923706055,,,,A. Mhaout,,NO,,,,,https://www.propertyfinder.bh/en/plp/rent/apartment-for-rent-central-governorate-tubli-54124094.html,2026-06-05T13:00:28.082026+00:00,2026-09-18T22:26:19.478872+00:00,105,2026-09-18T22:26:19.478872+00:00
2026-09-19,removed,54124233,,,Apartment,2 BHK Apartment for Rent in Riffa Buhair Exclusive,275.0,,,,BHD,monthly,,,,,,,,,,,26.130512237548828,50.55546569824219,,,,salman siraj,,PARTLY,,,,,https://www.propertyfinder.bh/en/plp/rent/apartment-for-rent-southern-governorate-riffa-54124233.html,2026-06-05T20:36:54.354740+00:00,2026-09-18T22:26:19.478872+00:00,105,2026-09-18T22:26:19.478872+00:00
2026-09-19,removed,54124239,,,Apartment,Spacious 2-bedroom Apartment/ Prime Location,160.0,,,,BHD,monthly,,,,,,,,,,,26.188888549804688,50.54999923706055,,,,A. Mhaout,,PARTLY,,,,,https://www.propertyfinder.bh/en/plp/rent/apartment-for-rent-central-governorate-tubli-54124239.html,2026-06-05T20:36:54.354740+00:00,2026-09-18T22:26:19.478872+00:00,105,2026-09-18T22:26:19.478872+00:00
2026-09-19,removed,54124276,,,Apartment,Furnished Studio apartment with unlimited EWA,220.0,,,,BHD,monthly,,,,,,,,,,,26.21263313293457,50.67418670654297,,,,Abdul  Jabbar .,,YES,,,,,https://www.propertyfinder.bh/en/plp/rent/apartment-for-rent-muharraq-governorate-hidd-54124276.html,2026-06-05T20:36:54.354740+00:00,2026-09-18T22:26:19.478872+00:00,105,2026-09-18T22:26:19.478872+00:00
2026-09-19,removed,54124289,,,Apartment,Furnished luxury Studio with EWA | balcony | Park,270.0,,,,BHD,monthly,,,,,,,,,,,26.21263313293457,50.67418670654297,,,,Abdul  Jabbar .,,YES,,,,,https://www.propertyfinder.bh/en/plp/rent/apartment-for-rent-muharraq-governorate-hidd-54124289.html,2026-06-05T20:36:54.354740+00:00,2026-09-18T22:26:19.478872+00:00,105,2026-09-18T22:26:19.478872+00:00
2026-09-19,removed,54124490,,,Apartment,2 BHK Apartment in Muharraq/ Prime Location,100.0,,,,BHD,monthly,,,,,,,,,,,26.25,50.616668701171875,,,,A. Mhaout,,NO,,,,,https://www.propertyfinder.bh/en/plp/rent/apartment-for-rent-muharraq-governorate-muharraq-54124490.html,2026-06-05T20:36:54.354740+00:00,2026-09-18T22:26:19.478872+00:00,105,2026-09-18T22:26:19.478872+00:00
2026-09-19,removed,54178284,,,Apartment,Marassi Terraces l Pool View l Beach Access,78000.0,,,,BHD,sell,,,,,,,,Diyar Al Muharraq,,,26.303447723388672,50.6461296081543,,,,Siwar Arfaoui,,PARTLY,completed,,,,https://www.propertyfinder.bh/en/plp/buy/apartment-for-sale-muharraq-governorate-diyar-al-muharraq-marassi-al-bahrain-54178284.html,2026-06-07T09:03:56.796196+00:00,2026-09-18T22:26:19.478872+00:00,103,2026-09-18T22:26:19.478872+00:00
2026-09-19,removed,54317591,,,Apartment,1 BR Furnished Apartment with EWA | ACs in Tubli,200.0,,,,BHD,monthly,,,,,,,,,,,26.188888549804688,50.54999923706055,,,,Abdul  Jabbar .,,YES,,,,,https://www.propertyfinder.bh/en/plp/rent/apartment-for-rent-central-governorate-tubli-54317591.html,2026-06-12T20:52:20.984950+00:00,2026-09-18T22:26:19.478872+00:00,98,2026-09-18T22:26:19.478872+00:00
2026-09-19,removed,54371167,,,Apartment,One Bedroom Flat | 135 BD Rent | 20 BD EWA |,135.0,,,,BHD,monthly,,,,,,,,,,,26.130512237548828,50.55546569824219,,,,Abdul  Jabbar .,,NO,,,,,https://www.propertyfinder.bh/en/plp/rent/apartment-for-rent-southern-governorate-riffa-54371167.html,2026-06-14T20:36:23.817039+00:00,2026-09-18T22:26:19.478872+00:00,96,2026-09-18T22:26:19.478872+00:00
2026-09-19,removed,54396503,,,Villa,Modern Furnished Villa / Private Pool/ Inclusive,850.0,,,,BHD,monthly,,,,,,,,,,,26.214487075805664,50.584754943847656,,,,A. Mhaout,,YES,,,,,https://www.propertyfinder.bh/en/plp/rent/villa-for-rent-capital-governorate-manama-adliya-54396503.html,2026-06-15T21:06:46.439420+00:00,2026-09-18T22:26:19.478872+00:00,95,2026-09-18T22:26:19.478872+00:00
2026-09-19,removed,54396504,,,Villa,Modern Furnished Villa / Private Pool/ Inclusive,850.0,,,,BHD,monthly,,,,,,,,,,,26.214487075805664,50.584754943847656,,,,A. Mhaout,,YES,,,,,https://www.propertyfinder.bh/en/plp/rent/villa-for-rent-capital-governorate-manama-adliya-54396504.html,2026-06-15T21:06:46.439420+00:00,2026-09-18T22:26:19.478872+00:00,95,2026-09-18T22:26:19.478872+00:00
2026-09-19,removed,54397089,,,Apartment,Luxury Fully Furnished Apartments for Rent in Hidd,270.0,,,,BHD,monthly,,,,,,,,,,,26.21263313293457,50.67418670654297,,,,salman siraj,,YES,,,,,https://www.propertyfinder.bh/en/plp/rent/apartment-for-rent-muharraq-governorate-hidd-54397089.html,2026-06-15T21:06:46.439420+00:00,2026-09-18T22:26:19.478872+00:00,95,2026-09-18T22:26:19.478872+00:00
2026-09-19,removed,54398669,,,Apartment,Spacious 3 BHK/ NO Lift / Storage/ Balcony,230.0,,,,BHD,monthly,,,,,,,,,,,26.25,50.650001525878906,,,,A. Mhaout,,NO,,,,,https://www.propertyfinder.bh/en/plp/rent/apartment-for-rent-muharraq-governorate-arad-54398669.html,2026-06-15T21:06:46.439420+00:00,2026-09-18T22:26:19.478872+00:00,95,2026-09-18T22:26:19.478872+00:00
2026-09-19,removed,54451259,,,Apartment,Spacious 3BHK Apartment/ Inclusive/ NO LIFT,250.0,,,,BHD,monthly,,,,,,,,,,,26.25,50.650001525878906,,,,A. Mhaout,,NO,,,,,https://www.propertyfinder.bh/en/plp/rent/apartment-for-rent-muharraq-governorate-arad-54451259.html,2026-06-17T20:50:56.644034+00:00,2026-09-18T22:26:19.478872+00:00,93,2026-09-18T22:26:19.478872+00:00
2026-09-19,removed,54451803,,,Villa,Brand new 4 Bed Villa in Janabiya,250000.0,,,,BHD,sell,,,,,,,,,,,26.185943603515625,50.46711349487305,,,,Ayman Jnedi,,PARTLY,completed_primary,,,,https://www.propertyfinder.bh/en/plp/buy/villa-for-sale-northern-governorate-janabiya-54451803.html,2026-06-17T20:50:56.644034+00:00,2026-09-18T22:26:19.478872+00:00,93,2026-09-18T22:26:19.478872+00:00
2026-09-19,removed,54451807,,,Villa,Corner Private pool 4 Bed Janabiya Brand new,260000.0,,,,BHD,sell,,,,,,,,,,,26.185943603515625,50.46711349487305,,,,Ayman Jnedi,,PARTLY,completed_primary,,,,https://www.propertyfinder.bh/en/plp/buy/villa-for-sale-northern-governorate-janabiya-54451807.html,2026-06-17T20:50:56.644034+00:00,2026-09-18T22:26:19.478872+00:00,93,2026-09-18T22:26:19.478872+00:00
2026-09-19,removed,54451829,,,Apartment,2BHK | 270 BD Rent | 50 BD EWA | Pool | GYM  | Int,270.0,,,,BHD,monthly,,,,,,,,,,,26.211111068725586,50.601112365722656,,,,Abdul  Jabbar .,,YES,,,,,https://www.propertyfinder.bh/en/plp/rent/apartment-for-rent-capital-governorate-al-juffair-54451829.html,2026-07-20T21:17:02.364062+00:00,2026-09-18T22:26:19.478872+00:00,60,2026-09-18T22:26:19.478872+00:00
2026-09-19,removed,54451882,,,Apartment,2 BHK | 280 BD Rent | 50 BS EWA | Pool | GYM | Int,280.0,,,,BHD,monthly,,,,,,,,,,,26.211111068725586,50.601112365722656,,,,Abdul  Jabbar .,,YES,,,,,https://www.propertyfinder.bh/en/plp/rent/apartment-for-rent-capital-governorate-al-juffair-54451882.html,2026-07-20T21:17:02.364062+00:00,2026-09-18T22:26:19.478872+00:00,60,2026-09-18T22:26:19.478872+00:00
2026-09-19,removed,54451921,,,Apartment,Studio flat | Unlimited EWA | 140 BD Rent with A.C,140.0,,,,BHD,monthly,,,,,,,,,,,26.211111068725586,50.601112365722656,,,,Abdul  Jabbar .,,NO,,,,,https://www.propertyfinder.bh/en/plp/rent/apartment-for-rent-capital-governorate-al-juffair-54451921.html,2026-07-20T21:17:02.364062+00:00,2026-09-18T22:26:19.478872+00:00,60,2026-09-18T22:26:19.478872+00:00
2026-09-19,removed,54484733,,,Apartment,| 170 BD Rent | 25 BD EWA | Sea view | Balcony |,170.0,,,,BHD,monthly,,,,,,,,,,,26.266666412353516,50.650001525878906,,,,Abdul  Jabbar .,,YES,,,,,https://www.propertyfinder.bh/en/plp/rent/apartment-for-rent-muharraq-governorate-galali-54484733.html,2026-06-18T20:57:37.279688+00:00,2026-09-18T22:26:19.478872+00:00,92,2026-09-18T22:26:19.478872+00:00
2026-09-19,removed,54485285,,,Apartment,1 Bedroom | 170 BHD | 20 BHD EWA |,180.0,,,,BHD,monthly,,,,,,,,,,,26.21263313293457,50.67418670654297,,,,Abdul  Jabbar .,,PARTLY,,,,,https://www.propertyfinder.bh/en/plp/rent/apartment-for-rent-muharraq-governorate-hidd-54485285.html,2026-06-18T20:57:37.279688+00:00,2026-09-18T22:26:19.478872+00:00,92,2026-09-18T22:26:19.478872+00:00
2026-09-19,removed,54512578,,,Villa,3-BR Villa | Gym | Pool | Garden | Tennis Court,500.0,,,,BHD,monthly,,,,,,,,,,,26.168216705322266,50.57180404663086,,,,Zain Jabbar,,PARTLY,,,,,https://www.propertyfinder.bh/en/plp/rent/villa-for-rent-central-governorate-jurdab-54512578.html,2026-06-19T20:38:08.437876+00:00,2026-09-18T22:26:19.478872+00:00,91,2026-09-18T22:26:19.478872+00:00
2026-09-19,removed,54512784,,,Apartment,Never again| Lowest rent | Furnished | Inclusive,250.0,,,,BHD,monthly,,,,,,,,,,,26.211111068725586,50.601112365722656,,,,Shakeel Ahmad,,YES,,,,,https://www.propertyfinder.bh/en/plp/rent/apartment-for-rent-capital-governorate-al-juffair-54512784.html,2026-07-16T13:23:22.641531+00:00,2026-09-18T22:26:19.478872+00:00,64,2026-09-18T22:26:19.478872+00:00
2026-09-19,removed,54512887,,,Apartment,Direct Beach Access Premium 2BR Marasi Shores,500.0,,,,BHD,monthly,,,,,,,,Diyar Al Muharraq,,,26.303447723388672,50.6461296081543,,,,JUNAID MUNAWAR,,YES,,,,,https://www.propertyfinder.bh/en/plp/rent/apartment-for-rent-muharraq-governorate-diyar-al-muharraq-marassi-al-bahrain-54512887.html,2026-06-19T20:38:08.437876+00:00,2026-09-18T22:26:19.478872+00:00,91,2026-09-18T22:26:19.478872+00:00
2026-09-19,removed,54568767,,,Apartment,New / Modern / Great deals/ Water View,62000.0,,,,BHD,sell,,,,,,,,,,,26.288480758666992,50.66381072998047,,,,A. Mhaout,,NO,completed_primary,,,,https://www.propertyfinder.bh/en/plp/buy/apartment-for-sale-muharraq-governorate-amwaj-islands-54568767.html,2026-06-21T11:17:16.187019+00:00,2026-09-18T22:26:19.478872+00:00,89,2026-09-18T22:26:19.478872+00:00
2026-09-19,removed,54568770,,,Apartment,New / Modern / Semi-furnished/ Balcony,38000.0,,,,BHD,sell,,,,,,,,,,,26.288480758666992,50.66381072998047,,,,A. Mhaout,,NO,completed_primary,,,,https://www.propertyfinder.bh/en/plp/buy/apartment-for-sale-muharraq-governorate-amwaj-islands-54568770.html,2026-06-21T11:17:16.187019+00:00,2026-09-18T22:26:19.478872+00:00,89,2026-09-18T22:26:19.478872+00:00
2026-09-19,removed,54569530,,,Villa,Private Beach | Luxury Villa | Prime Location,900.0,,,,BHD,monthly,,,,,,,,Amwaj Marina,,,26.293058395385742,50.65943908691406,,,,Ebrahim Alsaleem,,PARTLY,,,,,https://www.propertyfinder.bh/en/plp/rent/villa-for-rent-muharraq-governorate-amwaj-islands-amwaj-marina-54569530.html,2026-06-21T11:17:16.187019+00:00,2026-09-18T22:26:19.478872+00:00,89,2026-09-18T22:26:19.478872+00:00
2026-09-19,removed,54597400,,,Apartment,1 Bedroom Flat | 25 BHD EWA | ACs,200.0,,,,BHD,monthly,,,,,,,,,,,26.188888549804688,50.54999923706055,,,,Abdul  Jabbar .,,YES,,,,,https://www.propertyfinder.bh/en/plp/rent/apartment-for-rent-central-governorate-tubli-54597400.html,2026-06-22T21:07:15.511458+00:00,2026-09-18T22:26:19.478872+00:00,88,2026-09-18T22:26:19.478872+00:00
2026-09-19,removed,54626253,,,Apartment,Studio Flat | 130 BHD | EWA ACs | Fridge,130.0,,,,BHD,monthly,,,,,,,,Riffa Al Sharqi,,,26.1162166595459,50.57211685180664,,,,Abdul  Jabbar .,,PARTLY,,,,,https://www.propertyfinder.bh/en/plp/rent/apartment-for-rent-southern-governorate-riffa-riffa-al-sharqi-54626253.html,2026-06-23T20:51:22.852189+00:00,2026-09-18T22:26:19.478872+00:00,87,2026-09-18T22:26:19.478872+00:00
2026-09-19,removed,54653576,,,Apartment,Furnished 1 bedroom with EWA | Park View | furnish,220.0,,,,BHD,monthly,,,,,,,,,,,26.130512237548828,50.55546569824219,,,,Abdul  Jabbar .,,YES,,,,,https://www.propertyfinder.bh/en/plp/rent/apartment-for-rent-southern-governorate-riffa-54653576.html,2026-06-24T20:40:58.428770+00:00,2026-09-18T22:26:19.478872+00:00,86,2026-09-18T22:26:19.478872+00:00
2026-09-19,removed,54653615,,,Apartment,Spacious 3BHK Apartment/ Prime Location,250.0,,,,BHD,monthly,,,,,,,,,,,26.207910537719727,50.587345123291016,,,,A. Mhaout,,NO,,,,,https://www.propertyfinder.bh/en/plp/rent/apartment-for-rent-capital-governorate-manama-mahooz-54653615.html,2026-06-24T20:40:58.428770+00:00,2026-09-18T22:26:19.478872+00:00,86,2026-09-18T22:26:19.478872+00:00
2026-09-19,removed,54654859,,,Villa,Charming Single Storey Villa | Garden | Maid room,1250.0,,,,BHD,monthly,,,,,,,,,,,26.166685104370117,50.45078659057617,,,,Abijeet    ,,PARTLY,,,,,https://www.propertyfinder.bh/en/plp/rent/villa-for-rent-northern-governorate-al-jasra-54654859.html,2026-06-24T20:40:58.428770+00:00,2026-09-18T22:26:19.478872+00:00,86,2026-09-18T22:26:19.478872+00:00
2026-09-19,removed,54801695,,,Apartment,Spacious 4 BHK Apartment/ Ground Floor,260.0,,,,BHD,monthly,,,,,,,,,,,26.188888549804688,50.54999923706055,,,,A. Mhaout,,NO,,,,,https://www.propertyfinder.bh/en/plp/rent/apartment-for-rent-central-governorate-tubli-54801695.html,2026-06-29T20:43:30.057141+00:00,2026-09-18T22:26:19.478872+00:00,81,2026-09-18T22:26:19.478872+00:00
2026-09-19,removed,54828258,,,Apartment,Spacious 2 bhk Apartment/ Furnished,290.0,,,,BHD,monthly,,,,,,,,,,,26.149999618530273,50.58333206176758,,,,A. Mhaout,,YES,,,,,https://www.propertyfinder.bh/en/plp/rent/apartment-for-rent-central-governorate-sanad-54828258.html,2026-06-30T20:46:10.808700+00:00,2026-09-18T22:26:19.478872+00:00,80,2026-09-18T22:26:19.478872+00:00
2026-09-19,removed,54828731,,,Apartment,Cozy and Spacious  |  Pet Friendly  |  Gym |  Pool,400.0,,,,BHD,monthly,,,,,,,,,,,26.203079223632812,50.594947814941406,,,,Abijeet    ,,YES,,,,,https://www.propertyfinder.bh/en/plp/rent/apartment-for-rent-capital-governorate-manama-um-al-hasam-54828731.html,2026-06-30T20:46:10.808700+00:00,2026-09-18T22:26:19.478872+00:00,80,2026-09-18T22:26:19.478872+00:00
2026-09-19,removed,54856201,,,Apartment,Spacious 3 BHK Apartment/ Inclusive,280.0,,,,BHD,monthly,,,,,,,,,,,26.188888549804688,50.54999923706055,,,,A. Mhaout,,PARTLY,,,,,https://www.propertyfinder.bh/en/plp/rent/apartment-for-rent-central-governorate-tubli-54856201.html,2026-07-01T20:42:37.190448+00:00,2026-09-18T22:26:19.478872+00:00,79,2026-09-18T22:26:19.478872+00:00
2026-09-19,removed,54858688,,,Apartment,Studio flat| 150 BD rent | AC | Cupboard. | Fan,150.0,,,,BHD,monthly,,,,,,,,,,,26.130512237548828,50.55546569824219,,,,Abdul  Jabbar .,,PARTLY,,,,,https://www.propertyfinder.bh/en/plp/rent/apartment-for-rent-southern-governorate-riffa-54858688.html,2026-07-01T20:42:37.190448+00:00,2026-09-18T22:26:19.478872+00:00,79,2026-09-18T22:26:19.478872+00:00
2026-09-19,removed,54858720,,,Apartment,Studio flat | 150 Rent | AC | Cupboard,150.0,,,,BHD,monthly,,,,,,,,,,,26.130512237548828,50.55546569824219,,,,Abdul  Jabbar .,,NO,,,,,https://www.propertyfinder.bh/en/plp/rent/apartment-for-rent-southern-governorate-riffa-54858720.html,2026-07-01T20:42:37.190448+00:00,2026-09-18T22:26:19.478872+00:00,79,2026-09-18T22:26:19.478872+00:00
2026-09-19,removed,54858862,,,Apartment,2BHK Flats For Rent In Riffa – Near Montreal (Ewa),180.0,,,,BHD,monthly,,,,,,,,Riffa Views,,,26.097333908081055,50.56736373901367,,,,salman siraj,,NO,,,,,https://www.propertyfinder.bh/en/plp/rent/apartment-for-rent-southern-governorate-riffa-riffa-views-54858862.html,2026-07-01T20:42:37.190448+00:00,2026-09-18T22:26:19.478872+00:00,79,2026-09-18T22:26:19.478872+00:00
2026-09-19,removed,54914250,,,Apartment,Modern 4 BHK Apartment/ Prime Location/ Inclusive,350.0,,,,BHD,monthly,,,,,,,,,,,26.21263313293457,50.67418670654297,,,,A. Mhaout,,PARTLY,,,,,https://www.propertyfinder.bh/en/plp/rent/apartment-for-rent-muharraq-governorate-hidd-54914250.html,2026-07-03T21:14:40.318230+00:00,2026-09-18T22:26:19.478872+00:00,77,2026-09-18T22:26:19.478872+00:00
2026-09-19,removed,54970729,,,Apartment,Spacious 3 BHK Apartment/  Ac / Balcony,230.0,,,,BHD,monthly,,,,,,,,,,,26.21263313293457,50.67418670654297,,,,A. Mhaout,,NO,,,,,https://www.propertyfinder.bh/en/plp/rent/apartment-for-rent-muharraq-governorate-hidd-54970729.html,2026-07-05T21:09:19.331111+00:00,2026-09-18T22:26:19.478872+00:00,75,2026-09-18T22:26:19.478872+00:00
2026-09-19,removed,54998038,,,Apartment,2 Bedroom | Address | Serviced apartment |Sea view,215000.0,,,,BHD,sell,,,,,,,,Diyar Al Muharraq,The Address Residences,,26.30344581604004,50.646121978759766,,,,Linda Mehdi,,YES,completed,,,,https://www.propertyfinder.bh/en/plp/buy/apartment-for-sale-muharraq-governorate-diyar-al-muharraq-the-address-residences-54998038.html,2026-07-06T21:42:21.442506+00:00,2026-09-18T22:26:19.478872+00:00,74,2026-09-18T22:26:19.478872+00:00
2026-09-19,removed,55055530,,,Apartment,Spacious Furnished studio Bedroom Apartment,310.0,,,,BHD,monthly,,,,,,,,,,,26.239999771118164,50.5369987487793,,,,Husain Rajab,,YES,,,,,https://www.propertyfinder.bh/en/plp/rent/apartment-for-rent-capital-governorate-seef-55055530.html,2026-07-08T21:15:46.223277+00:00,2026-09-18T22:26:19.478872+00:00,72,2026-09-18T22:26:19.478872+00:00
2026-09-19,removed,55171666,,,Apartment,Stylish Family Villa | Private Pool | Inclusive,950.0,,,,BHD,monthly,,,,,,,,,,,26.19164276123047,50.48757553100586,,,,Abijeet    ,,YES,,,,,https://www.propertyfinder.bh/en/plp/rent/apartment-for-rent-northern-governorate-saar-55171666.html,2026-07-12T20:58:01.791743+00:00,2026-09-18T22:26:19.478872+00:00,68,2026-09-18T22:26:19.478872+00:00
2026-09-19,removed,55199118,,,Apartment,Stylish - Unique - Terrace - Two Living Areas,450.0,,,,BHD,monthly,,,,,,,,,,,26.19164276123047,50.48757553100586,,,,Irfan Ali,,YES,,,,,https://www.propertyfinder.bh/en/plp/rent/apartment-for-rent-northern-governorate-saar-55199118.html,2026-07-13T21:03:18.261017+00:00,2026-09-18T22:26:19.478872+00:00,67,2026-09-18T22:26:19.478872+00:00
2026-09-19,removed,55199451,,,Apartment,STUNNNG | SEA VIEW | STUDIO FURNISHED | SEEF,300.0,,,,BHD,monthly,,,,,,,,,,,26.239999771118164,50.5369987487793,,,,Mustafa Al Halwachi,,YES,,,,,https://www.propertyfinder.bh/en/plp/rent/apartment-for-rent-capital-governorate-seef-55199451.html,2026-07-13T21:03:18.261017+00:00,2026-09-18T22:26:19.478872+00:00,67,2026-09-18T22:26:19.478872+00:00
2026-09-19,removed,55199847,,,Apartment,Sea View | Living area | Luxury | Highway,300.0,,,,BHD,monthly,,,,,,,,,,,26.21263313293457,50.67418670654297,,,,Talha Umer,,YES,,,,,https://www.propertyfinder.bh/en/plp/rent/apartment-for-rent-muharraq-governorate-hidd-55199847.html,2026-07-13T21:03:18.261017+00:00,2026-09-18T22:26:19.478872+00:00,67,2026-09-18T22:26:19.478872+00:00
2026-09-19,removed,55284021,,,Apartment,WONDERFUL | PRIME LOCATION | STUDIO | SEEF,300.0,,,,BHD,monthly,,,,,,,,,,,26.239999771118164,50.5369987487793,,,,Mustafa Al Halwachi,,YES,,,,,https://www.propertyfinder.bh/en/plp/rent/apartment-for-rent-capital-governorate-seef-55284021.html,2026-07-16T13:23:22.641531+00:00,2026-09-18T22:26:19.478872+00:00,64,2026-09-18T22:26:19.478872+00:00
2026-09-19,removed,55338712,,,Apartment,EWA Unlimited | Elegant | Luxury | Housekeeping,750.0,,,,BHD,monthly,,,,,,,,,,,26.211111068725586,50.601112365722656,,,,Milkah Afandi,,YES,,,,,https://www.propertyfinder.bh/en/plp/rent/apartment-for-rent-capital-governorate-al-juffair-55338712.html,2026-07-18T20:57:18.053218+00:00,2026-09-18T22:26:19.478872+00:00,62,2026-09-18T22:26:19.478872+00:00
2026-09-19,removed,55366353,,,Land,Land in Hamala | Prime Location | Special Price,48000.0,,,,BHD,sell,,,,,,,,,,,26.140336990356445,50.478271484375,,,,Ali Almalek,,,,,,,https://www.propertyfinder.bh/en/plp/buy/land-for-sale-northern-governorate-hamala-55366353.html,2026-07-19T20:58:26.466026+00:00,2026-09-18T22:26:19.478872+00:00,61,2026-09-18T22:26:19.478872+00:00
2026-09-19,removed,55366354,,,Land,Land in Hamala | Prime Location |Special Price,85000.0,,,,BHD,sell,,,,,,,,,,,26.140336990356445,50.478271484375,,,,Ali Almalek,,,,,,,https://www.propertyfinder.bh/en/plp/buy/land-for-sale-northern-governorate-hamala-55366354.html,2026-07-19T20:58:26.466026+00:00,2026-09-18T22:26:19.478872+00:00,61,2026-09-18T22:26:19.478872+00:00
2026-09-19,removed,55366355,,,Land,All Services| Prime Location| Residential,125000.0,,,,BHD,sell,,,,,,,,Saraya 2,,,26.19185447692871,50.509178161621094,,,,Ali Almalek,,,,,,,https://www.propertyfinder.bh/en/plp/buy/land-for-sale-northern-governorate-bu-quwah-saraya-2-55366355.html,2026-07-19T20:58:26.466026+00:00,2026-09-18T22:26:19.478872+00:00,61,2026-09-18T22:26:19.478872+00:00
2026-09-19,removed,55366356,,,Land,Special Price| Prime Location| All Services,121600.0,,,,BHD,sell,,,,,,,,,,,26.12916374206543,50.49860763549805,,,,Ali Almalek,,,,,,,https://www.propertyfinder.bh/en/plp/buy/land-for-sale-northern-governorate-hamad-town-55366356.html,2026-07-19T20:58:26.466026+00:00,2026-09-18T22:26:19.478872+00:00,61,2026-09-18T22:26:19.478872+00:00
2026-09-19,removed,55367056,,,Land,RA Land | in Buhair | Closed to Al Salam Hospital,233168.0,,,,BHD,sell,,,,,,,,Al Bahair,,,26.149368286132812,50.56598663330078,,,,Mahmood Al-Shaikh,,,,,,,https://www.propertyfinder.bh/en/plp/buy/land-for-sale-southern-governorate-riffa-al-bahair-55367056.html,2026-07-19T20:58:26.466026+00:00,2026-09-18T22:26:19.478872+00:00,61,2026-09-18T22:26:19.478872+00:00
2026-09-19,removed,55367225,,,Office Space,Luxurious Prime Locations Bright Fitted,175000.0,,,,BHD,sell,,,,,,,,,,,26.239999771118164,50.5369987487793,,,,Maher Alimadi,,YES,completed,,,,https://www.propertyfinder.bh/en/plp/commercial-buy/office-space-for-sale-capital-governorate-seef-55367225.html,2026-07-19T20:58:26.466026+00:00,2026-09-18T22:26:19.478872+00:00,61,2026-09-18T22:26:19.478872+00:00
2026-09-19,removed,55367719,,,Apartment,Modern 1-Bedroom Apartment in Marassi Al Bahrain,75000.0,,,,BHD,sell,,,,,,,,Diyar Al Muharraq,,,26.303447723388672,50.6461296081543,,,,Husain Mansoor,,PARTLY,completed_primary,,,,https://www.propertyfinder.bh/en/plp/buy/apartment-for-sale-muharraq-governorate-diyar-al-muharraq-marassi-al-bahrain-55367719.html,2026-07-19T20:58:26.466026+00:00,2026-09-18T22:26:19.478872+00:00,61,2026-09-18T22:26:19.478872+00:00
2026-09-19,removed,55368002,,,Apartment,1 Bedroom Flat | 25 BD EWA | ACs,200.0,,,,BHD,monthly,,,,,,,,,,,26.130512237548828,50.55546569824219,,,,Abdul  Jabbar .,,NO,,,,,https://www.propertyfinder.bh/en/plp/rent/apartment-for-rent-southern-governorate-riffa-55368002.html,2026-07-19T20:58:26.466026+00:00,2026-09-18T22:26:19.478872+00:00,61,2026-09-18T22:26:19.478872+00:00
2026-09-19,removed,55368131,,,Apartment,1 Bedroom Flat | 180 BD Rent | 25 BD EWA,180.0,,,,BHD,monthly,,,,,,,,,,,26.266666412353516,50.650001525878906,,,,Abdul  Jabbar .,,NO,,,,,https://www.propertyfinder.bh/en/plp/rent/apartment-for-rent-muharraq-governorate-galali-55368131.html,2026-07-19T20:58:26.466026+00:00,2026-09-18T22:26:19.478872+00:00,61,2026-09-18T22:26:19.478872+00:00
2026-09-19,removed,55368192,,,Apartment,BEST LOCATION AND HIGH DEMAND STUDIO IN THE AREA,260.0,,,,BHD,monthly,,,,,,,,,,,26.211111068725586,50.601112365722656,,,,Gaylee Cammayo,,YES,,,,,https://www.propertyfinder.bh/en/plp/rent/apartment-for-rent-capital-governorate-al-juffair-55368192.html,2026-07-19T20:58:26.466026+00:00,2026-09-18T22:26:19.478872+00:00,61,2026-09-18T22:26:19.478872+00:00
2026-09-19,removed,55368351,,,Apartment,Spacious 2 BHK| Ground floor|Parking|Gas option,220.0,,,,BHD,monthly,,,,,,,,,,,26.219327926635742,50.579288482666016,,,,Nayla Tabussam,,NO,,,,,https://www.propertyfinder.bh/en/plp/rent/apartment-for-rent-capital-governorate-manama-salmaniya-55368351.html,2026-07-19T20:58:26.466026+00:00,2026-09-18T22:26:19.478872+00:00,61,2026-09-18T22:26:19.478872+00:00
2026-09-19,removed,55368438,,,Villa,260 m2 4 bed villa near Saar Private pool,155000.0,,,,BHD,sell,,,,,,,,,,,26.19164276123047,50.48757553100586,,,,Ayman Jnedi,,PARTLY,completed_primary,,,,https://www.propertyfinder.bh/en/plp/buy/villa-for-sale-northern-governorate-saar-55368438.html,2026-07-19T20:58:26.466026+00:00,2026-09-18T22:26:19.478872+00:00,61,2026-09-18T22:26:19.478872+00:00
2026-09-19,removed,55368483,,,Apartment,Close Kitchen Pool 3 Bed near Sant Crest School,430.0,,,,BHD,monthly,,,,,,,,,,,26.19164276123047,50.48757553100586,,,,Ayman Jnedi,,YES,,,,,https://www.propertyfinder.bh/en/plp/rent/apartment-for-rent-northern-governorate-saar-55368483.html,2026-07-19T20:58:26.466026+00:00,2026-09-18T22:26:19.478872+00:00,61,2026-09-18T22:26:19.478872+00:00
2026-09-19,removed,55368485,,,Apartment,Sea view 3 bed Spacious 3 BR Maids Balciny,1100.0,,,,BHD,monthly,,,,,,,,,,,26.241750717163086,50.5663948059082,,,,Ayman Jnedi,,PARTLY,,,,,https://www.propertyfinder.bh/en/plp/rent/apartment-for-rent-capital-governorate-reef-island-55368485.html,2026-07-19T20:58:26.466026+00:00,2026-09-18T22:26:19.478872+00:00,61,2026-09-18T22:26:19.478872+00:00
2026-09-19,removed,55368488,,,Apartment,Near Seef in Burhama close kitchen pool gym,250.0,,,,BHD,monthly,,,,,,,,,,,26.239999771118164,50.5369987487793,,,,Ayman Jnedi,,PARTLY,,,,,https://www.propertyfinder.bh/en/plp/rent/apartment-for-rent-capital-governorate-seef-55368488.html,2026-07-19T20:58:26.466026+00:00,2026-09-18T22:26:19.478872+00:00,61,2026-09-18T22:26:19.478872+00:00
2026-09-19,removed,55368492,,,Apartment,Near OASES mall 2 Bed in Juffair,300.0,,,,BHD,monthly,,,,,,,,,,,26.211111068725586,50.601112365722656,,,,Ayman Jnedi,,YES,,,,,https://www.propertyfinder.bh/en/plp/rent/apartment-for-rent-capital-governorate-al-juffair-55368492.html,2026-07-19T20:58:26.466026+00:00,2026-09-18T22:26:19.478872+00:00,61,2026-09-18T22:26:19.478872+00:00
2026-09-19,removed,55368493,,,Apartment,Close Kitchen Pool 3 Bed near Sant Crest School,430.0,,,,BHD,monthly,,,,,,,,,,,26.19164276123047,50.48757553100586,,,,Ayman Jnedi,,YES,,,,,https://www.propertyfinder.bh/en/plp/rent/apartment-for-rent-northern-governorate-saar-55368493.html,2026-07-19T20:58:26.466026+00:00,2026-09-18T22:26:19.478872+00:00,61,2026-09-18T22:26:19.478872+00:00
2026-09-19,removed,55368495,,,Apartment,Near King Hamad Hospital Pool Gym,250.0,,,,BHD,monthly,,,,,,,,,,,26.27199935913086,50.60900115966797,,,,Ayman Jnedi,,YES,,,,,https://www.propertyfinder.bh/en/plp/rent/apartment-for-rent-muharraq-governorate-busaiteen-55368495.html,2026-07-19T20:58:26.466026+00:00,2026-09-18T22:26:19.478872+00:00,61,2026-09-18T22:26:19.478872+00:00
2026-09-19,removed,55368496,,,Apartment,Good offer 2 bed flat balcony Saar,300.0,,,,BHD,monthly,,,,,,,,,,,26.19164276123047,50.48757553100586,,,,Ayman Jnedi,,YES,,,,,https://www.propertyfinder.bh/en/plp/rent/apartment-for-rent-northern-governorate-saar-55368496.html,2026-07-19T20:58:26.466026+00:00,2026-09-18T22:26:19.478872+00:00,61,2026-09-18T22:26:19.478872+00:00
2026-09-19,removed,55368497,,,Apartment,Close kitchen parking pool inclusive Saar,250.0,,,,BHD,monthly,,,,,,,,,,,26.19164276123047,50.48757553100586,,,,Ayman Jnedi,,YES,,,,,https://www.propertyfinder.bh/en/plp/rent/apartment-for-rent-northern-governorate-saar-55368497.html,2026-07-19T20:58:26.466026+00:00,2026-09-18T22:26:19.478872+00:00,61,2026-09-18T22:26:19.478872+00:00
2026-09-19,removed,55368498,,,Apartment,Duplex 5 Bed flat near Sant crest school,350.0,,,,BHD,monthly,,,,,,,,,,,26.19164276123047,50.48757553100586,,,,Ayman Jnedi,,PARTLY,,,,,https://www.propertyfinder.bh/en/plp/rent/apartment-for-rent-northern-governorate-saar-55368498.html,2026-07-19T20:58:26.466026+00:00,2026-09-18T22:26:19.478872+00:00,61,2026-09-18T22:26:19.478872+00:00
2026-09-19,removed,55368499,,,Apartment,3 bed Spacious flat in Burahama,370.0,,,,BHD,monthly,,,,,,,,,,,26.21672821044922,50.55367660522461,,,,Ayman Jnedi,,YES,,,,,https://www.propertyfinder.bh/en/plp/rent/apartment-for-rent-capital-governorate-manama-al-burhama-55368499.html,2026-07-19T20:58:26.466026+00:00,2026-09-18T22:26:19.478872+00:00,61,2026-09-18T22:26:19.478872+00:00
2026-09-19,removed,55368501,,,Apartment,Inclusive 2 Bed Janabiya near Al Mercado mall,350.0,,,,BHD,monthly,,,,,,,,,,,26.185943603515625,50.46711349487305,,,,Ayman Jnedi,,YES,,,,,https://www.propertyfinder.bh/en/plp/rent/apartment-for-rent-northern-governorate-janabiya-55368501.html,2026-07-19T20:58:26.466026+00:00,2026-09-18T22:26:19.478872+00:00,61,2026-09-18T22:26:19.478872+00:00
2026-09-19,removed,55368503,,,Villa,Brand new modern Villa In Riffa 5 bed,265000.0,,,,BHD,sell,,,,,,,,Riffa Al Sharqi,,,26.1162166595459,50.57211685180664,,,,Ayman Jnedi,,PARTLY,completed_primary,,,,https://www.propertyfinder.bh/en/plp/buy/villa-for-sale-southern-governorate-riffa-riffa-al-sharqi-55368503.html,2026-07-19T20:58:26.466026+00:00,2026-09-18T22:26:19.478872+00:00,61,2026-09-18T22:26:19.478872+00:00
2026-09-19,removed,55368505,,,Villa,Free Hold Private Pool 4 Bed Brand New Diyar,270000.0,,,,BHD,sell,,,,,,,,Diyar Al Muharraq,Al Sidra,,26.31142234802246,50.64306640625,,,,Ayman Jnedi,,PARTLY,completed_primary,,,,https://www.propertyfinder.bh/en/plp/buy/villa-for-sale-muharraq-governorate-diyar-al-muharraq-al-sidra-55368505.html,2026-07-19T20:58:26.466026+00:00,2026-09-18T22:26:19.478872+00:00,61,2026-09-18T22:26:19.478872+00:00
2026-09-19,removed,55368512,,,Apartment,Inclusive 2 Bed new Hidd BALCONY,270.0,,,,BHD,monthly,,,,,,,,,,,26.21263313293457,50.67418670654297,,,,Ayman Jnedi,,YES,,,,,https://www.propertyfinder.bh/en/plp/rent/apartment-for-rent-muharraq-governorate-hidd-55368512.html,2026-07-19T20:58:26.466026+00:00,2026-09-18T22:26:19.478872+00:00,61,2026-09-18T22:26:19.478872+00:00
2026-09-19,removed,55368515,,,Villa,Brand new 5 Bed Private pool Saar,230000.0,,,,BHD,sell,,,,,,,,,,,26.19164276123047,50.48757553100586,,,,Ayman Jnedi,,PARTLY,completed_primary,,,,https://www.propertyfinder.bh/en/plp/buy/villa-for-sale-northern-governorate-saar-55368515.html,2026-07-19T20:58:26.466026+00:00,2026-09-18T22:26:19.478872+00:00,61,2026-09-18T22:26:19.478872+00:00
2026-09-19,removed,55368516,,,Apartment,Good Investment Balcony Pool Gym Juffair,43000.0,,,,BHD,sell,,,,,,,,,,,26.211111068725586,50.601112365722656,,,,Ayman Jnedi,,YES,completed,,,,https://www.propertyfinder.bh/en/plp/buy/apartment-for-sale-capital-governorate-al-juffair-55368516.html,2026-07-19T20:58:26.466026+00:00,2026-09-18T22:26:19.478872+00:00,61,2026-09-18T22:26:19.478872+00:00
2026-09-19,removed,55368519,,,Apartment,Beach View | Private Terrace Premium 3+Maids |,1100.0,,,,BHD,monthly,,,,,,,,Diyar Al Muharraq,,,26.303447723388672,50.6461296081543,,,,JUNAID MUNAWAR,,YES,,,,,https://www.propertyfinder.bh/en/plp/rent/apartment-for-rent-muharraq-governorate-diyar-al-muharraq-marassi-al-bahrain-55368519.html,2026-07-19T20:58:26.466026+00:00,2026-09-18T22:26:19.478872+00:00,61,2026-09-18T22:26:19.478872+00:00
2026-09-19,removed,55368520,,,Apartment,3 Bed apartment Juffair Inclusive Pool Gym,350.0,,,,BHD,monthly,,,,,,,,,,,26.211111068725586,50.601112365722656,,,,Ayman Jnedi,,PARTLY,,,,,https://www.propertyfinder.bh/en/plp/rent/apartment-for-rent-capital-governorate-al-juffair-55368520.html,2026-07-19T20:58:26.466026+00:00,2026-09-18T22:26:19.478872+00:00,61,2026-09-18T22:26:19.478872+00:00
2026-09-19,removed,55368521,,,Apartment,Lagoon location Sea view 2 bed amwaj for sale,330.0,,,,BHD,monthly,,,,,,,,Amwaj Avenue,,,26.29302978515625,50.66474151611328,,,,Ayman Jnedi,,YES,,,,,https://www.propertyfinder.bh/en/plp/rent/apartment-for-rent-muharraq-governorate-amwaj-islands-amwaj-avenue-55368521.html,2026-07-19T20:58:26.466026+00:00,2026-09-18T22:26:19.478872+00:00,61,2026-09-18T22:26:19.478872+00:00
2026-09-19,removed,55368525,,,Apartment,Lagoon location Sea view reduce price Amwaj,51000.0,,,,BHD,sell,,,,,,,,Amwaj Avenue,,,26.29302978515625,50.66474151611328,,,,Ayman Jnedi,,YES,completed,,,,https://www.propertyfinder.bh/en/plp/buy/apartment-for-sale-muharraq-governorate-amwaj-islands-amwaj-avenue-55368525.html,2026-07-19T20:58:26.466026+00:00,2026-09-18T22:26:19.478872+00:00,61,2026-09-18T22:26:19.478872+00:00
2026-09-19,removed,55368531,,,Apartment,Pool close kitchen 3 bed near sanr crest,399.0,,,,BHD,monthly,,,,,,,,,,,26.19164276123047,50.48757553100586,,,,Ayman Jnedi,,YES,,,,,https://www.propertyfinder.bh/en/plp/rent/apartment-for-rent-northern-governorate-saar-55368531.html,2026-07-19T20:58:26.466026+00:00,2026-09-18T22:26:19.478872+00:00,61,2026-09-18T22:26:19.478872+00:00
2026-09-19,removed,55368532,,,Villa,Brand new 4 Bed villa in new Arad,131000.0,,,,BHD,sell,,,,,,,,,,,26.25,50.650001525878906,,,,Ayman Jnedi,,NO,completed_primary,,,,https://www.propertyfinder.bh/en/plp/buy/villa-for-sale-muharraq-governorate-arad-55368532.html,2026-07-19T20:58:26.466026+00:00,2026-09-18T22:26:19.478872+00:00,61,2026-09-18T22:26:19.478872+00:00
2026-09-19,removed,55368533,,,Apartment,Modern 1 Bed in Saar near Sant crest school,250.0,,,,BHD,monthly,,,,,,,,,,,26.19164276123047,50.48757553100586,,,,Ayman Jnedi,,YES,,,,,https://www.propertyfinder.bh/en/plp/rent/apartment-for-rent-northern-governorate-saar-55368533.html,2026-07-19T20:58:26.466026+00:00,2026-09-18T22:26:19.478872+00:00,61,2026-09-18T22:26:19.478872+00:00
2026-09-19,removed,55368535,,,Apartment,Pool Gym inclsuive 3 bed near Sant crest school,380.0,,,,BHD,monthly,,,,,,,,,,,26.19164276123047,50.48757553100586,,,,Ayman Jnedi,,PARTLY,,,,,https://www.propertyfinder.bh/en/plp/rent/apartment-for-rent-northern-governorate-saar-55368535.html,2026-07-19T20:58:26.466026+00:00,2026-09-18T22:26:19.478872+00:00,61,2026-09-18T22:26:19.478872+00:00
2026-09-19,removed,55368536,,,Apartment,AFFORDABLE BALCONY BRIGHTER BOWLING CINEMA SQUASH,600.0,,,,BHD,monthly,,,,,,,,,,,26.239999771118164,50.5369987487793,,,,Ezekiel Kagugube,,YES,,,,,https://www.propertyfinder.bh/en/plp/rent/apartment-for-rent-capital-governorate-seef-55368536.html,2026-07-19T20:58:26.466026+00:00,2026-09-18T22:26:19.478872+00:00,61,2026-09-18T22:26:19.478872+00:00
2026-09-19,removed,55368537,,,Villa,Corner location Brand new 4 Bed Busyteen,125000.0,,,,BHD,sell,,,,,,,,,,,26.27199935913086,50.60900115966797,,,,Ayman Jnedi,,NO,completed_primary,,,,https://www.propertyfinder.bh/en/plp/buy/villa-for-sale-muharraq-governorate-busaiteen-55368537.html,2026-07-19T20:58:26.466026+00:00,2026-09-18T22:26:19.478872+00:00,61,2026-09-18T22:26:19.478872+00:00
2026-09-19,removed,55368538,,,Villa,Brand new 5 Bed in Hidd Modern compound,125000.0,,,,BHD,sell,,,,,,,,,,,26.21263313293457,50.67418670654297,,,,Ayman Jnedi,,PARTLY,completed_primary,,,,https://www.propertyfinder.bh/en/plp/buy/villa-for-sale-muharraq-governorate-hidd-55368538.html,2026-07-19T20:58:26.466026+00:00,2026-09-18T22:26:19.478872+00:00,61,2026-09-18T22:26:19.478872+00:00
2026-09-19,removed,55368539,,,Villa,Seafront Modern villa in Amwaj 4 Sale,450000.0,,,,BHD,sell,,,,,,,,Amwaj Avenue,,,26.29302978515625,50.66474151611328,,,,Ayman Jnedi,,PARTLY,completed,,,,https://www.propertyfinder.bh/en/plp/buy/villa-for-sale-muharraq-governorate-amwaj-islands-amwaj-avenue-55368539.html,2026-07-19T20:58:26.466026+00:00,2026-09-18T22:26:19.478872+00:00,61,2026-09-18T22:26:19.478872+00:00
2026-09-19,removed,55368541,,,Apartment,Sea view Balcony Pool Gym 2 Bed Amwaj,300.0,,,,BHD,monthly,,,,,,,,Amwaj Avenue,,,26.29302978515625,50.66474151611328,,,,Ayman Jnedi,,YES,,,,,https://www.propertyfinder.bh/en/plp/rent/apartment-for-rent-muharraq-governorate-amwaj-islands-amwaj-avenue-55368541.html,2026-07-19T20:58:26.466026+00:00,2026-09-18T22:26:19.478872+00:00,61,2026-09-18T22:26:19.478872+00:00
2026-09-19,removed,55368542,,,Office Space,Ready shop for CR in Hamala Saouq Waqef,90.0,,,,BHD,monthly,,,,,,,,,,,26.12916374206543,50.49860763549805,,,,Ayman Jnedi,,YES,,,,,https://www.propertyfinder.bh/en/plp/commercial-rent/office-space-for-rent-northern-governorate-hamad-town-55368542.html,2026-07-19T20:58:26.466026+00:00,2026-09-18T22:26:19.478872+00:00,61,2026-09-18T22:26:19.478872+00:00
2026-09-19,removed,55368543,,,Apartment,Sea view Balcony Spacious 2 Bed Amwaj,350.0,,,,BHD,monthly,,,,,,,,Amwaj Avenue,,,26.29302978515625,50.66474151611328,,,,Ayman Jnedi,,PARTLY,,,,,https://www.propertyfinder.bh/en/plp/rent/apartment-for-rent-muharraq-governorate-amwaj-islands-amwaj-avenue-55368543.html,2026-07-19T20:58:26.466026+00:00,2026-09-18T22:26:19.478872+00:00,61,2026-09-18T22:26:19.478872+00:00
2026-09-19,removed,55368547,,,Villa,Brand new Modern 5 Bed villa Janabiya,320000.0,,,,BHD,sell,,,,,,,,,,,26.185943603515625,50.46711349487305,,,,Ayman Jnedi,,PARTLY,completed_primary,,,,https://www.propertyfinder.bh/en/plp/buy/villa-for-sale-northern-governorate-janabiya-55368547.html,2026-07-19T20:58:26.466026+00:00,2026-09-18T22:26:19.478872+00:00,61,2026-09-18T22:26:19.478872+00:00
2026-09-19,removed,55368554,,,Apartment,Close Sant Crest school Maids room 3 Bed,390.0,,,,BHD,monthly,,,,,,,,,,,26.19164276123047,50.48757553100586,,,,Ayman Jnedi,,PARTLY,,,,,https://www.propertyfinder.bh/en/plp/rent/apartment-for-rent-northern-governorate-saar-55368554.html,2026-07-19T20:58:26.466026+00:00,2026-09-18T22:26:19.478872+00:00,61,2026-09-18T22:26:19.478872+00:00
2026-09-19,removed,55368557,,,Apartment,Pool Gym Inclusive Sant crest school Saar,390.0,,,,BHD,monthly,,,,,,,,,,,26.19164276123047,50.48757553100586,,,,Ayman Jnedi,,YES,,,,,https://www.propertyfinder.bh/en/plp/rent/apartment-for-rent-northern-governorate-saar-55368557.html,2026-07-19T20:58:26.466026+00:00,2026-09-18T22:26:19.478872+00:00,61,2026-09-18T22:26:19.478872+00:00
2026-09-19,removed,55368558,,,Apartment,Close Kitchen Balcony 3 masters Hidd,360.0,,,,BHD,monthly,,,,,,,,,,,26.21263313293457,50.67418670654297,,,,Ayman Jnedi,,YES,,,,,https://www.propertyfinder.bh/en/plp/rent/apartment-for-rent-muharraq-governorate-hidd-55368558.html,2026-07-19T20:58:26.466026+00:00,2026-09-18T22:26:19.478872+00:00,61,2026-09-18T22:26:19.478872+00:00
2026-09-19,removed,55368560,,,Apartment,Maids room Sea view Balcony 3 Bed Amwaj,450.0,,,,BHD,monthly,,,,,,,,Amwaj Avenue,,,26.29302978515625,50.66474151611328,,,,Ayman Jnedi,,PARTLY,,,,,https://www.propertyfinder.bh/en/plp/rent/apartment-for-rent-muharraq-governorate-amwaj-islands-amwaj-avenue-55368560.html,2026-07-19T20:58:26.466026+00:00,2026-09-18T22:26:19.478872+00:00,61,2026-09-18T22:26:19.478872+00:00
2026-09-19,removed,55368561,,,Villa,Modern 4 Bed villa for sale in Amwaj,160000.0,,,,BHD,sell,,,,,,,,Amwaj Avenue,,,26.29302978515625,50.66474151611328,,,,Ayman Jnedi,,PARTLY,completed,,,,https://www.propertyfinder.bh/en/plp/buy/villa-for-sale-muharraq-governorate-amwaj-islands-amwaj-avenue-55368561.html,2026-07-19T20:58:26.466026+00:00,2026-09-18T22:26:19.478872+00:00,61,2026-09-18T22:26:19.478872+00:00
2026-09-19,removed,55368624,,,Apartment,2 Bed Pool view Marasi | Premium Living Elegant,450.0,,,,BHD,monthly,,,,,,,,Diyar Al Muharraq,,,26.303447723388672,50.6461296081543,,,,JUNAID MUNAWAR,,YES,,,,,https://www.propertyfinder.bh/en/plp/rent/apartment-for-rent-muharraq-governorate-diyar-al-muharraq-marassi-al-bahrain-55368624.html,2026-07-19T20:58:26.466026+00:00,2026-09-18T22:26:19.478872+00:00,61,2026-09-18T22:26:19.478872+00:00
2026-09-19,removed,55368625,,,Apartment,For Rent 1 bedroom with EWA | ACs | Full furnished,230.0,,,,BHD,monthly,,,,,,,,,,,26.21263313293457,50.67418670654297,,,,Abdul  Jabbar .,,YES,,,,,https://www.propertyfinder.bh/en/plp/rent/apartment-for-rent-muharraq-governorate-hidd-55368625.html,2026-07-19T20:58:26.466026+00:00,2026-09-18T22:26:19.478872+00:00,61,2026-09-18T22:26:19.478872+00:00
2026-09-19,removed,55368660,,,Apartment,Family Apartment | Elegant 2BR + Maids Room |,430.0,,,,BHD,monthly,,,,,,,,,,,26.211111068725586,50.601112365722656,,,,JUNAID MUNAWAR,,YES,,,,,https://www.propertyfinder.bh/en/plp/rent/apartment-for-rent-capital-governorate-al-juffair-55368660.html,2026-07-19T20:58:26.466026+00:00,2026-09-18T22:26:19.478872+00:00,61,2026-09-18T22:26:19.478872+00:00
2026-09-19,removed,55368680,,,Apartment,Fontana Infinity Sea View Bigger Layout @ 450 BHD,450.0,,,,BHD,monthly,,,,,,,,,,,26.211111068725586,50.601112365722656,,,,JUNAID MUNAWAR,,YES,,,,,https://www.propertyfinder.bh/en/plp/rent/apartment-for-rent-capital-governorate-al-juffair-55368680.html,2026-07-20T21:17:02.364062+00:00,2026-09-18T22:26:19.478872+00:00,60,2026-09-18T22:26:19.478872+00:00
2026-09-19,removed,55395740,,,Apartment,Maids room Balcony Sea view 3 Bed Amwaj,550.0,,,,BHD,monthly,,,,,,,,Amwaj Homes,,,26.288480758666992,50.66381072998047,,,,Ayman Jnedi,,PARTLY,,,,,https://www.propertyfinder.bh/en/plp/rent/apartment-for-rent-muharraq-governorate-amwaj-islands-amwaj-homes-55395740.html,2026-07-20T21:17:02.364062+00:00,2026-09-18T22:26:19.478872+00:00,60,2026-09-18T22:26:19.478872+00:00
2026-09-19,removed,55395744,,,Apartment,Near Sant Crest School Modern Studio,200.0,,,,BHD,monthly,,,,,,,,,,,26.19164276123047,50.48757553100586,,,,Ayman Jnedi,,YES,,,,,https://www.propertyfinder.bh/en/plp/rent/apartment-for-rent-northern-governorate-saar-55395744.html,2026-07-20T21:17:02.364062+00:00,2026-09-18T22:26:19.478872+00:00,60,2026-09-18T22:26:19.478872+00:00
2026-09-19,removed,55395773,,,Apartment,Modern 1 1bed flat in new Hidd Close Kitchen,200.0,,,,BHD,monthly,,,,,,,,,,,26.21263313293457,50.67418670654297,,,,Ayman Jnedi,,PARTLY,,,,,https://www.propertyfinder.bh/en/plp/rent/apartment-for-rent-muharraq-governorate-hidd-55395773.html,2026-07-20T21:17:02.364062+00:00,2026-09-18T22:26:19.478872+00:00,60,2026-09-18T22:26:19.478872+00:00
2026-09-19,removed,55396487,,,Apartment,Sea View | Balcony | Beach access |,800.0,,,,BHD,monthly,,,,,,,,Amwaj Avenue,,,26.29302978515625,50.66474151611328,,,,Talha Umer,,YES,,,,,https://www.propertyfinder.bh/en/plp/rent/apartment-for-rent-muharraq-governorate-amwaj-islands-amwaj-avenue-55396487.html,2026-07-20T21:17:02.364062+00:00,2026-09-18T22:26:19.478872+00:00,60,2026-09-18T22:26:19.478872+00:00
2026-09-19,removed,55396501,,,Apartment,Sea View | Balcony | Luxury | Prime Area,670.0,,,,BHD,monthly,,,,,,,,Amwaj Avenue,,,26.29302978515625,50.66474151611328,,,,Talha Umer,,YES,,,,,https://www.propertyfinder.bh/en/plp/rent/apartment-for-rent-muharraq-governorate-amwaj-islands-amwaj-avenue-55396501.html,2026-07-20T21:17:02.364062+00:00,2026-09-18T22:26:19.478872+00:00,60,2026-09-18T22:26:19.478872+00:00
2026-09-19,removed,55396512,,,Villa,Luxury 4Bed Villa With Private Pool And Garden,1800.0,,,,BHD,monthly,,,,,,,,Tala Island,,,26.300025939941406,50.66316223144531,,,,Mehaboob ,,PARTLY,,,,,https://www.propertyfinder.bh/en/plp/rent/villa-for-rent-muharraq-governorate-amwaj-islands-tala-island-55396512.html,2026-07-20T21:17:02.364062+00:00,2026-09-18T22:26:19.478872+00:00,60,2026-09-18T22:26:19.478872+00:00
2026-09-19,removed,55426098,,,Apartment,Spacious 3 BHK Villa / Private Garden/ Shared Pool,450.0,,,,BHD,monthly,,,,,,,,,,,26.188888549804688,50.54999923706055,,,,A. Mhaout,,NO,,,,,https://www.propertyfinder.bh/en/plp/rent/apartment-for-rent-central-governorate-tubli-55426098.html,2026-07-21T21:17:21.978520+00:00,2026-09-18T22:26:19.478872+00:00,59,2026-09-18T22:26:19.478872+00:00
2026-09-19,removed,55455105,,,Villa,Modern / Spacious / Big Private Garden,600.0,,,,BHD,monthly,,,,,,,,Salihiya,,,26.216516494750977,50.560699462890625,,,,A. Mhaout,,PARTLY,,,,,https://www.propertyfinder.bh/en/plp/rent/villa-for-rent-capital-governorate-manama-salihiya-55455105.html,2026-07-22T21:16:12.940221+00:00,2026-09-18T22:26:19.478872+00:00,58,2026-09-18T22:26:19.478872+00:00
2026-09-19,removed,55483840,,,Apartment,1 bedroom flat with EWA | 2 split ACs | New buildg,170.0,,,,BHD,monthly,,,,,,,,,,,26.130512237548828,50.55546569824219,,,,Abdul  Jabbar .,,PARTLY,,,,,https://www.propertyfinder.bh/en/plp/rent/apartment-for-rent-southern-governorate-riffa-55483840.html,2026-07-23T21:12:20.858482+00:00,2026-09-18T22:26:19.478872+00:00,57,2026-09-18T22:26:19.478872+00:00
2026-09-19,removed,55512627,,,Apartment,Sea view 1 Bed in Tubli Balcony,300.0,,,,BHD,monthly,,,,,,,,,,,26.188888549804688,50.54999923706055,,,,Ayman Jnedi,,YES,,,,,https://www.propertyfinder.bh/en/plp/rent/apartment-for-rent-central-governorate-tubli-55512627.html,2026-07-24T21:11:47.069485+00:00,2026-09-18T22:26:19.478872+00:00,56,2026-09-18T22:26:19.478872+00:00
2026-09-19,removed,55512633,,,Apartment,Modern 3 Bed in AMWAJ for rent Balcony,500.0,,,,BHD,monthly,,,,,,,,Amwaj Avenue,,,26.29302978515625,50.66474151611328,,,,Ayman Jnedi,,YES,,,,,https://www.propertyfinder.bh/en/plp/rent/apartment-for-rent-muharraq-governorate-amwaj-islands-amwaj-avenue-55512633.html,2026-07-24T21:11:47.069485+00:00,2026-09-18T22:26:19.478872+00:00,56,2026-09-18T22:26:19.478872+00:00
2026-09-19,removed,55512642,,,Apartment,Housekeeping Balcony Sea view Balcony JuffIar,525.0,,,,BHD,monthly,,,,,,,,,,,26.211111068725586,50.601112365722656,,,,Ayman Jnedi,,YES,,,,,https://www.propertyfinder.bh/en/plp/rent/apartment-for-rent-capital-governorate-al-juffair-55512642.html,2026-07-24T21:11:47.069485+00:00,2026-09-18T22:26:19.478872+00:00,56,2026-09-18T22:26:19.478872+00:00
2026-09-19,removed,55512660,,,Apartment,Close Kitchen 1 bed near Seef pool gym,260.0,,,,BHD,monthly,,,,,,,,,,,26.239999771118164,50.5369987487793,,,,Ayman Jnedi,,YES,,,,,https://www.propertyfinder.bh/en/plp/rent/apartment-for-rent-capital-governorate-seef-55512660.html,2026-07-24T21:11:47.069485+00:00,2026-09-18T22:26:19.478872+00:00,56,2026-09-18T22:26:19.478872+00:00
2026-09-19,removed,55540259,,,Apartment,Good opportunity | near st Christopher school,47000.0,,,,BHD,sell,,,,,,,,,,,26.19164276123047,50.48757553100586,,,,AHMED ALI ,,YES,completed,,,,https://www.propertyfinder.bh/en/plp/buy/apartment-for-sale-northern-governorate-saar-55540259.html,2026-07-25T21:00:21.405436+00:00,2026-09-18T22:26:19.478872+00:00,55,2026-09-18T22:26:19.478872+00:00
2026-09-19,removed,55540296,,,Apartment,Balcony | spacious | Free internet,399.0,,,,BHD,monthly,,,,,,,,,,,26.19164276123047,50.48757553100586,,,,AHMED ALI ,,YES,,,,,https://www.propertyfinder.bh/en/plp/rent/apartment-for-rent-northern-governorate-saar-55540296.html,2026-07-25T21:00:21.405436+00:00,2026-09-18T22:26:19.478872+00:00,55,2026-09-18T22:26:19.478872+00:00
2026-09-19,removed,55540300,,,Apartment,unlimited ewa | near saar mall | yearly contract,250.0,,,,BHD,monthly,,,,,,,,,,,26.19164276123047,50.48757553100586,,,,AHMED ALI ,,YES,,,,,https://www.propertyfinder.bh/en/plp/rent/apartment-for-rent-northern-governorate-saar-55540300.html,2026-07-25T21:00:21.405436+00:00,2026-09-18T22:26:19.478872+00:00,55,2026-09-18T22:26:19.478872+00:00
2026-09-19,removed,55541367,,,Apartment,1 Bedroom Flat | 200 BD Rent | 25 BD EWA | ACs,200.0,,,,BHD,monthly,,,,,,,,,,,26.188888549804688,50.54999923706055,,,,Abdul  Jabbar .,,YES,,,,,https://www.propertyfinder.bh/en/plp/rent/apartment-for-rent-central-governorate-tubli-55541367.html,2026-07-25T21:00:21.405436+00:00,2026-09-18T22:26:19.478872+00:00,55,2026-09-18T22:26:19.478872+00:00
2026-09-19,removed,55541499,,,Apartment,2 bedroom Flat Avaliable for rent in Hidd,340.0,,,,BHD,monthly,,,,,,,,,,,26.21263313293457,50.67418670654297,,,,Abdul  Jabbar .,,YES,,,,,https://www.propertyfinder.bh/en/plp/rent/apartment-for-rent-muharraq-governorate-hidd-55541499.html,2026-07-25T21:00:21.405436+00:00,2026-09-18T22:26:19.478872+00:00,55,2026-09-18T22:26:19.478872+00:00
2026-09-19,removed,55541515,,,Apartment,1 Bedroom Available for rent in riffaa,175.0,,,,BHD,monthly,,,,,,,,Riffa Al Sharqi,,,26.1162166595459,50.57211685180664,,,,Abdul  Jabbar .,,PARTLY,,,,,https://www.propertyfinder.bh/en/plp/rent/apartment-for-rent-southern-governorate-riffa-riffa-al-sharqi-55541515.html,2026-07-25T21:00:21.405436+00:00,2026-09-18T22:26:19.478872+00:00,55,2026-09-18T22:26:19.478872+00:00
2026-09-19,removed,55541593,,,Apartment,Semi furnished 2 Bedrooms apartment with EWA | ACs,260.0,,,,BHD,monthly,,,,,,,,,,,26.179166793823242,50.56222152709961,,,,Abdul  Jabbar .,,NO,,,,,https://www.propertyfinder.bh/en/plp/rent/apartment-for-rent-central-governorate-jid-ali-55541593.html,2026-07-25T21:00:21.405436+00:00,2026-09-18T22:26:19.478872+00:00,55,2026-09-18T22:26:19.478872+00:00
2026-09-19,removed,55598686,,,Apartment,Spacious 2-bedroom Apartments / Prime Location,180.0,,,,BHD,monthly,,,,,,,,,,,26.188888549804688,50.54999923706055,,,,A. Mhaout,,NO,,,,,https://www.propertyfinder.bh/en/plp/rent/apartment-for-rent-central-governorate-tubli-55598686.html,2026-07-27T21:16:55.514144+00:00,2026-09-18T22:26:19.478872+00:00,53,2026-09-18T22:26:19.478872+00:00
2026-09-19,removed,55599861,,,Apartment,Studio flat | 150 BD rent | 25 BD EWA | ACs,150.0,,,,BHD,monthly,,,,,,,,,,,26.130512237548828,50.55546569824219,,,,Abdul  Jabbar .,,NO,,,,,https://www.propertyfinder.bh/en/plp/rent/apartment-for-rent-southern-governorate-riffa-55599861.html,2026-07-27T21:16:55.514144+00:00,2026-09-18T22:26:19.478872+00:00,53,2026-09-18T22:26:19.478872+00:00
2026-09-19,removed,55600030,,,Apartment,"1 Bedroom Apartment for rent in Riffa ,G",200.0,,,,BHD,monthly,,,,,,,,,,,26.130512237548828,50.55546569824219,,,,Abdul  Jabbar .,,PARTLY,,,,,https://www.propertyfinder.bh/en/plp/rent/apartment-for-rent-southern-governorate-riffa-55600030.html,2026-07-27T21:16:55.514144+00:00,2026-09-18T22:26:19.478872+00:00,53,2026-09-18T22:26:19.478872+00:00
2026-09-19,removed,55600061,,,Apartment,1 Bedroom apartment with EWA | ACs | brand bew bld,190.0,,,,BHD,monthly,,,,,,,,,,,26.130512237548828,50.55546569824219,,,,Abdul  Jabbar .,,PARTLY,,,,,https://www.propertyfinder.bh/en/plp/rent/apartment-for-rent-southern-governorate-riffa-55600061.html,2026-07-27T21:16:55.514144+00:00,2026-09-18T22:26:19.478872+00:00,53,2026-09-18T22:26:19.478872+00:00
2026-09-19,removed,55629168,,,Apartment,2BR Sea View | Fully Furnished | Marassi,550.0,,,,BHD,monthly,,,,,,,,Diyar Al Muharraq,,,26.303447723388672,50.6461296081543,,,,Anup Simon,,YES,,,,,https://www.propertyfinder.bh/en/plp/rent/apartment-for-rent-muharraq-governorate-diyar-al-muharraq-marassi-al-bahrain-55629168.html,2026-07-28T21:13:30.461515+00:00,2026-09-18T22:26:19.478872+00:00,52,2026-09-18T22:26:19.478872+00:00
2026-09-19,removed,55630368,,,Apartment,Compact and Elegant | Affordable Flat | Facilities,400.0,,,,BHD,monthly,,,,,,,,Exhibition Road,,,26.231962203979492,50.59507369995117,,,,Abijeet    ,,YES,,,,,https://www.propertyfinder.bh/en/plp/rent/apartment-for-rent-capital-governorate-hoora-exhibition-road-55630368.html,2026-07-28T21:13:30.461515+00:00,2026-09-18T22:26:19.478872+00:00,52,2026-09-18T22:26:19.478872+00:00
2026-09-19,removed,55658911,,,Apartment,Studio flat | 150 BD Rent | 20 BD EWA | AC,150.0,,,,BHD,monthly,,,,,,,,,,,26.130512237548828,50.55546569824219,,,,Abdul  Jabbar .,,NO,,,,,https://www.propertyfinder.bh/en/plp/rent/apartment-for-rent-southern-governorate-riffa-55658911.html,2026-07-29T21:03:30.697466+00:00,2026-09-18T22:26:19.478872+00:00,51,2026-09-18T22:26:19.478872+00:00
2026-09-19,removed,55659099,,,Apartment,1 Bedroom flat | 170 BD Rent | ACs | Hhh,170.0,,,,BHD,monthly,,,,,,,,,,,26.130512237548828,50.55546569824219,,,,Abdul  Jabbar .,,NO,,,,,https://www.propertyfinder.bh/en/plp/rent/apartment-for-rent-southern-governorate-riffa-55659099.html,2026-07-29T21:03:30.697466+00:00,2026-09-18T22:26:19.478872+00:00,51,2026-09-18T22:26:19.478872+00:00
2026-09-19,removed,55659121,,,Apartment,1 Bedroom Flat | 195 BD Rent | 25 BD EWA | ACs |,195.0,,,,BHD,monthly,,,,,,,,,,,26.266666412353516,50.650001525878906,,,,Abdul  Jabbar .,,NO,,,,,https://www.propertyfinder.bh/en/plp/rent/apartment-for-rent-muharraq-governorate-galali-55659121.html,2026-07-29T21:03:30.697466+00:00,2026-09-18T22:26:19.478872+00:00,51,2026-09-18T22:26:19.478872+00:00
2026-09-19,removed,55659142,,,Apartment,1 Bedroom Flat |185 Rent | 25 BD EWA | 2 split AC,185.0,,,,BHD,monthly,,,,,,,,,,,26.130512237548828,50.55546569824219,,,,Abdul  Jabbar .,,NO,,,,,https://www.propertyfinder.bh/en/plp/rent/apartment-for-rent-southern-governorate-riffa-55659142.html,2026-07-29T21:03:30.697466+00:00,2026-09-18T22:26:19.478872+00:00,51,2026-09-18T22:26:19.478872+00:00
2026-09-19,removed,55659488,,,Apartment,Furnished 3 BHK / Housekeeping/ Unlimited Ewa,370.0,,,,BHD,monthly,,,,,,,,,,,26.27199935913086,50.60900115966797,,,,A. Mhaout,,YES,,,,,https://www.propertyfinder.bh/en/plp/rent/apartment-for-rent-muharraq-governorate-busaiteen-55659488.html,2026-07-29T21:03:30.697466+00:00,2026-09-18T22:26:19.478872+00:00,51,2026-09-18T22:26:19.478872+00:00
2026-09-19,removed,55659553,,,Apartment,Balcony 1bed  King Hamad hospital  Busy,42000.0,,,,BHD,sell,,,,,,,,,,,26.27199935913086,50.60900115966797,,,,Ayman Jnedi,,YES,completed,,,,https://www.propertyfinder.bh/en/plp/buy/apartment-for-sale-muharraq-governorate-busaiteen-55659553.html,2026-07-29T21:03:30.697466+00:00,2026-09-18T22:26:19.478872+00:00,51,2026-09-18T22:26:19.478872+00:00
2026-09-19,removed,55659743,,,Apartment,Furnished 1 bedrooms with EWA and furniture,260.0,,,,BHD,monthly,,,,,,,,,,,26.21263313293457,50.67418670654297,,,,Abdul  Jabbar .,,YES,,,,,https://www.propertyfinder.bh/en/plp/rent/apartment-for-rent-muharraq-governorate-hidd-55659743.html,2026-07-30T21:17:40.423408+00:00,2026-09-18T22:26:19.478872+00:00,50,2026-09-18T22:26:19.478872+00:00
2026-09-19,removed,55688227,,,Apartment,A Studio in Galali/ Unlimited Ewa/ Ground Floor,120.0,,,,BHD,monthly,,,,,,,,,,,26.266666412353516,50.650001525878906,,,,A. Mhaout,,NO,,,,,https://www.propertyfinder.bh/en/plp/rent/apartment-for-rent-muharraq-governorate-galali-55688227.html,2026-07-30T21:17:40.423408+00:00,2026-09-18T22:26:19.478872+00:00,50,2026-09-18T22:26:19.478872+00:00
2026-09-19,removed,55716145,,,Apartment,Modern/ Furnished/ Ground Floor/ Inclusive,380.0,,,,BHD,monthly,,,,,,,,,,,26.2102108001709,50.56403350830078,,,,A. Mhaout,,YES,,,,,https://www.propertyfinder.bh/en/plp/rent/apartment-for-rent-capital-governorate-manama-zinj-55716145.html,2026-07-31T21:13:19.710679+00:00,2026-09-18T22:26:19.478872+00:00,49,2026-09-18T22:26:19.478872+00:00
2026-09-19,removed,55744135,,,Apartment,Brand new | Fully furnished | near Riffa park,215.0,,,,BHD,monthly,,,,,,,,,,,26.1314754486084,50.568843841552734,,,,AHMED ALI ,,YES,,,,,https://www.propertyfinder.bh/en/plp/rent/apartment-for-rent-southern-governorate-riffa-bu-kowarah-55744135.html,2026-08-01T21:00:56.482799+00:00,2026-09-18T22:26:19.478872+00:00,48,2026-09-18T22:26:19.478872+00:00
2026-09-19,removed,55744890,,,Apartment,Spacious 3 BHK Apartment/ Balcony/ Inclusive,270.0,,,,BHD,monthly,,,,,,,,,,,26.27199935913086,50.60900115966797,,,,A. Mhaout,,NO,,,,,https://www.propertyfinder.bh/en/plp/rent/apartment-for-rent-muharraq-governorate-busaiteen-55744890.html,2026-08-01T21:00:56.482799+00:00,2026-09-18T22:26:19.478872+00:00,48,2026-09-18T22:26:19.478872+00:00
2026-09-19,removed,55744914,,,Apartment,Spacious 2 BHK APARTMENT / Muharraq,150.0,,,,BHD,monthly,,,,,,,,,,,26.25,50.616668701171875,,,,A. Mhaout,,NO,,,,,https://www.propertyfinder.bh/en/plp/rent/apartment-for-rent-muharraq-governorate-muharraq-55744914.html,2026-08-01T21:00:56.482799+00:00,2026-09-18T22:26:19.478872+00:00,48,2026-09-18T22:26:19.478872+00:00
2026-09-19,removed,55744951,,,Apartment,Near Sant crest school 2 bed Saar,350.0,,,,BHD,monthly,,,,,,,,,,,26.19164276123047,50.48757553100586,,,,Ayman Jnedi,,YES,,,,,https://www.propertyfinder.bh/en/plp/rent/apartment-for-rent-northern-governorate-saar-55744951.html,2026-08-01T21:00:56.482799+00:00,2026-09-18T22:26:19.478872+00:00,48,2026-09-18T22:26:19.478872+00:00
2026-09-19,removed,55744972,,,Apartment,Inclusive 2 Bed in Saar Sant Crest school,300.0,,,,BHD,monthly,,,,,,,,,,,26.19164276123047,50.48757553100586,,,,Ayman Jnedi,,YES,,,,,https://www.propertyfinder.bh/en/plp/rent/apartment-for-rent-northern-governorate-saar-55744972.html,2026-08-01T21:00:56.482799+00:00,2026-09-18T22:26:19.478872+00:00,48,2026-09-18T22:26:19.478872+00:00
2026-09-19,removed,55745071,,,Apartment,Studio Flat 160 rent | 25 BD EWA | Cupboard Hhh,160.0,,,,BHD,monthly,,,,,,,,,,,26.188888549804688,50.54999923706055,,,,Abdul  Jabbar .,,NO,,,,,https://www.propertyfinder.bh/en/plp/rent/apartment-for-rent-central-governorate-tubli-55745071.html,2026-08-01T21:00:56.482799+00:00,2026-09-18T22:26:19.478872+00:00,48,2026-09-18T22:26:19.478872+00:00
2026-09-19,removed,55745132,,,Apartment,Furnished 1 bedroom flat with EWA | balcony |,210.0,,,,BHD,monthly,,,,,,,,,,,26.188888549804688,50.54999923706055,,,,Abdul  Jabbar .,,YES,,,,,https://www.propertyfinder.bh/en/plp/rent/apartment-for-rent-central-governorate-tubli-55745132.html,2026-08-01T21:00:56.482799+00:00,2026-09-18T22:26:19.478872+00:00,48,2026-09-18T22:26:19.478872+00:00
2026-09-19,removed,55745135,,,Apartment,Spacious 2 BHK Apartments / Ground Floor,140.0,,,,BHD,monthly,,,,,,,,,,,26.25,50.616668701171875,,,,A. Mhaout,,NO,,,,,https://www.propertyfinder.bh/en/plp/rent/apartment-for-rent-muharraq-governorate-muharraq-55745135.html,2026-08-01T21:00:56.482799+00:00,2026-09-18T22:26:19.478872+00:00,48,2026-09-18T22:26:19.478872+00:00
2026-09-19,removed,55745142,,,Apartment,Modern Furnished Studio Apartment/ Near RCSI,350.0,,,,BHD,monthly,,,,,,,,,,,26.27199935913086,50.60900115966797,,,,A. Mhaout,,YES,,,,,https://www.propertyfinder.bh/en/plp/rent/apartment-for-rent-muharraq-governorate-busaiteen-55745142.html,2026-08-02T21:01:45.450020+00:00,2026-09-18T22:26:19.478872+00:00,47,2026-09-18T22:26:19.478872+00:00
2026-09-19,removed,55745143,,,Apartment,Studio Flat 160 | 25 BD EWA | Cupboard | ACs | Hhh,160.0,,,,BHD,monthly,,,,,,,,,,,26.188888549804688,50.54999923706055,,,,Abdul  Jabbar .,,NO,,,,,https://www.propertyfinder.bh/en/plp/rent/apartment-for-rent-central-governorate-tubli-55745143.html,2026-08-02T21:01:45.450020+00:00,2026-09-18T22:26:19.478872+00:00,47,2026-09-18T22:26:19.478872+00:00
2026-09-19,removed,55745147,,,Apartment,Studio Flat 160 | 25 BD EWA | Cupboard | ACs | Hhh,160.0,,,,BHD,monthly,,,,,,,,,,,26.188888549804688,50.54999923706055,,,,Abdul  Jabbar .,,NO,,,,,https://www.propertyfinder.bh/en/plp/rent/apartment-for-rent-central-governorate-tubli-55745147.html,2026-08-02T21:01:45.450020+00:00,2026-09-18T22:26:19.478872+00:00,47,2026-09-18T22:26:19.478872+00:00
2026-09-19,removed,55745149,,,Apartment,Moder 2 BHK / NEAR RCSI & King Hamad Hospital,450.0,,,,BHD,monthly,,,,,,,,,,,26.27199935913086,50.60900115966797,,,,A. Mhaout,,YES,,,,,https://www.propertyfinder.bh/en/plp/rent/apartment-for-rent-muharraq-governorate-busaiteen-55745149.html,2026-08-02T21:01:45.450020+00:00,2026-09-18T22:26:19.478872+00:00,47,2026-09-18T22:26:19.478872+00:00
2026-09-19,removed,55751133,,,Apartment,2 Bedroom Flat 240 | 40 BD EWA | Sea view | Hhh,240.0,,,,BHD,monthly,,,,,,,,,,,26.188888549804688,50.54999923706055,,,,Abdul  Jabbar .,,NO,,,,,https://www.propertyfinder.bh/en/plp/rent/apartment-for-rent-central-governorate-tubli-55751133.html,2026-08-02T21:01:45.450020+00:00,2026-09-18T22:26:19.478872+00:00,47,2026-09-18T22:26:19.478872+00:00
2026-09-19,removed,55773851,,,Apartment,Modern/Near RCIS/ Maid'sRoom / Sea-view,380.0,,,,BHD,monthly,,,,,,,,,,,26.27199935913086,50.60900115966797,,,,A. Mhaout,,YES,,,,,https://www.propertyfinder.bh/en/plp/rent/apartment-for-rent-muharraq-governorate-busaiteen-55773851.html,2026-08-02T21:01:45.450020+00:00,2026-09-18T22:26:19.478872+00:00,47,2026-09-18T22:26:19.478872+00:00
2026-09-19,removed,55773954,,,Apartment,Brand New | Luxury 3BR | Walk to st Christ school,450.0,,,,BHD,monthly,,,,,,,,,,,26.19164276123047,50.48757553100586,,,,AHMED ALI ,,PARTLY,,,,,https://www.propertyfinder.bh/en/plp/rent/apartment-for-rent-northern-governorate-saar-55773954.html,2026-08-02T21:01:45.450020+00:00,2026-09-18T22:26:19.478872+00:00,47,2026-09-18T22:26:19.478872+00:00
2026-09-19,removed,55773964,,,Apartment,1 Bedroom Flat 260 | 40 BD EWA | ACs | Hhh,260.0,,,,BHD,monthly,,,,,,,,,,,26.21263313293457,50.67418670654297,,,,Abdul  Jabbar .,,YES,,,,,https://www.propertyfinder.bh/en/plp/rent/apartment-for-rent-muharraq-governorate-hidd-55773964.html,2026-08-02T21:01:45.450020+00:00,2026-09-18T22:26:19.478872+00:00,47,2026-09-18T22:26:19.478872+00:00
2026-09-19,removed,55773971,,,Apartment,2 Bedroom Flat 340 Rent | 30 EWA | ACs | Hhh,340.0,,,,BHD,monthly,,,,,,,,,,,26.21263313293457,50.67418670654297,,,,Abdul  Jabbar .,,YES,,,,,https://www.propertyfinder.bh/en/plp/rent/apartment-for-rent-muharraq-governorate-hidd-55773971.html,2026-08-02T21:01:45.450020+00:00,2026-09-18T22:26:19.478872+00:00,47,2026-09-18T22:26:19.478872+00:00
2026-09-19,removed,55773990,,,Apartment,1 Bedroom Flat 250 | 25 BD EWA | Pool | GYM | Hhh,250.0,,,,BHD,monthly,,,,,,,,Sanabis,,,26.226558685302734,50.5459098815918,,,,Abdul  Jabbar .,,YES,,,,,https://www.propertyfinder.bh/en/plp/rent/apartment-for-rent-capital-governorate-manama-sanabis-55773990.html,2026-08-02T21:01:45.450020+00:00,2026-09-18T22:26:19.478872+00:00,47,2026-09-18T22:26:19.478872+00:00
2026-09-19,removed,55774094,,,Apartment,Pool Gym Modern inclusive Sant crest school,300.0,,,,BHD,monthly,,,,,,,,,,,26.19164276123047,50.48757553100586,,,,Ayman Jnedi,,YES,,,,,https://www.propertyfinder.bh/en/plp/rent/apartment-for-rent-northern-governorate-saar-55774094.html,2026-08-02T21:01:45.450020+00:00,2026-09-18T22:26:19.478872+00:00,47,2026-09-18T22:26:19.478872+00:00
2026-09-19,removed,55801927,,,Apartment,Inclusive | modern | semi furnished,200.0,,,,BHD,monthly,,,,,,,,,,,26.149999618530273,50.58333206176758,,,,AHMED ALI ,,PARTLY,,,,,https://www.propertyfinder.bh/en/plp/rent/apartment-for-rent-central-governorate-sanad-55801927.html,2026-08-03T21:12:00.704076+00:00,2026-09-18T22:26:19.478872+00:00,46,2026-09-18T22:26:19.478872+00:00
2026-09-19,removed,55801956,,,Apartment,Ground floor | spacious hall | with Ac | inclusive,185.0,,,,BHD,monthly,,,,,,,,Alhajiyat,,,26.128984451293945,50.58171463012695,,,,AHMED ALI ,,PARTLY,,,,,https://www.propertyfinder.bh/en/plp/rent/apartment-for-rent-southern-governorate-riffa-alhajiyat-55801956.html,2026-08-03T21:12:00.704076+00:00,2026-09-18T22:26:19.478872+00:00,46,2026-09-18T22:26:19.478872+00:00
2026-09-19,removed,55802202,,,Apartment,Closed Kitchen | 24HR Security | Gym | Internet,250.0,,,,BHD,monthly,,,,,,,,,,,26.207910537719727,50.587345123291016,,,,Christyl Lebosada,,YES,,,,,https://www.propertyfinder.bh/en/plp/rent/apartment-for-rent-capital-governorate-manama-mahooz-55802202.html,2026-08-03T21:12:00.704076+00:00,2026-09-18T22:26:19.478872+00:00,46,2026-09-18T22:26:19.478872+00:00
2026-09-19,removed,55803354,,,Apartment,Spacious Big 2 BHK New Flat For Rent In Riffa,180.0,,,,BHD,monthly,,,,,,,,,,,26.130512237548828,50.55546569824219,,,,salman siraj,,NO,,,,,https://www.propertyfinder.bh/en/plp/rent/apartment-for-rent-southern-governorate-riffa-974056.html,2026-08-03T21:12:00.704076+00:00,2026-09-18T22:26:19.478872+00:00,46,2026-09-18T22:26:19.478872+00:00
2026-09-19,removed,55803811,,,Apartment,Spacious 1 bedroom in Tubli with EWA | ACs,200.0,,,,BHD,monthly,,,,,,,,,,,26.188888549804688,50.54999923706055,,,,Abdul  Jabbar .,,PARTLY,,,,,https://www.propertyfinder.bh/en/plp/rent/apartment-for-rent-central-governorate-tubli-55803811.html,2026-08-04T21:18:19.994716+00:00,2026-09-18T22:26:19.478872+00:00,45,2026-09-18T22:26:19.478872+00:00
2026-09-19,removed,55803812,,,Apartment,Semi furnished 2 bedrooms flat with EWA | ACs,220.0,,,,BHD,monthly,,,,,,,,,,,26.21263313293457,50.67418670654297,,,,Abdul  Jabbar .,,PARTLY,,,,,https://www.propertyfinder.bh/en/plp/rent/apartment-for-rent-muharraq-governorate-hidd-55803812.html,2026-08-04T21:18:19.994716+00:00,2026-09-18T22:26:19.478872+00:00,45,2026-09-18T22:26:19.478872+00:00
2026-09-19,removed,55831596,,,Apartment,UNLIMITED ELECTRICITY | 2 AC PROVIDED | DUPLEX,250.0,,,,BHD,monthly,,,,,,,,,,,26.16529655456543,50.552181243896484,,,,Muhammad,,NO,,,,,https://www.propertyfinder.bh/en/plp/rent/apartment-for-rent-central-governorate-isa-town-55831596.html,2026-08-04T21:18:19.994716+00:00,2026-09-18T22:26:19.478872+00:00,45,2026-09-18T22:26:19.478872+00:00
2026-09-19,removed,55831799,,,Apartment,Spacious 3BHK Apartment/ Balcony/Near the Walkway,250.0,,,,BHD,monthly,,,,,,,,,,,26.188888549804688,50.54999923706055,,,,A. Mhaout,,NO,,,,,https://www.propertyfinder.bh/en/plp/rent/apartment-for-rent-central-governorate-tubli-55831799.html,2026-08-04T21:18:19.994716+00:00,2026-09-18T22:26:19.478872+00:00,45,2026-09-18T22:26:19.478872+00:00
2026-09-19,removed,55832994,,,Apartment,Furnished 1 bedroom with EWA | brand new building,250.0,,,,BHD,monthly,,,,,,,,,,,26.211111068725586,50.601112365722656,,,,Abdul  Jabbar .,,YES,,,,,https://www.propertyfinder.bh/en/plp/rent/apartment-for-rent-capital-governorate-al-juffair-55832994.html,2026-08-04T21:18:19.994716+00:00,2026-09-18T22:26:19.478872+00:00,45,2026-09-18T22:26:19.478872+00:00
2026-09-19,removed,55863232,,,Apartment,unlimited ewa | Balcony | covered parking,225.0,,,,BHD,monthly,,,,,,,,,,,26.188888549804688,50.54999923706055,,,,AHMED ALI ,,PARTLY,,,,,https://www.propertyfinder.bh/en/plp/rent/apartment-for-rent-central-governorate-tubli-55863232.html,2026-08-05T21:21:28.553228+00:00,2026-09-18T22:26:19.478872+00:00,44,2026-09-18T22:26:19.478872+00:00
2026-09-19,removed,55863320,,,Apartment,Inclusive  | semi furnished | near to services,190.0,,,,BHD,monthly,,,,,,,,,,,26.21263313293457,50.67418670654297,,,,AHMED ALI ,,PARTLY,,,,,https://www.propertyfinder.bh/en/plp/rent/apartment-for-rent-muharraq-governorate-hidd-55863320.html,2026-08-05T21:21:28.553228+00:00,2026-09-18T22:26:19.478872+00:00,44,2026-09-18T22:26:19.478872+00:00
2026-09-19,removed,55863365,,,Apartment,Furnished 1 bedroom with EWA | brand new building,230.0,,,,BHD,monthly,,,,,,,,,,,26.211111068725586,50.601112365722656,,,,Abdul  Jabbar .,,YES,,,,,https://www.propertyfinder.bh/en/plp/rent/apartment-for-rent-capital-governorate-al-juffair-55863365.html,2026-08-05T21:21:28.553228+00:00,2026-09-18T22:26:19.478872+00:00,44,2026-09-18T22:26:19.478872+00:00
2026-09-19,removed,55863457,,,Apartment,Spacious 2 bedrooms apartment with EWA | ACs,310.0,,,,BHD,monthly,,,,,,,,,,,26.239999771118164,50.5369987487793,,,,Abdul  Jabbar .,,PARTLY,,,,,https://www.propertyfinder.bh/en/plp/rent/apartment-for-rent-capital-governorate-seef-55863457.html,2026-08-05T21:21:28.553228+00:00,2026-09-18T22:26:19.478872+00:00,44,2026-09-18T22:26:19.478872+00:00
2026-09-19,removed,55978560,,,Villa,"Villa for Sale, Hamala, 3 Master, Last Unit",126000.0,,,,BHD,sell,,,,,,,,,,,26.140336990356445,50.478271484375,,,,Mohammed Salman,,NO,completed_primary,,,,https://www.propertyfinder.bh/en/plp/buy/villa-for-sale-northern-governorate-hamala-55978560.html,2026-08-09T20:40:10.613404+00:00,2026-09-18T22:26:19.478872+00:00,40,2026-09-18T22:26:19.478872+00:00
2026-09-19,removed,56096733,,,Villa,Lowest price |Brand new 4 Bedrooms villa | 188 Sqm,115000.0,,,,BHD,sell,,,,,,,,Diyar Al Muharraq,,,26.31142234802246,50.64306640625,,,,Shakeel Ahmad,,NO,completed,,,,https://www.propertyfinder.bh/en/plp/buy/villa-for-sale-muharraq-governorate-diyar-al-muharraq-56096733.html,2026-08-13T20:51:34.764467+00:00,2026-09-18T22:26:19.478872+00:00,36,2026-09-18T22:26:19.478872+00:00
2026-09-19,removed,56153155,,,Apartment,New| Modern | Housekeeping| 2 Balcony| CPR TAX,380.0,,,,BHD,monthly,,,,,,,,,,,26.211111068725586,50.601112365722656,,,,Mokhles Sayed ,,YES,,,,,https://www.propertyfinder.bh/en/plp/rent/apartment-for-rent-capital-governorate-al-juffair-56153155.html,2026-08-15T20:30:10.785226+00:00,2026-09-18T22:26:19.478872+00:00,34,2026-09-18T22:26:19.478872+00:00
2026-09-19,removed,56153669,,,Apartment,Sea View |Balcony | Kids Zone |Cinema | Store Room,1025.0,,,,BHD,monthly,,,,,,,,,,,26.241750717163086,50.5663948059082,,,,Charisse Villaruz,,YES,,,,,https://www.propertyfinder.bh/en/plp/rent/apartment-for-rent-capital-governorate-reef-island-56153669.html,2026-08-15T20:30:10.785226+00:00,2026-09-18T22:26:19.478872+00:00,34,2026-09-18T22:26:19.478872+00:00
2026-09-19,removed,56181465,,,Apartment,Cinema | Laundry Area |Function Hall | Spacious,350.0,,,,BHD,monthly,,,,,,,,,,,26.207910537719727,50.587345123291016,,,,Christyl Lebosada,,YES,,,,,https://www.propertyfinder.bh/en/plp/rent/apartment-for-rent-capital-governorate-manama-mahooz-56181465.html,2026-08-16T20:30:42.569281+00:00,2026-09-18T22:26:19.478872+00:00,33,2026-09-18T22:26:19.478872+00:00
2026-09-19,removed,56182305,,,Apartment,Luxury Fontana Pool And Sea View Maids room,82000.0,,,,BHD,sell,,,,,,,,,,,26.211111068725586,50.601112365722656,,,,Maher Alimadi,,YES,completed,,,,https://www.propertyfinder.bh/en/plp/buy/apartment-for-sale-capital-governorate-al-juffair-56182305.html,2026-08-16T20:30:42.569281+00:00,2026-09-18T22:26:19.478872+00:00,33,2026-09-18T22:26:19.478872+00:00
2026-09-19,removed,56182308,,,Apartment,Fontana Rented Navy Pool View With Maids Room,82000.0,,,,BHD,sell,,,,,,,,,,,26.211111068725586,50.601112365722656,,,,Maher Alimadi,,YES,completed,,,,https://www.propertyfinder.bh/en/plp/buy/apartment-for-sale-capital-governorate-al-juffair-56182308.html,2026-08-16T20:30:42.569281+00:00,2026-09-18T22:26:19.478872+00:00,33,2026-09-18T22:26:19.478872+00:00
2026-09-19,removed,56182763,,,Apartment,Spacious | Split AC | Gym | Internet | Parking,350.0,,,,BHD,monthly,,,,,,,,,,,26.214487075805664,50.584754943847656,,,,Christyl Lebosada,,YES,,,,,https://www.propertyfinder.bh/en/plp/rent/apartment-for-rent-capital-governorate-manama-adliya-56182763.html,2026-08-16T20:30:42.569281+00:00,2026-09-18T22:26:19.478872+00:00,33,2026-09-18T22:26:19.478872+00:00
2026-09-19,removed,56182981,,,Villa,SPACIOUS 4BR COMPOUND VILLA | PRIVATE POOL| GARDEN,1100.0,,,,BHD,monthly,,,,,,,,,,,26.19164276123047,50.48757553100586,,,,Alma Pepito,,PARTLY,,,,,https://www.propertyfinder.bh/en/plp/rent/villa-for-rent-northern-governorate-saar-56182981.html,2026-08-16T20:30:42.569281+00:00,2026-09-18T22:26:19.478872+00:00,33,2026-09-18T22:26:19.478872+00:00
2026-09-19,removed,56211514,,,Apartment,Unlimited 3 Bed flat in Tubli Inclusive Balcony,330.0,,,,BHD,monthly,,,,,,,,,,,26.188888549804688,50.54999923706055,,,,Ayman Jnedi,,PARTLY,,,,,https://www.propertyfinder.bh/en/plp/rent/apartment-for-rent-central-governorate-tubli-56211514.html,2026-08-17T20:33:43.482575+00:00,2026-09-18T22:26:19.478872+00:00,32,2026-09-18T22:26:19.478872+00:00
2026-09-19,removed,56211519,,,Apartment,5 Star Fcilities Balcony 1 Bed Dilmonia,330.0,,,,BHD,monthly,,,,,,,,Essence of Dilmunia,,,26.27286720275879,50.672889709472656,,,,Ayman Jnedi,,YES,,,,,https://www.propertyfinder.bh/en/plp/rent/apartment-for-rent-muharraq-governorate-dilmunia-island-essence-of-dilmunia-56211519.html,2026-08-17T20:33:43.482575+00:00,2026-09-18T22:26:19.478872+00:00,32,2026-09-18T22:26:19.478872+00:00
2026-09-19,removed,56211828,,,Apartment,Luxury Modern Apartment In Marassi,60000.0,,,,BHD,sell,,,,,,,,Diyar Al Muharraq,,,26.303447723388672,50.6461296081543,,,,Sara Bucheeri,,YES,completed,,,,https://www.propertyfinder.bh/en/plp/buy/apartment-for-sale-muharraq-governorate-diyar-al-muharraq-marassi-al-bahrain-56211828.html,2026-08-17T20:33:43.482575+00:00,2026-09-18T22:26:19.478872+00:00,32,2026-09-18T22:26:19.478872+00:00
2026-09-19,removed,56212057,,,Apartment,Pool | near highway | Balcony | spacious,230.0,,,,BHD,monthly,,,,,,,,,,,26.21263313293457,50.67418670654297,,,,AHMED ALI ,,PARTLY,,,,,https://www.propertyfinder.bh/en/plp/rent/apartment-for-rent-muharraq-governorate-hidd-56212057.html,2026-08-17T20:33:43.482575+00:00,2026-09-18T22:26:19.478872+00:00,32,2026-09-18T22:26:19.478872+00:00
2026-09-19,removed,56212059,,,Apartment,Inclusive ewa | balcony | central Ac | 2 master BR,250.0,,,,BHD,monthly,,,,,,,,,,,26.21263313293457,50.67418670654297,,,,AHMED ALI ,,PARTLY,,,,,https://www.propertyfinder.bh/en/plp/rent/apartment-for-rent-muharraq-governorate-hidd-56212059.html,2026-08-17T20:33:43.482575+00:00,2026-09-18T22:26:19.478872+00:00,32,2026-09-18T22:26:19.478872+00:00
2026-09-19,removed,56212063,,,Office Space,sea view | Semi furnished | near the highway,300.0,,,,BHD,monthly,,,,,,,,,,,26.21263313293457,50.67418670654297,,,,AHMED ALI ,,PARTLY,,,,,https://www.propertyfinder.bh/en/plp/commercial-rent/office-space-for-rent-muharraq-governorate-hidd-56212063.html,2026-08-17T20:33:43.482575+00:00,2026-09-18T22:26:19.478872+00:00,32,2026-09-18T22:26:19.478872+00:00
2026-09-19,removed,56212066,,,Apartment,Balcony | parking | lift | good price,170.0,,,,BHD,monthly,,,,,,,,,,,26.21263313293457,50.67418670654297,,,,AHMED ALI ,,NO,,,,,https://www.propertyfinder.bh/en/plp/rent/apartment-for-rent-muharraq-governorate-hidd-56212066.html,2026-08-17T20:33:43.482575+00:00,2026-09-18T22:26:19.478872+00:00,32,2026-09-18T22:26:19.478872+00:00
2026-09-19,removed,56212073,,,Apartment,Big windows | near Saar Mall | Semi furnished,200.0,,,,BHD,monthly,,,,,,,,,,,26.19164276123047,50.48757553100586,,,,AHMED ALI ,,PARTLY,,,,,https://www.propertyfinder.bh/en/plp/rent/apartment-for-rent-northern-governorate-saar-56212073.html,2026-08-17T20:33:43.482575+00:00,2026-09-18T22:26:19.478872+00:00,32,2026-09-18T22:26:19.478872+00:00
2026-09-19,removed,56212167,,,Apartment,Unparalleled Luxury | Stunning Sea Views | Onyx,550.0,,,,BHD,monthly,,,,,,,,,,,26.249584197998047,50.580360412597656,,,,Abijeet    ,,YES,,,,,https://www.propertyfinder.bh/en/plp/rent/apartment-for-rent-capital-governorate-bahrain-bay-56212167.html,2026-08-17T20:33:43.482575+00:00,2026-09-18T22:26:19.478872+00:00,32,2026-09-18T22:26:19.478872+00:00
2026-09-19,removed,56212187,,,Villa,Modern Villa | Private Pool | Beach |EWA Inclusive,1000.0,,,,BHD,monthly,,,,,,,,,,,26.213165283203125,50.447471618652344,,,,Abijeet    ,,PARTLY,,,,,https://www.propertyfinder.bh/en/plp/rent/villa-for-rent-northern-governorate-budaiya-56212187.html,2026-08-17T20:33:43.482575+00:00,2026-09-18T22:26:19.478872+00:00,32,2026-09-18T22:26:19.478872+00:00
2026-09-19,removed,56212190,,,Apartment,"Affordable, Spacious Family Flat | Don’t Miss Out",460.0,,,,BHD,monthly,,,,,,,,,,,26.21693992614746,50.57733154296875,,,,Abijeet    ,,YES,,,,,https://www.propertyfinder.bh/en/plp/rent/apartment-for-rent-capital-governorate-manama-segaya-56212190.html,2026-08-17T20:33:43.482575+00:00,2026-09-18T22:26:19.478872+00:00,32,2026-09-18T22:26:19.478872+00:00
2026-09-19,removed,56269111,,,Apartment,Modern | Luxury| Spacious | Elegant | Pet Friendly,550.0,,,,BHD,monthly,,,,,,,,,,,26.211111068725586,50.601112365722656,,,,Milkah Afandi,,YES,,,,,https://www.propertyfinder.bh/en/plp/rent/apartment-for-rent-capital-governorate-al-juffair-56269111.html,2026-08-19T20:36:20.718393+00:00,2026-09-18T22:26:19.478872+00:00,30,2026-09-18T22:26:19.478872+00:00
2026-09-19,removed,56269113,,,Apartment,Water Front | Luxury |5 Star Amenities | Inclusive,675.0,,,,BHD,monthly,,,,,,,,,,,26.211111068725586,50.601112365722656,,,,Milkah Afandi,,YES,,,,,https://www.propertyfinder.bh/en/plp/rent/apartment-for-rent-capital-governorate-al-juffair-56269113.html,2026-08-19T20:36:20.718393+00:00,2026-09-18T22:26:19.478872+00:00,30,2026-09-18T22:26:19.478872+00:00
2026-09-19,removed,56269114,,,Apartment,| Modern | Balcony | Sea View |,300.0,,,,BHD,monthly,,,,,,,,,,,26.211111068725586,50.601112365722656,,,,Milkah Afandi,,YES,,,,,https://www.propertyfinder.bh/en/plp/rent/apartment-for-rent-capital-governorate-al-juffair-56269114.html,2026-08-19T20:36:20.718393+00:00,2026-09-18T22:26:19.478872+00:00,30,2026-09-18T22:26:19.478872+00:00
2026-09-19,removed,56269115,,,Apartment,| Modern  | Luxury| Housekeeping,550.0,,,,BHD,monthly,,,,,,,,,,,26.211111068725586,50.601112365722656,,,,Milkah Afandi,,YES,,,,,https://www.propertyfinder.bh/en/plp/rent/apartment-for-rent-capital-governorate-al-juffair-56269115.html,2026-08-19T20:36:20.718393+00:00,2026-09-18T22:26:19.478872+00:00,30,2026-09-18T22:26:19.478872+00:00
2026-09-19,removed,56269116,,,Apartment,Sophisticated | Sea View | 5 Star Facilities |,450.0,,,,BHD,monthly,,,,,,,,,,,26.211111068725586,50.601112365722656,,,,Milkah Afandi,,YES,,,,,https://www.propertyfinder.bh/en/plp/rent/apartment-for-rent-capital-governorate-al-juffair-56269116.html,2026-08-19T20:36:20.718393+00:00,2026-09-18T22:26:19.478872+00:00,30,2026-09-18T22:26:19.478872+00:00
2026-09-19,removed,56269117,,,Apartment,Luxurious | 5 Star Amenities | Inclusive,375.0,,,,BHD,monthly,,,,,,,,,,,26.211111068725586,50.601112365722656,,,,Milkah Afandi,,YES,,,,,https://www.propertyfinder.bh/en/plp/rent/apartment-for-rent-capital-governorate-al-juffair-56269117.html,2026-08-19T20:36:20.718393+00:00,2026-09-18T22:26:19.478872+00:00,30,2026-09-18T22:26:19.478872+00:00
2026-09-19,removed,56269352,,,Villa,Saar | Modern | Luxury | Spacious Windows,330000.0,,,,BHD,sell,,,,,,,,,,,26.19164276123047,50.48757553100586,,,,Ali Almalek,,PARTLY,completed,,,,https://www.propertyfinder.bh/en/plp/buy/villa-for-sale-northern-governorate-saar-56269352.html,2026-08-19T20:36:20.718393+00:00,2026-09-18T22:26:19.478872+00:00,30,2026-09-18T22:26:19.478872+00:00
2026-09-19,removed,56269512,,,Apartment,BIG DEAL !! MODERN | FABULOUS | SPACIOUS FLAT,380.0,,,,BHD,monthly,,,,,,,,,,,26.214487075805664,50.584754943847656,,,,Antony Shaiju,,YES,,,,,https://www.propertyfinder.bh/en/plp/rent/apartment-for-rent-capital-governorate-manama-adliya-56269512.html,2026-08-19T20:36:20.718393+00:00,2026-09-18T22:26:19.478872+00:00,30,2026-09-18T22:26:19.478872+00:00
2026-09-19,removed,56269618,,,Apartment,Spacious Apartment | Large Terrace | Seef Center,550.0,,,,BHD,monthly,,,,,,,,,,,26.239999771118164,50.5369987487793,,,,Antony Shaiju,,YES,,,,,https://www.propertyfinder.bh/en/plp/rent/apartment-for-rent-capital-governorate-seef-56269618.html,2026-08-19T20:36:20.718393+00:00,2026-09-18T22:26:19.478872+00:00,30,2026-09-18T22:26:19.478872+00:00
2026-09-19,removed,56269625,,,Apartment,1 BR Furnished Apartment with Private Jacuzzi,450.0,,,,BHD,monthly,,,,,,,,,,,26.239999771118164,50.5369987487793,,,,Zain Shamsi,,YES,,,,,https://www.propertyfinder.bh/en/plp/rent/apartment-for-rent-capital-governorate-seef-56269625.html,2026-08-19T20:36:20.718393+00:00,2026-09-18T22:26:19.478872+00:00,30,2026-09-18T22:26:19.478872+00:00
2026-09-19,removed,56269629,,,Apartment,Family Oriented I Great View I Maids RoomI Balcony,550.0,,,,BHD,monthly,,,,,,,,,,,26.241750717163086,50.5663948059082,,,,Antony Shaiju,,YES,,,,,https://www.propertyfinder.bh/en/plp/rent/apartment-for-rent-capital-governorate-reef-island-56269629.html,2026-08-19T20:36:20.718393+00:00,2026-09-18T22:26:19.478872+00:00,30,2026-09-18T22:26:19.478872+00:00
2026-09-19,removed,56269692,,,Villa,Modern Family Villa | Pool | Gym | Lush Garden,650.0,,,,BHD,monthly,,,,,,,,,,,26.185943603515625,50.46711349487305,,,,Antony Shaiju,,PARTLY,,,,,https://www.propertyfinder.bh/en/plp/rent/villa-for-rent-northern-governorate-janabiya-56269692.html,2026-08-19T20:36:20.718393+00:00,2026-09-18T22:26:19.478872+00:00,30,2026-09-18T22:26:19.478872+00:00
2026-09-19,removed,56269697,,,Apartment,Furnished 1 BR Apartment with Private Jacuzzi,72000.0,,,,BHD,sell,,,,,,,,,,,26.239999771118164,50.5369987487793,,,,Zain Shamsi,,YES,completed,,,,https://www.propertyfinder.bh/en/plp/buy/apartment-for-sale-capital-governorate-seef-56269697.html,2026-08-19T20:36:20.718393+00:00,2026-09-18T22:26:19.478872+00:00,30,2026-09-18T22:26:19.478872+00:00
2026-09-19,removed,56269732,,,Apartment,1 BR Furnished Apartment with Private Jacuzzi,400.0,,,,BHD,monthly,,,,,,,,,,,26.239999771118164,50.5369987487793,,,,Zain Shamsi,,YES,,,,,https://www.propertyfinder.bh/en/plp/rent/apartment-for-rent-capital-governorate-seef-56269732.html,2026-08-19T20:36:20.718393+00:00,2026-09-18T22:26:19.478872+00:00,30,2026-09-18T22:26:19.478872+00:00
2026-09-19,removed,56269797,,,Apartment,2-Bedroom | Balcony Pool Gym |Lobby | Maintenance,400.0,,,,BHD,monthly,,,,,,,,Amwaj Avenue,,,26.29302978515625,50.66474151611328,,,,Abid Siddique,,YES,,,,,https://www.propertyfinder.bh/en/plp/rent/apartment-for-rent-muharraq-governorate-amwaj-islands-amwaj-avenue-56269797.html,2026-08-19T20:36:20.718393+00:00,2026-09-18T22:26:19.478872+00:00,30,2026-09-18T22:26:19.478872+00:00
2026-09-19,removed,56269806,,,Apartment,Spacious I House Keeping I Balcony I Tax I Wifi,350.0,,,,BHD,monthly,,,,,,,,,,,26.214487075805664,50.584754943847656,,,,Antony Shaiju,,YES,,,,,https://www.propertyfinder.bh/en/plp/rent/apartment-for-rent-capital-governorate-manama-adliya-56269806.html,2026-08-19T20:36:20.718393+00:00,2026-09-18T22:26:19.478872+00:00,30,2026-09-18T22:26:19.478872+00:00
2026-09-19,removed,56269809,,,Penthouse,Spacious | Furnished I Penthouse I Huge Terrace |,400.0,,,,BHD,monthly,,,,,,,,,,,26.214487075805664,50.584754943847656,,,,Antony Shaiju,,YES,,,,,https://www.propertyfinder.bh/en/plp/rent/penthouse-for-rent-capital-governorate-manama-adliya-56269809.html,2026-08-19T20:36:20.718393+00:00,2026-09-18T22:26:19.478872+00:00,30,2026-09-18T22:26:19.478872+00:00
2026-09-19,removed,56269964,,,Duplex,Luxury 3BR Duplex | Pool Gym balcony |Lobby | Lift,650.0,,,,BHD,monthly,,,,,,,,Amwaj Avenue,,,26.29302978515625,50.66474151611328,,,,Abid Siddique,,YES,,,,,https://www.propertyfinder.bh/en/plp/rent/duplex-for-rent-muharraq-governorate-amwaj-islands-amwaj-avenue-56269964.html,2026-08-19T20:36:20.718393+00:00,2026-09-18T22:26:19.478872+00:00,30,2026-09-18T22:26:19.478872+00:00
2026-09-19,removed,56269970,,,Apartment,Balcony close kitchen King Hamad hospital,260.0,,,,BHD,monthly,,,,,,,,,,,26.27199935913086,50.60900115966797,,,,Ayman Jnedi,,PARTLY,,,,,https://www.propertyfinder.bh/en/plp/rent/apartment-for-rent-muharraq-governorate-busaiteen-56269970.html,2026-08-19T20:36:20.718393+00:00,2026-09-18T22:26:19.478872+00:00,30,2026-09-18T22:26:19.478872+00:00
2026-09-19,removed,56270031,,,Apartment,25% Downpay •2BR • Sale • Bay • Marine Views,137888.0,,,,BHD,sell,,,,,,,,Diyar Al Muharraq,,,26.303447723388672,50.6461296081543,,,,Hana Parvez,,PARTLY,completed_primary,,,,https://www.propertyfinder.bh/en/plp/buy/apartment-for-sale-muharraq-governorate-diyar-al-muharraq-marassi-al-bahrain-56270031.html,2026-08-19T20:36:20.718393+00:00,2026-09-18T22:26:19.478872+00:00,30,2026-09-18T22:26:19.478872+00:00
2026-09-19,removed,56270081,,,Apartment,Balcony | Sea View | Spacious | Game Room |,650.0,,,,BHD,monthly,,,,,,,,,,,26.239999771118164,50.5369987487793,,,,Charisse Villaruz,,YES,,,,,https://www.propertyfinder.bh/en/plp/rent/apartment-for-rent-capital-governorate-seef-56270081.html,2026-08-19T20:36:20.718393+00:00,2026-09-18T22:26:19.478872+00:00,30,2026-09-18T22:26:19.478872+00:00
2026-09-19,removed,56270089,,,Apartment,Lower Floor Building I Safe AreaI Balcony I Wifi,300.0,,,,BHD,monthly,,,,,,,,,,,26.211111068725586,50.601112365722656,,,,Antony Shaiju,,YES,,,,,https://www.propertyfinder.bh/en/plp/rent/apartment-for-rent-capital-governorate-al-juffair-56270089.html,2026-08-19T20:36:20.718393+00:00,2026-09-18T22:26:19.478872+00:00,30,2026-09-18T22:26:19.478872+00:00
2026-09-19,removed,56270092,,,Apartment,Modern I House Keeping I Great Facilities I WiFi,300.0,,,,BHD,monthly,,,,,,,,,,,26.211111068725586,50.601112365722656,,,,Antony Shaiju,,YES,,,,,https://www.propertyfinder.bh/en/plp/rent/apartment-for-rent-capital-governorate-al-juffair-56270092.html,2026-08-19T20:36:20.718393+00:00,2026-09-18T22:26:19.478872+00:00,30,2026-09-18T22:26:19.478872+00:00
2026-09-19,removed,56270093,,,Apartment,Close Kitchen high floor Pool Gym Balcony Sale,48000.0,,,,BHD,sell,,,,,,,,,,,26.211111068725586,50.601112365722656,,,,Ayman Jnedi,,YES,completed,,,,https://www.propertyfinder.bh/en/plp/buy/apartment-for-sale-capital-governorate-al-juffair-56270093.html,2026-08-19T20:36:20.718393+00:00,2026-09-18T22:26:19.478872+00:00,30,2026-09-18T22:26:19.478872+00:00
2026-09-19,removed,56270123,,,Apartment,Lush Green • Terraces • 2BR • Amenities,109888.0,,,,BHD,sell,,,,,,,,Diyar Al Muharraq,,,26.303447723388672,50.6461296081543,,,,Hana Parvez,,PARTLY,completed_primary,,,,https://www.propertyfinder.bh/en/plp/buy/apartment-for-sale-muharraq-governorate-diyar-al-muharraq-marassi-al-bahrain-56270123.html,2026-08-19T20:36:20.718393+00:00,2026-09-18T22:26:19.478872+00:00,30,2026-09-18T22:26:19.478872+00:00
2026-09-19,removed,56270162,,,Apartment,Near Saar inclusive Spacious 3 Bed,330.0,,,,BHD,monthly,,,,,,,,,,,26.19164276123047,50.48757553100586,,,,Ayman Jnedi,,PARTLY,,,,,https://www.propertyfinder.bh/en/plp/rent/apartment-for-rent-northern-governorate-saar-56270162.html,2026-08-19T20:36:20.718393+00:00,2026-09-18T22:26:19.478872+00:00,30,2026-09-18T22:26:19.478872+00:00
2026-09-19,removed,56270172,,,Apartment,3 bed Spacious flat in Burahama,370.0,,,,BHD,monthly,,,,,,,,,,,26.21672821044922,50.55367660522461,,,,Ayman Jnedi,,YES,,,,,https://www.propertyfinder.bh/en/plp/rent/apartment-for-rent-capital-governorate-manama-al-burhama-56270172.html,2026-08-19T20:36:20.718393+00:00,2026-09-18T22:26:19.478872+00:00,30,2026-09-18T22:26:19.478872+00:00
2026-09-19,removed,56270179,,,Apartment,Balcony Pool Gym 2 Bed in Adliya,350.0,,,,BHD,monthly,,,,,,,,,,,26.214487075805664,50.584754943847656,,,,Ayman Jnedi,,YES,,,,,https://www.propertyfinder.bh/en/plp/rent/apartment-for-rent-capital-governorate-manama-adliya-56270179.html,2026-08-19T20:36:20.718393+00:00,2026-09-18T22:26:19.478872+00:00,30,2026-09-18T22:26:19.478872+00:00
2026-09-19,removed,56270185,,,Apartment,Near Al Merkado mall 3 Bed Janabiya,360.0,,,,BHD,monthly,,,,,,,,,,,26.185943603515625,50.46711349487305,,,,Ayman Jnedi,,YES,,,,,https://www.propertyfinder.bh/en/plp/rent/apartment-for-rent-northern-governorate-janabiya-56270185.html,2026-08-19T20:36:20.718393+00:00,2026-09-18T22:26:19.478872+00:00,30,2026-09-18T22:26:19.478872+00:00
2026-09-19,removed,56270234,,,Apartment,Brand New Luxury 2BR + Maid’s Room Apartment,700.0,,,,BHD,monthly,,,,,,,,,,,26.239999771118164,50.5369987487793,,,,Antony Shaiju,,YES,,,,,https://www.propertyfinder.bh/en/plp/rent/apartment-for-rent-capital-governorate-seef-56270234.html,2026-08-19T20:36:20.718393+00:00,2026-09-18T22:26:19.478872+00:00,30,2026-09-18T22:26:19.478872+00:00
2026-09-19,removed,56270237,,,Apartment,Sea View | Spacious | Kids Play Zone | Balcony,400.0,,,,BHD,monthly,,,,,,,,,,,26.239999771118164,50.5369987487793,,,,Charisse Villaruz,,YES,,,,,https://www.propertyfinder.bh/en/plp/rent/apartment-for-rent-capital-governorate-seef-56270237.html,2026-08-19T20:36:20.718393+00:00,2026-09-18T22:26:19.478872+00:00,30,2026-09-18T22:26:19.478872+00:00
2026-09-19,removed,56270246,,,Apartment,Near King Hamad Hospital I Family I Gas Cooking,400.0,,,,BHD,monthly,,,,,,,,,,,26.27199935913086,50.60900115966797,,,,Antony Shaiju,,YES,,,,,https://www.propertyfinder.bh/en/plp/rent/apartment-for-rent-muharraq-governorate-busaiteen-56270246.html,2026-08-19T20:36:20.718393+00:00,2026-09-18T22:26:19.478872+00:00,30,2026-09-18T22:26:19.478872+00:00
2026-09-19,removed,56270265,,,Apartment,Panoramic  View I Store I Spacious I Huge Balcony,500.0,,,,BHD,monthly,,,,,,,,Sanabis,,,26.226558685302734,50.5459098815918,,,,Antony Shaiju,,YES,,,,,https://www.propertyfinder.bh/en/plp/rent/apartment-for-rent-capital-governorate-manama-sanabis-56270265.html,2026-08-19T20:36:20.718393+00:00,2026-09-18T22:26:19.478872+00:00,30,2026-09-18T22:26:19.478872+00:00
2026-09-19,removed,56270417,,,Land,Prime Residential Land for Sale in Diyar AlMuharaq,90000.0,,,,BHD,sell,,,,,,,,Diyar Al Muharraq,Al Noor,,26.311420440673828,50.64306640625,,,,Mohamed Khaled,,,,,,,https://www.propertyfinder.bh/en/plp/buy/land-for-sale-muharraq-governorate-diyar-al-muharraq-al-noor-56270417.html,2026-08-19T20:36:20.718393+00:00,2026-09-18T22:26:19.478872+00:00,30,2026-09-18T22:26:19.478872+00:00
2026-09-19,removed,56270446,,,Land,Large | Corner | Special | Prime Location,120000.0,,,,BHD,sell,,,,,,,,,,,26.12916374206543,50.49860763549805,,,,Ali Almalek,,,,,,,https://www.propertyfinder.bh/en/plp/buy/land-for-sale-northern-governorate-hamad-town-56270446.html,2026-08-19T20:36:20.718393+00:00,2026-09-18T22:26:19.478872+00:00,30,2026-09-18T22:26:19.478872+00:00
2026-09-19,removed,56270447,,,Apartment,Sea View I Maids Room I Modern I Balcony I Wifi,430.0,,,,BHD,monthly,,,,,,,,,,,26.211111068725586,50.601112365722656,,,,Antony Shaiju,,YES,,,,,https://www.propertyfinder.bh/en/plp/rent/apartment-for-rent-capital-governorate-al-juffair-56270447.html,2026-08-19T20:36:20.718393+00:00,2026-09-18T22:26:19.478872+00:00,30,2026-09-18T22:26:19.478872+00:00
2026-09-19,removed,56270451,,,Apartment,Huge Family Building I Closed Kitchen I Inclusive,310.0,,,,BHD,monthly,,,,,,,,,,,26.211111068725586,50.601112365722656,,,,Antony Shaiju,,YES,,,,,https://www.propertyfinder.bh/en/plp/rent/apartment-for-rent-capital-governorate-al-juffair-56270451.html,2026-08-19T20:36:20.718393+00:00,2026-09-18T22:26:19.478872+00:00,30,2026-09-18T22:26:19.478872+00:00
2026-09-19,removed,56270453,,,Apartment,Luxury 2 Bedroom | Close to Oasis Mall | Balcony,360.0,,,,BHD,monthly,,,,,,,,,,,26.211111068725586,50.601112365722656,,,,JUNAID MUNAWAR,,YES,,,,,https://www.propertyfinder.bh/en/plp/rent/apartment-for-rent-capital-governorate-al-juffair-56270453.html,2026-08-19T20:36:20.718393+00:00,2026-09-18T22:26:19.478872+00:00,30,2026-09-18T22:26:19.478872+00:00
2026-09-19,removed,56270577,,,Villa,Elegant Standalone Villa | Prime Location | EWA,700.0,,,,BHD,monthly,,,,,,,,,,,26.239999771118164,50.5369987487793,,,,Antony Shaiju,,PARTLY,,,,,https://www.propertyfinder.bh/en/plp/rent/villa-for-rent-capital-governorate-seef-56270577.html,2026-08-19T20:36:20.718393+00:00,2026-09-18T22:26:19.478872+00:00,30,2026-09-18T22:26:19.478872+00:00
2026-09-19,removed,56270645,,,Villa,Spacious Villa | Private Pool | Private Garden,550.0,,,,BHD,monthly,,,,,,,,,,,26.19164276123047,50.48757553100586,,,,Antony Shaiju,,PARTLY,,,,,https://www.propertyfinder.bh/en/plp/rent/villa-for-rent-northern-governorate-saar-56270645.html,2026-08-19T20:36:20.718393+00:00,2026-09-18T22:26:19.478872+00:00,30,2026-09-18T22:26:19.478872+00:00
2026-09-19,removed,56270789,,,Apartment,ULTRA SPACIOUS | BRIGHT | 3 BR | JUFFAIR,450.0,,,,BHD,monthly,,,,,,,,,,,26.211111068725586,50.601112365722656,,,,JUNAID MUNAWAR,,YES,,,,,https://www.propertyfinder.bh/en/plp/rent/apartment-for-rent-capital-governorate-al-juffair-56270789.html,2026-08-19T20:36:20.718393+00:00,2026-09-18T22:26:19.478872+00:00,30,2026-09-18T22:26:19.478872+00:00
2026-09-19,removed,56270824,,,Apartment,Spacious 1 BR | Pocket friendly | Housekeeping,280.0,,,,BHD,monthly,,,,,,,,,,,26.211111068725586,50.601112365722656,,,,JUNAID MUNAWAR,,YES,,,,,https://www.propertyfinder.bh/en/plp/rent/apartment-for-rent-capital-governorate-al-juffair-56270824.html,2026-08-19T20:36:20.718393+00:00,2026-09-18T22:26:19.478872+00:00,30,2026-09-18T22:26:19.478872+00:00
2026-09-19,removed,56270868,,,Apartment,BEAUTIFUL 1 BEDROOM |HUGE BALCONY |FULLY FURNISHED,345.0,,,,BHD,monthly,,,,,,,,Tala Island,,,26.300025939941406,50.66316223144531,,,,JUNAID MUNAWAR,,YES,,,,,https://www.propertyfinder.bh/en/plp/rent/apartment-for-rent-muharraq-governorate-amwaj-islands-tala-island-56270868.html,2026-08-19T20:36:20.718393+00:00,2026-09-18T22:26:19.478872+00:00,30,2026-09-18T22:26:19.478872+00:00
2026-09-19,removed,56270872,,,Apartment,Spacious Studio | Premium Facilities | Juffair,265.0,,,,BHD,monthly,,,,,,,,,,,26.211111068725586,50.601112365722656,,,,JUNAID MUNAWAR,,YES,,,,,https://www.propertyfinder.bh/en/plp/rent/apartment-for-rent-capital-governorate-al-juffair-56270872.html,2026-08-19T20:36:20.718393+00:00,2026-09-18T22:26:19.478872+00:00,30,2026-09-18T22:26:19.478872+00:00
2026-09-19,removed,56270921,,,Villa,Private Pool / Compound / GYM / Maid Room,1000.0,,,,BHD,monthly,,,,,,,,,,,26.19164276123047,50.48757553100586,,,,Arshad Thasim,,YES,,,,,https://www.propertyfinder.bh/en/plp/rent/villa-for-rent-northern-governorate-saar-56270921.html,2026-08-19T20:36:20.718393+00:00,2026-09-18T22:26:19.478872+00:00,30,2026-09-18T22:26:19.478872+00:00
2026-09-19,removed,56270946,,,Apartment,Beautiful / Neat & Clean /Family Bld / KSA,350.0,,,,BHD,monthly,,,,,,,,,,,26.185943603515625,50.46711349487305,,,,Arshad Thasim,,YES,,,,,https://www.propertyfinder.bh/en/plp/rent/apartment-for-rent-northern-governorate-janabiya-56270946.html,2026-08-19T20:36:20.718393+00:00,2026-09-18T22:26:19.478872+00:00,30,2026-09-18T22:26:19.478872+00:00
2026-09-19,removed,56270950,,,Apartment,Beautiful / 1 BHK / Stunning / KSA / Janabiya,320.0,,,,BHD,monthly,,,,,,,,,,,26.185943603515625,50.46711349487305,,,,Arshad Thasim,,YES,,,,,https://www.propertyfinder.bh/en/plp/rent/apartment-for-rent-northern-governorate-janabiya-56270950.html,2026-08-19T20:36:20.718393+00:00,2026-09-18T22:26:19.478872+00:00,30,2026-09-18T22:26:19.478872+00:00
2026-09-19,removed,56271067,,,Villa,Compound / Private Pool / Garden / Tennis / Saar,550.0,,,,BHD,monthly,,,,,,,,,,,26.19164276123047,50.48757553100586,,,,Arshad Thasim,,PARTLY,,,,,https://www.propertyfinder.bh/en/plp/rent/villa-for-rent-northern-governorate-saar-56271067.html,2026-08-19T20:36:20.718393+00:00,2026-09-18T22:26:19.478872+00:00,30,2026-09-18T22:26:19.478872+00:00
2026-09-19,removed,56271083,,,Apartment,Sea View I Balcoy I Modern I Great Facilities,475.0,,,,BHD,monthly,,,,,,,,,,,26.211111068725586,50.601112365722656,,,,Antony Shaiju,,YES,,,,,https://www.propertyfinder.bh/en/plp/rent/apartment-for-rent-capital-governorate-al-juffair-56271083.html,2026-08-19T20:36:20.718393+00:00,2026-09-18T22:26:19.478872+00:00,30,2026-09-18T22:26:19.478872+00:00
2026-09-19,removed,56271087,,,Apartment,Premium Reef Island Living | Spectacular Views,600.0,,,,BHD,monthly,,,,,,,,,,,26.241750717163086,50.5663948059082,,,,Antony Shaiju,,PARTLY,,,,,https://www.propertyfinder.bh/en/plp/rent/apartment-for-rent-capital-governorate-reef-island-56271087.html,2026-08-19T20:36:20.718393+00:00,2026-09-18T22:26:19.478872+00:00,30,2026-09-18T22:26:19.478872+00:00
2026-09-19,removed,56271091,,,Apartment,Spacious Luxury Apartment with Premium Amenities,625.0,,,,BHD,monthly,,,,,,,,,,,26.211111068725586,50.601112365722656,,,,Antony Shaiju,,YES,,,,,https://www.propertyfinder.bh/en/plp/rent/apartment-for-rent-capital-governorate-al-juffair-56271091.html,2026-08-19T20:36:20.718393+00:00,2026-09-18T22:26:19.478872+00:00,30,2026-09-18T22:26:19.478872+00:00
2026-09-19,removed,56271092,,,Apartment,Modern  I Family Oriented I Spacious I WIFI,500.0,,,,BHD,monthly,,,,,,,,,,,26.207910537719727,50.587345123291016,,,,Antony Shaiju,,YES,,,,,https://www.propertyfinder.bh/en/plp/rent/apartment-for-rent-capital-governorate-manama-mahooz-56271092.html,2026-08-19T20:36:20.718393+00:00,2026-09-18T22:26:19.478872+00:00,30,2026-09-18T22:26:19.478872+00:00
2026-09-19,removed,56271119,,,Apartment,Luxury 1BHK | Pool Gym balcony | Lobby Sauna Steam,350.0,,,,BHD,monthly,,,,,,,,Amwaj Avenue,,,26.29302978515625,50.66474151611328,,,,Abid Siddique,,YES,,,,,https://www.propertyfinder.bh/en/plp/rent/apartment-for-rent-muharraq-governorate-amwaj-islands-amwaj-avenue-56271119.html,2026-08-19T20:36:20.718393+00:00,2026-09-18T22:26:19.478872+00:00,30,2026-09-18T22:26:19.478872+00:00
2026-09-19,removed,56271125,,,Apartment,2+1 BR |Pool Gym | Balcony | Maids Room/Office,450.0,,,,BHD,monthly,,,,,,,,Amwaj Avenue,,,26.29302978515625,50.66474151611328,,,,Abid Siddique,,YES,,,,,https://www.propertyfinder.bh/en/plp/rent/apartment-for-rent-muharraq-governorate-amwaj-islands-amwaj-avenue-56271125.html,2026-08-19T20:36:20.718393+00:00,2026-09-18T22:26:19.478872+00:00,30,2026-09-18T22:26:19.478872+00:00
2026-09-19,removed,56271131,,,Apartment,Spacious 1 Bedroom | Fully Furnished | Internet,330.0,,,,BHD,monthly,,,,,,,,,,,26.185943603515625,50.46711349487305,,,,Zain Jabbar,,YES,,,,,https://www.propertyfinder.bh/en/plp/rent/apartment-for-rent-northern-governorate-janabiya-56271131.html,2026-08-19T20:36:20.718393+00:00,2026-09-18T22:26:19.478872+00:00,30,2026-09-18T22:26:19.478872+00:00
2026-09-19,removed,56271185,,,Apartment,Freehold|payment plan | Garden | Rented| Best deal,93000.0,,,,BHD,sell,,,,,,,,,,,26.241750717163086,50.5663948059082,,,,Abdul Wahab,,YES,completed,,,,https://www.propertyfinder.bh/en/plp/buy/apartment-for-sale-capital-governorate-reef-island-56271185.html,2026-08-19T20:36:20.718393+00:00,2026-09-18T22:26:19.478872+00:00,30,2026-09-18T22:26:19.478872+00:00
2026-09-19,removed,56271275,,,Apartment,Furnished 2 BHK | 280 Re| EWA 50BD | ACs|Pool |Hhh,280.0,,,,BHD,monthly,,,,,,,,,,,26.211111068725586,50.601112365722656,,,,Abdul  Jabbar .,,YES,,,,,https://www.propertyfinder.bh/en/plp/rent/apartment-for-rent-capital-governorate-al-juffair-56271275.html,2026-08-19T20:36:20.718393+00:00,2026-09-18T22:26:19.478872+00:00,30,2026-09-18T22:26:19.478872+00:00
2026-09-19,removed,56271283,,,Apartment,Studio Flat  180 rent | unlimited EWA | AC | Hhh,180.0,,,,BHD,monthly,,,,,,,,,,,26.211111068725586,50.601112365722656,,,,Abdul  Jabbar .,,NO,,,,,https://www.propertyfinder.bh/en/plp/rent/apartment-for-rent-capital-governorate-al-juffair-56271283.html,2026-08-19T20:36:20.718393+00:00,2026-09-18T22:26:19.478872+00:00,30,2026-09-18T22:26:19.478872+00:00
2026-09-19,removed,56271291,,,Bulk Rent Unit,OFFICE SPACE| COMMERCIAL| 3 ROOM| LIFT|PARKNG|MY,280.0,,,,BHD,monthly,,,,,,,,Alhajiyat,,,26.128984451293945,50.58171463012695,,,,Nayla Tabussam,,PARTLY,,,,,https://www.propertyfinder.bh/en/plp/commercial-rent/bulk-rent-unit-for-rent-southern-governorate-riffa-alhajiyat-56271291.html,2026-08-19T20:36:20.718393+00:00,2026-09-18T22:26:19.478872+00:00,30,2026-09-18T22:26:19.478872+00:00
2026-09-19,removed,56271293,,,Apartment,1 BHK flat | rent 195 | 25 BHD | Sea view | Hhh,195.0,,,,BHD,monthly,,,,,,,,,,,26.266666412353516,50.650001525878906,,,,Abdul  Jabbar .,,NO,,,,,https://www.propertyfinder.bh/en/plp/rent/apartment-for-rent-muharraq-governorate-galali-56271293.html,2026-08-19T20:36:20.718393+00:00,2026-09-18T22:26:19.478872+00:00,30,2026-09-18T22:26:19.478872+00:00
2026-09-19,removed,56271303,,,Apartment,Beautiful 1BR | Balcony Seaview | SEEF,370.0,,,,BHD,monthly,,,,,,,,,,,26.239999771118164,50.5369987487793,,,,JUNAID MUNAWAR,,YES,,,,,https://www.propertyfinder.bh/en/plp/rent/apartment-for-rent-capital-governorate-seef-56271303.html,2026-08-19T20:36:20.718393+00:00,2026-09-18T22:26:19.478872+00:00,30,2026-09-18T22:26:19.478872+00:00
2026-09-19,removed,56271317,,,Apartment,Stunning 1 BR | Balcony cityview | SEEF,400.0,,,,BHD,monthly,,,,,,,,,,,26.239999771118164,50.5369987487793,,,,JUNAID MUNAWAR,,YES,,,,,https://www.propertyfinder.bh/en/plp/rent/apartment-for-rent-capital-governorate-seef-56271317.html,2026-08-19T20:36:20.718393+00:00,2026-09-18T22:26:19.478872+00:00,30,2026-09-18T22:26:19.478872+00:00
2026-09-19,removed,56271326,,,Apartment,FREEHOLD|0%INTEREST| MODERN |FULLY FURNISHED,109888.0,,,,BHD,sell,,,,,,,,Diyar Al Muharraq,,,26.303447723388672,50.6461296081543,,,,Moueen Charfi,,YES,completed_primary,,,,https://www.propertyfinder.bh/en/plp/buy/apartment-for-sale-muharraq-governorate-diyar-al-muharraq-marassi-al-bahrain-56271326.html,2026-08-19T20:36:20.718393+00:00,2026-09-18T22:26:19.478872+00:00,30,2026-09-18T22:26:19.478872+00:00
2026-09-19,removed,56271420,,,Apartment,"Budget Friendly, Spacious, Closed Kitchen,FU",140.0,,,,BHD,monthly,,,,,,,,,,,26.27199935913086,50.60900115966797,,,,Nayla Tabussam,,NO,,,,,https://www.propertyfinder.bh/en/plp/rent/apartment-for-rent-muharraq-governorate-busaiteen-56271420.html,2026-08-20T20:40:12.466755+00:00,2026-09-18T22:26:19.478872+00:00,29,2026-09-18T22:26:19.478872+00:00
2026-09-19,removed,56271428,,,Apartment,"2BHK Unfurnished,Spacious,Pocket Friendly,FU",140.0,,,,BHD,monthly,,,,,,,,,,,26.27199935913086,50.60900115966797,,,,Nayla Tabussam,,NO,,,,,https://www.propertyfinder.bh/en/plp/rent/apartment-for-rent-muharraq-governorate-busaiteen-56271428.html,2026-08-20T20:40:12.466755+00:00,2026-09-18T22:26:19.478872+00:00,29,2026-09-18T22:26:19.478872+00:00
2026-09-19,removed,56271445,,,Apartment,"Bright, Looks New, Spacious, Near Nesto,Parking,FU",240.0,,,,BHD,monthly,,,,,,,,,,,26.27199935913086,50.60900115966797,,,,Nayla Tabussam,,PARTLY,,,,,https://www.propertyfinder.bh/en/plp/rent/apartment-for-rent-muharraq-governorate-busaiteen-56271445.html,2026-08-20T20:40:12.466755+00:00,2026-09-18T22:26:19.478872+00:00,29,2026-09-18T22:26:19.478872+00:00
2026-09-19,removed,56299212,,,Apartment,Spacious 2 BHK Apartment /pool / unlimited Ewa,380.0,,,,BHD,monthly,,,,,,,,,,,26.266666412353516,50.650001525878906,,,,A. Mhaout,,YES,,,,,https://www.propertyfinder.bh/en/plp/rent/apartment-for-rent-muharraq-governorate-galali-56299212.html,2026-08-20T20:40:12.466755+00:00,2026-09-18T22:26:19.478872+00:00,29,2026-09-18T22:26:19.478872+00:00
2026-09-19,removed,56299214,,,Apartment,Spacious unfurnished BHK / Prime Location/ Ground,200.0,,,,BHD,monthly,,,,,,,,,,,26.266666412353516,50.650001525878906,,,,A. Mhaout,,NO,,,,,https://www.propertyfinder.bh/en/plp/rent/apartment-for-rent-muharraq-governorate-galali-56299214.html,2026-08-20T20:40:12.466755+00:00,2026-09-18T22:26:19.478872+00:00,29,2026-09-18T22:26:19.478872+00:00
2026-09-19,removed,56299400,,,Whole Building,GOLDEN INVESTMENT | MIXED-USE | PRIME LOCATION,650000.0,,,,BHD,sell,,,,,,,,,,,26.21693992614746,50.57733154296875,,,,Adeel Ajaz,,YES,completed,,,,https://www.propertyfinder.bh/en/plp/buy/whole-building-for-sale-capital-governorate-manama-segaya-56299400.html,2026-08-20T20:40:12.466755+00:00,2026-09-18T22:26:19.478872+00:00,29,2026-09-18T22:26:19.478872+00:00
2026-09-19,removed,56299421,,,Apartment,WELL FURNISHED | HOUSEKEEPING | PRIME LOCATION,350.0,,,,BHD,monthly,,,,,,,,,,,26.239999771118164,50.5369987487793,,,,Adeel Ajaz,,YES,,,,,https://www.propertyfinder.bh/en/plp/rent/apartment-for-rent-capital-governorate-seef-56299421.html,2026-08-20T20:40:12.466755+00:00,2026-09-18T22:26:19.478872+00:00,29,2026-09-18T22:26:19.478872+00:00
2026-09-19,removed,56299443,,,Apartment,Sea View | Floor to Ceiling Windows | BFH,89000.0,,,,BHD,sell,,,,,,,,Bahrain Financial Harbour,,,26.23778533935547,50.57342529296875,,,,Adeel Ajaz,,YES,completed,,,,https://www.propertyfinder.bh/en/plp/buy/apartment-for-sale-capital-governorate-manama-bahrain-financial-harbour-56299443.html,2026-08-20T20:40:12.466755+00:00,2026-09-18T22:26:19.478872+00:00,29,2026-09-18T22:26:19.478872+00:00
2026-09-19,removed,56299454,,,Apartment,BEST BEACHFRONT INVESTMENT| POOL+GYM |MARASSI MALL,137888.0,,,,BHD,sell,,,,,,,,Diyar Al Muharraq,,,26.303447723388672,50.6461296081543,,,,Fadi Eweida,,YES,completed_primary,,,,https://www.propertyfinder.bh/en/plp/buy/apartment-for-sale-muharraq-governorate-diyar-al-muharraq-marassi-al-bahrain-56299454.html,2026-08-20T20:40:12.466755+00:00,2026-09-18T22:26:19.478872+00:00,29,2026-09-18T22:26:19.478872+00:00
2026-09-19,removed,56299455,,,Apartment,HOTTEST INVESTMENT |SEA-VIEW+POOL+GYM|MARASSI MALL,109888.0,,,,BHD,sell,,,,,,,,Diyar Al Muharraq,,,26.303447723388672,50.6461296081543,,,,Fadi Eweida,,YES,completed_primary,,,,https://www.propertyfinder.bh/en/plp/buy/apartment-for-sale-muharraq-governorate-diyar-al-muharraq-marassi-al-bahrain-56299455.html,2026-08-20T20:40:12.466755+00:00,2026-09-18T22:26:19.478872+00:00,29,2026-09-18T22:26:19.478872+00:00
2026-09-19,removed,56299477,,,Apartment,Prime Location | World Class Amenities | Unique,200000.0,,,,BHD,sell,,,,,,,,Bahrain Financial Harbour,,,26.23778533935547,50.57342529296875,,,,Adeel Ajaz,,YES,completed,,,,https://www.propertyfinder.bh/en/plp/buy/apartment-for-sale-capital-governorate-manama-bahrain-financial-harbour-56299477.html,2026-08-20T20:40:12.466755+00:00,2026-09-18T22:26:19.478872+00:00,29,2026-09-18T22:26:19.478872+00:00
2026-09-19,removed,56299525,,,Apartment,High-End Finish | Prime Location | High Floor,180000.0,,,,BHD,sell,,,,,,,,,,,26.249584197998047,50.580360412597656,,,,Adeel Ajaz,,YES,completed,,,,https://www.propertyfinder.bh/en/plp/buy/apartment-for-sale-capital-governorate-bahrain-bay-56299525.html,2026-08-20T20:40:12.466755+00:00,2026-09-18T22:26:19.478872+00:00,29,2026-09-18T22:26:19.478872+00:00
2026-09-19,removed,56299549,,,Apartment,BRAND NEW | HIGH FLOOR | BEST INVESTMENT,165000.0,,,,BHD,sell,,,,,,,,,,,26.249584197998047,50.580360412597656,,,,Adeel Ajaz,,YES,completed,,,,https://www.propertyfinder.bh/en/plp/buy/apartment-for-sale-capital-governorate-bahrain-bay-56299549.html,2026-08-20T20:40:12.466755+00:00,2026-09-18T22:26:19.478872+00:00,29,2026-09-18T22:26:19.478872+00:00
2026-09-19,removed,56299606,,,Apartment,Classy 2BR | Reef Island | Balcony,800.0,,,,BHD,monthly,,,,,,,,,,,26.241750717163086,50.5663948059082,,,,Adeel Ajaz,,YES,,,,,https://www.propertyfinder.bh/en/plp/rent/apartment-for-rent-capital-governorate-reef-island-56299606.html,2026-08-20T20:40:12.466755+00:00,2026-09-18T22:26:19.478872+00:00,29,2026-09-18T22:26:19.478872+00:00
2026-09-19,removed,56299621,,,Villa,WATERFRONT + MAID ROOM | FREE BOAT SPACE | GARDEN,950.0,,,,BHD,monthly,,,,,,,,Al Marsa Floating City,,,26.2847957611084,50.669620513916016,,,,Fadi Eweida,,PARTLY,,,,,https://www.propertyfinder.bh/en/plp/rent/villa-for-rent-muharraq-governorate-amwaj-islands-al-marsa-floating-city-56299621.html,2026-08-20T20:40:12.466755+00:00,2026-09-18T22:26:19.478872+00:00,29,2026-09-18T22:26:19.478872+00:00
2026-09-19,removed,56299987,,,Apartment,Furnished 2 BHK Flat | 350 rent | 30 BHD | Hhh,350.0,,,,BHD,monthly,,,,,,,,,,,26.211111068725586,50.601112365722656,,,,Abdul  Jabbar .,,YES,,,,,https://www.propertyfinder.bh/en/plp/rent/apartment-for-rent-capital-governorate-al-juffair-56299987.html,2026-08-20T20:40:12.466755+00:00,2026-09-18T22:26:19.478872+00:00,29,2026-09-18T22:26:19.478872+00:00
2026-09-19,removed,56300035,,,Apartment,Furnished 2 BHK | 350 BD rent | 30 BD EWA | Hhh,350.0,,,,BHD,monthly,,,,,,,,,,,26.211111068725586,50.601112365722656,,,,Abdul  Jabbar .,,YES,,,,,https://www.propertyfinder.bh/en/plp/rent/apartment-for-rent-capital-governorate-al-juffair-56300035.html,2026-08-20T20:40:12.466755+00:00,2026-09-18T22:26:19.478872+00:00,29,2026-09-18T22:26:19.478872+00:00
2026-09-19,removed,56300137,,,Apartment,Brand New Apartment | Modern | Prime Location,250.0,,,,BHD,monthly,,,,,,,,,,,26.21693992614746,50.57733154296875,,,,Antony Shaiju,,YES,,,,,https://www.propertyfinder.bh/en/plp/rent/apartment-for-rent-capital-governorate-manama-segaya-56300137.html,2026-08-20T20:40:12.466755+00:00,2026-09-18T22:26:19.478872+00:00,29,2026-09-18T22:26:19.478872+00:00
2026-09-19,removed,56300619,,,Apartment,New I Modern Balcony Great Facilities Amazing View,350.0,,,,BHD,monthly,,,,,,,,,,,26.211111068725586,50.601112365722656,,,,Antony Shaiju,,YES,,,,,https://www.propertyfinder.bh/en/plp/rent/apartment-for-rent-capital-governorate-al-juffair-56300619.html,2026-08-20T20:40:12.466755+00:00,2026-09-18T22:26:19.478872+00:00,29,2026-09-18T22:26:19.478872+00:00
2026-09-19,removed,56300780,,,Apartment,NEW FURNITURE | MODERN | BALCONY | GYM | SPA,370.0,,,,BHD,monthly,,,,,,,,Diyar Al Muharraq,,,26.303447723388672,50.6461296081543,,,,Fadi Eweida,,YES,,,,,https://www.propertyfinder.bh/en/plp/rent/apartment-for-rent-muharraq-governorate-diyar-al-muharraq-marassi-al-bahrain-56300780.html,2026-08-20T20:40:12.466755+00:00,2026-09-18T22:26:19.478872+00:00,29,2026-09-18T22:26:19.478872+00:00
2026-09-19,removed,56300813,,,Apartment,BEACH SAUNA STEAM GYM PLUS MAYA GYM MEMBER 2 POOLS,650.0,,,,BHD,monthly,,,,,,,,Amwaj Avenue,,,26.29302978515625,50.66474151611328,,,,Fadi Eweida,,YES,,,,,https://www.propertyfinder.bh/en/plp/rent/apartment-for-rent-muharraq-governorate-amwaj-islands-amwaj-avenue-56300813.html,2026-08-20T20:40:12.466755+00:00,2026-09-18T22:26:19.478872+00:00,29,2026-09-18T22:26:19.478872+00:00
2026-09-19,removed,56300823,,,Apartment,Huge 3BR | Maids Room | Modern Design,1100.0,,,,BHD,monthly,,,,,,,,,,,26.241750717163086,50.5663948059082,,,,Adeel Ajaz,,YES,,,,,https://www.propertyfinder.bh/en/plp/rent/apartment-for-rent-capital-governorate-reef-island-56300823.html,2026-08-20T20:40:12.466755+00:00,2026-09-18T22:26:19.478872+00:00,29,2026-09-18T22:26:19.478872+00:00
2026-09-19,removed,56301222,,,Apartment,Brand New Furnished 1 bedroom flat | with EWA,250.0,,,,BHD,monthly,,,,,,,,,,,26.211111068725586,50.601112365722656,,,,Abdul  Jabbar .,,PARTLY,,,,,https://www.propertyfinder.bh/en/plp/rent/apartment-for-rent-capital-governorate-al-juffair-56301222.html,2026-08-20T20:40:12.466755+00:00,2026-09-18T22:26:19.478872+00:00,29,2026-09-18T22:26:19.478872+00:00
2026-09-19,removed,56301238,,,Apartment,Best Layout | Outstanding quality | Brand New,95000.0,,,,BHD,sell,,,,,,,,,,,26.249584197998047,50.580360412597656,,,,Adeel Ajaz,,YES,completed,,,,https://www.propertyfinder.bh/en/plp/buy/apartment-for-sale-capital-governorate-bahrain-bay-56301238.html,2026-08-20T20:40:12.466755+00:00,2026-09-18T22:26:19.478872+00:00,29,2026-09-18T22:26:19.478872+00:00
2026-09-19,removed,56301250,,,Apartment,Sea Views | Maids Room | Freehold,259856.0,,,,BHD,sell,,,,,,,,Bahrain Financial Harbour,,,26.23778533935547,50.57342529296875,,,,Adeel Ajaz,,YES,completed,,,,https://www.propertyfinder.bh/en/plp/buy/apartment-for-sale-capital-governorate-manama-bahrain-financial-harbour-56301250.html,2026-08-20T20:40:12.466755+00:00,2026-09-18T22:26:19.478872+00:00,29,2026-09-18T22:26:19.478872+00:00
2026-09-19,removed,56301254,,,Apartment,1 BHK flat | rent 185 BD | 25 BD EWA | ACs | Hhh,185.0,,,,BHD,monthly,,,,,,,,,,,26.130512237548828,50.55546569824219,,,,Abdul  Jabbar .,,NO,,,,,https://www.propertyfinder.bh/en/plp/rent/apartment-for-rent-southern-governorate-riffa-56301254.html,2026-08-20T20:40:12.466755+00:00,2026-09-18T22:26:19.478872+00:00,29,2026-09-18T22:26:19.478872+00:00
2026-09-19,removed,56301273,,,Apartment,Sea Front | Premium Unit | Brand New,700.0,,,,BHD,monthly,,,,,,,,,,,26.249584197998047,50.580360412597656,,,,Adeel Ajaz,,PARTLY,,,,,https://www.propertyfinder.bh/en/plp/rent/apartment-for-rent-capital-governorate-bahrain-bay-56301273.html,2026-08-20T20:40:12.466755+00:00,2026-09-18T22:26:19.478872+00:00,29,2026-09-18T22:26:19.478872+00:00
2026-09-19,removed,56301301,,,Apartment,Bright and Spacious with Housekeeping,850.0,,,,BHD,monthly,,,,,,,,,,,26.239999771118164,50.5369987487793,,,,Adeel Ajaz,,YES,,,,,https://www.propertyfinder.bh/en/plp/rent/apartment-for-rent-capital-governorate-seef-56301301.html,2026-08-20T20:40:12.466755+00:00,2026-09-18T22:26:19.478872+00:00,29,2026-09-18T22:26:19.478872+00:00
2026-09-19,removed,56301525,,,Apartment,Furnish 2 BHK | 550 BD rent | 25 BD EWA | Hhh,550.0,,,,BHD,monthly,,,,,,,,,,,26.239999771118164,50.5369987487793,,,,Abdul  Jabbar .,,YES,,,,,https://www.propertyfinder.bh/en/plp/rent/apartment-for-rent-capital-governorate-seef-56301525.html,2026-08-20T20:40:12.466755+00:00,2026-09-18T22:26:19.478872+00:00,29,2026-09-18T22:26:19.478872+00:00
2026-09-19,removed,56301751,,,Villa,Spacious 10 BHK VILLA FOR SALE / RENT  / Balcony,260000.0,,,,BHD,sell,,,,,,,,,,,26.27199935913086,50.60900115966797,,,,A. Mhaout,,NO,completed,,,,https://www.propertyfinder.bh/en/plp/buy/villa-for-sale-muharraq-governorate-busaiteen-56301751.html,2026-08-20T20:40:12.466755+00:00,2026-09-18T22:26:19.478872+00:00,29,2026-09-18T22:26:19.478872+00:00
2026-09-19,removed,56301793,,,Compound,A Beautiful Compound With 4 Villain Saar For Sale,750000.0,,,,BHD,sell,,,,,,,,,,,26.19164276123047,50.48757553100586,,,,A. Mhaout,,PARTLY,completed,,,,https://www.propertyfinder.bh/en/plp/buy/compound-for-sale-northern-governorate-saar-56301793.html,2026-08-20T20:40:12.466755+00:00,2026-09-18T22:26:19.478872+00:00,29,2026-09-18T22:26:19.478872+00:00
2026-09-19,removed,56301794,,,Apartment,Superb Studio /Fitted Kitchen / Superb amenities,240.0,,,,BHD,monthly,,,,,,,,,,,26.211111068725586,50.601112365722656,,,,Aby N,,YES,,,,,https://www.propertyfinder.bh/en/plp/rent/apartment-for-rent-capital-governorate-al-juffair-56301794.html,2026-08-20T20:40:12.466755+00:00,2026-09-18T22:26:19.478872+00:00,29,2026-09-18T22:26:19.478872+00:00
2026-09-19,removed,56301811,,,Villa,Spacious 5BHK Villa For Rent/ SALE / Prime Locati,800.0,,,,BHD,monthly,,,,,,,,,,,26.27199935913086,50.60900115966797,,,,A. Mhaout,,NO,,,,,https://www.propertyfinder.bh/en/plp/rent/villa-for-rent-muharraq-governorate-busaiteen-56301811.html,2026-08-21T20:32:39.293113+00:00,2026-09-18T22:26:19.478872+00:00,28,2026-09-18T22:26:19.478872+00:00
2026-09-19,removed,56301815,,,Villa,Spacious 5BHK Villa For Rent/ SALE / Prime Locati,250000.0,,,,BHD,sell,,,,,,,,,,,26.27199935913086,50.60900115966797,,,,A. Mhaout,,NO,completed,,,,https://www.propertyfinder.bh/en/plp/buy/villa-for-sale-muharraq-governorate-busaiteen-56301815.html,2026-08-21T20:32:39.293113+00:00,2026-09-18T22:26:19.478872+00:00,28,2026-09-18T22:26:19.478872+00:00
2026-09-19,removed,56330334,,,Apartment,Spacious 3 BHK Apartment in Arad / Prime Location,220.0,,,,BHD,monthly,,,,,,,,,,,26.25,50.650001525878906,,,,A. Mhaout,,NO,,,,,https://www.propertyfinder.bh/en/plp/rent/apartment-for-rent-muharraq-governorate-arad-56330334.html,2026-08-21T20:32:39.293113+00:00,2026-09-18T22:26:19.478872+00:00,28,2026-09-18T22:26:19.478872+00:00
2026-09-19,removed,56330395,,,Apartment,WONDERFUL | SEA VIEW | AMAZING | 1 BHK | SEEF,400.0,,,,BHD,monthly,,,,,,,,,,,26.239999771118164,50.5369987487793,,,,Mustafa Al Halwachi,,YES,,,,,https://www.propertyfinder.bh/en/plp/rent/apartment-for-rent-capital-governorate-seef-56330395.html,2026-08-21T20:32:39.293113+00:00,2026-09-18T22:26:19.478872+00:00,28,2026-09-18T22:26:19.478872+00:00
2026-09-19,removed,56330690,,,Apartment,2 BHK flat | with EWA | with ACs | Sea view|Hhh,220.0,,,,BHD,monthly,,,,,,,,,,,26.188888549804688,50.54999923706055,,,,Abdul  Jabbar .,,NO,,,,,https://www.propertyfinder.bh/en/plp/rent/apartment-for-rent-central-governorate-tubli-56330690.html,2026-08-21T20:32:39.293113+00:00,2026-09-18T22:26:19.478872+00:00,28,2026-09-18T22:26:19.478872+00:00
2026-09-19,removed,56330859,,,Apartment,Brand new | Balcony | inclusive,280.0,,,,BHD,monthly,,,,,,,,,,,26.185943603515625,50.46711349487305,,,,AHMED ALI ,,YES,,,,,https://www.propertyfinder.bh/en/plp/rent/apartment-for-rent-northern-governorate-janabiya-56330859.html,2026-08-21T20:32:39.293113+00:00,2026-09-18T22:26:19.478872+00:00,28,2026-09-18T22:26:19.478872+00:00
2026-09-19,removed,56330860,,,Apartment,Perfect location | shiny | near main road | inclus,325.0,,,,BHD,monthly,,,,,,,,,,,26.185943603515625,50.46711349487305,,,,AHMED ALI ,,YES,,,,,https://www.propertyfinder.bh/en/plp/rent/apartment-for-rent-northern-governorate-janabiya-56330860.html,2026-08-21T20:32:39.293113+00:00,2026-09-18T22:26:19.478872+00:00,28,2026-09-18T22:26:19.478872+00:00
2026-09-19,removed,56330861,,,Apartment,Non free hold - behind almercado | clean and neat,48000.0,,,,BHD,sell,,,,,,,,,,,26.185943603515625,50.46711349487305,,,,AHMED ALI ,,PARTLY,completed,,,,https://www.propertyfinder.bh/en/plp/buy/apartment-for-sale-northern-governorate-janabiya-56330861.html,2026-08-21T20:32:39.293113+00:00,2026-09-18T22:26:19.478872+00:00,28,2026-09-18T22:26:19.478872+00:00
2026-09-19,removed,56330862,,,Apartment,Pool | Brand new | near Mosque | Big balcony,375.0,,,,BHD,monthly,,,,,,,,,,,26.185943603515625,50.46711349487305,,,,AHMED ALI ,,PARTLY,,,,,https://www.propertyfinder.bh/en/plp/rent/apartment-for-rent-northern-governorate-janabiya-56330862.html,2026-08-21T20:32:39.293113+00:00,2026-09-18T22:26:19.478872+00:00,28,2026-09-18T22:26:19.478872+00:00
2026-09-19,removed,56330871,,,Apartment,Brand new | Balcony  | inclusive | near delmoniya,230.0,,,,BHD,monthly,,,,,,,,,,,26.21263313293457,50.67418670654297,,,,AHMED ALI ,,YES,,,,,https://www.propertyfinder.bh/en/plp/rent/apartment-for-rent-muharraq-governorate-hidd-56330871.html,2026-08-21T20:32:39.293113+00:00,2026-09-18T22:26:19.478872+00:00,28,2026-09-18T22:26:19.478872+00:00
2026-09-19,removed,56330872,,,Apartment,Brand new | semi furnished | inclusive,190.0,,,,BHD,monthly,,,,,,,,,,,26.21263313293457,50.67418670654297,,,,AHMED ALI ,,PARTLY,,,,,https://www.propertyfinder.bh/en/plp/rent/apartment-for-rent-muharraq-governorate-hidd-56330872.html,2026-08-21T20:32:39.293113+00:00,2026-09-18T22:26:19.478872+00:00,28,2026-09-18T22:26:19.478872+00:00
2026-09-19,removed,56330873,,,Apartment,Modern | spacious | closed kitchen | parking,260.0,,,,BHD,monthly,,,,,,,,,,,26.21263313293457,50.67418670654297,,,,AHMED ALI ,,YES,,,,,https://www.propertyfinder.bh/en/plp/rent/apartment-for-rent-muharraq-governorate-hidd-56330873.html,2026-08-21T20:32:39.293113+00:00,2026-09-18T22:26:19.478872+00:00,28,2026-09-18T22:26:19.478872+00:00
2026-09-19,removed,56331029,,,Apartment,Spacious fully furnished studio with close kichen,220.0,,,,BHD,monthly,,,,,,,,,,,26.2102108001709,50.56403350830078,,,,Aby N,,YES,,,,,https://www.propertyfinder.bh/en/plp/rent/apartment-for-rent-capital-governorate-manama-zinj-56331029.html,2026-08-21T20:32:39.293113+00:00,2026-09-18T22:26:19.478872+00:00,28,2026-09-18T22:26:19.478872+00:00
2026-09-19,removed,56331080,,,Penthouse,HUGE | SEA VIEW | DIRECT BEACH ACCESS | POOL | GYM,186000.0,,,,BHD,sell,,,,,,,,Tala Island,,,26.300025939941406,50.66316223144531,,,,Fadi Eweida,,PARTLY,completed,,,,https://www.propertyfinder.bh/en/plp/buy/penthouse-for-sale-muharraq-governorate-amwaj-islands-tala-island-56331080.html,2026-08-21T20:32:39.293113+00:00,2026-09-18T22:26:19.478872+00:00,28,2026-09-18T22:26:19.478872+00:00
2026-09-19,removed,56331160,,,Apartment,1 Bedroom with Closed Kitchen inclusive Near NMS,200.0,,,,BHD,monthly,,,,,,,,,,,26.2102108001709,50.56403350830078,,,,Aby N,,PARTLY,,,,,https://www.propertyfinder.bh/en/plp/rent/apartment-for-rent-capital-governorate-manama-zinj-56331160.html,2026-08-21T20:32:39.293113+00:00,2026-09-18T22:26:19.478872+00:00,28,2026-09-18T22:26:19.478872+00:00
2026-09-19,removed,56331163,,,Apartment,Modern Furnished 3 Bedroom Apt With Pool & GYM,450.0,,,,BHD,monthly,,,,,,,,,,,26.207910537719727,50.587345123291016,,,,Aby N,,YES,,,,,https://www.propertyfinder.bh/en/plp/rent/apartment-for-rent-capital-governorate-manama-mahooz-56331163.html,2026-08-21T20:32:39.293113+00:00,2026-09-18T22:26:19.478872+00:00,28,2026-09-18T22:26:19.478872+00:00
2026-09-19,removed,56331226,,,Apartment,2 bedrooms big flat for rent with EWA and ACs,220.0,,,,BHD,monthly,,,,,,,,,,,26.130512237548828,50.55546569824219,,,,Abdul  Jabbar .,,PARTLY,,,,,https://www.propertyfinder.bh/en/plp/rent/apartment-for-rent-southern-governorate-riffa-56331226.html,2026-08-21T20:32:39.293113+00:00,2026-09-18T22:26:19.478872+00:00,28,2026-09-18T22:26:19.478872+00:00
2026-09-19,removed,56360199,,,Apartment,Large Layout | Freehold | Prime Location,31000.0,,,,BHD,sell,,,,,,,,,,,26.211111068725586,50.601112365722656,,,,Adeel Ajaz,,YES,completed,,,,https://www.propertyfinder.bh/en/plp/buy/apartment-for-sale-capital-governorate-al-juffair-56360199.html,2026-08-22T20:31:02.398311+00:00,2026-09-18T22:26:19.478872+00:00,27,2026-09-18T22:26:19.478872+00:00
2026-09-19,removed,56360899,,,Villa,New villa for sale in Busaiteen Al Sayah,140000.0,,,,BHD,sell,,,,,,,,,,,26.27199935913086,50.60900115966797,,,,Deewania estate agency,,NO,completed_primary,,,,https://www.propertyfinder.bh/en/plp/buy/villa-for-sale-muharraq-governorate-busaiteen-56360899.html,2026-08-22T20:31:02.398311+00:00,2026-09-18T22:26:19.478872+00:00,27,2026-09-18T22:26:19.478872+00:00
2026-09-19,removed,56361048,,,Apartment,Spacious 2 BHK Apartment/ Inclusive/ Prime Locatio,230.0,,,,BHD,monthly,,,,,,,,,,,26.188888549804688,50.54999923706055,,,,A. Mhaout,,NO,,,,,https://www.propertyfinder.bh/en/plp/rent/apartment-for-rent-central-governorate-tubli-56361048.html,2026-08-22T20:31:02.398311+00:00,2026-09-18T22:26:19.478872+00:00,27,2026-09-18T22:26:19.478872+00:00
2026-09-19,removed,56361063,,,Apartment,Spacious 2 BHK Apartment / Prime Location,180.0,,,,BHD,monthly,,,,,,,,,,,26.188888549804688,50.54999923706055,,,,A. Mhaout,,NO,,,,,https://www.propertyfinder.bh/en/plp/rent/apartment-for-rent-central-governorate-tubli-56361063.html,2026-08-22T20:31:02.398311+00:00,2026-09-18T22:26:19.478872+00:00,27,2026-09-18T22:26:19.478872+00:00
2026-09-19,removed,56361103,,,Apartment,Spacious 4 BHK Apartment/ Majlis/ Balcony,71000.0,,,,BHD,sell,,,,,,,,,,,26.21263313293457,50.67418670654297,,,,A. Mhaout,,PARTLY,completed,,,,https://www.propertyfinder.bh/en/plp/buy/apartment-for-sale-muharraq-governorate-hidd-56361103.html,2026-08-22T20:31:02.398311+00:00,2026-09-18T22:26:19.478872+00:00,27,2026-09-18T22:26:19.478872+00:00
2026-09-19,removed,56361811,,,Office Space,AFFORDABLE OFFICE | FUNCTIONAL LAYOUT | SPACIOUS,220.0,,,,BHD,monthly,,,,,,,,,,,26.179166793823242,50.56222152709961,,,,Rolin Faouri,,PARTLY,,,,,https://www.propertyfinder.bh/en/plp/commercial-rent/office-space-for-rent-central-governorate-jid-ali-56361811.html,2026-08-22T20:31:02.398311+00:00,2026-09-18T22:26:19.478872+00:00,27,2026-09-18T22:26:19.478872+00:00
2026-09-19,removed,56361844,,,Apartment,Large Balcony | Wonderful 1BR | Financial Harbour,113100.0,,,,BHD,sell,,,,,,,,Bahrain Financial Harbour,,,26.23778533935547,50.57342529296875,,,,Adeel Ajaz,,YES,completed,,,,https://www.propertyfinder.bh/en/plp/buy/apartment-for-sale-capital-governorate-manama-bahrain-financial-harbour-56361844.html,2026-08-22T20:31:02.398311+00:00,2026-09-18T22:26:19.478872+00:00,27,2026-09-18T22:26:19.478872+00:00
2026-09-19,removed,56361847,,,Apartment,BRAND NEW | HIGH FLOOR | BEST INVESTMENT,65000.0,,,,BHD,sell,,,,,,,,,,,26.249584197998047,50.580360412597656,,,,Adeel Ajaz,,YES,completed,,,,https://www.propertyfinder.bh/en/plp/buy/apartment-for-sale-capital-governorate-bahrain-bay-56361847.html,2026-08-22T20:31:02.398311+00:00,2026-09-18T22:26:19.478872+00:00,27,2026-09-18T22:26:19.478872+00:00
2026-09-19,removed,56361878,,,Apartment,1 BHK flat 230 | 25 BD EWA |  with furniture,230.0,,,,BHD,monthly,,,,,,,,,,,26.211111068725586,50.601112365722656,,,,Abdul  Jabbar .,,YES,,,,,https://www.propertyfinder.bh/en/plp/rent/apartment-for-rent-capital-governorate-al-juffair-56361878.html,2026-08-22T20:31:02.398311+00:00,2026-09-18T22:26:19.478872+00:00,27,2026-09-18T22:26:19.478872+00:00
2026-09-19,removed,56390502,,,Apartment,Spacious Luxury Stunning Apartment With Balcony,550.0,,,,BHD,monthly,,,,,,,,Amwaj Marina,,,26.293058395385742,50.65943908691406,,,,Mohammed Obaida,,YES,,,,,https://www.propertyfinder.bh/en/plp/rent/apartment-for-rent-muharraq-governorate-amwaj-islands-amwaj-marina-56390502.html,2026-08-23T20:31:12.189274+00:00,2026-09-18T22:26:19.478872+00:00,26,2026-09-18T22:26:19.478872+00:00
2026-09-19,removed,56390509,,,Apartment,Spacious Stunning Apartment With Closed Kitchen,350.0,,,,BHD,monthly,,,,,,,,Amwaj Avenue,,,26.29302978515625,50.66474151611328,,,,Mohammed Obaida,,YES,,,,,https://www.propertyfinder.bh/en/plp/rent/apartment-for-rent-muharraq-governorate-amwaj-islands-amwaj-avenue-56390509.html,2026-08-23T20:31:12.189274+00:00,2026-09-18T22:26:19.478872+00:00,26,2026-09-18T22:26:19.478872+00:00
2026-09-19,removed,56390715,,,Duplex,Spacious l all facilities l balcony l semi fur.,750.0,,,,BHD,monthly,,,,,,,,,,,26.203079223632812,50.594947814941406,,,,Monica Medhat,,PARTLY,,,,,https://www.propertyfinder.bh/en/plp/rent/duplex-for-rent-capital-governorate-manama-um-al-hasam-56390715.html,2026-08-23T20:31:12.189274+00:00,2026-09-18T22:26:19.478872+00:00,26,2026-09-18T22:26:19.478872+00:00
2026-09-19,removed,56391211,,,Apartment,2 BHK flat | 200 BD rent | 20 BD EWA | Hhh,200.0,,,,BHD,monthly,,,,,,,,,,,26.218677520751953,50.59382247924805,,,,Abdul  Jabbar .,,NO,,,,,https://www.propertyfinder.bh/en/plp/rent/apartment-for-rent-capital-governorate-manama-gudaibiya-56391211.html,2026-08-23T20:31:12.189274+00:00,2026-09-18T22:26:19.478872+00:00,26,2026-09-18T22:26:19.478872+00:00
2026-09-19,removed,56391295,,,Apartment,inclusive | fully furnished | near saar mall,230.0,,,,BHD,monthly,,,,,,,,,,,26.19164276123047,50.48757553100586,,,,AHMED ALI ,,YES,,,,,https://www.propertyfinder.bh/en/plp/rent/apartment-for-rent-northern-governorate-saar-56391295.html,2026-08-23T20:31:12.189274+00:00,2026-09-18T22:26:19.478872+00:00,26,2026-09-18T22:26:19.478872+00:00
2026-09-19,removed,56391385,,,Apartment,near Saar mall | ground floor | closed kitchen,380.0,,,,BHD,monthly,,,,,,,,,,,26.19164276123047,50.48757553100586,,,,AHMED ALI ,,PARTLY,,,,,https://www.propertyfinder.bh/en/plp/rent/apartment-for-rent-northern-governorate-saar-56391385.html,2026-08-23T20:31:12.189274+00:00,2026-09-18T22:26:19.478872+00:00,26,2026-09-18T22:26:19.478872+00:00
2026-09-19,removed,56392434,,,Apartment,1 bedroom flat for rent | with ACs | with EWA,160.0,,,,BHD,monthly,,,,,,,,,,,26.218677520751953,50.59382247924805,,,,Abdul  Jabbar .,,NO,,,,,https://www.propertyfinder.bh/en/plp/rent/apartment-for-rent-capital-governorate-manama-gudaibiya-56392434.html,2026-08-23T20:31:12.189274+00:00,2026-09-18T22:26:19.478872+00:00,26,2026-09-18T22:26:19.478872+00:00
2026-09-19,removed,56392580,,,Apartment,Close kitchen Inclusive 2 Bed near Al Merkado mall,220.0,,,,BHD,monthly,,,,,,,,,,,26.185943603515625,50.46711349487305,,,,Ayman Jnedi,,PARTLY,,,,,https://www.propertyfinder.bh/en/plp/rent/apartment-for-rent-northern-governorate-janabiya-56392580.html,2026-08-23T20:31:12.189274+00:00,2026-09-18T22:26:19.478872+00:00,26,2026-09-18T22:26:19.478872+00:00
2026-09-19,removed,56392582,,,Apartment,Close Kitchen Pool Gym Balcony 2 Bed Juffair,350.0,,,,BHD,monthly,,,,,,,,,,,26.211111068725586,50.601112365722656,,,,Ayman Jnedi,,YES,,,,,https://www.propertyfinder.bh/en/plp/rent/apartment-for-rent-capital-governorate-al-juffair-56392582.html,2026-08-23T20:31:12.189274+00:00,2026-09-18T22:26:19.478872+00:00,26,2026-09-18T22:26:19.478872+00:00
2026-09-19,removed,56392585,,,Apartment,Spacious 3 Bed King Hamad hospital inclusive,300.0,,,,BHD,monthly,,,,,,,,,,,26.27199935913086,50.60900115966797,,,,Ayman Jnedi,,PARTLY,,,,,https://www.propertyfinder.bh/en/plp/rent/apartment-for-rent-muharraq-governorate-busaiteen-56392585.html,2026-08-23T20:31:12.189274+00:00,2026-09-18T22:26:19.478872+00:00,26,2026-09-18T22:26:19.478872+00:00
2026-09-19,removed,56392594,,,Apartment,King Hamad Hospital Balcony Pool Gym Inclusive,250.0,,,,BHD,monthly,,,,,,,,,,,26.27199935913086,50.60900115966797,,,,Ayman Jnedi,,YES,,,,,https://www.propertyfinder.bh/en/plp/rent/apartment-for-rent-muharraq-governorate-busaiteen-56392594.html,2026-08-23T20:31:12.189274+00:00,2026-09-18T22:26:19.478872+00:00,26,2026-09-18T22:26:19.478872+00:00
2026-09-19,removed,56422224,,,Apartment,Beautiful Furnished Apartment/ Inclusive/Pool,220.0,,,,BHD,monthly,,,,,,,,,,,26.21672821044922,50.55367660522461,,,,A. Mhaout,,YES,,,,,https://www.propertyfinder.bh/en/plp/rent/apartment-for-rent-capital-governorate-manama-al-burhama-56422224.html,2026-08-24T20:40:05.194875+00:00,2026-09-18T22:26:19.478872+00:00,25,2026-09-18T22:26:19.478872+00:00
2026-09-19,removed,56422744,,,Apartment,gym | nice balcony | kitchen appliances |,299.0,,,,BHD,monthly,,,,,,,,,,,26.21672821044922,50.55367660522461,,,,AHMED ALI ,,PARTLY,,,,,https://www.propertyfinder.bh/en/plp/rent/apartment-for-rent-capital-governorate-manama-al-burhama-56422744.html,2026-08-24T20:40:05.194875+00:00,2026-09-18T22:26:19.478872+00:00,25,2026-09-18T22:26:19.478872+00:00
2026-09-19,removed,56422751,,,Apartment,Fantastic facilities | amazing balcony | Sea view,300.0,,,,BHD,monthly,,,,,,,,,,,26.211111068725586,50.601112365722656,,,,AHMED ALI ,,YES,,,,,https://www.propertyfinder.bh/en/plp/rent/apartment-for-rent-capital-governorate-al-juffair-56422751.html,2026-08-24T20:40:05.194875+00:00,2026-09-18T22:26:19.478872+00:00,25,2026-09-18T22:26:19.478872+00:00
2026-09-19,removed,56422755,,,Apartment,Family building | facilities | big layout,50000.0,,,,BHD,sell,,,,,,,,,,,26.211111068725586,50.601112365722656,,,,AHMED ALI ,,YES,completed,,,,https://www.propertyfinder.bh/en/plp/buy/apartment-for-sale-capital-governorate-al-juffair-56422755.html,2026-08-24T20:40:05.194875+00:00,2026-09-18T22:26:19.478872+00:00,25,2026-09-18T22:26:19.478872+00:00
2026-09-19,removed,56422767,,,Apartment,Amazing facilities | Sea view | luxury tower,57000.0,,,,BHD,sell,,,,,,,,,,,26.211111068725586,50.601112365722656,,,,AHMED ALI ,,YES,completed,,,,https://www.propertyfinder.bh/en/plp/buy/apartment-for-sale-capital-governorate-al-juffair-56422767.html,2026-08-24T20:40:05.194875+00:00,2026-09-18T22:26:19.478872+00:00,25,2026-09-18T22:26:19.478872+00:00
2026-09-19,removed,56422769,,,Apartment,Central Ac | wardrobes | very good location,240.0,,,,BHD,monthly,,,,,,,,,,,26.185943603515625,50.46711349487305,,,,AHMED ALI ,,PARTLY,,,,,https://www.propertyfinder.bh/en/plp/rent/apartment-for-rent-northern-governorate-janabiya-56422769.html,2026-08-24T20:40:05.194875+00:00,2026-09-18T22:26:19.478872+00:00,25,2026-09-18T22:26:19.478872+00:00
2026-09-19,removed,56422901,,,Apartment,Studio and 1 bedroom flat for rent With EWA | ACs,150.0,,,,BHD,monthly,,,,,,,,,,,26.130512237548828,50.55546569824219,,,,Abdul  Jabbar .,,PARTLY,,,,,https://www.propertyfinder.bh/en/plp/rent/apartment-for-rent-southern-governorate-riffa-56422901.html,2026-08-24T20:40:05.194875+00:00,2026-09-18T22:26:19.478872+00:00,25,2026-09-18T22:26:19.478872+00:00
2026-09-19,removed,56423607,,,Villa,"Inlcusive Compound Villa , FAMILY FRIENDLY",850.0,,,,BHD,monthly,,,,,,,,,,,26.19164276123047,50.48757553100586,,,,Ponmony Remesh,,YES,,,,,https://www.propertyfinder.bh/en/plp/rent/villa-for-rent-northern-governorate-saar-56423607.html,2026-08-24T20:40:05.194875+00:00,2026-09-18T22:26:19.478872+00:00,25,2026-09-18T22:26:19.478872+00:00
2026-09-19,removed,56423975,,,Apartment,Furnished 1 BHK | 200 Rent | 25 EWA | Hhh,200.0,,,,BHD,monthly,,,,,,,,,,,26.188888549804688,50.54999923706055,,,,Abdul  Jabbar .,,YES,,,,,https://www.propertyfinder.bh/en/plp/rent/apartment-for-rent-central-governorate-tubli-56423975.html,2026-08-24T20:40:05.194875+00:00,2026-09-18T22:26:19.478872+00:00,25,2026-09-18T22:26:19.478872+00:00
2026-09-19,removed,56453812,,,Apartment,Unlimited ewa | near Delmonia |,195.0,,,,BHD,monthly,,,,,,,,,,,26.21263313293457,50.67418670654297,,,,AHMED ALI ,,PARTLY,,,,,https://www.propertyfinder.bh/en/plp/rent/apartment-for-rent-muharraq-governorate-hidd-56453812.html,2026-08-25T20:39:04.524858+00:00,2026-09-18T22:26:19.478872+00:00,24,2026-09-18T22:26:19.478872+00:00
2026-09-19,removed,56453818,,,Apartment,Maid Room | Balcony | near the highway,330.0,,,,BHD,monthly,,,,,,,,,,,26.21263313293457,50.67418670654297,,,,AHMED ALI ,,YES,,,,,https://www.propertyfinder.bh/en/plp/rent/apartment-for-rent-muharraq-governorate-hidd-56453818.html,2026-08-25T20:39:04.524858+00:00,2026-09-18T22:26:19.478872+00:00,24,2026-09-18T22:26:19.478872+00:00
2026-09-19,removed,56453819,,,Apartment,Unlimited ewa | big balcony | near delmoniya,180.0,,,,BHD,monthly,,,,,,,,,,,26.21263313293457,50.67418670654297,,,,AHMED ALI ,,PARTLY,,,,,https://www.propertyfinder.bh/en/plp/rent/apartment-for-rent-muharraq-governorate-hidd-56453819.html,2026-08-25T20:39:04.524858+00:00,2026-09-18T22:26:19.478872+00:00,24,2026-09-18T22:26:19.478872+00:00
2026-09-19,removed,56453820,,,Apartment,wifi free | spacious and modern | near restaurants,260.0,,,,BHD,monthly,,,,,,,,,,,26.21263313293457,50.67418670654297,,,,AHMED ALI ,,YES,,,,,https://www.propertyfinder.bh/en/plp/rent/apartment-for-rent-muharraq-governorate-hidd-56453820.html,2026-08-25T20:39:04.524858+00:00,2026-09-18T22:26:19.478872+00:00,24,2026-09-18T22:26:19.478872+00:00
2026-09-19,removed,56453824,,,Apartment,Unlimited ewa | New flat | Semi furnished,180.0,,,,BHD,monthly,,,,,,,,,,,26.21263313293457,50.67418670654297,,,,AHMED ALI ,,NO,,,,,https://www.propertyfinder.bh/en/plp/rent/apartment-for-rent-muharraq-governorate-hidd-56453824.html,2026-08-25T20:39:04.524858+00:00,2026-09-18T22:26:19.478872+00:00,24,2026-09-18T22:26:19.478872+00:00
2026-09-19,removed,56453826,,,Apartment,Unlimited ewa Inclusive ewa | near saar mall,220.0,,,,BHD,monthly,,,,,,,,,,,26.19164276123047,50.48757553100586,,,,AHMED ALI ,,YES,,,,,https://www.propertyfinder.bh/en/plp/rent/apartment-for-rent-northern-governorate-saar-56453826.html,2026-08-25T20:39:04.524858+00:00,2026-09-18T22:26:19.478872+00:00,24,2026-09-18T22:26:19.478872+00:00
2026-09-19,removed,56453829,,,Apartment,Ground floor | 2 master rooms | behind Alhelli m,250.0,,,,BHD,monthly,,,,,,,,,,,26.19164276123047,50.48757553100586,,,,AHMED ALI ,,PARTLY,,,,,https://www.propertyfinder.bh/en/plp/rent/apartment-for-rent-northern-governorate-saar-56453829.html,2026-08-25T20:39:04.524858+00:00,2026-09-18T22:26:19.478872+00:00,24,2026-09-18T22:26:19.478872+00:00
2026-09-19,removed,56453836,,,Apartment,Gym | pool | Free internet | near mall,330.0,,,,BHD,monthly,,,,,,,,,,,26.211111068725586,50.601112365722656,,,,AHMED ALI ,,YES,,,,,https://www.propertyfinder.bh/en/plp/rent/apartment-for-rent-capital-governorate-al-juffair-56453836.html,2026-08-25T20:39:04.524858+00:00,2026-09-18T22:26:19.478872+00:00,24,2026-09-18T22:26:19.478872+00:00
2026-09-19,removed,56453837,,,Apartment,Near Alfateh mosque | family building|yearly contr,400.0,,,,BHD,monthly,,,,,,,,,,,26.211111068725586,50.601112365722656,,,,AHMED ALI ,,YES,,,,,https://www.propertyfinder.bh/en/plp/rent/apartment-for-rent-capital-governorate-al-juffair-56453837.html,2026-08-25T20:39:04.524858+00:00,2026-09-18T22:26:19.478872+00:00,24,2026-09-18T22:26:19.478872+00:00
2026-09-19,removed,56453962,,,Apartment,2 bedrooms fully furnished flat for rent with EWA,350.0,,,,BHD,monthly,,,,,,,,,,,26.211111068725586,50.601112365722656,,,,Abdul  Jabbar .,,YES,,,,,https://www.propertyfinder.bh/en/plp/rent/apartment-for-rent-capital-governorate-al-juffair-56453962.html,2026-08-25T20:39:04.524858+00:00,2026-09-18T22:26:19.478872+00:00,24,2026-09-18T22:26:19.478872+00:00
2026-09-19,removed,56454142,,,Apartment,AFFORDABLE | SPACIOUS | FOR RENT | 2 BHK | SEEF,410.0,,,,BHD,monthly,,,,,,,,,,,26.239999771118164,50.5369987487793,,,,Mustafa Al Halwachi,,YES,,,,,https://www.propertyfinder.bh/en/plp/rent/apartment-for-rent-capital-governorate-seef-56454142.html,2026-08-25T20:39:04.524858+00:00,2026-09-18T22:26:19.478872+00:00,24,2026-09-18T22:26:19.478872+00:00
2026-09-19,removed,56454199,,,Apartment,HIGH FLOOR | SEA VIEW | PRIME LOCATION | SEEF,330.0,,,,BHD,monthly,,,,,,,,,,,26.239999771118164,50.5369987487793,,,,Mustafa Al Halwachi,,YES,,,,,https://www.propertyfinder.bh/en/plp/rent/apartment-for-rent-capital-governorate-seef-56454199.html,2026-08-25T20:39:04.524858+00:00,2026-09-18T22:26:19.478872+00:00,24,2026-09-18T22:26:19.478872+00:00
2026-09-19,removed,56454377,,,Apartment,LOWER FLOOR | SPACIOUS | STUNNING | STUDIO | SEEF,300.0,,,,BHD,monthly,,,,,,,,,,,26.239999771118164,50.5369987487793,,,,Mustafa Al Halwachi,,YES,,,,,https://www.propertyfinder.bh/en/plp/rent/apartment-for-rent-capital-governorate-seef-56454377.html,2026-08-25T20:39:04.524858+00:00,2026-09-18T22:26:19.478872+00:00,24,2026-09-18T22:26:19.478872+00:00
2026-09-19,removed,56454379,,,Apartment,Sea view Inclsuive 1 1bed 5 star facilities seef,350.0,,,,BHD,monthly,,,,,,,,,,,26.239999771118164,50.5369987487793,,,,Ayman Jnedi,,YES,,,,,https://www.propertyfinder.bh/en/plp/rent/apartment-for-rent-capital-governorate-seef-56454379.html,2026-08-25T20:39:04.524858+00:00,2026-09-18T22:26:19.478872+00:00,24,2026-09-18T22:26:19.478872+00:00
2026-09-19,removed,56454381,,,Apartment,Sea view maids balcony 2 bed Juffair,52000.0,,,,BHD,sell,,,,,,,,,,,26.211111068725586,50.601112365722656,,,,Ayman Jnedi,,YES,completed,,,,https://www.propertyfinder.bh/en/plp/buy/apartment-for-sale-capital-governorate-al-juffair-56454381.html,2026-08-25T20:39:04.524858+00:00,2026-09-18T22:26:19.478872+00:00,24,2026-09-18T22:26:19.478872+00:00
2026-09-19,removed,56484614,,,Apartment,Spacious Sunny Duplex Apartment With Balcony,550.0,,,,BHD,monthly,,,,,,,,Amwaj Marina,,,26.293058395385742,50.65943908691406,,,,Mohammed Obaida,,YES,,,,,https://www.propertyfinder.bh/en/plp/rent/apartment-for-rent-muharraq-governorate-amwaj-islands-amwaj-marina-56484614.html,2026-08-26T23:12:42.541291+00:00,2026-09-18T22:26:19.478872+00:00,22,2026-09-18T22:26:19.478872+00:00
2026-09-19,removed,56484615,,,Apartment,Spacious Stunning Apartment With Balcony Aminities,380.0,,,,BHD,monthly,,,,,,,,The Lagoon,,,26.287778854370117,50.66339111328125,,,,Mohammed Obaida,,YES,,,,,https://www.propertyfinder.bh/en/plp/rent/apartment-for-rent-muharraq-governorate-amwaj-islands-the-lagoon-56484615.html,2026-08-26T23:12:42.541291+00:00,2026-09-18T22:26:19.478872+00:00,22,2026-09-18T22:26:19.478872+00:00
2026-09-19,removed,56484726,,,Apartment,Spacious Apartment For Special Price Maid Room,59900.0,,,,BHD,sell,,,,,,,,,,,26.21263313293457,50.67418670654297,,,,Mohammed Obaida,,YES,completed,,,,https://www.propertyfinder.bh/en/plp/buy/apartment-for-sale-muharraq-governorate-hidd-56484726.html,2026-08-26T23:12:42.541291+00:00,2026-09-18T22:26:19.478872+00:00,22,2026-09-18T22:26:19.478872+00:00
2026-09-19,removed,56485492,,,Apartment,Furnished and semi furnished new 1 bedroom flat,220.0,,,,BHD,monthly,,,,,,,,,,,26.21263313293457,50.67418670654297,,,,Abdul  Jabbar .,,YES,,,,,https://www.propertyfinder.bh/en/plp/rent/apartment-for-rent-muharraq-governorate-hidd-56485492.html,2026-08-26T23:12:42.541291+00:00,2026-09-18T22:26:19.478872+00:00,22,2026-09-18T22:26:19.478872+00:00
2026-09-19,removed,56485604,,,Apartment,Brand New 1 bedroom flat with EWA | ACs,190.0,,,,BHD,monthly,,,,,,,,,,,26.21263313293457,50.67418670654297,,,,Abdul  Jabbar .,,PARTLY,,,,,https://www.propertyfinder.bh/en/plp/rent/apartment-for-rent-muharraq-governorate-hidd-56485604.html,2026-08-26T23:12:42.541291+00:00,2026-09-18T22:26:19.478872+00:00,22,2026-09-18T22:26:19.478872+00:00
2026-09-19,removed,56486397,,,Apartment,2 BHK flat | 180 BD Rent | without EWA | Hhh,180.0,,,,BHD,monthly,,,,,,,,,,,26.21263313293457,50.67418670654297,,,,Abdul  Jabbar .,,NO,,,,,https://www.propertyfinder.bh/en/plp/rent/apartment-for-rent-muharraq-governorate-hidd-56486397.html,2026-08-26T23:12:42.541291+00:00,2026-09-18T22:26:19.478872+00:00,22,2026-09-18T22:26:19.478872+00:00
2026-09-19,removed,56516649,,,Apartment,1 BHK Big Flat For Rent In Riffa – Near Lulu W EWA,170.0,,,,BHD,monthly,,,,,,,,,,,26.1314754486084,50.568843841552734,,,,salman siraj,,NO,,,,,https://www.propertyfinder.bh/en/plp/rent/apartment-for-rent-southern-governorate-riffa-bu-kowarah-56516649.html,2026-08-28T04:09:45.604551+00:00,2026-09-18T22:26:19.478872+00:00,21,2026-09-18T22:26:19.478872+00:00
2026-09-19,removed,56516651,,,Apartment,2 BHK Flat For Rent In Riffa Near Lulu With EWA,230.0,,,,BHD,monthly,,,,,,,,,,,26.1314754486084,50.568843841552734,,,,salman siraj,,PARTLY,,,,,https://www.propertyfinder.bh/en/plp/rent/apartment-for-rent-southern-governorate-riffa-bu-kowarah-56516651.html,2026-08-28T04:09:45.604551+00:00,2026-09-18T22:26:19.478872+00:00,21,2026-09-18T22:26:19.478872+00:00
2026-09-19,removed,56516654,,,Apartment,Semi-Furnished 2 BHK Flat for Rent in Galali W EWA,200.0,,,,BHD,monthly,,,,,,,,,,,26.266666412353516,50.650001525878906,,,,salman siraj,,PARTLY,,,,,https://www.propertyfinder.bh/en/plp/rent/apartment-for-rent-muharraq-governorate-galali-56516654.html,2026-08-28T04:09:45.604551+00:00,2026-09-18T22:26:19.478872+00:00,21,2026-09-18T22:26:19.478872+00:00
2026-09-19,removed,56517001,,,Apartment,Bright interiors with Spacious City Living Home,650.0,,,,BHD,monthly,,,,,,,,,,,26.239999771118164,50.5369987487793,,,,Bilal Mohamed,,YES,,,,,https://www.propertyfinder.bh/en/plp/rent/apartment-for-rent-capital-governorate-seef-56517001.html,2026-08-28T04:09:45.604551+00:00,2026-09-18T22:26:19.478872+00:00,21,2026-09-18T22:26:19.478872+00:00
2026-09-19,removed,56518462,,,Apartment,Almost Brand new 2 bed near Saar Pool,280.0,,,,BHD,monthly,,,,,,,,,,,26.19164276123047,50.48757553100586,,,,Ayman Jnedi,,YES,,,,,https://www.propertyfinder.bh/en/plp/rent/apartment-for-rent-northern-governorate-saar-56518462.html,2026-08-28T04:09:45.604551+00:00,2026-09-18T22:26:19.478872+00:00,21,2026-09-18T22:26:19.478872+00:00
2026-09-19,removed,56518463,,,Apartment,Near Sea walk 3 bed inclusive Tubli --------------,280.0,,,,BHD,monthly,,,,,,,,,,,26.188888549804688,50.54999923706055,,,,Ayman Jnedi,,PARTLY,,,,,https://www.propertyfinder.bh/en/plp/rent/apartment-for-rent-central-governorate-tubli-56518463.html,2026-08-28T04:09:45.604551+00:00,2026-09-18T22:26:19.478872+00:00,21,2026-09-18T22:26:19.478872+00:00
2026-09-19,removed,56518465,,,Apartment,Near Saar Balcony close kitchen inclusive,270.0,,,,BHD,monthly,,,,,,,,,,,26.19164276123047,50.48757553100586,,,,Ayman Jnedi,,PARTLY,,,,,https://www.propertyfinder.bh/en/plp/rent/apartment-for-rent-northern-governorate-saar-56518465.html,2026-08-28T04:09:45.604551+00:00,2026-09-18T22:26:19.478872+00:00,21,2026-09-18T22:26:19.478872+00:00
2026-09-19,removed,56518466,,,Apartment,Spacious 2 Bed in Hidd Balcony,250.0,,,,BHD,monthly,,,,,,,,,,,26.21263313293457,50.67418670654297,,,,Ayman Jnedi,,PARTLY,,,,,https://www.propertyfinder.bh/en/plp/rent/apartment-for-rent-muharraq-governorate-hidd-56518466.html,2026-08-28T04:09:45.604551+00:00,2026-09-18T22:26:19.478872+00:00,21,2026-09-18T22:26:19.478872+00:00
2026-09-19,removed,56518470,,,Apartment,Inclusive Almost Brand new 3 Bed Janabaiya,390.0,,,,BHD,monthly,,,,,,,,,,,26.185943603515625,50.46711349487305,,,,Ayman Jnedi,,PARTLY,,,,,https://www.propertyfinder.bh/en/plp/rent/apartment-for-rent-northern-governorate-janabiya-56518470.html,2026-08-28T04:09:45.604551+00:00,2026-09-18T22:26:19.478872+00:00,21,2026-09-18T22:26:19.478872+00:00
2026-09-19,removed,56518873,,,Apartment,2 Bedroom flat | rent 300 | 50 BD EWA | Hhh,300.0,,,,BHD,monthly,,,,,,,,,,,26.211111068725586,50.601112365722656,,,,Abdul  Jabbar .,,YES,,,,,https://www.propertyfinder.bh/en/plp/rent/apartment-for-rent-capital-governorate-al-juffair-56518873.html,2026-08-28T04:09:45.604551+00:00,2026-09-18T22:26:19.478872+00:00,21,2026-09-18T22:26:19.478872+00:00
2026-09-19,removed,56518879,,,Apartment,Studio flat | 160 BD rent | with EWA | ACs,160.0,,,,BHD,monthly,,,,,,,,,,,26.130512237548828,50.55546569824219,,,,Abdul  Jabbar .,,NO,,,,,https://www.propertyfinder.bh/en/plp/rent/apartment-for-rent-southern-governorate-riffa-56518879.html,2026-08-28T04:09:45.604551+00:00,2026-09-18T22:26:19.478872+00:00,21,2026-09-18T22:26:19.478872+00:00
2026-09-19,removed,56518884,,,Apartment,1 Bedroom flat | rent 190 BD | 25 BD EWA | Hhh,190.0,,,,BHD,monthly,,,,,,,,,,,26.130512237548828,50.55546569824219,,,,Abdul  Jabbar .,,NO,,,,,https://www.propertyfinder.bh/en/plp/rent/apartment-for-rent-southern-governorate-riffa-56518884.html,2026-08-28T04:09:45.604551+00:00,2026-09-18T22:26:19.478872+00:00,21,2026-09-18T22:26:19.478872+00:00
2026-09-19,removed,56549043,,,Apartment,Sea View | Spacious Balcony | Top class Amenities,380.0,,,,BHD,monthly,,,,,,,,Essence of Dilmunia,,,26.27286720275879,50.672889709472656,,,,Katarzyna Smolinska3668,,YES,,,,,https://www.propertyfinder.bh/en/plp/rent/apartment-for-rent-muharraq-governorate-dilmunia-island-essence-of-dilmunia-56549043.html,2026-08-29T02:48:46.767757+00:00,2026-09-18T22:26:19.478872+00:00,20,2026-09-18T22:26:19.478872+00:00
2026-09-19,removed,56549472,,,Apartment,Nadeen School/ waterpark/ luxury living,350.0,,,,BHD,monthly,,,,,,,,Essence of Dilmunia,,,26.27286720275879,50.672889709472656,,,,Katarzyna Smolinska3668,,YES,,,,,https://www.propertyfinder.bh/en/plp/rent/apartment-for-rent-muharraq-governorate-dilmunia-island-essence-of-dilmunia-56549472.html,2026-08-29T02:48:46.767757+00:00,2026-09-18T22:26:19.478872+00:00,20,2026-09-18T22:26:19.478872+00:00
2026-09-19,removed,56549491,,,Apartment,2 bedroom flat for rent With EWA|With ACs,280.0,,,,BHD,monthly,,,,,,,,,,,26.211111068725586,50.601112365722656,,,,Abdul  Jabbar .,,YES,,,,,https://www.propertyfinder.bh/en/plp/rent/apartment-for-rent-capital-governorate-al-juffair-56549491.html,2026-08-29T02:48:46.767757+00:00,2026-09-18T22:26:19.478872+00:00,20,2026-09-18T22:26:19.478872+00:00
2026-09-19,removed,56579717,,,Apartment,"Wonderful 3 bed + maids, Fab facilities, Terrace",950.0,,,,BHD,monthly,,,,,,,,Amwaj Marina,,,26.293058395385742,50.65943908691406,,,,Katarzyna Smolinska3668,,YES,,,,,https://www.propertyfinder.bh/en/plp/rent/apartment-for-rent-muharraq-governorate-amwaj-islands-amwaj-marina-56579717.html,2026-08-29T22:34:29.561339+00:00,2026-09-18T22:26:19.478872+00:00,19,2026-09-18T22:26:19.478872+00:00
2026-09-19,removed,56579764,,,Villa,Breathtaking Villa with Private Garden - Inclusive,800.0,,,,BHD,monthly,,,,,,,,,,,26.19164276123047,50.48757553100586,,,,Husain Alsebea,,PARTLY,,,,,https://www.propertyfinder.bh/en/plp/rent/villa-for-rent-northern-governorate-saar-56579764.html,2026-08-29T22:34:29.561339+00:00,2026-09-18T22:26:19.478872+00:00,19,2026-09-18T22:26:19.478872+00:00
2026-09-19,removed,56610611,,,Apartment,quite location | parking | behind alhelli market,365.0,,,,BHD,monthly,,,,,,,,,,,26.20975685119629,50.50579833984375,,,,AHMED ALI ,,PARTLY,,,,,https://www.propertyfinder.bh/en/plp/rent/apartment-for-rent-northern-governorate-shakhura-56610611.html,2026-08-30T22:37:12.054762+00:00,2026-09-18T22:26:19.478872+00:00,18,2026-09-18T22:26:19.478872+00:00
2026-09-19,removed,56610617,,,Apartment,Affordable flat | family building | well maintaine,260.0,,,,BHD,monthly,,,,,,,,,,,26.21263313293457,50.67418670654297,,,,AHMED ALI ,,YES,,,,,https://www.propertyfinder.bh/en/plp/rent/apartment-for-rent-muharraq-governorate-hidd-56610617.html,2026-08-30T22:37:12.054762+00:00,2026-09-18T22:26:19.478872+00:00,18,2026-09-18T22:26:19.478872+00:00
2026-09-19,removed,56610618,,,Whole Building,great opportunity for sale building  good price,138000.0,,,,BHD,sell,,,,,,,,,,,26.25,50.616668701171875,,,,AHMED ALI ,,NO,completed,,,,https://www.propertyfinder.bh/en/plp/buy/whole-building-for-sale-muharraq-governorate-muharraq-56610618.html,2026-08-30T22:37:12.054762+00:00,2026-09-18T22:26:19.478872+00:00,18,2026-09-18T22:26:19.478872+00:00
2026-09-19,removed,56610620,,,Villa,triplex | Brand new | good price | perfect locatio,115000.0,,,,BHD,sell,,,,,,,,,,,26.20975685119629,50.50579833984375,,,,AHMED ALI ,,NO,completed_primary,,,,https://www.propertyfinder.bh/en/plp/buy/villa-for-sale-northern-governorate-shakhura-56610620.html,2026-08-30T22:37:12.054762+00:00,2026-09-18T22:26:19.478872+00:00,18,2026-09-18T22:26:19.478872+00:00
2026-09-19,removed,56610626,,,Whole Building,Fully occupied | Prime location | fully renovated,420000.0,,,,BHD,sell,,,,,,,,,,,26.188888549804688,50.54999923706055,,,,AHMED ALI ,,PARTLY,completed,,,,https://www.propertyfinder.bh/en/plp/buy/whole-building-for-sale-central-governorate-tubli-56610626.html,2026-08-30T22:37:12.054762+00:00,2026-09-18T22:26:19.478872+00:00,18,2026-09-18T22:26:19.478872+00:00
2026-09-19,removed,56610642,,,Apartment,Spacious | inclusive | parking  | closed kitchen,250.0,,,,BHD,monthly,,,,,,,,,,,26.20975685119629,50.50579833984375,,,,AHMED ALI ,,PARTLY,,,,,https://www.propertyfinder.bh/en/plp/rent/apartment-for-rent-northern-governorate-shakhura-56610642.html,2026-08-30T22:37:12.054762+00:00,2026-09-18T22:26:19.478872+00:00,18,2026-09-18T22:26:19.478872+00:00
2026-09-19,removed,56610672,,,Apartment,Good opportunity | near st Christopher school,51000.0,,,,BHD,sell,,,,,,,,,,,26.19164276123047,50.48757553100586,,,,AHMED ALI ,,YES,completed,,,,https://www.propertyfinder.bh/en/plp/buy/apartment-for-sale-northern-governorate-saar-56610672.html,2026-08-30T22:37:12.054762+00:00,2026-09-18T22:26:19.478872+00:00,18,2026-09-18T22:26:19.478872+00:00
2026-09-19,removed,56610677,,,Apartment,Near Masjid | near highway | Central Ac,230.0,,,,BHD,monthly,,,,,,,,,,,26.185943603515625,50.46711349487305,,,,AHMED ALI ,,PARTLY,,,,,https://www.propertyfinder.bh/en/plp/rent/apartment-for-rent-northern-governorate-janabiya-56610677.html,2026-08-30T22:37:12.054762+00:00,2026-09-18T22:26:19.478872+00:00,18,2026-09-18T22:26:19.478872+00:00
2026-09-19,removed,56610681,,,Apartment,Perfect location | shiny | near main road | inclus,310.0,,,,BHD,monthly,,,,,,,,,,,26.185943603515625,50.46711349487305,,,,AHMED ALI ,,YES,,,,,https://www.propertyfinder.bh/en/plp/rent/apartment-for-rent-northern-governorate-janabiya-56610681.html,2026-08-30T22:37:12.054762+00:00,2026-09-18T22:26:19.478872+00:00,18,2026-09-18T22:26:19.478872+00:00
2026-09-19,removed,56610685,,,Apartment,Shiny | NEAR ALMERCADO MALL| 2 Bedrooms master,350.0,,,,BHD,monthly,,,,,,,,,,,26.185943603515625,50.46711349487305,,,,AHMED ALI ,,YES,,,,,https://www.propertyfinder.bh/en/plp/rent/apartment-for-rent-northern-governorate-janabiya-56610685.html,2026-08-30T22:37:12.054762+00:00,2026-09-18T22:26:19.478872+00:00,18,2026-09-18T22:26:19.478872+00:00
2026-09-19,removed,56610691,,,Apartment,Ground floor | affordable | closed to Bahrain Mall,180.0,,,,BHD,monthly,,,,,,,,Sanabis,,,26.226558685302734,50.5459098815918,,,,AHMED ALI ,,PARTLY,,,,,https://www.propertyfinder.bh/en/plp/rent/apartment-for-rent-capital-governorate-manama-sanabis-56610691.html,2026-08-30T22:37:12.054762+00:00,2026-09-18T22:26:19.478872+00:00,18,2026-09-18T22:26:19.478872+00:00
2026-09-19,removed,56611407,,,Apartment,brand new | kitchen appliances | specialist hospit,200.0,,,,BHD,monthly,,,,,,,,,,,26.211111068725586,50.601112365722656,,,,AHMED ALI ,,PARTLY,,,,,https://www.propertyfinder.bh/en/plp/rent/apartment-for-rent-capital-governorate-al-juffair-56611407.html,2026-08-30T22:37:12.054762+00:00,2026-09-18T22:26:19.478872+00:00,18,2026-09-18T22:26:19.478872+00:00
2026-09-19,removed,56611414,,,Apartment,Near Seef modern Studio Pool Gym for rent,250.0,,,,BHD,monthly,,,,,,,,,,,26.239999771118164,50.5369987487793,,,,Ayman Jnedi,,YES,,,,,https://www.propertyfinder.bh/en/plp/rent/apartment-for-rent-capital-governorate-seef-56611414.html,2026-08-30T22:37:12.054762+00:00,2026-09-18T22:26:19.478872+00:00,18,2026-09-18T22:26:19.478872+00:00
2026-09-19,removed,56611418,,,Apartment,Sea view studio for rent in Hidd,260.0,,,,BHD,monthly,,,,,,,,,,,26.21263313293457,50.67418670654297,,,,Ayman Jnedi,,YES,,,,,https://www.propertyfinder.bh/en/plp/rent/apartment-for-rent-muharraq-governorate-hidd-56611418.html,2026-08-30T22:37:12.054762+00:00,2026-09-18T22:26:19.478872+00:00,18,2026-09-18T22:26:19.478872+00:00
2026-09-19,removed,56611423,,,Apartment,Balcony Inc 2 bed janabiya Al mercado mall,280.0,,,,BHD,monthly,,,,,,,,,,,26.185943603515625,50.46711349487305,,,,Ayman Jnedi,,YES,,,,,https://www.propertyfinder.bh/en/plp/rent/apartment-for-rent-northern-governorate-janabiya-56611423.html,2026-08-30T22:37:12.054762+00:00,2026-09-18T22:26:19.478872+00:00,18,2026-09-18T22:26:19.478872+00:00
2026-09-19,removed,56611427,,,Apartment,Close Kitchen 2 bed in Tubli inclusive,230.0,,,,BHD,monthly,,,,,,,,,,,26.188888549804688,50.54999923706055,,,,Ayman Jnedi,,PARTLY,,,,,https://www.propertyfinder.bh/en/plp/rent/apartment-for-rent-central-governorate-tubli-56611427.html,2026-08-30T22:37:12.054762+00:00,2026-09-18T22:26:19.478872+00:00,18,2026-09-18T22:26:19.478872+00:00
2026-09-19,removed,56611429,,,Apartment,Sea view Balcony Inclusive 2 Bed Amwaj,330.0,,,,BHD,monthly,,,,,,,,Amwaj Homes,,,26.288480758666992,50.66381072998047,,,,Ayman Jnedi,,YES,,,,,https://www.propertyfinder.bh/en/plp/rent/apartment-for-rent-muharraq-governorate-amwaj-islands-amwaj-homes-56611429.html,2026-08-30T22:37:12.054762+00:00,2026-09-18T22:26:19.478872+00:00,18,2026-09-18T22:26:19.478872+00:00
2026-09-19,removed,56611432,,,Apartment,Inclusive 2 Bed Janabiya near Al Mercado mall,350.0,,,,BHD,monthly,,,,,,,,,,,26.185943603515625,50.46711349487305,,,,Ayman Jnedi,,YES,,,,,https://www.propertyfinder.bh/en/plp/rent/apartment-for-rent-northern-governorate-janabiya-56611432.html,2026-08-30T22:37:12.054762+00:00,2026-09-18T22:26:19.478872+00:00,18,2026-09-18T22:26:19.478872+00:00
2026-09-19,removed,56611438,,,Apartment,Balcony|unlimited ewa| closed kitchen | spacious,250.0,,,,BHD,monthly,,,,,,,,,,,26.21263313293457,50.67418670654297,,,,AHMED ALI ,,YES,,,,,https://www.propertyfinder.bh/en/plp/rent/apartment-for-rent-muharraq-governorate-hidd-56611438.html,2026-08-30T22:37:12.054762+00:00,2026-09-18T22:26:19.478872+00:00,18,2026-09-18T22:26:19.478872+00:00
2026-09-19,removed,56611624,,,Apartment,near Ahli Bank | 2 bedroom | 1 bathroom,170.0,,,,BHD,monthly,,,,,,,,,,,26.16529655456543,50.552181243896484,,,,AHMED ALI ,,NO,,,,,https://www.propertyfinder.bh/en/plp/rent/apartment-for-rent-central-governorate-isa-town-56611624.html,2026-08-30T22:37:12.054762+00:00,2026-09-18T22:26:19.478872+00:00,18,2026-09-18T22:26:19.478872+00:00
2026-09-19,removed,56641770,,,Apartment,Stunning Sea View - Private Beach - Waterfront,142000.0,,,,BHD,sell,,,,,,,,Diyar Al Muharraq,Marassi Shores Residences,,26.303447723388672,50.6461296081543,,,,Sonali Fernandes,,YES,completed,,,,https://www.propertyfinder.bh/en/plp/buy/apartment-for-sale-muharraq-governorate-diyar-al-muharraq-marassi-shores-residences-56641770.html,2026-08-31T23:42:28.644123+00:00,2026-09-18T22:26:19.478872+00:00,17,2026-09-18T22:26:19.478872+00:00
2026-09-19,removed,56671368,,,Apartment,Modern/Furnished/Unlimited Ewa/Housekeeping,450.0,,,,BHD,monthly,,,,,,,,,,,26.27199935913086,50.60900115966797,,,,A. Mhaout,,YES,,,,,https://www.propertyfinder.bh/en/plp/rent/apartment-for-rent-muharraq-governorate-busaiteen-56671368.html,2026-09-01T22:32:24.936409+00:00,2026-09-18T22:26:19.478872+00:00,16,2026-09-18T22:26:19.478872+00:00
2026-09-19,removed,56671455,,,Apartment,Near Lulu - balcony - 2nd floor without lift,170.0,,,,BHD,monthly,,,,,,,,,,,26.1314754486084,50.568843841552734,,,,AHMED ALI ,,NO,,,,,https://www.propertyfinder.bh/en/plp/rent/apartment-for-rent-southern-governorate-riffa-bu-kowarah-56671455.html,2026-09-01T22:32:24.936409+00:00,2026-09-18T22:26:19.478872+00:00,16,2026-09-18T22:26:19.478872+00:00
2026-09-19,removed,56672298,,,Office Space,Prime Location Bright Rented 550 BD,76000.0,,,,BHD,sell,,,,,,,,,,,26.239999771118164,50.5369987487793,,,,Maher Alimadi,,YES,completed,,,,https://www.propertyfinder.bh/en/plp/commercial-buy/office-space-for-sale-capital-governorate-seef-56672298.html,2026-09-01T22:32:24.936409+00:00,2026-09-18T22:26:19.478872+00:00,16,2026-09-18T22:26:19.478872+00:00
2026-09-19,removed,56672478,,,Apartment,For Rent Spacious Apartment in Budaiya,250.0,,,,BHD,monthly,,,,,,,,,,,26.213165283203125,50.447471618652344,,,,Deewania estate agency,,NO,,,,,https://www.propertyfinder.bh/en/plp/rent/apartment-for-rent-northern-governorate-budaiya-56672478.html,2026-09-01T22:32:24.936409+00:00,2026-09-18T22:26:19.478872+00:00,16,2026-09-18T22:26:19.478872+00:00
2026-09-19,removed,56672823,,,Apartment,BRAND NEW BALCONY PET FREE SEA VIEW LAUNDRY SPACE,475.0,,,,BHD,monthly,,,,,,,,Bahrain Financial Harbour,,,26.23778533935547,50.57342529296875,,,,Ezekiel Kagugube,,YES,,,,,https://www.propertyfinder.bh/en/plp/rent/apartment-for-rent-capital-governorate-manama-bahrain-financial-harbour-56672823.html,2026-09-01T22:32:24.936409+00:00,2026-09-18T22:26:19.478872+00:00,16,2026-09-18T22:26:19.478872+00:00
2026-09-19,removed,56703062,,,Apartment,1 bedroom flat for rent With EWA|With AC,190.0,,,,BHD,monthly,,,,,,,,,,,26.130512237548828,50.55546569824219,,,,Abdul  Jabbar .,,PARTLY,,,,,https://www.propertyfinder.bh/en/plp/rent/apartment-for-rent-southern-governorate-riffa-56703062.html,2026-09-02T22:31:20.016095+00:00,2026-09-18T22:26:19.478872+00:00,15,2026-09-18T22:26:19.478872+00:00
2026-09-19,removed,56703504,,,Apartment,Balcony | near st Christopher school | fixed price,300.0,,,,BHD,monthly,,,,,,,,,,,26.19164276123047,50.48757553100586,,,,AHMED ALI ,,YES,,,,,https://www.propertyfinder.bh/en/plp/rent/apartment-for-rent-northern-governorate-saar-56703504.html,2026-09-02T22:31:20.016095+00:00,2026-09-18T22:26:19.478872+00:00,15,2026-09-18T22:26:19.478872+00:00
2026-09-19,removed,56703713,,,Villa,2 stories | spacious | near the sea | modern,165000.0,,,,BHD,sell,,,,,,,,,,,26.25,50.650001525878906,,,,AHMED ALI ,,PARTLY,completed,,,,https://www.propertyfinder.bh/en/plp/buy/villa-for-sale-muharraq-governorate-arad-56703713.html,2026-09-02T22:31:20.016095+00:00,2026-09-18T22:26:19.478872+00:00,15,2026-09-18T22:26:19.478872+00:00
2026-09-19,removed,56703715,,,Apartment,Best tower | sea view | wonderful facilities,85000.0,,,,BHD,sell,,,,,,,,,,,26.211111068725586,50.601112365722656,,,,AHMED ALI ,,YES,completed,,,,https://www.propertyfinder.bh/en/plp/buy/apartment-for-sale-capital-governorate-al-juffair-56703715.html,2026-09-02T22:31:20.016095+00:00,2026-09-18T22:26:19.478872+00:00,15,2026-09-18T22:26:19.478872+00:00
2026-09-19,removed,56703716,,,Apartment,Unlimited ewa | super facilities | sea view,500.0,,,,BHD,monthly,,,,,,,,,,,26.211111068725586,50.601112365722656,,,,AHMED ALI ,,YES,,,,,https://www.propertyfinder.bh/en/plp/rent/apartment-for-rent-capital-governorate-al-juffair-56703716.html,2026-09-02T22:31:20.016095+00:00,2026-09-18T22:26:19.478872+00:00,15,2026-09-18T22:26:19.478872+00:00
2026-09-19,removed,56703718,,,Apartment,Unlimited ewa | semi furnished | near Ansar Galler,170.0,,,,BHD,monthly,,,,,,,,,,,26.188888549804688,50.54999923706055,,,,AHMED ALI ,,PARTLY,,,,,https://www.propertyfinder.bh/en/plp/rent/apartment-for-rent-central-governorate-tubli-56703718.html,2026-09-02T22:31:20.016095+00:00,2026-09-18T22:26:19.478872+00:00,15,2026-09-18T22:26:19.478872+00:00
2026-09-19,removed,56703719,,,Apartment,Nice studio | covered parking | Semi furnished,185.0,,,,BHD,monthly,,,,,,,,,,,26.188888549804688,50.54999923706055,,,,AHMED ALI ,,PARTLY,,,,,https://www.propertyfinder.bh/en/plp/rent/apartment-for-rent-central-governorate-tubli-56703719.html,2026-09-02T22:31:20.016095+00:00,2026-09-18T22:26:19.478872+00:00,15,2026-09-18T22:26:19.478872+00:00
2026-09-19,removed,56703720,,,Apartment,Spacious flat /Alkawara between tubli and Jed Ali,160.0,,,,BHD,monthly,,,,,,,,,,,26.188888549804688,50.54999923706055,,,,AHMED ALI ,,PARTLY,,,,,https://www.propertyfinder.bh/en/plp/rent/apartment-for-rent-central-governorate-tubli-56703720.html,2026-09-02T22:31:20.016095+00:00,2026-09-18T22:26:19.478872+00:00,15,2026-09-18T22:26:19.478872+00:00
2026-09-19,removed,56733749,,,Villa,Fully Furnished 4BR Villa with Private Pool (INC.),900.0,,,,BHD,monthly,,,,,,,,,,,26.19164276123047,50.48757553100586,,,,Husain Alsebea,,YES,,,,,https://www.propertyfinder.bh/en/plp/rent/villa-for-rent-northern-governorate-saar-56733749.html,2026-09-03T22:29:31.229615+00:00,2026-09-18T22:26:19.478872+00:00,14,2026-09-18T22:26:19.478872+00:00
2026-09-19,removed,56733825,,,Apartment,2 bedroom apartment,380.0,,,,BHD,monthly,,,,,,,,Amwaj Avenue,,,26.29302978515625,50.66474151611328,,,,Victor Ezenwa,,YES,,,,,https://www.propertyfinder.bh/en/plp/rent/apartment-for-rent-muharraq-governorate-amwaj-islands-amwaj-avenue-56733825.html,2026-09-03T22:29:31.229615+00:00,2026-09-18T22:26:19.478872+00:00,14,2026-09-18T22:26:19.478872+00:00
2026-09-19,removed,56733926,,,Villa,LUSH GARDEN / BEACH / NEAR BSB / HOLIDAY VIBE,1150.0,,,,BHD,monthly,,,,,,,,,,,26.140336990356445,50.478271484375,,,,Enkhee Eegnes,,YES,,,,,https://www.propertyfinder.bh/en/plp/rent/villa-for-rent-northern-governorate-hamala-56733926.html,2026-09-03T22:29:31.229615+00:00,2026-09-18T22:26:19.478872+00:00,14,2026-09-18T22:26:19.478872+00:00
2026-09-19,removed,56734051,,,Apartment,SEA VIEW | GREAT PRICE | HOUSEKEEPING | PETS OK,700.0,,,,BHD,monthly,,,,,,,,The Lagoon,,,26.287778854370117,50.66339111328125,,,,Fadi Eweida,,YES,,,,,https://www.propertyfinder.bh/en/plp/rent/apartment-for-rent-muharraq-governorate-amwaj-islands-the-lagoon-56734051.html,2026-09-03T22:29:31.229615+00:00,2026-09-18T22:26:19.478872+00:00,14,2026-09-18T22:26:19.478872+00:00
2026-09-19,removed,56734075,,,Apartment,PREMIUM | GARDEN | WIFI| HOUSEKEEPING | POOL | GYM,600.0,,,,BHD,monthly,,,,,,,,The Lagoon,,,26.287778854370117,50.66339111328125,,,,Fadi Eweida,,YES,,,,,https://www.propertyfinder.bh/en/plp/rent/apartment-for-rent-muharraq-governorate-amwaj-islands-the-lagoon-56734075.html,2026-09-03T22:29:31.229615+00:00,2026-09-18T22:26:19.478872+00:00,14,2026-09-18T22:26:19.478872+00:00
2026-09-19,removed,56734926,,,Apartment,2 Big Terrace| Wifi| See view| Well Maintained,280.0,,,,BHD,monthly,,,,,,,,,,,26.211111068725586,50.601112365722656,,,,Mokhles Sayed ,,YES,,,,,https://www.propertyfinder.bh/en/plp/rent/apartment-for-rent-capital-governorate-al-juffair-56734926.html,2026-09-03T22:29:31.229615+00:00,2026-09-18T22:26:19.478872+00:00,14,2026-09-18T22:26:19.478872+00:00
2026-09-19,removed,56735065,,,Apartment,Luxurious|Modern-Bright|Hot Price|Studio|Juffair,225.0,,,,BHD,monthly,,,,,,,,,,,26.211111068725586,50.601112365722656,,,,Hazeeth,,YES,,,,,https://www.propertyfinder.bh/en/plp/rent/apartment-for-rent-capital-governorate-al-juffair-56735065.html,2026-09-03T22:29:31.229615+00:00,2026-09-18T22:26:19.478872+00:00,14,2026-09-18T22:26:19.478872+00:00
2026-09-19,removed,56765199,,,Apartment,Big Size 2BHK Flat for Rent in Riffa Near Nesto,150.0,,,,BHD,monthly,,,,,,,,Riffa Al Sharqi,,,26.1162166595459,50.57211685180664,,,,salman siraj,,NO,,,,,https://www.propertyfinder.bh/en/plp/rent/apartment-for-rent-southern-governorate-riffa-riffa-al-sharqi-56765199.html,2026-09-04T22:18:55.932047+00:00,2026-09-18T22:26:19.478872+00:00,14,2026-09-18T22:26:19.478872+00:00
2026-09-19,removed,56765201,,,Apartment,2 BHK Villa for Rent in Riffa Al Hajiyat with Ewa,250.0,,,,BHD,monthly,,,,,,,,,,,26.130512237548828,50.55546569824219,,,,salman siraj,,NO,,,,,https://www.propertyfinder.bh/en/plp/rent/apartment-for-rent-southern-governorate-riffa-56765201.html,2026-09-04T22:18:55.932047+00:00,2026-09-18T22:26:19.478872+00:00,14,2026-09-18T22:26:19.478872+00:00
2026-09-19,removed,56765204,,,Apartment,Spacious Fully Furnish 3 BHK Apartment For Rent,380.0,,,,BHD,monthly,,,,,,,,Alhajiyat,,,26.128984451293945,50.58171463012695,,,,salman siraj,,YES,,,,,https://www.propertyfinder.bh/en/plp/rent/apartment-for-rent-southern-governorate-riffa-alhajiyat-56765204.html,2026-09-04T22:18:55.932047+00:00,2026-09-18T22:26:19.478872+00:00,14,2026-09-18T22:26:19.478872+00:00
2026-09-19,removed,56765208,,,Apartment,Luxury 2 BHK Semi Furnished Flat For Rent In Riffa,250.0,,,,BHD,monthly,,,,,,,,,,,26.130512237548828,50.55546569824219,,,,salman siraj,,PARTLY,,,,,https://www.propertyfinder.bh/en/plp/rent/apartment-for-rent-southern-governorate-riffa-56765208.html,2026-09-04T22:18:55.932047+00:00,2026-09-18T22:26:19.478872+00:00,14,2026-09-18T22:26:19.478872+00:00
2026-09-19,removed,56765210,,,Apartment,spacious | near Masjid | near Alaseel market,160.0,,,,BHD,monthly,,,,,,,,,,,26.21263313293457,50.67418670654297,,,,AHMED ALI ,,NO,,,,,https://www.propertyfinder.bh/en/plp/rent/apartment-for-rent-muharraq-governorate-hidd-56765210.html,2026-09-04T22:18:55.932047+00:00,2026-09-18T22:26:19.478872+00:00,14,2026-09-18T22:26:19.478872+00:00
2026-09-19,removed,56765212,,,Apartment,Brand new | balcony | almost furnished | inclusive,230.0,,,,BHD,monthly,,,,,,,,,,,26.211111068725586,50.601112365722656,,,,AHMED ALI ,,YES,,,,,https://www.propertyfinder.bh/en/plp/rent/apartment-for-rent-capital-governorate-al-juffair-56765212.html,2026-09-04T22:18:55.932047+00:00,2026-09-18T22:26:19.478872+00:00,14,2026-09-18T22:26:19.478872+00:00
2026-09-19,removed,56765218,,,Apartment,"Inclusive Near AL Merkado mall 3 bed ,,,,,,,,,,,",250.0,,,,BHD,monthly,,,,,,,,,,,26.185943603515625,50.46711349487305,,,,Ayman Jnedi,,PARTLY,,,,,https://www.propertyfinder.bh/en/plp/rent/apartment-for-rent-northern-governorate-janabiya-56765218.html,2026-09-04T22:18:55.932047+00:00,2026-09-18T22:26:19.478872+00:00,14,2026-09-18T22:26:19.478872+00:00
2026-09-19,removed,56765220,,,Apartment,Pool Gym Inclusive near Sant Crest school,350.0,,,,BHD,monthly,,,,,,,,,,,26.19164276123047,50.48757553100586,,,,Ayman Jnedi,,YES,,,,,https://www.propertyfinder.bh/en/plp/rent/apartment-for-rent-northern-governorate-saar-56765220.html,2026-09-04T22:18:55.932047+00:00,2026-09-18T22:26:19.478872+00:00,14,2026-09-18T22:26:19.478872+00:00
2026-09-19,removed,56765222,,,Apartment,Maids room Pool Gym inclusive 3 bed near Saar,540.0,,,,BHD,monthly,,,,,,,,,,,26.19164276123047,50.48757553100586,,,,Ayman Jnedi,,YES,,,,,https://www.propertyfinder.bh/en/plp/rent/apartment-for-rent-northern-governorate-saar-56765222.html,2026-09-04T22:18:55.932047+00:00,2026-09-18T22:26:19.478872+00:00,14,2026-09-18T22:26:19.478872+00:00
2026-09-19,removed,56765226,,,Apartment,Nice View | near the highway | near Masjid,240.0,,,,BHD,monthly,,,,,,,,,,,26.21263313293457,50.67418670654297,,,,AHMED ALI ,,PARTLY,,,,,https://www.propertyfinder.bh/en/plp/rent/apartment-for-rent-muharraq-governorate-hidd-56765226.html,2026-09-04T22:18:55.932047+00:00,2026-09-18T22:26:19.478872+00:00,14,2026-09-18T22:26:19.478872+00:00
2026-09-19,removed,56765406,,,Apartment,1 Bedroom flat | 180 BD rent | 20 BD EWA | Hhh,180.0,,,,BHD,monthly,,,,,,,,,,,26.130512237548828,50.55546569824219,,,,Abdul  Jabbar .,,NO,,,,,https://www.propertyfinder.bh/en/plp/rent/apartment-for-rent-southern-governorate-riffa-56765406.html,2026-09-04T22:18:55.932047+00:00,2026-09-18T22:26:19.478872+00:00,14,2026-09-18T22:26:19.478872+00:00
2026-09-19,removed,56795606,,,Apartment,Perfect location | shiny | near main road | inclus,325.0,,,,BHD,monthly,,,,,,,,,,,26.185943603515625,50.46711349487305,,,,AHMED ALI ,,YES,,,,,https://www.propertyfinder.bh/en/plp/rent/apartment-for-rent-northern-governorate-janabiya-56795606.html,2026-09-05T22:02:25.090477+00:00,2026-09-18T22:26:19.478872+00:00,13,2026-09-18T22:26:19.478872+00:00
2026-09-19,removed,56795609,,,Apartment,Brand new | near Riffa Garden | semi furnished,180.0,,,,BHD,monthly,,,,,,,,,,,26.1314754486084,50.568843841552734,,,,AHMED ALI ,,PARTLY,,,,,https://www.propertyfinder.bh/en/plp/rent/apartment-for-rent-southern-governorate-riffa-bu-kowarah-56795609.html,2026-09-05T22:02:25.090477+00:00,2026-09-18T22:26:19.478872+00:00,13,2026-09-18T22:26:19.478872+00:00
2026-09-19,removed,56795612,,,Apartment,3 BHK | right | Ac | with store | family building,300.0,,,,BHD,monthly,,,,,,,,,,,26.21263313293457,50.67418670654297,,,,AHMED ALI ,,PARTLY,,,,,https://www.propertyfinder.bh/en/plp/rent/apartment-for-rent-muharraq-governorate-hidd-56795612.html,2026-09-05T22:02:25.090477+00:00,2026-09-18T22:26:19.478872+00:00,13,2026-09-18T22:26:19.478872+00:00
2026-09-19,removed,56795836,,,Apartment,1 Bedroom flat | 190 BD rent | 25 BD EWA | Hhh,190.0,,,,BHD,monthly,,,,,,,,,,,26.130512237548828,50.55546569824219,,,,Abdul  Jabbar .,,NO,,,,,https://www.propertyfinder.bh/en/plp/rent/apartment-for-rent-southern-governorate-riffa-56795836.html,2026-09-05T22:02:25.090477+00:00,2026-09-18T22:26:19.478872+00:00,13,2026-09-18T22:26:19.478872+00:00
2026-09-19,removed,56796333,,,Villa,Elegant Villa with Private Pool & Beach Access,1100.0,,,,BHD,monthly,,,,,,,,,,,26.185943603515625,50.46711349487305,,,,Husain Alsebea,,YES,,,,,https://www.propertyfinder.bh/en/plp/rent/villa-for-rent-northern-governorate-janabiya-56796333.html,2026-09-05T22:02:25.090477+00:00,2026-09-18T22:26:19.478872+00:00,13,2026-09-18T22:26:19.478872+00:00
2026-09-19,removed,56796735,,,Villa,INCLUSIVE VILLA| CLOSED KITCHEN| SPECIOUS BACKYARD,800.0,,,,BHD,monthly,,,,,,,,,,,26.19164276123047,50.48757553100586,,,,Ponmony Remesh,,PARTLY,,,,,https://www.propertyfinder.bh/en/plp/rent/villa-for-rent-northern-governorate-saar-56796735.html,2026-09-05T22:02:25.090477+00:00,2026-09-18T22:26:19.478872+00:00,13,2026-09-18T22:26:19.478872+00:00
2026-09-19,removed,56796886,,,Villa,Spacious 5 Bedroom-villa / Quiet neighborhood,450.0,,,,BHD,monthly,,,,,,,,Salihiya,,,26.216516494750977,50.560699462890625,,,,A. Mhaout,,NO,,,,,https://www.propertyfinder.bh/en/plp/rent/villa-for-rent-capital-governorate-manama-salihiya-56796886.html,2026-09-05T22:02:25.090477+00:00,2026-09-18T22:26:19.478872+00:00,13,2026-09-18T22:26:19.478872+00:00
2026-09-19,removed,56796943,,,Apartment,Spacious 2 BHK Apartment / Balconies/ Open Kitchen,230.0,,,,BHD,monthly,,,,,,,,,,,26.188888549804688,50.54999923706055,,,,A. Mhaout,,NO,,,,,https://www.propertyfinder.bh/en/plp/rent/apartment-for-rent-central-governorate-tubli-56796943.html,2026-09-05T22:02:25.090477+00:00,2026-09-18T22:26:19.478872+00:00,13,2026-09-18T22:26:19.478872+00:00
2026-09-19,removed,56796955,,,Apartment,Sea view 2 bed Balcony maids room Amwaj,350.0,,,,BHD,monthly,,,,,,,,Amwaj Avenue,,,26.29302978515625,50.66474151611328,,,,Ayman Jnedi,,YES,,,,,https://www.propertyfinder.bh/en/plp/rent/apartment-for-rent-muharraq-governorate-amwaj-islands-amwaj-avenue-56796955.html,2026-09-05T22:02:25.090477+00:00,2026-09-18T22:26:19.478872+00:00,13,2026-09-18T22:26:19.478872+00:00
2026-09-19,removed,56796957,,,Apartment,Brand new Close Kitchen 2 Bed Burhama,310.0,,,,BHD,monthly,,,,,,,,,,,26.239999771118164,50.5369987487793,,,,Ayman Jnedi,,YES,,,,,https://www.propertyfinder.bh/en/plp/rent/apartment-for-rent-capital-governorate-seef-56796957.html,2026-09-05T22:02:25.090477+00:00,2026-09-18T22:26:19.478872+00:00,13,2026-09-18T22:26:19.478872+00:00
2026-09-19,removed,56796961,,,Apartment,Sea view large balcony compound 2 Bed Tubli,380.0,,,,BHD,monthly,,,,,,,,,,,26.188888549804688,50.54999923706055,,,,Ayman Jnedi,,YES,,,,,https://www.propertyfinder.bh/en/plp/rent/apartment-for-rent-central-governorate-tubli-56796961.html,2026-09-05T22:02:25.090477+00:00,2026-09-18T22:26:19.478872+00:00,13,2026-09-18T22:26:19.478872+00:00
2026-09-19,removed,56796964,,,Villa,Free Hold Brand new 4 bed in Diyar,175000.0,,,,BHD,sell,,,,,,,,Diyar Al Muharraq,Al Sidra,,26.31142234802246,50.64306640625,,,,Ayman Jnedi,,PARTLY,completed_primary,,,,https://www.propertyfinder.bh/en/plp/buy/villa-for-sale-muharraq-governorate-diyar-al-muharraq-al-sidra-56796964.html,2026-09-05T22:02:25.090477+00:00,2026-09-18T22:26:19.478872+00:00,13,2026-09-18T22:26:19.478872+00:00
2026-09-19,removed,56796968,,,Villa,512 m2 Luxury Brand new 5 Bed Near Saar mall,360000.0,,,,BHD,sell,,,,,,,,,,,26.19164276123047,50.48757553100586,,,,Ayman Jnedi,,PARTLY,completed_primary,,,,https://www.propertyfinder.bh/en/plp/buy/villa-for-sale-northern-governorate-saar-56796968.html,2026-09-05T22:02:25.090477+00:00,2026-09-18T22:26:19.478872+00:00,13,2026-09-18T22:26:19.478872+00:00
2026-09-19,removed,56796972,,,Apartment,Sea view 3 Bed Maids room Balcony Reef,129000.0,,,,BHD,sell,,,,,,,,,,,26.241750717163086,50.5663948059082,,,,Ayman Jnedi,,YES,completed,,,,https://www.propertyfinder.bh/en/plp/buy/apartment-for-sale-capital-governorate-reef-island-56796972.html,2026-09-05T22:02:25.090477+00:00,2026-09-18T22:26:19.478872+00:00,13,2026-09-18T22:26:19.478872+00:00
2026-09-19,removed,56796973,,,Apartment,Close kitchen pool inclusive 2 bed in Hidd,300.0,,,,BHD,monthly,,,,,,,,,,,26.21263313293457,50.67418670654297,,,,Ayman Jnedi,,YES,,,,,https://www.propertyfinder.bh/en/plp/rent/apartment-for-rent-muharraq-governorate-hidd-56796973.html,2026-09-05T22:02:25.090477+00:00,2026-09-18T22:26:19.478872+00:00,13,2026-09-18T22:26:19.478872+00:00
2026-09-19,removed,56796975,,,Apartment,Close Kitchen Balcony 2 Bed in Juffair,300.0,,,,BHD,monthly,,,,,,,,,,,26.211111068725586,50.601112365722656,,,,Ayman Jnedi,,YES,,,,,https://www.propertyfinder.bh/en/plp/rent/apartment-for-rent-capital-governorate-al-juffair-56796975.html,2026-09-05T22:02:25.090477+00:00,2026-09-18T22:26:19.478872+00:00,13,2026-09-18T22:26:19.478872+00:00
2026-09-19,removed,56796978,,,Apartment,Balcony Pool Gym 2 Bed New Hidd,300.0,,,,BHD,monthly,,,,,,,,,,,26.21263313293457,50.67418670654297,,,,Ayman Jnedi,,YES,,,,,https://www.propertyfinder.bh/en/plp/rent/apartment-for-rent-muharraq-governorate-hidd-56796978.html,2026-09-05T22:02:25.090477+00:00,2026-09-18T22:26:19.478872+00:00,13,2026-09-18T22:26:19.478872+00:00
2026-09-19,removed,56796986,,,Apartment,3 bedrooms flat for rent With EWA| With ACs,330.0,,,,BHD,monthly,,,,,,,,,,,26.21263313293457,50.67418670654297,,,,Abdul  Jabbar .,,NO,,,,,https://www.propertyfinder.bh/en/plp/rent/apartment-for-rent-muharraq-governorate-hidd-56796986.html,2026-09-05T22:02:25.090477+00:00,2026-09-18T22:26:19.478872+00:00,13,2026-09-18T22:26:19.478872+00:00
2026-09-19,removed,56796989,,,Apartment,Neat Bachelors 3 bedrooms flat With EWA| With ACs,330.0,,,,BHD,monthly,,,,,,,,,,,26.21263313293457,50.67418670654297,,,,Abdul  Jabbar .,,NO,,,,,https://www.propertyfinder.bh/en/plp/rent/apartment-for-rent-muharraq-governorate-hidd-56796989.html,2026-09-05T22:02:25.090477+00:00,2026-09-18T22:26:19.478872+00:00,13,2026-09-18T22:26:19.478872+00:00
2026-09-19,removed,56797009,,,Apartment,1 Bedroom Flat | 150 BD rent | with EWA,150.0,,,,BHD,monthly,,,,,,,,,,,26.130512237548828,50.55546569824219,,,,Abdul  Jabbar .,,NO,,,,,https://www.propertyfinder.bh/en/plp/rent/apartment-for-rent-southern-governorate-riffa-56797009.html,2026-09-05T22:02:25.090477+00:00,2026-09-18T22:26:19.478872+00:00,13,2026-09-18T22:26:19.478872+00:00
2026-09-19,removed,56797010,,,Apartment,3 Bedroom flat available | Rent 330 BHD with EWA,330.0,,,,BHD,monthly,,,,,,,,,,,26.21263313293457,50.67418670654297,,,,Abdul  Jabbar .,,NO,,,,,https://www.propertyfinder.bh/en/plp/rent/apartment-for-rent-muharraq-governorate-hidd-56797010.html,2026-09-05T22:02:25.090477+00:00,2026-09-18T22:26:19.478872+00:00,13,2026-09-18T22:26:19.478872+00:00
2026-09-19,removed,56797012,,,Apartment,2 bedroom flat for rent With EWA|With AC,180.0,,,,BHD,monthly,,,,,,,,,,,26.21263313293457,50.67418670654297,,,,Abdul  Jabbar .,,PARTLY,,,,,https://www.propertyfinder.bh/en/plp/rent/apartment-for-rent-muharraq-governorate-hidd-56797012.html,2026-09-05T22:02:25.090477+00:00,2026-09-18T22:26:19.478872+00:00,13,2026-09-18T22:26:19.478872+00:00
2026-09-19,removed,56797054,,,Apartment,3 bedrooms flat for rent With EWA|With AC,330.0,,,,BHD,monthly,,,,,,,,,,,26.21263313293457,50.67418670654297,,,,Abdul  Jabbar .,,NO,,,,,https://www.propertyfinder.bh/en/plp/rent/apartment-for-rent-muharraq-governorate-hidd-56797054.html,2026-09-05T22:02:25.090477+00:00,2026-09-18T22:26:19.478872+00:00,13,2026-09-18T22:26:19.478872+00:00
2026-09-19,removed,56797060,,,Apartment,1 bedroom flat with EWA | split ACs | Balcony,180.0,,,,BHD,monthly,,,,,,,,,,,26.21263313293457,50.67418670654297,,,,Abdul  Jabbar .,,PARTLY,,,,,https://www.propertyfinder.bh/en/plp/rent/apartment-for-rent-muharraq-governorate-hidd-56797060.html,2026-09-05T22:02:25.090477+00:00,2026-09-18T22:26:19.478872+00:00,13,2026-09-18T22:26:19.478872+00:00
2026-09-19,removed,56797069,,,Apartment,2 bedroom flat for rent With EWA|With AC,180.0,,,,BHD,monthly,,,,,,,,,,,26.21263313293457,50.67418670654297,,,,Abdul  Jabbar .,,PARTLY,,,,,https://www.propertyfinder.bh/en/plp/rent/apartment-for-rent-muharraq-governorate-hidd-56797069.html,2026-09-05T22:02:25.090477+00:00,2026-09-18T22:26:19.478872+00:00,13,2026-09-18T22:26:19.478872+00:00
2026-09-19,removed,56797073,,,Apartment,Large balcony | maids'room | near Almercado mall,420.0,,,,BHD,monthly,,,,,,,,,,,26.185943603515625,50.46711349487305,,,,AHMED ALI ,,YES,,,,,https://www.propertyfinder.bh/en/plp/rent/apartment-for-rent-northern-governorate-janabiya-56797073.html,2026-09-05T22:02:25.090477+00:00,2026-09-18T22:26:19.478872+00:00,13,2026-09-18T22:26:19.478872+00:00
2026-09-19,removed,56797074,,,Apartment,( aldih )  | near Bahrain mall | covered parking,170.0,,,,BHD,monthly,,,,,,,,Sanabis,,,26.226558685302734,50.5459098815918,,,,AHMED ALI ,,PARTLY,,,,,https://www.propertyfinder.bh/en/plp/rent/apartment-for-rent-capital-governorate-manama-sanabis-56797074.html,2026-09-05T22:02:25.090477+00:00,2026-09-18T22:26:19.478872+00:00,13,2026-09-18T22:26:19.478872+00:00
2026-09-19,removed,56827121,,,Apartment,CLICK THIS AD - - UNIQUE LIFE STYLE READY FOR YOU,850.0,,,,BHD,monthly,,,,,,,,Amwaj Avenue,,,26.29302978515625,50.66474151611328,,,,Fadi Eweida,,YES,,,,,https://www.propertyfinder.bh/en/plp/rent/apartment-for-rent-muharraq-governorate-amwaj-islands-amwaj-avenue-56827121.html,2026-09-06T22:04:05.740274+00:00,2026-09-18T22:26:19.478872+00:00,12,2026-09-18T22:26:19.478872+00:00
2026-09-19,removed,56857748,,,Apartment,AFORDABLE MODERN LUXURY WITH AMAZING FACILITIES,450.0,,,,BHD,monthly,,,,,,,,The Lagoon,,,26.287778854370117,50.66339111328125,,,,Fadi Eweida,,YES,,,,,https://www.propertyfinder.bh/en/plp/rent/apartment-for-rent-muharraq-governorate-amwaj-islands-the-lagoon-56857748.html,2026-09-07T22:43:43.320929+00:00,2026-09-18T22:26:19.478872+00:00,10,2026-09-18T22:26:19.478872+00:00
2026-09-19,removed,56857779,,,Apartment,LOW PRICE | SEA VIEW BALCONY | FACILITIES | WIFI,370.0,,,,BHD,monthly,,,,,,,,The Lagoon,,,26.287778854370117,50.66339111328125,,,,Fadi Eweida,,YES,,,,,https://www.propertyfinder.bh/en/plp/rent/apartment-for-rent-muharraq-governorate-amwaj-islands-the-lagoon-56857779.html,2026-09-07T22:43:43.320929+00:00,2026-09-18T22:26:19.478872+00:00,10,2026-09-18T22:26:19.478872+00:00
2026-09-19,removed,56857780,,,Apartment,HOT DEAL | SEA VIEW | BEACH ACCESS | 2 BALCONIES,450.0,,,,BHD,monthly,,,,,,,,Amwaj Marina,,,26.293058395385742,50.65943908691406,,,,Fadi Eweida,,YES,,,,,https://www.propertyfinder.bh/en/plp/rent/apartment-for-rent-muharraq-governorate-amwaj-islands-amwaj-marina-56857780.html,2026-09-07T22:43:43.320929+00:00,2026-09-18T22:26:19.478872+00:00,10,2026-09-18T22:26:19.478872+00:00
2026-09-19,removed,56858417,,,Apartment,Once a week housekeeping and capped utilities,375.0,,,,BHD,monthly,,,,,,,,,,,26.211111068725586,50.601112365722656,,,,Mohammed Sajid Oddin,,YES,,,,,https://www.propertyfinder.bh/en/plp/rent/apartment-for-rent-capital-governorate-al-juffair-56858417.html,2026-09-07T22:43:43.320929+00:00,2026-09-18T22:26:19.478872+00:00,10,2026-09-18T22:26:19.478872+00:00
2026-09-19,removed,56888960,,,Apartment,MODERN | SUBSIDIZED EWA |POOL+GYM+CINEMA+WATERPARK,475.0,,,,BHD,monthly,,,,,,,,Essence of Dilmunia,,,26.27286720275879,50.672889709472656,,,,Fadi Eweida,,YES,,,,,https://www.propertyfinder.bh/en/plp/rent/apartment-for-rent-muharraq-governorate-dilmunia-island-essence-of-dilmunia-56888960.html,2026-09-08T22:32:55.995771+00:00,2026-09-18T22:26:19.478872+00:00,9,2026-09-18T22:26:19.478872+00:00
2026-09-19,removed,56888963,,,Apartment,SEA VIEW BRIGHT MODERN | BALCONY | PETS ALLOWED,350.0,,,,BHD,monthly,,,,,,,,Amwaj Avenue,,,26.29302978515625,50.66474151611328,,,,Fadi Eweida,,YES,,,,,https://www.propertyfinder.bh/en/plp/rent/apartment-for-rent-muharraq-governorate-amwaj-islands-amwaj-avenue-56888963.html,2026-09-08T22:32:55.995771+00:00,2026-09-18T22:26:19.478872+00:00,9,2026-09-18T22:26:19.478872+00:00
2026-09-19,removed,56889862,,,Apartment,SEA-VIEW | MODERN & SPACIOUS | POOL+GYM+KIDS' AREA,500.0,,,,BHD,monthly,,,,,,,,The Lagoon,,,26.287778854370117,50.66339111328125,,,,Fadi Eweida,,YES,,,,,https://www.propertyfinder.bh/en/plp/rent/apartment-for-rent-muharraq-governorate-amwaj-islands-the-lagoon-56889862.html,2026-09-08T22:32:55.995771+00:00,2026-09-18T22:26:19.478872+00:00,9,2026-09-18T22:26:19.478872+00:00
2026-09-19,removed,56920477,,,Apartment,Balcony | near seef mall | inclusive,200.0,,,,BHD,monthly,,,,,,,,,,,26.239999771118164,50.5369987487793,,,,AHMED ALI ,,PARTLY,,,,,https://www.propertyfinder.bh/en/plp/rent/apartment-for-rent-capital-governorate-seef-56920477.html,2026-09-09T22:26:33.454174+00:00,2026-09-18T22:26:19.478872+00:00,8,2026-09-18T22:26:19.478872+00:00
2026-09-19,removed,56920497,,,Apartment,Exceptional Urban Living| Affordable| Big Terraces,270.0,,,,BHD,monthly,,,,,,,,,,,26.211111068725586,50.601112365722656,,,,Mokhles Sayed ,,YES,,,,,https://www.propertyfinder.bh/en/plp/rent/apartment-for-rent-capital-governorate-al-juffair-56920497.html,2026-09-09T22:26:33.454174+00:00,2026-09-18T22:26:19.478872+00:00,8,2026-09-18T22:26:19.478872+00:00
2026-09-19,removed,56920547,,,Apartment,Unlimited ewa | Balcony | closed kitchen,250.0,,,,BHD,monthly,,,,,,,,,,,26.21263313293457,50.67418670654297,,,,AHMED ALI ,,YES,,,,,https://www.propertyfinder.bh/en/plp/rent/apartment-for-rent-muharraq-governorate-hidd-56920547.html,2026-09-09T22:26:33.454174+00:00,2026-09-18T22:26:19.478872+00:00,8,2026-09-18T22:26:19.478872+00:00
2026-09-19,removed,56921068,,,Apartment,SEA VIEW | PRIVATE BEACH | SPACIOUS BRIGHT MODERN,750.0,,,,BHD,monthly,,,,,,,,Amwaj Homes,,,26.288480758666992,50.66381072998047,,,,Fadi Eweida,,YES,,,,,https://www.propertyfinder.bh/en/plp/rent/apartment-for-rent-muharraq-governorate-amwaj-islands-amwaj-homes-56921068.html,2026-09-09T22:26:33.454174+00:00,2026-09-18T22:26:19.478872+00:00,8,2026-09-18T22:26:19.478872+00:00
2026-09-19,removed,56921641,,,Apartment,Elegant 3-Bedroom Apartment with Internet |,500.0,,,,BHD,monthly,,,,,,,,,,,26.211111068725586,50.601112365722656,,,,Alma Pepito,,YES,,,,,https://www.propertyfinder.bh/en/plp/rent/apartment-for-rent-capital-governorate-al-juffair-56921641.html,2026-09-09T22:26:33.454174+00:00,2026-09-18T22:26:19.478872+00:00,8,2026-09-18T22:26:19.478872+00:00
2026-09-19,removed,56982960,,,Apartment,unlimited ewa | Balcony | modern and spacious,240.0,,,,BHD,monthly,,,,,,,,,,,26.21263313293457,50.67418670654297,,,,AHMED ALI ,,YES,,,,,https://www.propertyfinder.bh/en/plp/rent/apartment-for-rent-muharraq-governorate-hidd-56982960.html,2026-09-11T22:26:20.282146+00:00,2026-09-18T22:26:19.478872+00:00,6,2026-09-18T22:26:19.478872+00:00
2026-09-19,removed,56982970,,,Apartment,GREAT OFFER PRICE | SPACIOUS DUPLEX | POOL | GYM,399.0,,,,BHD,monthly,,,,,,,,Amwaj Marina,,,26.293058395385742,50.65943908691406,,,,Fadi Eweida,,YES,,,,,https://www.propertyfinder.bh/en/plp/rent/apartment-for-rent-muharraq-governorate-amwaj-islands-amwaj-marina-56982970.html,2026-09-11T22:26:20.282146+00:00,2026-09-18T22:26:19.478872+00:00,6,2026-09-18T22:26:19.478872+00:00
2026-09-19,removed,56983235,,,Villa,SPACIOUS I BRIGHT I DUPLEX I STAND ALONE,550.0,,,,BHD,monthly,,,,,,,,,,,26.185943603515625,50.46711349487305,,,,Prashanth Naik,,PARTLY,,,,,https://www.propertyfinder.bh/en/plp/rent/villa-for-rent-northern-governorate-janabiya-56983235.html,2026-09-11T22:26:20.282146+00:00,2026-09-18T22:26:19.478872+00:00,6,2026-09-18T22:26:19.478872+00:00
2026-09-19,removed,57038998,,,Warehouse,Industrial warehouse for rent in Salmabad,2500.0,,,,BHD,monthly,,,,,,,,,,,26.183332443237305,50.516666412353516,,,,Mohammed Ali Al Samawi ,,PARTLY,,,,,https://www.propertyfinder.bh/en/plp/commercial-rent/warehouse-for-rent-central-governorate-salmabad-57038998.html,2026-09-13T22:18:37.695331+00:00,2026-09-18T22:26:19.478872+00:00,5,2026-09-18T22:26:19.478872+00:00
2026-09-19,removed,57065371,,,Apartment,Luxury 1BHK|Inclusive|Sea View,260.0,,,,BHD,monthly,,,,,,,,,,,26.211111068725586,50.601112365722656,,,,Talha Umer,,YES,,,,,https://www.propertyfinder.bh/en/plp/rent/apartment-for-rent-capital-governorate-al-juffair-57065371.html,2026-09-14T23:04:57.871563+00:00,2026-09-18T22:26:19.478872+00:00,3,2026-09-18T22:26:19.478872+00:00
2026-09-19,removed,57065658,,,Apartment,MODERN /NEAR 2 RUGBY CLUB/ BALCONY/ CLOSED KITCHEN,550.0,,,,BHD,monthly,,,,,,,,,,,26.185943603515625,50.46711349487305,,,,Enkhee Eegnes,,YES,,,,,https://www.propertyfinder.bh/en/plp/rent/apartment-for-rent-northern-governorate-janabiya-57065658.html,2026-09-14T23:04:57.871563+00:00,2026-09-18T22:26:19.478872+00:00,3,2026-09-18T22:26:19.478872+00:00
2026-09-19,removed,57066793,,,Apartment,DIRECT MALL ACCESS l BEACH ACCESS l NICE FURNITURE,60.0,,,,BHD,sell,,,,,,,,Diyar Al Muharraq,Marassi Residences,,26.303447723388672,50.6461296081543,,,,Hamad Buhameed,,YES,completed,,,,https://www.propertyfinder.bh/en/plp/buy/apartment-for-sale-muharraq-governorate-diyar-al-muharraq-marassi-residences-57066793.html,2026-09-14T23:04:57.871563+00:00,2026-09-18T22:26:19.478872+00:00,3,2026-09-18T22:26:19.478872+00:00
2026-09-19,removed,57093985,,,Apartment,Renovated 1 BR FF Apartment with Balcony Amwaj,300.0,,,,BHD,monthly,,,,,,,,The Lagoon,,,26.287778854370117,50.66339111328125,,,,Hafiz Mohammad Rizwan Ashraf,,YES,,,,,https://www.propertyfinder.bh/en/plp/rent/apartment-for-rent-muharraq-governorate-amwaj-islands-the-lagoon-57093985.html,2026-09-15T22:50:53.147240+00:00,2026-09-18T22:26:19.478872+00:00,2,2026-09-18T22:26:19.478872+00:00
2026-09-19,removed,57152262,,,Apartment,BRAND NEW STUDIO UNLIMITED EWA|Premium furnishings,400.0,,,,BHD,monthly,,,,,,,,Diyar Al Muharraq,,,26.303447723388672,50.6461296081543,,,,Alma Pepito,,YES,,,,,https://www.propertyfinder.bh/en/plp/rent/apartment-for-rent-muharraq-governorate-diyar-al-muharraq-marassi-al-bahrain-57152262.html,2026-09-17T22:46:09.744238+00:00,2026-09-18T22:26:19.478872+00:00,0,2026-09-18T22:26:19.478872+00:00
2026-09-19,removed,753979,,,Land,RB Land For Sale in Jid Ali,100000.0,,,,BHD,sell,,,,,,,,,,,26.179166793823242,50.56222152709961,,,,Ammar Abdulaal,,,,,,,https://www.propertyfinder.bh/en/plp/buy/land-for-sale-central-governorate-jid-ali-753979.html,2026-05-31T13:58:31.068517+00:00,2026-09-18T22:26:19.478872+00:00,110,2026-09-18T22:26:19.478872+00:00
2026-09-19,removed,770634,,,Land,RB Land For Sale in Karzakkan,100000.0,,,,BHD,sell,,,,,,,,,,,26.113693237304688,50.48170471191406,,,,Ammar Abdulaal,,,,,,,https://www.propertyfinder.bh/en/plp/buy/land-for-sale-northern-governorate-karzakkan-770634.html,2026-05-31T13:58:31.068517+00:00,2026-09-18T22:26:19.478872+00:00,110,2026-09-18T22:26:19.478872+00:00
2026-09-19,removed,790412,,,Land,RB Land For Sale in Jid Ali,135000.0,,,,BHD,sell,,,,,,,,,,,26.179166793823242,50.56222152709961,,,,Ammar Abdulaal,,,,,,,https://www.propertyfinder.bh/en/plp/buy/land-for-sale-central-governorate-jid-ali-790412.html,2026-05-31T13:58:31.068517+00:00,2026-09-18T22:26:19.478872+00:00,110,2026-09-18T22:26:19.478872+00:00
2026-09-19,removed,790415,,,Land,RB Land For Sale in Jid Ali,110500.0,,,,BHD,sell,,,,,,,,,,,26.179166793823242,50.56222152709961,,,,Ammar Abdulaal,,,,,,,https://www.propertyfinder.bh/en/plp/buy/land-for-sale-central-governorate-jid-ali-790415.html,2026-05-31T13:58:31.068517+00:00,2026-09-18T22:26:19.478872+00:00,110,2026-09-18T22:26:19.478872+00:00
2026-09-19,removed,791293,,,Villa,Villa for Sale in Malkiyah,123000.0,,,,BHD,sell,,,,,,,,,,,26.100860595703125,50.48801040649414,,,,Ammar Abdulaal,,NO,completed_primary,,,,https://www.propertyfinder.bh/en/plp/buy/villa-for-sale-northern-governorate-malkiyah-791293.html,2026-05-31T13:58:31.068517+00:00,2026-09-18T22:26:19.478872+00:00,110,2026-09-18T22:26:19.478872+00:00
2026-09-19,removed,800012,,,Land,RB Land For Sale in Karzakkan,120000.0,,,,BHD,sell,,,,,,,,,,,26.113693237304688,50.48170471191406,,,,Ammar Abdulaal,,,,,,,https://www.propertyfinder.bh/en/plp/buy/land-for-sale-northern-governorate-karzakkan-800012.html,2026-05-31T13:58:31.068517+00:00,2026-09-18T22:26:19.478872+00:00,110,2026-09-18T22:26:19.478872+00:00
2026-09-19,removed,849077,,,Land,RB Land For Sale in Malkiyah,96000.0,,,,BHD,sell,,,,,,,,,,,26.100860595703125,50.48801040649414,,,,Ammar Abdulaal,,,,,,,https://www.propertyfinder.bh/en/plp/buy/land-for-sale-northern-governorate-malkiyah-849077.html,2026-05-31T13:58:31.068517+00:00,2026-09-18T22:26:19.478872+00:00,110,2026-09-18T22:26:19.478872+00:00
2026-09-19,removed,856910,,,Land,للبيع ارض في منطقة الرفاع الشمالي,148282.0,,,,BHD,sell,,,,,,,,North Riffa,,,26.143957138061523,50.547142028808594,,,,Mohamed Salamah,,,,,,,https://www.propertyfinder.bh/en/plp/buy/land-for-sale-southern-governorate-riffa-north-riffa-856910.html,2026-05-31T13:58:31.068517+00:00,2026-09-18T22:26:19.478872+00:00,110,2026-09-18T22:26:19.478872+00:00
2026-09-19,removed,867958,,,Villa,للبيع فلل فاخرة وجاهزة في الرفاع الشمالي,240000.0,,,,BHD,sell,,,,,,,,North Riffa,,,26.143957138061523,50.547142028808594,,,,Mohamed Salamah,,NO,completed,,,,https://www.propertyfinder.bh/en/plp/buy/villa-for-sale-southern-governorate-riffa-north-riffa-867958.html,2026-05-31T13:58:31.068517+00:00,2026-09-18T22:26:19.478872+00:00,110,2026-09-18T22:26:19.478872+00:00
2026-09-19,removed,872813,,,Land,للبيع ارض اس بي في منطقه جو النعميات,198006.0,,,,BHD,sell,,,,,,,,,,,26.05678367614746,50.61648178100586,,,,Mohamed Salamah,,,,,,,https://www.propertyfinder.bh/en/plp/buy/land-for-sale-southern-governorate-askar-872813.html,2026-05-31T13:58:31.068517+00:00,2026-09-18T22:26:19.478872+00:00,110,2026-09-18T22:26:19.478872+00:00
2026-09-19,removed,876553,,,Land,للبيع ارض في منطقة راقـــيـــه جــــــــــــــــو,112483.0,,,,BHD,sell,,,,,,,,,,,26.05678367614746,50.61648178100586,,,,Mohamed Salamah,,,,,,,https://www.propertyfinder.bh/en/plp/buy/land-for-sale-southern-governorate-askar-876553.html,2026-05-31T13:58:31.068517+00:00,2026-09-18T22:26:19.478872+00:00,110,2026-09-18T22:26:19.478872+00:00
2026-09-19,removed,876561,,,Land,للبيع ارض في منطقة راقـــيـــه جــــــــــــــــو,92871.0,,,,BHD,sell,,,,,,,,,,,26.05678367614746,50.61648178100586,,,,Mohamed Salamah,,,,,,,https://www.propertyfinder.bh/en/plp/buy/land-for-sale-southern-governorate-askar-876561.html,2026-05-31T13:58:31.068517+00:00,2026-09-18T22:26:19.478872+00:00,110,2026-09-18T22:26:19.478872+00:00
2026-09-19,removed,904555,,,Land,RA Land For Sale in Dumistan,106800.0,,,,BHD,sell,,,,,,,,,,,26.123769760131836,50.469722747802734,,,,Ammar Abdulaal,,,,,,,https://www.propertyfinder.bh/en/plp/buy/land-for-sale-northern-governorate-dumistan-904555.html,2026-05-31T13:58:31.068517+00:00,2026-09-18T22:26:19.478872+00:00,110,2026-09-18T22:26:19.478872+00:00
2026-09-19,removed,917807,,,Land,RA Land For Sale in Dumistan,120000.0,,,,BHD,sell,,,,,,,,,,,26.123769760131836,50.469722747802734,,,,Ammar Abdulaal,,,,,,,https://www.propertyfinder.bh/en/plp/buy/land-for-sale-northern-governorate-dumistan-917807.html,2026-05-31T13:58:31.068517+00:00,2026-09-18T22:26:19.478872+00:00,110,2026-09-18T22:26:19.478872+00:00
2026-09-19,removed,917822,,,Land,RHA Land For Sale in Karzakkan,58000.0,,,,BHD,sell,,,,,,,,,,,26.113693237304688,50.48170471191406,,,,Ammar Abdulaal,,,,,,,https://www.propertyfinder.bh/en/plp/buy/land-for-sale-northern-governorate-karzakkan-917822.html,2026-05-31T13:58:31.068517+00:00,2026-09-18T22:26:19.478872+00:00,110,2026-09-18T22:26:19.478872+00:00
2026-09-19,removed,920716,,,Apartment,Housekeeping Balcony 2 Bed in new Sanabis,375.0,,,,BHD,monthly,,,,,,,,Sanabis,,,26.226558685302734,50.5459098815918,,,,Ayman Jnedi,,YES,,,,,https://www.propertyfinder.bh/en/plp/rent/apartment-for-rent-capital-governorate-manama-sanabis-920716.html,2026-07-24T21:11:47.069485+00:00,2026-09-18T22:26:19.478872+00:00,56,2026-09-18T22:26:19.478872+00:00
2026-09-19,removed,928516,,,Apartment,Spacious 2 Bed Janabiya inclusive,250.0,,,,BHD,monthly,,,,,,,,,,,26.185943603515625,50.46711349487305,,,,Ayman Jnedi,,PARTLY,,,,,https://www.propertyfinder.bh/en/plp/rent/apartment-for-rent-northern-governorate-janabiya-928516.html,2026-05-31T13:58:31.068517+00:00,2026-09-18T22:26:19.478872+00:00,110,2026-09-18T22:26:19.478872+00:00
2026-09-19,removed,937086,,,Apartment,Upscale Living in a Sophisticated Apartment,400.0,,,,BHD,monthly,,,,,,,,,,,26.185943603515625,50.46711349487305,,,,Brunilda Rrapa,,YES,,,,,https://www.propertyfinder.bh/en/plp/rent/apartment-for-rent-northern-governorate-janabiya-937086.html,2026-05-31T13:58:31.068517+00:00,2026-09-18T22:26:19.478872+00:00,110,2026-09-18T22:26:19.478872+00:00
2026-09-19,removed,938058,,,Land,RB Land For Sale in Al-Malkiyah,106500.0,,,,BHD,sell,,,,,,,,,,,26.100860595703125,50.48801040649414,,,,Ammar Abdulaal,,,,,,,https://www.propertyfinder.bh/en/plp/buy/land-for-sale-northern-governorate-malkiyah-938058.html,2026-05-31T13:58:31.068517+00:00,2026-09-18T22:26:19.478872+00:00,110,2026-09-18T22:26:19.478872+00:00
2026-09-19,removed,938350,,,Land,RA Land For Sale in Karzakkan,100000.0,,,,BHD,sell,,,,,,,,,,,26.113693237304688,50.48170471191406,,,,Ammar Abdulaal,,,,,,,https://www.propertyfinder.bh/en/plp/buy/land-for-sale-northern-governorate-karzakkan-938350.html,2026-05-31T13:58:31.068517+00:00,2026-09-18T22:26:19.478872+00:00,110,2026-09-18T22:26:19.478872+00:00
2026-09-19,removed,938360,,,Land,RHA Land For Sale in Dumistan,84000.0,,,,BHD,sell,,,,,,,,,,,26.123769760131836,50.469722747802734,,,,Ammar Abdulaal,,,,,,,https://www.propertyfinder.bh/en/plp/buy/land-for-sale-northern-governorate-dumistan-938360.html,2026-05-31T13:58:31.068517+00:00,2026-09-18T22:26:19.478872+00:00,110,2026-09-18T22:26:19.478872+00:00
2026-09-19,removed,938362,,,Land,RB Land For Sale in Malkiyah,101500.0,,,,BHD,sell,,,,,,,,,,,26.100860595703125,50.48801040649414,,,,Ammar Abdulaal,,,,,,,https://www.propertyfinder.bh/en/plp/buy/land-for-sale-northern-governorate-malkiyah-938362.html,2026-05-31T13:58:31.068517+00:00,2026-09-18T22:26:19.478872+00:00,110,2026-09-18T22:26:19.478872+00:00
2026-09-19,removed,938938,,,Villa,Villa for sale in Sanad,260000.0,,,,BHD,sell,,,,,,,,,,,26.149999618530273,50.58333206176758,,,,Ammar Abdulaal,,PARTLY,completed_primary,,,,https://www.propertyfinder.bh/en/plp/buy/villa-for-sale-central-governorate-sanad-938938.html,2026-05-31T13:58:31.068517+00:00,2026-09-18T22:26:19.478872+00:00,110,2026-09-18T22:26:19.478872+00:00
2026-09-19,removed,955572,,,Apartment,Semi-Furnished 3 BHK Apartment for Rent in Riffa,300.0,,,,BHD,monthly,,,,,,,,,,,26.1314754486084,50.568843841552734,,,,salman siraj,,PARTLY,,,,,https://www.propertyfinder.bh/en/plp/rent/apartment-for-rent-southern-governorate-riffa-bu-kowarah-955572.html,2026-06-02T13:15:39.812588+00:00,2026-09-18T22:26:19.478872+00:00,108,2026-09-18T22:26:19.478872+00:00
2026-09-19,removed,956632,,,Apartment,1BHK Flat for Rent in Riffa Near Lulu Unlimited EW,170.0,,,,BHD,monthly,,,,,,,,,,,26.1314754486084,50.568843841552734,,,,salman siraj,,NO,,,,,https://www.propertyfinder.bh/en/plp/rent/apartment-for-rent-southern-governorate-riffa-bu-kowarah-956632.html,2026-06-03T21:04:42.207506+00:00,2026-09-18T22:26:19.478872+00:00,107,2026-09-18T22:26:19.478872+00:00
2026-09-19,removed,980928,,,Apartment,Duplex 2 Bed Inclusive in Amwaj Sea view,400.0,,,,BHD,monthly,,,,,,,,Amwaj Avenue,,,26.29302978515625,50.66474151611328,,,,Ayman Jnedi,,YES,,,,,https://www.propertyfinder.bh/en/plp/rent/apartment-for-rent-muharraq-governorate-amwaj-islands-980928.html,2026-07-19T20:58:26.466026+00:00,2026-09-18T22:26:19.478872+00:00,61,2026-09-18T22:26:19.478872+00:00
2026-09-19,removed,992252,,,Apartment,2BHK Flat For Rent In Riffa Bukwarah Near Rim ewa,170.0,,,,BHD,monthly,,,,,,,,,,,26.1314754486084,50.568843841552734,,,,salman siraj,,NO,,,,,https://www.propertyfinder.bh/en/plp/rent/apartment-for-rent-southern-governorate-riffa-bu-kowarah-992252.html,2026-06-02T13:15:39.812588+00:00,2026-09-18T22:26:19.478872+00:00,108,2026-09-18T22:26:19.478872+00:00
2026-09-19,removed,992254,,,Apartment,Luxurious 2 BHK Semi Furnished Flat For Rent Riffa,220.0,,,,BHD,monthly,,,,,,,,,,,26.1314754486084,50.568843841552734,,,,salman siraj,,NO,,,,,https://www.propertyfinder.bh/en/plp/rent/apartment-for-rent-southern-governorate-riffa-bu-kowarah-992254.html,2026-06-03T21:04:42.207506+00:00,2026-09-18T22:26:19.478872+00:00,107,2026-09-18T22:26:19.478872+00:00
2026-09-19,removed,992264,,,Apartment,3 BHK Flat For Rent In Riifa Alhaijyat Exclusive,170.0,,,,BHD,monthly,,,,,,,,Alhajiyat,,,26.128984451293945,50.58171463012695,,,,salman siraj,,PARTLY,,,,,https://www.propertyfinder.bh/en/plp/rent/apartment-for-rent-southern-governorate-riffa-alhajiyat-992264.html,2026-06-02T13:15:39.812588+00:00,2026-09-18T22:26:19.478872+00:00,108,2026-09-18T22:26:19.478872+00:00
2026-09-19,removed,992267,,,Villa,2 BHK Big Flat For Rent In Riifa Alhaijyat (Villa),180.0,,,,BHD,monthly,,,,,,,,Alhajiyat,,,26.128984451293945,50.58171463012695,,,,salman siraj,,NO,,,,,https://www.propertyfinder.bh/en/plp/rent/villa-for-rent-southern-governorate-riffa-alhajiyat-992267.html,2026-06-02T13:15:39.812588+00:00,2026-09-18T22:26:19.478872+00:00,108,2026-09-18T22:26:19.478872+00:00
2026-09-19,removed,992291,,,Apartment,Spacious 2 BHK Flat for Rent in Sanad (With EWA),150.0,,,,BHD,monthly,,,,,,,,,,,26.149999618530273,50.58333206176758,,,,salman siraj,,NO,,,,,https://www.propertyfinder.bh/en/plp/rent/apartment-for-rent-central-governorate-sanad-992291.html,2026-09-10T22:26:07.492803+00:00,2026-09-18T22:26:19.478872+00:00,8,2026-09-18T22:26:19.478872+00:00
2026-09-19,removed,992306,,,Apartment,2BHK Big Flat for Rent in Riffa (Near Riffa Garde),120.0,,,,BHD,monthly,,,,,,,,,,,26.1314754486084,50.568843841552734,,,,salman siraj,,NO,,,,,https://www.propertyfinder.bh/en/plp/rent/apartment-for-rent-southern-governorate-riffa-bu-kowarah-992306.html,2026-05-31T13:58:31.068517+00:00,2026-09-18T22:26:19.478872+00:00,110,2026-09-18T22:26:19.478872+00:00
2026-09-19,removed,992578,,,Villa,Private Pool/Big  Garden/ One Month Free,600.0,,,,BHD,monthly,,,,,,,,,,,26.207910537719727,50.587345123291016,,,,A. Mhaout,,NO,,,,,https://www.propertyfinder.bh/en/plp/rent/villa-for-rent-capital-governorate-manama-mahooz-992578.html,2026-06-15T21:06:46.439420+00:00,2026-09-18T22:26:19.478872+00:00,95,2026-09-18T22:26:19.478872+00:00
2026-09-19,removed,992592,,,Villa,Furnished / Approved / Inclusive,900.0,,,,BHD,monthly,,,,,,,,,,,26.19164276123047,50.48757553100586,,,,A. Mhaout,,PARTLY,,,,,https://www.propertyfinder.bh/en/plp/rent/villa-for-rent-northern-governorate-saar-992592.html,2026-06-04T20:43:07.946899+00:00,2026-09-18T22:26:19.478872+00:00,106,2026-09-18T22:26:19.478872+00:00
2026-09-19,removed,992774,,,Villa,Luxurious and Spacious Villa for Sale in Damistan,800000.0,,,,BHD,sell,,,,,,,,,,,26.123769760131836,50.469722747802734,,,,Mahmood Al-Shaikh,,PARTLY,completed,,,,https://www.propertyfinder.bh/en/plp/buy/villa-for-sale-northern-governorate-dumistan-992774.html,2026-05-31T13:58:31.068517+00:00,2026-09-18T22:26:19.478872+00:00,110,2026-09-18T22:26:19.478872+00:00
2026-09-19,removed,993107,,,Villa,Villa for sale in Malkiyah,135000.0,,,,BHD,sell,,,,,,,,,,,26.100860595703125,50.48801040649414,,,,Ammar Abdulaal,,PARTLY,completed_primary,,,,https://www.propertyfinder.bh/en/plp/buy/villa-for-sale-northern-governorate-malkiyah-993107.html,2026-05-31T13:58:31.068517+00:00,2026-09-18T22:26:19.478872+00:00,110,2026-09-18T22:26:19.478872+00:00
2026-09-19,removed,993299,,,Apartment,3 BHK Flat For Rent In Riffa Near Police Station,200.0,,,,BHD,monthly,,,,,,,,Riffa Al Sharqi,,,26.1162166595459,50.57211685180664,,,,salman siraj,,NO,,,,,https://www.propertyfinder.bh/en/plp/rent/apartment-for-rent-southern-governorate-riffa-riffa-al-sharqi-993299.html,2026-06-09T13:03:47.398622+00:00,2026-09-18T22:26:19.478872+00:00,101,2026-09-18T22:26:19.478872+00:00
2026-09-19,removed,993774,,,Villa,Modern Furnished Villa/Maid's Room/Inclusive,1000.0,,,,BHD,monthly,,,,,,,,,,,26.19164276123047,50.48757553100586,,,,A. Mhaout,,YES,,,,,https://www.propertyfinder.bh/en/plp/rent/villa-for-rent-northern-governorate-saar-993774.html,2026-05-31T13:58:31.068517+00:00,2026-09-18T22:26:19.478872+00:00,110,2026-09-18T22:26:19.478872+00:00
2026-09-19,removed,994071,,,Apartment,Modern/Furnished Apartment/ Near RCSI,64000.0,,,,BHD,sell,,,,,,,,,,,26.27199935913086,50.60900115966797,,,,A. Mhaout,,YES,completed,,,,https://www.propertyfinder.bh/en/plp/buy/apartment-for-sale-muharraq-governorate-busaiteen-994071.html,2026-05-31T13:58:31.068517+00:00,2026-09-18T22:26:19.478872+00:00,110,2026-09-18T22:26:19.478872+00:00
2026-09-19,removed,994088,,,Apartment,Sea view 3 bed Maids room Dilmonia,150000.0,,,,BHD,sell,,,,,,,,,,,26.27286720275879,50.672889709472656,,,,Ayman Jnedi,,YES,completed_primary,,,,https://www.propertyfinder.bh/en/plp/buy/apartment-for-sale-muharraq-governorate-dilmunia-island-994088.html,2026-05-31T13:58:31.068517+00:00,2026-09-18T22:26:19.478872+00:00,110,2026-09-18T22:26:19.478872+00:00
2026-09-19,removed,994090,,,Apartment,MODERN FURNISHED APRT/ NEAR RSRCIS,75500.0,,,,BHD,sell,,,,,,,,,,,26.27199935913086,50.60900115966797,,,,A. Mhaout,,YES,completed,,,,https://www.propertyfinder.bh/en/plp/buy/apartment-for-sale-muharraq-governorate-busaiteen-994090.html,2026-05-31T13:58:31.068517+00:00,2026-09-18T22:26:19.478872+00:00,110,2026-09-18T22:26:19.478872+00:00
2026-09-19,removed,995219,,,Villa,Spacious Villa / maid's Room_/ Private Garden,500.0,,,,BHD,monthly,,,,,,,,,,,26.140336990356445,50.478271484375,,,,A. Mhaout,,PARTLY,,,,,https://www.propertyfinder.bh/en/plp/rent/villa-for-rent-northern-governorate-hamala-995219.html,2026-05-31T13:58:31.068517+00:00,2026-09-18T22:26:19.478872+00:00,110,2026-09-18T22:26:19.478872+00:00
2026-09-19,removed,995220,,,Villa,Beautiful 3Bhk VillaWith a Private Garden,450.0,,,,BHD,monthly,,,,,,,,,,,26.188888549804688,50.54999923706055,,,,A. Mhaout,,NO,,,,,https://www.propertyfinder.bh/en/plp/rent/villa-for-rent-central-governorate-tubli-995220.html,2026-07-21T21:17:21.978520+00:00,2026-09-18T22:26:19.478872+00:00,59,2026-09-18T22:26:19.478872+00:00
2026-09-19,removed,996201,,,Apartment,Spacious 3BHK Apartment  / Prime location,260.0,,,,BHD,monthly,,,,,,,,,,,26.2102108001709,50.56403350830078,,,,A. Mhaout,,NO,,,,,https://www.propertyfinder.bh/en/plp/rent/apartment-for-rent-capital-governorate-manama-zinj-996201.html,2026-05-31T13:58:31.068517+00:00,2026-09-18T22:26:19.478872+00:00,110,2026-09-18T22:26:19.478872+00:00
2026-09-19,removed,996683,,,Apartment,2BHK  Apartme/ Inclusive / Ground/ Prime location,235.0,,,,BHD,monthly,,,,,,,,,,,26.188888549804688,50.54999923706055,,,,A. Mhaout,,PARTLY,,,,,https://www.propertyfinder.bh/en/plp/rent/apartment-for-rent-central-governorate-tubli-996683.html,2026-05-31T13:58:31.068517+00:00,2026-09-18T22:26:19.478872+00:00,110,2026-09-18T22:26:19.478872+00:00
2026-09-19,removed,996685,,,Apartment,Spacious 2 BHK APRt/ Prime Location,200.0,,,,BHD,monthly,,,,,,,,,,,26.149999618530273,50.58333206176758,,,,A. Mhaout,,NO,,,,,https://www.propertyfinder.bh/en/plp/rent/apartment-for-rent-central-governorate-sanad-996685.html,2026-05-31T13:58:31.068517+00:00,2026-09-18T22:26:19.478872+00:00,110,2026-09-18T22:26:19.478872+00:00
2026-09-19,removed,996924,,,Villa,New Villas /Arad / Busaiteen /Excellent finishing,135000.0,,,,BHD,sell,,,,,,,,,,,26.25,50.650001525878906,,,,A. Mhaout,,NO,completed_primary,,,,https://www.propertyfinder.bh/en/plp/buy/villa-for-sale-muharraq-governorate-arad-996924.html,2026-05-31T13:58:31.068517+00:00,2026-09-18T22:26:19.478872+00:00,110,2026-09-18T22:26:19.478872+00:00
2026-09-19,removed,996926,,,Apartment,Spacious 3 BHK Apartment  / Balcony,260.0,,,,BHD,monthly,,,,,,,,,,,26.188888549804688,50.54999923706055,,,,A. Mhaout,,NO,,,,,https://www.propertyfinder.bh/en/plp/rent/apartment-for-rent-central-governorate-tubli-996926.html,2026-05-31T13:58:31.068517+00:00,2026-09-18T22:26:19.478872+00:00,110,2026-09-18T22:26:19.478872+00:00
2026-09-19,removed,997920,,,Apartment,New 2 BHK / monthly/ Yearly /  Inclusive /NO LIFT,240.0,,,,BHD,monthly,,,,,,,,,,,26.188888549804688,50.54999923706055,,,,A. Mhaout,,PARTLY,,,,,https://www.propertyfinder.bh/en/plp/rent/apartment-for-rent-central-governorate-tubli-997920.html,2026-05-31T13:58:31.068517+00:00,2026-09-18T22:26:19.478872+00:00,110,2026-09-18T22:26:19.478872+00:00
2026-09-19,removed,fcd0a97e-4d99-43ff-aedc-b87fe555e912,,,apartment|penthouse,Fontana Towers,55000.0,,,,BHD,,,,,,,,,,,,26.216667,50.583333,,,,Kooheji Development,,,completed,,,,/en/new-projects/kooheji-development/fontana-towers,2026-08-25T20:39:04.524858+00:00,2026-09-18T22:26:19.478872+00:00,24,2026-09-18T22:26:19.478872+00:00
2026-09-19,price_changed,52830679,,,Land,Prime Location - Residential - Khalifa Town,120000.0,113000.0,-7000.0,-5.83,BHD,sell,,,,,,,,,,,26.05678367614746,50.61648178100586,,,,Ahmed Alkuwaiti,,,,,,,https://www.propertyfinder.bh/en/plp/buy/land-for-sale-southern-governorate-askar-52830679.html,2026-05-31T13:58:31.068517+00:00,2026-09-19T22:16:49.045904+00:00,111,2026-09-19T22:16:49.045904+00:00
2026-09-19,price_changed,53007209,,,Villa,Buy this Beachfront Villa with 7.5% ROI for 5 Yrs,495000.0,480000.0,-15000.0,-3.03,BHD,sell,,,,,,,,Saraya al Bahar,,,26.2982234954834,50.65825271606445,,,,Muhammad Jahengir Akram,,YES,completed,,,,https://www.propertyfinder.bh/en/plp/buy/villa-for-sale-muharraq-governorate-amwaj-islands-saraya-al-bahar-53007209.html,2026-05-31T13:58:31.068517+00:00,2026-09-19T22:16:49.045904+00:00,111,2026-09-19T22:16:49.045904+00:00
2026-09-19,price_changed,53432598,,,Apartment,Panoramic Sea View|Balcony|Maid Room|All Inclusive,430.0,440.0,10.0,2.33,BHD,monthly,,,,,,,,,,,26.211111068725586,50.601112365722656,,,,Hazeeth,,YES,,,,,https://www.propertyfinder.bh/en/plp/rent/apartment-for-rent-capital-governorate-al-juffair-53432598.html,2026-05-31T13:58:31.068517+00:00,2026-09-19T22:16:49.045904+00:00,111,2026-09-19T22:16:49.045904+00:00
2026-09-19,price_changed,53575356,,,Apartment,Premium 1Bed+Balcony+Seaview BD380,350.0,380.0,30.0,8.57,BHD,monthly,,,,,,,,Essence of Dilmunia,,,26.27286720275879,50.672889709472656,,,,Sushant Anand,,PARTLY,,,,,https://www.propertyfinder.bh/en/plp/rent/apartment-for-rent-muharraq-governorate-dilmunia-island-essence-of-dilmunia-53575356.html,2026-05-31T14:14:25.767990+00:00,2026-09-19T22:16:49.045904+00:00,111,2026-09-19T22:16:49.045904+00:00
2026-09-19,price_changed,54151208,,,Villa,Beautiful Family Villa  |  Large Private Garden,600.0,650.0,50.0,8.33,BHD,monthly,,,,,,,,,,,26.213165283203125,50.447471618652344,,,,Abijeet    ,,PARTLY,,,,,https://www.propertyfinder.bh/en/plp/rent/villa-for-rent-northern-governorate-budaiya-54151208.html,2026-06-06T12:27:28.042901+00:00,2026-09-19T22:16:49.045904+00:00,105,2026-09-19T22:16:49.045904+00:00
2026-09-19,price_changed,54801666,,,Villa,Beautifully Furnished Private Villa| EWA Inclusive,700.0,750.0,50.0,7.14,BHD,monthly,,,,,,,,,,,26.185943603515625,50.46711349487305,,,,Abijeet    ,,YES,,,,,https://www.propertyfinder.bh/en/plp/rent/villa-for-rent-northern-governorate-janabiya-54801666.html,2026-06-29T20:43:30.057141+00:00,2026-09-19T22:16:49.045904+00:00,82,2026-09-19T22:16:49.045904+00:00
2026-09-19,price_changed,55688337,,,Apartment,Brand New 1BR | Modern Living in Marassi,500.0,450.0,-50.0,-10.0,BHD,monthly,,,,,,,,Diyar Al Muharraq,,,26.303447723388672,50.6461296081543,,,,Anup Simon,,YES,,,,,https://www.propertyfinder.bh/en/plp/rent/apartment-for-rent-muharraq-governorate-diyar-al-muharraq-marassi-al-bahrain-55688337.html,2026-07-30T21:17:40.423408+00:00,2026-09-19T22:16:49.045904+00:00,51,2026-09-19T22:16:49.045904+00:00
2026-09-19,price_changed,56124809,,,Villa,For Sale | 161 sqm Villa | BHD 114K | Personal Bui,115000.0,114000.0,-1000.0,-0.87,BHD,sell,,,,,,,,,,,26.140336990356445,50.478271484375,,,,Mohammed Salman,,NO,completed_primary,,,,https://www.propertyfinder.bh/en/plp/buy/villa-for-sale-northern-governorate-hamala-56124809.html,2026-08-14T20:37:52.052197+00:00,2026-09-19T22:16:49.045904+00:00,36,2026-09-19T22:16:49.045904+00:00
2026-09-19,price_changed,56301470,,,Duplex,GRAB THE DEAL | PANORAMIC VIEW | WIFI | JUFFAIR,320.0,330.0,10.0,3.12,BHD,monthly,,,,,,,,,,,26.211111068725586,50.601112365722656,,,,JUNAID MUNAWAR,,YES,,,,,https://www.propertyfinder.bh/en/plp/rent/duplex-for-rent-capital-governorate-al-juffair-56301470.html,2026-08-20T20:40:12.466755+00:00,2026-09-19T22:16:49.045904+00:00,30,2026-09-19T22:16:49.045904+00:00
2026-09-19,price_changed,56360216,,,Apartment,Sea view 1 bedroom plus study room expat can buy,68000.0,65000.0,-3000.0,-4.41,BHD,sell,,,,,,,,,,,26.211111068725586,50.601112365722656,,,,Mohammed Sajid Oddin,,YES,completed,,,,https://www.propertyfinder.bh/en/plp/buy/apartment-for-sale-capital-governorate-al-juffair-56360216.html,2026-08-22T20:31:02.398311+00:00,2026-09-19T22:16:49.045904+00:00,28,2026-09-19T22:16:49.045904+00:00
2026-09-19,price_changed,56611454,,,Apartment,Apartment with a balcony and sea view,80000.0,85000.0,5000.0,6.25,BHD,sell,,,,,,,,Al Marsa Floating City,,,26.2847957611084,50.669620513916016,,,,Abdulla Abdulrahman,,YES,completed,,,,https://www.propertyfinder.bh/en/plp/buy/apartment-for-sale-muharraq-governorate-amwaj-islands-al-marsa-floating-city-56611454.html,2026-08-30T22:37:12.054762+00:00,2026-09-19T22:16:49.045904+00:00,19,2026-09-19T22:16:49.045904+00:00
2026-09-19,price_changed,56611469,,,Apartment,LAGOON VIEW | 3BR+MAID | AMWAJ ISLAND | NOW LIVE,550.0,500.0,-50.0,-9.09,BHD,monthly,,,,,,,,The Lagoon,,,26.287778854370117,50.66339111328125,,,,Ali  Jawad ,,YES,,,,,https://www.propertyfinder.bh/en/plp/rent/apartment-for-rent-muharraq-governorate-amwaj-islands-the-lagoon-56611469.html,2026-08-30T22:37:12.054762+00:00,2026-09-19T22:16:49.045904+00:00,19,2026-09-19T22:16:49.045904+00:00
2026-09-19,price_changed,56671430,,,Apartment,Stunning 1BR | Modern Furnished | Marassi,500.0,450.0,-50.0,-10.0,BHD,monthly,,,,,,,,Diyar Al Muharraq,,,26.303447723388672,50.6461296081543,,,,Emmanuel Benji,,YES,,,,,https://www.propertyfinder.bh/en/plp/rent/apartment-for-rent-muharraq-governorate-diyar-al-muharraq-marassi-al-bahrain-56671430.html,2026-09-01T22:32:24.936409+00:00,2026-09-19T22:16:49.045904+00:00,17,2026-09-19T22:16:49.045904+00:00
2026-09-19,price_changed,56734679,,,Apartment,Navy or Civilian full floor ultra-modern flat,500.0,450.0,-50.0,-10.0,BHD,monthly,,,,,,,,,,,26.211111068725586,50.601112365722656,,,,Anna Mechkovskaya,,YES,,,,,https://www.propertyfinder.bh/en/plp/rent/apartment-for-rent-capital-governorate-al-juffair-56734679.html,2026-09-03T22:29:31.229615+00:00,2026-09-19T22:16:49.045904+00:00,15,2026-09-19T22:16:49.045904+00:00
2026-09-19,price_changed,56796715,,,Apartment,3 Years payment plan| fully renovated| Seef area,66000.0,68000.0,2000.0,3.03,BHD,sell,,,,,,,,,,,26.239999771118164,50.5369987487793,,,,Linda Mehdi,,YES,completed,,,,https://www.propertyfinder.bh/en/plp/buy/apartment-for-sale-capital-governorate-seef-56796715.html,2026-09-05T22:02:25.090477+00:00,2026-09-19T22:16:49.045904+00:00,14,2026-09-19T22:16:49.045904+00:00
2026-09-19,price_changed,56826838,,,Apartment,Spacious | Balcony | City View | Highway,300.0,350.0,50.0,16.67,BHD,monthly,,,,,,,,,,,26.211111068725586,50.601112365722656,,,,Talha Umer,,YES,,,,,https://www.propertyfinder.bh/en/plp/rent/apartment-for-rent-capital-governorate-al-juffair-56826838.html,2026-09-06T22:04:05.740274+00:00,2026-09-19T22:16:49.045904+00:00,13,2026-09-19T22:16:49.045904+00:00
2026-09-19,price_changed,56858712,,,Apartment,Sea view 2 bedrooms flat with Developer furniture,95000.0,89000.0,-6000.0,-6.32,BHD,sell,,,,,,,,,,,26.211111068725586,50.601112365722656,,,,Mohammed Sajid Oddin,,YES,completed,,,,https://www.propertyfinder.bh/en/plp/buy/apartment-for-sale-capital-governorate-al-juffair-56858712.html,2026-09-07T22:43:43.320929+00:00,2026-09-19T22:16:49.045904+00:00,11,2026-09-19T22:16:49.045904+00:00
2026-09-19,price_changed,56858830,,,Apartment,Beautiful Sunset | Big Balcony | Luxury Interiors,580.0,550.0,-30.0,-5.17,BHD,monthly,,,,,,,,,,,26.239999771118164,50.5369987487793,,,,Majeed Moosa,,YES,,,,,https://www.propertyfinder.bh/en/plp/rent/apartment-for-rent-capital-governorate-seef-56858830.html,2026-09-07T22:43:43.320929+00:00,2026-09-19T22:16:49.045904+00:00,11,2026-09-19T22:16:49.045904+00:00
2026-09-19,price_changed,56952804,,,Apartment,Premium Flat|Sea View|Spacious|Hot Price|Bright,250.0,230.0,-20.0,-8.0,BHD,monthly,,,,,,,,,,,26.211111068725586,50.601112365722656,,,,Hazeeth,,YES,,,,,https://www.propertyfinder.bh/en/plp/rent/apartment-for-rent-capital-governorate-al-juffair-56952804.html,2026-09-10T22:26:07.492803+00:00,2026-09-19T22:16:49.045904+00:00,8,2026-09-19T22:16:49.045904+00:00
2026-09-19,price_changed,57065266,,,Apartment,BRIGHT SPACIOUS RENOVATED BALCONY GOOD LOCATION,330.0,300.0,-30.0,-9.09,BHD,monthly,,,,,,,,,,,26.214487075805664,50.584754943847656,,,,khan Mohammad khan,,YES,,,,,https://www.propertyfinder.bh/en/plp/rent/apartment-for-rent-capital-governorate-manama-adliya-57065266.html,2026-09-14T23:04:57.871563+00:00,2026-09-19T22:16:49.045904+00:00,4,2026-09-19T22:16:49.045904+00:00
2026-09-19,price_changed,57065619,,,Apartment,Big Terrace/Quiet Location/Water Views/Beach,450.0,425.0,-25.0,-5.56,BHD,monthly,,,,,,,,Tala Island,,,26.300025939941406,50.66316223144531,,,,Anastasia Ageeva,,YES,,,,,https://www.propertyfinder.bh/en/plp/rent/apartment-for-rent-muharraq-governorate-amwaj-islands-tala-island-57065619.html,2026-09-14T23:04:57.871563+00:00,2026-09-19T22:16:49.045904+00:00,4,2026-09-19T22:16:49.045904+00:00
2026-09-19,price_changed,57094767,,,Apartment,BRAND NEW 1 BHK | SPACIOUS | LARGE BALCONY,450.0,400.0,-50.0,-11.11,BHD,monthly,,,,,,,,,,,26.239999771118164,50.5369987487793,,,,Zuhair Tlili,,YES,,,,,https://www.propertyfinder.bh/en/plp/rent/apartment-for-rent-capital-governorate-seef-57094767.html,2026-09-15T22:50:53.147240+00:00,2026-09-19T22:16:49.045904+00:00,3,2026-09-19T22:16:49.045904+00:00
2026-09-19,price_changed,57150569,,,Apartment,Brand New | Waterfront | Private Balcony,375.0,350.0,-25.0,-6.67,BHD,monthly,,,,,,,,Diyar Al Muharraq,,,26.303447723388672,50.6461296081543,,,,Majeed Moosa,,YES,,,,,https://www.propertyfinder.bh/en/plp/rent/apartment-for-rent-muharraq-governorate-diyar-al-muharraq-marassi-al-bahrain-57150569.html,2026-09-17T22:46:09.744238+00:00,2026-09-19T22:16:49.045904+00:00,1,2026-09-19T22:16:49.045904+00:00
