change_date,change_type,listing_id,category,listing_type,property_type,title,price_prev,price_curr,price_delta,price_delta_pct,currency,price_period,area_size,area_unit,beds_min,beds_max,baths_min,city,area,community,sub_community,compound,latitude,longitude,developer,project_name,agency_name,agent_name,agent_phone,furnished,completion_status,permit_number,rera_number,amenities,share_url,first_seen_at,last_seen_at,days_on_market,scraped_at
2026-08-15,new,51472595,,,Villa,Private Sea View Villa with Floating Jetty,,230000.0,,,BHD,sell,,,,,,,,,,,25.833925247192383,50.613853454589844,,,,Yusuf Alsobaiei,,YES,completed,,,,https://www.propertyfinder.bh/en/plp/buy/villa-for-sale-southern-governorate-durrat-al-bahrain-2PljDpiOTk8.html,2026-06-13T20:35:51.033624+00:00,2026-08-15T20:30:10.785226+00:00,62,2026-08-15T20:30:10.785226+00:00
2026-08-15,new,51472676,,,Villa,Best park estate villa for sale,,240000.0,,,BHD,sell,,,,,,,,Riffa Views,,,26.097333908081055,50.56736373901367,,,,Yusuf Alsobaiei,,PARTLY,completed,,,,https://www.propertyfinder.bh/en/plp/buy/villa-for-sale-southern-governorate-riffa-riffa-views-2PlofC8Q7IO.html,2026-06-13T20:35:51.033624+00:00,2026-08-15T20:30:10.785226+00:00,62,2026-08-15T20:30:10.785226+00:00
2026-08-15,new,52249182,,,Apartment,BRIGHT AND SPECIOUS II 3 BEDROOMS II LOW BUDGET,,350.0,,,BHD,monthly,,,,,,,,,,,26.21672821044922,50.55367660522461,,,,Sheraz Butt,,YES,,,,,https://www.propertyfinder.bh/en/plp/rent/apartment-for-rent-capital-governorate-manama-al-burhama-52249182.html,2026-06-29T20:43:30.057141+00:00,2026-08-15T20:30:10.785226+00:00,46,2026-08-15T20:30:10.785226+00:00
2026-08-15,new,52571762,,,Apartment,BRAND NEW BUILDING | FULLY FURNISHED | FREE WIFI,,400.0,,,BHD,monthly,,,,,,,,Sanabis,,,26.226558685302734,50.5459098815918,,,,Mohammed Abdu,,YES,,,,,https://www.propertyfinder.bh/en/plp/rent/apartment-for-rent-capital-governorate-manama-sanabis-52571762.html,2026-05-31T13:58:31.068517+00:00,2026-08-15T20:30:10.785226+00:00,76,2026-08-15T20:30:10.785226+00:00
2026-08-15,new,53599921,,,Show Room,"Commercial showroom for rent, strategic location",,7500.0,,,BHD,monthly,,,,,,,,Alhajiyat,,,26.128984451293945,50.58171463012695,,,,Mohammed Ali Al Samawi ,,YES,,,,,https://www.propertyfinder.bh/en/plp/commercial-rent/show-room-for-rent-southern-governorate-riffa-alhajiyat-53599921.html,2026-05-31T13:58:31.068517+00:00,2026-08-15T20:30:10.785226+00:00,76,2026-08-15T20:30:10.785226+00:00
2026-08-15,new,53850217,,,Apartment,VERY SPACIOUS & BRIGHT 2BHK |CLOSED KITCHEN | POOL,,350.0,,,BHD,monthly,,,,,,,,,,,26.27199935913086,50.60900115966797,,,,Osama Butt,,YES,,,,,https://www.propertyfinder.bh/en/plp/rent/apartment-for-rent-muharraq-governorate-busaiteen-53850217.html,2026-05-31T13:58:31.068517+00:00,2026-08-15T20:30:10.785226+00:00,76,2026-08-15T20:30:10.785226+00:00
2026-08-15,new,54042179,,,Villa,Luxurious | Quiet area | Services available,,140000.0,,,BHD,sell,,,,,,,,,,,26.27199935913086,50.60900115966797,,,,Al Lagoon Real Estate ,,NO,completed_primary,,,,https://www.propertyfinder.bh/en/plp/buy/villa-for-sale-muharraq-governorate-busaiteen-54042179.html,2026-06-02T17:34:08.678888+00:00,2026-08-15T20:30:10.785226+00:00,74,2026-08-15T20:30:10.785226+00:00
2026-08-15,new,54234654,,,Apartment,LUXURIOUS | SERVICES AVAILABLE | QUIET AREA,,270.0,,,BHD,monthly,,,,,,,,,,,26.21666717529297,50.58333206176758,,,,Al Lagoon Real Estate ,,YES,,,,,https://www.propertyfinder.bh/en/plp/rent/apartment-for-rent-capital-governorate-manama-54234654.html,2026-08-15T20:30:10.785226+00:00,2026-08-15T20:30:10.785226+00:00,0,2026-08-15T20:30:10.785226+00:00
2026-08-15,new,54234677,,,Apartment,Luxurious | Sea View | Quiet area,,350.0,,,BHD,monthly,,,,,,,,,,,26.21666717529297,50.58333206176758,,,,Al Lagoon Real Estate ,,YES,,,,,https://www.propertyfinder.bh/en/plp/rent/apartment-for-rent-capital-governorate-manama-54234677.html,2026-08-15T20:30:10.785226+00:00,2026-08-15T20:30:10.785226+00:00,0,2026-08-15T20:30:10.785226+00:00
2026-08-15,new,54291150,,,Villa,Luxurious | Quiet area | Services available,,580.0,,,BHD,monthly,,,,,,,,,,,26.12916374206543,50.49860763549805,,,,Al Lagoon Real Estate ,,YES,,,,,https://www.propertyfinder.bh/en/plp/rent/villa-for-rent-northern-governorate-hamad-town-54291150.html,2026-06-11T20:57:11.134489+00:00,2026-08-15T20:30:10.785226+00:00,64,2026-08-15T20:30:10.785226+00:00
2026-08-15,new,54451037,,,Apartment,Fully Furnished Apartments in Prime Janabiya,,375.0,,,BHD,monthly,,,,,,,,,,,26.185943603515625,50.46711349487305,,,,Yusuf Alsobaiei,,YES,,,,,https://www.propertyfinder.bh/en/plp/rent/apartment-for-rent-northern-governorate-janabiya-54451037.html,2026-06-17T20:50:56.644034+00:00,2026-08-15T20:30:10.785226+00:00,58,2026-08-15T20:30:10.785226+00:00
2026-08-15,new,54451066,,,Apartment,First Tenant – Prime Janabiya Location,,375.0,,,BHD,monthly,,,,,,,,,,,26.140336990356445,50.478271484375,,,,Yusuf Alsobaiei,,YES,,,,,https://www.propertyfinder.bh/en/plp/rent/apartment-for-rent-northern-governorate-hamala-54451066.html,2026-06-17T20:50:56.644034+00:00,2026-08-15T20:30:10.785226+00:00,58,2026-08-15T20:30:10.785226+00:00
2026-08-15,new,54451091,,,Apartment,Fully Furnished Apartments – First Tenant,,375.0,,,BHD,monthly,,,,,,,,,,,26.166685104370117,50.45078659057617,,,,Yusuf Alsobaiei,,YES,,,,,https://www.propertyfinder.bh/en/plp/rent/apartment-for-rent-northern-governorate-al-jasra-54451091.html,2026-06-17T20:50:56.644034+00:00,2026-08-15T20:30:10.785226+00:00,58,2026-08-15T20:30:10.785226+00:00
2026-08-15,new,54451101,,,Apartment,Fully Furnished Apartments – First Tenant,,375.0,,,BHD,monthly,,,,,,,,,,,26.19164276123047,50.48757553100586,,,,Yusuf Alsobaiei,,YES,,,,,https://www.propertyfinder.bh/en/plp/rent/apartment-for-rent-northern-governorate-saar-54451101.html,2026-06-17T20:50:56.644034+00:00,2026-08-15T20:30:10.785226+00:00,58,2026-08-15T20:30:10.785226+00:00
2026-08-15,new,54451120,,,Apartment,Brand New Fully Furnished – First Tenant,,375.0,,,BHD,monthly,,,,,,,,,,,26.202558517456055,50.519554138183594,,,,Yusuf Alsobaiei,,YES,,,,,https://www.propertyfinder.bh/en/plp/rent/apartment-for-rent-northern-governorate-bu-quwah-54451120.html,2026-06-17T20:50:56.644034+00:00,2026-08-15T20:30:10.785226+00:00,58,2026-08-15T20:30:10.785226+00:00
2026-08-15,new,54771728,,,Apartment,See View | Garden | Spacious | Balcony | Internet,,280.0,,,BHD,monthly,,,,,,,,,,,26.211111068725586,50.601112365722656,,,,Mokhles Sayed ,,YES,,,,,https://www.propertyfinder.bh/en/plp/rent/apartment-for-rent-capital-governorate-al-juffair-54771728.html,2026-07-16T13:23:22.641531+00:00,2026-08-15T20:30:10.785226+00:00,30,2026-08-15T20:30:10.785226+00:00
2026-08-15,new,56126062,,,Apartment,Great Offer I Balcony I Ideal Location,,280.0,,,BHD,monthly,,,,,,,,,,,26.211111068725586,50.601112365722656,,,,Sayed Ahmed Almusawi,,YES,,,,,https://www.propertyfinder.bh/en/plp/rent/apartment-for-rent-capital-governorate-al-juffair-56126062.html,2026-08-15T20:30:10.785226+00:00,2026-08-15T20:30:10.785226+00:00,0,2026-08-15T20:30:10.785226+00:00
2026-08-15,new,56126071,,,Apartment,Amazing Studio I Luxurious Amenities I Internet,,300.0,,,BHD,monthly,,,,,,,,,,,26.211111068725586,50.601112365722656,,,,Sayed Ahmed Almusawi,,YES,,,,,https://www.propertyfinder.bh/en/plp/rent/apartment-for-rent-capital-governorate-al-juffair-56126071.html,2026-08-15T20:30:10.785226+00:00,2026-08-15T20:30:10.785226+00:00,0,2026-08-15T20:30:10.785226+00:00
2026-08-15,new,56126077,,,Warehouse,Large 6705 sqm commercial warehouse or factory !,,8000.0,,,BHD,monthly,,,,,,,,,,,26.130512237548828,50.55546569824219,,,,Abijeet    ,,PARTLY,,,,,https://www.propertyfinder.bh/en/plp/commercial-rent/warehouse-for-rent-southern-governorate-riffa-56126077.html,2026-08-15T20:30:10.785226+00:00,2026-08-15T20:30:10.785226+00:00,0,2026-08-15T20:30:10.785226+00:00
2026-08-15,new,56126078,,,Apartment,SEA VIEW | MODERN| BEACH ACCESS | COZY | WIFI,,650.0,,,BHD,monthly,,,,,,,,Diyar Al Muharraq,,,26.303447723388672,50.6461296081543,,,,Moueen Charfi,,YES,,,,,https://www.propertyfinder.bh/en/plp/rent/apartment-for-rent-muharraq-governorate-diyar-al-muharraq-marassi-al-bahrain-56126078.html,2026-08-15T20:30:10.785226+00:00,2026-08-15T20:30:10.785226+00:00,0,2026-08-15T20:30:10.785226+00:00
2026-08-15,new,56126081,,,Villa,Truly Spectacular Villa | Top Class Facilities,,1500.0,,,BHD,monthly,,,,,,,,,,,26.140336990356445,50.478271484375,,,,Abijeet    ,,PARTLY,,,,,https://www.propertyfinder.bh/en/plp/rent/villa-for-rent-northern-governorate-hamala-56126081.html,2026-08-15T20:30:10.785226+00:00,2026-08-15T20:30:10.785226+00:00,0,2026-08-15T20:30:10.785226+00:00
2026-08-15,new,56126083,,,Villa,Modern Villa | Private Pool | Garden | Maid Room,,1250.0,,,BHD,monthly,,,,,,,,,,,26.19164276123047,50.48757553100586,,,,Abijeet    ,,PARTLY,,,,,https://www.propertyfinder.bh/en/plp/rent/villa-for-rent-northern-governorate-saar-56126083.html,2026-08-15T20:30:10.785226+00:00,2026-08-15T20:30:10.785226+00:00,0,2026-08-15T20:30:10.785226+00:00
2026-08-15,new,56126085,,,Apartment,BRAND NEW | ELEGANT | SPACIOUS | BEACH ACCESS,,350.0,,,BHD,monthly,,,,,,,,Diyar Al Muharraq,,,26.303447723388672,50.6461296081543,,,,Moueen Charfi,,YES,,,,,https://www.propertyfinder.bh/en/plp/rent/apartment-for-rent-muharraq-governorate-diyar-al-muharraq-marassi-al-bahrain-56126085.html,2026-08-15T20:30:10.785226+00:00,2026-08-15T20:30:10.785226+00:00,0,2026-08-15T20:30:10.785226+00:00
2026-08-15,new,56126086,,,Villa,Single Storey | Private Pool | Garden | Maid room,,1100.0,,,BHD,monthly,,,,,,,,,,,26.19164276123047,50.48757553100586,,,,Abijeet    ,,PARTLY,,,,,https://www.propertyfinder.bh/en/plp/rent/villa-for-rent-northern-governorate-saar-56126086.html,2026-08-15T20:30:10.785226+00:00,2026-08-15T20:30:10.785226+00:00,0,2026-08-15T20:30:10.785226+00:00
2026-08-15,new,56134411,,,Apartment,Premium Luxury | High-End Comfort | Top Facilities,,570.0,,,BHD,monthly,,,,,,,,,,,26.214487075805664,50.584754943847656,,,,Abijeet    ,,YES,,,,,https://www.propertyfinder.bh/en/plp/rent/apartment-for-rent-capital-governorate-manama-adliya-56134411.html,2026-08-15T20:30:10.785226+00:00,2026-08-15T20:30:10.785226+00:00,0,2026-08-15T20:30:10.785226+00:00
2026-08-15,new,56142237,,,Villa,Prestigious Compound  |  Perfect for Families !,,950.0,,,BHD,monthly,,,,,,,,,,,26.207910537719727,50.587345123291016,,,,Abijeet    ,,PARTLY,,,,,https://www.propertyfinder.bh/en/plp/rent/villa-for-rent-capital-governorate-manama-mahooz-56142237.html,2026-08-15T20:30:10.785226+00:00,2026-08-15T20:30:10.785226+00:00,0,2026-08-15T20:30:10.785226+00:00
2026-08-15,new,56149441,,,Villa,Single Storey Villa | Maid room | Private Garden,,900.0,,,BHD,monthly,,,,,,,,,,,26.140336990356445,50.478271484375,,,,Abijeet    ,,PARTLY,,,,,https://www.propertyfinder.bh/en/plp/rent/villa-for-rent-northern-governorate-hamala-56149441.html,2026-08-15T20:30:10.785226+00:00,2026-08-15T20:30:10.785226+00:00,0,2026-08-15T20:30:10.785226+00:00
2026-08-15,new,56152947,,,Apartment,BRAND NEW |FULLY FURNISHED | COZY | BEACH ACCESS,,650.0,,,BHD,monthly,,,,,,,,Diyar Al Muharraq,,,26.303447723388672,50.6461296081543,,,,Moueen Charfi,,YES,,,,,https://www.propertyfinder.bh/en/plp/rent/apartment-for-rent-muharraq-governorate-diyar-al-muharraq-marassi-al-bahrain-56152947.html,2026-08-15T20:30:10.785226+00:00,2026-08-15T20:30:10.785226+00:00,0,2026-08-15T20:30:10.785226+00:00
2026-08-15,new,56152948,,,Apartment,Pool view • 2BR • 2 Cinemas • Hot Deals,,65000.0,,,BHD,sell,,,,,,,,,,,26.211111068725586,50.601112365722656,,,,Hana Parvez,,YES,completed,,,,https://www.propertyfinder.bh/en/plp/buy/apartment-for-sale-capital-governorate-al-juffair-56152948.html,2026-08-15T20:30:10.785226+00:00,2026-08-15T20:30:10.785226+00:00,0,2026-08-15T20:30:10.785226+00:00
2026-08-15,new,56153007,,,Apartment,2BR 3Bath | Semi Furnished | Unlimited EWA,,270.0,,,BHD,monthly,,,,,,,,,,,26.21263313293457,50.67418670654297,,,,Zain Jabbar,,YES,,,,,https://www.propertyfinder.bh/en/plp/rent/apartment-for-rent-muharraq-governorate-hidd-56153007.html,2026-08-15T20:30:10.785226+00:00,2026-08-15T20:30:10.785226+00:00,0,2026-08-15T20:30:10.785226+00:00
2026-08-15,new,56153010,,,Villa,Spectacular Villa | Private Garden | Kids Friendly,,1600.0,,,BHD,monthly,,,,,,,,,,,26.166685104370117,50.45078659057617,,,,Avid D Souza,,PARTLY,,,,,https://www.propertyfinder.bh/en/plp/rent/villa-for-rent-northern-governorate-al-jasra-56153010.html,2026-08-15T20:30:10.785226+00:00,2026-08-15T20:30:10.785226+00:00,0,2026-08-15T20:30:10.785226+00:00
2026-08-15,new,56153012,,,Apartment,Apartment for rent with electricity included in Bu,,220.0,,,BHD,monthly,,,,,,,,,,,26.27199935913086,50.60900115966797,,,,Mohammed Ali Al Samawi ,,NO,,,,,https://www.propertyfinder.bh/en/plp/rent/apartment-for-rent-muharraq-governorate-busaiteen-56153012.html,2026-08-15T20:30:10.785226+00:00,2026-08-15T20:30:10.785226+00:00,0,2026-08-15T20:30:10.785226+00:00
2026-08-15,new,56153022,,,Apartment,2-BHK|Furnished | Pool | Closed Kitchen | Wifi,,300.0,,,BHD,monthly,,,,,,,,,,,26.21263313293457,50.67418670654297,,,,Zain Jabbar,,YES,,,,,https://www.propertyfinder.bh/en/plp/rent/apartment-for-rent-muharraq-governorate-hidd-56153022.html,2026-08-15T20:30:10.785226+00:00,2026-08-15T20:30:10.785226+00:00,0,2026-08-15T20:30:10.785226+00:00
2026-08-15,new,56153023,,,Apartment,1BR | Closed Kitchen | Unlimited EWA | Wifi,,230.0,,,BHD,monthly,,,,,,,,,,,26.21263313293457,50.67418670654297,,,,Zain Jabbar,,YES,,,,,https://www.propertyfinder.bh/en/plp/rent/apartment-for-rent-muharraq-governorate-hidd-56153023.html,2026-08-15T20:30:10.785226+00:00,2026-08-15T20:30:10.785226+00:00,0,2026-08-15T20:30:10.785226+00:00
2026-08-15,new,56153031,,,Villa,"Furnished villa including electricity and water, p",,500.0,,,BHD,monthly,,,,,,,,,,,26.266666412353516,50.650001525878906,,,,ALWARD  REAL ESTATE ,,YES,,,,,https://www.propertyfinder.bh/en/plp/rent/villa-for-rent-muharraq-governorate-galali-56153031.html,2026-08-15T20:30:10.785226+00:00,2026-08-15T20:30:10.785226+00:00,0,2026-08-15T20:30:10.785226+00:00
2026-08-15,new,56153032,,,Apartment,Spacious  2 Bedroom | Balcony  | Closed Kitchen,,300.0,,,BHD,monthly,,,,,,,,,,,26.21263313293457,50.67418670654297,,,,Zain Jabbar,,PARTLY,,,,,https://www.propertyfinder.bh/en/plp/rent/apartment-for-rent-muharraq-governorate-hidd-56153032.html,2026-08-15T20:30:10.785226+00:00,2026-08-15T20:30:10.785226+00:00,0,2026-08-15T20:30:10.785226+00:00
2026-08-15,new,56153035,,,Apartment,Great Deal l Beautifully Furnished l Well Located,,130000.0,,,BHD,sell,,,,,,,,Diyar Al Muharraq,,,26.303447723388672,50.6461296081543,,,,Siwar Arfaoui,,YES,completed,,,,https://www.propertyfinder.bh/en/plp/buy/apartment-for-sale-muharraq-governorate-diyar-al-muharraq-marassi-al-bahrain-56153035.html,2026-08-15T20:30:10.785226+00:00,2026-08-15T20:30:10.785226+00:00,0,2026-08-15T20:30:10.785226+00:00
2026-08-15,new,56153057,,,Apartment,Spacious 2 BHK | Semi Furnished | Closed Kitchen,,210.0,,,BHD,monthly,,,,,,,,,,,26.21263313293457,50.67418670654297,,,,Zain Jabbar,,PARTLY,,,,,https://www.propertyfinder.bh/en/plp/rent/apartment-for-rent-muharraq-governorate-hidd-56153057.html,2026-08-15T20:30:10.785226+00:00,2026-08-15T20:30:10.785226+00:00,0,2026-08-15T20:30:10.785226+00:00
2026-08-15,new,56153058,,,Apartment,Large Balcony | Spectacular Views | Freehold,,155000.0,,,BHD,sell,,,,,,,,,,,26.241750717163086,50.5663948059082,,,,Adeel Ajaz,,YES,completed,,,,https://www.propertyfinder.bh/en/plp/buy/apartment-for-sale-capital-governorate-reef-island-56153058.html,2026-08-15T20:30:10.785226+00:00,2026-08-15T20:30:10.785226+00:00,0,2026-08-15T20:30:10.785226+00:00
2026-08-15,new,56153059,,,Villa,SPECIOUS DOULE STORY VILLA WITH CLOSE KITCHEN,,550.0,,,BHD,monthly,,,,,,,,,,,26.20176887512207,50.53025436401367,,,,Aysha Adil,,PARTLY,,,,,https://www.propertyfinder.bh/en/plp/rent/villa-for-rent-northern-governorate-sehla-56153059.html,2026-08-15T20:30:10.785226+00:00,2026-08-15T20:30:10.785226+00:00,0,2026-08-15T20:30:10.785226+00:00
2026-08-15,new,56153071,,,Apartment,Unparalleled Luxury | High Floor | Stunning Views,,68000.0,,,BHD,sell,,,,,,,,,,,26.249584197998047,50.580360412597656,,,,Adeel Ajaz,,YES,completed,,,,https://www.propertyfinder.bh/en/plp/buy/apartment-for-sale-capital-governorate-bahrain-bay-56153071.html,2026-08-15T20:30:10.785226+00:00,2026-08-15T20:30:10.785226+00:00,0,2026-08-15T20:30:10.785226+00:00
2026-08-15,new,56153073,,,Apartment,ICONIC TOWER | FREEHOLD | BEACH ACCESS,,110000.0,,,BHD,sell,,,,,,,,,,,26.239999771118164,50.5369987487793,,,,Adeel Ajaz,,YES,completed,,,,https://www.propertyfinder.bh/en/plp/buy/apartment-for-sale-capital-governorate-seef-56153073.html,2026-08-15T20:30:10.785226+00:00,2026-08-15T20:30:10.785226+00:00,0,2026-08-15T20:30:10.785226+00:00
2026-08-15,new,56153079,,,Apartment,Luxurious | Near Mall | Balcony | Bright,,850.0,,,BHD,monthly,,,,,,,,,,,26.239999771118164,50.5369987487793,,,,Adeel Ajaz,,YES,,,,,https://www.propertyfinder.bh/en/plp/rent/apartment-for-rent-capital-governorate-seef-56153079.html,2026-08-15T20:30:10.785226+00:00,2026-08-15T20:30:10.785226+00:00,0,2026-08-15T20:30:10.785226+00:00
2026-08-15,new,56153081,,,Apartment,Large Balcony | Wonderful View | Financial Harbour,,265000.0,,,BHD,sell,,,,,,,,Bahrain Financial Harbour,,,26.23778533935547,50.57342529296875,,,,Adeel Ajaz,,YES,completed,,,,https://www.propertyfinder.bh/en/plp/buy/apartment-for-sale-capital-governorate-manama-bahrain-financial-harbour-56153081.html,2026-08-15T20:30:10.785226+00:00,2026-08-15T20:30:10.785226+00:00,0,2026-08-15T20:30:10.785226+00:00
2026-08-15,new,56153084,,,Villa,"Furnished villa for rent, electricity included,",,700.0,,,BHD,monthly,,,,,,,,,,,26.288480758666992,50.66381072998047,,,,Mohammed Ali Al Samawi ,,YES,,,,,https://www.propertyfinder.bh/en/plp/rent/villa-for-rent-muharraq-governorate-amwaj-islands-56153084.html,2026-08-15T20:30:10.785226+00:00,2026-08-15T20:30:10.785226+00:00,0,2026-08-15T20:30:10.785226+00:00
2026-08-15,new,56153087,,,Apartment,Fully Upgraded | Harbour View | Immaculate Unit,,125000.0,,,BHD,sell,,,,,,,,,,,26.241750717163086,50.5663948059082,,,,Adeel Ajaz,,YES,completed,,,,https://www.propertyfinder.bh/en/plp/buy/apartment-for-sale-capital-governorate-reef-island-56153087.html,2026-08-15T20:30:10.785226+00:00,2026-08-15T20:30:10.785226+00:00,0,2026-08-15T20:30:10.785226+00:00
2026-08-15,new,56153088,,,Apartment,2 Bedrooms | Semi Furnished | Closed Kitchen,,240.0,,,BHD,monthly,,,,,,,,,,,26.21263313293457,50.67418670654297,,,,Zain Jabbar,,PARTLY,,,,,https://www.propertyfinder.bh/en/plp/rent/apartment-for-rent-muharraq-governorate-hidd-56153088.html,2026-08-15T20:30:10.785226+00:00,2026-08-15T20:30:10.785226+00:00,0,2026-08-15T20:30:10.785226+00:00
2026-08-15,new,56153091,,,Apartment,Fabulous Water Views | Naturally Well-Lit | Cozy,,780.0,,,BHD,monthly,,,,,,,,,,,26.241750717163086,50.5663948059082,,,,Adeel Ajaz,,YES,,,,,https://www.propertyfinder.bh/en/plp/rent/apartment-for-rent-capital-governorate-reef-island-56153091.html,2026-08-15T20:30:10.785226+00:00,2026-08-15T20:30:10.785226+00:00,0,2026-08-15T20:30:10.785226+00:00
2026-08-15,new,56153093,,,Apartment,Big Terrace With Breathtaking Sea Views l Elegant,,475.0,,,BHD,monthly,,,,,,,,Amwaj Avenue,,,26.29302978515625,50.66474151611328,,,,Sadik Ali,,YES,,,,,https://www.propertyfinder.bh/en/plp/rent/apartment-for-rent-muharraq-governorate-amwaj-islands-amwaj-avenue-56153093.html,2026-08-15T20:30:10.785226+00:00,2026-08-15T20:30:10.785226+00:00,0,2026-08-15T20:30:10.785226+00:00
2026-08-15,new,56153095,,,Apartment,Skyline Views | Close to Mall | Prime Location,,120000.0,,,BHD,sell,,,,,,,,,,,26.239999771118164,50.5369987487793,,,,Adeel Ajaz,,YES,completed,,,,https://www.propertyfinder.bh/en/plp/buy/apartment-for-sale-capital-governorate-seef-56153095.html,2026-08-15T20:30:10.785226+00:00,2026-08-15T20:30:10.785226+00:00,0,2026-08-15T20:30:10.785226+00:00
2026-08-15,new,56153096,,,Apartment,Premium | Very Spacious| Pets Friendly | Maid Room,,950.0,,,BHD,monthly,,,,,,,,Amwaj Avenue,,,26.29302978515625,50.66474151611328,,,,Sadik Ali,,YES,,,,,https://www.propertyfinder.bh/en/plp/rent/apartment-for-rent-muharraq-governorate-amwaj-islands-amwaj-avenue-56153096.html,2026-08-15T20:30:10.785226+00:00,2026-08-15T20:30:10.785226+00:00,0,2026-08-15T20:30:10.785226+00:00
2026-08-15,new,56153106,,,Villa,Spacious Villa | Private Pool | Balconies | Navy,,900.0,,,BHD,monthly,,,,,,,,,,,26.25,50.650001525878906,,,,Sadik Ali,,YES,,,,,https://www.propertyfinder.bh/en/plp/rent/villa-for-rent-muharraq-governorate-arad-56153106.html,2026-08-15T20:30:10.785226+00:00,2026-08-15T20:30:10.785226+00:00,0,2026-08-15T20:30:10.785226+00:00
2026-08-15,new,56153109,,,Apartment,Refined Comfort l Maid Room l Spacious Balcony,,600.0,,,BHD,monthly,,,,,,,,Amwaj Avenue,,,26.29302978515625,50.66474151611328,,,,Sadik Ali,,YES,,,,,https://www.propertyfinder.bh/en/plp/rent/apartment-for-rent-muharraq-governorate-amwaj-islands-amwaj-avenue-56153109.html,2026-08-15T20:30:10.785226+00:00,2026-08-15T20:30:10.785226+00:00,0,2026-08-15T20:30:10.785226+00:00
2026-08-15,new,56153113,,,Apartment,2BHK |  Semi Furnished | Balcony | Closed Kitchen,,220.0,,,BHD,monthly,,,,,,,,,,,26.21263313293457,50.67418670654297,,,,Zain Jabbar,,PARTLY,,,,,https://www.propertyfinder.bh/en/plp/rent/apartment-for-rent-muharraq-governorate-hidd-56153113.html,2026-08-15T20:30:10.785226+00:00,2026-08-15T20:30:10.785226+00:00,0,2026-08-15T20:30:10.785226+00:00
2026-08-15,new,56153125,,,Apartment,SEA VIEW l HOUSE KEEPING l BALCONY,,600.0,,,BHD,monthly,,,,,,,,Diyar Al Muharraq,Address Marassi Vista,,26.306358337402344,50.64693069458008,,,,Monica Medhat,,YES,,,,,https://www.propertyfinder.bh/en/plp/rent/apartment-for-rent-muharraq-governorate-diyar-al-muharraq-address-marassi-vista-56153125.html,2026-08-15T20:30:10.785226+00:00,2026-08-15T20:30:10.785226+00:00,0,2026-08-15T20:30:10.785226+00:00
2026-08-15,new,56153127,,,Apartment,Hot deal Studio apartment| gym| Seef,,200.0,,,BHD,monthly,,,,,,,,,,,26.239999771118164,50.5369987487793,,,,Nayla Tabussam,,YES,,,,,https://www.propertyfinder.bh/en/plp/rent/apartment-for-rent-capital-governorate-seef-56153127.html,2026-08-15T20:30:10.785226+00:00,2026-08-15T20:30:10.785226+00:00,0,2026-08-15T20:30:10.785226+00:00
2026-08-15,new,56153145,,,Apartment,Furnished | Luxurious | Inclusive,,375.0,,,BHD,monthly,,,,,,,,Alhajiyat,,,26.128984451293945,50.58171463012695,,,,Al Lagoon Real Estate ,,YES,,,,,https://www.propertyfinder.bh/en/plp/rent/apartment-for-rent-southern-governorate-riffa-alhajiyat-56153145.html,2026-08-15T20:30:10.785226+00:00,2026-08-15T20:30:10.785226+00:00,0,2026-08-15T20:30:10.785226+00:00
2026-08-15,new,56153146,,,Apartment,SPACIOUS 2 BHK|BALCONY | CLOSED KITCHEN |EXCLUSIVE,,200.0,,,BHD,monthly,,,,,,,,,,,26.185943603515625,50.46711349487305,,,,Imad Hasan,,NO,,,,,https://www.propertyfinder.bh/en/plp/rent/apartment-for-rent-northern-governorate-janabiya-56153146.html,2026-08-15T20:30:10.785226+00:00,2026-08-15T20:30:10.785226+00:00,0,2026-08-15T20:30:10.785226+00:00
2026-08-15,new,56153147,,,Apartment,Newly  Furnished  2BR Big Balcony  closed to lulu,,390.0,,,BHD,monthly,,,,,,,,,,,26.211111068725586,50.601112365722656,,,,Haroon Sorathia,,YES,,,,,https://www.propertyfinder.bh/en/plp/rent/apartment-for-rent-capital-governorate-al-juffair-56153147.html,2026-08-15T20:30:10.785226+00:00,2026-08-15T20:30:10.785226+00:00,0,2026-08-15T20:30:10.785226+00:00
2026-08-15,new,56153149,,,Apartment,Stylish | Balconies | Pets Friendly | Inclusive,,350.0,,,BHD,monthly,,,,,,,,Amwaj Avenue,,,26.29302978515625,50.66474151611328,,,,Sadik Ali,,YES,,,,,https://www.propertyfinder.bh/en/plp/rent/apartment-for-rent-muharraq-governorate-amwaj-islands-amwaj-avenue-56153149.html,2026-08-15T20:30:10.785226+00:00,2026-08-15T20:30:10.785226+00:00,0,2026-08-15T20:30:10.785226+00:00
2026-08-15,new,56153153,,,Villa,Villa for rent with electricity and water included,,600.0,,,BHD,monthly,,,,,,,,Al Bahair,,,26.149368286132812,50.56598663330078,,,,Mohammed Ali Al Samawi ,,NO,,,,,https://www.propertyfinder.bh/en/plp/rent/villa-for-rent-southern-governorate-riffa-al-bahair-56153153.html,2026-08-15T20:30:10.785226+00:00,2026-08-15T20:30:10.785226+00:00,0,2026-08-15T20:30:10.785226+00:00
2026-08-15,new,56153154,,,Villa,Best area in Hamala with asphalt roads,,126000.0,,,BHD,sell,,,,,,,,,,,26.140336990356445,50.478271484375,,,,Mohamed Mirza,,NO,completed_primary,,,,https://www.propertyfinder.bh/en/plp/buy/villa-for-sale-northern-governorate-hamala-56153154.html,2026-08-15T20:30:10.785226+00:00,2026-08-15T20:30:10.785226+00:00,0,2026-08-15T20:30:10.785226+00:00
2026-08-15,new,56153155,,,Apartment,New| Modern | Housekeeping| 2 Balcony| CPR TAX,,380.0,,,BHD,monthly,,,,,,,,,,,26.211111068725586,50.601112365722656,,,,Mokhles Sayed ,,YES,,,,,https://www.propertyfinder.bh/en/plp/rent/apartment-for-rent-capital-governorate-al-juffair-56153155.html,2026-08-15T20:30:10.785226+00:00,2026-08-15T20:30:10.785226+00:00,0,2026-08-15T20:30:10.785226+00:00
2026-08-15,new,56153156,,,Apartment,Spacious 3BHK | Closed Kitchen | Balcony,,250.0,,,BHD,monthly,,,,,,,,,,,26.21263313293457,50.67418670654297,,,,Zain Jabbar,,NO,,,,,https://www.propertyfinder.bh/en/plp/rent/apartment-for-rent-muharraq-governorate-hidd-56153156.html,2026-08-15T20:30:10.785226+00:00,2026-08-15T20:30:10.785226+00:00,0,2026-08-15T20:30:10.785226+00:00
2026-08-15,new,56153157,,,Apartment,Duplex I Closed Kithchen I Balcony I Shared Pool,,79500.0,,,BHD,sell,,,,,,,,,,,26.211111068725586,50.601112365722656,,,,Haroon Sorathia,,YES,completed,,,,https://www.propertyfinder.bh/en/plp/buy/apartment-for-sale-capital-governorate-al-juffair-56153157.html,2026-08-15T20:30:10.785226+00:00,2026-08-15T20:30:10.785226+00:00,0,2026-08-15T20:30:10.785226+00:00
2026-08-15,new,56153184,,,Apartment,Sea View I Spacious | House Keeping I Balcony,,300.0,,,BHD,monthly,,,,,,,,,,,26.211111068725586,50.601112365722656,,,,Antony Shaiju,,YES,,,,,https://www.propertyfinder.bh/en/plp/rent/apartment-for-rent-capital-governorate-al-juffair-56153184.html,2026-08-15T20:30:10.785226+00:00,2026-08-15T20:30:10.785226+00:00,0,2026-08-15T20:30:10.785226+00:00
2026-08-15,new,56153188,,,Warehouse,Priime Location Warehouse Easy Access,,800.0,,,BHD,monthly,,,,,,,,,,,26.21263313293457,50.67418670654297,,,,Haroon Sorathia,,YES,,,,,https://www.propertyfinder.bh/en/plp/commercial-rent/warehouse-for-rent-muharraq-governorate-hidd-56153188.html,2026-08-15T20:30:10.785226+00:00,2026-08-15T20:30:10.785226+00:00,0,2026-08-15T20:30:10.785226+00:00
2026-08-15,new,56153189,,,Villa,Villa For Sale Al Malikiyah | 198sqm | BHD 126K,,126000.0,,,BHD,sell,,,,,,,,,,,26.100860595703125,50.48801040649414,,,,Mohammed Salman,,NO,completed_primary,,,,https://www.propertyfinder.bh/en/plp/buy/villa-for-sale-northern-governorate-malkiyah-56153189.html,2026-08-15T20:30:10.785226+00:00,2026-08-15T20:30:10.785226+00:00,0,2026-08-15T20:30:10.785226+00:00
2026-08-15,new,56153197,,,Apartment,Luxurious|High Floor|Hot Price|Bright|Modern,,269.0,,,BHD,monthly,,,,,,,,Manama Downtown,,,26.23276138305664,50.57925033569336,,,,Hazeeth,,YES,,,,,https://www.propertyfinder.bh/en/plp/rent/apartment-for-rent-capital-governorate-manama-manama-downtown-56153197.html,2026-08-15T20:30:10.785226+00:00,2026-08-15T20:30:10.785226+00:00,0,2026-08-15T20:30:10.785226+00:00
2026-08-15,new,56153198,,,Apartment,2 Bedroom | 2 Balconies | Closed Kitchen,,230.0,,,BHD,monthly,,,,,,,,,,,26.21263313293457,50.67418670654297,,,,Zain Jabbar,,NO,,,,,https://www.propertyfinder.bh/en/plp/rent/apartment-for-rent-muharraq-governorate-hidd-56153198.html,2026-08-15T20:30:10.785226+00:00,2026-08-15T20:30:10.785226+00:00,0,2026-08-15T20:30:10.785226+00:00
2026-08-15,new,56153200,,,Apartment,Spacious /Bright 1bhk/ Wifi/ Balcony/ Prime Loca,,275.0,,,BHD,monthly,,,,,,,,,,,26.211111068725586,50.601112365722656,,,,Mokhles Sayed ,,YES,,,,,https://www.propertyfinder.bh/en/plp/rent/apartment-for-rent-capital-governorate-al-juffair-56153200.html,2026-08-15T20:30:10.785226+00:00,2026-08-15T20:30:10.785226+00:00,0,2026-08-15T20:30:10.785226+00:00
2026-08-15,new,56153203,,,Apartment,SEE VIEW | STORAGE | BALCONY | WELL MAINTAINED,,55000.0,,,BHD,monthly,,,,,,,,,,,26.211111068725586,50.601112365722656,,,,Mokhles Sayed ,,YES,,,,,https://www.propertyfinder.bh/en/plp/rent/apartment-for-rent-capital-governorate-al-juffair-56153203.html,2026-08-15T20:30:10.785226+00:00,2026-08-15T20:30:10.785226+00:00,0,2026-08-15T20:30:10.785226+00:00
2026-08-15,new,56153215,,,Apartment,Biggest layout in Amwaj | Sea View| Wide Balconies,,850.0,,,BHD,monthly,,,,,,,,Amwaj Avenue,,,26.29302978515625,50.66474151611328,,,,Sadik Ali,,YES,,,,,https://www.propertyfinder.bh/en/plp/rent/apartment-for-rent-muharraq-governorate-amwaj-islands-amwaj-avenue-56153215.html,2026-08-15T20:30:10.785226+00:00,2026-08-15T20:30:10.785226+00:00,0,2026-08-15T20:30:10.785226+00:00
2026-08-15,new,56153217,,,Apartment,New| Naturally well-lit |Spacious | Luxury|Balcony,,700.0,,,BHD,monthly,,,,,,,,,,,26.211111068725586,50.601112365722656,,,,Mokhles Sayed ,,YES,,,,,https://www.propertyfinder.bh/en/plp/rent/apartment-for-rent-capital-governorate-al-juffair-56153217.html,2026-08-15T20:30:10.785226+00:00,2026-08-15T20:30:10.785226+00:00,0,2026-08-15T20:30:10.785226+00:00
2026-08-15,new,56153218,,,Apartment,2Bedroom | Fully Furnished | Unlimited EWA,,180.0,,,BHD,monthly,,,,,,,,,,,26.21263313293457,50.67418670654297,,,,Zain Jabbar,,YES,,,,,https://www.propertyfinder.bh/en/plp/rent/apartment-for-rent-muharraq-governorate-hidd-56153218.html,2026-08-15T20:30:10.785226+00:00,2026-08-15T20:30:10.785226+00:00,0,2026-08-15T20:30:10.785226+00:00
2026-08-15,new,56153220,,,Apartment,2BR Fully Furnished| Wi-Fi|Inclusive|Gym+Pool,,400.0,,,BHD,monthly,,,,,,,,,,,26.239999771118164,50.5369987487793,,,,Nayla Tabussam,,YES,,,,,https://www.propertyfinder.bh/en/plp/rent/apartment-for-rent-capital-governorate-seef-56153220.html,2026-08-15T20:30:10.785226+00:00,2026-08-15T20:30:10.785226+00:00,0,2026-08-15T20:30:10.785226+00:00
2026-08-15,new,56153235,,,Apartment,Private Beach Access | Sea View | All Inclusive,,750.0,,,BHD,monthly,,,,,,,,Amwaj Avenue,,,26.29302978515625,50.66474151611328,,,,Sadik Ali,,YES,,,,,https://www.propertyfinder.bh/en/plp/rent/apartment-for-rent-muharraq-governorate-amwaj-islands-amwaj-avenue-56153235.html,2026-08-15T20:30:10.785226+00:00,2026-08-15T20:30:10.785226+00:00,0,2026-08-15T20:30:10.785226+00:00
2026-08-15,new,56153238,,,Apartment,Very Spacious | Full Sea View | Balconies | Navy,,700.0,,,BHD,monthly,,,,,,,,Amwaj Avenue,,,26.29302978515625,50.66474151611328,,,,Sadik Ali,,YES,,,,,https://www.propertyfinder.bh/en/plp/rent/apartment-for-rent-muharraq-governorate-amwaj-islands-amwaj-avenue-56153238.html,2026-08-15T20:30:10.785226+00:00,2026-08-15T20:30:10.785226+00:00,0,2026-08-15T20:30:10.785226+00:00
2026-08-15,new,56153240,,,Apartment,Prime Location | New | Spacious | Internet,,350.0,,,BHD,monthly,,,,,,,,Amwaj Avenue,,,26.29302978515625,50.66474151611328,,,,Mokhles Sayed ,,YES,,,,,https://www.propertyfinder.bh/en/plp/rent/apartment-for-rent-muharraq-governorate-amwaj-islands-amwaj-avenue-56153240.html,2026-08-15T20:30:10.785226+00:00,2026-08-15T20:30:10.785226+00:00,0,2026-08-15T20:30:10.785226+00:00
2026-08-15,new,56153242,,,Villa,Modern | Balcony | Garden | Maids room,,650.0,,,BHD,monthly,,,,,,,,,,,26.19164276123047,50.48757553100586,,,,Aileen Camarillo,,PARTLY,,,,,https://www.propertyfinder.bh/en/plp/rent/villa-for-rent-northern-governorate-saar-56153242.html,2026-08-15T20:30:10.785226+00:00,2026-08-15T20:30:10.785226+00:00,0,2026-08-15T20:30:10.785226+00:00
2026-08-15,new,56153247,,,Apartment,Sea Side Luxury| Pets Friendly| Sea View| Inclusiv,,525.0,,,BHD,monthly,,,,,,,,Amwaj Avenue,,,26.29302978515625,50.66474151611328,,,,Sadik Ali,,YES,,,,,https://www.propertyfinder.bh/en/plp/rent/apartment-for-rent-muharraq-governorate-amwaj-islands-amwaj-avenue-56153247.html,2026-08-15T20:30:10.785226+00:00,2026-08-15T20:30:10.785226+00:00,0,2026-08-15T20:30:10.785226+00:00
2026-08-15,new,56153248,,,Apartment,A distinctive lifestyle with high class facilities,,950.0,,,BHD,monthly,,,,,,,,,,,26.211111068725586,50.601112365722656,,,,Mokhles Sayed ,,YES,,,,,https://www.propertyfinder.bh/en/plp/rent/apartment-for-rent-capital-governorate-al-juffair-56153248.html,2026-08-15T20:30:10.785226+00:00,2026-08-15T20:30:10.785226+00:00,0,2026-08-15T20:30:10.785226+00:00
2026-08-15,new,56153256,,,Apartment,Close Kitchen | Spacious | Wifi | Neat and Clean,,250.0,,,BHD,monthly,,,,,,,,,,,26.211111068725586,50.601112365722656,,,,Mokhles Sayed ,,YES,,,,,https://www.propertyfinder.bh/en/plp/rent/apartment-for-rent-capital-governorate-al-juffair-56153256.html,2026-08-15T20:30:10.785226+00:00,2026-08-15T20:30:10.785226+00:00,0,2026-08-15T20:30:10.785226+00:00
2026-08-15,new,56153258,,,Apartment,New | Luxury | Balcony | WiFi | Spacious,,400.0,,,BHD,monthly,,,,,,,,,,,26.21693992614746,50.57733154296875,,,,Mokhles Sayed ,,YES,,,,,https://www.propertyfinder.bh/en/plp/rent/apartment-for-rent-capital-governorate-manama-segaya-56153258.html,2026-08-15T20:30:10.785226+00:00,2026-08-15T20:30:10.785226+00:00,0,2026-08-15T20:30:10.785226+00:00
2026-08-15,new,56153261,,,Apartment,A distinctive lifestyle See View 5 Star facilities,,850.0,,,BHD,monthly,,,,,,,,,,,26.211111068725586,50.601112365722656,,,,Mokhles Sayed ,,YES,,,,,https://www.propertyfinder.bh/en/plp/rent/apartment-for-rent-capital-governorate-al-juffair-56153261.html,2026-08-15T20:30:10.785226+00:00,2026-08-15T20:30:10.785226+00:00,0,2026-08-15T20:30:10.785226+00:00
2026-08-15,new,56153272,,,Apartment,Modern | Bright | Fully Fitted Kitchen,,430.0,,,BHD,monthly,,,,,,,,,,,26.19164276123047,50.48757553100586,,,,Aileen Camarillo,,YES,,,,,https://www.propertyfinder.bh/en/plp/rent/apartment-for-rent-northern-governorate-saar-56153272.html,2026-08-15T20:30:10.785226+00:00,2026-08-15T20:30:10.785226+00:00,0,2026-08-15T20:30:10.785226+00:00
2026-08-15,new,56153273,,,Apartment,Balcony| Renovated | See View| Open kitchen,,330.0,,,BHD,monthly,,,,,,,,Amwaj Avenue,,,26.29302978515625,50.66474151611328,,,,Mokhles Sayed ,,YES,,,,,https://www.propertyfinder.bh/en/plp/rent/apartment-for-rent-muharraq-governorate-amwaj-islands-amwaj-avenue-56153273.html,2026-08-15T20:30:10.785226+00:00,2026-08-15T20:30:10.785226+00:00,0,2026-08-15T20:30:10.785226+00:00
2026-08-15,new,56153275,,,Apartment,Exceptional Urban Living | Affordable,,250.0,,,BHD,monthly,,,,,,,,,,,26.211111068725586,50.601112365722656,,,,Mokhles Sayed ,,YES,,,,,https://www.propertyfinder.bh/en/plp/rent/apartment-for-rent-capital-governorate-al-juffair-56153275.html,2026-08-15T20:30:10.785226+00:00,2026-08-15T20:30:10.785226+00:00,0,2026-08-15T20:30:10.785226+00:00
2026-08-15,new,56153289,,,Apartment,Fully Furnished Studio flat in Seef 300BD with EWA,,300.0,,,BHD,monthly,,,,,,,,,,,26.239999771118164,50.5369987487793,,,,Ali  Alnoaimi,,YES,,,,,https://www.propertyfinder.bh/en/plp/rent/apartment-for-rent-capital-governorate-seef-56153289.html,2026-08-15T20:30:10.785226+00:00,2026-08-15T20:30:10.785226+00:00,0,2026-08-15T20:30:10.785226+00:00
2026-08-15,new,56153336,,,Villa,Private Pool | Pets Allowed | Maids room |,,700.0,,,BHD,monthly,,,,,,,,,,,26.19164276123047,50.48757553100586,,,,Aileen Camarillo,,YES,,,,,https://www.propertyfinder.bh/en/plp/rent/villa-for-rent-northern-governorate-saar-56153336.html,2026-08-15T20:30:10.785226+00:00,2026-08-15T20:30:10.785226+00:00,0,2026-08-15T20:30:10.785226+00:00
2026-08-15,new,56153337,,,Villa,spacious Villa with private pool| 3BHK|Quiet area,,160000.0,,,BHD,sell,,,,,,,,,,,26.113693237304688,50.48170471191406,,,,Eardly Kent,,PARTLY,completed,,,,https://www.propertyfinder.bh/en/plp/buy/villa-for-sale-northern-governorate-karzakkan-56153337.html,2026-08-15T20:30:10.785226+00:00,2026-08-15T20:30:10.785226+00:00,0,2026-08-15T20:30:10.785226+00:00
2026-08-15,new,56153363,,,Apartment,BRAND NEW STUDIO l BALCONY l MODERN FURNITURE,,330.0,,,BHD,monthly,,,,,,,,Diyar Al Muharraq,,,26.303447723388672,50.6461296081543,,,,Monica Medhat,,YES,,,,,https://www.propertyfinder.bh/en/plp/rent/apartment-for-rent-muharraq-governorate-diyar-al-muharraq-marassi-al-bahrain-56153363.html,2026-08-15T20:30:10.785226+00:00,2026-08-15T20:30:10.785226+00:00,0,2026-08-15T20:30:10.785226+00:00
2026-08-15,new,56153432,,,Apartment,MODERN 1 BEDROOM APARTMENT | Balcony | Busaiteen,,320.0,,,BHD,monthly,,,,,,,,,,,26.27199935913086,50.60900115966797,,,,JUNAID MUNAWAR,,YES,,,,,https://www.propertyfinder.bh/en/plp/rent/apartment-for-rent-muharraq-governorate-busaiteen-56153432.html,2026-08-15T20:30:10.785226+00:00,2026-08-15T20:30:10.785226+00:00,0,2026-08-15T20:30:10.785226+00:00
2026-08-15,new,56153435,,,Villa,Villa For Sale Sadad | 180sqm | BHD 124K,,124000.0,,,BHD,sell,,,,,,,,,,,26.08335304260254,50.48234558105469,,,,Mohammed Salman,,NO,completed_primary,,,,https://www.propertyfinder.bh/en/plp/buy/villa-for-sale-northern-governorate-sadad-56153435.html,2026-08-15T20:30:10.785226+00:00,2026-08-15T20:30:10.785226+00:00,0,2026-08-15T20:30:10.785226+00:00
2026-08-15,new,56153483,,,Apartment,UNLIMITED EWA | 2 BR | BALCONY | WIFI | JUFFAIR,,350.0,,,BHD,monthly,,,,,,,,,,,26.211111068725586,50.601112365722656,,,,JUNAID MUNAWAR,,YES,,,,,https://www.propertyfinder.bh/en/plp/rent/apartment-for-rent-capital-governorate-al-juffair-56153483.html,2026-08-15T20:30:10.785226+00:00,2026-08-15T20:30:10.785226+00:00,0,2026-08-15T20:30:10.785226+00:00
2026-08-15,new,56153484,,,Apartment,City View | Direct Hilton Access | Freehold,,75000.0,,,BHD,sell,,,,,,,,,,,26.211111068725586,50.601112365722656,,,,Princess Antonnette Caranto,,YES,completed,,,,https://www.propertyfinder.bh/en/plp/buy/apartment-for-sale-capital-governorate-al-juffair-56153484.html,2026-08-15T20:30:10.785226+00:00,2026-08-15T20:30:10.785226+00:00,0,2026-08-15T20:30:10.785226+00:00
2026-08-15,new,56153487,,,Apartment,Princess Villa | Boat Moorings | Large Garden,,1000.0,,,BHD,monthly,,,,,,,,Al Marsa Floating City,,,26.2847957611084,50.669620513916016,,,,Bilal Mohamed,,PARTLY,,,,,https://www.propertyfinder.bh/en/plp/rent/apartment-for-rent-muharraq-governorate-amwaj-islands-al-marsa-floating-city-56153487.html,2026-08-15T20:30:10.785226+00:00,2026-08-15T20:30:10.785226+00:00,0,2026-08-15T20:30:10.785226+00:00
2026-08-15,new,56153501,,,Apartment,Modern 1 Bed Apartment Juffair Prime Location,,340.0,,,BHD,monthly,,,,,,,,,,,26.211111068725586,50.601112365722656,,,,JUNAID MUNAWAR,,YES,,,,,https://www.propertyfinder.bh/en/plp/rent/apartment-for-rent-capital-governorate-al-juffair-56153501.html,2026-08-15T20:30:10.785226+00:00,2026-08-15T20:30:10.785226+00:00,0,2026-08-15T20:30:10.785226+00:00
2026-08-15,new,56153522,,,Apartment,"Stunning views, luxury living, elegant design",,800.0,,,BHD,monthly,,,,,,,,,,,26.241750717163086,50.5663948059082,,,,Fahad Mohd,,YES,,,,,https://www.propertyfinder.bh/en/plp/rent/apartment-for-rent-capital-governorate-reef-island-56153522.html,2026-08-15T20:30:10.785226+00:00,2026-08-15T20:30:10.785226+00:00,0,2026-08-15T20:30:10.785226+00:00
2026-08-15,new,56153524,,,Villa,Semi Furnished | Corner Villa | Private Garden,,148000.0,,,BHD,sell,,,,,,,,,,,26.23795509338379,50.45539855957031,,,,Duaa Alsayegh,,PARTLY,completed,,,,https://www.propertyfinder.bh/en/plp/buy/villa-for-sale-northern-governorate-northern-city-madinat-salman-56153524.html,2026-08-15T20:30:10.785226+00:00,2026-08-15T20:30:10.785226+00:00,0,2026-08-15T20:30:10.785226+00:00
2026-08-15,new,56153530,,,Apartment,MODERN & SPACIOUS |2 BR | BALCONY | JUFFAIR,,330.0,,,BHD,monthly,,,,,,,,,,,26.211111068725586,50.601112365722656,,,,JUNAID MUNAWAR,,YES,,,,,https://www.propertyfinder.bh/en/plp/rent/apartment-for-rent-capital-governorate-al-juffair-56153530.html,2026-08-15T20:30:10.785226+00:00,2026-08-15T20:30:10.785226+00:00,0,2026-08-15T20:30:10.785226+00:00
2026-08-15,new,56153531,,,Apartment,BEST DEAL | MODERN | POOL + GYM + CINEMA + GAMES,,330.0,,,BHD,monthly,,,,,,,,The Treasure,,,26.27286720275879,50.672889709472656,,,,Fadi Eweida,,YES,,,,,https://www.propertyfinder.bh/en/plp/rent/apartment-for-rent-muharraq-governorate-dilmunia-island-the-treasure-56153531.html,2026-08-15T20:30:10.785226+00:00,2026-08-15T20:30:10.785226+00:00,0,2026-08-15T20:30:10.785226+00:00
2026-08-15,new,56153533,,,Apartment,Luxury Living l Well Furnished l Balconies,,425.0,,,BHD,monthly,,,,,,,,Amwaj Avenue,,,26.29302978515625,50.66474151611328,,,,Ivana Ivanova ,,YES,,,,,https://www.propertyfinder.bh/en/plp/rent/apartment-for-rent-muharraq-governorate-amwaj-islands-amwaj-avenue-56153533.html,2026-08-15T20:30:10.785226+00:00,2026-08-15T20:30:10.785226+00:00,0,2026-08-15T20:30:10.785226+00:00
2026-08-15,new,56153534,,,Apartment,VERY LOW PRICE | SPACIOUS | BEAUTIFUL SEA-VIEW,,350.0,,,BHD,monthly,,,,,,,,The Lagoon,,,26.287778854370117,50.66339111328125,,,,Fadi Eweida,,YES,,,,,https://www.propertyfinder.bh/en/plp/rent/apartment-for-rent-muharraq-governorate-amwaj-islands-the-lagoon-56153534.html,2026-08-15T20:30:10.785226+00:00,2026-08-15T20:30:10.785226+00:00,0,2026-08-15T20:30:10.785226+00:00
2026-08-15,new,56153542,,,Apartment,BEAUTIFUL & BRIGHT WITH SEA-VIEW | SPACIOUS | EWA,,550.0,,,BHD,monthly,,,,,,,,The Lagoon,,,26.287778854370117,50.66339111328125,,,,Fadi Eweida,,YES,,,,,https://www.propertyfinder.bh/en/plp/rent/apartment-for-rent-muharraq-governorate-amwaj-islands-the-lagoon-56153542.html,2026-08-15T20:30:10.785226+00:00,2026-08-15T20:30:10.785226+00:00,0,2026-08-15T20:30:10.785226+00:00
2026-08-15,new,56153543,,,Villa,Private Garden | Spacious | Pool | Walk-in Closet,,850.0,,,BHD,monthly,,,,,,,,,,,26.229394912719727,50.48070526123047,,,,Aileen Camarillo,,PARTLY,,,,,https://www.propertyfinder.bh/en/plp/rent/villa-for-rent-northern-governorate-barbar-56153543.html,2026-08-15T20:30:10.785226+00:00,2026-08-15T20:30:10.785226+00:00,0,2026-08-15T20:30:10.785226+00:00
2026-08-15,new,56153546,,,Villa,Private Pool | Newly Renovated | Maids Room | Yard,,1300.0,,,BHD,monthly,,,,,,,,,,,26.229394912719727,50.48070526123047,,,,Aileen Camarillo,,PARTLY,,,,,https://www.propertyfinder.bh/en/plp/rent/villa-for-rent-northern-governorate-barbar-56153546.html,2026-08-15T20:30:10.785226+00:00,2026-08-15T20:30:10.785226+00:00,0,2026-08-15T20:30:10.785226+00:00
2026-08-15,new,56153551,,,Apartment,Spacious 2BR Apartment Juffair Big Balcony SEEVIWE,,600.0,,,BHD,monthly,,,,,,,,,,,26.211111068725586,50.601112365722656,,,,JUNAID MUNAWAR,,YES,,,,,https://www.propertyfinder.bh/en/plp/rent/apartment-for-rent-capital-governorate-al-juffair-56153551.html,2026-08-15T20:30:10.785226+00:00,2026-08-15T20:30:10.785226+00:00,0,2026-08-15T20:30:10.785226+00:00
2026-08-15,new,56153552,,,Villa,COMPOUND | Private Pool | Maids Room | Garden |,,1600.0,,,BHD,monthly,,,,,,,,,,,26.140336990356445,50.478271484375,,,,Aileen Camarillo,,YES,,,,,https://www.propertyfinder.bh/en/plp/rent/villa-for-rent-northern-governorate-hamala-56153552.html,2026-08-15T20:30:10.785226+00:00,2026-08-15T20:30:10.785226+00:00,0,2026-08-15T20:30:10.785226+00:00
2026-08-15,new,56153554,,,Villa,"Modern Spacious, Premium Finishing, Private Garden",,620.0,,,BHD,monthly,,,,,,,,Diyar Al Muharraq,,,26.31142234802246,50.64306640625,,,,Abdulla Murad,,PARTLY,,,,,https://www.propertyfinder.bh/en/plp/rent/villa-for-rent-muharraq-governorate-diyar-al-muharraq-56153554.html,2026-08-15T20:30:10.785226+00:00,2026-08-15T20:30:10.785226+00:00,0,2026-08-15T20:30:10.785226+00:00
2026-08-15,new,56153557,,,Villa,Semi-Furnished 4BR Villa | Private Garden | Ready,,113000.0,,,BHD,sell,,,,,,,,Diyar Al Muharraq,Al Sidra,,26.31142234802246,50.64306640625,,,,Maria Abdulaziz,,PARTLY,completed_primary,,,,https://www.propertyfinder.bh/en/plp/buy/villa-for-sale-muharraq-governorate-diyar-al-muharraq-al-sidra-56153557.html,2026-08-15T20:30:10.785226+00:00,2026-08-15T20:30:10.785226+00:00,0,2026-08-15T20:30:10.785226+00:00
2026-08-15,new,56153558,,,Villa,COMPOUND | Private Pool | Big Garden | Maids Room,,1600.0,,,BHD,monthly,,,,,,,,,,,26.22623634338379,50.49492263793945,,,,Aileen Camarillo,,PARTLY,,,,,https://www.propertyfinder.bh/en/plp/rent/villa-for-rent-northern-governorate-jannusan-56153558.html,2026-08-15T20:30:10.785226+00:00,2026-08-15T20:30:10.785226+00:00,0,2026-08-15T20:30:10.785226+00:00
2026-08-15,new,56153559,,,Apartment,"Upscale apartment for rent in East Riffa, 2 bedroo",,250.0,,,BHD,monthly,,,,,,,,Riffa Al Sharqi,,,26.1162166595459,50.57211685180664,,,,Mohammed Ali Al Samawi ,,NO,,,,,https://www.propertyfinder.bh/en/plp/rent/apartment-for-rent-southern-governorate-riffa-riffa-al-sharqi-56153559.html,2026-08-15T20:30:10.785226+00:00,2026-08-15T20:30:10.785226+00:00,0,2026-08-15T20:30:10.785226+00:00
2026-08-15,new,56153560,,,Apartment,Spacious | Freehold | High ROI Investment,,60000.0,,,BHD,sell,,,,,,,,,,,26.211111068725586,50.601112365722656,,,,Princess Antonnette Caranto,,YES,completed,,,,https://www.propertyfinder.bh/en/plp/buy/apartment-for-sale-capital-governorate-al-juffair-56153560.html,2026-08-15T20:30:10.785226+00:00,2026-08-15T20:30:10.785226+00:00,0,2026-08-15T20:30:10.785226+00:00
2026-08-15,new,56153561,,,Villa,Spacious Freehold Villa | Family-Friendly Location,,160000.0,,,BHD,sell,,,,,,,,Diyar Al Muharraq,Al Sidra,,26.31142234802246,50.64306640625,,,,Maria Abdulaziz,,PARTLY,completed_primary,,,,https://www.propertyfinder.bh/en/plp/buy/villa-for-sale-muharraq-governorate-diyar-al-muharraq-al-sidra-56153561.html,2026-08-15T20:30:10.785226+00:00,2026-08-15T20:30:10.785226+00:00,0,2026-08-15T20:30:10.785226+00:00
2026-08-15,new,56153562,,,Villa,BRAND NEW VILLA | LUXURY | TWO ROAD,,850.0,,,BHD,monthly,,,,,,,,Diyar Al Muharraq,Al Sidra,,26.31142234802246,50.64306640625,,,,Maria Abdulaziz,,PARTLY,,,,,https://www.propertyfinder.bh/en/plp/rent/villa-for-rent-muharraq-governorate-diyar-al-muharraq-al-sidra-56153562.html,2026-08-15T20:30:10.785226+00:00,2026-08-15T20:30:10.785226+00:00,0,2026-08-15T20:30:10.785226+00:00
2026-08-15,new,56153563,,,Villa,FREEHOLD | GOLDEN VISA | CORNER VILLA | HIGH ROI,,147000.0,,,BHD,sell,,,,,,,,Diyar Al Muharraq,Al Sidra,,26.31142234802246,50.64306640625,,,,Maria Abdulaziz,,PARTLY,completed_primary,,,,https://www.propertyfinder.bh/en/plp/buy/villa-for-sale-muharraq-governorate-diyar-al-muharraq-al-sidra-56153563.html,2026-08-15T20:30:10.785226+00:00,2026-08-15T20:30:10.785226+00:00,0,2026-08-15T20:30:10.785226+00:00
2026-08-15,new,56153564,,,Villa,FREEHOLD | MODERN DESIGN | LIMITED TIME OFFER,,129000.0,,,BHD,sell,,,,,,,,Diyar Al Muharraq,Al Sidra,,26.31142234802246,50.64306640625,,,,Maria Abdulaziz,,PARTLY,completed_primary,,,,https://www.propertyfinder.bh/en/plp/buy/villa-for-sale-muharraq-governorate-diyar-al-muharraq-al-sidra-56153564.html,2026-08-15T20:30:10.785226+00:00,2026-08-15T20:30:10.785226+00:00,0,2026-08-15T20:30:10.785226+00:00
2026-08-15,new,56153565,,,Villa,BRAND NEW VILLA | CORNER | MODERN DESIGN,,160000.0,,,BHD,sell,,,,,,,,Diyar Al Muharraq,Al Sidra,,26.31142234802246,50.64306640625,,,,Maria Abdulaziz,,PARTLY,completed_primary,,,,https://www.propertyfinder.bh/en/plp/buy/villa-for-sale-muharraq-governorate-diyar-al-muharraq-al-sidra-56153565.html,2026-08-15T20:30:10.785226+00:00,2026-08-15T20:30:10.785226+00:00,0,2026-08-15T20:30:10.785226+00:00
2026-08-15,new,56153566,,,Villa,Spacious Luxury Villa | Prime Community | Move-In,,850.0,,,BHD,monthly,,,,,,,,Diyar Al Muharraq,Al Sidra,,26.31142234802246,50.64306640625,,,,Maria Abdulaziz,,PARTLY,,,,,https://www.propertyfinder.bh/en/plp/rent/villa-for-rent-muharraq-governorate-diyar-al-muharraq-al-sidra-56153566.html,2026-08-15T20:30:10.785226+00:00,2026-08-15T20:30:10.785226+00:00,0,2026-08-15T20:30:10.785226+00:00
2026-08-15,new,56153567,,,Villa,Brand New | Spacious | Garden | Parking | Balcony,,700.0,,,BHD,monthly,,,,,,,,Diyar Al Muharraq,Al Sidra,,26.31142234802246,50.64306640625,,,,Maria Abdulaziz,,PARTLY,,,,,https://www.propertyfinder.bh/en/plp/rent/villa-for-rent-muharraq-governorate-diyar-al-muharraq-al-sidra-56153567.html,2026-08-15T20:30:10.785226+00:00,2026-08-15T20:30:10.785226+00:00,0,2026-08-15T20:30:10.785226+00:00
2026-08-15,new,56153568,,,Villa,New Spacious Villa | Near Schools | Best Price,,700.0,,,BHD,monthly,,,,,,,,Diyar Al Muharraq,Al Sidra,,26.31142234802246,50.64306640625,,,,Maria Abdulaziz,,PARTLY,,,,,https://www.propertyfinder.bh/en/plp/rent/villa-for-rent-muharraq-governorate-diyar-al-muharraq-al-sidra-56153568.html,2026-08-15T20:30:10.785226+00:00,2026-08-15T20:30:10.785226+00:00,0,2026-08-15T20:30:10.785226+00:00
2026-08-15,new,56153569,,,Villa,BRAND NEW | FREEHOLH | BEST VALUE| LIMITED OPTIONS,,125000.0,,,BHD,sell,,,,,,,,Diyar Al Muharraq,Al Sidra,,26.31142234802246,50.64306640625,,,,Maria Abdulaziz,,PARTLY,completed_primary,,,,https://www.propertyfinder.bh/en/plp/buy/villa-for-sale-muharraq-governorate-diyar-al-muharraq-al-sidra-56153569.html,2026-08-15T20:30:10.785226+00:00,2026-08-15T20:30:10.785226+00:00,0,2026-08-15T20:30:10.785226+00:00
2026-08-15,new,56153570,,,Villa,Dream Villa | Elegant Interiors | Top Community,,1000.0,,,BHD,monthly,,,,,,,,Diyar Al Muharraq,Al Sidra,,26.31142234802246,50.64306640625,,,,Maria Abdulaziz,,PARTLY,,,,,https://www.propertyfinder.bh/en/plp/rent/villa-for-rent-muharraq-governorate-diyar-al-muharraq-al-sidra-56153570.html,2026-08-15T20:30:10.785226+00:00,2026-08-15T20:30:10.785226+00:00,0,2026-08-15T20:30:10.785226+00:00
2026-08-15,new,56153571,,,Villa,FREEHOLD | CORNER VILLA | GOLDEN RESIDENCY,,163000.0,,,BHD,sell,,,,,,,,Diyar Al Muharraq,Al Sidra,,26.31142234802246,50.64306640625,,,,Maria Abdulaziz,,PARTLY,completed_primary,,,,https://www.propertyfinder.bh/en/plp/buy/villa-for-sale-muharraq-governorate-diyar-al-muharraq-al-sidra-56153571.html,2026-08-15T20:30:10.785226+00:00,2026-08-15T20:30:10.785226+00:00,0,2026-08-15T20:30:10.785226+00:00
2026-08-15,new,56153573,,,Villa,Private Pool | All En-suite |Pets Allowed |Balcony,,1200.0,,,BHD,monthly,,,,,,,,,,,26.185943603515625,50.46711349487305,,,,Aileen Camarillo,,PARTLY,,,,,https://www.propertyfinder.bh/en/plp/rent/villa-for-rent-northern-governorate-janabiya-56153573.html,2026-08-15T20:30:10.785226+00:00,2026-08-15T20:30:10.785226+00:00,0,2026-08-15T20:30:10.785226+00:00
2026-08-15,new,56153575,,,Villa,FREEHOLD | CORNER VILLA | PRIME LOCATION,,147000.0,,,BHD,sell,,,,,,,,Diyar Al Muharraq,Al Sidra,,26.31142234802246,50.64306640625,,,,Abdulrahman Adam,,PARTLY,completed_primary,,,,https://www.propertyfinder.bh/en/plp/buy/villa-for-sale-muharraq-governorate-diyar-al-muharraq-al-sidra-56153575.html,2026-08-15T20:30:10.785226+00:00,2026-08-15T20:30:10.785226+00:00,0,2026-08-15T20:30:10.785226+00:00
2026-08-15,new,56153576,,,Villa,FREEHOLD | GOLDEN VISA | CORNER VILLA | HIGH ROI,,129000.0,,,BHD,sell,,,,,,,,Diyar Al Muharraq,Al Sidra,,26.31142234802246,50.64306640625,,,,Abdulrahman Adam,,PARTLY,completed_primary,,,,https://www.propertyfinder.bh/en/plp/buy/villa-for-sale-muharraq-governorate-diyar-al-muharraq-al-sidra-56153576.html,2026-08-15T20:30:10.785226+00:00,2026-08-15T20:30:10.785226+00:00,0,2026-08-15T20:30:10.785226+00:00
2026-08-15,new,56153577,,,Villa,CORNER VILLA | FREEHOLD | GOLDEN VISA,,163000.0,,,BHD,sell,,,,,,,,Diyar Al Muharraq,Al Sidra,,26.31142234802246,50.64306640625,,,,Abdulrahman Adam,,PARTLY,completed_primary,,,,https://www.propertyfinder.bh/en/plp/buy/villa-for-sale-muharraq-governorate-diyar-al-muharraq-al-sidra-56153577.html,2026-08-15T20:30:10.785226+00:00,2026-08-15T20:30:10.785226+00:00,0,2026-08-15T20:30:10.785226+00:00
2026-08-15,new,56153578,,,Villa,Freehold Family Villas for Sale Gated Community,,160000.0,,,BHD,sell,,,,,,,,Diyar Al Muharraq,Al Sidra,,26.31142234802246,50.64306640625,,,,Abdulrahman Adam,,PARTLY,completed_primary,,,,https://www.propertyfinder.bh/en/plp/buy/villa-for-sale-muharraq-governorate-diyar-al-muharraq-al-sidra-56153578.html,2026-08-15T20:30:10.785226+00:00,2026-08-15T20:30:10.785226+00:00,0,2026-08-15T20:30:10.785226+00:00
2026-08-15,new,56153580,,,Villa,Semi-Furnished 4BR Villa | Private Garden | Ready,,113000.0,,,BHD,sell,,,,,,,,Diyar Al Muharraq,Al Sidra,,26.31142234802246,50.64306640625,,,,Abdulrahman Adam,,PARTLY,completed_primary,,,,https://www.propertyfinder.bh/en/plp/buy/villa-for-sale-muharraq-governorate-diyar-al-muharraq-al-sidra-56153580.html,2026-08-15T20:30:10.785226+00:00,2026-08-15T20:30:10.785226+00:00,0,2026-08-15T20:30:10.785226+00:00
2026-08-15,new,56153581,,,Villa,FREEHOLD | CORNER VILLA | GOLDEN RESIDENCY,,163000.0,,,BHD,sell,,,,,,,,Diyar Al Muharraq,Al Sidra,,26.31142234802246,50.64306640625,,,,Abdulrahman Adam,,PARTLY,completed_primary,,,,https://www.propertyfinder.bh/en/plp/buy/villa-for-sale-muharraq-governorate-diyar-al-muharraq-al-sidra-56153581.html,2026-08-15T20:30:10.785226+00:00,2026-08-15T20:30:10.785226+00:00,0,2026-08-15T20:30:10.785226+00:00
2026-08-15,new,56153582,,,Villa,Closed Kitchen | Modern | Spacious | Store Room |,,1200.0,,,BHD,monthly,,,,,,,,,,,26.19164276123047,50.48757553100586,,,,Aileen Camarillo,,PARTLY,,,,,https://www.propertyfinder.bh/en/plp/rent/villa-for-rent-northern-governorate-saar-56153582.html,2026-08-15T20:30:10.785226+00:00,2026-08-15T20:30:10.785226+00:00,0,2026-08-15T20:30:10.785226+00:00
2026-08-15,new,56153583,,,Villa,FREEHOLD | MODERN DESIGN | LIMITED TIME OFFER,,125000.0,,,BHD,sell,,,,,,,,Diyar Al Muharraq,Al Sidra,,26.31142234802246,50.64306640625,,,,Abdulrahman Adam,,PARTLY,completed_primary,,,,https://www.propertyfinder.bh/en/plp/buy/villa-for-sale-muharraq-governorate-diyar-al-muharraq-al-sidra-56153583.html,2026-08-15T20:30:10.785226+00:00,2026-08-15T20:30:10.785226+00:00,0,2026-08-15T20:30:10.785226+00:00
2026-08-15,new,56153584,,,Apartment,UNLIMITED EWA | SEAVIEW | ONE BR | WIFI | JUFFAIR,,330.0,,,BHD,monthly,,,,,,,,,,,26.211111068725586,50.601112365722656,,,,JUNAID MUNAWAR,,YES,,,,,https://www.propertyfinder.bh/en/plp/rent/apartment-for-rent-capital-governorate-al-juffair-56153584.html,2026-08-15T20:30:10.785226+00:00,2026-08-15T20:30:10.785226+00:00,0,2026-08-15T20:30:10.785226+00:00
2026-08-15,new,56153585,,,Villa,Stunning Villa for Sale – Your Dream Home Awaits,,115000.0,,,BHD,sell,,,,,,,,Diyar Al Muharraq,Al Sidra,,26.31142234802246,50.64306640625,,,,Muhammad Islam Inam,,NO,completed_primary,,,,https://www.propertyfinder.bh/en/plp/buy/villa-for-sale-muharraq-governorate-diyar-al-muharraq-al-sidra-56153585.html,2026-08-15T20:30:10.785226+00:00,2026-08-15T20:30:10.785226+00:00,0,2026-08-15T20:30:10.785226+00:00
2026-08-15,new,56153586,,,Apartment,Private Beach | Sea View | Balcony | Inclusive,,1250.0,,,BHD,monthly,,,,,,,,Tala Island,,,26.300025939941406,50.66316223144531,,,,Mohammad  Saiyed,,YES,,,,,https://www.propertyfinder.bh/en/plp/rent/apartment-for-rent-muharraq-governorate-amwaj-islands-tala-island-56153586.html,2026-08-15T20:30:10.785226+00:00,2026-08-15T20:30:10.785226+00:00,0,2026-08-15T20:30:10.785226+00:00
2026-08-15,new,56153587,,,Villa,Pet Friendly | Compound | Spacious | Refurbished,,850.0,,,BHD,monthly,,,,,,,,,,,26.19164276123047,50.48757553100586,,,,Aileen Camarillo,,PARTLY,,,,,https://www.propertyfinder.bh/en/plp/rent/villa-for-rent-northern-governorate-saar-56153587.html,2026-08-15T20:30:10.785226+00:00,2026-08-15T20:30:10.785226+00:00,0,2026-08-15T20:30:10.785226+00:00
2026-08-15,new,56153588,,,Villa,Modern | Bright | Furnished | Private Pool,,1530.0,,,BHD,monthly,,,,,,,,,,,26.166685104370117,50.45078659057617,,,,Aileen Camarillo,,YES,,,,,https://www.propertyfinder.bh/en/plp/rent/villa-for-rent-northern-governorate-al-jasra-56153588.html,2026-08-15T20:30:10.785226+00:00,2026-08-15T20:30:10.785226+00:00,0,2026-08-15T20:30:10.785226+00:00
2026-08-15,new,56153616,,,Villa,"Fully furnished, Luxury life, Quite area, Privacy.",,550.0,,,BHD,monthly,,,,,,,,Al Areen Development,,,26.003664016723633,50.517555236816406,,,,Abdulrahman Mohammed,,YES,,,,,https://www.propertyfinder.bh/en/plp/rent/villa-for-rent-southern-governorate-zallaq-al-areen-development-56153616.html,2026-08-15T20:30:10.785226+00:00,2026-08-15T20:30:10.785226+00:00,0,2026-08-15T20:30:10.785226+00:00
2026-08-15,new,56153618,,,Warehouse,"Warehouse for rent, electricity included, in Samah",,800.0,,,BHD,monthly,,,,,,,,,,,26.266666412353516,50.650001525878906,,,,Mohammed Ali Al Samawi ,,YES,,,,,https://www.propertyfinder.bh/en/plp/commercial-rent/warehouse-for-rent-muharraq-governorate-galali-56153618.html,2026-08-15T20:30:10.785226+00:00,2026-08-15T20:30:10.785226+00:00,0,2026-08-15T20:30:10.785226+00:00
2026-08-15,new,56153625,,,Apartment,Fully Renovated I Shared Pool I Store Room I 2Bath,,35000.0,,,BHD,sell,,,,,,,,,,,26.211111068725586,50.601112365722656,,,,Haroon Sorathia,,YES,completed,,,,https://www.propertyfinder.bh/en/plp/buy/apartment-for-sale-capital-governorate-al-juffair-56153625.html,2026-08-15T20:30:10.785226+00:00,2026-08-15T20:30:10.785226+00:00,0,2026-08-15T20:30:10.785226+00:00
2026-08-15,new,56153627,,,Apartment,ELEGANT 3 BEDROOM CLOSED TO ST. CHRISTOPHER SCHOOL,,430.0,,,BHD,monthly,,,,,,,,,,,26.19164276123047,50.48757553100586,,,,alma pepito,,YES,,,,,https://www.propertyfinder.bh/en/plp/rent/apartment-for-rent-northern-governorate-saar-56153627.html,2026-08-15T20:30:10.785226+00:00,2026-08-15T20:30:10.785226+00:00,0,2026-08-15T20:30:10.785226+00:00
2026-08-15,new,56153644,,,Apartment,"Special Price, Close to Services, Furnished",,350.0,,,BHD,monthly,,,,,,,,,,,26.211111068725586,50.601112365722656,,,,Abdulrahman Mohammed,,YES,,,,,https://www.propertyfinder.bh/en/plp/rent/apartment-for-rent-capital-governorate-al-juffair-56153644.html,2026-08-15T20:30:10.785226+00:00,2026-08-15T20:30:10.785226+00:00,0,2026-08-15T20:30:10.785226+00:00
2026-08-15,new,56153647,,,Apartment,Spacious|Free Internet|Special Deal|Prime Location,,399.0,,,BHD,monthly,,,,,,,,,,,26.211111068725586,50.601112365722656,,,,Hazeeth,,YES,,,,,https://www.propertyfinder.bh/en/plp/rent/apartment-for-rent-capital-governorate-al-juffair-56153647.html,2026-08-15T20:30:10.785226+00:00,2026-08-15T20:30:10.785226+00:00,0,2026-08-15T20:30:10.785226+00:00
2026-08-15,new,56153657,,,Apartment,Spacious 1 Bed Apartment Dilmunia 330 BHD,,330.0,,,BHD,monthly,,,,,,,,Essence of Dilmunia,,,26.27286720275879,50.672889709472656,,,,JUNAID MUNAWAR,,YES,,,,,https://www.propertyfinder.bh/en/plp/rent/apartment-for-rent-muharraq-governorate-dilmunia-island-essence-of-dilmunia-56153657.html,2026-08-15T20:30:10.785226+00:00,2026-08-15T20:30:10.785226+00:00,0,2026-08-15T20:30:10.785226+00:00
2026-08-15,new,56153659,,,Apartment,1 BR Furnished Apartment with Water View,,390.0,,,BHD,monthly,,,,,,,,,,,26.239999771118164,50.5369987487793,,,,Vishwanth Nunavath,,YES,,,,,https://www.propertyfinder.bh/en/plp/rent/apartment-for-rent-capital-governorate-seef-56153659.html,2026-08-15T20:30:10.785226+00:00,2026-08-15T20:30:10.785226+00:00,0,2026-08-15T20:30:10.785226+00:00
2026-08-15,new,56153666,,,Apartment,ELEGANT NEW WITH SPECTACULAR SEA VIEW | GYM | SPA,,425.0,,,BHD,monthly,,,,,,,,The Lagoon,,,26.287778854370117,50.66339111328125,,,,Fadi Eweida,,YES,,,,,https://www.propertyfinder.bh/en/plp/rent/apartment-for-rent-muharraq-governorate-amwaj-islands-the-lagoon-56153666.html,2026-08-15T20:30:10.785226+00:00,2026-08-15T20:30:10.785226+00:00,0,2026-08-15T20:30:10.785226+00:00
2026-08-15,new,56153668,,,Apartment,BRIGHT VERY SPACIOUS | 2 BEDROOM+MAID | GYM | POOL,,600.0,,,BHD,monthly,,,,,,,,The Lagoon,,,26.287778854370117,50.66339111328125,,,,Fadi Eweida,,YES,,,,,https://www.propertyfinder.bh/en/plp/rent/apartment-for-rent-muharraq-governorate-amwaj-islands-the-lagoon-56153668.html,2026-08-15T20:30:10.785226+00:00,2026-08-15T20:30:10.785226+00:00,0,2026-08-15T20:30:10.785226+00:00
2026-08-15,new,56153669,,,Apartment,Modern | Sea View | Kids Zone | Dishwasher |Cinema,,1025.0,,,BHD,monthly,,,,,,,,,,,26.241750717163086,50.5663948059082,,,,Prashanth Poojari,,YES,,,,,https://www.propertyfinder.bh/en/plp/rent/apartment-for-rent-capital-governorate-reef-island-56153669.html,2026-08-15T20:30:10.785226+00:00,2026-08-15T20:30:10.785226+00:00,0,2026-08-15T20:30:10.785226+00:00
2026-08-15,new,56153675,,,Villa,MODERN FULLY FURNISHED 3BHK VILLA PRIVATE JACUZZI,,950.0,,,BHD,monthly,,,,,,,,,,,26.25,50.650001525878906,,,,Osama Butt,,YES,,,,,https://www.propertyfinder.bh/en/plp/rent/villa-for-rent-muharraq-governorate-arad-56153675.html,2026-08-15T20:30:10.785226+00:00,2026-08-15T20:30:10.785226+00:00,0,2026-08-15T20:30:10.785226+00:00
2026-08-15,new,56153676,,,Apartment,2 BR Furnished Apartment with Water View,,600.0,,,BHD,monthly,,,,,,,,,,,26.239999771118164,50.5369987487793,,,,Vishwanth Nunavath,,YES,,,,,https://www.propertyfinder.bh/en/plp/rent/apartment-for-rent-capital-governorate-seef-56153676.html,2026-08-15T20:30:10.785226+00:00,2026-08-15T20:30:10.785226+00:00,0,2026-08-15T20:30:10.785226+00:00
2026-08-15,new,56153677,,,Apartment,Furnished apartment for rent in Amwaj Islands,,350.0,,,BHD,monthly,,,,,,,,Amwaj Avenue,,,26.29302978515625,50.66474151611328,,,,Mohammed Ali Al Samawi ,,YES,,,,,https://www.propertyfinder.bh/en/plp/rent/apartment-for-rent-muharraq-governorate-amwaj-islands-amwaj-avenue-56153677.html,2026-08-15T20:30:10.785226+00:00,2026-08-15T20:30:10.785226+00:00,0,2026-08-15T20:30:10.785226+00:00
2026-08-15,new,56153678,,,Apartment,Sea View | Large Balcony | Spacious Layout,,280.0,,,BHD,monthly,,,,,,,,,,,26.211111068725586,50.601112365722656,,,,Iqbal Mayoddin,,YES,,,,,https://www.propertyfinder.bh/en/plp/rent/apartment-for-rent-capital-governorate-al-juffair-56153678.html,2026-08-15T20:30:10.785226+00:00,2026-08-15T20:30:10.785226+00:00,0,2026-08-15T20:30:10.785226+00:00
2026-08-15,new,56153687,,,Villa,FREEHOLD 4 BEDROOM VILLA | BRAND NEW,,129000.0,,,BHD,sell,,,,,,,,Diyar Al Muharraq,Al Sidra,,26.31142234802246,50.64306640625,,,,alma pepito,,NO,completed_primary,,,,https://www.propertyfinder.bh/en/plp/buy/villa-for-sale-muharraq-governorate-diyar-al-muharraq-al-sidra-56153687.html,2026-08-15T20:30:10.785226+00:00,2026-08-15T20:30:10.785226+00:00,0,2026-08-15T20:30:10.785226+00:00
2026-08-15,new,56153688,,,Apartment,Renovated 1 BR Furnished Apartment with Water View,,35000.0,,,BHD,sell,,,,,,,,,,,26.211111068725586,50.601112365722656,,,,Haroon Sorathia,,YES,completed,,,,https://www.propertyfinder.bh/en/plp/buy/apartment-for-sale-capital-governorate-al-juffair-56153688.html,2026-08-15T20:30:10.785226+00:00,2026-08-15T20:30:10.785226+00:00,0,2026-08-15T20:30:10.785226+00:00
2026-08-15,new,56153689,,,Apartment,Luxury 2 Bed Flat Dilmunia 550 BHD EWA Inc,,550.0,,,BHD,monthly,,,,,,,,Essence of Dilmunia,,,26.27286720275879,50.672889709472656,,,,JUNAID MUNAWAR,,YES,,,,,https://www.propertyfinder.bh/en/plp/rent/apartment-for-rent-muharraq-governorate-dilmunia-island-essence-of-dilmunia-56153689.html,2026-08-15T20:30:10.785226+00:00,2026-08-15T20:30:10.785226+00:00,0,2026-08-15T20:30:10.785226+00:00
2026-08-15,new,56153698,,,Apartment,3 BR Furnished Apartment with Water View,,750.0,,,BHD,monthly,,,,,,,,,,,26.239999771118164,50.5369987487793,,,,Vishwanth Nunavath,,YES,,,,,https://www.propertyfinder.bh/en/plp/rent/apartment-for-rent-capital-governorate-seef-56153698.html,2026-08-15T20:30:10.785226+00:00,2026-08-15T20:30:10.785226+00:00,0,2026-08-15T20:30:10.785226+00:00
2026-08-15,new,56153703,,,Apartment,MODERN | READY TO MOVE IN | WELL MAINTAINED,,300.0,,,BHD,monthly,,,,,,,,,,,26.211111068725586,50.601112365722656,,,,Moueen Charfi,,YES,,,,,https://www.propertyfinder.bh/en/plp/rent/apartment-for-rent-capital-governorate-al-juffair-56153703.html,2026-08-15T20:30:10.785226+00:00,2026-08-15T20:30:10.785226+00:00,0,2026-08-15T20:30:10.785226+00:00
2026-08-15,new,56153704,,,Apartment,Modern | Sea View | Kids Zone | Dishwasher |Lounge,,750.0,,,BHD,monthly,,,,,,,,,,,26.241750717163086,50.5663948059082,,,,Prashanth Poojari,,YES,,,,,https://www.propertyfinder.bh/en/plp/rent/apartment-for-rent-capital-governorate-reef-island-56153704.html,2026-08-15T20:30:10.785226+00:00,2026-08-15T20:30:10.785226+00:00,0,2026-08-15T20:30:10.785226+00:00
2026-08-15,new,56153720,,,Villa,Pets Allowed | Private Garden | Kids Play Area |,,900.0,,,BHD,monthly,,,,,,,,,,,26.185943603515625,50.46711349487305,,,,Aileen Camarillo,,PARTLY,,,,,https://www.propertyfinder.bh/en/plp/rent/villa-for-rent-northern-governorate-janabiya-56153720.html,2026-08-15T20:30:10.785226+00:00,2026-08-15T20:30:10.785226+00:00,0,2026-08-15T20:30:10.785226+00:00
2026-08-15,new,56153721,,,Villa,Compound  | Modern  | Private Pool | Balcony | Gym,,1300.0,,,BHD,monthly,,,,,,,,,,,26.19164276123047,50.48757553100586,,,,Aileen Camarillo,,PARTLY,,,,,https://www.propertyfinder.bh/en/plp/rent/villa-for-rent-northern-governorate-saar-56153721.html,2026-08-15T20:30:10.785226+00:00,2026-08-15T20:30:10.785226+00:00,0,2026-08-15T20:30:10.785226+00:00
2026-08-15,new,56153722,,,Villa,Pet Friendly | Patio | Maids Quarter | Gas Cooker|,,900.0,,,BHD,monthly,,,,,,,,,,,26.213165283203125,50.447471618652344,,,,Aileen Camarillo,,YES,,,,,https://www.propertyfinder.bh/en/plp/rent/villa-for-rent-northern-governorate-budaiya-56153722.html,2026-08-15T20:30:10.785226+00:00,2026-08-15T20:30:10.785226+00:00,0,2026-08-15T20:30:10.785226+00:00
2026-08-15,new,56153724,,,Villa,"Villa for rent, semi-furnished, 4 rooms",,700.0,,,BHD,monthly,,,,,,,,,,,26.1314754486084,50.568843841552734,,,,Mohammed Ali Al Samawi ,,PARTLY,,,,,https://www.propertyfinder.bh/en/plp/rent/villa-for-rent-southern-governorate-riffa-bu-kowarah-56153724.html,2026-08-15T20:30:10.785226+00:00,2026-08-15T20:30:10.785226+00:00,0,2026-08-15T20:30:10.785226+00:00
2026-08-15,new,56153725,,,Villa,"Luxurious Beachfront Triplex Villa with Pool, Gym",,950.0,,,BHD,monthly,,,,,,,,Amwaj Avenue,,,26.29302978515625,50.66474151611328,,,,Iqbal Mayoddin,,YES,,,,,https://www.propertyfinder.bh/en/plp/rent/villa-for-rent-muharraq-governorate-amwaj-islands-amwaj-avenue-56153725.html,2026-08-15T20:30:10.785226+00:00,2026-08-15T20:30:10.785226+00:00,0,2026-08-15T20:30:10.785226+00:00
2026-08-15,new,56153726,,,Villa,2 villas available next to each other,,115000.0,,,BHD,sell,,,,,,,,,,,26.123769760131836,50.469722747802734,,,,Mohamed Mirza,,NO,completed_primary,,,,https://www.propertyfinder.bh/en/plp/buy/villa-for-sale-northern-governorate-dumistan-56153726.html,2026-08-15T20:30:10.785226+00:00,2026-08-15T20:30:10.785226+00:00,0,2026-08-15T20:30:10.785226+00:00
2026-08-15,new,56153727,,,Villa,Amazing sea view,,117000.0,,,BHD,sell,,,,,,,,,,,26.113693237304688,50.48170471191406,,,,Mohamed Mirza,,NO,completed_primary,,,,https://www.propertyfinder.bh/en/plp/buy/villa-for-sale-northern-governorate-karzakkan-56153727.html,2026-08-15T20:30:10.785226+00:00,2026-08-15T20:30:10.785226+00:00,0,2026-08-15T20:30:10.785226+00:00
2026-08-15,new,56153736,,,Apartment,PREMIUM LOCATION | ELEGANT| MODERN |BEACH ACCESS,,650.0,,,BHD,monthly,,,,,,,,,,,26.249584197998047,50.580360412597656,,,,Moueen Charfi,,YES,,,,,https://www.propertyfinder.bh/en/plp/rent/apartment-for-rent-capital-governorate-bahrain-bay-56153736.html,2026-08-15T20:30:10.785226+00:00,2026-08-15T20:30:10.785226+00:00,0,2026-08-15T20:30:10.785226+00:00
2026-08-15,new,56153748,,,Villa,"Beautiful villa for rent, 5 bedrooms, Diyar Al Muh",,600.0,,,BHD,monthly,,,,,,,,Diyar Al Muharraq,Al Noor,,26.311420440673828,50.64306640625,,,,Mohammed Ali Al Samawi ,,PARTLY,,,,,https://www.propertyfinder.bh/en/plp/rent/villa-for-rent-muharraq-governorate-diyar-al-muharraq-al-noor-56153748.html,2026-08-15T20:30:10.785226+00:00,2026-08-15T20:30:10.785226+00:00,0,2026-08-15T20:30:10.785226+00:00
2026-08-15,new,56153749,,,Apartment,PRIME LOCATION | MODERN | BEACH ACCESS | COZY,,650.0,,,BHD,monthly,,,,,,,,Diyar Al Muharraq,,,26.303447723388672,50.6461296081543,,,,Moueen Charfi,,YES,,,,,https://www.propertyfinder.bh/en/plp/rent/apartment-for-rent-muharraq-governorate-diyar-al-muharraq-marassi-al-bahrain-56153749.html,2026-08-15T20:30:10.785226+00:00,2026-08-15T20:30:10.785226+00:00,0,2026-08-15T20:30:10.785226+00:00
2026-08-15,new,56153757,,,Apartment,Cozy 2-BHK with Closed Kitchen & Unlimited EWA!,,360.0,,,BHD,monthly,,,,,,,,,,,26.19164276123047,50.48757553100586,,,,Soha Younes,,YES,,,,,https://www.propertyfinder.bh/en/plp/rent/apartment-for-rent-northern-governorate-saar-56153757.html,2026-08-15T20:30:10.785226+00:00,2026-08-15T20:30:10.785226+00:00,0,2026-08-15T20:30:10.785226+00:00
2026-08-15,new,56153765,,,Apartment,Brand New Luxury 2BR | Fully Furnished | Balcony,,480.0,,,BHD,monthly,,,,,,,,,,,26.211111068725586,50.601112365722656,,,,Soha Younes,,YES,,,,,https://www.propertyfinder.bh/en/plp/rent/apartment-for-rent-capital-governorate-al-juffair-56153765.html,2026-08-15T20:30:10.785226+00:00,2026-08-15T20:30:10.785226+00:00,0,2026-08-15T20:30:10.785226+00:00
2026-08-15,new,56153768,,,Apartment,High Floor | City Views | 2 Balconies,,350.0,,,BHD,monthly,,,,,,,,,,,26.239999771118164,50.5369987487793,,,,Iqbal Mayoddin,,YES,,,,,https://www.propertyfinder.bh/en/plp/rent/apartment-for-rent-capital-governorate-seef-56153768.html,2026-08-15T20:30:10.785226+00:00,2026-08-15T20:30:10.785226+00:00,0,2026-08-15T20:30:10.785226+00:00
2026-08-15,new,56153783,,,Apartment,AMAZING 3BR CLOSED KITCHEN+POOL GYM PARKING,,650.0,,,BHD,monthly,,,,,,,,,,,26.207910537719727,50.587345123291016,,,,Raaf R,,YES,,,,,https://www.propertyfinder.bh/en/plp/rent/apartment-for-rent-capital-governorate-manama-mahooz-56153783.html,2026-08-15T20:30:10.785226+00:00,2026-08-15T20:30:10.785226+00:00,0,2026-08-15T20:30:10.785226+00:00
2026-08-15,new,56153786,,,Apartment,Stylish Apartments with Flexible Options,,350.0,,,BHD,monthly,,,,,,,,,,,26.19164276123047,50.48757553100586,,,,Vikki Ann Lord,,YES,,,,,https://www.propertyfinder.bh/en/plp/rent/apartment-for-rent-northern-governorate-saar-56153786.html,2026-08-15T20:30:10.785226+00:00,2026-08-15T20:30:10.785226+00:00,0,2026-08-15T20:30:10.785226+00:00
2026-08-15,new,56153788,,,Apartment,GREAT SPACIOUS 2BHK+CLOSED KITCHEN+GYM POOL,,360.0,,,BHD,monthly,,,,,,,,,,,26.203079223632812,50.594947814941406,,,,Raaf R,,YES,,,,,https://www.propertyfinder.bh/en/plp/rent/apartment-for-rent-capital-governorate-manama-um-al-hasam-56153788.html,2026-08-15T20:30:10.785226+00:00,2026-08-15T20:30:10.785226+00:00,0,2026-08-15T20:30:10.785226+00:00
2026-08-15,new,56153799,,,Apartment,LUXURY APT+EWA +BALCONY PARKING,,350.0,,,BHD,monthly,,,,,,,,,,,26.214487075805664,50.584754943847656,,,,Raaf R,,YES,,,,,https://www.propertyfinder.bh/en/plp/rent/apartment-for-rent-capital-governorate-manama-adliya-56153799.html,2026-08-15T20:30:10.785226+00:00,2026-08-15T20:30:10.785226+00:00,0,2026-08-15T20:30:10.785226+00:00
2026-08-15,new,56153801,,,Apartment,AMAZING STUDIO APT +EWA +PARKING,,165.0,,,BHD,monthly,,,,,,,,,,,26.188888549804688,50.54999923706055,,,,Raaf R,,YES,,,,,https://www.propertyfinder.bh/en/plp/rent/apartment-for-rent-central-governorate-tubli-56153801.html,2026-08-15T20:30:10.785226+00:00,2026-08-15T20:30:10.785226+00:00,0,2026-08-15T20:30:10.785226+00:00
2026-08-15,new,56153821,,,Apartment,LUXURY STUDIO EWA INTERNET GYM PARKING,,240.0,,,BHD,monthly,,,,,,,,,,,26.2102108001709,50.56403350830078,,,,Raaf R,,YES,,,,,https://www.propertyfinder.bh/en/plp/rent/apartment-for-rent-capital-governorate-manama-zinj-56153821.html,2026-08-15T20:30:10.785226+00:00,2026-08-15T20:30:10.785226+00:00,0,2026-08-15T20:30:10.785226+00:00
2026-08-15,new,56153836,,,Apartment,ULTRA SPACIOUS UNLIMITED EWA POOL GYM PARKING,,525.0,,,BHD,monthly,,,,,,,,,,,26.214487075805664,50.584754943847656,,,,Raaf R,,YES,,,,,https://www.propertyfinder.bh/en/plp/rent/apartment-for-rent-capital-governorate-manama-adliya-56153836.html,2026-08-15T20:30:10.785226+00:00,2026-08-15T20:30:10.785226+00:00,0,2026-08-15T20:30:10.785226+00:00
2026-08-15,new,56153844,,,Apartment,UNLIMITED EWA 2 BR FULLY FURNISHED,,300.0,,,BHD,monthly,,,,,,,,,,,26.2102108001709,50.56403350830078,,,,Raaf R,,YES,,,,,https://www.propertyfinder.bh/en/plp/rent/apartment-for-rent-capital-governorate-manama-zinj-56153844.html,2026-08-15T20:30:10.785226+00:00,2026-08-15T20:30:10.785226+00:00,0,2026-08-15T20:30:10.785226+00:00
2026-08-15,new,56153854,,,Apartment,OFFER: LOWEST PRICE IN FLOATING CITY | UNIQE HOME,,380.0,,,BHD,monthly,,,,,,,,Al Marsa Floating City,,,26.2847957611084,50.669620513916016,,,,Karine Nalbandyan ,,YES,,,,,https://www.propertyfinder.bh/en/plp/rent/apartment-for-rent-muharraq-governorate-amwaj-islands-al-marsa-floating-city-56153854.html,2026-08-15T20:30:10.785226+00:00,2026-08-15T20:30:10.785226+00:00,0,2026-08-15T20:30:10.785226+00:00
2026-08-15,new,56153866,,,Villa,BRAND NEW | 5 BEDROOMS | HOT DEAL | BIG FAMILY,,135000.0,,,BHD,sell,,,,,,,,,,,26.100860595703125,50.48801040649414,,,,Hamad Buhameed,,NO,completed_primary,,,,https://www.propertyfinder.bh/en/plp/buy/villa-for-sale-northern-governorate-malkiyah-56153866.html,2026-08-15T20:30:10.785226+00:00,2026-08-15T20:30:10.785226+00:00,0,2026-08-15T20:30:10.785226+00:00
2026-08-15,new,56153874,,,Villa,GOOD BUILD UP | READY TO MOVE IN | GREAT DEAL |,,126000.0,,,BHD,sell,,,,,,,,,,,26.140336990356445,50.478271484375,,,,Hamad Buhameed,,NO,completed_primary,,,,https://www.propertyfinder.bh/en/plp/buy/villa-for-sale-northern-governorate-hamala-56153874.html,2026-08-15T20:30:10.785226+00:00,2026-08-15T20:30:10.785226+00:00,0,2026-08-15T20:30:10.785226+00:00
2026-08-15,new,56153879,,,Apartment,HOT DEAL | LOW PRICE | RENTED |NEXT TO LAGOON |,,46000.0,,,BHD,sell,,,,,,,,The Lagoon,,,26.287778854370117,50.66339111328125,,,,Karine Nalbandyan ,,YES,completed,,,,https://www.propertyfinder.bh/en/plp/buy/apartment-for-sale-muharraq-governorate-amwaj-islands-the-lagoon-56153879.html,2026-08-15T20:30:10.785226+00:00,2026-08-15T20:30:10.785226+00:00,0,2026-08-15T20:30:10.785226+00:00
2026-08-15,new,56153892,,,Apartment,Spacious| Next to Lagoon| Closed Kitchen | Store,,53000.0,,,BHD,sell,,,,,,,,Amwaj Avenue,,,26.29302978515625,50.66474151611328,,,,Karine Nalbandyan ,,YES,completed,,,,https://www.propertyfinder.bh/en/plp/buy/apartment-for-sale-muharraq-governorate-amwaj-islands-amwaj-avenue-56153892.html,2026-08-15T20:30:10.785226+00:00,2026-08-15T20:30:10.785226+00:00,0,2026-08-15T20:30:10.785226+00:00
2026-08-15,new,56153894,,,Warehouse,Warehouses for rent in Maameer,,400.0,,,BHD,monthly,,,,,,,,,,,26.134166717529297,50.61305618286133,,,,RAJESH  SHIBU,,NO,,,,,https://www.propertyfinder.bh/en/plp/commercial-rent/warehouse-for-rent-central-governorate-maameer-56153894.html,2026-08-15T20:30:10.785226+00:00,2026-08-15T20:30:10.785226+00:00,0,2026-08-15T20:30:10.785226+00:00
2026-08-15,new,56153899,,,Villa,CORNER | GREAT LAYOUT | GREAT LOCATION | GOOD DEAL,,120000.0,,,BHD,sell,,,,,,,,,,,26.123769760131836,50.469722747802734,,,,Hamad Buhameed,,NO,completed_primary,,,,https://www.propertyfinder.bh/en/plp/buy/villa-for-sale-northern-governorate-dumistan-56153899.html,2026-08-15T20:30:10.785226+00:00,2026-08-15T20:30:10.785226+00:00,0,2026-08-15T20:30:10.785226+00:00
2026-08-15,new,56153900,,,Villa,Elegant Villa for Rent in a Prime Location,,700.0,,,BHD,monthly,,,,,,,,Diyar Al Muharraq,Al Sidra,,26.31142234802246,50.64306640625,,,,Arwa Yahya,,PARTLY,,,,,https://www.propertyfinder.bh/en/plp/rent/villa-for-rent-muharraq-governorate-diyar-al-muharraq-al-sidra-56153900.html,2026-08-15T20:30:10.785226+00:00,2026-08-15T20:30:10.785226+00:00,0,2026-08-15T20:30:10.785226+00:00
2026-08-15,new,56153901,,,Villa,BRAND NEW VILLA | LUXURY | TWO ROAD | COMFORT,,850.0,,,BHD,monthly,,,,,,,,Diyar Al Muharraq,Al Sidra,,26.31142234802246,50.64306640625,,,,Arwa Yahya,,PARTLY,,,,,https://www.propertyfinder.bh/en/plp/rent/villa-for-rent-muharraq-governorate-diyar-al-muharraq-al-sidra-56153901.html,2026-08-15T20:30:10.785226+00:00,2026-08-15T20:30:10.785226+00:00,0,2026-08-15T20:30:10.785226+00:00
2026-08-15,new,56153902,,,Villa,BRAND NEW VILLA | LUXURY | TWO ROAD | COMFORT,,850.0,,,BHD,monthly,,,,,,,,Diyar Al Muharraq,Al Sidra,,26.31142234802246,50.64306640625,,,,Arwa Yahya,,PARTLY,,,,,https://www.propertyfinder.bh/en/plp/rent/villa-for-rent-muharraq-governorate-diyar-al-muharraq-al-sidra-56153902.html,2026-08-15T20:30:10.785226+00:00,2026-08-15T20:30:10.785226+00:00,0,2026-08-15T20:30:10.785226+00:00
2026-08-15,new,56153903,,,Villa,BRAND NEW VILLA | LUXURY | TWO ROAD | COMFORT,,850.0,,,BHD,monthly,,,,,,,,Diyar Al Muharraq,Al Sidra,,26.31142234802246,50.64306640625,,,,Arwa Yahya,,PARTLY,,,,,https://www.propertyfinder.bh/en/plp/rent/villa-for-rent-muharraq-governorate-diyar-al-muharraq-al-sidra-56153903.html,2026-08-15T20:30:10.785226+00:00,2026-08-15T20:30:10.785226+00:00,0,2026-08-15T20:30:10.785226+00:00
2026-08-15,new,56153904,,,Villa,Semi-Furnished 4BR Villa | Private Garden | Ready,,113000.0,,,BHD,sell,,,,,,,,Diyar Al Muharraq,Al Sidra,,26.31142234802246,50.64306640625,,,,Arwa Yahya,,PARTLY,completed_primary,,,,https://www.propertyfinder.bh/en/plp/buy/villa-for-sale-muharraq-governorate-diyar-al-muharraq-al-sidra-56153904.html,2026-08-15T20:30:10.785226+00:00,2026-08-15T20:30:10.785226+00:00,0,2026-08-15T20:30:10.785226+00:00
2026-08-15,new,56153905,,,Villa,FREEHOLD | GOLDEN VISA | CORNER VILLA | HIGH ROI,,163000.0,,,BHD,sell,,,,,,,,Diyar Al Muharraq,Al Sidra,,26.31142234802246,50.64306640625,,,,Arwa Yahya,,PARTLY,completed,,,,https://www.propertyfinder.bh/en/plp/buy/villa-for-sale-muharraq-governorate-diyar-al-muharraq-al-sidra-56153905.html,2026-08-15T20:30:10.785226+00:00,2026-08-15T20:30:10.785226+00:00,0,2026-08-15T20:30:10.785226+00:00
2026-08-15,new,56153906,,,Villa,Beautiful Family Villa for Sale,,129000.0,,,BHD,sell,,,,,,,,Diyar Al Muharraq,Al Sidra,,26.31142234802246,50.64306640625,,,,Muhammad Islam Inam,,NO,completed_primary,,,,https://www.propertyfinder.bh/en/plp/buy/villa-for-sale-muharraq-governorate-diyar-al-muharraq-al-sidra-56153906.html,2026-08-15T20:30:10.785226+00:00,2026-08-15T20:30:10.785226+00:00,0,2026-08-15T20:30:10.785226+00:00
2026-08-15,new,56153907,,,Villa,Elegant Villa for Rent in a Prime Location,,650.0,,,BHD,monthly,,,,,,,,Diyar Al Muharraq,Al Sidra,,26.31142234802246,50.64306640625,,,,Arwa Yahya,,PARTLY,,,,,https://www.propertyfinder.bh/en/plp/rent/villa-for-rent-muharraq-governorate-diyar-al-muharraq-al-sidra-56153907.html,2026-08-15T20:30:10.785226+00:00,2026-08-15T20:30:10.785226+00:00,0,2026-08-15T20:30:10.785226+00:00
2026-08-15,new,56153908,,,Villa,Luxury Villa for Sale – Prime Location,,113000.0,,,BHD,sell,,,,,,,,Diyar Al Muharraq,Al Sidra,,26.31142234802246,50.64306640625,,,,Arwa Yahya,,PARTLY,completed,,,,https://www.propertyfinder.bh/en/plp/buy/villa-for-sale-muharraq-governorate-diyar-al-muharraq-al-sidra-56153908.html,2026-08-15T20:30:10.785226+00:00,2026-08-15T20:30:10.785226+00:00,0,2026-08-15T20:30:10.785226+00:00
2026-08-15,new,56153909,,,Villa,FREEHOLD | GOLDEN VISA | CORNER VILLA | HIGH ROI,,147000.0,,,BHD,sell,,,,,,,,Diyar Al Muharraq,Al Sidra,,26.31142234802246,50.64306640625,,,,Arwa Yahya,,PARTLY,completed,,,,https://www.propertyfinder.bh/en/plp/buy/villa-for-sale-muharraq-governorate-diyar-al-muharraq-al-sidra-56153909.html,2026-08-15T20:30:10.785226+00:00,2026-08-15T20:30:10.785226+00:00,0,2026-08-15T20:30:10.785226+00:00
2026-08-15,new,56153910,,,Villa,FREEHOLD | GOLDEN VISA | CORNER VILLA | HIGH ROI,,160000.0,,,BHD,sell,,,,,,,,Diyar Al Muharraq,Al Sidra,,26.31142234802246,50.64306640625,,,,Arwa Yahya,,PARTLY,completed,,,,https://www.propertyfinder.bh/en/plp/buy/villa-for-sale-muharraq-governorate-diyar-al-muharraq-al-sidra-56153910.html,2026-08-15T20:30:10.785226+00:00,2026-08-15T20:30:10.785226+00:00,0,2026-08-15T20:30:10.785226+00:00
2026-08-15,new,56153911,,,Villa,FREEHOLD | MODERN DESIGN | LIMITED TIME OFFER,,129000.0,,,BHD,sell,,,,,,,,Diyar Al Muharraq,Al Sidra,,26.31142234802246,50.64306640625,,,,Arwa Yahya,,PARTLY,completed,,,,https://www.propertyfinder.bh/en/plp/buy/villa-for-sale-muharraq-governorate-diyar-al-muharraq-al-sidra-56153911.html,2026-08-15T20:30:10.785226+00:00,2026-08-15T20:30:10.785226+00:00,0,2026-08-15T20:30:10.785226+00:00
2026-08-15,new,56153912,,,Villa,Elegant Villa for Sale–Prime Location,,124000.0,,,BHD,sell,,,,,,,,Diyar Al Muharraq,Al Sidra,,26.31142234802246,50.64306640625,,,,Muhammad Islam Inam,,NO,completed_primary,,,,https://www.propertyfinder.bh/en/plp/buy/villa-for-sale-muharraq-governorate-diyar-al-muharraq-al-sidra-56153912.html,2026-08-15T20:30:10.785226+00:00,2026-08-15T20:30:10.785226+00:00,0,2026-08-15T20:30:10.785226+00:00
2026-08-15,new,56153913,,,Villa,"Premium Villa for Sale – Luxury, Comfort & Style",,160000.0,,,BHD,sell,,,,,,,,Diyar Al Muharraq,Al Sidra,,26.31142234802246,50.64306640625,,,,Muhammad Islam Inam,,NO,completed_primary,,,,https://www.propertyfinder.bh/en/plp/buy/villa-for-sale-muharraq-governorate-diyar-al-muharraq-al-sidra-56153913.html,2026-08-15T20:30:10.785226+00:00,2026-08-15T20:30:10.785226+00:00,0,2026-08-15T20:30:10.785226+00:00
2026-08-15,new,56153914,,,Villa,Modern Dream Villa for Sale – Move-In Ready,,147000.0,,,BHD,sell,,,,,,,,Diyar Al Muharraq,Al Sidra,,26.31142234802246,50.64306640625,,,,Muhammad Islam Inam,,NO,completed_primary,,,,https://www.propertyfinder.bh/en/plp/buy/villa-for-sale-muharraq-governorate-diyar-al-muharraq-al-sidra-56153914.html,2026-08-15T20:30:10.785226+00:00,2026-08-15T20:30:10.785226+00:00,0,2026-08-15T20:30:10.785226+00:00
2026-08-15,new,56153915,,,Villa,"Your Dream Villa for Sale – Modern, Spacious",,115000.0,,,BHD,sell,,,,,,,,Diyar Al Muharraq,Al Sidra,,26.31142234802246,50.64306640625,,,,Muhammad Islam Inam,,NO,completed_primary,,,,https://www.propertyfinder.bh/en/plp/buy/villa-for-sale-muharraq-governorate-diyar-al-muharraq-al-sidra-56153915.html,2026-08-15T20:30:10.785226+00:00,2026-08-15T20:30:10.785226+00:00,0,2026-08-15T20:30:10.785226+00:00
2026-08-15,new,56153916,,,Villa,Amazing Villa for Sale – Comfort Meets Luxury,,163000.0,,,BHD,sell,,,,,,,,Diyar Al Muharraq,Al Sidra,,26.31142234802246,50.64306640625,,,,Muhammad Islam Inam,,NO,completed_primary,,,,https://www.propertyfinder.bh/en/plp/buy/villa-for-sale-muharraq-governorate-diyar-al-muharraq-al-sidra-56153916.html,2026-08-15T20:30:10.785226+00:00,2026-08-15T20:30:10.785226+00:00,0,2026-08-15T20:30:10.785226+00:00
2026-08-15,new,56153919,,,Apartment,Beautiful Apartment for Sale – Spacious & Modern,,52000.0,,,BHD,sell,,,,,,,,,,,26.239999771118164,50.5369987487793,,,,Muhammad Islam Inam,,YES,completed,,,,https://www.propertyfinder.bh/en/plp/buy/apartment-for-sale-capital-governorate-seef-56153919.html,2026-08-15T20:30:10.785226+00:00,2026-08-15T20:30:10.785226+00:00,0,2026-08-15T20:30:10.785226+00:00
2026-08-15,new,56153920,,,Villa,SEA VIEW | NEAR WATER | BRAND NEW | HOT PRICE |,,117000.0,,,BHD,sell,,,,,,,,,,,26.140336990356445,50.478271484375,,,,Hamad Buhameed,,NO,completed_primary,,,,https://www.propertyfinder.bh/en/plp/buy/villa-for-sale-northern-governorate-hamala-56153920.html,2026-08-15T20:30:10.785226+00:00,2026-08-15T20:30:10.785226+00:00,0,2026-08-15T20:30:10.785226+00:00
2026-08-15,new,56153921,,,Villa,"5 bedrooms, builtup 333 sqm",,135000.0,,,BHD,sell,,,,,,,,,,,26.100860595703125,50.48801040649414,,,,Mohamed Mirza,,NO,completed_primary,,,,https://www.propertyfinder.bh/en/plp/buy/villa-for-sale-northern-governorate-malkiyah-56153921.html,2026-08-15T20:30:10.785226+00:00,2026-08-15T20:30:10.785226+00:00,0,2026-08-15T20:30:10.785226+00:00
2026-08-15,new,56153927,,,Villa,3 Bedroom with ac for rent in Sanad,,550.0,,,BHD,monthly,,,,,,,,,,,26.149999618530273,50.58333206176758,,,,Husain  Sadeq,,PARTLY,,,,,https://www.propertyfinder.bh/en/plp/rent/villa-for-rent-central-governorate-sanad-56153927.html,2026-08-15T20:30:10.785226+00:00,2026-08-15T20:30:10.785226+00:00,0,2026-08-15T20:30:10.785226+00:00
2026-08-15,new,56153931,,,Apartment,Affordable 3-Bedroom | Balcony| closed kitchen,,250.0,,,BHD,monthly,,,,,,,,,,,26.203079223632812,50.594947814941406,,,,Joyace  Joy,,PARTLY,,,,,https://www.propertyfinder.bh/en/plp/rent/apartment-for-rent-capital-governorate-manama-um-al-hasam-56153931.html,2026-08-15T20:30:10.785226+00:00,2026-08-15T20:30:10.785226+00:00,0,2026-08-15T20:30:10.785226+00:00
2026-08-15,new,56153933,,,Apartment,WELL DESIGNED | WIFI | FACILITIES AND OFFICE ROOM,,430.0,,,BHD,monthly,,,,,,,,Amwaj Marina,,,26.293058395385742,50.65943908691406,,,,Fadi Eweida,,YES,,,,,https://www.propertyfinder.bh/en/plp/rent/apartment-for-rent-muharraq-governorate-amwaj-islands-amwaj-marina-56153933.html,2026-08-15T20:30:10.785226+00:00,2026-08-15T20:30:10.785226+00:00,0,2026-08-15T20:30:10.785226+00:00
2026-08-15,new,56153951,,,Villa,House for Sale in Muharraq prime location,,160000.0,,,BHD,sell,,,,,,,,,,,26.25,50.616668701171875,,,,Damac Realestate ,,PARTLY,completed,,,,https://www.propertyfinder.bh/en/plp/buy/villa-for-sale-muharraq-governorate-muharraq-56153951.html,2026-08-15T20:30:10.785226+00:00,2026-08-15T20:30:10.785226+00:00,0,2026-08-15T20:30:10.785226+00:00
2026-08-15,new,56153952,,,Villa,House for Sale in Hamad Town prime location,,125000.0,,,BHD,sell,,,,,,,,,,,26.12916374206543,50.49860763549805,,,,Damac Realestate ,,PARTLY,completed,,,,https://www.propertyfinder.bh/en/plp/buy/villa-for-sale-northern-governorate-hamad-town-56153952.html,2026-08-15T20:30:10.785226+00:00,2026-08-15T20:30:10.785226+00:00,0,2026-08-15T20:30:10.785226+00:00
2026-08-15,new,56153959,,,Apartment,Furnished Studio for Rent on Seef 200 BD/- + EWA,,200.0,,,BHD,monthly,,,,,,,,,,,26.239999771118164,50.5369987487793,,,,Ali  Alnoaimi,,YES,,,,,https://www.propertyfinder.bh/en/plp/rent/apartment-for-rent-capital-governorate-seef-56153959.html,2026-08-15T20:30:10.785226+00:00,2026-08-15T20:30:10.785226+00:00,0,2026-08-15T20:30:10.785226+00:00
2026-08-15,new,56153997,,,Land,Prime Freehold Seafront Land | 807 SQM | Amwaj,,330000.0,,,BHD,sell,,,,,,,,Amwaj Avenue,,,26.29302978515625,50.66474151611328,,,,Muhammad Sachal Khan Niazi,,,,,,,https://www.propertyfinder.bh/en/plp/buy/land-for-sale-muharraq-governorate-amwaj-islands-amwaj-avenue-56153997.html,2026-08-15T20:30:10.785226+00:00,2026-08-15T20:30:10.785226+00:00,0,2026-08-15T20:30:10.785226+00:00
2026-08-15,new,56154010,,,Apartment,"Studio apartment for rent in Busaiteen, furnished,",,220.0,,,BHD,monthly,,,,,,,,,,,26.27199935913086,50.60900115966797,,,,Mohammed Ali Al Samawi ,,YES,,,,,https://www.propertyfinder.bh/en/plp/rent/apartment-for-rent-muharraq-governorate-busaiteen-56154010.html,2026-08-15T20:30:10.785226+00:00,2026-08-15T20:30:10.785226+00:00,0,2026-08-15T20:30:10.785226+00:00
2026-08-15,new,56154018,,,Whole Building,Prime Commercial Investment Building,,650000.0,,,BHD,sell,,,,,,,,,,,26.149999618530273,50.58333206176758,,,,Ahmed Alkuwaiti,,YES,completed_primary,,,,https://www.propertyfinder.bh/en/plp/commercial-buy/whole-building-for-sale-central-governorate-sanad-56154018.html,2026-08-15T20:30:10.785226+00:00,2026-08-15T20:30:10.785226+00:00,0,2026-08-15T20:30:10.785226+00:00
2026-08-15,new,56154020,,,Apartment,Beach and Waterfront Access | Private Balcony,,550.0,,,BHD,monthly,,,,,,,,Diyar Al Muharraq,Marassi Residences,,26.303447723388672,50.6461296081543,,,,Majeed Moosa,,YES,,,,,https://www.propertyfinder.bh/en/plp/rent/apartment-for-rent-muharraq-governorate-diyar-al-muharraq-marassi-residences-56154020.html,2026-08-15T20:30:10.785226+00:00,2026-08-15T20:30:10.785226+00:00,0,2026-08-15T20:30:10.785226+00:00
2026-08-15,new,56154031,,,Apartment,Hot Price|Spacious|Pet Allowed|1BR|Bright-Modern,,300.0,,,BHD,monthly,,,,,,,,Sanabis,,,26.226558685302734,50.5459098815918,,,,Hazeeth,,YES,,,,,https://www.propertyfinder.bh/en/plp/rent/apartment-for-rent-capital-governorate-manama-sanabis-56154031.html,2026-08-15T20:30:10.785226+00:00,2026-08-15T20:30:10.785226+00:00,0,2026-08-15T20:30:10.785226+00:00
2026-08-15,new,56154033,,,Villa,NEW RENOVATED | IDEAL LOCATION | POOL | MAID ROOM,,1250.0,,,BHD,monthly,,,,,,,,,,,26.19164276123047,50.48757553100586,,,,Usman Ali,,PARTLY,,,,,https://www.propertyfinder.bh/en/plp/rent/villa-for-rent-northern-governorate-saar-56154033.html,2026-08-15T20:30:10.785226+00:00,2026-08-15T20:30:10.785226+00:00,0,2026-08-15T20:30:10.785226+00:00
2026-08-15,new,56154039,,,Apartment,Large Layout | Luxury Facilities | Big Balcony,,380.0,,,BHD,monthly,,,,,,,,Diyar Al Muharraq,Marassi Park Residences,,26.307302474975586,50.645973205566406,,,,Majeed Moosa,,YES,,,,,https://www.propertyfinder.bh/en/plp/rent/apartment-for-rent-muharraq-governorate-diyar-al-muharraq-marassi-park-residences-56154039.html,2026-08-15T20:30:10.785226+00:00,2026-08-15T20:30:10.785226+00:00,0,2026-08-15T20:30:10.785226+00:00
2026-08-15,new,56154045,,,Apartment,Affordable & Spacious 2BR Apartment in Diraz | Ren,,160.0,,,BHD,monthly,,,,,,,,,,,26.220962524414062,50.46446990966797,,,,Jalal Alkamel  ,,NO,,,,,https://www.propertyfinder.bh/en/plp/rent/apartment-for-rent-northern-governorate-diraz-56154045.html,2026-08-15T20:30:10.785226+00:00,2026-08-15T20:30:10.785226+00:00,0,2026-08-15T20:30:10.785226+00:00
2026-08-15,new,56154064,,,Apartment,Luxury 2 BR Apartment for Rent in Reef Island | 6t,,1025.0,,,BHD,monthly,,,,,,,,,,,26.241750717163086,50.5663948059082,,,,Jalal Alkamel  ,,YES,,,,,https://www.propertyfinder.bh/en/plp/rent/apartment-for-rent-capital-governorate-reef-island-56154064.html,2026-08-15T20:30:10.785226+00:00,2026-08-15T20:30:10.785226+00:00,0,2026-08-15T20:30:10.785226+00:00
2026-08-15,new,56154082,,,Apartment,1 Bedroom Luxury Apartment for Rent in Reef Island,,750.0,,,BHD,monthly,,,,,,,,,,,26.241750717163086,50.5663948059082,,,,Jalal Alkamel  ,,YES,,,,,https://www.propertyfinder.bh/en/plp/rent/apartment-for-rent-capital-governorate-reef-island-56154082.html,2026-08-15T20:30:10.785226+00:00,2026-08-15T20:30:10.785226+00:00,0,2026-08-15T20:30:10.785226+00:00
2026-08-15,new,56154087,,,Apartment,Affordable 1BR in Reef | Good offer | REEF,,330.0,,,BHD,monthly,,,,,,,,,,,26.241750717163086,50.5663948059082,,,,JUNAID MUNAWAR,,YES,,,,,https://www.propertyfinder.bh/en/plp/rent/apartment-for-rent-capital-governorate-reef-island-56154087.html,2026-08-15T20:30:10.785226+00:00,2026-08-15T20:30:10.785226+00:00,0,2026-08-15T20:30:10.785226+00:00
2026-08-15,new,56154088,,,Apartment,Freehold Ownership - View  - Freehold - Parking,,54000.0,,,BHD,sell,,,,,,,,Amwaj Avenue,,,26.29302978515625,50.66474151611328,,,,Abdulrahman Mohammed,,YES,completed,,,,https://www.propertyfinder.bh/en/plp/buy/apartment-for-sale-muharraq-governorate-amwaj-islands-amwaj-avenue-56154088.html,2026-08-15T20:30:10.785226+00:00,2026-08-15T20:30:10.785226+00:00,0,2026-08-15T20:30:10.785226+00:00
2026-08-15,new,56154099,,,Shop,Attractive & negotiable Price near Layali Muharraq,,90.0,,,BHD,monthly,,,,,,,,,,,26.25,50.616668701171875,,,,Abdulrahman Mohammed,,NO,,,,,https://www.propertyfinder.bh/en/plp/commercial-rent/shop-for-rent-muharraq-governorate-muharraq-56154099.html,2026-08-15T20:30:10.785226+00:00,2026-08-15T20:30:10.785226+00:00,0,2026-08-15T20:30:10.785226+00:00
2026-08-15,new,56154101,,,Apartment,Fully Furnished Luxury Studio in Reef Island,,400.0,,,BHD,monthly,,,,,,,,,,,26.241750717163086,50.5663948059082,,,,Jalal Alkamel  ,,YES,,,,,https://www.propertyfinder.bh/en/plp/rent/apartment-for-rent-capital-governorate-reef-island-56154101.html,2026-08-15T20:30:10.785226+00:00,2026-08-15T20:30:10.785226+00:00,0,2026-08-15T20:30:10.785226+00:00
2026-08-15,new,56154107,,,Villa,"fully renovated, Good price, , quiet location",,750.0,,,BHD,monthly,,,,,,,,,,,26.27199935913086,50.60900115966797,,,,Abdulrahman Mohammed,,PARTLY,,,,,https://www.propertyfinder.bh/en/plp/rent/villa-for-rent-muharraq-governorate-busaiteen-56154107.html,2026-08-15T20:30:10.785226+00:00,2026-08-15T20:30:10.785226+00:00,0,2026-08-15T20:30:10.785226+00:00
2026-08-15,new,56154124,,,Apartment,Amazing Deal 2 Bedroom 3 Washroom Arad,,170.0,,,BHD,monthly,,,,,,,,,,,26.25,50.650001525878906,,,,Babar Ahmed Zafar,,NO,,,,,https://www.propertyfinder.bh/en/plp/rent/apartment-for-rent-muharraq-governorate-arad-56154124.html,2026-08-15T20:30:10.785226+00:00,2026-08-15T20:30:10.785226+00:00,0,2026-08-15T20:30:10.785226+00:00
2026-08-15,new,56154127,,,Villa,Park estate garden Riffa views villas,,125000.0,,,BHD,sell,,,,,,,,Riffa Views,,,26.097333908081055,50.56736373901367,,,,Yusuf Alsobaiei,,PARTLY,completed,,,,https://www.propertyfinder.bh/en/plp/buy/villa-for-sale-southern-governorate-riffa-riffa-views-56154127.html,2026-08-15T20:30:10.785226+00:00,2026-08-15T20:30:10.785226+00:00,0,2026-08-15T20:30:10.785226+00:00
2026-08-15,new,56154135,,,Villa,Charming Inner Villa with Pool Close to the beach,,165000.0,,,BHD,sell,,,,,,,,,,,25.833925247192383,50.613853454589844,,,,Yusuf Alsobaiei,,YES,completed,,,,https://www.propertyfinder.bh/en/plp/buy/villa-for-sale-southern-governorate-durrat-al-bahrain-56154135.html,2026-08-15T20:30:10.785226+00:00,2026-08-15T20:30:10.785226+00:00,0,2026-08-15T20:30:10.785226+00:00
2026-08-15,new,56154141,,,Villa,Charming Inner Villa with Pool Close to the beach,,160000.0,,,BHD,sell,,,,,,,,,,,25.833925247192383,50.613853454589844,,,,Yusuf Alsobaiei,,YES,completed,,,,https://www.propertyfinder.bh/en/plp/buy/villa-for-sale-southern-governorate-durrat-al-bahrain-56154141.html,2026-08-15T20:30:10.785226+00:00,2026-08-15T20:30:10.785226+00:00,0,2026-08-15T20:30:10.785226+00:00
2026-08-15,new,56154142,,,Villa,Charming Inner Villa with Pool Close to the beach,,165000.0,,,BHD,sell,,,,,,,,,,,25.833925247192383,50.613853454589844,,,,Yusuf Alsobaiei,,YES,completed,,,,https://www.propertyfinder.bh/en/plp/buy/villa-for-sale-southern-governorate-durrat-al-bahrain-56154142.html,2026-08-15T20:30:10.785226+00:00,2026-08-15T20:30:10.785226+00:00,0,2026-08-15T20:30:10.785226+00:00
2026-08-15,new,56154148,,,Apartment,3.5br for sale -2years payment plan Directly Beach,,250000.0,,,BHD,sell,,,,,,,,Diyar Al Muharraq,,,26.303447723388672,50.6461296081543,,,,Jasmine,,YES,completed,,,,https://www.propertyfinder.bh/en/plp/buy/apartment-for-sale-muharraq-governorate-diyar-al-muharraq-marassi-al-bahrain-56154148.html,2026-08-15T20:30:10.785226+00:00,2026-08-15T20:30:10.785226+00:00,0,2026-08-15T20:30:10.785226+00:00
2026-08-15,new,56154152,,,Apartment,Stunning 2BR Apartment | Balcony city view | SEEF,,700.0,,,BHD,monthly,,,,,,,,,,,26.239999771118164,50.5369987487793,,,,JUNAID MUNAWAR,,YES,,,,,https://www.propertyfinder.bh/en/plp/rent/apartment-for-rent-capital-governorate-seef-56154152.html,2026-08-15T20:30:10.785226+00:00,2026-08-15T20:30:10.785226+00:00,0,2026-08-15T20:30:10.785226+00:00
2026-08-15,new,56154153,,,Villa,Amazing Villa in Durrat – 3BR Sea View + Jetty,,230000.0,,,BHD,sell,,,,,,,,,,,25.833925247192383,50.613853454589844,,,,Yusuf Alsobaiei,,YES,completed,,,,https://www.propertyfinder.bh/en/plp/buy/villa-for-sale-southern-governorate-durrat-al-bahrain-56154153.html,2026-08-15T20:30:10.785226+00:00,2026-08-15T20:30:10.785226+00:00,0,2026-08-15T20:30:10.785226+00:00
2026-08-15,new,56154162,,,Villa,NAVY APPROVED |MODERN DESIGN |PRIVATE POOL |GARDEN,,900.0,,,BHD,monthly,,,,,,,,,,,26.25,50.650001525878906,,,,Fadi Eweida,,YES,,,,,https://www.propertyfinder.bh/en/plp/rent/villa-for-rent-muharraq-governorate-arad-56154162.html,2026-08-15T20:30:10.785226+00:00,2026-08-15T20:30:10.785226+00:00,0,2026-08-15T20:30:10.785226+00:00
2026-08-15,new,56154168,,,Apartment,1br apartment with 2years payment plan- Beach acc,,87888.0,,,BHD,sell,,,,,,,,Diyar Al Muharraq,,,26.303447723388672,50.6461296081543,,,,Jasmine,,YES,completed_primary,,,,https://www.propertyfinder.bh/en/plp/buy/apartment-for-sale-muharraq-governorate-diyar-al-muharraq-marassi-al-bahrain-56154168.html,2026-08-15T20:30:10.785226+00:00,2026-08-15T20:30:10.785226+00:00,0,2026-08-15T20:30:10.785226+00:00
2026-08-15,new,56154170,,,Villa,IMPECCABLE & LUXURIOUS 4BR VILLA+P.POOL+GYM,,1600.0,,,BHD,monthly,,,,,,,,,,,26.140336990356445,50.478271484375,,,,Fadi Eweida,,YES,,,,,https://www.propertyfinder.bh/en/plp/rent/villa-for-rent-northern-governorate-hamala-56154170.html,2026-08-15T20:30:10.785226+00:00,2026-08-15T20:30:10.785226+00:00,0,2026-08-15T20:30:10.785226+00:00
2026-08-15,new,56154171,,,Apartment,Offer Price Modern Flat  Balcony Near Juffair Mall,,250.0,,,BHD,monthly,,,,,,,,,,,26.211111068725586,50.601112365722656,,,,Babar Ahmed Zafar,,YES,,,,,https://www.propertyfinder.bh/en/plp/rent/apartment-for-rent-capital-governorate-al-juffair-56154171.html,2026-08-15T20:30:10.785226+00:00,2026-08-15T20:30:10.785226+00:00,0,2026-08-15T20:30:10.785226+00:00
2026-08-15,new,56154175,,,Apartment,Spacious 2BR for rent in Karbabad| Lift | Security,,200.0,,,BHD,monthly,,,,,,,,,,,26.233417510986328,50.5331916809082,,,,Nayla Tabussam,,PARTLY,,,,,https://www.propertyfinder.bh/en/plp/rent/apartment-for-rent-capital-governorate-manama-karbabad-56154175.html,2026-08-15T20:30:10.785226+00:00,2026-08-15T20:30:10.785226+00:00,0,2026-08-15T20:30:10.785226+00:00
2026-08-15,new,56154185,,,Apartment,"2-Year Payment Plan -Studio for BD60,888,Fully fu",,60888.0,,,BHD,sell,,,,,,,,Diyar Al Muharraq,,,26.303447723388672,50.6461296081543,,,,Jasmine,,YES,completed,,,,https://www.propertyfinder.bh/en/plp/buy/apartment-for-sale-muharraq-governorate-diyar-al-muharraq-marassi-al-bahrain-56154185.html,2026-08-15T20:30:10.785226+00:00,2026-08-15T20:30:10.785226+00:00,0,2026-08-15T20:30:10.785226+00:00
2026-08-15,new,56154188,,,Apartment,Summer offer SPACIOUS STUDIO |Amazing pool and GYM,,230.0,,,BHD,monthly,,,,,,,,,,,26.211111068725586,50.601112365722656,,,,Zsuzsanna Gecse,,YES,,,,,https://www.propertyfinder.bh/en/plp/rent/apartment-for-rent-capital-governorate-al-juffair-56154188.html,2026-08-15T20:30:10.785226+00:00,2026-08-15T20:30:10.785226+00:00,0,2026-08-15T20:30:10.785226+00:00
2026-08-15,new,56154189,,,Apartment,SEA VIEW STUDIO / Special offer for Teachers,,230.0,,,BHD,monthly,,,,,,,,,,,26.211111068725586,50.601112365722656,,,,Zsuzsanna Gecse,,YES,,,,,https://www.propertyfinder.bh/en/plp/rent/apartment-for-rent-capital-governorate-al-juffair-56154189.html,2026-08-15T20:30:10.785226+00:00,2026-08-15T20:30:10.785226+00:00,0,2026-08-15T20:30:10.785226+00:00
2026-08-15,new,56154201,,,Apartment,DUPLEX 3 BR | SEA VIEW | BALCONY,,450.0,,,BHD,monthly,,,,,,,,,,,26.211111068725586,50.601112365722656,,,,Zsuzsanna Gecse,,YES,,,,,https://www.propertyfinder.bh/en/plp/rent/apartment-for-rent-capital-governorate-al-juffair-56154201.html,2026-08-15T20:30:10.785226+00:00,2026-08-15T20:30:10.785226+00:00,0,2026-08-15T20:30:10.785226+00:00
2026-08-15,new,56154202,,,Apartment,BRAND NEW |SEA VIEWS |PRIVATE BEACH | GOLDEN VISA,,160000.0,,,BHD,sell,,,,,,,,Diyar Al Muharraq,,,26.303447723388672,50.6461296081543,,,,Muhammad Sachal Khan Niazi,,YES,completed,,,,https://www.propertyfinder.bh/en/plp/buy/apartment-for-sale-muharraq-governorate-diyar-al-muharraq-marassi-al-bahrain-56154202.html,2026-08-15T20:30:10.785226+00:00,2026-08-15T20:30:10.785226+00:00,0,2026-08-15T20:30:10.785226+00:00
2026-08-15,new,56154206,,,Villa,Contemporary furnished 4bed villa Big pool in comp,,1000.0,,,BHD,monthly,,,,,,,,,,,26.19164276123047,50.48757553100586,,,,Jasmine Dhakan,,YES,,,,,https://www.propertyfinder.bh/en/plp/rent/villa-for-rent-northern-governorate-saar-56154206.html,2026-08-15T20:30:10.785226+00:00,2026-08-15T20:30:10.785226+00:00,0,2026-08-15T20:30:10.785226+00:00
2026-08-15,new,56154208,,,Apartment,2br apart with Beach access-2 years Payment plan,,137000.0,,,BHD,sell,,,,,,,,Diyar Al Muharraq,,,26.303447723388672,50.6461296081543,,,,Jasmine,,YES,completed,,,,https://www.propertyfinder.bh/en/plp/buy/apartment-for-sale-muharraq-governorate-diyar-al-muharraq-marassi-al-bahrain-56154208.html,2026-08-15T20:30:10.785226+00:00,2026-08-15T20:30:10.785226+00:00,0,2026-08-15T20:30:10.785226+00:00
2026-08-15,new,56154213,,,Apartment,Special 3-Bedroom Apartment for Rent in Tubli Bay,,310.0,,,BHD,monthly,,,,,,,,,,,26.188888549804688,50.54999923706055,,,,Ahmed Zekrait,,PARTLY,,,,,https://www.propertyfinder.bh/en/plp/rent/apartment-for-rent-central-governorate-tubli-56154213.html,2026-08-15T20:30:10.785226+00:00,2026-08-15T20:30:10.785226+00:00,0,2026-08-15T20:30:10.785226+00:00
2026-08-15,new,56154214,,,Apartment,Luxury Furnished3BR Aprt in Tubli With Swim Pool,,320.0,,,BHD,monthly,,,,,,,,,,,26.188888549804688,50.54999923706055,,,,Ahmed Zekrait,,PARTLY,,,,,https://www.propertyfinder.bh/en/plp/rent/apartment-for-rent-central-governorate-tubli-56154214.html,2026-08-15T20:30:10.785226+00:00,2026-08-15T20:30:10.785226+00:00,0,2026-08-15T20:30:10.785226+00:00
2026-08-15,new,56154229,,,Villa,Ultra Luxurious | Private Beach | One of a Kind |,,2500.0,,,BHD,monthly,,,,,,,,Najma,,,26.29715919494629,50.669647216796875,,,,Mohammad  Saiyed,,PARTLY,,,,,https://www.propertyfinder.bh/en/plp/rent/villa-for-rent-muharraq-governorate-amwaj-islands-najma-56154229.html,2026-08-15T20:30:10.785226+00:00,2026-08-15T20:30:10.785226+00:00,0,2026-08-15T20:30:10.785226+00:00
2026-08-15,new,56154230,,,Apartment,Brand New spacious 2BR close kitchen gas cooking,,300.0,,,BHD,monthly,,,,,,,,,,,26.207910537719727,50.587345123291016,,,,Aby N,,PARTLY,,,,,https://www.propertyfinder.bh/en/plp/rent/apartment-for-rent-capital-governorate-manama-mahooz-56154230.html,2026-08-15T20:30:10.785226+00:00,2026-08-15T20:30:10.785226+00:00,0,2026-08-15T20:30:10.785226+00:00
2026-08-15,new,56154235,,,Apartment,Bright Modern Studio with unlimited EWA,,150.0,,,BHD,monthly,,,,,,,,,,,26.2102108001709,50.56403350830078,,,,Aby N,,YES,,,,,https://www.propertyfinder.bh/en/plp/rent/apartment-for-rent-capital-governorate-manama-zinj-56154235.html,2026-08-15T20:30:10.785226+00:00,2026-08-15T20:30:10.785226+00:00,0,2026-08-15T20:30:10.785226+00:00
2026-08-15,new,56154236,,,Land,Janayen alhamala corner land,,89000.0,,,BHD,sell,,,,,,,,,,,26.140336990356445,50.478271484375,,,,Mohamed Mirza,,,,,,,https://www.propertyfinder.bh/en/plp/buy/land-for-sale-northern-governorate-hamala-56154236.html,2026-08-15T20:30:10.785226+00:00,2026-08-15T20:30:10.785226+00:00,0,2026-08-15T20:30:10.785226+00:00
2026-08-15,new,56154237,,,Apartment,Modern Furnished 3BR Apartment + Unlimited EWA,,550.0,,,BHD,monthly,,,,,,,,,,,26.203079223632812,50.594947814941406,,,,Aby N,,YES,,,,,https://www.propertyfinder.bh/en/plp/rent/apartment-for-rent-capital-governorate-manama-um-al-hasam-56154237.html,2026-08-15T20:30:10.785226+00:00,2026-08-15T20:30:10.785226+00:00,0,2026-08-15T20:30:10.785226+00:00
2026-08-15,new,56154239,,,Apartment,Luxury|2BR|Open Kitchen|GYM|Near New millennium,,380.0,,,BHD,monthly,,,,,,,,,,,26.2102108001709,50.56403350830078,,,,Aby N,,YES,,,,,https://www.propertyfinder.bh/en/plp/rent/apartment-for-rent-capital-governorate-manama-zinj-56154239.html,2026-08-15T20:30:10.785226+00:00,2026-08-15T20:30:10.785226+00:00,0,2026-08-15T20:30:10.785226+00:00
2026-08-15,new,56154240,,,Apartment,Brand New Furnished 1BR Apt With Infinity Pool,,300.0,,,BHD,monthly,,,,,,,,,,,26.207910537719727,50.587345123291016,,,,Aby N,,YES,,,,,https://www.propertyfinder.bh/en/plp/rent/apartment-for-rent-capital-governorate-manama-mahooz-56154240.html,2026-08-15T20:30:10.785226+00:00,2026-08-15T20:30:10.785226+00:00,0,2026-08-15T20:30:10.785226+00:00
2026-08-15,new,56154245,,,Land,11.9 sqm face great location,,72000.0,,,BHD,sell,,,,,,,,,,,26.140336990356445,50.478271484375,,,,Mohamed Mirza,,,,,,,https://www.propertyfinder.bh/en/plp/buy/land-for-sale-northern-governorate-hamala-56154245.html,2026-08-15T20:30:10.785226+00:00,2026-08-15T20:30:10.785226+00:00,0,2026-08-15T20:30:10.785226+00:00
2026-08-15,new,56154249,,,Apartment,BRAND NEW | BESPOKE FURNISHING | LARGE BALCONY,,550.0,,,BHD,monthly,,,,,,,,,,,26.241750717163086,50.5663948059082,,,,Adeel Ajaz,,YES,,,,,https://www.propertyfinder.bh/en/plp/rent/apartment-for-rent-capital-governorate-reef-island-56154249.html,2026-08-15T20:30:10.785226+00:00,2026-08-15T20:30:10.785226+00:00,0,2026-08-15T20:30:10.785226+00:00
2026-08-15,new,958547,,,Villa,3BHK || PORTION OF VILLA || 1st FLOOR II JUFFAIR,,480.0,,,BHD,monthly,,,,,,,,,,,26.211111068725586,50.601112365722656,,,,Sheraz Butt,,YES,,,,,https://www.propertyfinder.bh/en/plp/rent/villa-for-rent-capital-governorate-al-juffair-958547.html,2026-06-15T21:06:46.439420+00:00,2026-08-15T20:30:10.785226+00:00,60,2026-08-15T20:30:10.785226+00:00
2026-08-15,new,978867,,,Whole Building,3 SIDED ROAD ACCESS | FULLY OCCUPIED | HIGH ROI,,140000.0,,,BHD,sell,,,,,,,,,,,26.21263313293457,50.67418670654297,,,,Mohammed Abdu,,NO,completed,,,,https://www.propertyfinder.bh/en/plp/buy/whole-building-for-sale-muharraq-governorate-hidd-978867.html,2026-05-31T13:58:31.068517+00:00,2026-08-15T20:30:10.785226+00:00,76,2026-08-15T20:30:10.785226+00:00
2026-08-15,new,983393,,,Land,Land for sale in Jidhafs 421.8 sqm,,134000.0,,,BHD,sell,,,,,,,,,,,26.21967315673828,50.53300476074219,,,,Sayed Mohamed Adnan,,,,,,,https://www.propertyfinder.bh/en/plp/buy/land-for-sale-northern-governorate-jidhafs-983393.html,2026-05-31T13:58:31.068517+00:00,2026-08-15T20:30:10.785226+00:00,76,2026-08-15T20:30:10.785226+00:00
2026-08-15,removed,1001035,,,Whole Building,2 Apartment and Shop - Prime Location,45000.0,,,,BHD,sell,,,,,,,,,,,26.21263313293457,50.67418670654297,,,,Ahmed Alkuwaiti,,PARTLY,completed,,,,https://www.propertyfinder.bh/en/plp/buy/whole-building-for-sale-muharraq-governorate-hidd-1001035.html,2026-05-31T13:58:31.068517+00:00,2026-08-14T20:37:52.052197+00:00,75,2026-08-14T20:37:52.052197+00:00
2026-08-15,removed,1001605,,,Apartment,POOL & GYM | FREE WIFI & PARKING | FAMILIES ONLY,200.0,,,,BHD,monthly,,,,,,,,Exhibition Road,,,26.231962203979492,50.59507369995117,,,,MALIK AWIS,,YES,,,,,https://www.propertyfinder.bh/en/plp/rent/apartment-for-rent-capital-governorate-hoora-exhibition-road-1001605.html,2026-06-17T20:50:56.644034+00:00,2026-08-14T20:37:52.052197+00:00,57,2026-08-14T20:37:52.052197+00:00
2026-08-15,removed,1002738,,,Apartment,2 BHK | Gym | pool | Maintenance | Lift | WIFI,450.0,,,,BHD,monthly,,,,,,,,,,,26.211111068725586,50.601112365722656,,,,Muhammad Usman,,YES,,,,,https://www.propertyfinder.bh/en/plp/rent/apartment-for-rent-capital-governorate-al-juffair-1002738.html,2026-05-31T13:58:31.068517+00:00,2026-08-14T20:37:52.052197+00:00,75,2026-08-14T20:37:52.052197+00:00
2026-08-15,removed,1002758,,,Apartment,2BHK | Gym | Pool | Sauna | Game room | Lift wifi,380.0,,,,BHD,monthly,,,,,,,,,,,26.211111068725586,50.601112365722656,,,,Muhammad Usman,,YES,,,,,https://www.propertyfinder.bh/en/plp/rent/apartment-for-rent-capital-governorate-al-juffair-1002758.html,2026-05-31T13:58:31.068517+00:00,2026-08-14T20:37:52.052197+00:00,75,2026-08-14T20:37:52.052197+00:00
2026-08-15,removed,51003934,,,Villa,Luxury Villa for Rent in Saar Gate – Prime Main St,600.0,,,,BHD,monthly,,,,,,,,,,,26.19164276123047,50.48757553100586,,,,Salah Hashem,,PARTLY,,,,,https://www.propertyfinder.bh/en/plp/rent/villa-for-rent-northern-governorate-saar-2ObblJV9XnM.html,2026-05-31T13:58:31.068517+00:00,2026-08-14T20:37:52.052197+00:00,75,2026-08-14T20:37:52.052197+00:00
2026-08-15,removed,51322344,,,Apartment,Modern|Spacious|Secure|Parking|wi-fi|Furnished,450.0,,,,BHD,monthly,,,,,,,,,,,26.219327926635742,50.579288482666016,,,,Mohammed Shaheem,,YES,,,,,https://www.propertyfinder.bh/en/plp/rent/apartment-for-rent-capital-governorate-manama-salmaniya-2PchKhZ32qe.html,2026-05-31T13:58:31.068517+00:00,2026-08-14T20:37:52.052197+00:00,75,2026-08-14T20:37:52.052197+00:00
2026-08-15,removed,51382217,,,Apartment,New | Luxury | Balcony | WiFi | Spacious,400.0,,,,BHD,monthly,,,,,,,,,,,26.21693992614746,50.57733154296875,,,,Mokhles Sayed ,,YES,,,,,https://www.propertyfinder.bh/en/plp/rent/apartment-for-rent-capital-governorate-manama-segaya-2Pg3g45fR0C.html,2026-05-31T13:58:31.068517+00:00,2026-08-14T20:37:52.052197+00:00,75,2026-08-14T20:37:52.052197+00:00
2026-08-15,removed,51557328,,,Villa,AMBASSADORIAL ● EXPANSIVE GARDEN ● PRIVATE POOL.,3000.0,,,,BHD,monthly,,,,,,,,,,,26.214487075805664,50.584754943847656,,,,Edna Maundu,,PARTLY,,,,,https://www.propertyfinder.bh/en/plp/rent/villa-for-rent-capital-governorate-manama-adliya-2Pqe4PrWWsy.html,2026-05-31T13:58:31.068517+00:00,2026-08-14T20:37:52.052197+00:00,75,2026-08-14T20:37:52.052197+00:00
2026-08-15,removed,51799825,,,Apartment,Balcony| Renovated | See View| Open kitchen,330.0,,,,BHD,monthly,,,,,,,,Amwaj Avenue,,,26.29302978515625,50.66474151611328,,,,Mokhles Sayed ,,YES,,,,,https://www.propertyfinder.bh/en/plp/rent/apartment-for-rent-muharraq-governorate-amwaj-islands-amwaj-avenue-2Q5KI4AH9BQ.html,2026-05-31T13:58:31.068517+00:00,2026-08-14T20:37:52.052197+00:00,75,2026-08-14T20:37:52.052197+00:00
2026-08-15,removed,51904544,,,Villa,DIRECT FROM OWNER | CORNER VILLA | 2 ROAD ACCESS .,128000.0,,,,BHD,sell,,,,,,,,,,,26.100860595703125,50.48801040649414,,,,Edna Maundu,,PARTLY,completed_primary,,,,https://www.propertyfinder.bh/en/plp/buy/villa-for-sale-northern-governorate-malkiyah-2QBprHaQRQu.html,2026-05-31T13:58:31.068517+00:00,2026-08-14T20:37:52.052197+00:00,75,2026-08-14T20:37:52.052197+00:00
2026-08-15,removed,51904776,,,Penthouse,UPGRADED - MODERN - PETS - INCLUSIV - BIG BALCONY.,850.0,,,,BHD,monthly,,,,,,,,,,,26.211111068725586,50.601112365722656,,,,Edna Maundu,,YES,,,,,https://www.propertyfinder.bh/en/plp/rent/penthouse-for-rent-capital-governorate-al-juffair-2QBvqWFMHjM.html,2026-05-31T13:58:31.068517+00:00,2026-08-14T20:37:52.052197+00:00,75,2026-08-14T20:37:52.052197+00:00
2026-08-15,removed,51904794,,,Apartment,UPGRADED - BALCONY - INCLUSIVE - NEW BATHROOMS,880.0,,,,BHD,monthly,,,,,,,,,,,26.239999771118164,50.5369987487793,,,,Edna Maundu,,YES,,,,,https://www.propertyfinder.bh/en/plp/rent/apartment-for-rent-capital-governorate-seef-2QBwAarIsIC.html,2026-05-31T13:58:31.068517+00:00,2026-08-14T20:37:52.052197+00:00,75,2026-08-14T20:37:52.052197+00:00
2026-08-15,removed,51904830,,,Penthouse,BEACH ACCESS |SPACIOUS | DUPLEX| TERRACE |SEA VIEW,1200.0,,,,BHD,monthly,,,,,,,,Tala Island,,,26.300025939941406,50.66316223144531,,,,Edna Maundu,,PARTLY,,,,,https://www.propertyfinder.bh/en/plp/rent/penthouse-for-rent-muharraq-governorate-amwaj-islands-tala-island-2QBx9KSnDYO.html,2026-05-31T13:58:31.068517+00:00,2026-08-14T20:37:52.052197+00:00,75,2026-08-14T20:37:52.052197+00:00
2026-08-15,removed,51904858,,,Penthouse,SkyVilla Duplex • 6BR • 3 Balconies • Beach Access,1700.0,,,,BHD,monthly,,,,,,,,Tala Island,,,26.300025939941406,50.66316223144531,,,,Edna Maundu,,YES,,,,,https://www.propertyfinder.bh/en/plp/rent/penthouse-for-rent-muharraq-governorate-amwaj-islands-tala-island-2QBydWyTkqO.html,2026-05-31T13:58:31.068517+00:00,2026-08-14T20:37:52.052197+00:00,75,2026-08-14T20:37:52.052197+00:00
2026-08-15,removed,51930643,,,Apartment,MODERN LAYOUT | WELL MAINTAINED | READY TO MOVE IN,500.0,,,,BHD,monthly,,,,,,,,Amwaj Marina,,,26.293058395385742,50.65943908691406,,,,Moueen Charfi,,YES,,,,,https://www.propertyfinder.bh/en/plp/rent/apartment-for-rent-muharraq-governorate-amwaj-islands-amwaj-marina-51930643.html,2026-05-31T13:58:31.068517+00:00,2026-08-14T20:37:52.052197+00:00,75,2026-08-14T20:37:52.052197+00:00
2026-08-15,removed,52012643,,,Apartment,SEA VIEW ULTRA LUXURY BRAND NEW UNIT PRIVATE BEACH,850.0,,,,BHD,monthly,,,,,,,,Diyar Al Muharraq,,,26.303447723388672,50.6461296081543,,,,Muhammad Sachal Khan Niazi,,YES,,,,,https://www.propertyfinder.bh/en/plp/rent/apartment-for-rent-muharraq-governorate-diyar-al-muharraq-marassi-al-bahrain-52012643.html,2026-06-09T13:03:47.398622+00:00,2026-08-14T20:37:52.052197+00:00,66,2026-08-14T20:37:52.052197+00:00
2026-08-15,removed,52143944,,,Apartment,BRAND NEW | HUGER TERRACE | LUXURY AND MODERN |,450.0,,,,BHD,monthly,,,,,,,,Sanabis,,,26.226558685302734,50.5459098815918,,,,Anza Khurram,,YES,,,,,https://www.propertyfinder.bh/en/plp/rent/apartment-for-rent-capital-governorate-manama-sanabis-52143944.html,2026-05-31T13:58:31.068517+00:00,2026-08-14T20:37:52.052197+00:00,75,2026-08-14T20:37:52.052197+00:00
2026-08-15,removed,52354524,,,Villa,Residential area | Near the sea | Services,142000.0,,,,BHD,sell,,,,,,,,,,,26.234378814697266,50.50168228149414,,,,Al Lagoon Real Estate ,,PARTLY,completed,,,,https://www.propertyfinder.bh/en/plp/buy/villa-for-sale-northern-governorate-jid-al-haj-52354524.html,2026-05-31T13:58:31.068517+00:00,2026-08-14T20:37:52.052197+00:00,75,2026-08-14T20:37:52.052197+00:00
2026-08-15,removed,52354740,,,Apartment,Close to the sea I services I quiet area,210.0,,,,BHD,monthly,,,,,,,,,,,26.21263313293457,50.67418670654297,,,,Al Lagoon Real Estate ,,YES,,,,,https://www.propertyfinder.bh/en/plp/rent/apartment-for-rent-muharraq-governorate-hidd-52354740.html,2026-05-31T13:58:31.068517+00:00,2026-08-14T20:37:52.052197+00:00,75,2026-08-14T20:37:52.052197+00:00
2026-08-15,removed,52381877,,,Apartment,"Spacious, sea view, full services, great value",400.0,,,,BHD,monthly,,,,,,,,,,,26.211111068725586,50.601112365722656,,,,MUSTAFA mohamed ,,YES,,,,,https://www.propertyfinder.bh/en/plp/rent/apartment-for-rent-capital-governorate-al-juffair-52381877.html,2026-05-31T13:58:31.068517+00:00,2026-08-14T20:37:52.052197+00:00,75,2026-08-14T20:37:52.052197+00:00
2026-08-15,removed,52570354,,,Apartment,2 Bedroom semi furnished in Al Maqsha entrance,200.0,,,,BHD,monthly,,,,,,,,,,,26.221059799194336,50.51625442504883,,,,Husain  Sadeq,,PARTLY,,,,,https://www.propertyfinder.bh/en/plp/rent/apartment-for-rent-northern-governorate-al-maqsha-52570354.html,2026-06-10T21:00:38.499992+00:00,2026-08-14T20:37:52.052197+00:00,64,2026-08-14T20:37:52.052197+00:00
2026-08-15,removed,52623883,,,Villa,Three Story Luxury Villa Pool  Gardan JD  -1611,850.0,,,,BHD,monthly,,,,,,,,North Riffa,,,26.143957138061523,50.547142028808594,,,,Domingos Pinto,,PARTLY,,,,,https://www.propertyfinder.bh/en/plp/rent/villa-for-rent-southern-governorate-riffa-north-riffa-52623883.html,2026-06-11T20:57:11.134489+00:00,2026-08-14T20:37:52.052197+00:00,63,2026-08-14T20:37:52.052197+00:00
2026-08-15,removed,52675973,,,Apartment,BRAND NEW 3BR + MAID | DIRECT SEA VIEW | BEACH,1100.0,,,,BHD,monthly,,,,,,,,Diyar Al Muharraq,,,26.303447723388672,50.6461296081543,,,,Muhammad Sachal Khan Niazi,,PARTLY,,,,,https://www.propertyfinder.bh/en/plp/rent/apartment-for-rent-muharraq-governorate-diyar-al-muharraq-marassi-al-bahrain-52675973.html,2026-06-08T20:53:00.490897+00:00,2026-08-14T20:37:52.052197+00:00,66,2026-08-14T20:37:52.052197+00:00
2026-08-15,removed,52726869,,,Apartment,5% Down Payment|Studio For Sale|7-years PP,113517.0,,,,BHD,sell,,,,,,,,Bahrain Financial Harbour,,,26.23778533935547,50.57342529296875,,,,H2H,,YES,completed,,,,https://www.propertyfinder.bh/en/plp/buy/apartment-for-sale-capital-governorate-manama-bahrain-financial-harbour-52726869.html,2026-05-31T13:58:31.068517+00:00,2026-08-14T20:37:52.052197+00:00,75,2026-08-14T20:37:52.052197+00:00
2026-08-15,removed,52727112,,,Villa,Villa 3 BHK For Rent | Close to Salmaniya Hospital,600.0,,,,BHD,monthly,,,,,,,,,,,26.219327926635742,50.579288482666016,,,,Katherine Chapman,,PARTLY,,,,,https://www.propertyfinder.bh/en/plp/rent/villa-for-rent-capital-governorate-manama-salmaniya-52727112.html,2026-05-31T13:58:31.068517+00:00,2026-08-14T20:37:52.052197+00:00,75,2026-08-14T20:37:52.052197+00:00
2026-08-15,removed,52727471,,,Apartment,"Prime area, spacious, family-friendly, good price.",250.0,,,,BHD,monthly,,,,,,,,,,,26.12916374206543,50.49860763549805,,,,MUSTAFA mohamed ,,NO,,,,,https://www.propertyfinder.bh/en/plp/rent/apartment-for-rent-northern-governorate-hamad-town-52727471.html,2026-05-31T13:58:31.068517+00:00,2026-08-14T20:37:52.052197+00:00,75,2026-08-14T20:37:52.052197+00:00
2026-08-15,removed,52752786,,,Apartment,UNLIMITED EWA | PRIME LOCATION | AFFORDABLE,330.0,,,,BHD,monthly,,,,,,,,,,,26.239999771118164,50.5369987487793,,,,Moueen Charfi,,YES,,,,,https://www.propertyfinder.bh/en/plp/rent/apartment-for-rent-capital-governorate-seef-52752786.html,2026-05-31T13:58:31.068517+00:00,2026-08-14T20:37:52.052197+00:00,75,2026-08-14T20:37:52.052197+00:00
2026-08-15,removed,52753790,,,Villa,"fully renovated, Good price, , quiet location",750.0,,,,BHD,monthly,,,,,,,,,,,26.27199935913086,50.60900115966797,,,,Abdulrahman Mohammed,,PARTLY,,,,,https://www.propertyfinder.bh/en/plp/rent/villa-for-rent-muharraq-governorate-busaiteen-52753790.html,2026-05-31T13:58:31.068517+00:00,2026-08-14T20:37:52.052197+00:00,75,2026-08-14T20:37:52.052197+00:00
2026-08-15,removed,52754282,,,Apartment,"Quiet area, near services, ideal for small familie",150.0,,,,BHD,monthly,,,,,,,,,,,26.130512237548828,50.55546569824219,,,,MOHAMED NADER,,NO,,,,,https://www.propertyfinder.bh/en/plp/rent/apartment-for-rent-southern-governorate-riffa-52754282.html,2026-05-31T13:58:31.068517+00:00,2026-08-14T20:37:52.052197+00:00,75,2026-08-14T20:37:52.052197+00:00
2026-08-15,removed,52754283,,,Apartment,"Suitable space, practical layout, ideal for small.",180.0,,,,BHD,monthly,,,,,,,,Alhajiyat,,,26.128984451293945,50.58171463012695,,,,MOHAMED NADER,,NO,,,,,https://www.propertyfinder.bh/en/plp/rent/apartment-for-rent-southern-governorate-riffa-alhajiyat-52754283.html,2026-05-31T13:58:31.068517+00:00,2026-08-14T20:37:52.052197+00:00,75,2026-08-14T20:37:52.052197+00:00
2026-08-15,removed,52805293,,,Apartment,RESORT LIFE STYLE | PRIVATE BEACH | MAIDS ROOM,700.0,,,,BHD,monthly,,,,,,,,Amwaj Avenue,,,26.29302978515625,50.66474151611328,,,,Muhammad Sachal Khan Niazi,,YES,,,,,https://www.propertyfinder.bh/en/plp/rent/apartment-for-rent-muharraq-governorate-amwaj-islands-amwaj-avenue-52805293.html,2026-06-08T20:53:00.490897+00:00,2026-08-14T20:37:52.052197+00:00,66,2026-08-14T20:37:52.052197+00:00
2026-08-15,removed,52854961,,,Apartment,VERY AFFORDABLE LAYOUT | READY TO MOVE IN,250.0,,,,BHD,monthly,,,,,,,,,,,26.211111068725586,50.601112365722656,,,,Moueen Charfi,,YES,,,,,https://www.propertyfinder.bh/en/plp/rent/apartment-for-rent-capital-governorate-al-juffair-52854961.html,2026-05-31T21:39:42.444738+00:00,2026-08-14T20:37:52.052197+00:00,74,2026-08-14T20:37:52.052197+00:00
2026-08-15,removed,52905395,,,Apartment,Inclusive | Quiet Area | Services available,260.0,,,,BHD,monthly,,,,,,,,Alhajiyat,,,26.128984451293945,50.58171463012695,,,,Al Lagoon Real Estate ,,NO,,,,,https://www.propertyfinder.bh/en/plp/rent/apartment-for-rent-southern-governorate-riffa-alhajiyat-52905395.html,2026-05-31T13:58:31.068517+00:00,2026-08-14T20:37:52.052197+00:00,75,2026-08-14T20:37:52.052197+00:00
2026-08-15,removed,52906054,,,Apartment,Large  | Quiet area | Services available,300.0,,,,BHD,monthly,,,,,,,,,,,26.19164276123047,50.48757553100586,,,,Al Lagoon Real Estate ,,PARTLY,,,,,https://www.propertyfinder.bh/en/plp/rent/apartment-for-rent-northern-governorate-saar-52906054.html,2026-05-31T13:58:31.068517+00:00,2026-08-14T20:37:52.052197+00:00,75,2026-08-14T20:37:52.052197+00:00
2026-08-15,removed,52931682,,,Apartment,Inclusive | Furnished | Quiet Area,230.0,,,,BHD,monthly,,,,,,,,,,,26.20975685119629,50.50579833984375,,,,Al Lagoon Real Estate ,,YES,,,,,https://www.propertyfinder.bh/en/plp/rent/apartment-for-rent-northern-governorate-shakhura-52931682.html,2026-05-31T13:58:31.068517+00:00,2026-08-14T20:37:52.052197+00:00,75,2026-08-14T20:37:52.052197+00:00
2026-08-15,removed,52957404,,,Apartment,New| Luxury | Maid Service| CPR Tax | 2 Balcony,400.0,,,,BHD,monthly,,,,,,,,,,,26.211111068725586,50.601112365722656,,,,Mokhles Sayed ,,YES,,,,,https://www.propertyfinder.bh/en/plp/rent/apartment-for-rent-capital-governorate-al-juffair-982779.html,2026-07-16T13:23:22.641531+00:00,2026-08-14T20:37:52.052197+00:00,29,2026-08-14T20:37:52.052197+00:00
2026-08-15,removed,53006676,,,Apartment,Exceptional Urban Living | Affordable,270.0,,,,BHD,monthly,,,,,,,,,,,26.211111068725586,50.601112365722656,,,,Mokhles Sayed ,,YES,,,,,https://www.propertyfinder.bh/en/plp/rent/apartment-for-rent-capital-governorate-al-juffair-53006676.html,2026-07-16T13:23:22.641531+00:00,2026-08-14T20:37:52.052197+00:00,29,2026-08-14T20:37:52.052197+00:00
2026-08-15,removed,53059491,,,Apartment,Modern|Spacious|Secure|Parking|wi-fi|Furnished,450.0,,,,BHD,monthly,,,,,,,,,,,26.219327926635742,50.579288482666016,,,,Mohammed Shaheem,,YES,,,,,https://www.propertyfinder.bh/en/plp/rent/apartment-for-rent-capital-governorate-manama-salmaniya-53059491.html,2026-05-31T13:58:31.068517+00:00,2026-08-14T20:37:52.052197+00:00,75,2026-08-14T20:37:52.052197+00:00
2026-08-15,removed,53059492,,,Apartment,LUXURY|HOUSEKEEPING|PARKING|SPACIOUS|WI-FI|GYM,500.0,,,,BHD,monthly,,,,,,,,,,,26.211111068725586,50.601112365722656,,,,Mohammed Shaheem,,YES,,,,,https://www.propertyfinder.bh/en/plp/rent/apartment-for-rent-capital-governorate-al-juffair-955973.html,2026-07-16T13:23:22.641531+00:00,2026-08-14T20:37:52.052197+00:00,29,2026-08-14T20:37:52.052197+00:00
2026-08-15,removed,53059522,,,Villa,Corner I quiet area I Services are available,110000.0,,,,BHD,sell,,,,,,,,,,,26.266666412353516,50.650001525878906,,,,Al Lagoon Real Estate ,,NO,completed,,,,https://www.propertyfinder.bh/en/plp/buy/villa-for-sale-muharraq-governorate-galali-53059522.html,2026-05-31T13:58:31.068517+00:00,2026-08-14T20:37:52.052197+00:00,75,2026-08-14T20:37:52.052197+00:00
2026-08-15,removed,53215381,,,Apartment,READY TO MOVE IN | WELL MAINTAINED | MODERN LAYOUT,300.0,,,,BHD,monthly,,,,,,,,,,,26.211111068725586,50.601112365722656,,,,Moueen Charfi,,YES,,,,,https://www.propertyfinder.bh/en/plp/rent/apartment-for-rent-capital-governorate-al-juffair-53215381.html,2026-05-31T13:58:31.068517+00:00,2026-08-14T20:37:52.052197+00:00,75,2026-08-14T20:37:52.052197+00:00
2026-08-15,removed,53215397,,,Apartment,FULLY RENOVATED | WELL MAINTAINED | MODERN,450.0,,,,BHD,monthly,,,,,,,,,,,26.211111068725586,50.601112365722656,,,,Moueen Charfi,,YES,,,,,https://www.propertyfinder.bh/en/plp/rent/apartment-for-rent-capital-governorate-al-juffair-53215397.html,2026-05-31T13:58:31.068517+00:00,2026-08-14T20:37:52.052197+00:00,75,2026-08-14T20:37:52.052197+00:00
2026-08-15,removed,53215428,,,Apartment,DUPLEX LAYOUT | VERY SPCIOUS & BRIGHT,450.0,,,,BHD,monthly,,,,,,,,,,,26.211111068725586,50.601112365722656,,,,Moueen Charfi,,YES,,,,,https://www.propertyfinder.bh/en/plp/rent/apartment-for-rent-capital-governorate-al-juffair-53215428.html,2026-05-31T13:58:31.068517+00:00,2026-08-14T20:37:52.052197+00:00,75,2026-08-14T20:37:52.052197+00:00
2026-08-15,removed,53215461,,,Apartment,SEA VIEW | MODERN AND SPECIOUS | READY TO MOVE IN,430.0,,,,BHD,monthly,,,,,,,,,,,26.211111068725586,50.601112365722656,,,,Moueen Charfi,,YES,,,,,https://www.propertyfinder.bh/en/plp/rent/apartment-for-rent-capital-governorate-al-juffair-53215461.html,2026-05-31T13:58:31.068517+00:00,2026-08-14T20:37:52.052197+00:00,75,2026-08-14T20:37:52.052197+00:00
2026-08-15,removed,53241562,,,Apartment,MODERN & ELEGENT | BALCONY | PRIME LOCATION,500.0,,,,BHD,monthly,,,,,,,,,,,26.211111068725586,50.601112365722656,,,,Moueen Charfi,,YES,,,,,https://www.propertyfinder.bh/en/plp/rent/apartment-for-rent-capital-governorate-al-juffair-53241562.html,2026-05-31T13:58:31.068517+00:00,2026-08-14T20:37:52.052197+00:00,75,2026-08-14T20:37:52.052197+00:00
2026-08-15,removed,53241623,,,Apartment,BRAND NEW | MODERN AND SPECIOUS | READY TO MOVE IN,450.0,,,,BHD,monthly,,,,,,,,,,,26.211111068725586,50.601112365722656,,,,Moueen Charfi,,YES,,,,,https://www.propertyfinder.bh/en/plp/rent/apartment-for-rent-capital-governorate-al-juffair-53241623.html,2026-05-31T13:58:31.068517+00:00,2026-08-14T20:37:52.052197+00:00,75,2026-08-14T20:37:52.052197+00:00
2026-08-15,removed,53241643,,,Apartment,VERY WELL MAINTAINED | BRIGHT AND MODERN,330.0,,,,BHD,monthly,,,,,,,,,,,26.211111068725586,50.601112365722656,,,,Moueen Charfi,,YES,,,,,https://www.propertyfinder.bh/en/plp/rent/apartment-for-rent-capital-governorate-al-juffair-53241643.html,2026-05-31T13:58:31.068517+00:00,2026-08-14T20:37:52.052197+00:00,75,2026-08-14T20:37:52.052197+00:00
2026-08-15,removed,53241757,,,Apartment,VERY WELL MAINTAINED | BRIGHT AND MODERN,350.0,,,,BHD,monthly,,,,,,,,,,,26.211111068725586,50.601112365722656,,,,Moueen Charfi,,YES,,,,,https://www.propertyfinder.bh/en/plp/rent/apartment-for-rent-capital-governorate-al-juffair-53241757.html,2026-05-31T13:58:31.068517+00:00,2026-08-14T20:37:52.052197+00:00,75,2026-08-14T20:37:52.052197+00:00
2026-08-15,removed,53377591,,,Apartment,Best Deal 3 BR All Ensuites See view 2 Parking,75000.0,,,,BHD,sell,,,,,,,,The Lagoon,,,26.287778854370117,50.66339111328125,,,,Muhammad Jahengir Akram,,PARTLY,completed,,,,https://www.propertyfinder.bh/en/plp/buy/apartment-for-sale-muharraq-governorate-amwaj-islands-the-lagoon-53377591.html,2026-05-31T13:58:31.068517+00:00,2026-08-14T20:37:52.052197+00:00,75,2026-08-14T20:37:52.052197+00:00
2026-08-15,removed,53460926,,,Penthouse,"Exceptional, Reduced to Sell, Immaculate, Views",215000.0,,,,BHD,sell,,,,,,,,,,,26.241750717163086,50.5663948059082,,,,Eva Gavin,,PARTLY,completed,,,,https://www.propertyfinder.bh/en/plp/buy/penthouse-for-sale-capital-governorate-reef-island-53460926.html,2026-05-31T13:58:31.068517+00:00,2026-08-14T20:37:52.052197+00:00,75,2026-08-14T20:37:52.052197+00:00
2026-08-15,removed,53461142,,,Villa,"Lush Gardens, Family Compound, Great Community",750.0,,,,BHD,monthly,,,,,,,,,,,26.229394912719727,50.48070526123047,,,,Eva Gavin,,PARTLY,,,,,https://www.propertyfinder.bh/en/plp/rent/villa-for-rent-northern-governorate-barbar-53461142.html,2026-05-31T13:58:31.068517+00:00,2026-08-14T20:37:52.052197+00:00,75,2026-08-14T20:37:52.052197+00:00
2026-08-15,removed,53488944,,,Villa,Single Storey Villa | | Maid room | Private Garden,900.0,,,,BHD,monthly,,,,,,,,,,,26.140336990356445,50.478271484375,,,,Abijeet    ,,PARTLY,,,,,https://www.propertyfinder.bh/en/plp/rent/villa-for-rent-northern-governorate-hamala-53488944.html,2026-05-31T13:58:31.068517+00:00,2026-08-14T20:37:52.052197+00:00,75,2026-08-14T20:37:52.052197+00:00
2026-08-15,removed,53490067,,,Apartment,2br apart with Beach access-2 years Payment plan,137000.0,,,,BHD,sell,,,,,,,,Diyar Al Muharraq,,,26.303447723388672,50.6461296081543,,,,Jasmine,,NO,completed,,,,https://www.propertyfinder.bh/en/plp/buy/apartment-for-sale-muharraq-governorate-diyar-al-muharraq-marassi-al-bahrain-53490067.html,2026-05-31T13:58:31.068517+00:00,2026-08-14T20:37:52.052197+00:00,75,2026-08-14T20:37:52.052197+00:00
2026-08-15,removed,53549181,,,Apartment,PETS ALLOWED STUDIO WITH BALCONY | POOL | GYM,245.0,,,,BHD,monthly,,,,,,,,Amwaj Homes,,,26.288480758666992,50.66381072998047,,,,Moueen Charfi,,YES,,,,,https://www.propertyfinder.bh/en/plp/rent/apartment-for-rent-muharraq-governorate-amwaj-islands-amwaj-homes-53549181.html,2026-05-31T13:58:31.068517+00:00,2026-08-14T20:37:52.052197+00:00,75,2026-08-14T20:37:52.052197+00:00
2026-08-15,removed,53574266,,,Apartment,MODERN AND STYLISH | LUXURIOUS APARTMENT,380.0,,,,BHD,monthly,,,,,,,,,,,26.239999771118164,50.5369987487793,,,,Moueen Charfi,,YES,,,,,https://www.propertyfinder.bh/en/plp/rent/apartment-for-rent-capital-governorate-seef-53574266.html,2026-05-31T13:58:31.068517+00:00,2026-08-14T20:37:52.052197+00:00,75,2026-08-14T20:37:52.052197+00:00
2026-08-15,removed,53574268,,,Apartment,VERY MODERN AND LUXURIOUS | ELEGENT APARTMENT,600.0,,,,BHD,monthly,,,,,,,,,,,26.239999771118164,50.5369987487793,,,,Moueen Charfi,,YES,,,,,https://www.propertyfinder.bh/en/plp/rent/apartment-for-rent-capital-governorate-seef-53574268.html,2026-05-31T13:58:31.068517+00:00,2026-08-14T20:37:52.052197+00:00,75,2026-08-14T20:37:52.052197+00:00
2026-08-15,removed,53574269,,,Apartment,MODERN | CITY VIEW | NEAR TO CITY CENTER,320.0,,,,BHD,monthly,,,,,,,,,,,26.239999771118164,50.5369987487793,,,,Moueen Charfi,,YES,,,,,https://www.propertyfinder.bh/en/plp/rent/apartment-for-rent-capital-governorate-seef-53574269.html,2026-05-31T13:58:31.068517+00:00,2026-08-14T20:37:52.052197+00:00,75,2026-08-14T20:37:52.052197+00:00
2026-08-15,removed,53574270,,,Apartment,MODERN & STYLISH | CITY AND SEAVIEW LAYOUT,380.0,,,,BHD,monthly,,,,,,,,,,,26.239999771118164,50.5369987487793,,,,Moueen Charfi,,YES,,,,,https://www.propertyfinder.bh/en/plp/rent/apartment-for-rent-capital-governorate-seef-53574270.html,2026-05-31T13:58:31.068517+00:00,2026-08-14T20:37:52.052197+00:00,75,2026-08-14T20:37:52.052197+00:00
2026-08-15,removed,53574271,,,Apartment,SEA VIEW | BRIGHT | MODERN | BALCONY | LUXURIOUS,320.0,,,,BHD,monthly,,,,,,,,,,,26.239999771118164,50.5369987487793,,,,Moueen Charfi,,YES,,,,,https://www.propertyfinder.bh/en/plp/rent/apartment-for-rent-capital-governorate-seef-53574271.html,2026-05-31T13:58:31.068517+00:00,2026-08-14T20:37:52.052197+00:00,75,2026-08-14T20:37:52.052197+00:00
2026-08-15,removed,53574273,,,Apartment,MODERN | SUNSET VIEW | READY TO MOVE IN,320.0,,,,BHD,monthly,,,,,,,,,,,26.211111068725586,50.601112365722656,,,,Moueen Charfi,,YES,,,,,https://www.propertyfinder.bh/en/plp/rent/apartment-for-rent-capital-governorate-al-juffair-53574273.html,2026-05-31T13:58:31.068517+00:00,2026-08-14T20:37:52.052197+00:00,75,2026-08-14T20:37:52.052197+00:00
2026-08-15,removed,53575454,,,Apartment,"Special Price, Close to Services, Furnished",350.0,,,,BHD,monthly,,,,,,,,,,,26.211111068725586,50.601112365722656,,,,Abdulrahman Mohammed,,YES,,,,,https://www.propertyfinder.bh/en/plp/rent/apartment-for-rent-capital-governorate-al-juffair-53575454.html,2026-05-31T13:58:31.068517+00:00,2026-08-14T20:37:52.052197+00:00,75,2026-08-14T20:37:52.052197+00:00
2026-08-15,removed,53628205,,,Apartment,HUGE SIZE | CITY VIEW | HUGE BALCONY | INCLUISVE |,500.0,,,,BHD,monthly,,,,,,,,Sanabis,,,26.226558685302734,50.5459098815918,,,,Anza Khurram,,YES,,,,,https://www.propertyfinder.bh/en/plp/rent/apartment-for-rent-capital-governorate-manama-sanabis-53628205.html,2026-05-31T13:58:31.068517+00:00,2026-08-14T20:37:52.052197+00:00,75,2026-08-14T20:37:52.052197+00:00
2026-08-15,removed,53628451,,,Apartment,"Calm Area, Great Price, Sear Services, Practical",120.0,,,,BHD,monthly,,,,,,,,Riffa Al Sharqi,,,26.1162166595459,50.57211685180664,,,,MUSTAFA mohamed ,,NO,,,,,https://www.propertyfinder.bh/en/plp/rent/apartment-for-rent-southern-governorate-riffa-riffa-al-sharqi-53628451.html,2026-05-31T13:58:31.068517+00:00,2026-08-14T20:37:52.052197+00:00,75,2026-08-14T20:37:52.052197+00:00
2026-08-15,removed,53681575,,,Apartment,"Quiet Area, Spacious, Prime Location, Good Price",120.0,,,,BHD,monthly,,,,,,,,,,,26.25605010986328,50.60966491699219,,,,MUSTAFA mohamed ,,NO,,,,,https://www.propertyfinder.bh/en/plp/rent/apartment-for-rent-northern-governorate-bani-jamra-53681575.html,2026-05-31T13:58:31.068517+00:00,2026-08-14T20:37:52.052197+00:00,75,2026-08-14T20:37:52.052197+00:00
2026-08-15,removed,53681581,,,Apartment,"2BHK, Modern, Prime Location, Close to Services",180.0,,,,BHD,monthly,,,,,,,,,,,26.221059799194336,50.51625442504883,,,,MUSTAFA mohamed ,,NO,,,,,https://www.propertyfinder.bh/en/plp/rent/apartment-for-rent-northern-governorate-al-maqsha-53681581.html,2026-05-31T13:58:31.068517+00:00,2026-08-14T20:37:52.052197+00:00,75,2026-08-14T20:37:52.052197+00:00
2026-08-15,removed,53681584,,,Apartment,"Prime Location, Balcony Gym, Fully furnished, 2BHK",350.0,,,,BHD,monthly,,,,,,,,,,,26.211111068725586,50.601112365722656,,,,MOHAMED NADER,,YES,,,,,https://www.propertyfinder.bh/en/plp/rent/apartment-for-rent-capital-governorate-al-juffair-53681584.html,2026-05-31T13:58:31.068517+00:00,2026-08-14T20:37:52.052197+00:00,75,2026-08-14T20:37:52.052197+00:00
2026-08-15,removed,53681853,,,Penthouse,PANORAMIC PENTHOUSE| SPACIOUS| ELEGANT,1300.0,,,,BHD,monthly,,,,,,,,Amwaj Marina,,,26.293058395385742,50.65943908691406,,,,Moueen Charfi,,YES,,,,,https://www.propertyfinder.bh/en/plp/rent/penthouse-for-rent-muharraq-governorate-amwaj-islands-amwaj-marina-53681853.html,2026-05-31T13:58:31.068517+00:00,2026-08-14T20:37:52.052197+00:00,75,2026-08-14T20:37:52.052197+00:00
2026-08-15,removed,53708916,,,Apartment,BEAUTIFUL SEA VIEW | VERY COZY & ELEGENT STUDIO,300.0,,,,BHD,monthly,,,,,,,,,,,26.239999771118164,50.5369987487793,,,,Moueen Charfi,,YES,,,,,https://www.propertyfinder.bh/en/plp/rent/apartment-for-rent-capital-governorate-seef-53708916.html,2026-05-31T13:58:31.068517+00:00,2026-08-14T20:37:52.052197+00:00,75,2026-08-14T20:37:52.052197+00:00
2026-08-15,removed,53708920,,,Apartment,MODERN & ELEGENT | WELL MAINTAINED | COZY LAYOUT,375.0,,,,BHD,monthly,,,,,,,,Amwaj Avenue,,,26.29302978515625,50.66474151611328,,,,Moueen Charfi,,YES,,,,,https://www.propertyfinder.bh/en/plp/rent/apartment-for-rent-muharraq-governorate-amwaj-islands-amwaj-avenue-53708920.html,2026-05-31T13:58:31.068517+00:00,2026-08-14T20:37:52.052197+00:00,75,2026-08-14T20:37:52.052197+00:00
2026-08-15,removed,53708923,,,Apartment,BRIGHT | MODERN | HIGH FLOOR | LAGOON VIEW,400.0,,,,BHD,monthly,,,,,,,,The Lagoon,,,26.287778854370117,50.66339111328125,,,,Moueen Charfi,,YES,,,,,https://www.propertyfinder.bh/en/plp/rent/apartment-for-rent-muharraq-governorate-amwaj-islands-the-lagoon-53708923.html,2026-05-31T13:58:31.068517+00:00,2026-08-14T20:37:52.052197+00:00,75,2026-08-14T20:37:52.052197+00:00
2026-08-15,removed,53708927,,,Villa,MODERN & STYLISH | READY TO MOVE IN,750.0,,,,BHD,monthly,,,,,,,,Amwaj Marina,,,26.293058395385742,50.65943908691406,,,,Moueen Charfi,,YES,,,,,https://www.propertyfinder.bh/en/plp/rent/villa-for-rent-muharraq-governorate-amwaj-islands-amwaj-marina-53708927.html,2026-05-31T13:58:31.068517+00:00,2026-08-14T20:37:52.052197+00:00,75,2026-08-14T20:37:52.052197+00:00
2026-08-15,removed,53710318,,,Apartment,Big Terrace With Breathtaking Sea Views l Elegant,475.0,,,,BHD,monthly,,,,,,,,Amwaj Avenue,,,26.29302978515625,50.66474151611328,,,,Sadik Ali,,YES,,,,,https://www.propertyfinder.bh/en/plp/rent/apartment-for-rent-muharraq-governorate-amwaj-islands-amwaj-avenue-53710318.html,2026-05-31T13:58:31.068517+00:00,2026-08-14T20:37:52.052197+00:00,75,2026-08-14T20:37:52.052197+00:00
2026-08-15,removed,53737988,,,Apartment,VERY SEPCIOUS | BRIGHT WITH BEAUTIFUL VIEW,900.0,,,,BHD,monthly,,,,,,,,Amwaj Marina,,,26.293058395385742,50.65943908691406,,,,Moueen Charfi,,YES,,,,,https://www.propertyfinder.bh/en/plp/rent/apartment-for-rent-muharraq-governorate-amwaj-islands-amwaj-marina-53737988.html,2026-05-31T13:58:31.068517+00:00,2026-08-14T20:37:52.052197+00:00,75,2026-08-14T20:37:52.052197+00:00
2026-08-15,removed,53737995,,,Apartment,MODERN | BRIGHT | READY TO MOVE IN,400.0,,,,BHD,monthly,,,,,,,,The Lagoon,,,26.287778854370117,50.66339111328125,,,,Moueen Charfi,,YES,,,,,https://www.propertyfinder.bh/en/plp/rent/apartment-for-rent-muharraq-governorate-amwaj-islands-the-lagoon-53737995.html,2026-05-31T13:58:31.068517+00:00,2026-08-14T20:37:52.052197+00:00,75,2026-08-14T20:37:52.052197+00:00
2026-08-15,removed,53792276,,,Apartment,FULLY RENOVATED | BRAND NEW MODERN DUPLEX,1200.0,,,,BHD,monthly,,,,,,,,,,,26.211111068725586,50.601112365722656,,,,Moueen Charfi,,YES,,,,,https://www.propertyfinder.bh/en/plp/rent/apartment-for-rent-capital-governorate-al-juffair-53792276.html,2026-05-31T13:58:31.068517+00:00,2026-08-14T20:37:52.052197+00:00,75,2026-08-14T20:37:52.052197+00:00
2026-08-15,removed,53792277,,,Apartment,PRIME LOCATION | FAMILY BLDG | READY TO MOVE IN,350.0,,,,BHD,monthly,,,,,,,,,,,26.211111068725586,50.601112365722656,,,,Moueen Charfi,,YES,,,,,https://www.propertyfinder.bh/en/plp/rent/apartment-for-rent-capital-governorate-al-juffair-53792277.html,2026-05-31T13:58:31.068517+00:00,2026-08-14T20:37:52.052197+00:00,75,2026-08-14T20:37:52.052197+00:00
2026-08-15,removed,53792279,,,Apartment,BRAND NEW | MODERN | VERY COZY LAYOUT,480.0,,,,BHD,monthly,,,,,,,,,,,26.211111068725586,50.601112365722656,,,,Moueen Charfi,,YES,,,,,https://www.propertyfinder.bh/en/plp/rent/apartment-for-rent-capital-governorate-al-juffair-53792279.html,2026-05-31T13:58:31.068517+00:00,2026-08-14T20:37:52.052197+00:00,75,2026-08-14T20:37:52.052197+00:00
2026-08-15,removed,53793490,,,Apartment,IDEAL SPACE- RELAXATION AND SOFISTICATION ALL IN,500.0,,,,BHD,monthly,,,,,,,,Abraj Al Lulu,,,26.230030059814453,50.55890655517578,,,,Reina San Pascual,,YES,,,,,https://www.propertyfinder.bh/en/plp/rent/apartment-for-rent-capital-governorate-manama-abraj-al-lulu-53793490.html,2026-05-31T13:58:31.068517+00:00,2026-08-14T20:37:52.052197+00:00,75,2026-08-14T20:37:52.052197+00:00
2026-08-15,removed,53794361,,,Villa,SPECIOUS DOULE STORY VILLA WITH CLOSE KITCHEN,550.0,,,,BHD,monthly,,,,,,,,,,,26.20176887512207,50.53025436401367,,,,Aysha Adil,,PARTLY,,,,,https://www.propertyfinder.bh/en/plp/rent/villa-for-rent-northern-governorate-sehla-53794361.html,2026-05-31T13:58:31.068517+00:00,2026-08-14T20:37:52.052197+00:00,75,2026-08-14T20:37:52.052197+00:00
2026-08-15,removed,53821685,,,Apartment,Premium | Very Spacious| Pets Friendly | Maid Room,1050.0,,,,BHD,monthly,,,,,,,,Amwaj Avenue,,,26.29302978515625,50.66474151611328,,,,Sadik Ali,,YES,,,,,https://www.propertyfinder.bh/en/plp/rent/apartment-for-rent-muharraq-governorate-amwaj-islands-amwaj-avenue-53821685.html,2026-05-31T13:58:31.068517+00:00,2026-08-14T20:37:52.052197+00:00,75,2026-08-14T20:37:52.052197+00:00
2026-08-15,removed,53821690,,,Apartment,Stylish | Balconies | Pets Friendly | Inclusive,350.0,,,,BHD,monthly,,,,,,,,Amwaj Avenue,,,26.29302978515625,50.66474151611328,,,,Sadik Ali,,YES,,,,,https://www.propertyfinder.bh/en/plp/rent/apartment-for-rent-muharraq-governorate-amwaj-islands-amwaj-avenue-53821690.html,2026-05-31T13:58:31.068517+00:00,2026-08-14T20:37:52.052197+00:00,75,2026-08-14T20:37:52.052197+00:00
2026-08-15,removed,53821731,,,Apartment,Stylish | Modern | High Floor | Great Facilities,450.0,,,,BHD,monthly,,,,,,,,Amwaj Avenue,,,26.29302978515625,50.66474151611328,,,,Sadik Ali,,YES,,,,,https://www.propertyfinder.bh/en/plp/rent/apartment-for-rent-muharraq-governorate-amwaj-islands-amwaj-avenue-53821731.html,2026-05-31T13:58:31.068517+00:00,2026-08-14T20:37:52.052197+00:00,75,2026-08-14T20:37:52.052197+00:00
2026-08-15,removed,53821740,,,Villa,Spacious Villa | Private Pool | Balconies | Navy,900.0,,,,BHD,monthly,,,,,,,,,,,26.25,50.650001525878906,,,,Sadik Ali,,YES,,,,,https://www.propertyfinder.bh/en/plp/rent/villa-for-rent-muharraq-governorate-arad-53821740.html,2026-05-31T13:58:31.068517+00:00,2026-08-14T20:37:52.052197+00:00,75,2026-08-14T20:37:52.052197+00:00
2026-08-15,removed,53821832,,,Apartment,Biggest layout in Amwaj | Sea View| Wide Balconies,850.0,,,,BHD,monthly,,,,,,,,Amwaj Avenue,,,26.29302978515625,50.66474151611328,,,,Sadik Ali,,YES,,,,,https://www.propertyfinder.bh/en/plp/rent/apartment-for-rent-muharraq-governorate-amwaj-islands-amwaj-avenue-53821832.html,2026-05-31T13:58:31.068517+00:00,2026-08-14T20:37:52.052197+00:00,75,2026-08-14T20:37:52.052197+00:00
2026-08-15,removed,53821838,,,Apartment,Refined Comfort l Maid Room l Spacious Balcony,600.0,,,,BHD,monthly,,,,,,,,Amwaj Avenue,,,26.29302978515625,50.66474151611328,,,,Sadik Ali,,YES,,,,,https://www.propertyfinder.bh/en/plp/rent/apartment-for-rent-muharraq-governorate-amwaj-islands-amwaj-avenue-53821838.html,2026-05-31T13:58:31.068517+00:00,2026-08-14T20:37:52.052197+00:00,75,2026-08-14T20:37:52.052197+00:00
2026-08-15,removed,53906708,,,Villa,Prestigious Compound  |  Perfect for Families !,950.0,,,,BHD,monthly,,,,,,,,,,,26.207910537719727,50.587345123291016,,,,Abijeet    ,,PARTLY,,,,,https://www.propertyfinder.bh/en/plp/rent/villa-for-rent-capital-governorate-manama-mahooz-53906708.html,2026-05-31T13:58:31.068517+00:00,2026-08-14T20:37:52.052197+00:00,75,2026-08-14T20:37:52.052197+00:00
2026-08-15,removed,53987137,,,Apartment,Private Beach Access | Sea View | All Inclusive,750.0,,,,BHD,monthly,,,,,,,,Amwaj Avenue,,,26.29302978515625,50.66474151611328,,,,Sadik Ali,,YES,,,,,https://www.propertyfinder.bh/en/plp/rent/apartment-for-rent-muharraq-governorate-amwaj-islands-amwaj-avenue-53987137.html,2026-05-31T13:58:31.068517+00:00,2026-08-14T20:37:52.052197+00:00,75,2026-08-14T20:37:52.052197+00:00
2026-08-15,removed,54014812,,,Villa,5 bedroom villa | pool | elevator and jacuz,1350.0,,,,BHD,monthly,,,,,,,,Amwaj Avenue,,,26.29302978515625,50.66474151611328,,,,Linda Mehdi,,YES,,,,,https://www.propertyfinder.bh/en/plp/rent/villa-for-rent-muharraq-governorate-amwaj-islands-amwaj-avenue-54014812.html,2026-06-02T00:10:52.106132+00:00,2026-08-14T20:37:52.052197+00:00,73,2026-08-14T20:37:52.052197+00:00
2026-08-15,removed,54151137,,,Apartment,WELL MAINTAINED | READY TO MOVE IN | MODERN,450.0,,,,BHD,monthly,,,,,,,,Amwaj Avenue,,,26.29302978515625,50.66474151611328,,,,Moueen Charfi,,YES,,,,,https://www.propertyfinder.bh/en/plp/rent/apartment-for-rent-muharraq-governorate-amwaj-islands-amwaj-avenue-54151137.html,2026-06-06T12:27:28.042901+00:00,2026-08-14T20:37:52.052197+00:00,69,2026-08-14T20:37:52.052197+00:00
2026-08-15,removed,54151202,,,Apartment,VERY COZY | WELL MAINTAINED | READY TO MOVE IN,250.0,,,,BHD,monthly,,,,,,,,,,,26.27199935913086,50.60900115966797,,,,Moueen Charfi,,YES,,,,,https://www.propertyfinder.bh/en/plp/rent/apartment-for-rent-muharraq-governorate-busaiteen-54151202.html,2026-06-06T12:27:28.042901+00:00,2026-08-14T20:37:52.052197+00:00,69,2026-08-14T20:37:52.052197+00:00
2026-08-15,removed,54205611,,,Apartment,SUPER LUXURIOUS | SEA VIEW | PREMIUM LAYOUT,800.0,,,,BHD,monthly,,,,,,,,,,,26.249584197998047,50.580360412597656,,,,Moueen Charfi,,YES,,,,,https://www.propertyfinder.bh/en/plp/rent/apartment-for-rent-capital-governorate-bahrain-bay-54205611.html,2026-06-07T23:49:43.471320+00:00,2026-08-14T20:37:52.052197+00:00,67,2026-08-14T20:37:52.052197+00:00
2026-08-15,removed,54206377,,,Apartment,Brand New Luxury 2BR | Fully Furnished | Balcony,480.0,,,,BHD,monthly,,,,,,,,,,,26.211111068725586,50.601112365722656,,,,Soha Younes,,YES,,,,,https://www.propertyfinder.bh/en/plp/rent/apartment-for-rent-capital-governorate-al-juffair-54206377.html,2026-06-08T09:36:29.074314+00:00,2026-08-14T20:37:52.052197+00:00,67,2026-08-14T20:37:52.052197+00:00
2026-08-15,removed,54207421,,,Villa,BRAND NEW | IDEAL LOCATION | POOL | MAID ROOM,1250.0,,,,BHD,monthly,,,,,,,,,,,26.19164276123047,50.48757553100586,,,,Usman Ali,,PARTLY,,,,,https://www.propertyfinder.bh/en/plp/rent/villa-for-rent-northern-governorate-saar-54207421.html,2026-06-08T17:06:50.071313+00:00,2026-08-14T20:37:52.052197+00:00,67,2026-08-14T20:37:52.052197+00:00
2026-08-15,removed,54235149,,,Villa,Single Storey | Private Pool | Garden | Maid room,1100.0,,,,BHD,monthly,,,,,,,,,,,26.19164276123047,50.48757553100586,,,,Abijeet    ,,PARTLY,,,,,https://www.propertyfinder.bh/en/plp/rent/villa-for-rent-northern-governorate-saar-54235149.html,2026-06-09T20:48:20.669724+00:00,2026-08-14T20:37:52.052197+00:00,65,2026-08-14T20:37:52.052197+00:00
2026-08-15,removed,54289046,,,Apartment,Very Spacious | Full Sea View | Balconies | Navy,750.0,,,,BHD,monthly,,,,,,,,Amwaj Avenue,,,26.29302978515625,50.66474151611328,,,,Sadik Ali,,YES,,,,,https://www.propertyfinder.bh/en/plp/rent/apartment-for-rent-muharraq-governorate-amwaj-islands-amwaj-avenue-54289046.html,2026-06-11T20:57:11.134489+00:00,2026-08-14T20:37:52.052197+00:00,63,2026-08-14T20:37:52.052197+00:00
2026-08-15,removed,54289059,,,Apartment,Premium Luxury | High-End Comfort | Top Facilities,550.0,,,,BHD,monthly,,,,,,,,,,,26.214487075805664,50.584754943847656,,,,Abijeet    ,,YES,,,,,https://www.propertyfinder.bh/en/plp/rent/apartment-for-rent-capital-governorate-manama-adliya-54289059.html,2026-06-11T20:57:11.134489+00:00,2026-08-14T20:37:52.052197+00:00,63,2026-08-14T20:37:52.052197+00:00
2026-08-15,removed,54396747,,,Penthouse,Sky-High Luxury | Panoramic Views | Beach Access.,1600.0,,,,BHD,monthly,,,,,,,,,,,26.239999771118164,50.5369987487793,,,,Edna Maundu,,YES,,,,,https://www.propertyfinder.bh/en/plp/rent/penthouse-for-rent-capital-governorate-seef-54396747.html,2026-06-15T21:06:46.439420+00:00,2026-08-14T20:37:52.052197+00:00,59,2026-08-14T20:37:52.052197+00:00
2026-08-15,removed,54397822,,,Villa,Inclusive | Luxurious | Quiet area |great location,800.0,,,,BHD,monthly,,,,,,,,Diyar Al Muharraq,Al Qamra,,26.31142234802246,50.64306640625,,,,Maria Abdulaziz,,PARTLY,,,,,https://www.propertyfinder.bh/en/plp/rent/villa-for-rent-muharraq-governorate-diyar-al-muharraq-al-qamra-54397822.html,2026-06-15T21:06:46.439420+00:00,2026-08-14T20:37:52.052197+00:00,59,2026-08-14T20:37:52.052197+00:00
2026-08-15,removed,54397823,,,Villa,Beautiful Brand-New Villa | Spacious & Bright,800.0,,,,BHD,monthly,,,,,,,,Diyar Al Muharraq,Al Qamra,,26.31142234802246,50.64306640625,,,,Maria Abdulaziz,,PARTLY,,,,,https://www.propertyfinder.bh/en/plp/rent/villa-for-rent-muharraq-governorate-diyar-al-muharraq-al-qamra-54397823.html,2026-06-15T21:06:46.439420+00:00,2026-08-14T20:37:52.052197+00:00,59,2026-08-14T20:37:52.052197+00:00
2026-08-15,removed,54397828,,,Villa,Hot Deal | Spacious 4BR Villa | Great Location,800.0,,,,BHD,monthly,,,,,,,,Diyar Al Muharraq,Al Qamra,,26.31142234802246,50.64306640625,,,,Abdulrahman Mahmoud Ahmed Mohamed,,PARTLY,,,,,https://www.propertyfinder.bh/en/plp/rent/villa-for-rent-muharraq-governorate-diyar-al-muharraq-al-qamra-54397828.html,2026-06-15T21:06:46.439420+00:00,2026-08-14T20:37:52.052197+00:00,59,2026-08-14T20:37:52.052197+00:00
2026-08-15,removed,54397829,,,Villa,Brand New | Luxury |2 Story INCLUSIVE,800.0,,,,BHD,monthly,,,,,,,,Diyar Al Muharraq,Al Sidra,,26.31142234802246,50.64306640625,,,,Abdulrahman Mahmoud Ahmed Mohamed,,PARTLY,,,,,https://www.propertyfinder.bh/en/plp/rent/villa-for-rent-muharraq-governorate-diyar-al-muharraq-al-sidra-54397829.html,2026-06-15T21:06:46.439420+00:00,2026-08-14T20:37:52.052197+00:00,59,2026-08-14T20:37:52.052197+00:00
2026-08-15,removed,54397831,,,Villa,Inclusive | Luxurious | Quiet area |great location,800.0,,,,BHD,monthly,,,,,,,,Diyar Al Muharraq,Al Qamra,,26.31142234802246,50.64306640625,,,,Abdulrahman Mahmoud Ahmed Mohamed,,PARTLY,,,,,https://www.propertyfinder.bh/en/plp/rent/villa-for-rent-muharraq-governorate-diyar-al-muharraq-al-qamra-54397831.html,2026-06-15T21:06:46.439420+00:00,2026-08-14T20:37:52.052197+00:00,59,2026-08-14T20:37:52.052197+00:00
2026-08-15,removed,54397835,,,Villa,Spacious 4BR Villa | Fully Equipped | Brand New,800.0,,,,BHD,monthly,,,,,,,,Diyar Al Muharraq,Al Sidra,,26.31142234802246,50.64306640625,,,,Beshoy Milad,,PARTLY,,,,,https://www.propertyfinder.bh/en/plp/rent/villa-for-rent-muharraq-governorate-diyar-al-muharraq-al-sidra-54397835.html,2026-06-15T21:06:46.439420+00:00,2026-08-14T20:37:52.052197+00:00,59,2026-08-14T20:37:52.052197+00:00
2026-08-15,removed,54397841,,,Villa,Spacious 4BR Villa | Fully Equipped | Brand New,800.0,,,,BHD,monthly,,,,,,,,Diyar Al Muharraq,Al Sidra,,26.31142234802246,50.64306640625,,,,Beshoy Milad,,PARTLY,,,,,https://www.propertyfinder.bh/en/plp/rent/villa-for-rent-muharraq-governorate-diyar-al-muharraq-al-sidra-54397841.html,2026-06-15T21:06:46.439420+00:00,2026-08-14T20:37:52.052197+00:00,59,2026-08-14T20:37:52.052197+00:00
2026-08-15,removed,54397842,,,Villa,Elegant 4BR Villa + Maid Room | Prime Community,850.0,,,,BHD,monthly,,,,,,,,Diyar Al Muharraq,Al Sidra,,26.31142234802246,50.64306640625,,,,Beshoy Milad,,PARTLY,,,,,https://www.propertyfinder.bh/en/plp/rent/villa-for-rent-muharraq-governorate-diyar-al-muharraq-al-sidra-54397842.html,2026-06-15T21:06:46.439420+00:00,2026-08-14T20:37:52.052197+00:00,59,2026-08-14T20:37:52.052197+00:00
2026-08-15,removed,54397843,,,Villa,Elegant 4BR Villa + Maid Room | Prime Community,850.0,,,,BHD,monthly,,,,,,,,Diyar Al Muharraq,Al Sidra,,26.31142234802246,50.64306640625,,,,Beshoy Milad,,PARTLY,,,,,https://www.propertyfinder.bh/en/plp/rent/villa-for-rent-muharraq-governorate-diyar-al-muharraq-al-sidra-54397843.html,2026-06-15T21:06:46.439420+00:00,2026-08-14T20:37:52.052197+00:00,59,2026-08-14T20:37:52.052197+00:00
2026-08-15,removed,54397866,,,Apartment,LUXURY BEACH AND SEA VIBES| FREE HOLD |BIG BALCONY,88000.0,,,,BHD,sell,,,,,,,,,,,26.241750717163086,50.5663948059082,,,,Anza Khurram,,YES,completed,,,,https://www.propertyfinder.bh/en/plp/buy/apartment-for-sale-capital-governorate-reef-island-54397866.html,2026-06-15T21:06:46.439420+00:00,2026-08-14T20:37:52.052197+00:00,59,2026-08-14T20:37:52.052197+00:00
2026-08-15,removed,54397878,,,Retail,Sitra Service Station - Spacious Drive-thru Units,2500.0,,,,BHD,monthly,,,,,,,,,,,26.162988662719727,50.6124267578125,,,,Mohamed Baqer,,NO,,,,,https://www.propertyfinder.bh/en/plp/commercial-rent/retail-for-rent-central-governorate-sitra-54397878.html,2026-06-15T21:06:46.439420+00:00,2026-08-14T20:37:52.052197+00:00,59,2026-08-14T20:37:52.052197+00:00
2026-08-15,removed,54397881,,,Shop,Sitra Service Station - Spacious Retail Shops,600.0,,,,BHD,monthly,,,,,,,,,,,26.162988662719727,50.6124267578125,,,,Mohamed Baqer,,NO,,,,,https://www.propertyfinder.bh/en/plp/commercial-rent/shop-for-rent-central-governorate-sitra-54397881.html,2026-06-15T21:06:46.439420+00:00,2026-08-14T20:37:52.052197+00:00,59,2026-08-14T20:37:52.052197+00:00
2026-08-15,removed,54397937,,,Villa,Brand New Residential Villa for Sale in Al Sayyah,132000.0,,,,BHD,sell,,,,,,,,,,,26.27199935913086,50.60900115966797,,,,Violeta Abboud,,NO,completed_primary,,,,https://www.propertyfinder.bh/en/plp/buy/villa-for-sale-muharraq-governorate-busaiteen-54397937.html,2026-06-15T21:06:46.439420+00:00,2026-08-14T20:37:52.052197+00:00,59,2026-08-14T20:37:52.052197+00:00
2026-08-15,removed,54397939,,,Land,Prime Residential Plot in Mozoon - RA Classified,116000.0,,,,BHD,sell,,,,,,,,Diyar Al Muharraq,Mozoon,,26.31910514831543,50.63341522216797,,,,Violeta Abboud,,,,,,,https://www.propertyfinder.bh/en/plp/buy/land-for-sale-muharraq-governorate-diyar-al-muharraq-mozoon-54397939.html,2026-06-15T21:06:46.439420+00:00,2026-08-14T20:37:52.052197+00:00,59,2026-08-14T20:37:52.052197+00:00
2026-08-15,removed,54397967,,,Apartment,LUXURY LIVING| HIGH ROI |BEACH ACCESS|PAYMENT PLAN,160000.0,,,,BHD,sell,,,,,,,,Diyar Al Muharraq,,,26.303447723388672,50.6461296081543,,,,Katherine Chapman,,YES,completed,,,,https://www.propertyfinder.bh/en/plp/buy/apartment-for-sale-muharraq-governorate-diyar-al-muharraq-marassi-al-bahrain-54397967.html,2026-06-15T21:06:46.439420+00:00,2026-08-14T20:37:52.052197+00:00,59,2026-08-14T20:37:52.052197+00:00
2026-08-15,removed,54397993,,,Compound,Al Mohammedia Garden (Al Mahooz),900.0,,,,BHD,monthly,,,,,,,,,,,26.207910537719727,50.587345123291016,,,,Mohamed Baqer,,PARTLY,,,,,https://www.propertyfinder.bh/en/plp/rent/compound-for-rent-capital-governorate-manama-mahooz-54397993.html,2026-06-15T21:06:46.439420+00:00,2026-08-14T20:37:52.052197+00:00,59,2026-08-14T20:37:52.052197+00:00
2026-08-15,removed,54398399,,,Villa,HOT DEAL | SMALL BUNGALOW | PRIME LOCATION,375.0,,,,BHD,monthly,,,,,,,,,,,26.214487075805664,50.584754943847656,,,,Anza Khurram,,PARTLY,,,,,https://www.propertyfinder.bh/en/plp/rent/villa-for-rent-capital-governorate-manama-adliya-54398399.html,2026-06-15T21:06:46.439420+00:00,2026-08-14T20:37:52.052197+00:00,59,2026-08-14T20:37:52.052197+00:00
2026-08-15,removed,54398461,,,Apartment,MODERN | 1 BEDROOM | BALCONY | FACILITIES | BURHAM,300.0,,,,BHD,monthly,,,,,,,,,,,26.21672821044922,50.55367660522461,,,,Julius Sibal,,YES,,,,,https://www.propertyfinder.bh/en/plp/rent/apartment-for-rent-capital-governorate-manama-al-burhama-54398461.html,2026-06-18T20:57:37.279688+00:00,2026-08-14T20:37:52.052197+00:00,56,2026-08-14T20:37:52.052197+00:00
2026-08-15,removed,54398477,,,Apartment,ELEGANT | 1 BEDROOM | SPACIOUS | BURHAMA,300.0,,,,BHD,monthly,,,,,,,,,,,26.21672821044922,50.55367660522461,,,,Julius Sibal,,YES,,,,,https://www.propertyfinder.bh/en/plp/rent/apartment-for-rent-capital-governorate-manama-al-burhama-54398477.html,2026-06-18T20:57:37.279688+00:00,2026-08-14T20:37:52.052197+00:00,56,2026-08-14T20:37:52.052197+00:00
2026-08-15,removed,54398509,,,Apartment,Only one left |Best Price | Spacious | Family Home,450.0,,,,BHD,monthly,,,,,,,,,,,26.239999771118164,50.5369987487793,,,,ElMehdi Rhora,,YES,,,,,https://www.propertyfinder.bh/en/plp/rent/apartment-for-rent-capital-governorate-seef-54398509.html,2026-06-15T21:06:46.439420+00:00,2026-08-14T20:37:52.052197+00:00,59,2026-08-14T20:37:52.052197+00:00
2026-08-15,removed,54398510,,,Apartment,Renovated - High Floor - Prime Location,400.0,,,,BHD,monthly,,,,,,,,,,,26.239999771118164,50.5369987487793,,,,ElMehdi Rhora,,YES,,,,,https://www.propertyfinder.bh/en/plp/rent/apartment-for-rent-capital-governorate-seef-54398510.html,2026-06-15T21:06:46.439420+00:00,2026-08-14T20:37:52.052197+00:00,59,2026-08-14T20:37:52.052197+00:00
2026-08-15,removed,54398515,,,Apartment,CITY VIEW | BALCONY | STYLISH | PRIME LOCATION,380.0,,,,BHD,monthly,,,,,,,,,,,26.239999771118164,50.5369987487793,,,,ElMehdi Rhora,,YES,,,,,https://www.propertyfinder.bh/en/plp/rent/apartment-for-rent-capital-governorate-seef-54398515.html,2026-06-15T21:06:46.439420+00:00,2026-08-14T20:37:52.052197+00:00,59,2026-08-14T20:37:52.052197+00:00
2026-08-15,removed,54398644,,,Penthouse,Well maintained/bright/big balcony,800.0,,,,BHD,monthly,,,,,,,,Amwaj Avenue,,,26.29302978515625,50.66474151611328,,,,Aysha Adil,,YES,,,,,https://www.propertyfinder.bh/en/plp/rent/penthouse-for-rent-muharraq-governorate-amwaj-islands-amwaj-avenue-54398644.html,2026-06-15T21:06:46.439420+00:00,2026-08-14T20:37:52.052197+00:00,59,2026-08-14T20:37:52.052197+00:00
2026-08-15,removed,54398650,,,Apartment,Beautiful/bright/balcony/elegant,400.0,,,,BHD,monthly,,,,,,,,Amwaj Avenue,,,26.29302978515625,50.66474151611328,,,,Aysha Adil,,YES,,,,,https://www.propertyfinder.bh/en/plp/rent/apartment-for-rent-muharraq-governorate-amwaj-islands-amwaj-avenue-54398650.html,2026-06-15T21:06:46.439420+00:00,2026-08-14T20:37:52.052197+00:00,59,2026-08-14T20:37:52.052197+00:00
2026-08-15,removed,54398684,,,Villa,Spacious/private garden/direct beach access,900.0,,,,BHD,monthly,,,,,,,,Amwaj Avenue,,,26.29302978515625,50.66474151611328,,,,Aysha Adil,,PARTLY,,,,,https://www.propertyfinder.bh/en/plp/rent/villa-for-rent-muharraq-governorate-amwaj-islands-amwaj-avenue-54398684.html,2026-06-15T21:06:46.439420+00:00,2026-08-14T20:37:52.052197+00:00,59,2026-08-14T20:37:52.052197+00:00
2026-08-15,removed,54424576,,,Apartment,Bright  -Big Balcony- Modern  - Kids play area,350.0,,,,BHD,monthly,,,,,,,,,,,26.211111068725586,50.601112365722656,,,,Haroon Sorathia,,YES,,,,,https://www.propertyfinder.bh/en/plp/rent/apartment-for-rent-capital-governorate-al-juffair-54424576.html,2026-06-16T21:07:55.403626+00:00,2026-08-14T20:37:52.052197+00:00,58,2026-08-14T20:37:52.052197+00:00
2026-08-15,removed,54424622,,,Apartment,1BR-Store Room-2 Bathroom-Balcony-Pool - Play area,270.0,,,,BHD,monthly,,,,,,,,,,,26.211111068725586,50.601112365722656,,,,Haroon Sorathia,,YES,,,,,https://www.propertyfinder.bh/en/plp/rent/apartment-for-rent-capital-governorate-al-juffair-54424622.html,2026-06-16T21:07:55.403626+00:00,2026-08-14T20:37:52.052197+00:00,58,2026-08-14T20:37:52.052197+00:00
2026-08-15,removed,54424635,,,Apartment,Sea View -Fully Renovated-Both Room Attached-Pool,390.0,,,,BHD,monthly,,,,,,,,,,,26.211111068725586,50.601112365722656,,,,Haroon Sorathia,,YES,,,,,https://www.propertyfinder.bh/en/plp/rent/apartment-for-rent-capital-governorate-al-juffair-54424635.html,2026-06-16T21:07:55.403626+00:00,2026-08-14T20:37:52.052197+00:00,58,2026-08-14T20:37:52.052197+00:00
2026-08-15,removed,54425151,,,Villa,"Quiet, spacious, semi-furnished, in a compound",500.0,,,,BHD,monthly,,,,,,,,,,,26.213165283203125,50.447471618652344,,,,MUSTAFA mohamed ,,PARTLY,,,,,https://www.propertyfinder.bh/en/plp/rent/villa-for-rent-northern-governorate-budaiya-54425151.html,2026-06-16T21:07:55.403626+00:00,2026-08-14T20:37:52.052197+00:00,58,2026-08-14T20:37:52.052197+00:00
2026-08-15,removed,54451345,,,Apartment,Kids Park | Closed Kitchen | Balcony | Bright,58000.0,,,,BHD,sell,,,,,,,,,,,26.211111068725586,50.601112365722656,,,,Mokhles Sayed ,,YES,completed,,,,https://www.propertyfinder.bh/en/plp/buy/apartment-for-sale-capital-governorate-al-juffair-54451345.html,2026-06-17T20:50:56.644034+00:00,2026-08-14T20:37:52.052197+00:00,57,2026-08-14T20:37:52.052197+00:00
2026-08-15,removed,54477872,,,Apartment,A distinctive lifestyle See View 5 Star facilities,850.0,,,,BHD,monthly,,,,,,,,,,,26.211111068725586,50.601112365722656,,,,Mokhles Sayed ,,YES,,,,,https://www.propertyfinder.bh/en/plp/rent/apartment-for-rent-capital-governorate-al-juffair-54477872.html,2026-06-18T20:57:37.279688+00:00,2026-08-14T20:37:52.052197+00:00,56,2026-08-14T20:37:52.052197+00:00
2026-08-15,removed,54478014,,,Apartment,Great Opportunity | Balcony | Well Furnished,300.0,,,,BHD,monthly,,,,,,,,The Treasure,,,26.27286720275879,50.672889709472656,,,,Adeel Ajaz,,YES,,,,,https://www.propertyfinder.bh/en/plp/rent/apartment-for-rent-muharraq-governorate-dilmunia-island-the-treasure-54478014.html,2026-06-18T20:57:37.279688+00:00,2026-08-14T20:37:52.052197+00:00,56,2026-08-14T20:37:52.052197+00:00
2026-08-15,removed,54478765,,,Apartment,Stunning Deal | Balcony | Well Furnished,300.0,,,,BHD,monthly,,,,,,,,,,,26.27286720275879,50.672889709472656,,,,Adeel Ajaz,,YES,,,,,https://www.propertyfinder.bh/en/plp/rent/apartment-for-rent-muharraq-governorate-dilmunia-island-54478765.html,2026-06-18T20:57:37.279688+00:00,2026-08-14T20:37:52.052197+00:00,56,2026-08-14T20:37:52.052197+00:00
2026-08-15,removed,54478767,,,Apartment,Sea Side Luxury| Pets Friendly| Sea View| Inclusiv,525.0,,,,BHD,monthly,,,,,,,,Amwaj Avenue,,,26.29302978515625,50.66474151611328,,,,Sadik Ali,,YES,,,,,https://www.propertyfinder.bh/en/plp/rent/apartment-for-rent-muharraq-governorate-amwaj-islands-amwaj-avenue-54478767.html,2026-06-18T20:57:37.279688+00:00,2026-08-14T20:37:52.052197+00:00,56,2026-08-14T20:37:52.052197+00:00
2026-08-15,removed,54512704,,,Apartment,STUNNING SEA VIEW | BRIGHT | READY TO MOVE IN,500.0,,,,BHD,monthly,,,,,,,,,,,26.241750717163086,50.5663948059082,,,,Moueen Charfi,,YES,,,,,https://www.propertyfinder.bh/en/plp/rent/apartment-for-rent-capital-governorate-reef-island-54512704.html,2026-06-19T20:38:08.437876+00:00,2026-08-14T20:37:52.052197+00:00,55,2026-08-14T20:37:52.052197+00:00
2026-08-15,removed,54512712,,,Apartment,BEAUTIFULL AND BRIGHT | SEA VIEW | BIG BALCONY,500.0,,,,BHD,monthly,,,,,,,,,,,26.241750717163086,50.5663948059082,,,,Moueen Charfi,,YES,,,,,https://www.propertyfinder.bh/en/plp/rent/apartment-for-rent-capital-governorate-reef-island-54512712.html,2026-06-19T20:38:08.437876+00:00,2026-08-14T20:37:52.052197+00:00,55,2026-08-14T20:37:52.052197+00:00
2026-08-15,removed,54540621,,,Apartment,Luxury 2 Bedroom Apartment in Reef Island,650.0,,,,BHD,monthly,,,,,,,,,,,26.241750717163086,50.5663948059082,,,,Abbas  Altaraifi,,YES,,,,,https://www.propertyfinder.bh/en/plp/rent/apartment-for-rent-capital-governorate-reef-island-54540621.html,2026-06-20T20:35:32.453033+00:00,2026-08-14T20:37:52.052197+00:00,55,2026-08-14T20:37:52.052197+00:00
2026-08-15,removed,54568596,,,Apartment,BEAUTIFUL VIEW | WELL MAINTAINED | MODERN,450.0,,,,BHD,monthly,,,,,,,,Amwaj Marina,,,26.293058395385742,50.65943908691406,,,,Moueen Charfi,,YES,,,,,https://www.propertyfinder.bh/en/plp/rent/apartment-for-rent-muharraq-governorate-amwaj-islands-amwaj-marina-54568596.html,2026-06-21T11:17:16.187019+00:00,2026-08-14T20:37:52.052197+00:00,54,2026-08-14T20:37:52.052197+00:00
2026-08-15,removed,54569977,,,Apartment,Prime Location | New | Spacious | Internet,330.0,,,,BHD,monthly,,,,,,,,Amwaj Avenue,,,26.29302978515625,50.66474151611328,,,,Mokhles Sayed ,,YES,,,,,https://www.propertyfinder.bh/en/plp/rent/apartment-for-rent-muharraq-governorate-amwaj-islands-amwaj-avenue-54569977.html,2026-06-21T20:39:42.027222+00:00,2026-08-14T20:37:52.052197+00:00,53,2026-08-14T20:37:52.052197+00:00
2026-08-15,removed,54569981,,,Apartment,New| Naturally well-lit |Spacious | Luxury|Balcony,700.0,,,,BHD,monthly,,,,,,,,,,,26.211111068725586,50.601112365722656,,,,Mokhles Sayed ,,YES,,,,,https://www.propertyfinder.bh/en/plp/rent/apartment-for-rent-capital-governorate-al-juffair-54569981.html,2026-07-16T13:23:22.641531+00:00,2026-08-14T20:37:52.052197+00:00,29,2026-08-14T20:37:52.052197+00:00
2026-08-15,removed,54569985,,,Apartment,Spacious /Bright 1bhk/ Wifi/ Balcony/ Prime Loca,275.0,,,,BHD,monthly,,,,,,,,,,,26.211111068725586,50.601112365722656,,,,Mokhles Sayed ,,YES,,,,,https://www.propertyfinder.bh/en/plp/rent/apartment-for-rent-capital-governorate-al-juffair-54569985.html,2026-07-16T13:23:22.641531+00:00,2026-08-14T20:37:52.052197+00:00,29,2026-08-14T20:37:52.052197+00:00
2026-08-15,removed,54569987,,,Apartment,New| Modern | Housekeeping| 2 Balcony| CPR TAX,380.0,,,,BHD,monthly,,,,,,,,,,,26.211111068725586,50.601112365722656,,,,Mokhles Sayed ,,YES,,,,,https://www.propertyfinder.bh/en/plp/rent/apartment-for-rent-capital-governorate-al-juffair-54569987.html,2026-07-16T13:23:22.641531+00:00,2026-08-14T20:37:52.052197+00:00,29,2026-08-14T20:37:52.052197+00:00
2026-08-15,removed,54625226,,,Apartment,A distinctive lifestyle with high class facilities,950.0,,,,BHD,monthly,,,,,,,,,,,26.211111068725586,50.601112365722656,,,,Mokhles Sayed ,,YES,,,,,https://www.propertyfinder.bh/en/plp/rent/apartment-for-rent-capital-governorate-al-juffair-54625226.html,2026-07-16T13:23:22.641531+00:00,2026-08-14T20:37:52.052197+00:00,29,2026-08-14T20:37:52.052197+00:00
2026-08-15,removed,54654137,,,Apartment,Brand New 1BR in Janabiya Modern Living,340.0,,,,BHD,monthly,,,,,,,,,,,26.185943603515625,50.46711349487305,,,,Soha Younes,,YES,,,,,https://www.propertyfinder.bh/en/plp/rent/apartment-for-rent-northern-governorate-janabiya-54654137.html,2026-06-24T20:40:58.428770+00:00,2026-08-14T20:37:52.052197+00:00,50,2026-08-14T20:37:52.052197+00:00
2026-08-15,removed,54655031,,,Apartment,SEE VIEW | STORAGE | BALCONY | WELL MAINTAINED,55000.0,,,,BHD,monthly,,,,,,,,,,,26.211111068725586,50.601112365722656,,,,Mokhles Sayed ,,YES,,,,,https://www.propertyfinder.bh/en/plp/rent/apartment-for-rent-capital-governorate-al-juffair-54655031.html,2026-06-24T20:40:58.428770+00:00,2026-08-14T20:37:52.052197+00:00,50,2026-08-14T20:37:52.052197+00:00
2026-08-15,removed,54744199,,,Apartment,Elegant Fully Furnished 1BR Apartment | Amwaj,350.0,,,,BHD,monthly,,,,,,,,Amwaj Marina,,,26.293058395385742,50.65943908691406,,,,Moueen Charfi,,YES,,,,,https://www.propertyfinder.bh/en/plp/rent/apartment-for-rent-muharraq-governorate-amwaj-islands-amwaj-marina-54744199.html,2026-06-27T20:31:13.793073+00:00,2026-08-14T20:37:52.052197+00:00,48,2026-08-14T20:37:52.052197+00:00
2026-08-15,removed,54744299,,,Apartment,Spacious And Affordable 2BR Apartment in Amwaj,350.0,,,,BHD,monthly,,,,,,,,Amwaj Marina,,,26.293058395385742,50.65943908691406,,,,Moueen Charfi,,YES,,,,,https://www.propertyfinder.bh/en/plp/rent/apartment-for-rent-muharraq-governorate-amwaj-islands-amwaj-marina-54744299.html,2026-06-27T20:31:13.793073+00:00,2026-08-14T20:37:52.052197+00:00,48,2026-08-14T20:37:52.052197+00:00
2026-08-15,removed,54800912,,,Apartment,Spacious Fully Furnished |3BR Apartment | Juffair,600.0,,,,BHD,monthly,,,,,,,,,,,26.211111068725586,50.601112365722656,,,,Moueen Charfi,,YES,,,,,https://www.propertyfinder.bh/en/plp/rent/apartment-for-rent-capital-governorate-al-juffair-54800912.html,2026-06-29T20:43:30.057141+00:00,2026-08-14T20:37:52.052197+00:00,45,2026-08-14T20:37:52.052197+00:00
2026-08-15,removed,54828979,,,Apartment,BRAND NEW ONLY FOR 300 BHD-BALCONY ALL INCLUSIVE,300.0,,,,BHD,monthly,,,,,,,,,,,26.185943603515625,50.46711349487305,,,,Mohamed Ali,,YES,,,,,https://www.propertyfinder.bh/en/plp/rent/apartment-for-rent-northern-governorate-janabiya-54828979.html,2026-06-30T20:46:10.808700+00:00,2026-08-14T20:37:52.052197+00:00,44,2026-08-14T20:37:52.052197+00:00
2026-08-15,removed,54913494,,,Apartment,2BHK Semi Furnished Flat at Jeblat Hibshi,180.0,,,,BHD,monthly,,,,,,,,,,,26.21312713623047,50.528221130371094,,,,Badreya Ebrahim,,PARTLY,,,,,https://www.propertyfinder.bh/en/plp/rent/apartment-for-rent-northern-governorate-jeblat-hebshi-54913494.html,2026-07-03T21:14:40.318230+00:00,2026-08-14T20:37:52.052197+00:00,41,2026-08-14T20:37:52.052197+00:00
2026-08-15,removed,54942516,,,Villa,Modern Villa | Private Pool | Garden | Maid Room,1250.0,,,,BHD,monthly,,,,,,,,,,,26.19164276123047,50.48757553100586,,,,Abijeet    ,,PARTLY,,,,,https://www.propertyfinder.bh/en/plp/rent/villa-for-rent-northern-governorate-saar-54942516.html,2026-07-04T21:05:04.819049+00:00,2026-08-14T20:37:52.052197+00:00,40,2026-08-14T20:37:52.052197+00:00
2026-08-15,removed,55086080,,,Apartment,OFFER: HURRY UP | 290 Only | Resort-Style Living,295.0,,,,BHD,monthly,,,,,,,,The Treasure,,,26.27286720275879,50.672889709472656,,,,Karine Nalbandyan ,,YES,,,,,https://www.propertyfinder.bh/en/plp/rent/apartment-for-rent-muharraq-governorate-dilmunia-island-the-treasure-55086080.html,2026-07-09T21:28:23.078681+00:00,2026-08-14T20:37:52.052197+00:00,35,2026-08-14T20:37:52.052197+00:00
2026-08-15,removed,55143239,,,Apartment,OFFER: LOWEST PRICE IN FLOATING CITY | UNIQE HOME,380.0,,,,BHD,monthly,,,,,,,,Al Marsa Floating City,,,26.2847957611084,50.669620513916016,,,,Karine Nalbandyan ,,YES,,,,,https://www.propertyfinder.bh/en/plp/rent/apartment-for-rent-muharraq-governorate-amwaj-islands-al-marsa-floating-city-55143239.html,2026-07-11T20:58:11.932263+00:00,2026-08-14T20:37:52.052197+00:00,33,2026-08-14T20:37:52.052197+00:00
2026-08-15,removed,55171678,,,Apartment,3br Directly Beach+ pool view-2years payment plan,250000.0,,,,BHD,sell,,,,,,,,Diyar Al Muharraq,,,26.303447723388672,50.6461296081543,,,,Jasmine,,YES,completed,,,,https://www.propertyfinder.bh/en/plp/buy/apartment-for-sale-muharraq-governorate-diyar-al-muharraq-marassi-al-bahrain-55171678.html,2026-07-12T20:58:01.791743+00:00,2026-08-14T20:37:52.052197+00:00,32,2026-08-14T20:37:52.052197+00:00
2026-08-15,removed,55171681,,,Apartment,"2-Year Payment Plan -Studio for Sale BD60,888",60888.0,,,,BHD,sell,,,,,,,,Diyar Al Muharraq,,,26.303447723388672,50.6461296081543,,,,Jasmine,,YES,completed,,,,https://www.propertyfinder.bh/en/plp/buy/apartment-for-sale-muharraq-governorate-diyar-al-muharraq-marassi-al-bahrain-55171681.html,2026-07-12T20:58:01.791743+00:00,2026-08-14T20:37:52.052197+00:00,32,2026-08-14T20:37:52.052197+00:00
2026-08-15,removed,55171760,,,Apartment,1br apartment with 2years payment plan- Beach acc,87888.0,,,,BHD,sell,,,,,,,,Diyar Al Muharraq,,,26.303447723388672,50.6461296081543,,,,Jasmine,,YES,completed_primary,,,,https://www.propertyfinder.bh/en/plp/buy/apartment-for-sale-muharraq-governorate-diyar-al-muharraq-marassi-al-bahrain-55171760.html,2026-07-12T20:58:01.791743+00:00,2026-08-14T20:37:52.052197+00:00,32,2026-08-14T20:37:52.052197+00:00
2026-08-15,removed,55171843,,,Apartment,MODERN ┃SPACIOUS┃ BRIGHT ┃NEW┃ FAMILY ┃EASY LIFE,400.0,,,,BHD,monthly,,,,,,,,,,,26.21693992614746,50.57733154296875,,,,Sahebaz Makki,,YES,,,,,https://www.propertyfinder.bh/en/plp/rent/apartment-for-rent-capital-governorate-manama-segaya-55171843.html,2026-07-12T20:58:01.791743+00:00,2026-08-14T20:37:52.052197+00:00,32,2026-08-14T20:37:52.052197+00:00
2026-08-15,removed,55228016,,,Apartment,Fontana Rented Navy Pool View With Maids Room,82000.0,,,,BHD,sell,,,,,,,,,,,26.211111068725586,50.601112365722656,,,,Maher Alimadi,,YES,completed,,,,https://www.propertyfinder.bh/en/plp/buy/apartment-for-sale-capital-governorate-al-juffair-55228016.html,2026-07-16T13:23:22.641531+00:00,2026-08-14T20:37:52.052197+00:00,29,2026-08-14T20:37:52.052197+00:00
2026-08-15,removed,55254971,,,Villa,HOT PRICE MAIDROOM PRIME LOCATION PRIVATE POOL,640.0,,,,BHD,monthly,,,,,,,,,,,26.19164276123047,50.48757553100586,,,,khan Mohammad khan,,PARTLY,,,,,https://www.propertyfinder.bh/en/plp/rent/villa-for-rent-northern-governorate-saar-55254971.html,2026-07-16T13:23:22.641531+00:00,2026-08-14T20:37:52.052197+00:00,29,2026-08-14T20:37:52.052197+00:00
2026-08-15,removed,55255083,,,Apartment,CITY VIEW | SPACIOUS | ROOMS | GREAT FACILITIES,70000.0,,,,BHD,sell,,,,,,,,,,,26.211111068725586,50.601112365722656,,,,Daniel Nwajiaku,,YES,completed,,,,https://www.propertyfinder.bh/en/plp/buy/apartment-for-sale-capital-governorate-al-juffair-55255083.html,2026-07-16T13:23:22.641531+00:00,2026-08-14T20:37:52.052197+00:00,29,2026-08-14T20:37:52.052197+00:00
2026-08-15,removed,55255084,,,Villa,Charming Single-Story Villa for Sale in Riffa,139000.0,,,,BHD,sell,,,,,,,,,,,26.130512237548828,50.55546569824219,,,,Katherine Cuevas,,NO,completed,,,,https://www.propertyfinder.bh/en/plp/buy/villa-for-sale-southern-governorate-riffa-55255084.html,2026-07-16T13:23:22.641531+00:00,2026-08-14T20:37:52.052197+00:00,29,2026-08-14T20:37:52.052197+00:00
2026-08-15,removed,55255088,,,Apartment,SEA VIEW | HIGH FLOOR | BALCONY | 2 BATHROOMS,129000.0,,,,BHD,sell,,,,,,,,,,,26.241750717163086,50.5663948059082,,,,Sanya Rathod,,YES,completed,,,,https://www.propertyfinder.bh/en/plp/buy/apartment-for-sale-capital-governorate-reef-island-55255088.html,2026-07-16T13:23:22.641531+00:00,2026-08-14T20:37:52.052197+00:00,29,2026-08-14T20:37:52.052197+00:00
2026-08-15,removed,55255089,,,Apartment,SPACIOUS ROOMS  | GREAT FACILITIES | CITY VIEW,52000.0,,,,BHD,sell,,,,,,,,,,,26.211111068725586,50.601112365722656,,,,Daniel Nwajiaku,,YES,completed,,,,https://www.propertyfinder.bh/en/plp/buy/apartment-for-sale-capital-governorate-al-juffair-55255089.html,2026-07-16T13:23:22.641531+00:00,2026-08-14T20:37:52.052197+00:00,29,2026-08-14T20:37:52.052197+00:00
2026-08-15,removed,55255092,,,Apartment,BALCONY | PARTIAL SEA/CITYVIEW | GREAT FACILITIES,65000.0,,,,BHD,sell,,,,,,,,,,,26.211111068725586,50.601112365722656,,,,Daniel Nwajiaku,,YES,completed,,,,https://www.propertyfinder.bh/en/plp/buy/apartment-for-sale-capital-governorate-al-juffair-55255092.html,2026-07-16T13:23:22.641531+00:00,2026-08-14T20:37:52.052197+00:00,29,2026-08-14T20:37:52.052197+00:00
2026-08-15,removed,55255095,,,Apartment,MARINA VIEW | HIGH FLOOR | BALCONY,161000.0,,,,BHD,sell,,,,,,,,,,,26.241750717163086,50.5663948059082,,,,Sanya Rathod,,YES,completed,,,,https://www.propertyfinder.bh/en/plp/buy/apartment-for-sale-capital-governorate-reef-island-55255095.html,2026-07-16T13:23:22.641531+00:00,2026-08-14T20:37:52.052197+00:00,29,2026-08-14T20:37:52.052197+00:00
2026-08-15,removed,55255100,,,Villa,PRIVATE GARDEN  | BALCONY | KIDS PLAYGROUND |,1050.0,,,,BHD,monthly,,,,,,,,,,,26.19164276123047,50.48757553100586,,,,Faustine Chantal,,PARTLY,,,,,https://www.propertyfinder.bh/en/plp/rent/villa-for-rent-northern-governorate-saar-55255100.html,2026-07-16T13:23:22.641531+00:00,2026-08-14T20:37:52.052197+00:00,29,2026-08-14T20:37:52.052197+00:00
2026-08-15,removed,55255118,,,Apartment,MARINA VIEW | BALCONY | 3 BATHROOMS | REEF ISLAND,155000.0,,,,BHD,sell,,,,,,,,,,,26.241750717163086,50.5663948059082,,,,Sanya Rathod,,YES,completed,,,,https://www.propertyfinder.bh/en/plp/buy/apartment-for-sale-capital-governorate-reef-island-55255118.html,2026-07-16T13:23:22.641531+00:00,2026-08-14T20:37:52.052197+00:00,29,2026-08-14T20:37:52.052197+00:00
2026-08-15,removed,55255370,,,Land,CAR PARK ATTACHED TO HSBC OPP ALMOAYYED TOWER,8000.0,,,,BHD,monthly,,,,,,,,,,,26.239999771118164,50.5369987487793,,,,Najeeb Abdulwahed,,,,,,,https://www.propertyfinder.bh/en/plp/commercial-rent/land-for-rent-capital-governorate-seef-55255370.html,2026-07-16T13:23:22.641531+00:00,2026-08-14T20:37:52.052197+00:00,29,2026-08-14T20:37:52.052197+00:00
2026-08-15,removed,55255551,,,Villa,PVT BEACH ACCESS PVT POOL | AMAZING LUXURY LIVING,1800.0,,,,BHD,monthly,,,,,,,,Tala Island,,,26.300025939941406,50.66316223144531,,,,Anza Khurram,,PARTLY,,,,,https://www.propertyfinder.bh/en/plp/rent/villa-for-rent-muharraq-governorate-amwaj-islands-tala-island-55255551.html,2026-07-16T13:23:22.641531+00:00,2026-08-14T20:37:52.052197+00:00,29,2026-08-14T20:37:52.052197+00:00
2026-08-15,removed,55255560,,,Apartment,Elegant | Luxury | EWA Unlimited | Housekeeping,400.0,,,,BHD,monthly,,,,,,,,,,,26.211111068725586,50.601112365722656,,,,Milkah Afandi,,YES,,,,,https://www.propertyfinder.bh/en/plp/rent/apartment-for-rent-capital-governorate-al-juffair-55255560.html,2026-07-16T13:23:22.641531+00:00,2026-08-14T20:37:52.052197+00:00,29,2026-08-14T20:37:52.052197+00:00
2026-08-15,removed,55255561,,,Apartment,Spacious | Luxury | Bright | Inclusive,300.0,,,,BHD,monthly,,,,,,,,,,,26.211111068725586,50.601112365722656,,,,Milkah Afandi,,YES,,,,,https://www.propertyfinder.bh/en/plp/rent/apartment-for-rent-capital-governorate-al-juffair-55255561.html,2026-07-16T13:23:22.641531+00:00,2026-08-14T20:37:52.052197+00:00,29,2026-08-14T20:37:52.052197+00:00
2026-08-15,removed,55255562,,,Apartment,Elegant | Spacious | Luxury |Study Room| Inclusive,475.0,,,,BHD,monthly,,,,,,,,,,,26.211111068725586,50.601112365722656,,,,Milkah Afandi,,YES,,,,,https://www.propertyfinder.bh/en/plp/rent/apartment-for-rent-capital-governorate-al-juffair-55255562.html,2026-07-16T13:23:22.641531+00:00,2026-08-14T20:37:52.052197+00:00,29,2026-08-14T20:37:52.052197+00:00
2026-08-15,removed,55255603,,,Villa,SEA VIEW-PRIVATE POOL AND GARDEN-NEAR  MACDONALD,2400.0,,,,BHD,monthly,,,,,,,,,,,26.188888549804688,50.54999923706055,,,,Alice Muthoni,,PARTLY,,,,,https://www.propertyfinder.bh/en/plp/rent/villa-for-rent-central-governorate-tubli-55255603.html,2026-07-16T13:23:22.641531+00:00,2026-08-14T20:37:52.052197+00:00,29,2026-08-14T20:37:52.052197+00:00
2026-08-15,removed,55255656,,,Apartment,BRAND NEW | HUGER BALCONY | LUXURY AND MODERN |,450.0,,,,BHD,monthly,,,,,,,,,,,26.239999771118164,50.5369987487793,,,,Anza Khurram,,YES,,,,,https://www.propertyfinder.bh/en/plp/rent/apartment-for-rent-capital-governorate-seef-55255656.html,2026-07-16T13:23:22.641531+00:00,2026-08-14T20:37:52.052197+00:00,29,2026-08-14T20:37:52.052197+00:00
2026-08-15,removed,55255776,,,Apartment,New Modern Spacious Balcony Great Facilities,350.0,,,,BHD,monthly,,,,,,,,,,,26.239999771118164,50.5369987487793,,,,Antony Shaiju,,YES,,,,,https://www.propertyfinder.bh/en/plp/rent/apartment-for-rent-capital-governorate-seef-55255776.html,2026-07-16T13:23:22.641531+00:00,2026-08-14T20:37:52.052197+00:00,29,2026-08-14T20:37:52.052197+00:00
2026-08-15,removed,55255871,,,Apartment,Pet Allowed | Affordable | Quiet Neighborhood,300.0,,,,BHD,monthly,,,,,,,,Sanabis,,,26.226558685302734,50.5459098815918,,,,Duaa Alsayegh,,YES,,,,,https://www.propertyfinder.bh/en/plp/rent/apartment-for-rent-capital-governorate-manama-sanabis-55255871.html,2026-07-16T13:23:22.641531+00:00,2026-08-14T20:37:52.052197+00:00,29,2026-08-14T20:37:52.052197+00:00
2026-08-15,removed,55255900,,,Apartment,Balcony | Pet Allowed | City View & City View,400.0,,,,BHD,monthly,,,,,,,,Sanabis,,,26.226558685302734,50.5459098815918,,,,Duaa Alsayegh,,YES,,,,,https://www.propertyfinder.bh/en/plp/rent/apartment-for-rent-capital-governorate-manama-sanabis-55255900.html,2026-07-16T13:23:22.641531+00:00,2026-08-14T20:37:52.052197+00:00,29,2026-08-14T20:37:52.052197+00:00
2026-08-15,removed,55255924,,,Apartment,HOT | FULLY RENOVATED | IDEAL LOCATION | LUXURY,375.0,,,,BHD,monthly,,,,,,,,,,,26.239999771118164,50.5369987487793,,,,Anza Khurram,,YES,,,,,https://www.propertyfinder.bh/en/plp/rent/apartment-for-rent-capital-governorate-seef-55255924.html,2026-07-16T13:23:22.641531+00:00,2026-08-14T20:37:52.052197+00:00,29,2026-08-14T20:37:52.052197+00:00
2026-08-15,removed,55255971,,,Apartment,Housekeeping | Internet | Closed Kitchen |Split AC,360.0,,,,BHD,monthly,,,,,,,,,,,26.203079223632812,50.594947814941406,,,,Christyl Lebosada,,YES,,,,,https://www.propertyfinder.bh/en/plp/rent/apartment-for-rent-capital-governorate-manama-um-al-hasam-55255971.html,2026-07-16T13:23:22.641531+00:00,2026-08-14T20:37:52.052197+00:00,29,2026-08-14T20:37:52.052197+00:00
2026-08-15,removed,55256063,,,Apartment,UNLIMITED EWA| Closed Kitchen | Housekeeping,400.0,,,,BHD,monthly,,,,,,,,,,,26.203079223632812,50.594947814941406,,,,Christyl Lebosada,,YES,,,,,https://www.propertyfinder.bh/en/plp/rent/apartment-for-rent-capital-governorate-manama-um-al-hasam-55256063.html,2026-07-16T13:23:22.641531+00:00,2026-08-14T20:37:52.052197+00:00,29,2026-08-14T20:37:52.052197+00:00
2026-08-15,removed,55256118,,,Apartment,Luxury 2BHK | Pool | Gym | Lobby | Free WiFi,450.0,,,,BHD,monthly,,,,,,,,,,,26.27199935913086,50.60900115966797,,,,Saika Rukanaldin,,YES,,,,,https://www.propertyfinder.bh/en/plp/rent/apartment-for-rent-muharraq-governorate-busaiteen-55256118.html,2026-07-16T13:23:22.641531+00:00,2026-08-14T20:37:52.052197+00:00,29,2026-08-14T20:37:52.052197+00:00
2026-08-15,removed,55256133,,,Apartment,HOUSEKEEPING | SEA VIEW | BIG BALCONY | AMENITIES,600.0,,,,BHD,monthly,,,,,,,,,,,26.241750717163086,50.5663948059082,,,,Anza Khurram,,YES,,,,,https://www.propertyfinder.bh/en/plp/rent/apartment-for-rent-capital-governorate-reef-island-55256133.html,2026-07-16T13:23:22.641531+00:00,2026-08-14T20:37:52.052197+00:00,29,2026-08-14T20:37:52.052197+00:00
2026-08-15,removed,55256249,,,Apartment,Luxury 3BR | Pool Gym | Lobby | Maintenance | WiFi,400.0,,,,BHD,monthly,,,,,,,,,,,26.27199935913086,50.60900115966797,,,,Saika Rukanaldin,,YES,,,,,https://www.propertyfinder.bh/en/plp/rent/apartment-for-rent-muharraq-governorate-busaiteen-55256249.html,2026-07-16T13:23:22.641531+00:00,2026-08-14T20:37:52.052197+00:00,29,2026-08-14T20:37:52.052197+00:00
2026-08-15,removed,55256267,,,Villa,Space for Lift | 2 Hall | Prime Location,140000.0,,,,BHD,sell,,,,,,,,,,,26.27199935913086,50.60900115966797,,,,Duaa Alsayegh,,NO,completed,,,,https://www.propertyfinder.bh/en/plp/buy/villa-for-sale-muharraq-governorate-busaiteen-55256267.html,2026-07-16T13:23:22.641531+00:00,2026-08-14T20:37:52.052197+00:00,29,2026-08-14T20:37:52.052197+00:00
2026-08-15,removed,55256287,,,Villa,Easy Access | Laundry Room | 4 BDR,162000.0,,,,BHD,sell,,,,,,,,Saraya 2,,,26.19185447692871,50.509178161621094,,,,Duaa Alsayegh,,YES,completed,,,,https://www.propertyfinder.bh/en/plp/buy/villa-for-sale-northern-governorate-bu-quwah-saraya-2-55256287.html,2026-07-16T13:23:22.641531+00:00,2026-08-14T20:37:52.052197+00:00,29,2026-08-14T20:37:52.052197+00:00
2026-08-15,removed,55256292,,,Apartment,NEAR LULU JACUZI | HOUSE KEEPING / GOOD AMENITIES,399.0,,,,BHD,monthly,,,,,,,,,,,26.211111068725586,50.601112365722656,,,,khan Mohammad khan,,YES,,,,,https://www.propertyfinder.bh/en/plp/rent/apartment-for-rent-capital-governorate-al-juffair-55256292.html,2026-07-16T13:23:22.641531+00:00,2026-08-14T20:37:52.052197+00:00,29,2026-08-14T20:37:52.052197+00:00
2026-08-15,removed,55256339,,,Apartment,Spacious 2 bed apartment in saar 350st Cristopher,350.0,,,,BHD,monthly,,,,,,,,,,,26.20975685119629,50.50579833984375,,,,Mohamed Ali,,YES,,,,,https://www.propertyfinder.bh/en/plp/rent/apartment-for-rent-northern-governorate-shakhura-55256339.html,2026-07-16T13:23:22.641531+00:00,2026-08-14T20:37:52.052197+00:00,29,2026-08-14T20:37:52.052197+00:00
2026-08-15,removed,55256360,,,Villa,CORNOR VILLA 5 BEDROOM FOR SALE GOOD LOCATION,300000.0,,,,BHD,sell,,,,,,,,,,,26.188888549804688,50.54999923706055,,,,khan Mohammad khan,,PARTLY,completed,,,,https://www.propertyfinder.bh/en/plp/buy/villa-for-sale-central-governorate-tubli-55256360.html,2026-07-16T13:23:22.641531+00:00,2026-08-14T20:37:52.052197+00:00,29,2026-08-14T20:37:52.052197+00:00
2026-08-15,removed,55256392,,,Apartment,SEA VIEW FREE HOLD | SPACIOUS RENOVATED BALCONY,62000.0,,,,BHD,sell,,,,,,,,Amwaj Marina,,,26.293058395385742,50.65943908691406,,,,khan Mohammad khan,,YES,completed,,,,https://www.propertyfinder.bh/en/plp/buy/apartment-for-sale-muharraq-governorate-amwaj-islands-amwaj-marina-55256392.html,2026-07-16T13:23:22.641531+00:00,2026-08-14T20:37:52.052197+00:00,29,2026-08-14T20:37:52.052197+00:00
2026-08-15,removed,55256403,,,Apartment,Housekeeping l Indoor Pool l Prime Location,700.0,,,,BHD,monthly,,,,,,,,,,,26.239999771118164,50.5369987487793,,,,Rawan Abdulwadood,,YES,,,,,https://www.propertyfinder.bh/en/plp/rent/apartment-for-rent-capital-governorate-seef-55256403.html,2026-07-16T13:23:22.641531+00:00,2026-08-14T20:37:52.052197+00:00,29,2026-08-14T20:37:52.052197+00:00
2026-08-15,removed,55256436,,,Apartment,LUXURY SPACIOUS BRIGHT EWA 40 BD WIFI PRIME LOCATI,280.0,,,,BHD,monthly,,,,,,,,,,,26.214487075805664,50.584754943847656,,,,khan Mohammad khan,,YES,,,,,https://www.propertyfinder.bh/en/plp/rent/apartment-for-rent-capital-governorate-manama-adliya-55256436.html,2026-07-16T13:23:22.641531+00:00,2026-08-14T20:37:52.052197+00:00,29,2026-08-14T20:37:52.052197+00:00
2026-08-15,removed,55256437,,,Villa,3 BR Villa | Garden | Pool | Gym | Tennis Court,600.0,,,,BHD,monthly,,,,,,,,,,,26.19164276123047,50.48757553100586,,,,Alifya ,,PARTLY,,,,,https://www.propertyfinder.bh/en/plp/rent/villa-for-rent-northern-governorate-saar-55256437.html,2026-07-16T13:23:22.641531+00:00,2026-08-14T20:37:52.052197+00:00,29,2026-08-14T20:37:52.052197+00:00
2026-08-15,removed,55256498,,,Villa,Single story villa 3bed private pool Janabiyha,700.0,,,,BHD,monthly,,,,,,,,,,,26.185943603515625,50.46711349487305,,,,Mohamed Ali,,PARTLY,,,,,https://www.propertyfinder.bh/en/plp/rent/villa-for-rent-northern-governorate-janabiya-55256498.html,2026-07-16T13:23:22.641531+00:00,2026-08-14T20:37:52.052197+00:00,29,2026-08-14T20:37:52.052197+00:00
2026-08-15,removed,55256506,,,Apartment,OFFER PRICE BALCONY PET FREE TENNIS JOGGING TRACK,700.0,,,,BHD,monthly,,,,,,,,,,,26.239999771118164,50.5369987487793,,,,Ezekiel Kagugube,,YES,,,,,https://www.propertyfinder.bh/en/plp/rent/apartment-for-rent-capital-governorate-seef-55256506.html,2026-07-16T13:23:22.641531+00:00,2026-08-14T20:37:52.052197+00:00,29,2026-08-14T20:37:52.052197+00:00
2026-08-15,removed,55256509,,,Villa,Stunning Sea Front I Ready I New I Elegant,450000.0,,,,BHD,sell,,,,,,,,Amwaj Avenue,,,26.29302978515625,50.66474151611328,,,,Husain Jaber Abdulla Zaid,,PARTLY,completed,,,,https://www.propertyfinder.bh/en/plp/buy/villa-for-sale-muharraq-governorate-amwaj-islands-amwaj-avenue-55256509.html,2026-07-16T13:23:22.641531+00:00,2026-08-14T20:37:52.052197+00:00,29,2026-08-14T20:37:52.052197+00:00
2026-08-15,removed,55256573,,,Land,Mixed-Use Land for Sale in Eastern Hidd,312887.0,,,,BHD,sell,,,,,,,,,,,26.21263313293457,50.67418670654297,,,,Shahedur Rahman,,,,,,,https://www.propertyfinder.bh/en/plp/commercial-buy/land-for-sale-muharraq-governorate-hidd-55256573.html,2026-07-15T21:07:22.501480+00:00,2026-08-14T20:37:52.052197+00:00,29,2026-08-14T20:37:52.052197+00:00
2026-08-15,removed,55256607,,,Apartment,Biggest layout in Amwaj | Sea View| Wide Balconies,850.0,,,,BHD,monthly,,,,,,,,Amwaj Avenue,,,26.29302978515625,50.66474151611328,,,,Sadik Ali,,YES,,,,,https://www.propertyfinder.bh/en/plp/rent/apartment-for-rent-muharraq-governorate-amwaj-islands-amwaj-avenue-55256607.html,2026-07-16T13:23:22.641531+00:00,2026-08-14T20:37:52.052197+00:00,29,2026-08-14T20:37:52.052197+00:00
2026-08-15,removed,55256637,,,Apartment,City View | Unlimited EWA | Large Windows |,1050.0,,,,BHD,monthly,,,,,,,,,,,26.239999771118164,50.5369987487793,,,,Duaa Alsayegh,,YES,,,,,https://www.propertyfinder.bh/en/plp/rent/apartment-for-rent-capital-governorate-seef-55256637.html,2026-07-16T13:23:22.641531+00:00,2026-08-14T20:37:52.052197+00:00,29,2026-08-14T20:37:52.052197+00:00
2026-08-15,removed,55256639,,,Office Space,PRIME LOCATION | SPACIOUS | MODERN,1800.0,,,,BHD,monthly,,,,,,,,,,,26.239999771118164,50.5369987487793,,,,Abubakar Abdulghafar,,PARTLY,,,,,https://www.propertyfinder.bh/en/plp/commercial-rent/office-space-for-rent-capital-governorate-seef-55256639.html,2026-07-16T13:23:22.641531+00:00,2026-08-14T20:37:52.052197+00:00,29,2026-08-14T20:37:52.052197+00:00
2026-08-15,removed,55256663,,,Villa,Best Community Living | Luxury Freehold Villa,113000.0,,,,BHD,sell,,,,,,,,Diyar Al Muharraq,Al Sidra,,26.31142234802246,50.64306640625,,,,Arwa Yahya,,PARTLY,completed_primary,,,,https://www.propertyfinder.bh/en/plp/buy/villa-for-sale-muharraq-governorate-diyar-al-muharraq-al-sidra-55256663.html,2026-07-16T13:23:22.641531+00:00,2026-08-14T20:37:52.052197+00:00,29,2026-08-14T20:37:52.052197+00:00
2026-08-15,removed,55256664,,,Villa,Freehold Villa Near Marassi | Investment for Life,147000.0,,,,BHD,sell,,,,,,,,Diyar Al Muharraq,Al Sidra,,26.31142234802246,50.64306640625,,,,Arwa Yahya,,PARTLY,completed_primary,,,,https://www.propertyfinder.bh/en/plp/buy/villa-for-sale-muharraq-governorate-diyar-al-muharraq-al-sidra-55256664.html,2026-07-16T13:23:22.641531+00:00,2026-08-14T20:37:52.052197+00:00,29,2026-08-14T20:37:52.052197+00:00
2026-08-15,removed,55256665,,,Villa,Freehold Villa Near Marassi | Investment for Life,130000.0,,,,BHD,sell,,,,,,,,Diyar Al Muharraq,Al Sidra,,26.31142234802246,50.64306640625,,,,Arwa Yahya,,PARTLY,completed_primary,,,,https://www.propertyfinder.bh/en/plp/buy/villa-for-sale-muharraq-governorate-diyar-al-muharraq-al-sidra-55256665.html,2026-07-16T13:23:22.641531+00:00,2026-08-14T20:37:52.052197+00:00,29,2026-08-14T20:37:52.052197+00:00
2026-08-15,removed,55256666,,,Villa,Modern 5BR Villa | Spacious Layout | Freehold,163000.0,,,,BHD,sell,,,,,,,,Diyar Al Muharraq,Al Sidra,,26.31142234802246,50.64306640625,,,,Arwa Yahya,,PARTLY,completed_primary,,,,https://www.propertyfinder.bh/en/plp/buy/villa-for-sale-muharraq-governorate-diyar-al-muharraq-al-sidra-55256666.html,2026-07-16T13:23:22.641531+00:00,2026-08-14T20:37:52.052197+00:00,29,2026-08-14T20:37:52.052197+00:00
2026-08-15,removed,55256667,,,Villa,Modern 5BR Villa | Spacious Layout | Freehold,160000.0,,,,BHD,sell,,,,,,,,Diyar Al Muharraq,Al Sidra,,26.31142234802246,50.64306640625,,,,Arwa Yahya,,PARTLY,completed_primary,,,,https://www.propertyfinder.bh/en/plp/buy/villa-for-sale-muharraq-governorate-diyar-al-muharraq-al-sidra-55256667.html,2026-07-16T13:23:22.641531+00:00,2026-08-14T20:37:52.052197+00:00,29,2026-08-14T20:37:52.052197+00:00
2026-08-15,removed,55256668,,,Apartment,Modern Furnished 1-Bedroom Apartment in Amwaj,32000.0,,,,BHD,sell,,,,,,,,Amwaj Avenue,,,26.29302978515625,50.66474151611328,,,,Violeta Abboud,,YES,completed,,,,https://www.propertyfinder.bh/en/plp/buy/apartment-for-sale-muharraq-governorate-amwaj-islands-amwaj-avenue-55256668.html,2026-07-16T13:23:22.641531+00:00,2026-08-14T20:37:52.052197+00:00,29,2026-08-14T20:37:52.052197+00:00
2026-08-15,removed,55256670,,,Villa,Spacious Villa | Live in Luxury | Best Community,700.0,,,,BHD,monthly,,,,,,,,Diyar Al Muharraq,Al Sidra,,26.31142234802246,50.64306640625,,,,Beshoy Milad,,PARTLY,,,,,https://www.propertyfinder.bh/en/plp/rent/villa-for-rent-muharraq-governorate-diyar-al-muharraq-al-sidra-55256670.html,2026-07-16T13:23:22.641531+00:00,2026-08-14T20:37:52.052197+00:00,29,2026-08-14T20:37:52.052197+00:00
2026-08-15,removed,55256671,,,Villa,Huge 5BR Villa |Semi Furnished |Near Marassi Mall,800.0,,,,BHD,monthly,,,,,,,,Diyar Al Muharraq,Al Sidra,,26.31142234802246,50.64306640625,,,,Beshoy Milad,,PARTLY,,,,,https://www.propertyfinder.bh/en/plp/rent/villa-for-rent-muharraq-governorate-diyar-al-muharraq-al-sidra-55256671.html,2026-07-16T13:23:22.641531+00:00,2026-08-14T20:37:52.052197+00:00,29,2026-08-14T20:37:52.052197+00:00
2026-08-15,removed,55256675,,,Villa,Semi Furnished | Brand New | Gated Community,750.0,,,,BHD,monthly,,,,,,,,Diyar Al Muharraq,Al Sidra,,26.31142234802246,50.64306640625,,,,Beshoy Milad,,PARTLY,,,,,https://www.propertyfinder.bh/en/plp/rent/villa-for-rent-muharraq-governorate-diyar-al-muharraq-al-sidra-55256675.html,2026-07-16T13:23:22.641531+00:00,2026-08-14T20:37:52.052197+00:00,29,2026-08-14T20:37:52.052197+00:00
2026-08-15,removed,55256830,,,Apartment,Unparalleled Luxury | High Floor | Stunning Views,68000.0,,,,BHD,sell,,,,,,,,,,,26.249584197998047,50.580360412597656,,,,Adeel Ajaz,,YES,completed,,,,https://www.propertyfinder.bh/en/plp/buy/apartment-for-sale-capital-governorate-bahrain-bay-55256830.html,2026-07-16T13:23:22.641531+00:00,2026-08-14T20:37:52.052197+00:00,29,2026-08-14T20:37:52.052197+00:00
2026-08-15,removed,55256833,,,Apartment,Large Balcony | Spectacular Views | Freehold,155000.0,,,,BHD,sell,,,,,,,,,,,26.241750717163086,50.5663948059082,,,,Adeel Ajaz,,YES,completed,,,,https://www.propertyfinder.bh/en/plp/buy/apartment-for-sale-capital-governorate-reef-island-55256833.html,2026-07-16T13:23:22.641531+00:00,2026-08-14T20:37:52.052197+00:00,29,2026-08-14T20:37:52.052197+00:00
2026-08-15,removed,55256835,,,Apartment,ICONIC TOWER | FREEHOLD | BEACH ACCESS,110000.0,,,,BHD,sell,,,,,,,,,,,26.239999771118164,50.5369987487793,,,,Adeel Ajaz,,YES,completed,,,,https://www.propertyfinder.bh/en/plp/buy/apartment-for-sale-capital-governorate-seef-55256835.html,2026-07-16T13:23:22.641531+00:00,2026-08-14T20:37:52.052197+00:00,29,2026-08-14T20:37:52.052197+00:00
2026-08-15,removed,55256840,,,Apartment,Luxurious | Near Mall | Balcony | Bright,850.0,,,,BHD,monthly,,,,,,,,,,,26.239999771118164,50.5369987487793,,,,Adeel Ajaz,,YES,,,,,https://www.propertyfinder.bh/en/plp/rent/apartment-for-rent-capital-governorate-seef-55256840.html,2026-07-16T13:23:22.641531+00:00,2026-08-14T20:37:52.052197+00:00,29,2026-08-14T20:37:52.052197+00:00
2026-08-15,removed,55256848,,,Villa,MASSIVE 6BR VILLA | HAMAD TOWN | MAJLIS & GARDEN,295000.0,,,,BHD,sell,,,,,,,,,,,26.12916374206543,50.49860763549805,,,,Sr Pegasus Agent Dridi,,PARTLY,completed,,,,https://www.propertyfinder.bh/en/plp/buy/villa-for-sale-northern-governorate-hamad-town-55256848.html,2026-07-16T13:23:22.641531+00:00,2026-08-14T20:37:52.052197+00:00,29,2026-08-14T20:37:52.052197+00:00
2026-08-15,removed,55257136,,,Villa,IMPECCABLE & LUXURIOUS 4BR VILLA+P.POOL+GYM,1600.0,,,,BHD,monthly,,,,,,,,,,,26.140336990356445,50.478271484375,,,,Fadi Eweida,,YES,,,,,https://www.propertyfinder.bh/en/plp/rent/villa-for-rent-northern-governorate-hamala-55257136.html,2026-07-16T13:23:22.641531+00:00,2026-08-14T20:37:52.052197+00:00,29,2026-08-14T20:37:52.052197+00:00
2026-08-15,removed,55283555,,,Apartment,ELEGANT NEW WITH SPECTACULAR SEA VIEW | GYM | SPA,425.0,,,,BHD,monthly,,,,,,,,The Lagoon,,,26.287778854370117,50.66339111328125,,,,Fadi Eweida,,YES,,,,,https://www.propertyfinder.bh/en/plp/rent/apartment-for-rent-muharraq-governorate-amwaj-islands-the-lagoon-55283555.html,2026-07-16T13:23:22.641531+00:00,2026-08-14T20:37:52.052197+00:00,29,2026-08-14T20:37:52.052197+00:00
2026-08-15,removed,55283566,,,Apartment,WELL DESIGNED | WIFI | FACILITIES AND OFFICE ROOM,430.0,,,,BHD,monthly,,,,,,,,Amwaj Marina,,,26.293058395385742,50.65943908691406,,,,Fadi Eweida,,YES,,,,,https://www.propertyfinder.bh/en/plp/rent/apartment-for-rent-muharraq-governorate-amwaj-islands-amwaj-marina-55283566.html,2026-07-16T13:23:22.641531+00:00,2026-08-14T20:37:52.052197+00:00,29,2026-08-14T20:37:52.052197+00:00
2026-08-15,removed,55283604,,,Apartment,Large Balcony | Wonderful View | Financial Harbour,265000.0,,,,BHD,sell,,,,,,,,Bahrain Financial Harbour,,,26.23778533935547,50.57342529296875,,,,Adeel Ajaz,,YES,completed,,,,https://www.propertyfinder.bh/en/plp/buy/apartment-for-sale-capital-governorate-manama-bahrain-financial-harbour-55283604.html,2026-07-16T13:23:22.641531+00:00,2026-08-14T20:37:52.052197+00:00,29,2026-08-14T20:37:52.052197+00:00
2026-08-15,removed,55283627,,,Apartment,Fully Upgraded | Harbour View | Immaculate Unit,125000.0,,,,BHD,sell,,,,,,,,,,,26.241750717163086,50.5663948059082,,,,Adeel Ajaz,,YES,completed,,,,https://www.propertyfinder.bh/en/plp/buy/apartment-for-sale-capital-governorate-reef-island-55283627.html,2026-07-16T13:23:22.641531+00:00,2026-08-14T20:37:52.052197+00:00,29,2026-08-14T20:37:52.052197+00:00
2026-08-15,removed,55283637,,,Apartment,Fabulous Water Views | Naturally Well-Lit | Cozy,780.0,,,,BHD,monthly,,,,,,,,,,,26.241750717163086,50.5663948059082,,,,Adeel Ajaz,,YES,,,,,https://www.propertyfinder.bh/en/plp/rent/apartment-for-rent-capital-governorate-reef-island-55283637.html,2026-07-16T13:23:22.641531+00:00,2026-08-14T20:37:52.052197+00:00,29,2026-08-14T20:37:52.052197+00:00
2026-08-15,removed,55283660,,,Apartment,Skyline Views | Close to Mall | Prime Location,120000.0,,,,BHD,sell,,,,,,,,,,,26.239999771118164,50.5369987487793,,,,Adeel Ajaz,,YES,completed,,,,https://www.propertyfinder.bh/en/plp/buy/apartment-for-sale-capital-governorate-seef-55283660.html,2026-07-16T13:23:22.641531+00:00,2026-08-14T20:37:52.052197+00:00,29,2026-08-14T20:37:52.052197+00:00
2026-08-15,removed,55283753,,,Apartment,BRIGHT VERY SPACIOUS | 2 BEDROOM+MAID | GYM | POOL,600.0,,,,BHD,monthly,,,,,,,,The Lagoon,,,26.287778854370117,50.66339111328125,,,,Fadi Eweida,,YES,,,,,https://www.propertyfinder.bh/en/plp/rent/apartment-for-rent-muharraq-governorate-amwaj-islands-the-lagoon-55283753.html,2026-07-16T13:23:22.641531+00:00,2026-08-14T20:37:52.052197+00:00,29,2026-08-14T20:37:52.052197+00:00
2026-08-15,removed,55283834,,,Villa,NAVY APPROVED |MODERN DESIGN |PRIVATE POOL |GARDEN,900.0,,,,BHD,monthly,,,,,,,,,,,26.25,50.650001525878906,,,,Fadi Eweida,,YES,,,,,https://www.propertyfinder.bh/en/plp/rent/villa-for-rent-muharraq-governorate-arad-55283834.html,2026-07-16T13:23:22.641531+00:00,2026-08-14T20:37:52.052197+00:00,29,2026-08-14T20:37:52.052197+00:00
2026-08-15,removed,55284010,,,Apartment,LARGE | INCLUSIVE | QUIET AREA,230.0,,,,BHD,monthly,,,,,,,,,,,26.16529655456543,50.552181243896484,,,,Al Lagoon Real Estate ,,NO,,,,,https://www.propertyfinder.bh/en/plp/rent/apartment-for-rent-central-governorate-isa-town-55284010.html,2026-07-16T13:23:22.641531+00:00,2026-08-14T20:37:52.052197+00:00,29,2026-08-14T20:37:52.052197+00:00
2026-08-15,removed,55284477,,,Villa,Elegant Villa with Pool & Garden for Sale|Janabiya,410000.0,,,,BHD,sell,,,,,,,,,,,26.185943603515625,50.46711349487305,,,,MAYDAN HOMES - SALES,,PARTLY,completed_primary,,,,https://www.propertyfinder.bh/en/plp/buy/villa-for-sale-northern-governorate-janabiya-55284477.html,2026-07-16T21:09:41.077970+00:00,2026-08-14T20:37:52.052197+00:00,28,2026-08-14T20:37:52.052197+00:00
2026-08-15,removed,55284631,,,Villa,4 Bedroom New Villa | Garden | Near Arjan Village,224900.0,,,,BHD,sell,,,,,,,,,,,26.202558517456055,50.519554138183594,,,,MAYDAN HOMES - SALES,,NO,completed_primary,,,,https://www.propertyfinder.bh/en/plp/buy/villa-for-sale-northern-governorate-bu-quwah-55284631.html,2026-07-16T21:09:41.077970+00:00,2026-08-14T20:37:52.052197+00:00,28,2026-08-14T20:37:52.052197+00:00
2026-08-15,removed,55284632,,,Apartment,SEA VIEW | BEACH ACCESS| WIFI |CLOSE TO THE MALL,550.0,,,,BHD,monthly,,,,,,,,Diyar Al Muharraq,,,26.303447723388672,50.6461296081543,,,,Moueen Charfi,,YES,,,,,https://www.propertyfinder.bh/en/plp/rent/apartment-for-rent-muharraq-governorate-diyar-al-muharraq-marassi-al-bahrain-55284632.html,2026-07-16T21:09:41.077970+00:00,2026-08-14T20:37:52.052197+00:00,28,2026-08-14T20:37:52.052197+00:00
2026-08-15,removed,55284635,,,Apartment,BRAND NEW | SPACIOUS | WIFI | BEACH ACCESS,350.0,,,,BHD,monthly,,,,,,,,Diyar Al Muharraq,,,26.303447723388672,50.6461296081543,,,,Moueen Charfi,,YES,,,,,https://www.propertyfinder.bh/en/plp/rent/apartment-for-rent-muharraq-governorate-diyar-al-muharraq-marassi-al-bahrain-55284635.html,2026-07-16T21:09:41.077970+00:00,2026-08-14T20:37:52.052197+00:00,28,2026-08-14T20:37:52.052197+00:00
2026-08-15,removed,55284641,,,Apartment,BRAND NEW | SPACIOUS | ELEGANT | BEACH ACCESS,130888.0,,,,BHD,sell,,,,,,,,Diyar Al Muharraq,,,26.303447723388672,50.6461296081543,,,,Moueen Charfi,,YES,completed_primary,,,,https://www.propertyfinder.bh/en/plp/buy/apartment-for-sale-muharraq-governorate-diyar-al-muharraq-marassi-al-bahrain-55284641.html,2026-07-16T21:09:41.077970+00:00,2026-08-14T20:37:52.052197+00:00,28,2026-08-14T20:37:52.052197+00:00
2026-08-15,removed,55284648,,,Apartment,WIFI | BEACH ACCESS | MODERN| CLOSE TO MALL,450.0,,,,BHD,monthly,,,,,,,,Diyar Al Muharraq,,,26.303447723388672,50.6461296081543,,,,Moueen Charfi,,YES,,,,,https://www.propertyfinder.bh/en/plp/rent/apartment-for-rent-muharraq-governorate-diyar-al-muharraq-marassi-al-bahrain-55284648.html,2026-07-17T21:02:53.302860+00:00,2026-08-14T20:37:52.052197+00:00,27,2026-08-14T20:37:52.052197+00:00
2026-08-15,removed,55284656,,,Apartment,BRAND NEW | MODERN | ELEGANT  BEACH ACCESS,400.0,,,,BHD,monthly,,,,,,,,Diyar Al Muharraq,,,26.303447723388672,50.6461296081543,,,,Moueen Charfi,,YES,,,,,https://www.propertyfinder.bh/en/plp/rent/apartment-for-rent-muharraq-governorate-diyar-al-muharraq-marassi-al-bahrain-55284656.html,2026-07-16T21:09:41.077970+00:00,2026-08-14T20:37:52.052197+00:00,28,2026-08-14T20:37:52.052197+00:00
2026-08-15,removed,55311986,,,Apartment,2BHK Flat for Rent at Um Alhasam,340.0,,,,BHD,monthly,,,,,,,,,,,26.203079223632812,50.594947814941406,,,,Badreya Ebrahim,,YES,,,,,https://www.propertyfinder.bh/en/plp/rent/apartment-for-rent-capital-governorate-manama-um-al-hasam-55311986.html,2026-07-17T21:02:53.302860+00:00,2026-08-14T20:37:52.052197+00:00,27,2026-08-14T20:37:52.052197+00:00
2026-08-15,removed,55339321,,,Apartment,BRAND NEW| ELEGANT |DIRECT TO THE BEACH |CITY VIEW,60000.0,,,,BHD,sell,,,,,,,,Diyar Al Muharraq,,,26.303447723388672,50.6461296081543,,,,Moueen Charfi,,YES,completed_primary,,,,https://www.propertyfinder.bh/en/plp/buy/apartment-for-sale-muharraq-governorate-diyar-al-muharraq-marassi-al-bahrain-55339321.html,2026-07-18T20:57:18.053218+00:00,2026-08-14T20:37:52.052197+00:00,26,2026-08-14T20:37:52.052197+00:00
2026-08-15,removed,55366573,,,Apartment,Luxury Living l Well Furnished l Balconies,500.0,,,,BHD,monthly,,,,,,,,Amwaj Avenue,,,26.29302978515625,50.66474151611328,,,,Ivana Ivanova ,,YES,,,,,https://www.propertyfinder.bh/en/plp/rent/apartment-for-rent-muharraq-governorate-amwaj-islands-amwaj-avenue-55366573.html,2026-07-19T20:58:26.466026+00:00,2026-08-14T20:37:52.052197+00:00,25,2026-08-14T20:37:52.052197+00:00
2026-08-15,removed,55366813,,,Apartment,Hot Price|Spacious|Pet Allowed|1BR|Bright-Modern,300.0,,,,BHD,monthly,,,,,,,,Sanabis,,,26.226558685302734,50.5459098815918,,,,Hazeeth,,YES,,,,,https://www.propertyfinder.bh/en/plp/rent/apartment-for-rent-capital-governorate-manama-sanabis-55366813.html,2026-07-19T20:58:26.466026+00:00,2026-08-14T20:37:52.052197+00:00,25,2026-08-14T20:37:52.052197+00:00
2026-08-15,removed,55367505,,,Apartment,BRAND NEW |  FAMILY   | BEACH ACCESS|CLOSE TO MALL,76000.0,,,,BHD,sell,,,,,,,,Diyar Al Muharraq,,,26.303447723388672,50.6461296081543,,,,Moueen Charfi,,NO,completed_primary,,,,https://www.propertyfinder.bh/en/plp/buy/apartment-for-sale-muharraq-governorate-diyar-al-muharraq-marassi-al-bahrain-55367505.html,2026-07-19T20:58:26.466026+00:00,2026-08-14T20:37:52.052197+00:00,25,2026-08-14T20:37:52.052197+00:00
2026-08-15,removed,55368102,,,Apartment,Property Management Services in Bahrain,20.0,,,,BHD,monthly,,,,,,,,,,,26.239999771118164,50.5369987487793,,,,Bilal Mohamed,,YES,,,,,https://www.propertyfinder.bh/en/plp/rent/apartment-for-rent-capital-governorate-seef-55368102.html,2026-07-19T20:58:26.466026+00:00,2026-08-14T20:37:52.052197+00:00,25,2026-08-14T20:37:52.052197+00:00
2026-08-15,removed,55368385,,,Apartment,Modern Furnished 3BR Apartment + Unlimited EWA,550.0,,,,BHD,monthly,,,,,,,,,,,26.203079223632812,50.594947814941406,,,,Aby N,,YES,,,,,https://www.propertyfinder.bh/en/plp/rent/apartment-for-rent-capital-governorate-manama-um-al-hasam-55368385.html,2026-07-19T20:58:26.466026+00:00,2026-08-14T20:37:52.052197+00:00,25,2026-08-14T20:37:52.052197+00:00
2026-08-15,removed,55368440,,,Apartment,Brand New Furnished 1BR Apt With Infinity Pool,300.0,,,,BHD,monthly,,,,,,,,,,,26.207910537719727,50.587345123291016,,,,Aby N,,YES,,,,,https://www.propertyfinder.bh/en/plp/rent/apartment-for-rent-capital-governorate-manama-mahooz-55368440.html,2026-07-19T20:58:26.466026+00:00,2026-08-14T20:37:52.052197+00:00,25,2026-08-14T20:37:52.052197+00:00
2026-08-15,removed,55368446,,,Apartment,Luxury|2BR|Open Kitchen|GYM|Near New millennium,380.0,,,,BHD,monthly,,,,,,,,,,,26.2102108001709,50.56403350830078,,,,Aby N,,YES,,,,,https://www.propertyfinder.bh/en/plp/rent/apartment-for-rent-capital-governorate-manama-zinj-55368446.html,2026-07-19T20:58:26.466026+00:00,2026-08-14T20:37:52.052197+00:00,25,2026-08-14T20:37:52.052197+00:00
2026-08-15,removed,55397339,,,Villa,New villa for rent with electricity and water incl,600.0,,,,BHD,monthly,,,,,,,,,,,26.130512237548828,50.55546569824219,,,,Mohammed Ali Al Samawi ,,NO,,,,,https://www.propertyfinder.bh/en/plp/rent/villa-for-rent-southern-governorate-riffa-55397339.html,2026-07-20T21:17:02.364062+00:00,2026-08-14T20:37:52.052197+00:00,24,2026-08-14T20:37:52.052197+00:00
2026-08-15,removed,55426212,,,Apartment,BRAND NEW | POOL VIEW | SPACIOUS |NEXT TO THE MALL,400.0,,,,BHD,monthly,,,,,,,,Diyar Al Muharraq,,,26.303447723388672,50.6461296081543,,,,Moueen Charfi,,NO,,,,,https://www.propertyfinder.bh/en/plp/rent/apartment-for-rent-muharraq-governorate-diyar-al-muharraq-marassi-al-bahrain-55426212.html,2026-07-21T21:17:21.978520+00:00,2026-08-14T20:37:52.052197+00:00,23,2026-08-14T20:37:52.052197+00:00
2026-08-15,removed,55454475,,,Apartment,Furnished 1 BR Apartment with Landmark View,270.0,,,,BHD,monthly,,,,,,,,,,,26.211111068725586,50.601112365722656,,,,JUNAID MUNAWAR,,YES,,,,,https://www.propertyfinder.bh/en/plp/rent/apartment-for-rent-capital-governorate-al-juffair-55454475.html,2026-07-22T21:16:12.940221+00:00,2026-08-14T20:37:52.052197+00:00,22,2026-08-14T20:37:52.052197+00:00
2026-08-15,removed,55455273,,,Villa,Truly Spectacular Villa | Top Class Facilities,1500.0,,,,BHD,monthly,,,,,,,,,,,26.140336990356445,50.478271484375,,,,Abijeet    ,,PARTLY,,,,,https://www.propertyfinder.bh/en/plp/rent/villa-for-rent-northern-governorate-hamala-55455273.html,2026-07-23T21:12:20.858482+00:00,2026-08-14T20:37:52.052197+00:00,21,2026-08-14T20:37:52.052197+00:00
2026-08-15,removed,55598442,,,Apartment,Modern 3 Bedrooms flat in Maqabah,380.0,,,,BHD,monthly,,,,,,,,,,,26.21023941040039,50.49468231201172,,,,Husain  Sadeq,,PARTLY,,,,,https://www.propertyfinder.bh/en/plp/rent/apartment-for-rent-northern-governorate-maqabah-55598442.html,2026-07-27T21:16:55.514144+00:00,2026-08-14T20:37:52.052197+00:00,17,2026-08-14T20:37:52.052197+00:00
2026-08-15,removed,55599853,,,Apartment,Furnished 1 BR Apartment with Water View,330.0,,,,BHD,monthly,,,,,,,,,,,26.211111068725586,50.601112365722656,,,,JUNAID MUNAWAR,,YES,,,,,https://www.propertyfinder.bh/en/plp/rent/apartment-for-rent-capital-governorate-al-juffair-55599853.html,2026-07-27T21:16:55.514144+00:00,2026-08-14T20:37:52.052197+00:00,17,2026-08-14T20:37:52.052197+00:00
2026-08-15,removed,55658453,,,Apartment,"Affordable | Marble Flooring | WiFi, EWA Included",250.0,,,,BHD,monthly,,,,,,,,,,,26.211111068725586,50.601112365722656,,,,Majeed Moosa,,YES,,,,,https://www.propertyfinder.bh/en/plp/rent/apartment-for-rent-capital-governorate-al-juffair-55658453.html,2026-07-29T21:03:30.697466+00:00,2026-08-14T20:37:52.052197+00:00,15,2026-08-14T20:37:52.052197+00:00
2026-08-15,removed,55658503,,,Whole Building,Whole Building for Sale | 128 sqm | 14 Bedrooms,170000.0,,,,BHD,sell,,,,,,,,,,,26.23387908935547,50.5939826965332,,,,Abdulla AlSamahiji,,PARTLY,completed,,,,https://www.propertyfinder.bh/en/plp/buy/whole-building-for-sale-capital-governorate-hoora-55658503.html,2026-07-29T21:03:30.697466+00:00,2026-08-14T20:37:52.052197+00:00,15,2026-08-14T20:37:52.052197+00:00
2026-08-15,removed,55658998,,,Villa,Affordable 5 bedroom Semi furnished Private garden,600.0,,,,BHD,monthly,,,,,,,,Amwaj Homes,,,26.288480758666992,50.66381072998047,,,,Mohammad Rizwan Ashraf,,PARTLY,,,,,https://www.propertyfinder.bh/en/plp/rent/villa-for-rent-muharraq-governorate-amwaj-islands-amwaj-homes-55658998.html,2026-07-29T21:03:30.697466+00:00,2026-08-14T20:37:52.052197+00:00,15,2026-08-14T20:37:52.052197+00:00
2026-08-15,removed,55659542,,,Apartment,Luxurious|High Floor|Hot Price|Bright|Modern,270.0,,,,BHD,monthly,,,,,,,,Manama Downtown,,,26.23276138305664,50.57925033569336,,,,Hazeeth,,YES,,,,,https://www.propertyfinder.bh/en/plp/rent/apartment-for-rent-capital-governorate-manama-manama-downtown-55659542.html,2026-07-29T21:03:30.697466+00:00,2026-08-14T20:37:52.052197+00:00,15,2026-08-14T20:37:52.052197+00:00
2026-08-15,removed,55687211,,,Apartment,Sea View I in Fontana I Modern I 5 Star Facilities,325.0,,,,BHD,monthly,,,,,,,,,,,26.211111068725586,50.601112365722656,,,,Antony Shaiju,,YES,,,,,https://www.propertyfinder.bh/en/plp/rent/apartment-for-rent-capital-governorate-al-juffair-55687211.html,2026-07-30T21:17:40.423408+00:00,2026-08-14T20:37:52.052197+00:00,14,2026-08-14T20:37:52.052197+00:00
2026-08-15,removed,55687912,,,Villa,Spectacular Villa | Private Garden | Kids Friendly,1600.0,,,,BHD,monthly,,,,,,,,,,,26.166685104370117,50.45078659057617,,,,Avid D Souza,,PARTLY,,,,,https://www.propertyfinder.bh/en/plp/rent/villa-for-rent-northern-governorate-al-jasra-55687912.html,2026-07-30T21:17:40.423408+00:00,2026-08-14T20:37:52.052197+00:00,14,2026-08-14T20:37:52.052197+00:00
2026-08-15,removed,55773616,,,Apartment,SPACIOUS | CLOSED KITCHEN | GREAT AMENITIES,420.0,,,,BHD,monthly,,,,,,,,,,,26.211111068725586,50.601112365722656,,,,Princess Antonnette Caranto,,YES,,,,,https://www.propertyfinder.bh/en/plp/rent/apartment-for-rent-capital-governorate-al-juffair-55773616.html,2026-08-02T21:01:45.450020+00:00,2026-08-14T20:37:52.052197+00:00,11,2026-08-14T20:37:52.052197+00:00
2026-08-15,removed,55803629,,,Villa,Private Inlcusive Fully Furnished Villa In City,1000.0,,,,BHD,monthly,,,,,,,,,,,26.207910537719727,50.587345123291016,,,,Ponmony Remesh,,PARTLY,,,,,https://www.propertyfinder.bh/en/plp/rent/villa-for-rent-capital-governorate-manama-mahooz-55803629.html,2026-08-03T21:12:00.704076+00:00,2026-08-14T20:37:52.052197+00:00,10,2026-08-14T20:37:52.052197+00:00
2026-08-15,removed,55861746,,,Apartment,BEAUTIFUL & BRIGHT WITH SEA-VIEW | SPACIOUS | EWA,550.0,,,,BHD,monthly,,,,,,,,The Lagoon,,,26.287778854370117,50.66339111328125,,,,Fadi Eweida,,YES,,,,,https://www.propertyfinder.bh/en/plp/rent/apartment-for-rent-muharraq-governorate-amwaj-islands-the-lagoon-55861746.html,2026-08-05T21:21:28.553228+00:00,2026-08-14T20:37:52.052197+00:00,8,2026-08-14T20:37:52.052197+00:00
2026-08-15,removed,55861748,,,Apartment,VERY LOW PRICE | SPACIOUS | BEAUTIFUL SEA-VIEW,350.0,,,,BHD,monthly,,,,,,,,The Lagoon,,,26.287778854370117,50.66339111328125,,,,Fadi Eweida,,YES,,,,,https://www.propertyfinder.bh/en/plp/rent/apartment-for-rent-muharraq-governorate-amwaj-islands-the-lagoon-55861748.html,2026-08-05T21:21:28.553228+00:00,2026-08-14T20:37:52.052197+00:00,8,2026-08-14T20:37:52.052197+00:00
2026-08-15,removed,55893020,,,Villa,Contemporary furnished 4bed villa Big pool in comp,1000.0,,,,BHD,monthly,,,,,,,,,,,26.19164276123047,50.48757553100586,,,,Jasmine Dhakan,,YES,,,,,https://www.propertyfinder.bh/en/plp/rent/villa-for-rent-northern-governorate-saar-55893020.html,2026-08-07T00:55:25.755875+00:00,2026-08-14T20:37:52.052197+00:00,7,2026-08-14T20:37:52.052197+00:00
2026-08-15,removed,55893096,,,Villa,Contemporary 4bed villa in comp- BD1200 Incl. !,1200.0,,,,BHD,monthly,,,,,,,,,,,26.19164276123047,50.48757553100586,,,,Jasmine Dhakan,,PARTLY,,,,,https://www.propertyfinder.bh/en/plp/rent/villa-for-rent-northern-governorate-saar-55893096.html,2026-08-07T00:55:25.755875+00:00,2026-08-14T20:37:52.052197+00:00,7,2026-08-14T20:37:52.052197+00:00
2026-08-15,removed,55978509,,,Apartment,Affordable Investment Studio in Central Location,32000.0,,,,BHD,sell,,,,,,,,Sanabis,,,26.226558685302734,50.5459098815918,,,,Christian Brunet,,YES,completed,,,,https://www.propertyfinder.bh/en/plp/buy/apartment-for-sale-capital-governorate-manama-sanabis-55978509.html,2026-08-09T20:40:10.613404+00:00,2026-08-14T20:37:52.052197+00:00,4,2026-08-14T20:37:52.052197+00:00
2026-08-15,removed,56066780,,,Apartment,luxurious cozy modern 3 bhk with maid room,480.0,,,,BHD,monthly,,,,,,,,,,,26.19164276123047,50.48757553100586,,,,Aysha Adil,,YES,,,,,https://www.propertyfinder.bh/en/plp/rent/apartment-for-rent-northern-governorate-saar-56066780.html,2026-08-12T20:53:13.944971+00:00,2026-08-14T20:37:52.052197+00:00,1,2026-08-14T20:37:52.052197+00:00
2026-08-15,removed,56067775,,,Apartment,beautiful 2bhk with close kitchen,250.0,,,,BHD,monthly,,,,,,,,,,,26.19164276123047,50.48757553100586,,,,Aysha Adil,,PARTLY,,,,,https://www.propertyfinder.bh/en/plp/rent/apartment-for-rent-northern-governorate-saar-56067775.html,2026-08-12T20:53:13.944971+00:00,2026-08-14T20:37:52.052197+00:00,1,2026-08-14T20:37:52.052197+00:00
2026-08-15,removed,56096051,,,Apartment,Luxury | City Skyline view | 5 Star Amenities,500.0,,,,BHD,monthly,,,,,,,,,,,26.211111068725586,50.601112365722656,,,,Mokhles Sayed ,,YES,,,,,https://www.propertyfinder.bh/en/plp/rent/apartment-for-rent-capital-governorate-al-juffair-56096051.html,2026-08-13T20:51:34.764467+00:00,2026-08-14T20:37:52.052197+00:00,0,2026-08-14T20:37:52.052197+00:00
2026-08-15,removed,872833,,,Office Space,New Office| Spacious | Ideally Location | Parking,450.0,,,,BHD,monthly,,,,,,,,,,,26.188888549804688,50.54999923706055,,,,Mohammed Shaheem,,PARTLY,,,,,https://www.propertyfinder.bh/en/plp/commercial-rent/office-space-for-rent-central-governorate-tubli-872833.html,2026-05-31T13:58:31.068517+00:00,2026-08-14T20:37:52.052197+00:00,75,2026-08-14T20:37:52.052197+00:00
2026-08-15,removed,915274,,,Land,Exceptional Location – Residential Land on Two Str,111463.0,,,,BHD,sell,,,,,,,,,,,26.202558517456055,50.519554138183594,,,,Salah Hashem,,,,,,,https://www.propertyfinder.bh/en/plp/buy/land-for-sale-northern-governorate-bu-quwah-915274.html,2026-05-31T13:58:31.068517+00:00,2026-08-14T20:37:52.052197+00:00,75,2026-08-14T20:37:52.052197+00:00
2026-08-15,removed,915376,,,Land,land for sale in boughwa quiet location  for villa,110567.0,,,,BHD,sell,,,,,,,,,,,26.202558517456055,50.519554138183594,,,,Salah Hashem,,,,,,,https://www.propertyfinder.bh/en/plp/buy/land-for-sale-northern-governorate-bu-quwah-915376.html,2026-05-31T13:58:31.068517+00:00,2026-08-14T20:37:52.052197+00:00,75,2026-08-14T20:37:52.052197+00:00
2026-08-15,removed,915381,,,Land,land opportunity in bu quwah residential plot ,103437.0,,,,BHD,sell,,,,,,,,,,,26.202558517456055,50.519554138183594,,,,Salah Hashem,,,,,,,https://www.propertyfinder.bh/en/plp/buy/land-for-sale-northern-governorate-bu-quwah-915381.html,2026-05-31T13:58:31.068517+00:00,2026-08-14T20:37:52.052197+00:00,75,2026-08-14T20:37:52.052197+00:00
2026-08-15,removed,915392,,,Land,greet location quite area land for sale inbough  ,104264.0,,,,BHD,sell,,,,,,,,,,,26.202558517456055,50.519554138183594,,,,Salah Hashem,,,,,,,https://www.propertyfinder.bh/en/plp/buy/land-for-sale-northern-governorate-bu-quwah-915392.html,2026-05-31T13:58:31.068517+00:00,2026-08-14T20:37:52.052197+00:00,75,2026-08-14T20:37:52.052197+00:00
2026-08-15,removed,936052,,,Apartment,Bright Modern Studio with unlimited EWA,150.0,,,,BHD,monthly,,,,,,,,,,,26.2102108001709,50.56403350830078,,,,Aby N,,YES,,,,,https://www.propertyfinder.bh/en/plp/rent/apartment-for-rent-capital-governorate-manama-zinj-936052.html,2026-05-31T13:58:31.068517+00:00,2026-08-14T20:37:52.052197+00:00,75,2026-08-14T20:37:52.052197+00:00
2026-08-15,removed,946606,,,Villa,Spacious Three Storey Villa for Sale in Al Markh,98000.0,,,,BHD,sell,,,,,,,,,,,26.20135498046875,50.4798698425293,,,,Qasim AlWatani ,,PARTLY,completed,,,,https://www.propertyfinder.bh/en/plp/buy/villa-for-sale-northern-governorate-al-markh-946606.html,2026-05-31T13:58:31.068517+00:00,2026-08-14T20:37:52.052197+00:00,75,2026-08-14T20:37:52.052197+00:00
2026-08-15,removed,953598,,,Villa,High Quality Finish Smart Home Villa for Sale,350000.0,,,,BHD,sell,,,,,,,,,,,26.21263313293457,50.67418670654297,,,,Qasim AlWatani ,,PARTLY,completed_primary,,,,https://www.propertyfinder.bh/en/plp/buy/villa-for-sale-muharraq-governorate-hidd-953598.html,2026-05-31T13:58:31.068517+00:00,2026-08-14T20:37:52.052197+00:00,75,2026-08-14T20:37:52.052197+00:00
2026-08-15,removed,954351,,,Villa,"Modern Spacious, Premium Finishing, Private Garden",620.0,,,,BHD,monthly,,,,,,,,Diyar Al Muharraq,,,26.31142234802246,50.64306640625,,,,Abdulla Murad,,PARTLY,,,,,https://www.propertyfinder.bh/en/plp/rent/villa-for-rent-muharraq-governorate-diyar-al-muharraq-954351.html,2026-05-31T13:58:31.068517+00:00,2026-08-14T20:37:52.052197+00:00,75,2026-08-14T20:37:52.052197+00:00
2026-08-15,removed,961069,,,Apartment,Quiet location | Available services | Independence,77000.0,,,,BHD,sell,,,,,,,,Al Bahair,,,26.149368286132812,50.56598663330078,,,,Al Lagoon Real Estate ,,PARTLY,completed_primary,,,,https://www.propertyfinder.bh/en/plp/buy/apartment-for-sale-southern-governorate-riffa-al-bahair-961069.html,2026-05-31T13:58:31.068517+00:00,2026-08-14T20:37:52.052197+00:00,75,2026-08-14T20:37:52.052197+00:00
2026-08-15,removed,962415,,,Land,Prime Residential Plot in Jid Al Haj Area 3 road,85000.0,,,,BHD,sell,,,,,,,,,,,26.234378814697266,50.50168228149414,,,,Qasim AlWatani ,,,,,,,https://www.propertyfinder.bh/en/plp/buy/land-for-sale-northern-governorate-jid-al-haj-962415.html,2026-05-31T13:58:31.068517+00:00,2026-08-14T20:37:52.052197+00:00,75,2026-08-14T20:37:52.052197+00:00
2026-08-15,removed,962416,,,Land,Excavated backfilled residential land in Malkiya,77137.0,,,,BHD,sell,,,,,,,,,,,26.100860595703125,50.48801040649414,,,,Qasim AlWatani ,,,,,,,https://www.propertyfinder.bh/en/plp/buy/land-for-sale-northern-governorate-malkiyah-962416.html,2026-05-31T13:58:31.068517+00:00,2026-08-14T20:37:52.052197+00:00,75,2026-08-14T20:37:52.052197+00:00
2026-08-15,removed,962809,,,Office Space,HUGE FITTED SEAFRONT OFFICE SPACE | REEF ISLAND ,5456.0,,,,BHD,monthly,,,,,,,,,,,26.239999771118164,50.5369987487793,,,,Hussain Husaini,,YES,,,,,https://www.propertyfinder.bh/en/plp/commercial-rent/office-space-for-rent-capital-governorate-seef-962809.html,2026-05-31T13:58:31.068517+00:00,2026-08-14T20:37:52.052197+00:00,75,2026-08-14T20:37:52.052197+00:00
2026-08-15,removed,962928,,,Apartment,"Luxury and comfort, prime location, modern design",360.0,,,,BHD,monthly,,,,,,,,,,,26.211111068725586,50.601112365722656,,,,MOHAMED NADER,,YES,,,,,https://www.propertyfinder.bh/en/plp/rent/apartment-for-rent-capital-governorate-al-juffair-962928.html,2026-07-16T13:23:22.641531+00:00,2026-08-14T20:37:52.052197+00:00,29,2026-08-14T20:37:52.052197+00:00
2026-08-15,removed,963781,,,Apartment,Close Kitchen | Spacious | Wifi | Neat and Clean,250.0,,,,BHD,monthly,,,,,,,,,,,26.211111068725586,50.601112365722656,,,,Mokhles Sayed ,,YES,,,,,https://www.propertyfinder.bh/en/plp/rent/apartment-for-rent-capital-governorate-al-juffair-963781.html,2026-07-16T13:23:22.641531+00:00,2026-08-14T20:37:52.052197+00:00,29,2026-08-14T20:37:52.052197+00:00
2026-08-15,removed,964205,,,Villa,Brand new | Luxurious | quiet area,145000.0,,,,BHD,sell,,,,,,,,,,,26.100860595703125,50.48801040649414,,,,Al Lagoon Real Estate ,,NO,completed_primary,,,,https://www.propertyfinder.bh/en/plp/buy/villa-for-sale-northern-governorate-malkiyah-964205.html,2026-05-31T13:58:31.068517+00:00,2026-08-14T20:37:52.052197+00:00,75,2026-08-14T20:37:52.052197+00:00
2026-08-15,removed,965445,,,Villa,"Fully furnished, Luxury life, Quite area, Privacy.",550.0,,,,BHD,monthly,,,,,,,,Al Areen Development,,,26.003664016723633,50.517555236816406,,,,Abdulrahman Mohammed,,YES,,,,,https://www.propertyfinder.bh/en/plp/rent/villa-for-rent-southern-governorate-zallaq-al-areen-development-965445.html,2026-05-31T13:58:31.068517+00:00,2026-08-14T20:37:52.052197+00:00,75,2026-08-14T20:37:52.052197+00:00
2026-08-15,removed,969849,,,Villa,Quiet area | Reasonable price | Services available,130000.0,,,,BHD,sell,,,,,,,,,,,26.12916374206543,50.49860763549805,,,,Al Lagoon Real Estate ,,NO,completed,,,,https://www.propertyfinder.bh/en/plp/buy/villa-for-sale-northern-governorate-hamad-town-969849.html,2026-05-31T13:58:31.068517+00:00,2026-08-14T20:37:52.052197+00:00,75,2026-08-14T20:37:52.052197+00:00
2026-08-15,removed,973448,,,Compound,High privacy | Quiet area | Close to amenities,960000.0,,,,BHD,sell,,,,,,,,,,,26.19164276123047,50.48757553100586,,,,Al Lagoon Real Estate ,,NO,completed,,,,https://www.propertyfinder.bh/en/plp/buy/compound-for-sale-northern-governorate-saar-973448.html,2026-05-31T13:58:31.068517+00:00,2026-08-14T20:37:52.052197+00:00,75,2026-08-14T20:37:52.052197+00:00
2026-08-15,removed,980072,,,Apartment,"Stunning views, luxury living, elegant design",800.0,,,,BHD,monthly,,,,,,,,,,,26.241750717163086,50.5663948059082,,,,MUSTAFA mohamed ,,YES,,,,,https://www.propertyfinder.bh/en/plp/rent/apartment-for-rent-capital-governorate-reef-island-980072.html,2026-05-31T13:58:31.068517+00:00,2026-08-14T20:37:52.052197+00:00,75,2026-08-14T20:37:52.052197+00:00
2026-08-15,removed,985941,,,Shop,Attractive & negotiable Price near Layali Muharraq,90.0,,,,BHD,monthly,,,,,,,,,,,26.25,50.616668701171875,,,,Abdulrahman Mohammed,,NO,,,,,https://www.propertyfinder.bh/en/plp/commercial-rent/shop-for-rent-muharraq-governorate-muharraq-985941.html,2026-05-31T13:58:31.068517+00:00,2026-08-14T20:37:52.052197+00:00,75,2026-08-14T20:37:52.052197+00:00
2026-08-15,removed,991747,,,Villa,Luxury 4BR Villa for Sale in Saar high finishing,230000.0,,,,BHD,sell,,,,,,,,,,,26.19164276123047,50.48757553100586,,,,Qasim AlWatani ,,PARTLY,completed_primary,,,,https://www.propertyfinder.bh/en/plp/buy/villa-for-sale-northern-governorate-saar-991747.html,2026-05-31T13:58:31.068517+00:00,2026-08-14T20:37:52.052197+00:00,75,2026-08-14T20:37:52.052197+00:00
2026-08-15,removed,993013,,,Apartment,Stunning Sea View | Balcony | High Floor,400.0,,,,BHD,monthly,,,,,,,,,,,26.239999771118164,50.5369987487793,,,,Ehab Naser,,YES,,,,,https://www.propertyfinder.bh/en/plp/rent/apartment-for-rent-capital-governorate-seef-993013.html,2026-05-31T13:58:31.068517+00:00,2026-08-14T20:37:52.052197+00:00,75,2026-08-14T20:37:52.052197+00:00
2026-08-15,removed,993109,,,Apartment,Family building - Spacious - Sea View - Balcony,410.0,,,,BHD,monthly,,,,,,,,Amwaj Avenue,,,26.29302978515625,50.66474151611328,,,,Moueen Charfi,,PARTLY,,,,,https://www.propertyfinder.bh/en/plp/rent/apartment-for-rent-muharraq-governorate-amwaj-islands-amwaj-avenue-993109.html,2026-05-31T13:58:31.068517+00:00,2026-08-14T20:37:52.052197+00:00,75,2026-08-14T20:37:52.052197+00:00
2026-08-15,removed,995903,,,Apartment,Very Spacious Modern Furnished 3 Bath room,370.0,,,,BHD,monthly,,,,,,,,,,,26.211111068725586,50.601112365722656,,,,Haroon Sorathia,,YES,,,,,https://www.propertyfinder.bh/en/plp/rent/apartment-for-rent-capital-governorate-al-juffair-995903.html,2026-07-16T13:23:22.641531+00:00,2026-08-14T20:37:52.052197+00:00,29,2026-08-14T20:37:52.052197+00:00
2026-08-15,removed,998750,,,Apartment,WELL MAINTAINED | READY TO MOVE IN | COZY LAYOUT,295.0,,,,BHD,monthly,,,,,,,,Amwaj Avenue,,,26.29302978515625,50.66474151611328,,,,Moueen Charfi,,YES,,,,,https://www.propertyfinder.bh/en/plp/rent/apartment-for-rent-muharraq-governorate-amwaj-islands-amwaj-avenue-998750.html,2026-05-31T13:58:31.068517+00:00,2026-08-14T20:37:52.052197+00:00,75,2026-08-14T20:37:52.052197+00:00
2026-08-15,price_changed,52597287,,,Apartment,GREAT LOCATION ADLYIA| NEW TOWER| 3BDRS+ MAID ROOM,900.0,950.0,50.0,5.56,BHD,monthly,,,,,,,,,,,26.214487075805664,50.584754943847656,,,,Marie Sharpe,,YES,,,,,https://www.propertyfinder.bh/en/plp/rent/apartment-for-rent-capital-governorate-manama-adliya-823344.html,2026-06-05T09:09:08.616835+00:00,2026-08-15T20:30:10.785226+00:00,71,2026-08-15T20:30:10.785226+00:00
2026-08-15,price_changed,53549145,,,Apartment,WELL MAINTAINED / SPACIOUS / HIGH FLOOR / SEA VIEW,300.0,320.0,20.0,6.67,BHD,monthly,,,,,,,,Amwaj Marina,,,26.293058395385742,50.65943908691406,,,,Moueen Charfi,,YES,,,,,https://www.propertyfinder.bh/en/plp/rent/apartment-for-rent-muharraq-governorate-amwaj-islands-amwaj-marina-53549145.html,2026-05-31T13:58:31.068517+00:00,2026-08-15T20:30:10.785226+00:00,76,2026-08-15T20:30:10.785226+00:00
2026-08-15,price_changed,53709483,,,Apartment,Balcony | Great Investment Opportunity | Open View,52000.0,56000.0,4000.0,7.69,BHD,sell,,,,,,,,,,,26.211111068725586,50.601112365722656,,,,Christian Brunet,,YES,completed,,,,https://www.propertyfinder.bh/en/plp/buy/apartment-for-sale-capital-governorate-al-juffair-53709483.html,2026-05-31T13:58:31.068517+00:00,2026-08-15T20:30:10.785226+00:00,76,2026-08-15T20:30:10.785226+00:00
2026-08-15,price_changed,54233759,,,Apartment,BRAND NEW | SEA & POOL VIEW | PRIVATE BEACH ACCESS,500.0,475.0,-25.0,-5.0,BHD,monthly,,,,,,,,Diyar Al Muharraq,,,26.303447723388672,50.6461296081543,,,,Muhammad Sachal Khan Niazi,,YES,,,,,https://www.propertyfinder.bh/en/plp/rent/apartment-for-rent-muharraq-governorate-diyar-al-muharraq-marassi-al-bahrain-54233759.html,2026-06-09T13:03:47.398622+00:00,2026-08-15T20:30:10.785226+00:00,67,2026-08-15T20:30:10.785226+00:00
2026-08-15,price_changed,54397766,,,Apartment,Furnished Large 1BDR Apartment (FULL SEA VIEW),47000.0,44000.0,-3000.0,-6.38,BHD,sell,,,,,,,,Abraj Al Lulu,,,26.230030059814453,50.55890655517578,,,,Reina San Pascual,,YES,completed,,,,https://www.propertyfinder.bh/en/plp/buy/apartment-for-sale-capital-governorate-manama-abraj-al-lulu-54397766.html,2026-06-15T21:06:46.439420+00:00,2026-08-15T20:30:10.785226+00:00,60,2026-08-15T20:30:10.785226+00:00
2026-08-15,price_changed,55113802,,,Villa,Fully furnished three bedroom villa in Juffair,450.0,500.0,50.0,11.11,BHD,monthly,,,,,,,,,,,26.211111068725586,50.601112365722656,,,,SKY ONE REALTY,,YES,,,,,https://www.propertyfinder.bh/en/plp/rent/villa-for-rent-capital-governorate-al-juffair-55113802.html,2026-07-10T21:12:15.222994+00:00,2026-08-15T20:30:10.785226+00:00,35,2026-08-15T20:30:10.785226+00:00
2026-08-15,price_changed,55171872,,,Apartment,Bright spacious 3bhk semi furnished,375.0,365.0,-10.0,-2.67,BHD,monthly,,,,,,,,,,,26.19164276123047,50.48757553100586,,,,Aysha Adil,,PARTLY,,,,,https://www.propertyfinder.bh/en/plp/rent/apartment-for-rent-northern-governorate-saar-55171872.html,2026-07-12T20:58:01.791743+00:00,2026-08-15T20:30:10.785226+00:00,33,2026-08-15T20:30:10.785226+00:00
2026-08-15,price_changed,55256440,,,Apartment,Sea View | Balcony | Pets friendly,330.0,300.0,-30.0,-9.09,BHD,monthly,,,,,,,,Amwaj Avenue,,,26.29302978515625,50.66474151611328,,,,Talha Umer,,YES,,,,,https://www.propertyfinder.bh/en/plp/rent/apartment-for-rent-muharraq-governorate-amwaj-islands-amwaj-avenue-55256440.html,2026-07-16T13:23:22.641531+00:00,2026-08-15T20:30:10.785226+00:00,30,2026-08-15T20:30:10.785226+00:00
2026-08-15,price_changed,55598986,,,Apartment,Luxury Unit | Stunning Pool Views | Beach Access,370.0,350.0,-20.0,-5.41,BHD,monthly,,,,,,,,Diyar Al Muharraq,,,26.303447723388672,50.6461296081543,,,,Muhammad Sachal Khan Niazi,,YES,,,,,https://www.propertyfinder.bh/en/plp/rent/apartment-for-rent-muharraq-governorate-diyar-al-muharraq-marassi-al-bahrain-55598986.html,2026-07-27T21:16:55.514144+00:00,2026-08-15T20:30:10.785226+00:00,18,2026-08-15T20:30:10.785226+00:00
2026-08-15,price_changed,55599315,,,Villa,Prime Location | Stand Alone | En-Suite Bedrooms |,550.0,480.0,-70.0,-12.73,BHD,monthly,,,,,,,,,,,26.19164276123047,50.48757553100586,,,,Facundo de Moura,,PARTLY,,,,,https://www.propertyfinder.bh/en/plp/rent/villa-for-rent-northern-governorate-saar-55599315.html,2026-07-27T21:16:55.514144+00:00,2026-08-15T20:30:10.785226+00:00,18,2026-08-15T20:30:10.785226+00:00
2026-08-15,price_changed,55659573,,,Apartment,1 BHK Sea View fully renovated furnished apartment,850.0,750.0,-100.0,-11.76,BHD,monthly,,,,,,,,,,,26.241750717163086,50.5663948059082,,,,Abdul Wahab,,YES,,,,,https://www.propertyfinder.bh/en/plp/rent/apartment-for-rent-capital-governorate-reef-island-55659573.html,2026-07-29T21:03:30.697466+00:00,2026-08-15T20:30:10.785226+00:00,16,2026-08-15T20:30:10.785226+00:00
2026-08-15,price_changed,55861120,,,Apartment,SEA VIEWS| MODERN|HUGE BALCONY| UNLIMITED EWA|WIFi,600.0,550.0,-50.0,-8.33,BHD,monthly,,,,,,,,Amwaj Avenue,,,26.29302978515625,50.66474151611328,,,,Marie Sharpe,,YES,,,,,https://www.propertyfinder.bh/en/plp/rent/apartment-for-rent-muharraq-governorate-amwaj-islands-amwaj-avenue-55861120.html,2026-08-05T21:21:28.553228+00:00,2026-08-15T20:30:10.785226+00:00,9,2026-08-15T20:30:10.785226+00:00
2026-08-15,price_changed,55861700,,,Villa,Luxury Beachfront 3 Storey Villa with Private Pool,2300.0,2500.0,200.0,8.7,BHD,monthly,,,,,,,,Najma,,,26.29715919494629,50.669647216796875,,,,Mohammad Rizwan Ashraf,,PARTLY,,,,,https://www.propertyfinder.bh/en/plp/rent/villa-for-rent-muharraq-governorate-amwaj-islands-najma-55861700.html,2026-08-05T21:21:28.553228+00:00,2026-08-15T20:30:10.785226+00:00,9,2026-08-15T20:30:10.785226+00:00
2026-08-15,price_changed,55862059,,,Apartment,NEW ELEGANT ONE BED  W LARGE TERRACE + BALCONY,400.0,430.0,30.0,7.5,BHD,monthly,,,,,,,,Sanabis,,,26.226558685302734,50.5459098815918,,,,Marie Sharpe,,YES,,,,,https://www.propertyfinder.bh/en/plp/rent/apartment-for-rent-capital-governorate-manama-sanabis-55862059.html,2026-08-05T21:21:28.553228+00:00,2026-08-15T20:30:10.785226+00:00,9,2026-08-15T20:30:10.785226+00:00
2026-08-15,price_changed,55891482,,,Villa,4 BR Family Villa | 2 Closed Kitchens | Garage,400.0,450.0,50.0,12.5,BHD,monthly,,,,,,,,,,,26.21263313293457,50.67418670654297,,,,Muhammad Usman,,NO,,,,,https://www.propertyfinder.bh/en/plp/rent/villa-for-rent-muharraq-governorate-hidd-55891482.html,2026-08-07T00:55:25.755875+00:00,2026-08-15T20:30:10.785226+00:00,8,2026-08-15T20:30:10.785226+00:00
2026-08-15,price_changed,55891493,,,Villa,Affordable 4 BR Villa | 2 Closed Kitchens | Garage,400.0,450.0,50.0,12.5,BHD,monthly,,,,,,,,,,,26.21263313293457,50.67418670654297,,,,Abu Bakar Siddque,,NO,,,,,https://www.propertyfinder.bh/en/plp/rent/villa-for-rent-muharraq-governorate-hidd-55891493.html,2026-08-07T00:55:25.755875+00:00,2026-08-15T20:30:10.785226+00:00,8,2026-08-15T20:30:10.785226+00:00
2026-08-15,price_changed,55980206,,,Apartment,2 BR Furnished Apartment with Kids play area,320.0,310.0,-10.0,-3.12,BHD,monthly,,,,,,,,,,,26.211111068725586,50.601112365722656,,,,JUNAID MUNAWAR,,YES,,,,,https://www.propertyfinder.bh/en/plp/rent/apartment-for-rent-capital-governorate-al-juffair-55980206.html,2026-08-09T20:40:10.613404+00:00,2026-08-15T20:30:10.785226+00:00,5,2026-08-15T20:30:10.785226+00:00
2026-08-15,price_changed,56067880,,,Villa,Canal Access 3 BR FF / Maid Room /Parking For Boat,990.0,890.0,-100.0,-10.1,BHD,monthly,,,,,,,,Al Marsa Floating City,,,26.2847957611084,50.669620513916016,,,,Mohammad Rizwan Ashraf,,YES,,,,,https://www.propertyfinder.bh/en/plp/rent/villa-for-rent-muharraq-governorate-amwaj-islands-al-marsa-floating-city-56067880.html,2026-08-12T20:53:13.944971+00:00,2026-08-15T20:30:10.785226+00:00,2,2026-08-15T20:30:10.785226+00:00
2026-08-15,price_changed,56067922,,,Villa,Stylish renovated Villa with Private Pool,950.0,1000.0,50.0,5.26,BHD,monthly,,,,,,,,,,,26.19164276123047,50.48757553100586,,,,Vikki Ann Lord,,YES,,,,,https://www.propertyfinder.bh/en/plp/rent/villa-for-rent-northern-governorate-saar-56067922.html,2026-08-12T20:53:13.944971+00:00,2026-08-15T20:30:10.785226+00:00,2,2026-08-15T20:30:10.785226+00:00
