change_date,change_type,listing_id,category,listing_type,property_type,title,price_prev,price_curr,price_delta,price_delta_pct,currency,price_period,area_size,area_unit,beds_min,beds_max,baths_min,city,area,community,sub_community,compound,latitude,longitude,developer,project_name,agency_name,agent_name,agent_phone,furnished,completion_status,permit_number,rera_number,amenities,share_url,first_seen_at,last_seen_at,days_on_market,scraped_at
2026-08-10,new,1000930,,,Villa,| BIG HOUSE FOR A BIG FAMILY! | GREAT DEAL! |,,138000.0,,,BHD,sell,,,,,,,,,,,26.2631893157959,50.63755416870117,,,,Violeta Abboud,,NO,completed_primary,,,,https://www.propertyfinder.bh/en/plp/buy/villa-for-sale-muharraq-governorate-al-zayayina-1000930.html,2026-05-31T13:58:31.068517+00:00,2026-08-10T20:51:18.479280+00:00,71,2026-08-10T20:51:18.479280+00:00
2026-08-10,new,53490315,,,Villa,5 BEDROOM VILLA II PRIME LOCATION II HIDD,,550.0,,,BHD,monthly,,,,,,,,,,,26.21263313293457,50.67418670654297,,,,Sheraz Butt,,PARTLY,,,,,https://www.propertyfinder.bh/en/plp/rent/villa-for-rent-muharraq-governorate-hidd-53490315.html,2026-05-31T13:58:31.068517+00:00,2026-08-10T20:51:18.479280+00:00,71,2026-08-10T20:51:18.479280+00:00
2026-08-10,new,53765768,,,Apartment,Sea / Pool  View | Direct Beach |  Mall  Access,,450.0,,,BHD,monthly,,,,,,,,Diyar Al Muharraq,Marassi Shores Residences,,26.303447723388672,50.6461296081543,,,,Sonali Fernandes,,YES,,,,,https://www.propertyfinder.bh/en/plp/rent/apartment-for-rent-muharraq-governorate-diyar-al-muharraq-marassi-shores-residences-53765768.html,2026-05-31T13:58:31.068517+00:00,2026-08-10T20:51:18.479280+00:00,71,2026-08-10T20:51:18.479280+00:00
2026-08-10,new,54262796,,,Apartment,Family Apartment For Rent in Daih Area,,150.0,,,BHD,monthly,,,,,,,,,,,26.225631713867188,50.535701751708984,,,,Hasan ABDULELAH ABDULHUSAIN Ahmed,,NO,,,,,https://www.propertyfinder.bh/en/plp/rent/apartment-for-rent-northern-governorate-al-daih-54262796.html,2026-06-10T21:00:38.499992+00:00,2026-08-10T20:51:18.479280+00:00,60,2026-08-10T20:51:18.479280+00:00
2026-08-10,new,54626096,,,Apartment,Seaview/2BR+maid/Partially upgraded/Tala,,95000.0,,,BHD,sell,,,,,,,,Tala Island,,,26.300025939941406,50.66316223144531,,,,Svetlana Resheliyan,,PARTLY,completed,,,,https://www.propertyfinder.bh/en/plp/buy/apartment-for-sale-muharraq-governorate-amwaj-islands-tala-island-54626096.html,2026-06-23T20:51:22.852189+00:00,2026-08-10T20:51:18.479280+00:00,47,2026-08-10T20:51:18.479280+00:00
2026-08-10,new,54654548,,,Apartment,Luxury Lifestyle Awaits | Stunning 1 Bedroom Apart,,600.0,,,BHD,monthly,,,,,,,,,,,26.239999771118164,50.5369987487793,,,,Sheraz Butt,,YES,,,,,https://www.propertyfinder.bh/en/plp/rent/apartment-for-rent-capital-governorate-seef-54654548.html,2026-06-24T20:40:58.428770+00:00,2026-08-10T20:51:18.479280+00:00,47,2026-08-10T20:51:18.479280+00:00
2026-08-10,new,54744512,,,Apartment,Premium Apartment with Exceptional Amenities,,550.0,,,BHD,monthly,,,,,,,,,,,26.249584197998047,50.580360412597656,,,,Sheraz Butt,,YES,,,,,https://www.propertyfinder.bh/en/plp/rent/apartment-for-rent-capital-governorate-bahrain-bay-54744512.html,2026-06-27T20:31:13.793073+00:00,2026-08-10T20:51:18.479280+00:00,44,2026-08-10T20:51:18.479280+00:00
2026-08-10,new,54744580,,,Apartment,Elegant Garden Villa in a Prestigious Compound,,900.0,,,BHD,monthly,,,,,,,,,,,26.19164276123047,50.48757553100586,,,,Sheraz Butt,,PARTLY,,,,,https://www.propertyfinder.bh/en/plp/rent/apartment-for-rent-northern-governorate-saar-54744580.html,2026-06-28T20:33:34.411222+00:00,2026-08-10T20:51:18.479280+00:00,43,2026-08-10T20:51:18.479280+00:00
2026-08-10,new,54801683,,,Apartment,STANDALONE II FURNISHED VILLA II 5 BEDROOM II POOL,,1400.0,,,BHD,monthly,,,,,,,,,,,26.185943603515625,50.46711349487305,,,,SABIR,,YES,,,,,https://www.propertyfinder.bh/en/plp/rent/apartment-for-rent-northern-governorate-janabiya-54801683.html,2026-06-29T20:43:30.057141+00:00,2026-08-10T20:51:18.479280+00:00,42,2026-08-10T20:51:18.479280+00:00
2026-08-10,new,54801689,,,Apartment,BUDGET FRIENDLY 3 BEDROOM APARTMENT II JANABYIAH,,380.0,,,BHD,monthly,,,,,,,,,,,26.185943603515625,50.46711349487305,,,,SABIR,,YES,,,,,https://www.propertyfinder.bh/en/plp/rent/apartment-for-rent-northern-governorate-janabiya-54801689.html,2026-06-29T20:43:30.057141+00:00,2026-08-10T20:51:18.479280+00:00,42,2026-08-10T20:51:18.479280+00:00
2026-08-10,new,54942372,,,Apartment,BRIGHT AND SPACIOUS 2 BEDROOM FULLY FURNISHED,,360.0,,,BHD,monthly,,,,,,,,,,,26.19164276123047,50.48757553100586,,,,SABIR,,YES,,,,,https://www.propertyfinder.bh/en/plp/rent/apartment-for-rent-northern-governorate-saar-54942372.html,2026-07-04T21:05:04.819049+00:00,2026-08-10T20:51:18.479280+00:00,36,2026-08-10T20:51:18.479280+00:00
2026-08-10,new,55085054,,,Apartment,Bright specious I With ACs and Curtains,,250.0,,,BHD,monthly,,,,,,,,,,,26.188888549804688,50.54999923706055,,,,Sheraz Butt,,PARTLY,,,,,https://www.propertyfinder.bh/en/plp/rent/apartment-for-rent-central-governorate-tubli-982460.html,2026-07-09T21:28:23.078681+00:00,2026-08-10T20:51:18.479280+00:00,31,2026-08-10T20:51:18.479280+00:00
2026-08-10,new,55085207,,,Apartment,LUXURIOUS ONE BEDROOM II POOL AND GYM II FURNISHED,,360.0,,,BHD,monthly,,,,,,,,,,,26.202558517456055,50.519554138183594,,,,SABIR,,YES,,,,,https://www.propertyfinder.bh/en/plp/rent/apartment-for-rent-northern-governorate-bu-quwah-55085207.html,2026-07-09T21:28:23.078681+00:00,2026-08-10T20:51:18.479280+00:00,31,2026-08-10T20:51:18.479280+00:00
2026-08-10,new,55085226,,,Apartment,LUXURIOUS AND SPACIOUS II BUDGET FRIENDLY II 3 BHK,,500.0,,,BHD,monthly,,,,,,,,,,,26.185943603515625,50.46711349487305,,,,SABIR,,YES,,,,,https://www.propertyfinder.bh/en/plp/rent/apartment-for-rent-northern-governorate-janabiya-55085226.html,2026-07-09T21:28:23.078681+00:00,2026-08-10T20:51:18.479280+00:00,31,2026-08-10T20:51:18.479280+00:00
2026-08-10,new,55085466,,,Apartment,SPACIOUS AND LUXURIOUS II JUFFAIR PRIME LOCATION,,725.0,,,BHD,monthly,,,,,,,,,,,26.211111068725586,50.601112365722656,,,,Sheraz Butt,,YES,,,,,https://www.propertyfinder.bh/en/plp/rent/apartment-for-rent-capital-governorate-al-juffair-55085466.html,2026-07-09T21:28:23.078681+00:00,2026-08-10T20:51:18.479280+00:00,31,2026-08-10T20:51:18.479280+00:00
2026-08-10,new,55980602,,,Apartment,LUXURY BRIGHT BALCONY NEAR HOSPITAL GYM POOL,,320.0,,,BHD,monthly,,,,,,,,,,,26.27199935913086,50.60900115966797,,,,khan Mohammad khan,,YES,,,,,https://www.propertyfinder.bh/en/plp/rent/apartment-for-rent-muharraq-governorate-busaiteen-55980602.html,2026-08-10T20:51:18.479280+00:00,2026-08-10T20:51:18.479280+00:00,0,2026-08-10T20:51:18.479280+00:00
2026-08-10,new,55980603,,,Apartment,LOW RENT Included EWA | WI-FI | POOL | GYM,,300.0,,,BHD,monthly,,,,,,,,Amwaj Avenue,,,26.29302978515625,50.66474151611328,,,,Karine Nalbandyan ,,YES,,,,,https://www.propertyfinder.bh/en/plp/rent/apartment-for-rent-muharraq-governorate-amwaj-islands-amwaj-avenue-55980603.html,2026-08-10T20:51:18.479280+00:00,2026-08-10T20:51:18.479280+00:00,0,2026-08-10T20:51:18.479280+00:00
2026-08-10,new,55980681,,,Apartment,LUXURY SPACIOUS NEAR RCSI GYM POOL FAMILY AREA,,240.0,,,BHD,monthly,,,,,,,,,,,26.27199935913086,50.60900115966797,,,,khan Mohammad khan,,YES,,,,,https://www.propertyfinder.bh/en/plp/rent/apartment-for-rent-muharraq-governorate-busaiteen-55980681.html,2026-08-10T20:51:18.479280+00:00,2026-08-10T20:51:18.479280+00:00,0,2026-08-10T20:51:18.479280+00:00
2026-08-10,new,55980690,,,Apartment,Modern Furnished studio at Mahooz,,250.0,,,BHD,monthly,,,,,,,,,,,26.207910537719727,50.587345123291016,,,,Abdulla Ebrahim ,,YES,,,,,https://www.propertyfinder.bh/en/plp/rent/apartment-for-rent-capital-governorate-manama-mahooz-55980690.html,2026-08-10T20:51:18.479280+00:00,2026-08-10T20:51:18.479280+00:00,0,2026-08-10T20:51:18.479280+00:00
2026-08-10,new,55980693,,,Apartment,VERY WELL MAINTAINED l DIRECT MALL ACCESS l BEACH,,370.0,,,BHD,monthly,,,,,,,,Diyar Al Muharraq,Marassi Residences,,26.303447723388672,50.6461296081543,,,,Hamad Buhameed,,YES,,,,,https://www.propertyfinder.bh/en/plp/rent/apartment-for-rent-muharraq-governorate-diyar-al-muharraq-marassi-residences-55980693.html,2026-08-10T20:51:18.479280+00:00,2026-08-10T20:51:18.479280+00:00,0,2026-08-10T20:51:18.479280+00:00
2026-08-10,new,55980703,,,Apartment,Cozy and Vibrant | Balcony | Near AG University,,580.0,,,BHD,monthly,,,,,,,,,,,26.219327926635742,50.579288482666016,,,,Sayed Faisal ,,YES,,,,,https://www.propertyfinder.bh/en/plp/rent/apartment-for-rent-capital-governorate-manama-salmaniya-55980703.html,2026-08-10T20:51:18.479280+00:00,2026-08-10T20:51:18.479280+00:00,0,2026-08-10T20:51:18.479280+00:00
2026-08-10,new,55980704,,,Penthouse,Breathtaking Views Penthouse | 4 bedroom for rent,,1700.0,,,BHD,monthly,,,,,,,,,,,26.241750717163086,50.5663948059082,,,,Linda Mehdi,,YES,,,,,https://www.propertyfinder.bh/en/plp/rent/penthouse-for-rent-capital-governorate-reef-island-55980704.html,2026-08-10T20:51:18.479280+00:00,2026-08-10T20:51:18.479280+00:00,0,2026-08-10T20:51:18.479280+00:00
2026-08-10,new,55980707,,,Apartment,BEACH ACCESS l MODERN l MARASSI GALLERIA MALL,,300.0,,,BHD,monthly,,,,,,,,Diyar Al Muharraq,,,26.303447723388672,50.6461296081543,,,,Hamad Buhameed,,YES,,,,,https://www.propertyfinder.bh/en/plp/rent/apartment-for-rent-muharraq-governorate-diyar-al-muharraq-marassi-al-bahrain-55980707.html,2026-08-10T20:51:18.479280+00:00,2026-08-10T20:51:18.479280+00:00,0,2026-08-10T20:51:18.479280+00:00
2026-08-10,new,55980708,,,Villa,HOT PRICE | MASSIVE 9BR VILLA | FULLY FURNISH,,195000.0,,,BHD,sell,,,,,,,,,,,26.12916374206543,50.49860763549805,,,,Farhan Tariq,,YES,completed,,,,https://www.propertyfinder.bh/en/plp/buy/villa-for-sale-northern-governorate-hamad-town-55980708.html,2026-08-10T20:51:18.479280+00:00,2026-08-10T20:51:18.479280+00:00,0,2026-08-10T20:51:18.479280+00:00
2026-08-10,new,56002208,,,Apartment,Cozy and Vibrant | Balcony | Prime Location,,600.0,,,BHD,monthly,,,,,,,,Amwaj Avenue,,,26.29302978515625,50.66474151611328,,,,Sayed Faisal ,,YES,,,,,https://www.propertyfinder.bh/en/plp/rent/apartment-for-rent-muharraq-governorate-amwaj-islands-amwaj-avenue-56002208.html,2026-08-10T20:51:18.479280+00:00,2026-08-10T20:51:18.479280+00:00,0,2026-08-10T20:51:18.479280+00:00
2026-08-10,new,56007937,,,Apartment,SPACIOUS SEMI FURNISHED 2BHK | PARKING | BALCONY,,290.0,,,BHD,monthly,,,,,,,,,,,26.207910537719727,50.587345123291016,,,,Liberty Properties,,PARTLY,,,,,https://www.propertyfinder.bh/en/plp/rent/apartment-for-rent-capital-governorate-manama-mahooz-56007937.html,2026-08-10T20:51:18.479280+00:00,2026-08-10T20:51:18.479280+00:00,0,2026-08-10T20:51:18.479280+00:00
2026-08-10,new,56007938,,,Apartment,EXCELLENT SEMI FURNISHED 2BHK | CLOSED KITCHEN,,280.0,,,BHD,monthly,,,,,,,,,,,26.207910537719727,50.587345123291016,,,,Liberty Properties,,PARTLY,,,,,https://www.propertyfinder.bh/en/plp/rent/apartment-for-rent-capital-governorate-manama-mahooz-56007938.html,2026-08-10T20:51:18.479280+00:00,2026-08-10T20:51:18.479280+00:00,0,2026-08-10T20:51:18.479280+00:00
2026-08-10,new,56007939,,,Apartment,SPACIOUS  1BHK FULLYFURNISHED GYM | POOL,,260.0,,,BHD,monthly,,,,,,,,,,,26.207910537719727,50.587345123291016,,,,Liberty Properties,,YES,,,,,https://www.propertyfinder.bh/en/plp/rent/apartment-for-rent-capital-governorate-manama-mahooz-56007939.html,2026-08-10T20:51:18.479280+00:00,2026-08-10T20:51:18.479280+00:00,0,2026-08-10T20:51:18.479280+00:00
2026-08-10,new,56007940,,,Apartment,Cozy and Vibrant | Balcony | Prime Location,,900.0,,,BHD,monthly,,,,,,,,Amwaj Avenue,,,26.29302978515625,50.66474151611328,,,,Sayed Faisal ,,YES,,,,,https://www.propertyfinder.bh/en/plp/rent/apartment-for-rent-muharraq-governorate-amwaj-islands-amwaj-avenue-56007940.html,2026-08-10T20:51:18.479280+00:00,2026-08-10T20:51:18.479280+00:00,0,2026-08-10T20:51:18.479280+00:00
2026-08-10,new,56007941,,,Apartment,STUNNING  1 BEDROOM UNLIMITED EWA | GYM | POOL,,260.0,,,BHD,monthly,,,,,,,,,,,26.207910537719727,50.587345123291016,,,,Liberty Properties,,YES,,,,,https://www.propertyfinder.bh/en/plp/rent/apartment-for-rent-capital-governorate-manama-mahooz-56007941.html,2026-08-10T20:51:18.479280+00:00,2026-08-10T20:51:18.479280+00:00,0,2026-08-10T20:51:18.479280+00:00
2026-08-10,new,56007942,,,Apartment,STUNNING FULLY FURNISHED 2 BEDROOM | WELL MAINTAIN,,300.0,,,BHD,monthly,,,,,,,,,,,26.207910537719727,50.587345123291016,,,,Liberty Properties,,YES,,,,,https://www.propertyfinder.bh/en/plp/rent/apartment-for-rent-capital-governorate-manama-mahooz-56007942.html,2026-08-10T20:51:18.479280+00:00,2026-08-10T20:51:18.479280+00:00,0,2026-08-10T20:51:18.479280+00:00
2026-08-10,new,56007943,,,Apartment,EXCELLENT  SPACIOUS SEMI FURNISHED 2 BHK | CLOSED,,300.0,,,BHD,monthly,,,,,,,,,,,26.207910537719727,50.587345123291016,,,,Liberty Properties,,PARTLY,,,,,https://www.propertyfinder.bh/en/plp/rent/apartment-for-rent-capital-governorate-manama-mahooz-56007943.html,2026-08-10T20:51:18.479280+00:00,2026-08-10T20:51:18.479280+00:00,0,2026-08-10T20:51:18.479280+00:00
2026-08-10,new,56007944,,,Apartment,HOT PRICE | DOUBLE WINDOW | SEA VIEW | 1 BEDROOM,,270.0,,,BHD,monthly,,,,,,,,,,,26.211111068725586,50.601112365722656,,,,Farhan Tariq,,YES,,,,,https://www.propertyfinder.bh/en/plp/rent/apartment-for-rent-capital-governorate-al-juffair-56007944.html,2026-08-10T20:51:18.479280+00:00,2026-08-10T20:51:18.479280+00:00,0,2026-08-10T20:51:18.479280+00:00
2026-08-10,new,56007945,,,Apartment,EXCELLENT FULLYFURNISHED| STUDIO | WIFI |HOUSE KEE,,165.0,,,BHD,monthly,,,,,,,,,,,26.2102108001709,50.56403350830078,,,,Liberty Properties,,YES,,,,,https://www.propertyfinder.bh/en/plp/rent/apartment-for-rent-capital-governorate-manama-zinj-56007945.html,2026-08-10T20:51:18.479280+00:00,2026-08-10T20:51:18.479280+00:00,0,2026-08-10T20:51:18.479280+00:00
2026-08-10,new,56007946,,,Apartment,EXCELLENT 2BHK  FULLYFURNISHED  | INTERNET | PARKI,,280.0,,,BHD,monthly,,,,,,,,,,,26.207910537719727,50.587345123291016,,,,Liberty Properties,,YES,,,,,https://www.propertyfinder.bh/en/plp/rent/apartment-for-rent-capital-governorate-manama-mahooz-56007946.html,2026-08-10T20:51:18.479280+00:00,2026-08-10T20:51:18.479280+00:00,0,2026-08-10T20:51:18.479280+00:00
2026-08-10,new,56007947,,,Apartment,HOT PRICE | FRESHLY RENOVATED | SEA VIEW,,280.0,,,BHD,monthly,,,,,,,,,,,26.211111068725586,50.601112365722656,,,,Farhan Tariq,,YES,,,,,https://www.propertyfinder.bh/en/plp/rent/apartment-for-rent-capital-governorate-al-juffair-56007947.html,2026-08-10T20:51:18.479280+00:00,2026-08-10T20:51:18.479280+00:00,0,2026-08-10T20:51:18.479280+00:00
2026-08-10,new,56007948,,,Apartment,EXCELLENT FURNISHED STUDIO UNLIMITED EWA HOUSE KE,,200.0,,,BHD,monthly,,,,,,,,,,,26.2102108001709,50.56403350830078,,,,Liberty Properties,,YES,,,,,https://www.propertyfinder.bh/en/plp/rent/apartment-for-rent-capital-governorate-manama-zinj-56007948.html,2026-08-10T20:51:18.479280+00:00,2026-08-10T20:51:18.479280+00:00,0,2026-08-10T20:51:18.479280+00:00
2026-08-10,new,56007949,,,Apartment,BEST PRICE GUARANTEE | RENOVATED | SEA VIEW,,220.0,,,BHD,monthly,,,,,,,,,,,26.211111068725586,50.601112365722656,,,,Farhan Tariq,,YES,,,,,https://www.propertyfinder.bh/en/plp/rent/apartment-for-rent-capital-governorate-al-juffair-56007949.html,2026-08-10T20:51:18.479280+00:00,2026-08-10T20:51:18.479280+00:00,0,2026-08-10T20:51:18.479280+00:00
2026-08-10,new,56007950,,,Apartment,SPACIOUS 1 BHK SEMI FURNISHED |  BALCONY CLOSE KIT,,230.0,,,BHD,monthly,,,,,,,,,,,26.207910537719727,50.587345123291016,,,,Liberty Properties,,PARTLY,,,,,https://www.propertyfinder.bh/en/plp/rent/apartment-for-rent-capital-governorate-manama-mahooz-56007950.html,2026-08-10T20:51:18.479280+00:00,2026-08-10T20:51:18.479280+00:00,0,2026-08-10T20:51:18.479280+00:00
2026-08-10,new,56007951,,,Apartment,EXCELLENT FULLYFURNISHED STUDIO | WIFI |HOUSE KEEP,,200.0,,,BHD,monthly,,,,,,,,,,,26.2102108001709,50.56403350830078,,,,Liberty Properties,,YES,,,,,https://www.propertyfinder.bh/en/plp/rent/apartment-for-rent-capital-governorate-manama-zinj-56007951.html,2026-08-10T20:51:18.479280+00:00,2026-08-10T20:51:18.479280+00:00,0,2026-08-10T20:51:18.479280+00:00
2026-08-10,new,56007984,,,Apartment,1BR in a Luxury Tower | ALL INCLUSIVE,,500.0,,,BHD,monthly,,,,,,,,,,,26.239999771118164,50.5369987487793,,,,Zsuzsanna Gecse,,YES,,,,,https://www.propertyfinder.bh/en/plp/rent/apartment-for-rent-capital-governorate-seef-56007984.html,2026-08-10T20:51:18.479280+00:00,2026-08-10T20:51:18.479280+00:00,0,2026-08-10T20:51:18.479280+00:00
2026-08-10,new,56007988,,,Apartment,LUXURY | BRIGHT | POOL | GYM | SAUNA | CINEMA,,380.0,,,BHD,monthly,,,,,,,,The Treasure,,,26.27286720275879,50.672889709472656,,,,Fadi Eweida,,YES,,,,,https://www.propertyfinder.bh/en/plp/rent/apartment-for-rent-muharraq-governorate-dilmunia-island-the-treasure-56007988.html,2026-08-10T20:51:18.479280+00:00,2026-08-10T20:51:18.479280+00:00,0,2026-08-10T20:51:18.479280+00:00
2026-08-10,new,56007990,,,Apartment,HOT DEAL | MODERN | SEA VIEW | POOL | GYM | SAUNA,,350.0,,,BHD,monthly,,,,,,,,The Lagoon,,,26.287778854370117,50.66339111328125,,,,Fadi Eweida,,YES,,,,,https://www.propertyfinder.bh/en/plp/rent/apartment-for-rent-muharraq-governorate-amwaj-islands-the-lagoon-56007990.html,2026-08-10T20:51:18.479280+00:00,2026-08-10T20:51:18.479280+00:00,0,2026-08-10T20:51:18.479280+00:00
2026-08-10,new,56007992,,,Apartment,MODERN DESIGN | HOUSEKEEPING | PETS ALLOWED,,330.0,,,BHD,monthly,,,,,,,,The Lagoon,,,26.287778854370117,50.66339111328125,,,,Fadi Eweida,,YES,,,,,https://www.propertyfinder.bh/en/plp/rent/apartment-for-rent-muharraq-governorate-amwaj-islands-the-lagoon-56007992.html,2026-08-10T20:51:18.479280+00:00,2026-08-10T20:51:18.479280+00:00,0,2026-08-10T20:51:18.479280+00:00
2026-08-10,new,56007996,,,Apartment,MODERN BRIGHT | BALCONY |GYM | POOL,,350.0,,,BHD,monthly,,,,,,,,Amwaj Avenue,,,26.29302978515625,50.66474151611328,,,,Fadi Eweida,,YES,,,,,https://www.propertyfinder.bh/en/plp/rent/apartment-for-rent-muharraq-governorate-amwaj-islands-amwaj-avenue-56007996.html,2026-08-10T20:51:18.479280+00:00,2026-08-10T20:51:18.479280+00:00,0,2026-08-10T20:51:18.479280+00:00
2026-08-10,new,56007998,,,Apartment,ELEGANT NEW WITH SPECTACULAR SEA VIEW |GYM |SPA,,430.0,,,BHD,monthly,,,,,,,,The Lagoon,,,26.287778854370117,50.66339111328125,,,,Fadi Eweida,,YES,,,,,https://www.propertyfinder.bh/en/plp/rent/apartment-for-rent-muharraq-governorate-amwaj-islands-the-lagoon-56007998.html,2026-08-10T20:51:18.479280+00:00,2026-08-10T20:51:18.479280+00:00,0,2026-08-10T20:51:18.479280+00:00
2026-08-10,new,56008000,,,Apartment,PET FRIENDLY | LOW USAGE EWA | MODERN FURNITURE,,375.0,,,BHD,monthly,,,,,,,,The Lagoon,,,26.287778854370117,50.66339111328125,,,,Fadi Eweida,,YES,,,,,https://www.propertyfinder.bh/en/plp/rent/apartment-for-rent-muharraq-governorate-amwaj-islands-the-lagoon-56008000.html,2026-08-10T20:51:18.479280+00:00,2026-08-10T20:51:18.479280+00:00,0,2026-08-10T20:51:18.479280+00:00
2026-08-10,new,56008002,,,Apartment,LUXURIOUS | 0% INTEREST | SEA VIEW | GYM | POOL,,110000.0,,,BHD,sell,,,,,,,,Breeze of Dilmunia,,,26.26974105834961,50.6783332824707,,,,Fadi Eweida,,PARTLY,completed,,,,https://www.propertyfinder.bh/en/plp/buy/apartment-for-sale-muharraq-governorate-dilmunia-island-breeze-of-dilmunia-56008002.html,2026-08-10T20:51:18.479280+00:00,2026-08-10T20:51:18.479280+00:00,0,2026-08-10T20:51:18.479280+00:00
2026-08-10,new,56008004,,,Apartment,BEST LOCATION | BRAND NEW MODERN DESIGN WIFI,,700.0,,,BHD,monthly,,,,,,,,Canal View,,,26.273908615112305,50.67207336425781,,,,Fadi Eweida,,YES,,,,,https://www.propertyfinder.bh/en/plp/rent/apartment-for-rent-muharraq-governorate-dilmunia-island-canal-view-56008004.html,2026-08-10T20:51:18.479280+00:00,2026-08-10T20:51:18.479280+00:00,0,2026-08-10T20:51:18.479280+00:00
2026-08-10,new,56008006,,,Apartment,BALCONY BRIGHT MODERN WITH POOL | GYM | SEA VIEW,,380.0,,,BHD,monthly,,,,,,,,Amwaj Avenue,,,26.29302978515625,50.66474151611328,,,,Fadi Eweida,,YES,,,,,https://www.propertyfinder.bh/en/plp/rent/apartment-for-rent-muharraq-governorate-amwaj-islands-amwaj-avenue-56008006.html,2026-08-10T20:51:18.479280+00:00,2026-08-10T20:51:18.479280+00:00,0,2026-08-10T20:51:18.479280+00:00
2026-08-10,new,56008010,,,Apartment,Book now with limited offer 1 BR SEA VIEW,,445.0,,,BHD,monthly,,,,,,,,,,,26.239999771118164,50.5369987487793,,,,Zsuzsanna Gecse,,YES,,,,,https://www.propertyfinder.bh/en/plp/rent/apartment-for-rent-capital-governorate-seef-56008010.html,2026-08-10T20:51:18.479280+00:00,2026-08-10T20:51:18.479280+00:00,0,2026-08-10T20:51:18.479280+00:00
2026-08-10,new,56008017,,,Apartment,Semi Furnished 3-BR 4 bath | Pool Lobby | Split AC,,525.0,,,BHD,monthly,,,,,,,,,,,26.27199935913086,50.60900115966797,,,,Saika Rukanaldin,,PARTLY,,,,,https://www.propertyfinder.bh/en/plp/rent/apartment-for-rent-muharraq-governorate-busaiteen-56008017.html,2026-08-10T20:51:18.479280+00:00,2026-08-10T20:51:18.479280+00:00,0,2026-08-10T20:51:18.479280+00:00
2026-08-10,new,56008026,,,Apartment,2-BR 3-Bath | Pool | Gym | Lobby | Lift | Wifi,,425.0,,,BHD,monthly,,,,,,,,,,,26.27199935913086,50.60900115966797,,,,Saika Rukanaldin,,YES,,,,,https://www.propertyfinder.bh/en/plp/rent/apartment-for-rent-muharraq-governorate-busaiteen-56008026.html,2026-08-10T20:51:18.479280+00:00,2026-08-10T20:51:18.479280+00:00,0,2026-08-10T20:51:18.479280+00:00
2026-08-10,new,56008036,,,Apartment,Luxury Studio | Pool | Gym | Lobby | Sauna Steam,,250.0,,,BHD,monthly,,,,,,,,,,,26.27199935913086,50.60900115966797,,,,Saika Rukanaldin,,YES,,,,,https://www.propertyfinder.bh/en/plp/rent/apartment-for-rent-muharraq-governorate-busaiteen-56008036.html,2026-08-10T20:51:18.479280+00:00,2026-08-10T20:51:18.479280+00:00,0,2026-08-10T20:51:18.479280+00:00
2026-08-10,new,56008048,,,Apartment,Affordable 1-BR | Semi Furnished | Closed Kitchen,,175.0,,,BHD,monthly,,,,,,,,,,,26.21263313293457,50.67418670654297,,,,Zain Jabbar,,PARTLY,,,,,https://www.propertyfinder.bh/en/plp/rent/apartment-for-rent-muharraq-governorate-hidd-56008048.html,2026-08-10T20:51:18.479280+00:00,2026-08-10T20:51:18.479280+00:00,0,2026-08-10T20:51:18.479280+00:00
2026-08-10,new,56008051,,,Apartment,Affordable Studio | Semi Furnished | Hidd,,150.0,,,BHD,monthly,,,,,,,,,,,26.21263313293457,50.67418670654297,,,,Zain Jabbar,,PARTLY,,,,,https://www.propertyfinder.bh/en/plp/rent/apartment-for-rent-muharraq-governorate-hidd-56008051.html,2026-08-10T20:51:18.479280+00:00,2026-08-10T20:51:18.479280+00:00,0,2026-08-10T20:51:18.479280+00:00
2026-08-10,new,56008057,,,Apartment,Huge Terrace 1 BR amazing Pool GYM| /SEA VIEW,,550.0,,,BHD,monthly,,,,,,,,,,,26.239999771118164,50.5369987487793,,,,Zsuzsanna Gecse,,YES,,,,,https://www.propertyfinder.bh/en/plp/rent/apartment-for-rent-capital-governorate-seef-56008057.html,2026-08-10T20:51:18.479280+00:00,2026-08-10T20:51:18.479280+00:00,0,2026-08-10T20:51:18.479280+00:00
2026-08-10,new,56008060,,,Land,442 sqm Residential Land Plot in Hamad Town,,125000.0,,,BHD,sell,,,,,,,,,,,26.12916374206543,50.49860763549805,,,,Sayed Mohamed Adnan,,,,,,,https://www.propertyfinder.bh/en/plp/buy/land-for-sale-northern-governorate-hamad-town-56008060.html,2026-08-10T20:51:18.479280+00:00,2026-08-10T20:51:18.479280+00:00,0,2026-08-10T20:51:18.479280+00:00
2026-08-10,new,56008062,,,Land,515 Sqm Residential Land Plot in Bu Quwah,,160760.0,,,BHD,sell,,,,,,,,,,,26.202558517456055,50.519554138183594,,,,Sayed Mohamed Adnan,,,,,,,https://www.propertyfinder.bh/en/plp/buy/land-for-sale-northern-governorate-bu-quwah-56008062.html,2026-08-10T20:51:18.479280+00:00,2026-08-10T20:51:18.479280+00:00,0,2026-08-10T20:51:18.479280+00:00
2026-08-10,new,56008063,,,Land,379 sqm Land Plot for Sale in Bu Quwah,,118307.0,,,BHD,sell,,,,,,,,,,,26.202558517456055,50.519554138183594,,,,Sayed Mohamed Adnan,,,,,,,https://www.propertyfinder.bh/en/plp/buy/land-for-sale-northern-governorate-bu-quwah-56008063.html,2026-08-10T20:51:18.479280+00:00,2026-08-10T20:51:18.479280+00:00,0,2026-08-10T20:51:18.479280+00:00
2026-08-10,new,56008064,,,Land,389 sqm Land Plot for Sale in Bu Quwah,,121522.0,,,BHD,sell,,,,,,,,,,,26.202558517456055,50.519554138183594,,,,Sayed Mohamed Adnan,,,,,,,https://www.propertyfinder.bh/en/plp/buy/land-for-sale-northern-governorate-bu-quwah-56008064.html,2026-08-10T20:51:18.479280+00:00,2026-08-10T20:51:18.479280+00:00,0,2026-08-10T20:51:18.479280+00:00
2026-08-10,new,56008066,,,Land,459 sqm Land Plot with Two Road,,143560.0,,,BHD,sell,,,,,,,,,,,26.202558517456055,50.519554138183594,,,,Sayed Mohamed Adnan,,,,,,,https://www.propertyfinder.bh/en/plp/buy/land-for-sale-northern-governorate-bu-quwah-56008066.html,2026-08-10T20:51:18.479280+00:00,2026-08-10T20:51:18.479280+00:00,0,2026-08-10T20:51:18.479280+00:00
2026-08-10,new,56008067,,,Land,Land for sale,,52000.0,,,BHD,sell,,,,,,,,,,,26.140336990356445,50.478271484375,,,,Sadeq  Fardan,,,,,,,https://www.propertyfinder.bh/en/plp/buy/land-for-sale-northern-governorate-hamala-56008067.html,2026-08-10T20:51:18.479280+00:00,2026-08-10T20:51:18.479280+00:00,0,2026-08-10T20:51:18.479280+00:00
2026-08-10,new,56008068,,,Apartment,Apartment for Sale,,45000.0,,,BHD,sell,,,,,,,,,,,26.228681564331055,50.51774215698242,,,,Sadeq  Fardan,,YES,completed,,,,https://www.propertyfinder.bh/en/plp/buy/apartment-for-sale-northern-governorate-hillat-abdul-saleh-56008068.html,2026-08-10T20:51:18.479280+00:00,2026-08-10T20:51:18.479280+00:00,0,2026-08-10T20:51:18.479280+00:00
2026-08-10,new,56008069,,,Villa,Luxury Gorgeous villa in Saraya one Diyar,,135000.0,,,BHD,sell,,,,,,,,Diyar Al Muharraq,,,26.31142234802246,50.64306640625,,,,Manar Jasim,,YES,completed,,,,https://www.propertyfinder.bh/en/plp/buy/villa-for-sale-muharraq-governorate-diyar-al-muharraq-56008069.html,2026-08-10T20:51:18.479280+00:00,2026-08-10T20:51:18.479280+00:00,0,2026-08-10T20:51:18.479280+00:00
2026-08-10,new,56008078,,,Apartment,Spectacular View | Balcony | Luxurious & Clean,,320.0,,,BHD,monthly,,,,,,,,,,,26.239999771118164,50.5369987487793,,,,Ahmer Saleem,,YES,,,,,https://www.propertyfinder.bh/en/plp/rent/apartment-for-rent-capital-governorate-seef-56008078.html,2026-08-10T20:51:18.479280+00:00,2026-08-10T20:51:18.479280+00:00,0,2026-08-10T20:51:18.479280+00:00
2026-08-10,new,56008082,,,Villa,Stand-Alone Villa | Beachfront | Pool | Foyer,,450000.0,,,BHD,sell,,,,,,,,,,,26.288480758666992,50.66381072998047,,,,Christyl Lebosada,,PARTLY,completed,,,,https://www.propertyfinder.bh/en/plp/buy/villa-for-sale-muharraq-governorate-amwaj-islands-56008082.html,2026-08-10T20:51:18.479280+00:00,2026-08-10T20:51:18.479280+00:00,0,2026-08-10T20:51:18.479280+00:00
2026-08-10,new,56008083,,,Apartment,1 BR with pool and GYM | Inclusive,,250.0,,,BHD,monthly,,,,,,,,Sanabis,,,26.226558685302734,50.5459098815918,,,,Zsuzsanna Gecse,,YES,,,,,https://www.propertyfinder.bh/en/plp/rent/apartment-for-rent-capital-governorate-manama-sanabis-56008083.html,2026-08-10T20:51:18.479280+00:00,2026-08-10T20:51:18.479280+00:00,0,2026-08-10T20:51:18.479280+00:00
2026-08-10,new,56008086,,,Apartment,FREE INTERNET | SPACIOUS LAYOUT | WITH EWA,,230.0,,,BHD,monthly,,,,,,,,,,,26.23387908935547,50.5939826965332,,,,Majeed Moosa,,YES,,,,,https://www.propertyfinder.bh/en/plp/rent/apartment-for-rent-capital-governorate-hoora-56008086.html,2026-08-10T20:51:18.479280+00:00,2026-08-10T20:51:18.479280+00:00,0,2026-08-10T20:51:18.479280+00:00
2026-08-10,new,56008090,,,Land,Residential land for sale in Hamala,,88000.0,,,BHD,sell,,,,,,,,,,,26.140336990356445,50.478271484375,,,,Hussain Alkhayaat,,,,,,,https://www.propertyfinder.bh/en/plp/buy/land-for-sale-northern-governorate-hamala-56008090.html,2026-08-10T20:51:18.479280+00:00,2026-08-10T20:51:18.479280+00:00,0,2026-08-10T20:51:18.479280+00:00
2026-08-10,new,56008122,,,Villa,ULTRA-MODERN 4BHK VILLA | PRIVATE POOL | HAMALA,,1800.0,,,BHD,monthly,,,,,,,,,,,26.140336990356445,50.478271484375,,,,Yumna Awad,,PARTLY,,,,,https://www.propertyfinder.bh/en/plp/rent/villa-for-rent-northern-governorate-hamala-56008122.html,2026-08-10T20:51:18.479280+00:00,2026-08-10T20:51:18.479280+00:00,0,2026-08-10T20:51:18.479280+00:00
2026-08-10,new,56008123,,,Land,PRIME LAND | RESIDENTIAL DEVELOPMENT | TUBLI,,118000.0,,,BHD,monthly,,,,,,,,,,,26.188888549804688,50.54999923706055,,,,Yumna Awad,,,,,,,https://www.propertyfinder.bh/en/plp/rent/land-for-rent-central-governorate-tubli-56008123.html,2026-08-10T20:51:18.479280+00:00,2026-08-10T20:51:18.479280+00:00,0,2026-08-10T20:51:18.479280+00:00
2026-08-10,new,56008124,,,Villa,LUXURY 5BHK VILLA | GARDEN VIEWS | PRIME SAAR,,1300.0,,,BHD,monthly,,,,,,,,,,,26.19164276123047,50.48757553100586,,,,Yumna Awad,,YES,,,,,https://www.propertyfinder.bh/en/plp/rent/villa-for-rent-northern-governorate-saar-56008124.html,2026-08-10T20:51:18.479280+00:00,2026-08-10T20:51:18.479280+00:00,0,2026-08-10T20:51:18.479280+00:00
2026-08-10,new,56008142,,,Villa,LUXURY 5BHK VILLA | PRIVATE POOL & ELEVATOR,,2500.0,,,BHD,monthly,,,,,,,,,,,26.140336990356445,50.478271484375,,,,Yumna Awad,,PARTLY,,,,,https://www.propertyfinder.bh/en/plp/rent/villa-for-rent-northern-governorate-hamala-56008142.html,2026-08-10T20:51:18.479280+00:00,2026-08-10T20:51:18.479280+00:00,0,2026-08-10T20:51:18.479280+00:00
2026-08-10,new,56008143,,,Villa,LUXURY 4BHK VILLA | PRIVATE POOL | PRIME SAAR,,1150.0,,,BHD,monthly,,,,,,,,,,,26.19164276123047,50.48757553100586,,,,Yumna Awad,,PARTLY,,,,,https://www.propertyfinder.bh/en/plp/rent/villa-for-rent-northern-governorate-saar-56008143.html,2026-08-10T20:51:18.479280+00:00,2026-08-10T20:51:18.479280+00:00,0,2026-08-10T20:51:18.479280+00:00
2026-08-10,new,56008144,,,Villa,FURNISHED 4BHK VILLA | PRIVATE GARDEN | JASRA,,1700.0,,,BHD,monthly,,,,,,,,,,,26.166685104370117,50.45078659057617,,,,Yumna Awad,,YES,,,,,https://www.propertyfinder.bh/en/plp/rent/villa-for-rent-northern-governorate-al-jasra-56008144.html,2026-08-10T20:51:18.479280+00:00,2026-08-10T20:51:18.479280+00:00,0,2026-08-10T20:51:18.479280+00:00
2026-08-10,new,56008145,,,Villa,MODERN 4BHK VILLA | SPACIOUS LAYOUT | PRIME HAMALA,,118000.0,,,BHD,sell,,,,,,,,,,,26.140336990356445,50.478271484375,,,,Yumna Awad,,NO,completed_primary,,,,https://www.propertyfinder.bh/en/plp/buy/villa-for-sale-northern-governorate-hamala-56008145.html,2026-08-10T20:51:18.479280+00:00,2026-08-10T20:51:18.479280+00:00,0,2026-08-10T20:51:18.479280+00:00
2026-08-10,new,56008146,,,Villa,SPACIOUS 4BHK VILLA | PRIVATE POOL | HAMALA,,1100.0,,,BHD,monthly,,,,,,,,,,,26.140336990356445,50.478271484375,,,,Yumna Awad,,PARTLY,,,,,https://www.propertyfinder.bh/en/plp/rent/villa-for-rent-northern-governorate-hamala-56008146.html,2026-08-10T20:51:18.479280+00:00,2026-08-10T20:51:18.479280+00:00,0,2026-08-10T20:51:18.479280+00:00
2026-08-10,new,56008147,,,Villa,MODERN 5BHK VILLA | SPACIOUS FAMILY HOME | SAAR,,235000.0,,,BHD,sell,,,,,,,,,,,26.19164276123047,50.48757553100586,,,,Yumna Awad,,PARTLY,completed_primary,,,,https://www.propertyfinder.bh/en/plp/buy/villa-for-sale-northern-governorate-saar-56008147.html,2026-08-10T20:51:18.479280+00:00,2026-08-10T20:51:18.479280+00:00,0,2026-08-10T20:51:18.479280+00:00
2026-08-10,new,56008148,,,Apartment,BRAND NEW | 2BHK | FULL FACILITIES | GOOD LOCATION,,475.0,,,BHD,monthly,,,,,,,,Sanabis,,,26.226558685302734,50.5459098815918,,,,Rolin Faouri,,YES,,,,,https://www.propertyfinder.bh/en/plp/rent/apartment-for-rent-capital-governorate-manama-sanabis-56008148.html,2026-08-10T20:51:18.479280+00:00,2026-08-10T20:51:18.479280+00:00,0,2026-08-10T20:51:18.479280+00:00
2026-08-10,new,56008157,,,Apartment,BRAND NEW | 1BHK | MODERN FACILITIES | PRIME AREA,,330.0,,,BHD,monthly,,,,,,,,Sanabis,,,26.226558685302734,50.5459098815918,,,,Rolin Faouri,,YES,,,,,https://www.propertyfinder.bh/en/plp/rent/apartment-for-rent-capital-governorate-manama-sanabis-56008157.html,2026-08-10T20:51:18.479280+00:00,2026-08-10T20:51:18.479280+00:00,0,2026-08-10T20:51:18.479280+00:00
2026-08-10,new,56008160,,,Apartment,LUXURY 2BHK | MODERN TOWER | FAMILY RESIDENCE,,500.0,,,BHD,monthly,,,,,,,,Sanabis,,,26.226558685302734,50.5459098815918,,,,Rolin Faouri,,YES,,,,,https://www.propertyfinder.bh/en/plp/rent/apartment-for-rent-capital-governorate-manama-sanabis-56008160.html,2026-08-10T20:51:18.479280+00:00,2026-08-10T20:51:18.479280+00:00,0,2026-08-10T20:51:18.479280+00:00
2026-08-10,new,56008164,,,Apartment,HOT DEAL | BRAND NEW 1BHK | SPACIOUS LAYOUT,,52000.0,,,BHD,sell,,,,,,,,Sanabis,,,26.226558685302734,50.5459098815918,,,,Rolin Faouri,,NO,completed,,,,https://www.propertyfinder.bh/en/plp/buy/apartment-for-sale-capital-governorate-manama-sanabis-56008164.html,2026-08-10T20:51:18.479280+00:00,2026-08-10T20:51:18.479280+00:00,0,2026-08-10T20:51:18.479280+00:00
2026-08-10,new,56008176,,,Apartment,BRAND NEW | 3BHK + MAIDS ROOM | GREAT FACILITIES,,950.0,,,BHD,monthly,,,,,,,,,,,26.214487075805664,50.584754943847656,,,,Zuhair Tlili,,YES,,,,,https://www.propertyfinder.bh/en/plp/rent/apartment-for-rent-capital-governorate-manama-adliya-56008176.html,2026-08-10T20:51:18.479280+00:00,2026-08-10T20:51:18.479280+00:00,0,2026-08-10T20:51:18.479280+00:00
2026-08-10,new,56008178,,,Apartment,HOT SUMMER DEAL | LIMITED OFFER | LAST 2 UNITS,,85000.0,,,BHD,sell,,,,,,,,Sanabis,,,26.226558685302734,50.5459098815918,,,,Rolin Faouri,,NO,completed,,,,https://www.propertyfinder.bh/en/plp/buy/apartment-for-sale-capital-governorate-manama-sanabis-56008178.html,2026-08-10T20:51:18.479280+00:00,2026-08-10T20:51:18.479280+00:00,0,2026-08-10T20:51:18.479280+00:00
2026-08-10,new,56008182,,,Villa,BRAND NEW | 4BHK | LUXURY | MODERN,,152000.0,,,BHD,sell,,,,,,,,Diyar Al Muharraq,Al Sidra,,26.31142234802246,50.64306640625,,,,Zuhair Tlili,,NO,completed_primary,,,,https://www.propertyfinder.bh/en/plp/buy/villa-for-sale-muharraq-governorate-diyar-al-muharraq-al-sidra-56008182.html,2026-08-10T20:51:18.479280+00:00,2026-08-10T20:51:18.479280+00:00,0,2026-08-10T20:51:18.479280+00:00
2026-08-10,new,56008188,,,Villa,MODERN VILLA | POOL & GARDEN | JIDHAFS,,138000.0,,,BHD,sell,,,,,,,,,,,26.234378814697266,50.50168228149414,,,,Yumna Awad,,YES,completed,,,,https://www.propertyfinder.bh/en/plp/buy/villa-for-sale-northern-governorate-jid-al-haj-56008188.html,2026-08-10T20:51:18.479280+00:00,2026-08-10T20:51:18.479280+00:00,0,2026-08-10T20:51:18.479280+00:00
2026-08-10,new,56008194,,,Villa,LUXURY BRAND NEW VILLA | PRIME LOCATION| SPACIOUS,,142000.0,,,BHD,sell,,,,,,,,,,,26.27199935913086,50.60900115966797,,,,Zuhair Tlili,,NO,completed_primary,,,,https://www.propertyfinder.bh/en/plp/buy/villa-for-sale-muharraq-governorate-busaiteen-56008194.html,2026-08-10T20:51:18.479280+00:00,2026-08-10T20:51:18.479280+00:00,0,2026-08-10T20:51:18.479280+00:00
2026-08-10,new,56008198,,,Villa,LARGE GARDEN | FAMILY-FRIENDLY LAYOUT | 3BHK VILLA,,150000.0,,,BHD,sell,,,,,,,,,,,26.000404357910156,50.616973876953125,,,,Yumna Awad,,NO,completed_primary,,,,https://www.propertyfinder.bh/en/plp/buy/villa-for-sale-southern-governorate-jaww-56008198.html,2026-08-10T20:51:18.479280+00:00,2026-08-10T20:51:18.479280+00:00,0,2026-08-10T20:51:18.479280+00:00
2026-08-10,new,56008202,,,Villa,ELEGANT 4 BEDROOM VILLA | POOL & GYM | PRIME AREA,,1100.0,,,BHD,monthly,,,,,,,,,,,26.185943603515625,50.46711349487305,,,,Irina Matvievici,,PARTLY,,,,,https://www.propertyfinder.bh/en/plp/rent/villa-for-rent-northern-governorate-janabiya-56008202.html,2026-08-10T20:51:18.479280+00:00,2026-08-10T20:51:18.479280+00:00,0,2026-08-10T20:51:18.479280+00:00
2026-08-10,new,56008211,,,Apartment,"1BHK, Furnished, Near RCSI, Gym, WiFi. FU",,300.0,,,BHD,monthly,,,,,,,,,,,26.27199935913086,50.60900115966797,,,,Nayla Tabussam,,YES,,,,,https://www.propertyfinder.bh/en/plp/rent/apartment-for-rent-muharraq-governorate-busaiteen-56008211.html,2026-08-10T20:51:18.479280+00:00,2026-08-10T20:51:18.479280+00:00,0,2026-08-10T20:51:18.479280+00:00
2026-08-10,new,56008221,,,Apartment,Great Opportunity Spacious flat for sale JANABIYA!,,91000.0,,,BHD,sell,,,,,,,,,,,26.185943603515625,50.46711349487305,,,,Dafina Muca,,PARTLY,completed,,,,https://www.propertyfinder.bh/en/plp/buy/apartment-for-sale-northern-governorate-janabiya-56008221.html,2026-08-10T20:51:18.479280+00:00,2026-08-10T20:51:18.479280+00:00,0,2026-08-10T20:51:18.479280+00:00
2026-08-10,new,56008222,,,Villa,Luxury Villa for Sale in Hamala – Elegant Design,,126000.0,,,BHD,sell,,,,,,,,,,,26.140336990356445,50.478271484375,,,,Ali Salah,,NO,completed_primary,,,,https://www.propertyfinder.bh/en/plp/buy/villa-for-sale-northern-governorate-hamala-56008222.html,2026-08-10T20:51:18.479280+00:00,2026-08-10T20:51:18.479280+00:00,0,2026-08-10T20:51:18.479280+00:00
2026-08-10,new,56008223,,,Apartment,NEAT & CLEAN | MAID ROOM | RENTED,,85000.0,,,BHD,sell,,,,,,,,The Lagoon,,,26.287778854370117,50.66339111328125,,,,Ali Sultani,,YES,completed,,,,https://www.propertyfinder.bh/en/plp/buy/apartment-for-sale-muharraq-governorate-amwaj-islands-the-lagoon-56008223.html,2026-08-10T20:51:18.479280+00:00,2026-08-10T20:51:18.479280+00:00,0,2026-08-10T20:51:18.479280+00:00
2026-08-10,new,56008227,,,Bulk Rent Unit,LUXURY | SPACIOUS 2BED | PRIME JANABIYA,,450.0,,,BHD,monthly,,,,,,,,,,,26.185943603515625,50.46711349487305,,,,Sheraz Majeed ,,YES,,,,,https://www.propertyfinder.bh/en/plp/rent/bulk-rent-unit-for-rent-northern-governorate-janabiya-56008227.html,2026-08-10T20:51:18.479280+00:00,2026-08-10T20:51:18.479280+00:00,0,2026-08-10T20:51:18.479280+00:00
2026-08-10,new,56008229,,,Bulk Rent Unit,MODERN | 2BED | HOUSEKEEPING INCLUDED,,500.0,,,BHD,monthly,,,,,,,,,,,26.211111068725586,50.601112365722656,,,,Sheraz Majeed ,,YES,,,,,https://www.propertyfinder.bh/en/plp/rent/bulk-rent-unit-for-rent-capital-governorate-al-juffair-56008229.html,2026-08-10T20:51:18.479280+00:00,2026-08-10T20:51:18.479280+00:00,0,2026-08-10T20:51:18.479280+00:00
2026-08-10,new,56008232,,,Apartment,Bright \ Store \ Great Price\ Balconies,,700.0,,,BHD,monthly,,,,,,,,,,,26.241750717163086,50.5663948059082,,,,Ali Sultani,,PARTLY,,,,,https://www.propertyfinder.bh/en/plp/rent/apartment-for-rent-capital-governorate-reef-island-56008232.html,2026-08-10T20:51:18.479280+00:00,2026-08-10T20:51:18.479280+00:00,0,2026-08-10T20:51:18.479280+00:00
2026-08-10,new,56008233,,,Bulk Rent Unit,LARGE 1 BED | EUROPEAN KITCHEN | JANABIYA,,320.0,,,BHD,monthly,,,,,,,,,,,26.185943603515625,50.46711349487305,,,,Sheraz Majeed ,,YES,,,,,https://www.propertyfinder.bh/en/plp/rent/bulk-rent-unit-for-rent-northern-governorate-janabiya-56008233.html,2026-08-10T20:51:18.479280+00:00,2026-08-10T20:51:18.479280+00:00,0,2026-08-10T20:51:18.479280+00:00
2026-08-10,new,56008234,,,Villa,LUXURY 3BR DUPLEX | SPACIOUS | JUFFAIR,,750.0,,,BHD,monthly,,,,,,,,,,,26.211111068725586,50.601112365722656,,,,Sheraz Majeed ,,YES,,,,,https://www.propertyfinder.bh/en/plp/rent/villa-for-rent-capital-governorate-al-juffair-56008234.html,2026-08-10T20:51:18.479280+00:00,2026-08-10T20:51:18.479280+00:00,0,2026-08-10T20:51:18.479280+00:00
2026-08-10,new,56008235,,,Villa,Luxury Family Villa with Landscaped Garden,,430000.0,,,BHD,sell,,,,,,,,,,,26.19164276123047,50.48757553100586,,,,Majeed Moosa,,PARTLY,completed,,,,https://www.propertyfinder.bh/en/plp/buy/villa-for-sale-northern-governorate-saar-56008235.html,2026-08-10T20:51:18.479280+00:00,2026-08-10T20:51:18.479280+00:00,0,2026-08-10T20:51:18.479280+00:00
2026-08-10,new,56008236,,,Bulk Rent Unit,MODERN | FURNISHED STUDIO | SANABIS,,250.0,,,BHD,monthly,,,,,,,,Sanabis,,,26.226558685302734,50.5459098815918,,,,Sheraz Majeed ,,YES,,,,,https://www.propertyfinder.bh/en/plp/rent/bulk-rent-unit-for-rent-capital-governorate-manama-sanabis-56008236.html,2026-08-10T20:51:18.479280+00:00,2026-08-10T20:51:18.479280+00:00,0,2026-08-10T20:51:18.479280+00:00
2026-08-10,new,56008240,,,Apartment,LUXURIOUS LIVING | AMAZING VIEW | WIFI,,310.0,,,BHD,monthly,,,,,,,,Water Garden City,,,26.24260139465332,50.55380630493164,,,,Ali Sultani,,YES,,,,,https://www.propertyfinder.bh/en/plp/rent/apartment-for-rent-capital-governorate-manama-water-garden-city-56008240.html,2026-08-10T20:51:18.479280+00:00,2026-08-10T20:51:18.479280+00:00,0,2026-08-10T20:51:18.479280+00:00
2026-08-10,new,56008244,,,Penthouse,LUXURIOUS \ VERY SPACIOUS \ BAY VIEW,,1200.0,,,BHD,monthly,,,,,,,,,,,26.241750717163086,50.5663948059082,,,,Ali Sultani,,YES,,,,,https://www.propertyfinder.bh/en/plp/rent/penthouse-for-rent-capital-governorate-reef-island-56008244.html,2026-08-10T20:51:18.479280+00:00,2026-08-10T20:51:18.479280+00:00,0,2026-08-10T20:51:18.479280+00:00
2026-08-10,new,56008245,,,Villa,BRAND NEW VILLA l PRIVATE POOL l MAID & DRIVE ROOM,,1500.0,,,BHD,monthly,,,,,,,,Diyar Al Muharraq,Al Naseem,,26.31142234802246,50.64306640625,,,,Monica Medhat,,YES,,,,,https://www.propertyfinder.bh/en/plp/rent/villa-for-rent-muharraq-governorate-diyar-al-muharraq-al-naseem-56008245.html,2026-08-10T20:51:18.479280+00:00,2026-08-10T20:51:18.479280+00:00,0,2026-08-10T20:51:18.479280+00:00
2026-08-10,new,56008249,,,Apartment,UINIQE | NEAT | GREAT PRICE | BALCONY,,92000.0,,,BHD,sell,,,,,,,,,,,26.241750717163086,50.5663948059082,,,,Ali Sultani,,YES,completed,,,,https://www.propertyfinder.bh/en/plp/buy/apartment-for-sale-capital-governorate-reef-island-56008249.html,2026-08-10T20:51:18.479280+00:00,2026-08-10T20:51:18.479280+00:00,0,2026-08-10T20:51:18.479280+00:00
2026-08-10,new,56008261,,,Apartment,NEAT | CLEAN | FULL OF AMENITIES |,,280.0,,,BHD,monthly,,,,,,,,,,,26.211111068725586,50.601112365722656,,,,Ali Sultani,,YES,,,,,https://www.propertyfinder.bh/en/plp/rent/apartment-for-rent-capital-governorate-al-juffair-56008261.html,2026-08-10T20:51:18.479280+00:00,2026-08-10T20:51:18.479280+00:00,0,2026-08-10T20:51:18.479280+00:00
2026-08-10,new,56008269,,,Apartment,LUXURIOUS | WIFI | BALCONY | WATER VIEW,,600.0,,,BHD,monthly,,,,,,,,The Treasure,,,26.27286720275879,50.672889709472656,,,,Ali Sultani,,YES,,,,,https://www.propertyfinder.bh/en/plp/rent/apartment-for-rent-muharraq-governorate-dilmunia-island-the-treasure-56008269.html,2026-08-10T20:51:18.479280+00:00,2026-08-10T20:51:18.479280+00:00,0,2026-08-10T20:51:18.479280+00:00
2026-08-10,new,56008277,,,Apartment,LUXURIOUS l SPACIOUS l 2BR | BALCONY l JUFFAIR,,350.0,,,BHD,monthly,,,,,,,,,,,26.211111068725586,50.601112365722656,,,,JUNAID MUNAWAR,,YES,,,,,https://www.propertyfinder.bh/en/plp/rent/apartment-for-rent-capital-governorate-al-juffair-56008277.html,2026-08-10T20:51:18.479280+00:00,2026-08-10T20:51:18.479280+00:00,0,2026-08-10T20:51:18.479280+00:00
2026-08-10,new,56008280,,,Apartment,FULLY FURNISHED 2BHK APARTMENT | BD 400 | JUFFAIR,,400.0,,,BHD,monthly,,,,,,,,,,,26.211111068725586,50.601112365722656,,,,DILSHAB HAMSA,,YES,,,,,https://www.propertyfinder.bh/en/plp/rent/apartment-for-rent-capital-governorate-al-juffair-56008280.html,2026-08-10T20:51:18.479280+00:00,2026-08-10T20:51:18.479280+00:00,0,2026-08-10T20:51:18.479280+00:00
2026-08-10,new,56008288,,,Apartment,Furnished Apartment for Sale | Priced to Sell,,49000.0,,,BHD,sell,,,,,,,,,,,26.211111068725586,50.601112365722656,,,,Edward Deegan,,YES,completed,,,,https://www.propertyfinder.bh/en/plp/buy/apartment-for-sale-capital-governorate-al-juffair-56008288.html,2026-08-10T20:51:18.479280+00:00,2026-08-10T20:51:18.479280+00:00,0,2026-08-10T20:51:18.479280+00:00
2026-08-10,new,56008289,,,Apartment,1 BR Furnish | luxury living Panoramic Sea View |,,310.0,,,BHD,monthly,,,,,,,,,,,26.211111068725586,50.601112365722656,,,,JUNAID MUNAWAR,,YES,,,,,https://www.propertyfinder.bh/en/plp/rent/apartment-for-rent-capital-governorate-al-juffair-56008289.html,2026-08-10T20:51:18.479280+00:00,2026-08-10T20:51:18.479280+00:00,0,2026-08-10T20:51:18.479280+00:00
2026-08-10,new,56008290,,,Apartment,360 SEA VIW | SPACIOUS | LUXURY LIVING,,1000.0,,,BHD,monthly,,,,,,,,The Treasure,,,26.27286720275879,50.672889709472656,,,,Ali Sultani,,YES,,,,,https://www.propertyfinder.bh/en/plp/rent/apartment-for-rent-muharraq-governorate-dilmunia-island-the-treasure-56008290.html,2026-08-10T20:51:18.479280+00:00,2026-08-10T20:51:18.479280+00:00,0,2026-08-10T20:51:18.479280+00:00
2026-08-10,new,56008291,,,Shop,SHOWROOM | RESTURANT | ON BUDAIYA ROAD,,1200.0,,,BHD,monthly,,,,,,,,,,,26.229394912719727,50.48070526123047,,,,Hasan ABDULELAH ABDULHUSAIN Ahmed,,YES,,,,,https://www.propertyfinder.bh/en/plp/commercial-rent/shop-for-rent-northern-governorate-barbar-56008291.html,2026-08-10T20:51:18.479280+00:00,2026-08-10T20:51:18.479280+00:00,0,2026-08-10T20:51:18.479280+00:00
2026-08-10,new,56008292,,,Apartment,1 BR Furnished Apartment with Water View,,600.0,,,BHD,monthly,,,,,,,,,,,26.239999771118164,50.5369987487793,,,,Antony Pereira,,YES,,,,,https://www.propertyfinder.bh/en/plp/rent/apartment-for-rent-capital-governorate-seef-56008292.html,2026-08-10T20:51:18.479280+00:00,2026-08-10T20:51:18.479280+00:00,0,2026-08-10T20:51:18.479280+00:00
2026-08-10,new,56008293,,,Office Space,200 Sqm Semi-Furnished Office Space with Parking,,800.0,,,BHD,monthly,,,,,,,,,,,26.214487075805664,50.584754943847656,,,,Antony Pereira,,PARTLY,,,,,https://www.propertyfinder.bh/en/plp/commercial-rent/office-space-for-rent-capital-governorate-manama-adliya-56008293.html,2026-08-10T20:51:18.479280+00:00,2026-08-10T20:51:18.479280+00:00,0,2026-08-10T20:51:18.479280+00:00
2026-08-10,new,56008294,,,Villa,4 BR Furnished Villa with Private Pool and Gym,,1200.0,,,BHD,monthly,,,,,,,,,,,26.21263313293457,50.67418670654297,,,,Antony Pereira,,YES,,,,,https://www.propertyfinder.bh/en/plp/rent/villa-for-rent-muharraq-governorate-hidd-56008294.html,2026-08-10T20:51:18.479280+00:00,2026-08-10T20:51:18.479280+00:00,0,2026-08-10T20:51:18.479280+00:00
2026-08-10,new,56008298,,,Compound,4 BR Compound Villa with Private Pool,,2400.0,,,BHD,monthly,,,,,,,,,,,26.166685104370117,50.45078659057617,,,,Antony Pereira,,PARTLY,,,,,https://www.propertyfinder.bh/en/plp/rent/compound-for-rent-northern-governorate-al-jasra-56008298.html,2026-08-10T20:51:18.479280+00:00,2026-08-10T20:51:18.479280+00:00,0,2026-08-10T20:51:18.479280+00:00
2026-08-10,new,56008303,,,Warehouse,600 sqm Semi-Fitted Warehouse in Location 269,,1800.0,,,BHD,monthly,,,,,,,,,,,26.085487365722656,50.61517333984375,,,,Antony Pereira,,PARTLY,,,,,https://www.propertyfinder.bh/en/plp/commercial-rent/warehouse-for-rent-southern-governorate-ras-zuwayed-56008303.html,2026-08-10T20:51:18.479280+00:00,2026-08-10T20:51:18.479280+00:00,0,2026-08-10T20:51:18.479280+00:00
2026-08-10,new,56008304,,,Apartment,COSY | SEA VIEW | EWA LIMIT | HIGH FLOOR,,330.0,,,BHD,monthly,,,,,,,,The Treasure,,,26.27286720275879,50.672889709472656,,,,Ali Sultani,,YES,,,,,https://www.propertyfinder.bh/en/plp/rent/apartment-for-rent-muharraq-governorate-dilmunia-island-the-treasure-56008304.html,2026-08-10T20:51:18.479280+00:00,2026-08-10T20:51:18.479280+00:00,0,2026-08-10T20:51:18.479280+00:00
2026-08-10,new,56008305,,,Office Space,Seef :  2 room + hall + 2 toilet office flat,,350.0,,,BHD,monthly,,,,,,,,,,,26.239999771118164,50.5369987487793,,,,Antony Pereira,,PARTLY,,,,,https://www.propertyfinder.bh/en/plp/commercial-rent/office-space-for-rent-capital-governorate-seef-56008305.html,2026-08-10T20:51:18.479280+00:00,2026-08-10T20:51:18.479280+00:00,0,2026-08-10T20:51:18.479280+00:00
2026-08-10,new,56008306,,,Apartment,SEA VIEW LUXURY 1 BR NEAR CITY CENTER,,500.0,,,BHD,monthly,,,,,,,,,,,26.239999771118164,50.5369987487793,,,,Zsuzsanna Gecse,,YES,,,,,https://www.propertyfinder.bh/en/plp/rent/apartment-for-rent-capital-governorate-seef-56008306.html,2026-08-10T20:51:18.479280+00:00,2026-08-10T20:51:18.479280+00:00,0,2026-08-10T20:51:18.479280+00:00
2026-08-10,new,56008307,,,Apartment,Sea View l House Keeping l Pet friendly,,350.0,,,BHD,monthly,,,,,,,,Amwaj Avenue,,,26.29302978515625,50.66474151611328,,,,Siwar Arfaoui,,YES,,,,,https://www.propertyfinder.bh/en/plp/rent/apartment-for-rent-muharraq-governorate-amwaj-islands-amwaj-avenue-56008307.html,2026-08-10T20:51:18.479280+00:00,2026-08-10T20:51:18.479280+00:00,0,2026-08-10T20:51:18.479280+00:00
2026-08-10,new,56008309,,,Apartment,2 BR Furnished Apartment with Covered Parking,,400.0,,,BHD,monthly,,,,,,,,,,,26.21693992614746,50.57733154296875,,,,Antony Pereira,,YES,,,,,https://www.propertyfinder.bh/en/plp/rent/apartment-for-rent-capital-governorate-manama-segaya-56008309.html,2026-08-10T20:51:18.479280+00:00,2026-08-10T20:51:18.479280+00:00,0,2026-08-10T20:51:18.479280+00:00
2026-08-10,new,56008310,,,Office Space,201 Sqft Semi-Furnished Office Space in Location 61,,1200.0,,,BHD,monthly,,,,,,,,,,,26.21693992614746,50.57733154296875,,,,Antony Pereira,,PARTLY,,,,,https://www.propertyfinder.bh/en/plp/commercial-rent/office-space-for-rent-capital-governorate-manama-segaya-56008310.html,2026-08-10T20:51:18.479280+00:00,2026-08-10T20:51:18.479280+00:00,0,2026-08-10T20:51:18.479280+00:00
2026-08-10,new,56008311,,,Apartment,Furnished Studio Apartment with Water View,,375.0,,,BHD,monthly,,,,,,,,,,,26.239999771118164,50.5369987487793,,,,Antony Pereira,,YES,,,,,https://www.propertyfinder.bh/en/plp/rent/apartment-for-rent-capital-governorate-seef-56008311.html,2026-08-10T20:51:18.479280+00:00,2026-08-10T20:51:18.479280+00:00,0,2026-08-10T20:51:18.479280+00:00
2026-08-10,new,56008312,,,Apartment,2 BR Furnished Apartment with Water View,,650.0,,,BHD,monthly,,,,,,,,,,,26.241750717163086,50.5663948059082,,,,Antony Pereira,,YES,,,,,https://www.propertyfinder.bh/en/plp/rent/apartment-for-rent-capital-governorate-reef-island-56008312.html,2026-08-10T20:51:18.479280+00:00,2026-08-10T20:51:18.479280+00:00,0,2026-08-10T20:51:18.479280+00:00
2026-08-10,new,56008313,,,Apartment,Direct Mall Access | Beach Access | Balcony,,370.0,,,BHD,monthly,,,,,,,,Diyar Al Muharraq,Marassi Residences,,26.303447723388672,50.6461296081543,,,,Mohamed Jamal,,YES,,,,,https://www.propertyfinder.bh/en/plp/rent/apartment-for-rent-muharraq-governorate-diyar-al-muharraq-marassi-residences-56008313.html,2026-08-10T20:51:18.479280+00:00,2026-08-10T20:51:18.479280+00:00,0,2026-08-10T20:51:18.479280+00:00
2026-08-10,new,56008314,,,Apartment,1 BR Furnished Apartment with Water View,,350.0,,,BHD,monthly,,,,,,,,,,,26.211111068725586,50.601112365722656,,,,Antony Pereira,,YES,,,,,https://www.propertyfinder.bh/en/plp/rent/apartment-for-rent-capital-governorate-al-juffair-56008314.html,2026-08-10T20:51:18.479280+00:00,2026-08-10T20:51:18.479280+00:00,0,2026-08-10T20:51:18.479280+00:00
2026-08-10,new,56008318,,,Apartment,2 BR Furnished Apartment with Private Jacuzzi,,470.0,,,BHD,monthly,,,,,,,,,,,26.21693992614746,50.57733154296875,,,,Antony Pereira,,YES,,,,,https://www.propertyfinder.bh/en/plp/rent/apartment-for-rent-capital-governorate-manama-segaya-56008318.html,2026-08-10T20:51:18.479280+00:00,2026-08-10T20:51:18.479280+00:00,0,2026-08-10T20:51:18.479280+00:00
2026-08-10,new,56008319,,,Apartment,1 BR Furnished Apartment with Water View,,47000.0,,,BHD,sell,,,,,,,,,,,26.211111068725586,50.601112365722656,,,,Antony Pereira,,YES,completed,,,,https://www.propertyfinder.bh/en/plp/buy/apartment-for-sale-capital-governorate-al-juffair-56008319.html,2026-08-10T20:51:18.479280+00:00,2026-08-10T20:51:18.479280+00:00,0,2026-08-10T20:51:18.479280+00:00
2026-08-10,new,56008327,,,Compound,3 BR Compound Villa with Private Jacuzzi,,850.0,,,BHD,monthly,,,,,,,,,,,26.19164276123047,50.48757553100586,,,,Antony Pereira,,PARTLY,,,,,https://www.propertyfinder.bh/en/plp/rent/compound-for-rent-northern-governorate-saar-56008327.html,2026-08-10T20:51:18.479280+00:00,2026-08-10T20:51:18.479280+00:00,0,2026-08-10T20:51:18.479280+00:00
2026-08-10,new,56008328,,,Villa,WELL MAINTAINED | MODERN | SPACIOUS | 2 KITCHENS,,600.0,,,BHD,monthly,,,,,,,,Diyar Al Muharraq,Al Noor,,26.311420440673828,50.64306640625,,,,Dulce Sevilla,,PARTLY,,,,,https://www.propertyfinder.bh/en/plp/rent/villa-for-rent-muharraq-governorate-diyar-al-muharraq-al-noor-56008328.html,2026-08-10T20:51:18.479280+00:00,2026-08-10T20:51:18.479280+00:00,0,2026-08-10T20:51:18.479280+00:00
2026-08-10,new,56008329,,,Compound,SAAR : 4 BR Compound Villa with Shared Pool,,1400.0,,,BHD,monthly,,,,,,,,,,,26.19164276123047,50.48757553100586,,,,Antony Pereira,,PARTLY,,,,,https://www.propertyfinder.bh/en/plp/rent/compound-for-rent-northern-governorate-saar-56008329.html,2026-08-10T20:51:18.479280+00:00,2026-08-10T20:51:18.479280+00:00,0,2026-08-10T20:51:18.479280+00:00
2026-08-10,new,56008330,,,Compound,4 BR Compound Villa with Private Pool in Barbar,,1600.0,,,BHD,monthly,,,,,,,,,,,26.229394912719727,50.48070526123047,,,,Antony Pereira,,YES,,,,,https://www.propertyfinder.bh/en/plp/rent/compound-for-rent-northern-governorate-barbar-56008330.html,2026-08-10T20:51:18.479280+00:00,2026-08-10T20:51:18.479280+00:00,0,2026-08-10T20:51:18.479280+00:00
2026-08-10,new,56008331,,,Apartment,4 BEDROOM Furnished Apartment with Study and Gym,,850.0,,,BHD,monthly,,,,,,,,,,,26.203079223632812,50.594947814941406,,,,Antony Pereira,,YES,,,,,https://www.propertyfinder.bh/en/plp/rent/apartment-for-rent-capital-governorate-manama-um-al-hasam-56008331.html,2026-08-10T20:51:18.479280+00:00,2026-08-10T20:51:18.479280+00:00,0,2026-08-10T20:51:18.479280+00:00
2026-08-10,new,56008332,,,Apartment,2BR Furnished Apartment with Water View in BHD 900,,900.0,,,BHD,monthly,,,,,,,,,,,26.211111068725586,50.601112365722656,,,,Antony Pereira,,YES,,,,,https://www.propertyfinder.bh/en/plp/rent/apartment-for-rent-capital-governorate-al-juffair-56008332.html,2026-08-10T20:51:18.479280+00:00,2026-08-10T20:51:18.479280+00:00,0,2026-08-10T20:51:18.479280+00:00
2026-08-10,new,56008333,,,Compound,4 BR Compound Villa with Private Garden,,1500.0,,,BHD,monthly,,,,,,,,,,,26.140336990356445,50.478271484375,,,,Antony Pereira,,PARTLY,,,,,https://www.propertyfinder.bh/en/plp/rent/compound-for-rent-northern-governorate-hamala-56008333.html,2026-08-10T20:51:18.479280+00:00,2026-08-10T20:51:18.479280+00:00,0,2026-08-10T20:51:18.479280+00:00
2026-08-10,new,56008339,,,Compound,compound | 3BHK | prime location...,,550.0,,,BHD,monthly,,,,,,,,,,,26.2102108001709,50.56403350830078,,,,Eardly Kent,,PARTLY,,,,,https://www.propertyfinder.bh/en/plp/rent/compound-for-rent-capital-governorate-manama-zinj-56008339.html,2026-08-10T20:51:18.479280+00:00,2026-08-10T20:51:18.479280+00:00,0,2026-08-10T20:51:18.479280+00:00
2026-08-10,new,56008347,,,Villa,Swimming pool | Balcony | BBQ Area | Garden,,475000.0,,,BHD,sell,,,,,,,,,,,26.19164276123047,50.48757553100586,,,,Khalil Ebrahim,,NO,completed_primary,,,,https://www.propertyfinder.bh/en/plp/buy/villa-for-sale-northern-governorate-saar-56008347.html,2026-08-10T20:51:18.479280+00:00,2026-08-10T20:51:18.479280+00:00,0,2026-08-10T20:51:18.479280+00:00
2026-08-10,new,56008349,,,Villa,Specious | Garden | Riffa Views,,290000.0,,,BHD,sell,,,,,,,,Riffa Views,,,26.097333908081055,50.56736373901367,,,,Maitham Salman,,PARTLY,completed_primary,,,,https://www.propertyfinder.bh/en/plp/buy/villa-for-sale-southern-governorate-riffa-riffa-views-56008349.html,2026-08-10T20:51:18.479280+00:00,2026-08-10T20:51:18.479280+00:00,0,2026-08-10T20:51:18.479280+00:00
2026-08-10,new,56008352,,,Apartment,FULLY EQUIPED APARTMENT | BD500 | LOCATION JUFFAIR,,500.0,,,BHD,monthly,,,,,,,,,,,26.211111068725586,50.601112365722656,,,,DILSHAB HAMSA,,YES,,,,,https://www.propertyfinder.bh/en/plp/rent/apartment-for-rent-capital-governorate-al-juffair-56008352.html,2026-08-10T20:51:18.479280+00:00,2026-08-10T20:51:18.479280+00:00,0,2026-08-10T20:51:18.479280+00:00
2026-08-10,new,56008353,,,Villa,Luxury  | Pool | Maid’s Room | Elevator | Garden,,330000.0,,,BHD,sell,,,,,,,,,,,26.05678367614746,50.61648178100586,,,,Mohamed Abdali,,PARTLY,completed,,,,https://www.propertyfinder.bh/en/plp/buy/villa-for-sale-southern-governorate-askar-56008353.html,2026-08-10T20:51:18.479280+00:00,2026-08-10T20:51:18.479280+00:00,0,2026-08-10T20:51:18.479280+00:00
2026-08-10,new,56008376,,,Apartment,Luxury | Elegant | Inclusive | Modern | Maid Room,,630.0,,,BHD,monthly,,,,,,,,,,,26.211111068725586,50.601112365722656,,,,Milkah Afandi,,YES,,,,,https://www.propertyfinder.bh/en/plp/rent/apartment-for-rent-capital-governorate-al-juffair-56008376.html,2026-08-10T20:51:18.479280+00:00,2026-08-10T20:51:18.479280+00:00,0,2026-08-10T20:51:18.479280+00:00
2026-08-10,new,56008377,,,Apartment,Luxury | Spacious | Sea View | Inclusive |,,700.0,,,BHD,monthly,,,,,,,,,,,26.211111068725586,50.601112365722656,,,,Milkah Afandi,,YES,,,,,https://www.propertyfinder.bh/en/plp/rent/apartment-for-rent-capital-governorate-al-juffair-56008377.html,2026-08-10T20:51:18.479280+00:00,2026-08-10T20:51:18.479280+00:00,0,2026-08-10T20:51:18.479280+00:00
2026-08-10,new,56008378,,,Apartment,Best Deal 3+Maids Furnished Brand New Living Room,,675.0,,,BHD,monthly,,,,,,,,Abraj Al Lulu,,,26.230030059814453,50.55890655517578,,,,Sushant Anand,,YES,,,,,https://www.propertyfinder.bh/en/plp/rent/apartment-for-rent-capital-governorate-manama-abraj-al-lulu-56008378.html,2026-08-10T20:51:18.479280+00:00,2026-08-10T20:51:18.479280+00:00,0,2026-08-10T20:51:18.479280+00:00
2026-08-10,new,56008379,,,Apartment,Luxury| Spacious| Sea View| Maids Room | Inclusive,,1000.0,,,BHD,monthly,,,,,,,,,,,26.211111068725586,50.601112365722656,,,,Milkah Afandi,,YES,,,,,https://www.propertyfinder.bh/en/plp/rent/apartment-for-rent-capital-governorate-al-juffair-56008379.html,2026-08-10T20:51:18.479280+00:00,2026-08-10T20:51:18.479280+00:00,0,2026-08-10T20:51:18.479280+00:00
2026-08-10,new,56008381,,,Apartment,Sea View | Spacious | Inclusive | Luxury |,,950.0,,,BHD,monthly,,,,,,,,,,,26.207910537719727,50.587345123291016,,,,Milkah Afandi,,YES,,,,,https://www.propertyfinder.bh/en/plp/rent/apartment-for-rent-capital-governorate-manama-mahooz-56008381.html,2026-08-10T20:51:18.479280+00:00,2026-08-10T20:51:18.479280+00:00,0,2026-08-10T20:51:18.479280+00:00
2026-08-10,new,56008390,,,Villa,Skylight Villa | Closed Kitchen | Maid Room,,115000.0,,,BHD,sell,,,,,,,,,,,26.140336990356445,50.478271484375,,,,Kensington Real Estate,,PARTLY,completed_primary,,,,https://www.propertyfinder.bh/en/plp/buy/villa-for-sale-northern-governorate-hamala-56008390.html,2026-08-10T20:51:18.479280+00:00,2026-08-10T20:51:18.479280+00:00,0,2026-08-10T20:51:18.479280+00:00
2026-08-10,new,56008401,,,Apartment,"For Rent 3-Bedroom Apartment in Hajiyat, Riffa",,140.0,,,BHD,monthly,,,,,,,,Alhajiyat,,,26.128984451293945,50.58171463012695,,,,Yahya Zainal,,NO,,,,,https://www.propertyfinder.bh/en/plp/rent/apartment-for-rent-southern-governorate-riffa-alhajiyat-56008401.html,2026-08-10T20:51:18.479280+00:00,2026-08-10T20:51:18.479280+00:00,0,2026-08-10T20:51:18.479280+00:00
2026-08-10,new,56008408,,,Apartment,Direct Mall Access | Beach Access | Balcony,,350.0,,,BHD,monthly,,,,,,,,Diyar Al Muharraq,Marassi Residences,,26.303447723388672,50.6461296081543,,,,Mohamed Jamal,,YES,,,,,https://www.propertyfinder.bh/en/plp/rent/apartment-for-rent-muharraq-governorate-diyar-al-muharraq-marassi-residences-56008408.html,2026-08-10T20:51:18.479280+00:00,2026-08-10T20:51:18.479280+00:00,0,2026-08-10T20:51:18.479280+00:00
2026-08-10,new,56008417,,,Apartment,Direct Mall Access | Beach Access | Balcony,,370.0,,,BHD,monthly,,,,,,,,Diyar Al Muharraq,,,26.303447723388672,50.6461296081543,,,,Mohamed Jamal,,YES,,,,,https://www.propertyfinder.bh/en/plp/rent/apartment-for-rent-muharraq-governorate-diyar-al-muharraq-marassi-al-bahrain-56008417.html,2026-08-10T20:51:18.479280+00:00,2026-08-10T20:51:18.479280+00:00,0,2026-08-10T20:51:18.479280+00:00
2026-08-10,new,56008425,,,Apartment,Direct Mall Access | Beach Access | Balcony,,350.0,,,BHD,monthly,,,,,,,,Diyar Al Muharraq,,,26.303447723388672,50.6461296081543,,,,Mohamed Jamal,,YES,,,,,https://www.propertyfinder.bh/en/plp/rent/apartment-for-rent-muharraq-governorate-diyar-al-muharraq-marassi-al-bahrain-56008425.html,2026-08-10T20:51:18.479280+00:00,2026-08-10T20:51:18.479280+00:00,0,2026-08-10T20:51:18.479280+00:00
2026-08-10,new,56008431,,,Apartment,Brand New | Stylish IModernI Balcony I Great View,,280.0,,,BHD,monthly,,,,,,,,,,,26.211111068725586,50.601112365722656,,,,Antony Shaiju,,YES,,,,,https://www.propertyfinder.bh/en/plp/rent/apartment-for-rent-capital-governorate-al-juffair-56008431.html,2026-08-10T20:51:18.479280+00:00,2026-08-10T20:51:18.479280+00:00,0,2026-08-10T20:51:18.479280+00:00
2026-08-10,new,56008433,,,Apartment,Sea View I Modernly Furnished I Premium Facilities,,280.0,,,BHD,monthly,,,,,,,,,,,26.211111068725586,50.601112365722656,,,,Antony Shaiju,,YES,,,,,https://www.propertyfinder.bh/en/plp/rent/apartment-for-rent-capital-governorate-al-juffair-56008433.html,2026-08-10T20:51:18.479280+00:00,2026-08-10T20:51:18.479280+00:00,0,2026-08-10T20:51:18.479280+00:00
2026-08-10,new,56008437,,,Apartment,Only Families IChildren Pool/Games I House Keeping,,350.0,,,BHD,monthly,,,,,,,,,,,26.211111068725586,50.601112365722656,,,,Antony Shaiju,,YES,,,,,https://www.propertyfinder.bh/en/plp/rent/apartment-for-rent-capital-governorate-al-juffair-56008437.html,2026-08-10T20:51:18.479280+00:00,2026-08-10T20:51:18.479280+00:00,0,2026-08-10T20:51:18.479280+00:00
2026-08-10,new,56008441,,,Apartment,freehold | Luxurious | Quiet area,,58000.0,,,BHD,sell,,,,,,,,,,,26.27199935913086,50.60900115966797,,,,Al Lagoon Real Estate ,,NO,completed,,,,https://www.propertyfinder.bh/en/plp/buy/apartment-for-sale-muharraq-governorate-busaiteen-56008441.html,2026-08-10T20:51:18.479280+00:00,2026-08-10T20:51:18.479280+00:00,0,2026-08-10T20:51:18.479280+00:00
2026-08-10,new,56008444,,,Apartment,Spacious I Great Facilities I Both Rooms Attached,,350.0,,,BHD,monthly,,,,,,,,,,,26.211111068725586,50.601112365722656,,,,Antony Shaiju,,YES,,,,,https://www.propertyfinder.bh/en/plp/rent/apartment-for-rent-capital-governorate-al-juffair-56008444.html,2026-08-10T20:51:18.479280+00:00,2026-08-10T20:51:18.479280+00:00,0,2026-08-10T20:51:18.479280+00:00
2026-08-10,new,56008445,,,Land,RB Land in Hamad Town | Roundabout 19,,128441.0,,,BHD,sell,,,,,,,,,,,26.12916374206543,50.49860763549805,,,,Mahmood Al-Shaikh,,,,,,,https://www.propertyfinder.bh/en/plp/buy/land-for-sale-northern-governorate-hamad-town-56008445.html,2026-08-10T20:51:18.479280+00:00,2026-08-10T20:51:18.479280+00:00,0,2026-08-10T20:51:18.479280+00:00
2026-08-10,new,56008446,,,Apartment,"Spacious, elegant water views and balcony",,675.0,,,BHD,monthly,,,,,,,,,,,26.241750717163086,50.5663948059082,,,,Deborah Ngoshi,,YES,,,,,https://www.propertyfinder.bh/en/plp/rent/apartment-for-rent-capital-governorate-reef-island-56008446.html,2026-08-10T20:51:18.479280+00:00,2026-08-10T20:51:18.479280+00:00,0,2026-08-10T20:51:18.479280+00:00
2026-08-10,new,56008448,,,Apartment,"Great Views, Spacious, Unlimited EWA",,650.0,,,BHD,monthly,,,,,,,,,,,26.241750717163086,50.5663948059082,,,,Deborah Ngoshi,,YES,,,,,https://www.propertyfinder.bh/en/plp/rent/apartment-for-rent-capital-governorate-reef-island-56008448.html,2026-08-10T20:51:18.479280+00:00,2026-08-10T20:51:18.479280+00:00,0,2026-08-10T20:51:18.479280+00:00
2026-08-10,new,56008449,,,Apartment,Unlimited EWA | Perfect for Families I Pool I Gym,,450.0,,,BHD,monthly,,,,,,,,Sanabis,,,26.226558685302734,50.5459098815918,,,,Antony Shaiju,,YES,,,,,https://www.propertyfinder.bh/en/plp/rent/apartment-for-rent-capital-governorate-manama-sanabis-56008449.html,2026-08-10T20:51:18.479280+00:00,2026-08-10T20:51:18.479280+00:00,0,2026-08-10T20:51:18.479280+00:00
2026-08-10,new,56008455,,,Apartment,Gas Cooking I Spacious I Modern I Family Building,,340.0,,,BHD,monthly,,,,,,,,,,,26.207910537719727,50.587345123291016,,,,Antony Shaiju,,YES,,,,,https://www.propertyfinder.bh/en/plp/rent/apartment-for-rent-capital-governorate-manama-mahooz-56008455.html,2026-08-10T20:51:18.479280+00:00,2026-08-10T20:51:18.479280+00:00,0,2026-08-10T20:51:18.479280+00:00
2026-08-10,new,56008456,,,Apartment,"Two Bedroom Apt with maid room, Unlimited EWA",,550.0,,,BHD,monthly,,,,,,,,,,,26.241750717163086,50.5663948059082,,,,Deborah Ngoshi,,YES,,,,,https://www.propertyfinder.bh/en/plp/rent/apartment-for-rent-capital-governorate-reef-island-56008456.html,2026-08-10T20:51:18.479280+00:00,2026-08-10T20:51:18.479280+00:00,0,2026-08-10T20:51:18.479280+00:00
2026-08-10,new,56008457,,,Apartment,Modern | Beach Access | Balcony | Prime Location,,300.0,,,BHD,monthly,,,,,,,,Diyar Al Muharraq,Marassi Boulevard,,26.303447723388672,50.6461296081543,,,,Mohamed Jamal,,YES,,,,,https://www.propertyfinder.bh/en/plp/rent/apartment-for-rent-muharraq-governorate-diyar-al-muharraq-marassi-boulevard-56008457.html,2026-08-10T20:51:18.479280+00:00,2026-08-10T20:51:18.479280+00:00,0,2026-08-10T20:51:18.479280+00:00
2026-08-10,new,56008468,,,Apartment,LUXURIOUS FULLY RENOVATED 4 BEDS DUPLEX | MAIDS,,1200.0,,,BHD,monthly,,,,,,,,Amwaj Marina,,,26.293058395385742,50.65943908691406,,,,Raheel Saeed,,YES,,,,,https://www.propertyfinder.bh/en/plp/rent/apartment-for-rent-muharraq-governorate-amwaj-islands-amwaj-marina-56008468.html,2026-08-10T20:51:18.479280+00:00,2026-08-10T20:51:18.479280+00:00,0,2026-08-10T20:51:18.479280+00:00
2026-08-10,new,56008469,,,Land,Residential | Land | Ras Hayyan | RA,,85187.0,,,BHD,sell,,,,,,,,,,,26.040000915527344,50.63138961791992,,,,Sadeq Habib,,,,,,,https://www.propertyfinder.bh/en/plp/buy/land-for-sale-southern-governorate-ras-hayan-56008469.html,2026-08-10T20:51:18.479280+00:00,2026-08-10T20:51:18.479280+00:00,0,2026-08-10T20:51:18.479280+00:00
2026-08-10,new,56008470,,,Apartment,Modern | Beach Access | Balcony | Prime Location,,300.0,,,BHD,monthly,,,,,,,,Diyar Al Muharraq,,,26.303447723388672,50.6461296081543,,,,Mohamed Jamal,,YES,,,,,https://www.propertyfinder.bh/en/plp/rent/apartment-for-rent-muharraq-governorate-diyar-al-muharraq-marassi-al-bahrain-56008470.html,2026-08-10T20:51:18.479280+00:00,2026-08-10T20:51:18.479280+00:00,0,2026-08-10T20:51:18.479280+00:00
2026-08-10,new,56008472,,,Apartment,Bahrain Bay 1 BR |Balcony| SEA VIEW | Housekeeping,,520.0,,,BHD,monthly,,,,,,,,,,,26.249584197998047,50.580360412597656,,,,Zsuzsanna Gecse,,YES,,,,,https://www.propertyfinder.bh/en/plp/rent/apartment-for-rent-capital-governorate-bahrain-bay-56008472.html,2026-08-10T20:51:18.479280+00:00,2026-08-10T20:51:18.479280+00:00,0,2026-08-10T20:51:18.479280+00:00
2026-08-10,new,56008473,,,Apartment,1 BR Furnished Apartment with Balcony in Area 48,,340.0,,,BHD,monthly,,,,,,,,,,,26.185943603515625,50.46711349487305,,,,Vikki Ann Lord,,YES,,,,,https://www.propertyfinder.bh/en/plp/rent/apartment-for-rent-northern-governorate-janabiya-56008473.html,2026-08-10T20:51:18.479280+00:00,2026-08-10T20:51:18.479280+00:00,0,2026-08-10T20:51:18.479280+00:00
2026-08-10,new,56008474,,,Villa,Beautiful Villa Private Garden Great Facilites,,680.0,,,BHD,monthly,,,,,,,,,,,26.185943603515625,50.46711349487305,,,,Antony Shaiju,,PARTLY,,,,,https://www.propertyfinder.bh/en/plp/rent/villa-for-rent-northern-governorate-janabiya-56008474.html,2026-08-10T20:51:18.479280+00:00,2026-08-10T20:51:18.479280+00:00,0,2026-08-10T20:51:18.479280+00:00
2026-08-10,new,56008475,,,Apartment,Spacious flat - house keeping - All  inclusive,,200.0,,,BHD,monthly,,,,,,,,,,,26.211111068725586,50.601112365722656,,,,Antony Shaiju,,YES,,,,,https://www.propertyfinder.bh/en/plp/rent/apartment-for-rent-capital-governorate-al-juffair-56008475.html,2026-08-10T20:51:18.479280+00:00,2026-08-10T20:51:18.479280+00:00,0,2026-08-10T20:51:18.479280+00:00
2026-08-10,new,56008476,,,Apartment,LUXURY| LARGE 2 BEDS| HOUSE KEEPING | MAID | WIFI,,650.0,,,BHD,monthly,,,,,,,,The Lagoon,,,26.287778854370117,50.66339111328125,,,,Raheel Saeed,,YES,,,,,https://www.propertyfinder.bh/en/plp/rent/apartment-for-rent-muharraq-governorate-amwaj-islands-the-lagoon-56008476.html,2026-08-10T20:51:18.479280+00:00,2026-08-10T20:51:18.479280+00:00,0,2026-08-10T20:51:18.479280+00:00
2026-08-10,new,56008482,,,Apartment,modern studio l gym l good locatin l housekeeping,,250.0,,,BHD,monthly,,,,,,,,,,,26.214487075805664,50.584754943847656,,,,Monica Medhat,,YES,,,,,https://www.propertyfinder.bh/en/plp/rent/apartment-for-rent-capital-governorate-manama-adliya-56008482.html,2026-08-10T20:51:18.479280+00:00,2026-08-10T20:51:18.479280+00:00,0,2026-08-10T20:51:18.479280+00:00
2026-08-10,new,56008483,,,Land,LD | SALMABAD AREA | Land      |,,1125311.0,,,BHD,sell,,,,,,,,,,,26.183332443237305,50.516666412353516,,,,Husain Alsandy,,,,,,,https://www.propertyfinder.bh/en/plp/commercial-buy/land-for-sale-central-governorate-salmabad-56008483.html,2026-08-10T20:51:18.479280+00:00,2026-08-10T20:51:18.479280+00:00,0,2026-08-10T20:51:18.479280+00:00
2026-08-10,new,56008485,,,Villa,luxurious | Closed kitchen | Garden |,,340000.0,,,BHD,sell,,,,,,,,,,,26.19164276123047,50.48757553100586,,,,Jaffer Mirza,,PARTLY,completed_primary,,,,https://www.propertyfinder.bh/en/plp/buy/villa-for-sale-northern-governorate-saar-56008485.html,2026-08-10T20:51:18.479280+00:00,2026-08-10T20:51:18.479280+00:00,0,2026-08-10T20:51:18.479280+00:00
2026-08-10,new,56008486,,,Apartment,BEST DEAL LAST UNIT | 2 BALCONIES | PETS ALLOWED,,320.0,,,BHD,monthly,,,,,,,,Amwaj Marina,,,26.293058395385742,50.65943908691406,,,,Raheel Saeed,,YES,,,,,https://www.propertyfinder.bh/en/plp/rent/apartment-for-rent-muharraq-governorate-amwaj-islands-amwaj-marina-56008486.html,2026-08-10T20:51:18.479280+00:00,2026-08-10T20:51:18.479280+00:00,0,2026-08-10T20:51:18.479280+00:00
2026-08-10,new,56008488,,,Land,Prime | Residential | Land | Ras Hayyan | RA,,84000.0,,,BHD,sell,,,,,,,,,,,26.040000915527344,50.63138961791992,,,,Sadeq Habib,,,,,,,https://www.propertyfinder.bh/en/plp/buy/land-for-sale-southern-governorate-ras-hayan-56008488.html,2026-08-10T20:51:18.479280+00:00,2026-08-10T20:51:18.479280+00:00,0,2026-08-10T20:51:18.479280+00:00
2026-08-10,new,56008489,,,Villa,Luxury | Maid’s room |  swimming pool,,280000.0,,,BHD,sell,,,,,,,,,,,26.20011329650879,50.46629333496094,,,,Mohamed Antar,,NO,completed_primary,,,,https://www.propertyfinder.bh/en/plp/buy/villa-for-sale-northern-governorate-al-qurayyah-56008489.html,2026-08-10T20:51:18.479280+00:00,2026-08-10T20:51:18.479280+00:00,0,2026-08-10T20:51:18.479280+00:00
2026-08-10,new,56008491,,,Villa,Prime Location | Saraya 2 | Capital School | Pool,,1400.0,,,BHD,monthly,,,,,,,,Saraya 2,,,26.19185447692871,50.509178161621094,,,,Facundo de Moura,,YES,,,,,https://www.propertyfinder.bh/en/plp/rent/villa-for-rent-northern-governorate-bu-quwah-saraya-2-56008491.html,2026-08-10T20:51:18.479280+00:00,2026-08-10T20:51:18.479280+00:00,0,2026-08-10T20:51:18.479280+00:00
2026-08-10,new,56008492,,,Land,Residential | RA | Karzakan | one road,,92000.0,,,BHD,sell,,,,,,,,,,,26.113693237304688,50.48170471191406,,,,Mohamed Antar,,,,,,,https://www.propertyfinder.bh/en/plp/buy/land-for-sale-northern-governorate-karzakkan-56008492.html,2026-08-10T20:51:18.479280+00:00,2026-08-10T20:51:18.479280+00:00,0,2026-08-10T20:51:18.479280+00:00
2026-08-10,new,56008494,,,Villa,Luxury | Balcony | Maid’s room,,177000.0,,,BHD,sell,,,,,,,,,,,26.19164276123047,50.48757553100586,,,,Mohamed Antar,,NO,completed_primary,,,,https://www.propertyfinder.bh/en/plp/buy/villa-for-sale-northern-governorate-saar-56008494.html,2026-08-10T20:51:18.479280+00:00,2026-08-10T20:51:18.479280+00:00,0,2026-08-10T20:51:18.479280+00:00
2026-08-10,new,56008496,,,Land,RG | Prime Location | Damistan AREA |,,342747.0,,,BHD,sell,,,,,,,,,,,26.123769760131836,50.469722747802734,,,,Mohamed Antar,,,,,,,https://www.propertyfinder.bh/en/plp/buy/land-for-sale-northern-governorate-dumistan-56008496.html,2026-08-10T20:51:18.479280+00:00,2026-08-10T20:51:18.479280+00:00,0,2026-08-10T20:51:18.479280+00:00
2026-08-10,new,56008499,,,Villa,SPACIOUS 4BHK VILLA | PRIVATE GARDEN | PRIME JASRA,,1200.0,,,BHD,monthly,,,,,,,,,,,26.166685104370117,50.45078659057617,,,,Irina Matvievici,,PARTLY,,,,,https://www.propertyfinder.bh/en/plp/rent/villa-for-rent-northern-governorate-al-jasra-56008499.html,2026-08-10T20:51:18.479280+00:00,2026-08-10T20:51:18.479280+00:00,0,2026-08-10T20:51:18.479280+00:00
2026-08-10,new,56008500,,,Land,Prime location | Saar Area | - RA,,300538.0,,,BHD,sell,,,,,,,,,,,26.19164276123047,50.48757553100586,,,,Mohamed Antar,,,,,,,https://www.propertyfinder.bh/en/plp/buy/land-for-sale-northern-governorate-saar-56008500.html,2026-08-10T20:51:18.479280+00:00,2026-08-10T20:51:18.479280+00:00,0,2026-08-10T20:51:18.479280+00:00
2026-08-10,new,56008503,,,Land,Prime location | RB | Al Malikiyah,,140000.0,,,BHD,sell,,,,,,,,,,,26.100860595703125,50.48801040649414,,,,Mohamed Antar,,,,,,,https://www.propertyfinder.bh/en/plp/buy/land-for-sale-northern-governorate-malkiyah-56008503.html,2026-08-10T20:51:18.479280+00:00,2026-08-10T20:51:18.479280+00:00,0,2026-08-10T20:51:18.479280+00:00
2026-08-10,new,56008506,,,Apartment,Fontana Towers | Full Sea View | Best Layout |,,700.0,,,BHD,monthly,,,,,,,,,,,26.211111068725586,50.601112365722656,,,,Antony Shaiju,,YES,,,,,https://www.propertyfinder.bh/en/plp/rent/apartment-for-rent-capital-governorate-al-juffair-56008506.html,2026-08-10T20:51:18.479280+00:00,2026-08-10T20:51:18.479280+00:00,0,2026-08-10T20:51:18.479280+00:00
2026-08-10,new,56008512,,,Apartment,Free internet | Ewa Limit 10% | Laundry Room,,500.0,,,BHD,monthly,,,,,,,,,,,26.239999771118164,50.5369987487793,,,,Duaa Alsayegh,,YES,,,,,https://www.propertyfinder.bh/en/plp/rent/apartment-for-rent-capital-governorate-seef-56008512.html,2026-08-10T20:51:18.479280+00:00,2026-08-10T20:51:18.479280+00:00,0,2026-08-10T20:51:18.479280+00:00
2026-08-10,new,56008513,,,Land,Prime location | Askar Area | RA,,591000.0,,,BHD,sell,,,,,,,,,,,26.05678367614746,50.61648178100586,,,,Zaid Alwaheb,,,,,,,https://www.propertyfinder.bh/en/plp/buy/land-for-sale-southern-governorate-askar-56008513.html,2026-08-10T20:51:18.479280+00:00,2026-08-10T20:51:18.479280+00:00,0,2026-08-10T20:51:18.479280+00:00
2026-08-10,new,56008514,,,Compound,Single Story | Spacious | Garden | Maid room,,625.0,,,BHD,monthly,,,,,,,,,,,26.229394912719727,50.48070526123047,,,,Devesh Kumar,,PARTLY,,,,,https://www.propertyfinder.bh/en/plp/rent/compound-for-rent-northern-governorate-barbar-56008514.html,2026-08-10T20:51:18.479280+00:00,2026-08-10T20:51:18.479280+00:00,0,2026-08-10T20:51:18.479280+00:00
2026-08-10,new,56008515,,,Apartment,NEAT | FREE WIFI | MID FLOOR | COSY,,260.0,,,BHD,monthly,,,,,,,,Sanabis,,,26.226558685302734,50.5459098815918,,,,Ali Sultani,,YES,,,,,https://www.propertyfinder.bh/en/plp/rent/apartment-for-rent-capital-governorate-manama-sanabis-56008515.html,2026-08-10T20:51:18.479280+00:00,2026-08-10T20:51:18.479280+00:00,0,2026-08-10T20:51:18.479280+00:00
2026-08-10,new,56008516,,,Apartment,Open sea view Luxury Two bedroom in Harbor.,,700.0,,,BHD,monthly,,,,,,,,Bahrain Financial Harbour,,,26.23778533935547,50.57342529296875,,,,Artyom Maulenov,,YES,,,,,https://www.propertyfinder.bh/en/plp/rent/apartment-for-rent-capital-governorate-manama-bahrain-financial-harbour-56008516.html,2026-08-10T20:51:18.479280+00:00,2026-08-10T20:51:18.479280+00:00,0,2026-08-10T20:51:18.479280+00:00
2026-08-10,new,56008520,,,Apartment,Brand new Luxury Two bedrooms  in Reef Island,,800.0,,,BHD,monthly,,,,,,,,,,,26.241750717163086,50.5663948059082,,,,Artyom Maulenov,,YES,,,,,https://www.propertyfinder.bh/en/plp/rent/apartment-for-rent-capital-governorate-reef-island-56008520.html,2026-08-10T20:51:18.479280+00:00,2026-08-10T20:51:18.479280+00:00,0,2026-08-10T20:51:18.479280+00:00
2026-08-10,new,56008523,,,Apartment,Flat | Furnished | Rent | Juffair,,450.0,,,BHD,monthly,,,,,,,,,,,26.211111068725586,50.601112365722656,,,,Sadeq Habib,,YES,,,,,https://www.propertyfinder.bh/en/plp/rent/apartment-for-rent-capital-governorate-al-juffair-56008523.html,2026-08-10T20:51:18.479280+00:00,2026-08-10T20:51:18.479280+00:00,0,2026-08-10T20:51:18.479280+00:00
2026-08-10,new,56008524,,,Apartment,Free Internet | Inclusive | Pool | City View,,300.0,,,BHD,monthly,,,,,,,,,,,26.239999771118164,50.5369987487793,,,,Duaa Alsayegh,,NO,,,,,https://www.propertyfinder.bh/en/plp/rent/apartment-for-rent-capital-governorate-seef-56008524.html,2026-08-10T20:51:18.479280+00:00,2026-08-10T20:51:18.479280+00:00,0,2026-08-10T20:51:18.479280+00:00
2026-08-10,new,56008525,,,Villa,Family Compound | Renovated 3 BR | Private Garden,,850.0,,,BHD,monthly,,,,,,,,,,,26.19164276123047,50.48757553100586,,,,Raheel Saeed,,PARTLY,,,,,https://www.propertyfinder.bh/en/plp/rent/villa-for-rent-northern-governorate-saar-56008525.html,2026-08-10T20:51:18.479280+00:00,2026-08-10T20:51:18.479280+00:00,0,2026-08-10T20:51:18.479280+00:00
2026-08-10,new,56008539,,,Villa,NURSERY FOR SALE | FULLY EQUIPPED | PRIME DIRAZ,,225000.0,,,BHD,sell,,,,,,,,,,,26.220962524414062,50.46446990966797,,,,Yumna Awad,,YES,completed,,,,https://www.propertyfinder.bh/en/plp/buy/villa-for-sale-northern-governorate-diraz-56008539.html,2026-08-10T20:51:18.479280+00:00,2026-08-10T20:51:18.479280+00:00,0,2026-08-10T20:51:18.479280+00:00
2026-08-10,new,56008543,,,Apartment,STYLISH 2BHK | BEACH ACCESS | PREMIUM FACILITIES,,580.0,,,BHD,monthly,,,,,,,,Diyar Al Muharraq,Marassi Shores Residences,,26.303447723388672,50.6461296081543,,,,Rolin Faouri,,YES,,,,,https://www.propertyfinder.bh/en/plp/rent/apartment-for-rent-muharraq-governorate-diyar-al-muharraq-marassi-shores-residences-56008543.html,2026-08-10T20:51:18.479280+00:00,2026-08-10T20:51:18.479280+00:00,0,2026-08-10T20:51:18.479280+00:00
2026-08-10,new,56008544,,,Villa,MODERN | 4 ENSUITE BEDROOMS | PRIVATE POOL,,1200.0,,,BHD,monthly,,,,,,,,,,,26.19164276123047,50.48757553100586,,,,Raheel Saeed,,PARTLY,,,,,https://www.propertyfinder.bh/en/plp/rent/villa-for-rent-northern-governorate-saar-56008544.html,2026-08-10T20:51:18.479280+00:00,2026-08-10T20:51:18.479280+00:00,0,2026-08-10T20:51:18.479280+00:00
2026-08-10,new,56008547,,,Apartment,LUXURIOUS 4BR | SEA VIEW | BEACH ACCESS | SPACIOUS,,300000.0,,,BHD,sell,,,,,,,,Diyar Al Muharraq,Marassi Shores Residences,,26.303447723388672,50.6461296081543,,,,Rolin Faouri,,YES,completed,,,,https://www.propertyfinder.bh/en/plp/buy/apartment-for-sale-muharraq-governorate-diyar-al-muharraq-marassi-shores-residences-56008547.html,2026-08-10T20:51:18.479280+00:00,2026-08-10T20:51:18.479280+00:00,0,2026-08-10T20:51:18.479280+00:00
2026-08-10,new,56008548,,,Villa,COMPOUND VILLA | 4 BEDS | POOL | GARDEN,,1400.0,,,BHD,monthly,,,,,,,,,,,26.19164276123047,50.48757553100586,,,,Raheel Saeed,,YES,,,,,https://www.propertyfinder.bh/en/plp/rent/villa-for-rent-northern-governorate-saar-56008548.html,2026-08-10T20:51:18.479280+00:00,2026-08-10T20:51:18.479280+00:00,0,2026-08-10T20:51:18.479280+00:00
2026-08-10,new,56008551,,,Apartment,LUXURIOUS 2BHK | SEA VIEW | TOP-NOTCH FACILITIES,,500.0,,,BHD,monthly,,,,,,,,,,,26.211111068725586,50.601112365722656,,,,Rolin Faouri,,YES,,,,,https://www.propertyfinder.bh/en/plp/rent/apartment-for-rent-capital-governorate-al-juffair-56008551.html,2026-08-10T20:51:18.479280+00:00,2026-08-10T20:51:18.479280+00:00,0,2026-08-10T20:51:18.479280+00:00
2026-08-10,new,56008553,,,Apartment,Memaar Tower | Private owner | Balcony |,,58000.0,,,BHD,sell,,,,,,,,,,,26.211111068725586,50.601112365722656,,,,Facundo de Moura,,YES,completed,,,,https://www.propertyfinder.bh/en/plp/buy/apartment-for-sale-capital-governorate-al-juffair-56008553.html,2026-08-10T20:51:18.479280+00:00,2026-08-10T20:51:18.479280+00:00,0,2026-08-10T20:51:18.479280+00:00
2026-08-10,new,56008556,,,Villa,8 BHK | SPACIOUS VILLA | PRIME HAMALA LOCATION,,140000.0,,,BHD,sell,,,,,,,,,,,26.140336990356445,50.478271484375,,,,Yumna Awad,,PARTLY,completed,,,,https://www.propertyfinder.bh/en/plp/buy/villa-for-sale-northern-governorate-hamala-56008556.html,2026-08-10T20:51:18.479280+00:00,2026-08-10T20:51:18.479280+00:00,0,2026-08-10T20:51:18.479280+00:00
2026-08-10,new,56008557,,,Apartment,Fontana Infinity B City View Balcony,,72000.0,,,BHD,sell,,,,,,,,,,,26.211111068725586,50.601112365722656,,,,Maher Alimadi,,YES,completed,,,,https://www.propertyfinder.bh/en/plp/buy/apartment-for-sale-capital-governorate-al-juffair-56008557.html,2026-08-10T20:51:18.479280+00:00,2026-08-10T20:51:18.479280+00:00,0,2026-08-10T20:51:18.479280+00:00
2026-08-10,new,56008559,,,Apartment,modern l open kitchen l housekeeping l gym,,320.0,,,BHD,monthly,,,,,,,,,,,26.214487075805664,50.584754943847656,,,,Monica Medhat,,YES,,,,,https://www.propertyfinder.bh/en/plp/rent/apartment-for-rent-capital-governorate-manama-adliya-56008559.html,2026-08-10T20:51:18.479280+00:00,2026-08-10T20:51:18.479280+00:00,0,2026-08-10T20:51:18.479280+00:00
2026-08-10,new,56008570,,,Apartment,"2BR Apartment in Al Hajiyat, Riffa – Great Price",,130.0,,,BHD,monthly,,,,,,,,Alhajiyat,,,26.128984451293945,50.58171463012695,,,,Yahya Zainal,,NO,,,,,https://www.propertyfinder.bh/en/plp/rent/apartment-for-rent-southern-governorate-riffa-alhajiyat-56008570.html,2026-08-10T20:51:18.479280+00:00,2026-08-10T20:51:18.479280+00:00,0,2026-08-10T20:51:18.479280+00:00
2026-08-10,new,56008574,,,Apartment,Flat | Sale | Juffair | Furnished,,58000.0,,,BHD,sell,,,,,,,,,,,26.211111068725586,50.601112365722656,,,,Sadeq Habib,,YES,completed_primary,,,,https://www.propertyfinder.bh/en/plp/buy/apartment-for-sale-capital-governorate-al-juffair-56008574.html,2026-08-10T20:51:18.479280+00:00,2026-08-10T20:51:18.479280+00:00,0,2026-08-10T20:51:18.479280+00:00
2026-08-10,new,56008575,,,Compound,Single Story | Spacious | Garden | Maid room,,900.0,,,BHD,monthly,,,,,,,,,,,26.19164276123047,50.48757553100586,,,,Devesh Kumar,,PARTLY,,,,,https://www.propertyfinder.bh/en/plp/rent/compound-for-rent-northern-governorate-saar-56008575.html,2026-08-10T20:51:18.479280+00:00,2026-08-10T20:51:18.479280+00:00,0,2026-08-10T20:51:18.479280+00:00
2026-08-10,new,56008576,,,Apartment,Furnished 3-Bedroom Apartment for Rent in Adliya,,400.0,,,BHD,monthly,,,,,,,,,,,26.214487075805664,50.584754943847656,,,,Ali  Alnoaimi,,YES,,,,,https://www.propertyfinder.bh/en/plp/rent/apartment-for-rent-capital-governorate-manama-adliya-56008576.html,2026-08-10T20:51:18.479280+00:00,2026-08-10T20:51:18.479280+00:00,0,2026-08-10T20:51:18.479280+00:00
2026-08-10,new,56008580,,,Villa,LUXURY VILLA | DIYAR ALMUHARREQ | SPACIOUS LIVING,,700.0,,,BHD,monthly,,,,,,,,Diyar Al Muharraq,Al Sherooq,,26.31142234802246,50.64306640625,,,,Husain Jaber Abdulla Zaid,,YES,,,,,https://www.propertyfinder.bh/en/plp/rent/villa-for-rent-muharraq-governorate-diyar-al-muharraq-al-sherooq-56008580.html,2026-08-10T20:51:18.479280+00:00,2026-08-10T20:51:18.479280+00:00,0,2026-08-10T20:51:18.479280+00:00
2026-08-10,new,56008582,,,Apartment,2 bedroon with balcony closed kitchen near to lulu,,330.0,,,BHD,monthly,,,,,,,,,,,26.211111068725586,50.601112365722656,,,,Abdulghafar Darwish,,YES,,,,,https://www.propertyfinder.bh/en/plp/rent/apartment-for-rent-capital-governorate-al-juffair-56008582.html,2026-08-10T20:51:18.479280+00:00,2026-08-10T20:51:18.479280+00:00,0,2026-08-10T20:51:18.479280+00:00
2026-08-10,new,56008585,,,Apartment,ENSUITE 2 BEDROOM 3 BALCONY 3 WASHROOMS NEAR LULU,,380.0,,,BHD,monthly,,,,,,,,,,,26.211111068725586,50.601112365722656,,,,Abdulghafar Darwish,,YES,,,,,https://www.propertyfinder.bh/en/plp/rent/apartment-for-rent-capital-governorate-al-juffair-56008585.html,2026-08-10T20:51:18.479280+00:00,2026-08-10T20:51:18.479280+00:00,0,2026-08-10T20:51:18.479280+00:00
2026-08-10,new,56008588,,,Apartment,FONTANA SUITES l SeaView 2Bed l HighFloor l Balcny,,699.0,,,BHD,monthly,,,,,,,,,,,26.211111068725586,50.601112365722656,,,,Abdulghafar Darwish,,YES,,,,,https://www.propertyfinder.bh/en/plp/rent/apartment-for-rent-capital-governorate-al-juffair-56008588.html,2026-08-10T20:51:18.479280+00:00,2026-08-10T20:51:18.479280+00:00,0,2026-08-10T20:51:18.479280+00:00
2026-08-10,new,56008593,,,Villa,COMPOUND VILLA | 5 BR | POOL | NEAR BRITISH SCHOOL,,325000.0,,,BHD,sell,,,,,,,,,,,26.140336990356445,50.478271484375,,,,Raheel Saeed,,PARTLY,completed,,,,https://www.propertyfinder.bh/en/plp/buy/villa-for-sale-northern-governorate-hamala-971674.html,2026-08-10T20:51:18.479280+00:00,2026-08-10T20:51:18.479280+00:00,0,2026-08-10T20:51:18.479280+00:00
2026-08-10,new,56008598,,,Bulk Rent Unit,Spacious Party Hall |Sublease-Juffair | One Cheque,,2800.0,,,BHD,monthly,,,,,,,,,,,26.211111068725586,50.601112365722656,,,,Joyace  Joy,,YES,,,,,https://www.propertyfinder.bh/en/plp/commercial-rent/bulk-rent-unit-for-rent-capital-governorate-al-juffair-56008598.html,2026-08-10T20:51:18.479280+00:00,2026-08-10T20:51:18.479280+00:00,0,2026-08-10T20:51:18.479280+00:00
2026-08-10,new,56008624,,,Apartment,3 BR Apartment for rent in Aali,,140.0,,,BHD,monthly,,,,,,,,,,,26.1634578704834,50.515289306640625,,,,Ahmed Ali,,NO,,,,,https://www.propertyfinder.bh/en/plp/rent/apartment-for-rent-central-governorate-a-ali-56008624.html,2026-08-10T20:51:18.479280+00:00,2026-08-10T20:51:18.479280+00:00,0,2026-08-10T20:51:18.479280+00:00
2026-08-10,new,56008643,,,Villa,PRIME LOCATION | NEAR DRAGON CITY | SPACIOUS,,550.0,,,BHD,monthly,,,,,,,,Diyar Al Muharraq,Al Sidra,,26.31142234802246,50.64306640625,,,,Dulce Sevilla,,PARTLY,,,,,https://www.propertyfinder.bh/en/plp/rent/villa-for-rent-muharraq-governorate-diyar-al-muharraq-al-sidra-56008643.html,2026-08-10T20:51:18.479280+00:00,2026-08-10T20:51:18.479280+00:00,0,2026-08-10T20:51:18.479280+00:00
2026-08-10,new,56008644,,,Shop,"Prime Mezzanine Shop on Budaiya Highway, Saar",,550.0,,,BHD,monthly,,,,,,,,,,,26.19164276123047,50.48757553100586,,,,Mustafa  Ebrahim,,PARTLY,,,,,https://www.propertyfinder.bh/en/plp/commercial-rent/shop-for-rent-northern-governorate-saar-56008644.html,2026-08-10T20:51:18.479280+00:00,2026-08-10T20:51:18.479280+00:00,0,2026-08-10T20:51:18.479280+00:00
2026-08-10,new,56008678,,,Apartment,SEA VIEW | BALCONY | PRIME LOCATION,,500.0,,,BHD,monthly,,,,,,,,,,,26.241750717163086,50.5663948059082,,,,H2H,,YES,,,,,https://www.propertyfinder.bh/en/plp/rent/apartment-for-rent-capital-governorate-reef-island-56008678.html,2026-08-10T20:51:18.479280+00:00,2026-08-10T20:51:18.479280+00:00,0,2026-08-10T20:51:18.479280+00:00
2026-08-10,new,56008685,,,Shop,"Prime Mezzanine Shop on Budaiya Highway, Saar",,550.0,,,BHD,monthly,,,,,,,,,,,26.19164276123047,50.48757553100586,,,,Sayed Hashem Hasan,,PARTLY,,,,,https://www.propertyfinder.bh/en/plp/commercial-rent/shop-for-rent-northern-governorate-saar-56008685.html,2026-08-10T20:51:18.479280+00:00,2026-08-10T20:51:18.479280+00:00,0,2026-08-10T20:51:18.479280+00:00
2026-08-10,new,56008706,,,Apartment,2 BR Apartment for rent in Aali,,140.0,,,BHD,monthly,,,,,,,,,,,26.1634578704834,50.515289306640625,,,,Ahmed Ali,,NO,,,,,https://www.propertyfinder.bh/en/plp/rent/apartment-for-rent-central-governorate-a-ali-56008706.html,2026-08-10T20:51:18.479280+00:00,2026-08-10T20:51:18.479280+00:00,0,2026-08-10T20:51:18.479280+00:00
2026-08-10,new,56008708,,,Apartment,2 Bedrooms Furnished Flat for Rent on Umlhasam 350,,350.0,,,BHD,monthly,,,,,,,,,,,26.203079223632812,50.594947814941406,,,,Ali  Alnoaimi,,YES,,,,,https://www.propertyfinder.bh/en/plp/rent/apartment-for-rent-capital-governorate-manama-um-al-hasam-56008708.html,2026-08-10T20:51:18.479280+00:00,2026-08-10T20:51:18.479280+00:00,0,2026-08-10T20:51:18.479280+00:00
2026-08-10,new,56008709,,,Apartment,Fully Furnished 1BHK Apartment for Rent in Zinj,,250.0,,,BHD,monthly,,,,,,,,,,,26.2102108001709,50.56403350830078,,,,Anu K H,,YES,,,,,https://www.propertyfinder.bh/en/plp/rent/apartment-for-rent-capital-governorate-manama-zinj-56008709.html,2026-08-10T20:51:18.479280+00:00,2026-08-10T20:51:18.479280+00:00,0,2026-08-10T20:51:18.479280+00:00
2026-08-10,new,56008713,,,Apartment,2BR Master Apartment for Rent in Bu Kowarah Riffa,,160.0,,,BHD,monthly,,,,,,,,,,,26.1314754486084,50.568843841552734,,,,Yahya Zainal,,NO,,,,,https://www.propertyfinder.bh/en/plp/rent/apartment-for-rent-southern-governorate-riffa-bu-kowarah-56008713.html,2026-08-10T20:51:18.479280+00:00,2026-08-10T20:51:18.479280+00:00,0,2026-08-10T20:51:18.479280+00:00
2026-08-10,new,56008714,,,Apartment,Prime Seef Living | 2BR | Internet & EWA Included,,980.0,,,BHD,monthly,,,,,,,,,,,26.239999771118164,50.5369987487793,,,,Property Manager,,YES,,,,,https://www.propertyfinder.bh/en/plp/rent/apartment-for-rent-capital-governorate-seef-56008714.html,2026-08-10T20:51:18.479280+00:00,2026-08-10T20:51:18.479280+00:00,0,2026-08-10T20:51:18.479280+00:00
2026-08-10,new,56008717,,,Apartment,BRAND NEW | BALCONY | LUXURIOUS & MODERN,,550.0,,,BHD,monthly,,,,,,,,,,,26.241750717163086,50.5663948059082,,,,H2H,,YES,,,,,https://www.propertyfinder.bh/en/plp/rent/apartment-for-rent-capital-governorate-reef-island-56008717.html,2026-08-10T20:51:18.479280+00:00,2026-08-10T20:51:18.479280+00:00,0,2026-08-10T20:51:18.479280+00:00
2026-08-10,new,56008719,,,Apartment,BRAND NEW | COZY | SEA VIEW | BALCONY,,550.0,,,BHD,monthly,,,,,,,,,,,26.241750717163086,50.5663948059082,,,,H2H,,YES,,,,,https://www.propertyfinder.bh/en/plp/rent/apartment-for-rent-capital-governorate-reef-island-56008719.html,2026-08-10T20:51:18.479280+00:00,2026-08-10T20:51:18.479280+00:00,0,2026-08-10T20:51:18.479280+00:00
2026-08-10,new,56008724,,,Land,373 SQM | CORNER PLOT | RA ZONED LAND,,118000.0,,,BHD,sell,,,,,,,,,,,26.21023941040039,50.49468231201172,,,,Yumna Awad,,,,,,,https://www.propertyfinder.bh/en/plp/buy/land-for-sale-northern-governorate-maqabah-56008724.html,2026-08-10T20:51:18.479280+00:00,2026-08-10T20:51:18.479280+00:00,0,2026-08-10T20:51:18.479280+00:00
2026-08-10,new,56008729,,,Land,PRIME CORNER PLOT | RA RESIDENTIAL LAND | 652 SQM,,224500.0,,,BHD,sell,,,,,,,,,,,26.19164276123047,50.48757553100586,,,,Yumna Awad,,,,,,,https://www.propertyfinder.bh/en/plp/buy/land-for-sale-northern-governorate-saar-56008729.html,2026-08-10T20:51:18.479280+00:00,2026-08-10T20:51:18.479280+00:00,0,2026-08-10T20:51:18.479280+00:00
2026-08-10,new,56008731,,,Apartment,Cat Friendly 2 BR SEA VIEW|  BALCONY AND BEACH,,620.0,,,BHD,monthly,,,,,,,,,,,26.239999771118164,50.5369987487793,,,,Zsuzsanna Gecse,,YES,,,,,https://www.propertyfinder.bh/en/plp/rent/apartment-for-rent-capital-governorate-seef-56008731.html,2026-08-10T20:51:18.479280+00:00,2026-08-10T20:51:18.479280+00:00,0,2026-08-10T20:51:18.479280+00:00
2026-08-10,new,56008733,,,Land,652 SQM | RA ZONED LAND | PRESTIGIOUS SAAR,,224500.0,,,BHD,sell,,,,,,,,,,,26.19164276123047,50.48757553100586,,,,Yumna Awad,,,,,,,https://www.propertyfinder.bh/en/plp/buy/land-for-sale-northern-governorate-saar-56008733.html,2026-08-10T20:51:18.479280+00:00,2026-08-10T20:51:18.479280+00:00,0,2026-08-10T20:51:18.479280+00:00
2026-08-10,new,56008738,,,Land,EXCLUSIVE WATERFRONT PLOT IN DILMUNIA | FREEHOLD,,220000.0,,,BHD,sell,,,,,,,,,,,26.27286720275879,50.672889709472656,,,,Zuhair Tlili,,,,,,,https://www.propertyfinder.bh/en/plp/buy/land-for-sale-muharraq-governorate-dilmunia-island-56008738.html,2026-08-10T20:51:18.479280+00:00,2026-08-10T20:51:18.479280+00:00,0,2026-08-10T20:51:18.479280+00:00
2026-08-10,new,56008742,,,Apartment,BRAND NEW ELEGANT 2BHK | MAID ROOM | 2 BALCONIES,,530.0,,,BHD,monthly,,,,,,,,,,,26.239999771118164,50.5369987487793,,,,Zuhair Tlili,,YES,,,,,https://www.propertyfinder.bh/en/plp/rent/apartment-for-rent-capital-governorate-seef-56008742.html,2026-08-10T20:51:18.479280+00:00,2026-08-10T20:51:18.479280+00:00,0,2026-08-10T20:51:18.479280+00:00
2026-08-10,new,56008753,,,Villa,BRAND NEW 3BHK | SPACIOUS | PRIME AREA,,140000.0,,,BHD,sell,,,,,,,,Diyar Al Muharraq,,,26.31142234802246,50.64306640625,,,,Zuhair Tlili,,NO,completed_primary,,,,https://www.propertyfinder.bh/en/plp/buy/villa-for-sale-muharraq-governorate-diyar-al-muharraq-56008753.html,2026-08-10T20:51:18.479280+00:00,2026-08-10T20:51:18.479280+00:00,0,2026-08-10T20:51:18.479280+00:00
2026-08-10,new,56008757,,,Duplex,PERFECT 3BR DUPLEX | SEA VIEW | PREMIUM FACILITIES,,1600.0,,,BHD,monthly,,,,,,,,,,,26.239999771118164,50.5369987487793,,,,Zuhair Tlili,,YES,,,,,https://www.propertyfinder.bh/en/plp/rent/duplex-for-rent-capital-governorate-seef-56008757.html,2026-08-10T20:51:18.479280+00:00,2026-08-10T20:51:18.479280+00:00,0,2026-08-10T20:51:18.479280+00:00
2026-08-10,new,56008758,,,Duplex,1 BR Furnished Duplex with Balcony in Location 37,,500.0,,,BHD,monthly,,,,,,,,,,,26.239999771118164,50.5369987487793,,,,Sayed Ahmed Almusawi,,YES,,,,,https://www.propertyfinder.bh/en/plp/rent/duplex-for-rent-capital-governorate-seef-56008758.html,2026-08-10T20:51:18.479280+00:00,2026-08-10T20:51:18.479280+00:00,0,2026-08-10T20:51:18.479280+00:00
2026-08-10,new,56008763,,,Apartment,FONTANA SUITES l SeaView 2Bed l Highfloor l Balcny,,700.0,,,BHD,monthly,,,,,,,,,,,26.211111068725586,50.601112365722656,,,,Abdulghafar Darwish,,YES,,,,,https://www.propertyfinder.bh/en/plp/rent/apartment-for-rent-capital-governorate-al-juffair-56008763.html,2026-08-10T20:51:18.479280+00:00,2026-08-10T20:51:18.479280+00:00,0,2026-08-10T20:51:18.479280+00:00
2026-08-10,new,56008764,,,Apartment,3BR Apartment for Rent in Riffa Bu Kuwarah Areas,,200.0,,,BHD,monthly,,,,,,,,,,,26.1314754486084,50.568843841552734,,,,Yahya Zainal,,PARTLY,,,,,https://www.propertyfinder.bh/en/plp/rent/apartment-for-rent-southern-governorate-riffa-bu-kowarah-56008764.html,2026-08-10T20:51:18.479280+00:00,2026-08-10T20:51:18.479280+00:00,0,2026-08-10T20:51:18.479280+00:00
2026-08-10,new,56008766,,,Land,Prime | Corner | Residential | RA | Al Qurayyah,,129000.0,,,BHD,sell,,,,,,,,,,,26.20011329650879,50.46629333496094,,,,Hussain Alhayki,,,,,,,https://www.propertyfinder.bh/en/plp/buy/land-for-sale-northern-governorate-al-qurayyah-56008766.html,2026-08-10T20:51:18.479280+00:00,2026-08-10T20:51:18.479280+00:00,0,2026-08-10T20:51:18.479280+00:00
2026-08-10,new,56008767,,,Apartment,Ultra-Premium 1Bed l Balcony l Near Highway & Mall,,285.0,,,BHD,monthly,,,,,,,,,,,26.211111068725586,50.601112365722656,,,,Abdulghafar Darwish,,YES,,,,,https://www.propertyfinder.bh/en/plp/rent/apartment-for-rent-capital-governorate-al-juffair-56008767.html,2026-08-10T20:51:18.479280+00:00,2026-08-10T20:51:18.479280+00:00,0,2026-08-10T20:51:18.479280+00:00
2026-08-10,new,56008772,,,Apartment,Kempinski Bahrain Branded Residence One bedroom,,127000.0,,,BHD,sell,,,,,,,,Bahrain Financial Harbour,,,26.23778533935547,50.57342529296875,,,,Artyom Maulenov,,PARTLY,off_plan_primary,,,,https://www.propertyfinder.bh/en/plp/buy/apartment-for-sale-capital-governorate-manama-bahrain-financial-harbour-56008772.html,2026-08-10T20:51:18.479280+00:00,2026-08-10T20:51:18.479280+00:00,0,2026-08-10T20:51:18.479280+00:00
2026-08-10,new,56008773,,,Apartment,2-BR Apartment for Rent in Maqabah-St Christopher,,220.0,,,BHD,monthly,,,,,,,,,,,26.21023941040039,50.49468231201172,,,,Hawra Mohamed,,PARTLY,,,,,https://www.propertyfinder.bh/en/plp/rent/apartment-for-rent-northern-governorate-maqabah-56008773.html,2026-08-10T20:51:18.479280+00:00,2026-08-10T20:51:18.479280+00:00,0,2026-08-10T20:51:18.479280+00:00
2026-08-10,new,56008779,,,Apartment,Luxurious | Balcony | Bright & Clean | Spacious,,750.0,,,BHD,monthly,,,,,,,,,,,26.241750717163086,50.5663948059082,,,,Ahmer Saleem,,YES,,,,,https://www.propertyfinder.bh/en/plp/rent/apartment-for-rent-capital-governorate-reef-island-56008779.html,2026-08-10T20:51:18.479280+00:00,2026-08-10T20:51:18.479280+00:00,0,2026-08-10T20:51:18.479280+00:00
2026-08-10,new,56008780,,,Land,Prime | Rent | Hamala | RA | Land,,500.0,,,BHD,monthly,,,,,,,,,,,26.05678367614746,50.61648178100586,,,,Sadeq Habib,,,,,,,https://www.propertyfinder.bh/en/plp/rent/land-for-rent-southern-governorate-askar-56008780.html,2026-08-10T20:51:18.479280+00:00,2026-08-10T20:51:18.479280+00:00,0,2026-08-10T20:51:18.479280+00:00
2026-08-10,new,56008781,,,Apartment,FONTANA INFINITY l Premium 1Bed l SeaView l Balcny,,450.0,,,BHD,monthly,,,,,,,,,,,26.211111068725586,50.601112365722656,,,,Abdulghafar Darwish,,YES,,,,,https://www.propertyfinder.bh/en/plp/rent/apartment-for-rent-capital-governorate-al-juffair-56008781.html,2026-08-10T20:51:18.479280+00:00,2026-08-10T20:51:18.479280+00:00,0,2026-08-10T20:51:18.479280+00:00
2026-08-10,new,56008785,,,Land,Prime | Residential | Sale | Hamala,,50000.0,,,BHD,sell,,,,,,,,,,,26.140336990356445,50.478271484375,,,,Hussain Alhayki,,,,,,,https://www.propertyfinder.bh/en/plp/buy/land-for-sale-northern-governorate-hamala-56008785.html,2026-08-10T20:51:18.479280+00:00,2026-08-10T20:51:18.479280+00:00,0,2026-08-10T20:51:18.479280+00:00
2026-08-10,new,56008792,,,Bulk Rent Unit,Spacious Party Hall |Sublease-Juffair | One Cheque,,2800.0,,,BHD,monthly,,,,,,,,,,,26.211111068725586,50.601112365722656,,,,RAJESH  SHIBU,,YES,,,,,https://www.propertyfinder.bh/en/plp/rent/bulk-rent-unit-for-rent-capital-governorate-al-juffair-56008792.html,2026-08-10T20:51:18.479280+00:00,2026-08-10T20:51:18.479280+00:00,0,2026-08-10T20:51:18.479280+00:00
2026-08-10,new,56008794,,,Apartment,PREMIUM FACILITIES | HIGH-END FINISHES | BALCONY,,117000.0,,,BHD,sell,,,,,,,,,,,26.239999771118164,50.5369987487793,,,,Zuhair Tlili,,YES,completed,,,,https://www.propertyfinder.bh/en/plp/buy/apartment-for-sale-capital-governorate-seef-56008794.html,2026-08-10T20:51:18.479280+00:00,2026-08-10T20:51:18.479280+00:00,0,2026-08-10T20:51:18.479280+00:00
2026-08-10,new,56008803,,,Apartment,PREMIUM 1BR | POOL VIEW | GREAT FACILITIES,,450.0,,,BHD,monthly,,,,,,,,The Treasure,,,26.27286720275879,50.672889709472656,,,,Ali  Jawad ,,YES,,,,,https://www.propertyfinder.bh/en/plp/rent/apartment-for-rent-muharraq-governorate-dilmunia-island-the-treasure-56008803.html,2026-08-10T20:51:18.479280+00:00,2026-08-10T20:51:18.479280+00:00,0,2026-08-10T20:51:18.479280+00:00
2026-08-10,new,56008805,,,Compound,Single Story | Spacious | Garden | Maid room,,800.0,,,BHD,monthly,,,,,,,,,,,26.19164276123047,50.48757553100586,,,,Devesh Kumar,,PARTLY,,,,,https://www.propertyfinder.bh/en/plp/rent/compound-for-rent-northern-governorate-saar-56008805.html,2026-08-10T20:51:18.479280+00:00,2026-08-10T20:51:18.479280+00:00,0,2026-08-10T20:51:18.479280+00:00
2026-08-10,new,56008807,,,Apartment,Sea View |  Free Hold | Fully Furnished,,150000.0,,,BHD,sell,,,,,,,,,,,26.241750717163086,50.5663948059082,,,,Majestic Property ,,YES,completed,,,,https://www.propertyfinder.bh/en/plp/buy/apartment-for-sale-capital-governorate-reef-island-56008807.html,2026-08-10T20:51:18.479280+00:00,2026-08-10T20:51:18.479280+00:00,0,2026-08-10T20:51:18.479280+00:00
2026-08-10,new,56008809,,,Shop,Ready shop with mezzanine for rent in Saar,,550.0,,,BHD,monthly,,,,,,,,,,,26.19164276123047,50.48757553100586,,,,Husain  Sadeq,,PARTLY,,,,,https://www.propertyfinder.bh/en/plp/commercial-rent/shop-for-rent-northern-governorate-saar-56008809.html,2026-08-10T20:51:18.479280+00:00,2026-08-10T20:51:18.479280+00:00,0,2026-08-10T20:51:18.479280+00:00
2026-08-10,new,56008816,,,Apartment,MODERN 1BHK | SEA VIEW | BALCONY,,380.0,,,BHD,monthly,,,,,,,,,,,26.211111068725586,50.601112365722656,,,,Zuhair Tlili,,YES,,,,,https://www.propertyfinder.bh/en/plp/rent/apartment-for-rent-capital-governorate-al-juffair-56008816.html,2026-08-10T20:51:18.479280+00:00,2026-08-10T20:51:18.479280+00:00,0,2026-08-10T20:51:18.479280+00:00
2026-08-10,new,56008819,,,Villa,5 BHK | LUXURIOUS VILLA | PRIVATE POOL,,185000.0,,,BHD,sell,,,,,,,,,,,26.20975685119629,50.50579833984375,,,,Yumna Awad,,PARTLY,completed,,,,https://www.propertyfinder.bh/en/plp/buy/villa-for-sale-northern-governorate-shakhura-56008819.html,2026-08-10T20:51:18.479280+00:00,2026-08-10T20:51:18.479280+00:00,0,2026-08-10T20:51:18.479280+00:00
2026-08-10,new,56008828,,,Apartment,Very Good Opportunity – Flat for Rent in janabiya,,170.0,,,BHD,monthly,,,,,,,,,,,26.185943603515625,50.46711349487305,,,,RAJESH  SHIBU,,NO,,,,,https://www.propertyfinder.bh/en/plp/rent/apartment-for-rent-northern-governorate-janabiya-56008828.html,2026-08-10T20:51:18.479280+00:00,2026-08-10T20:51:18.479280+00:00,0,2026-08-10T20:51:18.479280+00:00
2026-08-10,new,56008832,,,Apartment,Fully Furnished 3-BR Apartment for Rent in Maqabah,,470.0,,,BHD,monthly,,,,,,,,,,,26.21023941040039,50.49468231201172,,,,Hawra Mohamed,,YES,,,,,https://www.propertyfinder.bh/en/plp/rent/apartment-for-rent-northern-governorate-maqabah-56008832.html,2026-08-10T20:51:18.479280+00:00,2026-08-10T20:51:18.479280+00:00,0,2026-08-10T20:51:18.479280+00:00
2026-08-10,new,56008834,,,Villa,Direct Sea Access | Beach side | Prime Location |,,550.0,,,BHD,monthly,,,,,,,,,,,26.23795509338379,50.45539855957031,,,,Facundo de Moura,,PARTLY,,,,,https://www.propertyfinder.bh/en/plp/rent/villa-for-rent-northern-governorate-northern-city-madinat-salman-56008834.html,2026-08-10T20:51:18.479280+00:00,2026-08-10T20:51:18.479280+00:00,0,2026-08-10T20:51:18.479280+00:00
2026-08-10,new,56008839,,,Apartment,CAPTIVATING SEA VIEWS | BALCONY | PRIME LOCATION,,125000.0,,,BHD,sell,,,,,,,,Bahrain Financial Harbour,,,26.23778533935547,50.57342529296875,,,,Zuhair Tlili,,YES,completed,,,,https://www.propertyfinder.bh/en/plp/buy/apartment-for-sale-capital-governorate-manama-bahrain-financial-harbour-56008839.html,2026-08-10T20:51:18.479280+00:00,2026-08-10T20:51:18.479280+00:00,0,2026-08-10T20:51:18.479280+00:00
2026-08-10,new,56008842,,,Bulk Rent Unit,FOR RENT MODERN 1BR  | CITY VIEW | FURNISHED,,400.0,,,BHD,monthly,,,,,,,,The Treasure,,,26.27286720275879,50.672889709472656,,,,Ali  Jawad ,,YES,,,,,https://www.propertyfinder.bh/en/plp/rent/bulk-rent-unit-for-rent-muharraq-governorate-dilmunia-island-the-treasure-56008842.html,2026-08-10T20:51:18.479280+00:00,2026-08-10T20:51:18.479280+00:00,0,2026-08-10T20:51:18.479280+00:00
2026-08-10,new,56008844,,,Apartment,BRAND NEW | 5-YEARS PAYMENT PLAN | PRIME LOCATION,,229000.0,,,BHD,sell,,,,,,,,Bahrain Financial Harbour,,,26.23778533935547,50.57342529296875,,,,Zuhair Tlili,,PARTLY,completed_primary,,,,https://www.propertyfinder.bh/en/plp/buy/apartment-for-sale-capital-governorate-manama-bahrain-financial-harbour-56008844.html,2026-08-10T20:51:18.479280+00:00,2026-08-10T20:51:18.479280+00:00,0,2026-08-10T20:51:18.479280+00:00
2026-08-10,new,56008856,,,Apartment,STUDIO | Marassi Terraces 1 | Furnished,,60000.0,,,BHD,sell,,,,,,,,Diyar Al Muharraq,,,26.303447723388672,50.6461296081543,,,,Emilia Walaszczyk,,YES,completed,,,,https://www.propertyfinder.bh/en/plp/buy/apartment-for-sale-muharraq-governorate-diyar-al-muharraq-marassi-al-bahrain-56008856.html,2026-08-10T20:51:18.479280+00:00,2026-08-10T20:51:18.479280+00:00,0,2026-08-10T20:51:18.479280+00:00
2026-08-10,new,56008857,,,Apartment,ELEGANT 2BHK | SEA VIEW | PRIME LOCATION,,112000.0,,,BHD,sell,,,,,,,,,,,26.239999771118164,50.5369987487793,,,,Zuhair Tlili,,YES,completed,,,,https://www.propertyfinder.bh/en/plp/buy/apartment-for-sale-capital-governorate-seef-56008857.html,2026-08-10T20:51:18.479280+00:00,2026-08-10T20:51:18.479280+00:00,0,2026-08-10T20:51:18.479280+00:00
2026-08-10,new,56008861,,,Apartment,SEA VIEW | BALCONY | 1BHK | HIGH RENTAL DEMAND,,85000.0,,,BHD,sell,,,,,,,,Bahrain Financial Harbour,,,26.23778533935547,50.57342529296875,,,,Zuhair Tlili,,YES,completed,,,,https://www.propertyfinder.bh/en/plp/buy/apartment-for-sale-capital-governorate-manama-bahrain-financial-harbour-56008861.html,2026-08-10T20:51:18.479280+00:00,2026-08-10T20:51:18.479280+00:00,0,2026-08-10T20:51:18.479280+00:00
2026-08-10,new,56008864,,,Apartment,MODERN 4BHK | PRIME AREA | BALCONY | GOOD PRICE,,76000.0,,,BHD,sell,,,,,,,,North Riffa,,,26.143957138061523,50.547142028808594,,,,Yumna Awad,,NO,completed_primary,,,,https://www.propertyfinder.bh/en/plp/buy/apartment-for-sale-southern-governorate-riffa-north-riffa-56008864.html,2026-08-10T20:51:18.479280+00:00,2026-08-10T20:51:18.479280+00:00,0,2026-08-10T20:51:18.479280+00:00
2026-08-10,new,56008869,,,Apartment,Elegant Fully Furnished 3-BR Apartment for rent,,450.0,,,BHD,monthly,,,,,,,,,,,26.21023941040039,50.49468231201172,,,,Hawra Mohamed,,YES,,,,,https://www.propertyfinder.bh/en/plp/rent/apartment-for-rent-northern-governorate-maqabah-56008869.html,2026-08-10T20:51:18.479280+00:00,2026-08-10T20:51:18.479280+00:00,0,2026-08-10T20:51:18.479280+00:00
2026-08-10,new,56008870,,,Apartment,Spacious 3 Bedroom | Semi Furnished  | Balcony,,300.0,,,BHD,monthly,,,,,,,,,,,26.27199935913086,50.60900115966797,,,,Saika Rukanaldin,,PARTLY,,,,,https://www.propertyfinder.bh/en/plp/rent/apartment-for-rent-muharraq-governorate-busaiteen-56008870.html,2026-08-10T20:51:18.479280+00:00,2026-08-10T20:51:18.479280+00:00,0,2026-08-10T20:51:18.479280+00:00
2026-08-10,new,56008872,,,Apartment,FREE HOLD | MARINA VIEW | BRAND NEW | MOVE NOW !!,,74000.0,,,BHD,sell,,,,,,,,The Lagoon,,,26.287778854370117,50.66339111328125,,,,Rolin Faouri,,PARTLY,completed_primary,,,,https://www.propertyfinder.bh/en/plp/buy/apartment-for-sale-muharraq-governorate-amwaj-islands-the-lagoon-56008872.html,2026-08-10T20:51:18.479280+00:00,2026-08-10T20:51:18.479280+00:00,0,2026-08-10T20:51:18.479280+00:00
2026-08-10,new,56008873,,,Villa,Modern - Bright - Good Location - Common Pool/Gym,,1000.0,,,BHD,monthly,,,,,,,,,,,26.185943603515625,50.46711349487305,,,,Irfan Ali,,PARTLY,,,,,https://www.propertyfinder.bh/en/plp/rent/villa-for-rent-northern-governorate-janabiya-56008873.html,2026-08-10T20:51:18.479280+00:00,2026-08-10T20:51:18.479280+00:00,0,2026-08-10T20:51:18.479280+00:00
2026-08-10,new,56008874,,,Villa,3 BR Villa with Private Pool and Garden,,1400.0,,,BHD,monthly,,,,,,,,,,,26.213165283203125,50.447471618652344,,,,Parveen Jan,,YES,,,,,https://www.propertyfinder.bh/en/plp/rent/villa-for-rent-northern-governorate-budaiya-56008874.html,2026-08-10T20:51:18.479280+00:00,2026-08-10T20:51:18.479280+00:00,0,2026-08-10T20:51:18.479280+00:00
2026-08-10,new,56008879,,,Villa,GARDEN l FULLY FURNISHED VILLA l MAID ROOM,,800.0,,,BHD,monthly,,,,,,,,Diyar Al Muharraq,Al Sidra,,26.31142234802246,50.64306640625,,,,Monica Medhat,,YES,,,,,https://www.propertyfinder.bh/en/plp/rent/villa-for-rent-muharraq-governorate-diyar-al-muharraq-al-sidra-56008879.html,2026-08-10T20:51:18.479280+00:00,2026-08-10T20:51:18.479280+00:00,0,2026-08-10T20:51:18.479280+00:00
2026-08-10,new,56008880,,,Compound,Single Story | Spacious | Garden | Maid room,,650.0,,,BHD,monthly,,,,,,,,,,,26.19164276123047,50.48757553100586,,,,Devesh Kumar,,PARTLY,,,,,https://www.propertyfinder.bh/en/plp/rent/compound-for-rent-northern-governorate-saar-56008880.html,2026-08-10T20:51:18.479280+00:00,2026-08-10T20:51:18.479280+00:00,0,2026-08-10T20:51:18.479280+00:00
2026-08-10,new,56008881,,,Apartment,Stunning 2BR best offer | Sea view | Seef,,500.0,,,BHD,monthly,,,,,,,,,,,26.239999771118164,50.5369987487793,,,,JUNAID MUNAWAR,,YES,,,,,https://www.propertyfinder.bh/en/plp/rent/apartment-for-rent-capital-governorate-seef-56008881.html,2026-08-10T20:51:18.479280+00:00,2026-08-10T20:51:18.479280+00:00,0,2026-08-10T20:51:18.479280+00:00
2026-08-10,new,56008884,,,Apartment,Luxury 1BR | 2Bath | Pool Gym Lobby | Garbage,,320.0,,,BHD,monthly,,,,,,,,,,,26.27199935913086,50.60900115966797,,,,Saika Rukanaldin,,YES,,,,,https://www.propertyfinder.bh/en/plp/rent/apartment-for-rent-muharraq-governorate-busaiteen-56008884.html,2026-08-10T20:51:18.479280+00:00,2026-08-10T20:51:18.479280+00:00,0,2026-08-10T20:51:18.479280+00:00
2026-08-10,new,56008885,,,Apartment,Apartment | Sale | Luxury | Bahrain Bay,,45000.0,,,BHD,sell,,,,,,,,,,,26.249584197998047,50.580360412597656,,,,Orhan Shakoor Humood,,YES,completed_primary,,,,https://www.propertyfinder.bh/en/plp/buy/apartment-for-sale-capital-governorate-bahrain-bay-56008885.html,2026-08-10T20:51:18.479280+00:00,2026-08-10T20:51:18.479280+00:00,0,2026-08-10T20:51:18.479280+00:00
2026-08-10,new,56008892,,,Land,Prime | Residential | RHA | Shahrakkan,,67000.0,,,BHD,sell,,,,,,,,,,,26.07509422302246,50.499610900878906,,,,Sadeq Habib,,,,,,,https://www.propertyfinder.bh/en/plp/buy/land-for-sale-northern-governorate-shahrakan-56008892.html,2026-08-10T20:51:18.479280+00:00,2026-08-10T20:51:18.479280+00:00,0,2026-08-10T20:51:18.479280+00:00
2026-08-10,new,56008893,,,Apartment,Semi Furnished|Hot Price|Prime Location|Spacious,,350.0,,,BHD,monthly,,,,,,,,,,,26.211111068725586,50.601112365722656,,,,Hazeeth,,PARTLY,,,,,https://www.propertyfinder.bh/en/plp/rent/apartment-for-rent-capital-governorate-al-juffair-56008893.html,2026-08-10T20:51:18.479280+00:00,2026-08-10T20:51:18.479280+00:00,0,2026-08-10T20:51:18.479280+00:00
2026-08-10,new,56008898,,,Apartment,Cheap Luxury Seef 2BHK Flat with Balcony Gym Pool,,550.0,,,BHD,monthly,,,,,,,,,,,26.239999771118164,50.5369987487793,,,,JUNAID MUNAWAR,,YES,,,,,https://www.propertyfinder.bh/en/plp/rent/apartment-for-rent-capital-governorate-seef-56008898.html,2026-08-10T20:51:18.479280+00:00,2026-08-10T20:51:18.479280+00:00,0,2026-08-10T20:51:18.479280+00:00
2026-08-10,new,56008906,,,Apartment,Luxury Seef 2BHK | Sea View Inclusive BD 550,,550.0,,,BHD,monthly,,,,,,,,,,,26.239999771118164,50.5369987487793,,,,JUNAID MUNAWAR,,YES,,,,,https://www.propertyfinder.bh/en/plp/rent/apartment-for-rent-capital-governorate-seef-56008906.html,2026-08-10T20:51:18.479280+00:00,2026-08-10T20:51:18.479280+00:00,0,2026-08-10T20:51:18.479280+00:00
2026-08-10,new,56008910,,,Apartment,Luxury 1 BHK Sea View Gym Pool Wifi 360 Inc,,360.0,,,BHD,monthly,,,,,,,,,,,26.239999771118164,50.5369987487793,,,,JUNAID MUNAWAR,,YES,,,,,https://www.propertyfinder.bh/en/plp/rent/apartment-for-rent-capital-governorate-seef-56008910.html,2026-08-10T20:51:18.479280+00:00,2026-08-10T20:51:18.479280+00:00,0,2026-08-10T20:51:18.479280+00:00
2026-08-10,new,56008916,,,Whole Building,COMMERCIAL and RESIDENTIAL BUILDING | BEST DEAL!!!,,500000.0,,,BHD,sell,,,,,,,,,,,26.188888549804688,50.54999923706055,,,,Yumna Awad,,YES,completed,,,,https://www.propertyfinder.bh/en/plp/buy/whole-building-for-sale-central-governorate-tubli-56008916.html,2026-08-10T20:51:18.479280+00:00,2026-08-10T20:51:18.479280+00:00,0,2026-08-10T20:51:18.479280+00:00
2026-08-10,new,56008917,,,Apartment,Modern 1BR Seef SeaView Gym Wifi HK 500 Inc,,500.0,,,BHD,monthly,,,,,,,,,,,26.239999771118164,50.5369987487793,,,,JUNAID MUNAWAR,,YES,,,,,https://www.propertyfinder.bh/en/plp/rent/apartment-for-rent-capital-governorate-seef-56008917.html,2026-08-10T20:51:18.479280+00:00,2026-08-10T20:51:18.479280+00:00,0,2026-08-10T20:51:18.479280+00:00
2026-08-10,new,56008923,,,Apartment,HOUSEKEEPING | SPACIOUS | BRIGHT | ROOFTOP POOL,,320.0,,,BHD,monthly,,,,,,,,,,,26.203079223632812,50.594947814941406,,,,Christyl Lebosada,,YES,,,,,https://www.propertyfinder.bh/en/plp/rent/apartment-for-rent-capital-governorate-manama-um-al-hasam-56008923.html,2026-08-10T20:51:18.479280+00:00,2026-08-10T20:51:18.479280+00:00,0,2026-08-10T20:51:18.479280+00:00
2026-08-10,new,56008924,,,Apartment,1BHK  Best Offer Gym Pool Wifi  | BD 360 Inclusive,,360.0,,,BHD,monthly,,,,,,,,,,,26.239999771118164,50.5369987487793,,,,JUNAID MUNAWAR,,YES,,,,,https://www.propertyfinder.bh/en/plp/rent/apartment-for-rent-capital-governorate-seef-56008924.html,2026-08-10T20:51:18.479280+00:00,2026-08-10T20:51:18.479280+00:00,0,2026-08-10T20:51:18.479280+00:00
2026-08-10,new,56008928,,,Apartment,BRAND NEW 2BHK | SPACIOUS | SEA & CITY VIEW,,750.0,,,BHD,monthly,,,,,,,,,,,26.239999771118164,50.5369987487793,,,,Zuhair Tlili,,YES,,,,,https://www.propertyfinder.bh/en/plp/rent/apartment-for-rent-capital-governorate-seef-56008928.html,2026-08-10T20:51:18.479280+00:00,2026-08-10T20:51:18.479280+00:00,0,2026-08-10T20:51:18.479280+00:00
2026-08-10,new,56008929,,,Apartment,Housekeeping | Bright | Squash Court | Internet |,,250.0,,,BHD,monthly,,,,,,,,,,,26.203079223632812,50.594947814941406,,,,Christyl Lebosada,,YES,,,,,https://www.propertyfinder.bh/en/plp/rent/apartment-for-rent-capital-governorate-manama-um-al-hasam-56008929.html,2026-08-10T20:51:18.479280+00:00,2026-08-10T20:51:18.479280+00:00,0,2026-08-10T20:51:18.479280+00:00
2026-08-10,new,56008934,,,Apartment,Ultra Premium 2Bed l Balcony l Near Mall & Highway,,380.0,,,BHD,monthly,,,,,,,,,,,26.211111068725586,50.601112365722656,,,,Abdulghafar Darwish,,YES,,,,,https://www.propertyfinder.bh/en/plp/rent/apartment-for-rent-capital-governorate-al-juffair-56008934.html,2026-08-10T20:51:18.479280+00:00,2026-08-10T20:51:18.479280+00:00,0,2026-08-10T20:51:18.479280+00:00
2026-08-10,new,56008937,,,Apartment,Luxury Studio In Seef | Pool Gym Wifi 350 Inc,,350.0,,,BHD,monthly,,,,,,,,,,,26.239999771118164,50.5369987487793,,,,JUNAID MUNAWAR,,YES,,,,,https://www.propertyfinder.bh/en/plp/rent/apartment-for-rent-capital-governorate-seef-56008937.html,2026-08-10T20:51:18.479280+00:00,2026-08-10T20:51:18.479280+00:00,0,2026-08-10T20:51:18.479280+00:00
2026-08-10,new,56008938,,,Apartment,Luxurious|2BHK|All Inclusive|Spacious|Bright,,450.0,,,BHD,monthly,,,,,,,,,,,26.241750717163086,50.5663948059082,,,,Hazeeth,,YES,,,,,https://www.propertyfinder.bh/en/plp/rent/apartment-for-rent-capital-governorate-reef-island-56008938.html,2026-08-10T20:51:18.479280+00:00,2026-08-10T20:51:18.479280+00:00,0,2026-08-10T20:51:18.479280+00:00
2026-08-10,new,56008940,,,Apartment,Balcony | POOL | GYM | Juffair,,330.0,,,BHD,monthly,,,,,,,,,,,26.211111068725586,50.601112365722656,,,,Orhan Shakoor Humood,,YES,,,,,https://www.propertyfinder.bh/en/plp/rent/apartment-for-rent-capital-governorate-al-juffair-56008940.html,2026-08-10T20:51:18.479280+00:00,2026-08-10T20:51:18.479280+00:00,0,2026-08-10T20:51:18.479280+00:00
2026-08-10,new,56008948,,,Compound,Double Story | Spacious | Garden | Maid rooms,,750.0,,,BHD,monthly,,,,,,,,,,,26.19164276123047,50.48757553100586,,,,Devesh Kumar,,PARTLY,,,,,https://www.propertyfinder.bh/en/plp/rent/compound-for-rent-northern-governorate-saar-56008948.html,2026-08-10T20:51:18.479280+00:00,2026-08-10T20:51:18.479280+00:00,0,2026-08-10T20:51:18.479280+00:00
2026-08-10,new,56008949,,,Apartment,"Superb, Stylish Sea and City View Apartment",,97000.0,,,BHD,sell,,,,,,,,,,,26.211111068725586,50.601112365722656,,,,Bilal Mohamed,,YES,completed,,,,https://www.propertyfinder.bh/en/plp/buy/apartment-for-sale-capital-governorate-al-juffair-56008949.html,2026-08-10T20:51:18.479280+00:00,2026-08-10T20:51:18.479280+00:00,0,2026-08-10T20:51:18.479280+00:00
2026-08-10,new,56008952,,,Land,PRIME RA RESIDENTIAL LAND | TUBLI | 798 SQM,,206000.0,,,BHD,sell,,,,,,,,,,,26.188888549804688,50.54999923706055,,,,Rolin Faouri,,,,,,,https://www.propertyfinder.bh/en/plp/buy/land-for-sale-central-governorate-tubli-56008952.html,2026-08-10T20:51:18.479280+00:00,2026-08-10T20:51:18.479280+00:00,0,2026-08-10T20:51:18.479280+00:00
2026-08-10,new,56008954,,,Apartment,Spacious 4-Bedroom Apartment for Sale in Riffa,,70000.0,,,BHD,sell,,,,,,,,North Riffa,,,26.143957138061523,50.547142028808594,,,,ALOSTATH,,PARTLY,completed,,,,https://www.propertyfinder.bh/en/plp/buy/apartment-for-sale-southern-governorate-riffa-north-riffa-56008954.html,2026-08-10T20:51:18.479280+00:00,2026-08-10T20:51:18.479280+00:00,0,2026-08-10T20:51:18.479280+00:00
2026-08-10,new,56008955,,,Apartment,Freehold High-Rise Apartment with Panoramic Views,,140000.0,,,BHD,sell,,,,,,,,,,,26.249584197998047,50.580360412597656,,,,Bilal Mohamed,,YES,completed,,,,https://www.propertyfinder.bh/en/plp/buy/apartment-for-sale-capital-governorate-bahrain-bay-56008955.html,2026-08-10T20:51:18.479280+00:00,2026-08-10T20:51:18.479280+00:00,0,2026-08-10T20:51:18.479280+00:00
2026-08-10,new,56008961,,,Apartment,SEA VIEW | BALCONY | CLOSED KITCHEN | LUXURY 2BHK,,100000.0,,,BHD,sell,,,,,,,,,,,26.211111068725586,50.601112365722656,,,,Rolin Faouri,,YES,completed,,,,https://www.propertyfinder.bh/en/plp/buy/apartment-for-sale-capital-governorate-al-juffair-56008961.html,2026-08-10T20:51:18.479280+00:00,2026-08-10T20:51:18.479280+00:00,0,2026-08-10T20:51:18.479280+00:00
2026-08-10,new,56008967,,,Apartment,Sea View | Housekeeping | Spacious | Squash Court|,,320.0,,,BHD,monthly,,,,,,,,,,,26.203079223632812,50.594947814941406,,,,Christyl Lebosada,,YES,,,,,https://www.propertyfinder.bh/en/plp/rent/apartment-for-rent-capital-governorate-manama-um-al-hasam-56008967.html,2026-08-10T20:51:18.479280+00:00,2026-08-10T20:51:18.479280+00:00,0,2026-08-10T20:51:18.479280+00:00
2026-08-10,new,56008968,,,Apartment,Ultra Luxury 4 Bedroom Duplex with Full Sea View,,525000.0,,,BHD,sell,,,,,,,,,,,26.249584197998047,50.580360412597656,,,,Bilal Mohamed,,YES,completed,,,,https://www.propertyfinder.bh/en/plp/buy/apartment-for-sale-capital-governorate-bahrain-bay-56008968.html,2026-08-10T20:51:18.479280+00:00,2026-08-10T20:51:18.479280+00:00,0,2026-08-10T20:51:18.479280+00:00
2026-08-10,new,56008969,,,Apartment,Furnished 1BR Seef | Sea View EWA & Internet,,500.0,,,BHD,monthly,,,,,,,,,,,26.239999771118164,50.5369987487793,,,,JUNAID MUNAWAR,,YES,,,,,https://www.propertyfinder.bh/en/plp/rent/apartment-for-rent-capital-governorate-seef-56008969.html,2026-08-10T20:51:18.479280+00:00,2026-08-10T20:51:18.479280+00:00,0,2026-08-10T20:51:18.479280+00:00
2026-08-10,new,56008970,,,Apartment,Sea View | Housekeeping | Spacious | Internet |,,430.0,,,BHD,monthly,,,,,,,,,,,26.203079223632812,50.594947814941406,,,,Christyl Lebosada,,YES,,,,,https://www.propertyfinder.bh/en/plp/rent/apartment-for-rent-capital-governorate-manama-um-al-hasam-56008970.html,2026-08-10T20:51:18.479280+00:00,2026-08-10T20:51:18.479280+00:00,0,2026-08-10T20:51:18.479280+00:00
2026-08-10,new,56008971,,,Apartment,Stunning New Apartment with Panoramic Sea Views,,137000.0,,,BHD,sell,,,,,,,,,,,26.249584197998047,50.580360412597656,,,,Bilal Mohamed,,YES,completed,,,,https://www.propertyfinder.bh/en/plp/buy/apartment-for-sale-capital-governorate-bahrain-bay-56008971.html,2026-08-10T20:51:18.479280+00:00,2026-08-10T20:51:18.479280+00:00,0,2026-08-10T20:51:18.479280+00:00
2026-08-10,new,56008974,,,Apartment,BRAND NEW - BEACH ACCESS - STEO TO MALL - TERRACES,,750.0,,,BHD,monthly,,,,,,,,Diyar Al Muharraq,,,26.303447723388672,50.6461296081543,,,,Husain Jaber Abdulla Zaid,,PARTLY,,,,,https://www.propertyfinder.bh/en/plp/rent/apartment-for-rent-muharraq-governorate-diyar-al-muharraq-marassi-al-bahrain-56008974.html,2026-08-10T20:51:18.479280+00:00,2026-08-10T20:51:18.479280+00:00,0,2026-08-10T20:51:18.479280+00:00
2026-08-10,new,56008975,,,Apartment,BRAND NEW I LUXURIY 3BR + MAJLIS I ACCEPTS TASHEEL,,62000.0,,,BHD,sell,,,,,,,,,,,26.21263313293457,50.67418670654297,,,,Odai Ajamieh,,NO,completed_primary,,,,https://www.propertyfinder.bh/en/plp/buy/apartment-for-sale-muharraq-governorate-hidd-56008975.html,2026-08-10T20:51:18.479280+00:00,2026-08-10T20:51:18.479280+00:00,0,2026-08-10T20:51:18.479280+00:00
2026-08-10,new,56008976,,,Apartment,Freehold | Waterfront Community | Resort-Style,,66500.0,,,BHD,sell,,,,,,,,Diyar Al Muharraq,Marassi Park Residences,,26.307302474975586,50.645973205566406,,,,Bilal Mohamed,,YES,completed,,,,https://www.propertyfinder.bh/en/plp/buy/apartment-for-sale-muharraq-governorate-diyar-al-muharraq-marassi-park-residences-56008976.html,2026-08-10T20:51:18.479280+00:00,2026-08-10T20:51:18.479280+00:00,0,2026-08-10T20:51:18.479280+00:00
2026-08-10,new,56008978,,,Villa,Water Front I Free Hold I Ready to move in,,205000.0,,,BHD,sell,,,,,,,,Diyar Al Muharraq,Al Naseem,,26.31142234802246,50.64306640625,,,,Husain Jaber Abdulla Zaid,,PARTLY,completed,,,,https://www.propertyfinder.bh/en/plp/buy/villa-for-sale-muharraq-governorate-diyar-al-muharraq-al-naseem-56008978.html,2026-08-10T20:51:18.479280+00:00,2026-08-10T20:51:18.479280+00:00,0,2026-08-10T20:51:18.479280+00:00
2026-08-10,new,56008997,,,Apartment,Unlimited EWA| Spacious| Special Price | City View,,550.0,,,BHD,monthly,,,,,,,,,,,26.241750717163086,50.5663948059082,,,,Hazeeth,,YES,,,,,https://www.propertyfinder.bh/en/plp/rent/apartment-for-rent-capital-governorate-reef-island-56008997.html,2026-08-10T20:51:18.479280+00:00,2026-08-10T20:51:18.479280+00:00,0,2026-08-10T20:51:18.479280+00:00
2026-08-10,new,56009002,,,Villa,PRIVATE POOL | ROOF TERRACE | LUXURY LIVING | 3BHK,,1380.0,,,BHD,monthly,,,,,,,,,,,26.211111068725586,50.601112365722656,,,,Rolin Faouri,,YES,,,,,https://www.propertyfinder.bh/en/plp/rent/villa-for-rent-capital-governorate-al-juffair-56009002.html,2026-08-10T20:51:18.479280+00:00,2026-08-10T20:51:18.479280+00:00,0,2026-08-10T20:51:18.479280+00:00
2026-08-10,new,56009006,,,Villa,Modern Luxury Family Villa | Prime Location,,1150.0,,,BHD,monthly,,,,,,,,Diyar Al Muharraq,Al Naseem,,26.31142234802246,50.64306640625,,,,Husain Jaber Abdulla Zaid,,YES,,,,,https://www.propertyfinder.bh/en/plp/rent/villa-for-rent-muharraq-governorate-diyar-al-muharraq-al-naseem-56009006.html,2026-08-10T20:51:18.479280+00:00,2026-08-10T20:51:18.479280+00:00,0,2026-08-10T20:51:18.479280+00:00
2026-08-10,new,56009007,,,Apartment,Large Layout | Best Location | Premium Facilities,,80000.0,,,BHD,sell,,,,,,,,,,,26.239999771118164,50.5369987487793,,,,Bilal Mohamed,,YES,completed,,,,https://www.propertyfinder.bh/en/plp/buy/apartment-for-sale-capital-governorate-seef-56009007.html,2026-08-10T20:51:18.479280+00:00,2026-08-10T20:51:18.479280+00:00,0,2026-08-10T20:51:18.479280+00:00
2026-08-10,new,56009012,,,Apartment,5 STARS | BEACH ACCESS | DIRECT TO MALL | ADDRESS,,650.0,,,BHD,monthly,,,,,,,,Diyar Al Muharraq,The Address Residences,,26.30344581604004,50.646121978759766,,,,Husain Jaber Abdulla Zaid,,YES,,,,,https://www.propertyfinder.bh/en/plp/rent/apartment-for-rent-muharraq-governorate-diyar-al-muharraq-the-address-residences-56009012.html,2026-08-10T20:51:18.479280+00:00,2026-08-10T20:51:18.479280+00:00,0,2026-08-10T20:51:18.479280+00:00
2026-08-10,new,56009015,,,Apartment,ADDRESS RESIDENCE - BEACH ACCESS - DIRECT TO MALL,,1050.0,,,BHD,monthly,,,,,,,,Diyar Al Muharraq,The Address Residences,,26.30344581604004,50.646121978759766,,,,Husain Jaber Abdulla Zaid,,YES,,,,,https://www.propertyfinder.bh/en/plp/rent/apartment-for-rent-muharraq-governorate-diyar-al-muharraq-the-address-residences-56009015.html,2026-08-10T20:51:18.479280+00:00,2026-08-10T20:51:18.479280+00:00,0,2026-08-10T20:51:18.479280+00:00
2026-08-10,new,56009022,,,Villa,FURNISHED 4BHK+OFFICE | PRIVATE POOL | INCLUSIVE,,1250.0,,,BHD,monthly,,,,,,,,,,,26.140336990356445,50.478271484375,,,,Yumna Awad,,YES,,,,,https://www.propertyfinder.bh/en/plp/rent/villa-for-rent-northern-governorate-hamala-56009022.html,2026-08-10T20:51:18.479280+00:00,2026-08-10T20:51:18.479280+00:00,0,2026-08-10T20:51:18.479280+00:00
2026-08-10,new,56009023,,,Apartment,Balcony | Pool | Gym | Juffair,,330.0,,,BHD,monthly,,,,,,,,,,,26.249584197998047,50.580360412597656,,,,Orhan Shakoor Humood,,YES,,,,,https://www.propertyfinder.bh/en/plp/rent/apartment-for-rent-capital-governorate-bahrain-bay-56009023.html,2026-08-10T20:51:18.479280+00:00,2026-08-10T20:51:18.479280+00:00,0,2026-08-10T20:51:18.479280+00:00
2026-08-10,new,56009025,,,Villa,BRIGHT 4BR | PRIVATE POOL and GARDEN | EASY ACCESS,,1000.0,,,BHD,monthly,,,,,,,,,,,26.140336990356445,50.478271484375,,,,Yumna Awad,,PARTLY,,,,,https://www.propertyfinder.bh/en/plp/rent/villa-for-rent-northern-governorate-hamala-56009025.html,2026-08-10T20:51:18.479280+00:00,2026-08-10T20:51:18.479280+00:00,0,2026-08-10T20:51:18.479280+00:00
2026-08-10,new,56009026,,,Apartment,Luxurious Spacious Brand New In Great Location,,370.0,,,BHD,monthly,,,,,,,,,,,26.211111068725586,50.601112365722656,,,,RAJESH  SHIBU,,YES,,,,,https://www.propertyfinder.bh/en/plp/rent/apartment-for-rent-capital-governorate-al-juffair-56009026.html,2026-08-10T20:51:18.479280+00:00,2026-08-10T20:51:18.479280+00:00,0,2026-08-10T20:51:18.479280+00:00
2026-08-10,new,56009028,,,Apartment,Spacious | Bright | Closed Kitchen | High Floor,,400.0,,,BHD,monthly,,,,,,,,,,,26.241750717163086,50.5663948059082,,,,Hazeeth,,YES,,,,,https://www.propertyfinder.bh/en/plp/rent/apartment-for-rent-capital-governorate-reef-island-56009028.html,2026-08-10T20:51:18.479280+00:00,2026-08-10T20:51:18.479280+00:00,0,2026-08-10T20:51:18.479280+00:00
2026-08-10,new,56009029,,,Land,AIG Land | Easy Access to Essential Services,,90000.0,,,BHD,sell,,,,,,,,,,,26.08335304260254,50.48234558105469,,,,Khalil Aryan,,,,,,,https://www.propertyfinder.bh/en/plp/commercial-buy/land-for-sale-northern-governorate-sadad-56009029.html,2026-08-10T20:51:18.479280+00:00,2026-08-10T20:51:18.479280+00:00,0,2026-08-10T20:51:18.479280+00:00
2026-08-10,new,56009030,,,Compound,Double Story | Spacious | Garden | Maid room,,850.0,,,BHD,monthly,,,,,,,,,,,26.19164276123047,50.48757553100586,,,,Devesh Kumar,,YES,,,,,https://www.propertyfinder.bh/en/plp/rent/compound-for-rent-northern-governorate-saar-56009030.html,2026-08-10T20:51:18.479280+00:00,2026-08-10T20:51:18.479280+00:00,0,2026-08-10T20:51:18.479280+00:00
2026-08-10,new,56009038,,,Apartment,MODERN | ELEGANT | COZY | PRIME LOCATION,,320.0,,,BHD,monthly,,,,,,,,,,,26.185943603515625,50.46711349487305,,,,Sayed Eyad,,YES,,,,,https://www.propertyfinder.bh/en/plp/rent/apartment-for-rent-northern-governorate-janabiya-56009038.html,2026-08-10T20:51:18.479280+00:00,2026-08-10T20:51:18.479280+00:00,0,2026-08-10T20:51:18.479280+00:00
2026-08-10,new,56009040,,,Apartment,Modern I Luxurious | House Keeping I Wifi I Tax,,400.0,,,BHD,monthly,,,,,,,,,,,26.239999771118164,50.5369987487793,,,,Antony Shaiju,,YES,,,,,https://www.propertyfinder.bh/en/plp/rent/apartment-for-rent-capital-governorate-seef-56009040.html,2026-08-10T20:51:18.479280+00:00,2026-08-10T20:51:18.479280+00:00,0,2026-08-10T20:51:18.479280+00:00
2026-08-10,new,56009041,,,Office Space,MODERN | SPACIOUS | PROFESSIONAL,,650.0,,,BHD,monthly,,,,,,,,,,,26.239999771118164,50.5369987487793,,,,Husain Kayed,,PARTLY,,,,,https://www.propertyfinder.bh/en/plp/commercial-rent/office-space-for-rent-capital-governorate-seef-56009041.html,2026-08-10T20:51:18.479280+00:00,2026-08-10T20:51:18.479280+00:00,0,2026-08-10T20:51:18.479280+00:00
2026-08-10,new,56009044,,,Apartment,SEA VIEW | ELEGANT | STYLISH |SPACIOUS |FACILITIES,,380.0,,,BHD,monthly,,,,,,,,,,,26.239999771118164,50.5369987487793,,,,Portia Sioting,,YES,,,,,https://www.propertyfinder.bh/en/plp/rent/apartment-for-rent-capital-governorate-seef-56009044.html,2026-08-10T20:51:18.479280+00:00,2026-08-10T20:51:18.479280+00:00,0,2026-08-10T20:51:18.479280+00:00
2026-08-10,new,56009045,,,Villa,AFFORDABLE 3BHK | PRIVATE GARDEN | CENTRAL SAAR,,600.0,,,BHD,monthly,,,,,,,,,,,26.19164276123047,50.48757553100586,,,,Yumna Awad,,NO,,,,,https://www.propertyfinder.bh/en/plp/rent/villa-for-rent-northern-governorate-saar-56009045.html,2026-08-10T20:51:18.479280+00:00,2026-08-10T20:51:18.479280+00:00,0,2026-08-10T20:51:18.479280+00:00
2026-08-10,new,56009047,,,Apartment,Sea-View I Modern I Duplex IGreat Facilities IWifi,,450.0,,,BHD,monthly,,,,,,,,,,,26.239999771118164,50.5369987487793,,,,Antony Shaiju,,YES,,,,,https://www.propertyfinder.bh/en/plp/rent/apartment-for-rent-capital-governorate-seef-56009047.html,2026-08-10T20:51:18.479280+00:00,2026-08-10T20:51:18.479280+00:00,0,2026-08-10T20:51:18.479280+00:00
2026-08-10,new,56009048,,,Apartment,COMFORTABLE | CONVENIENT | ELEGANT|20BD EWA LIMIT,,300.0,,,BHD,monthly,,,,,,,,,,,26.211111068725586,50.601112365722656,,,,Husain Kayed,,YES,,,,,https://www.propertyfinder.bh/en/plp/rent/apartment-for-rent-capital-governorate-al-juffair-56009048.html,2026-08-10T20:51:18.479280+00:00,2026-08-10T20:51:18.479280+00:00,0,2026-08-10T20:51:18.479280+00:00
2026-08-10,new,56009050,,,Apartment,Very Spacious I Big Kitchen I Pool I Gym I Wifi,,400.0,,,BHD,monthly,,,,,,,,,,,26.211111068725586,50.601112365722656,,,,Antony Shaiju,,YES,,,,,https://www.propertyfinder.bh/en/plp/rent/apartment-for-rent-capital-governorate-al-juffair-56009050.html,2026-08-10T20:51:18.479280+00:00,2026-08-10T20:51:18.479280+00:00,0,2026-08-10T20:51:18.479280+00:00
2026-08-10,new,56009052,,,Apartment,ELEGANT | CONVENIENT | PRACTICAL,,340.0,,,BHD,monthly,,,,,,,,Al Bahair,,,26.149368286132812,50.56598663330078,,,,Husain Kayed,,PARTLY,,,,,https://www.propertyfinder.bh/en/plp/rent/apartment-for-rent-southern-governorate-riffa-al-bahair-56009052.html,2026-08-10T20:51:18.479280+00:00,2026-08-10T20:51:18.479280+00:00,0,2026-08-10T20:51:18.479280+00:00
2026-08-10,new,56009053,,,Apartment,Very Spacious I Big Kitchen I Swimming Pool I Gym,,450.0,,,BHD,monthly,,,,,,,,,,,26.211111068725586,50.601112365722656,,,,Antony Shaiju,,YES,,,,,https://www.propertyfinder.bh/en/plp/rent/apartment-for-rent-capital-governorate-al-juffair-56009053.html,2026-08-10T20:51:18.479280+00:00,2026-08-10T20:51:18.479280+00:00,0,2026-08-10T20:51:18.479280+00:00
2026-08-10,new,56009055,,,Apartment,New | Great View |  Wifi | House Keeping | Pool,,200.0,,,BHD,monthly,,,,,,,,,,,26.211111068725586,50.601112365722656,,,,Antony Shaiju,,YES,,,,,https://www.propertyfinder.bh/en/plp/rent/apartment-for-rent-capital-governorate-al-juffair-56009055.html,2026-08-10T20:51:18.479280+00:00,2026-08-10T20:51:18.479280+00:00,0,2026-08-10T20:51:18.479280+00:00
2026-08-10,new,56009057,,,Land,Prime | Land | Al Malikiyah | Residential,,82000.0,,,BHD,sell,,,,,,,,,,,26.100860595703125,50.48801040649414,,,,Husain Alsandy,,,,,,,https://www.propertyfinder.bh/en/plp/buy/land-for-sale-northern-governorate-malkiyah-56009057.html,2026-08-10T20:51:18.479280+00:00,2026-08-10T20:51:18.479280+00:00,0,2026-08-10T20:51:18.479280+00:00
2026-08-10,new,56009058,,,Apartment,Modern I Luxurious | House Keeping I Wifi I Tax,,450.0,,,BHD,monthly,,,,,,,,,,,26.239999771118164,50.5369987487793,,,,Antony Shaiju,,YES,,,,,https://www.propertyfinder.bh/en/plp/rent/apartment-for-rent-capital-governorate-seef-56009058.html,2026-08-10T20:51:18.479280+00:00,2026-08-10T20:51:18.479280+00:00,0,2026-08-10T20:51:18.479280+00:00
2026-08-10,new,56009060,,,Land,Industrial Land for Sale in Salmabad Bahrain,,221764.0,,,BHD,sell,,,,,,,,,,,26.183332443237305,50.516666412353516,,,,Husain Alsandy,,,,,,,https://www.propertyfinder.bh/en/plp/buy/land-for-sale-central-governorate-salmabad-56009060.html,2026-08-10T20:51:18.479280+00:00,2026-08-10T20:51:18.479280+00:00,0,2026-08-10T20:51:18.479280+00:00
2026-08-10,new,56009061,,,Apartment,Spacious 2 Bed l Balcony l Near Highway and Mall l,,380.0,,,BHD,monthly,,,,,,,,,,,26.211111068725586,50.601112365722656,,,,Abdulghafar Darwish,,YES,,,,,https://www.propertyfinder.bh/en/plp/rent/apartment-for-rent-capital-governorate-al-juffair-56009061.html,2026-08-10T20:51:18.479280+00:00,2026-08-10T20:51:18.479280+00:00,0,2026-08-10T20:51:18.479280+00:00
2026-08-10,new,56009063,,,Villa,Private pool | Garden | Maid room | Malkiyah,,165000.0,,,BHD,sell,,,,,,,,,,,26.100860595703125,50.48801040649414,,,,Mohamed Abdali,,YES,completed,,,,https://www.propertyfinder.bh/en/plp/buy/villa-for-sale-northern-governorate-malkiyah-56009063.html,2026-08-10T20:51:18.479280+00:00,2026-08-10T20:51:18.479280+00:00,0,2026-08-10T20:51:18.479280+00:00
2026-08-10,new,56009065,,,Land,Residential |   Sitra |  RB  | prime,,109915500.0,,,BHD,sell,,,,,,,,,,,26.162988662719727,50.6124267578125,,,,Mohamed Abdali,,,,,,,https://www.propertyfinder.bh/en/plp/buy/land-for-sale-central-governorate-sitra-56009065.html,2026-08-10T20:51:18.479280+00:00,2026-08-10T20:51:18.479280+00:00,0,2026-08-10T20:51:18.479280+00:00
2026-08-10,new,56009066,,,Apartment,Fontana Infinity l Premium 2Bed l SeaView Balcony,,700.0,,,BHD,monthly,,,,,,,,,,,26.211111068725586,50.601112365722656,,,,Abdulghafar Darwish,,YES,,,,,https://www.propertyfinder.bh/en/plp/rent/apartment-for-rent-capital-governorate-al-juffair-56009066.html,2026-08-10T20:51:18.479280+00:00,2026-08-10T20:51:18.479280+00:00,0,2026-08-10T20:51:18.479280+00:00
2026-08-10,new,56009069,,,Land,RHB | Residential | Askar | corner,,86000.0,,,BHD,sell,,,,,,,,,,,26.05678367614746,50.61648178100586,,,,Mohamed Abdali,,,,,,,https://www.propertyfinder.bh/en/plp/buy/land-for-sale-southern-governorate-askar-56009069.html,2026-08-10T20:51:18.479280+00:00,2026-08-10T20:51:18.479280+00:00,0,2026-08-10T20:51:18.479280+00:00
2026-08-10,new,56009071,,,Apartment,Marassi Terraces 1 | Sea & Pool View | SF,,76000.0,,,BHD,sell,,,,,,,,Diyar Al Muharraq,,,26.303447723388672,50.6461296081543,,,,Emilia Walaszczyk,,PARTLY,completed,,,,https://www.propertyfinder.bh/en/plp/buy/apartment-for-sale-muharraq-governorate-diyar-al-muharraq-marassi-al-bahrain-56009071.html,2026-08-10T20:51:18.479280+00:00,2026-08-10T20:51:18.479280+00:00,0,2026-08-10T20:51:18.479280+00:00
2026-08-10,new,56009072,,,Apartment,| Luxury Modern | Spacious | Sea View,,375.0,,,BHD,monthly,,,,,,,,,,,26.211111068725586,50.601112365722656,,,,Milkah Afandi,,YES,,,,,https://www.propertyfinder.bh/en/plp/rent/apartment-for-rent-capital-governorate-al-juffair-56009072.html,2026-08-10T20:51:18.479280+00:00,2026-08-10T20:51:18.479280+00:00,0,2026-08-10T20:51:18.479280+00:00
2026-08-10,new,56009074,,,Apartment,Pocket Saver l Low Priced Modern Studio l Balcony,,220.0,,,BHD,monthly,,,,,,,,,,,26.211111068725586,50.601112365722656,,,,Abdulghafar Darwish,,YES,,,,,https://www.propertyfinder.bh/en/plp/rent/apartment-for-rent-capital-governorate-al-juffair-56009074.html,2026-08-10T20:51:18.479280+00:00,2026-08-10T20:51:18.479280+00:00,0,2026-08-10T20:51:18.479280+00:00
2026-08-10,new,56009080,,,Apartment,Fontana Infinity l Lowest Priced 1Bed l SeaView l,,340.0,,,BHD,monthly,,,,,,,,,,,26.211111068725586,50.601112365722656,,,,Abdulghafar Darwish,,YES,,,,,https://www.propertyfinder.bh/en/plp/rent/apartment-for-rent-capital-governorate-al-juffair-56009080.html,2026-08-10T20:51:18.479280+00:00,2026-08-10T20:51:18.479280+00:00,0,2026-08-10T20:51:18.479280+00:00
2026-08-10,new,56009083,,,Apartment,BRAND NEW SPACIOUS 1BHK | SEA VIEW | 2 BALCONIES,,450.0,,,BHD,monthly,,,,,,,,,,,26.203079223632812,50.594947814941406,,,,Zuhair Tlili,,YES,,,,,https://www.propertyfinder.bh/en/plp/rent/apartment-for-rent-capital-governorate-manama-um-al-hasam-56009083.html,2026-08-10T20:51:18.479280+00:00,2026-08-10T20:51:18.479280+00:00,0,2026-08-10T20:51:18.479280+00:00
2026-08-10,new,56009085,,,Apartment,Fontana Infinity l Premium 2Bed l SeaView Balcony,,700.0,,,BHD,monthly,,,,,,,,,,,26.211111068725586,50.601112365722656,,,,Abdulghafar Darwish,,YES,,,,,https://www.propertyfinder.bh/en/plp/rent/apartment-for-rent-capital-governorate-al-juffair-56009085.html,2026-08-10T20:51:18.479280+00:00,2026-08-10T20:51:18.479280+00:00,0,2026-08-10T20:51:18.479280+00:00
2026-08-10,new,56009086,,,Apartment,Saver Deal l Modern Studio l Balcony l Near Mall l,,240.0,,,BHD,monthly,,,,,,,,,,,26.211111068725586,50.601112365722656,,,,Abdulghafar Darwish,,YES,,,,,https://www.propertyfinder.bh/en/plp/rent/apartment-for-rent-capital-governorate-al-juffair-56009086.html,2026-08-10T20:51:18.479280+00:00,2026-08-10T20:51:18.479280+00:00,0,2026-08-10T20:51:18.479280+00:00
2026-08-10,new,56009087,,,Villa,| FURNISHED| SPACIOUS |  PRIVATE POOL | GARDEN |,,1380.0,,,BHD,monthly,,,,,,,,,,,26.211111068725586,50.601112365722656,,,,Milkah Afandi,,YES,,,,,https://www.propertyfinder.bh/en/plp/rent/villa-for-rent-capital-governorate-al-juffair-56009087.html,2026-08-10T20:51:18.479280+00:00,2026-08-10T20:51:18.479280+00:00,0,2026-08-10T20:51:18.479280+00:00
2026-08-10,new,56009089,,,Apartment,FONTANA INFINITY l Premium 2Bed l SeaView NearMall,,700.0,,,BHD,monthly,,,,,,,,,,,26.211111068725586,50.601112365722656,,,,Abdulghafar Darwish,,YES,,,,,https://www.propertyfinder.bh/en/plp/rent/apartment-for-rent-capital-governorate-al-juffair-56009089.html,2026-08-10T20:51:18.479280+00:00,2026-08-10T20:51:18.479280+00:00,0,2026-08-10T20:51:18.479280+00:00
2026-08-10,new,56009090,,,Apartment,FONTANA INFINITY l Premium 1Bed l SeaView l Balcon,,76500.0,,,BHD,sell,,,,,,,,,,,26.211111068725586,50.601112365722656,,,,Abdulghafar Darwish,,YES,completed,,,,https://www.propertyfinder.bh/en/plp/buy/apartment-for-sale-capital-governorate-al-juffair-56009090.html,2026-08-10T20:51:18.479280+00:00,2026-08-10T20:51:18.479280+00:00,0,2026-08-10T20:51:18.479280+00:00
2026-08-10,new,56009091,,,Office Space,BRAND NEW OFFICE | PRIME SEEF LOCATION | HOT DEAL,,400.0,,,BHD,monthly,,,,,,,,,,,26.239999771118164,50.5369987487793,,,,Rolin Faouri,,PARTLY,,,,,https://www.propertyfinder.bh/en/plp/commercial-rent/office-space-for-rent-capital-governorate-seef-56009091.html,2026-08-10T20:51:18.479280+00:00,2026-08-10T20:51:18.479280+00:00,0,2026-08-10T20:51:18.479280+00:00
2026-08-10,new,56009092,,,Apartment,Fontana Infinity l Lowest Priced 1bed l Balcony ll,,400.0,,,BHD,monthly,,,,,,,,,,,26.211111068725586,50.601112365722656,,,,Abdulghafar Darwish,,YES,,,,,https://www.propertyfinder.bh/en/plp/rent/apartment-for-rent-capital-governorate-al-juffair-56009092.html,2026-08-10T20:51:18.479280+00:00,2026-08-10T20:51:18.479280+00:00,0,2026-08-10T20:51:18.479280+00:00
2026-08-10,new,56009100,,,Apartment,Private Balcony | EWA included | Spacious Layout,,550.0,,,BHD,monthly,,,,,,,,Amwaj Avenue,,,26.29302978515625,50.66474151611328,,,,Puthu Veetil Sajahan,,YES,,,,,https://www.propertyfinder.bh/en/plp/rent/apartment-for-rent-muharraq-governorate-amwaj-islands-amwaj-avenue-56009100.html,2026-08-10T20:51:18.479280+00:00,2026-08-10T20:51:18.479280+00:00,0,2026-08-10T20:51:18.479280+00:00
2026-08-10,new,56009102,,,Apartment,Cozy 1Bedroom- walk to Mall Park & Beach-BrandNew,,400.0,,,BHD,monthly,,,,,,,,Diyar Al Muharraq,,,26.303447723388672,50.6461296081543,,,,Shahra Masood,,YES,,,,,https://www.propertyfinder.bh/en/plp/rent/apartment-for-rent-muharraq-governorate-diyar-al-muharraq-marassi-al-bahrain-56009102.html,2026-08-10T20:51:18.479280+00:00,2026-08-10T20:51:18.479280+00:00,0,2026-08-10T20:51:18.479280+00:00
2026-08-10,new,56009104,,,Apartment,PAYMENT PLAN | MODERN 2BHK | ELEGANTLY FURNISHED,,80000.0,,,BHD,sell,,,,,,,,,,,26.211111068725586,50.601112365722656,,,,Rolin Faouri,,YES,completed,,,,https://www.propertyfinder.bh/en/plp/buy/apartment-for-sale-capital-governorate-al-juffair-56009104.html,2026-08-10T20:51:18.479280+00:00,2026-08-10T20:51:18.479280+00:00,0,2026-08-10T20:51:18.479280+00:00
2026-08-10,new,56009105,,,Apartment,FONTANA INFINITY l Premium 2Bed l SeaView NearMall,,600.0,,,BHD,monthly,,,,,,,,,,,26.211111068725586,50.601112365722656,,,,Abdulghafar Darwish,,YES,,,,,https://www.propertyfinder.bh/en/plp/rent/apartment-for-rent-capital-governorate-al-juffair-56009105.html,2026-08-10T20:51:18.479280+00:00,2026-08-10T20:51:18.479280+00:00,0,2026-08-10T20:51:18.479280+00:00
2026-08-10,new,56009110,,,Apartment,FONTANA SUITES l Premium 1Bed l Sea View l Balcony,,399.0,,,BHD,monthly,,,,,,,,,,,26.211111068725586,50.601112365722656,,,,Abdulghafar Darwish,,YES,,,,,https://www.propertyfinder.bh/en/plp/rent/apartment-for-rent-capital-governorate-al-juffair-56009110.html,2026-08-10T20:51:18.479280+00:00,2026-08-10T20:51:18.479280+00:00,0,2026-08-10T20:51:18.479280+00:00
2026-08-10,new,56009115,,,Apartment,RCSI | Duplex Apartment | Spacious,,650.0,,,BHD,monthly,,,,,,,,,,,26.27199935913086,50.60900115966797,,,,Charisse Villaruz,,YES,,,,,https://www.propertyfinder.bh/en/plp/rent/apartment-for-rent-muharraq-governorate-busaiteen-56009115.html,2026-08-10T20:51:18.479280+00:00,2026-08-10T20:51:18.479280+00:00,0,2026-08-10T20:51:18.479280+00:00
2026-08-10,new,56009123,,,Villa,3 BR Villa with Study and Maids Room in 400 Sqm,,700.0,,,BHD,monthly,,,,,,,,,,,26.22623634338379,50.49492263793945,,,,SKY ONE REALTY,,PARTLY,,,,,https://www.propertyfinder.bh/en/plp/rent/villa-for-rent-northern-governorate-jannusan-56009123.html,2026-08-10T20:51:18.479280+00:00,2026-08-10T20:51:18.479280+00:00,0,2026-08-10T20:51:18.479280+00:00
2026-08-10,new,56009124,,,Apartment,BEST DEAL!! | 2BHK + MAIDS ROOM | BALCONY | MODERN,,75000.0,,,BHD,sell,,,,,,,,,,,26.211111068725586,50.601112365722656,,,,Rolin Faouri,,PARTLY,completed_primary,,,,https://www.propertyfinder.bh/en/plp/buy/apartment-for-sale-capital-governorate-al-juffair-56009124.html,2026-08-10T20:51:18.479280+00:00,2026-08-10T20:51:18.479280+00:00,0,2026-08-10T20:51:18.479280+00:00
2026-08-10,new,56009126,,,Villa,PRIVATE POOL | MODERN 3BHK | BALCONY | SPACIOUS,,950.0,,,BHD,monthly,,,,,,,,,,,26.214487075805664,50.584754943847656,,,,Rolin Faouri,,YES,,,,,https://www.propertyfinder.bh/en/plp/rent/villa-for-rent-capital-governorate-manama-adliya-56009126.html,2026-08-10T20:51:18.479280+00:00,2026-08-10T20:51:18.479280+00:00,0,2026-08-10T20:51:18.479280+00:00
2026-08-10,new,56009127,,,Apartment,BRIGHT NEATLY FURNISHED 1 BED NEAR THE NEW HIGHWAY,,300.0,,,BHD,monthly,,,,,,,,,,,26.211111068725586,50.601112365722656,,,,Abdulghafar Darwish,,YES,,,,,https://www.propertyfinder.bh/en/plp/rent/apartment-for-rent-capital-governorate-al-juffair-56009127.html,2026-08-10T20:51:18.479280+00:00,2026-08-10T20:51:18.479280+00:00,0,2026-08-10T20:51:18.479280+00:00
2026-08-10,new,56009142,,,Apartment,Spacious|Elegant|Covered parking|Inclusive|Securit,,380.0,,,BHD,monthly,,,,,,,,,,,26.214487075805664,50.584754943847656,,,,Nayla Tabussam,,YES,,,,,https://www.propertyfinder.bh/en/plp/rent/apartment-for-rent-capital-governorate-manama-adliya-56009142.html,2026-08-10T20:51:18.479280+00:00,2026-08-10T20:51:18.479280+00:00,0,2026-08-10T20:51:18.479280+00:00
2026-08-10,new,56009146,,,Apartment,Spacious Bright one bed near lulu new furnishing,,270.0,,,BHD,monthly,,,,,,,,,,,26.211111068725586,50.601112365722656,,,,Abdulghafar Darwish,,YES,,,,,https://www.propertyfinder.bh/en/plp/rent/apartment-for-rent-capital-governorate-al-juffair-56009146.html,2026-08-10T20:51:18.479280+00:00,2026-08-10T20:51:18.479280+00:00,0,2026-08-10T20:51:18.479280+00:00
2026-08-10,new,56009147,,,Penthouse,PENTHOUSE | 3BHK+MAID | PRIVATE POOL | SPACIOUS,,510000.0,,,BHD,sell,,,,,,,,,,,26.249584197998047,50.580360412597656,,,,Rolin Faouri,,PARTLY,completed_primary,,,,https://www.propertyfinder.bh/en/plp/buy/penthouse-for-sale-capital-governorate-bahrain-bay-56009147.html,2026-08-10T20:51:18.479280+00:00,2026-08-10T20:51:18.479280+00:00,0,2026-08-10T20:51:18.479280+00:00
2026-08-10,new,56009148,,,Apartment,Premium Studio Apartment in Juffair | Freehold,,31500.0,,,BHD,sell,,,,,,,,,,,26.211111068725586,50.601112365722656,,,,Mohamed Alaynati,,YES,completed,,,,https://www.propertyfinder.bh/en/plp/buy/apartment-for-sale-capital-governorate-al-juffair-56009148.html,2026-08-10T20:51:18.479280+00:00,2026-08-10T20:51:18.479280+00:00,0,2026-08-10T20:51:18.479280+00:00
2026-08-10,new,56009149,,,Villa,PRIVATE GARDEN POOL | 4 BEDS | NEAR RUGBY CLUB,,1300.0,,,BHD,monthly,,,,,,,,,,,26.19164276123047,50.48757553100586,,,,Raheel Saeed,,PARTLY,,,,,https://www.propertyfinder.bh/en/plp/rent/villa-for-rent-northern-governorate-saar-56009149.html,2026-08-10T20:51:18.479280+00:00,2026-08-10T20:51:18.479280+00:00,0,2026-08-10T20:51:18.479280+00:00
2026-08-10,new,56009151,,,Apartment,HIGH-END 3BHK | FAMILY-FRIENDLY AMENITIES | MODERN,,900.0,,,BHD,monthly,,,,,,,,,,,26.211111068725586,50.601112365722656,,,,Rolin Faouri,,YES,,,,,https://www.propertyfinder.bh/en/plp/rent/apartment-for-rent-capital-governorate-al-juffair-56009151.html,2026-08-10T20:51:18.479280+00:00,2026-08-10T20:51:18.479280+00:00,0,2026-08-10T20:51:18.479280+00:00
2026-08-10,new,56009152,,,Apartment,Elegant 2 bed near highway close to cycling trail,,380.0,,,BHD,monthly,,,,,,,,,,,26.211111068725586,50.601112365722656,,,,Abdulghafar Darwish,,YES,,,,,https://www.propertyfinder.bh/en/plp/rent/apartment-for-rent-capital-governorate-al-juffair-56009152.html,2026-08-10T20:51:18.479280+00:00,2026-08-10T20:51:18.479280+00:00,0,2026-08-10T20:51:18.479280+00:00
2026-08-10,new,56009154,,,Land,MOH ZONING | GREAT OPPORTUNITY | EXCELLENT VALUE,,125000.0,,,BHD,sell,,,,,,,,,,,26.16529655456543,50.552181243896484,,,,Rolin Faouri,,,,,,,https://www.propertyfinder.bh/en/plp/buy/land-for-sale-central-governorate-isa-town-56009154.html,2026-08-10T20:51:18.479280+00:00,2026-08-10T20:51:18.479280+00:00,0,2026-08-10T20:51:18.479280+00:00
2026-08-10,new,56009156,,,Duplex,2 BEDROOM DUPLEX WITH TERRACE LUXURY FURNISHING,,400.0,,,BHD,monthly,,,,,,,,,,,26.211111068725586,50.601112365722656,,,,Abdulghafar Darwish,,YES,,,,,https://www.propertyfinder.bh/en/plp/rent/duplex-for-rent-capital-governorate-al-juffair-56009156.html,2026-08-10T20:51:18.479280+00:00,2026-08-10T20:51:18.479280+00:00,0,2026-08-10T20:51:18.479280+00:00
2026-08-10,new,56009158,,,Villa,PRIME LUXURY FAMILY VILLA | 4BHK | POOL & GYM,,1700.0,,,BHD,monthly,,,,,,,,,,,26.166685104370117,50.45078659057617,,,,Yumna Awad,,PARTLY,,,,,https://www.propertyfinder.bh/en/plp/rent/villa-for-rent-northern-governorate-al-jasra-56009158.html,2026-08-10T20:51:18.479280+00:00,2026-08-10T20:51:18.479280+00:00,0,2026-08-10T20:51:18.479280+00:00
2026-08-10,new,56009160,,,Apartment,BRAND NEW I SEW VIEW I 4BR + MAJLIS I TASHEEL,,69000.0,,,BHD,sell,,,,,,,,,,,26.21263313293457,50.67418670654297,,,,Odai Ajamieh,,NO,completed_primary,,,,https://www.propertyfinder.bh/en/plp/buy/apartment-for-sale-muharraq-governorate-hidd-56009160.html,2026-08-10T20:51:18.479280+00:00,2026-08-10T20:51:18.479280+00:00,0,2026-08-10T20:51:18.479280+00:00
2026-08-10,new,56009162,,,Apartment,BEST DEAL | 2BHK | FULL FURNISHED | REEF,,94000.0,,,BHD,sell,,,,,,,,,,,26.241750717163086,50.5663948059082,,,,Rolin Faouri,,YES,completed,,,,https://www.propertyfinder.bh/en/plp/buy/apartment-for-sale-capital-governorate-reef-island-56009162.html,2026-08-10T20:51:18.479280+00:00,2026-08-10T20:51:18.479280+00:00,0,2026-08-10T20:51:18.479280+00:00
2026-08-10,new,56009164,,,Apartment,Modern 1 bed l Lowest Priced l SeaView l HighFloor,,270.0,,,BHD,monthly,,,,,,,,,,,26.211111068725586,50.601112365722656,,,,Abdulghafar Darwish,,YES,,,,,https://www.propertyfinder.bh/en/plp/rent/apartment-for-rent-capital-governorate-al-juffair-56009164.html,2026-08-10T20:51:18.479280+00:00,2026-08-10T20:51:18.479280+00:00,0,2026-08-10T20:51:18.479280+00:00
2026-08-10,new,56009165,,,Villa,LUXURY COMPOUND | INCLISIVE | 4 BEDS | AMENITIES,,1400.0,,,BHD,monthly,,,,,,,,,,,26.19164276123047,50.48757553100586,,,,Raheel Saeed,,PARTLY,,,,,https://www.propertyfinder.bh/en/plp/rent/villa-for-rent-northern-governorate-saar-56009165.html,2026-08-10T20:51:18.479280+00:00,2026-08-10T20:51:18.479280+00:00,0,2026-08-10T20:51:18.479280+00:00
2026-08-10,new,56009167,,,Apartment,Landmark new 1 bed near mall and garden,,300.0,,,BHD,monthly,,,,,,,,,,,26.211111068725586,50.601112365722656,,,,Abdulghafar Darwish,,YES,,,,,https://www.propertyfinder.bh/en/plp/rent/apartment-for-rent-capital-governorate-al-juffair-56009167.html,2026-08-10T20:51:18.479280+00:00,2026-08-10T20:51:18.479280+00:00,0,2026-08-10T20:51:18.479280+00:00
2026-08-10,new,56009168,,,Villa,PRIVATE GARDEN | LUXURY COMPOUND | NEAR RUGBY CLUB,,1300.0,,,BHD,monthly,,,,,,,,,,,26.19164276123047,50.48757553100586,,,,Raheel Saeed,,PARTLY,,,,,https://www.propertyfinder.bh/en/plp/rent/villa-for-rent-northern-governorate-saar-56009168.html,2026-08-10T20:51:18.479280+00:00,2026-08-10T20:51:18.479280+00:00,0,2026-08-10T20:51:18.479280+00:00
2026-08-10,new,56009169,,,Apartment,Sea view studio with balcony with modern facility,,250.0,,,BHD,monthly,,,,,,,,,,,26.211111068725586,50.601112365722656,,,,Abdulghafar Darwish,,YES,,,,,https://www.propertyfinder.bh/en/plp/rent/apartment-for-rent-capital-governorate-al-juffair-56009169.html,2026-08-10T20:51:18.479280+00:00,2026-08-10T20:51:18.479280+00:00,0,2026-08-10T20:51:18.479280+00:00
2026-08-10,new,56009171,,,Villa,LUXURY 4BHK VILLA | PRIVATE POOL & GARDEN,,1200.0,,,BHD,monthly,,,,,,,,,,,26.19164276123047,50.48757553100586,,,,Irina Matvievici,,PARTLY,,,,,https://www.propertyfinder.bh/en/plp/rent/villa-for-rent-northern-governorate-saar-56009171.html,2026-08-10T20:51:18.479280+00:00,2026-08-10T20:51:18.479280+00:00,0,2026-08-10T20:51:18.479280+00:00
2026-08-10,new,56009173,,,Apartment,Fontana Pool view 1 bed elegant with housekeeping,,400.0,,,BHD,monthly,,,,,,,,,,,26.211111068725586,50.601112365722656,,,,Abdulghafar Darwish,,YES,,,,,https://www.propertyfinder.bh/en/plp/rent/apartment-for-rent-capital-governorate-al-juffair-56009173.html,2026-08-10T20:51:18.479280+00:00,2026-08-10T20:51:18.479280+00:00,0,2026-08-10T20:51:18.479280+00:00
2026-08-10,new,56009175,,,Duplex,Duplex 1 bed l Sea View l HighFloor l Near Mall l,,400.0,,,BHD,monthly,,,,,,,,,,,26.211111068725586,50.601112365722656,,,,Abdulghafar Darwish,,YES,,,,,https://www.propertyfinder.bh/en/plp/rent/duplex-for-rent-capital-governorate-al-juffair-56009175.html,2026-08-10T20:51:18.479280+00:00,2026-08-10T20:51:18.479280+00:00,0,2026-08-10T20:51:18.479280+00:00
2026-08-10,new,56009176,,,Apartment,Very nice well maintained 1BHK| Pool and Gym|Lift,,300.0,,,BHD,monthly,,,,,,,,,,,26.214487075805664,50.584754943847656,,,,Nayla Tabussam,,YES,,,,,https://www.propertyfinder.bh/en/plp/rent/apartment-for-rent-capital-governorate-manama-adliya-56009176.html,2026-08-10T20:51:18.479280+00:00,2026-08-10T20:51:18.479280+00:00,0,2026-08-10T20:51:18.479280+00:00
2026-08-10,new,56009177,,,Villa,Private Villa - Mazarea Highway - Hamala,,147000.0,,,BHD,sell,,,,,,,,,,,26.140336990356445,50.478271484375,,,,Eman Abbas,,NO,off_plan_primary,,,,https://www.propertyfinder.bh/en/plp/buy/villa-for-sale-northern-governorate-hamala-56009177.html,2026-08-10T20:51:18.479280+00:00,2026-08-10T20:51:18.479280+00:00,0,2026-08-10T20:51:18.479280+00:00
2026-08-10,new,56009179,,,Apartment,Best Deal l Modern 1 Bed l Balcony l Near Highway,,275.0,,,BHD,monthly,,,,,,,,,,,26.211111068725586,50.601112365722656,,,,Abdulghafar Darwish,,YES,,,,,https://www.propertyfinder.bh/en/plp/rent/apartment-for-rent-capital-governorate-al-juffair-56009179.html,2026-08-10T20:51:18.479280+00:00,2026-08-10T20:51:18.479280+00:00,0,2026-08-10T20:51:18.479280+00:00
2026-08-10,new,56009186,,,Apartment,RCSI | BRIGHT & COSY | LAUNDRY ROOM,,430.0,,,BHD,monthly,,,,,,,,,,,26.27199935913086,50.60900115966797,,,,Charisse Villaruz,,YES,,,,,https://www.propertyfinder.bh/en/plp/rent/apartment-for-rent-muharraq-governorate-busaiteen-56009186.html,2026-08-10T20:51:18.479280+00:00,2026-08-10T20:51:18.479280+00:00,0,2026-08-10T20:51:18.479280+00:00
2026-08-10,new,56009187,,,Villa,MODERN | 4 ENSUITE BEDROOMS | PRIVATE POOL,,1200.0,,,BHD,monthly,,,,,,,,,,,26.19164276123047,50.48757553100586,,,,Raheel Saeed,,PARTLY,,,,,https://www.propertyfinder.bh/en/plp/rent/villa-for-rent-northern-governorate-saar-56009187.html,2026-08-10T20:51:18.479280+00:00,2026-08-10T20:51:18.479280+00:00,0,2026-08-10T20:51:18.479280+00:00
2026-08-10,new,56009188,,,Apartment,Freehold | Private Balcony | Best Investment,,53000.0,,,BHD,sell,,,,,,,,Amwaj Avenue,,,26.29302978515625,50.66474151611328,,,,Puthu Veetil Sajahan,,YES,completed,,,,https://www.propertyfinder.bh/en/plp/buy/apartment-for-sale-muharraq-governorate-amwaj-islands-amwaj-avenue-56009188.html,2026-08-10T20:51:18.479280+00:00,2026-08-10T20:51:18.479280+00:00,0,2026-08-10T20:51:18.479280+00:00
2026-08-10,new,56009189,,,Apartment,FONTANA INFINITY l Premium 2Bed l Balcony Sea View,,112000.0,,,BHD,sell,,,,,,,,,,,26.211111068725586,50.601112365722656,,,,Abdulghafar Darwish,,YES,completed,,,,https://www.propertyfinder.bh/en/plp/buy/apartment-for-sale-capital-governorate-al-juffair-56009189.html,2026-08-10T20:51:18.479280+00:00,2026-08-10T20:51:18.479280+00:00,0,2026-08-10T20:51:18.479280+00:00
2026-08-10,new,56009191,,,Villa,PRIVATE POOL | NEAR ST. CHRIS | SPACIOUS BEDROOMS,,1150.0,,,BHD,monthly,,,,,,,,,,,26.19164276123047,50.48757553100586,,,,Irina Matvievici,,PARTLY,,,,,https://www.propertyfinder.bh/en/plp/rent/villa-for-rent-northern-governorate-saar-56009191.html,2026-08-10T20:51:18.479280+00:00,2026-08-10T20:51:18.479280+00:00,0,2026-08-10T20:51:18.479280+00:00
2026-08-10,new,56009192,,,Duplex,Duplex excellently furnished sea view low floor,,330.0,,,BHD,monthly,,,,,,,,,,,26.211111068725586,50.601112365722656,,,,Abdulghafar Darwish,,YES,,,,,https://www.propertyfinder.bh/en/plp/rent/duplex-for-rent-capital-governorate-al-juffair-56009192.html,2026-08-10T20:51:18.479280+00:00,2026-08-10T20:51:18.479280+00:00,0,2026-08-10T20:51:18.479280+00:00
2026-08-10,new,56009194,,,Duplex,Full sea view 3 bedroom duplex near navy base,,700.0,,,BHD,monthly,,,,,,,,,,,26.211111068725586,50.601112365722656,,,,Abdulghafar Darwish,,YES,,,,,https://www.propertyfinder.bh/en/plp/rent/duplex-for-rent-capital-governorate-al-juffair-56009194.html,2026-08-10T20:51:18.479280+00:00,2026-08-10T20:51:18.479280+00:00,0,2026-08-10T20:51:18.479280+00:00
2026-08-10,new,56009196,,,Apartment,BELOW MARKET PRICE I LUXURY 3BR I ACCEPTS TASHEEL,,41000.0,,,BHD,sell,,,,,,,,,,,26.21263313293457,50.67418670654297,,,,Odai Ajamieh,,PARTLY,completed,,,,https://www.propertyfinder.bh/en/plp/buy/apartment-for-sale-muharraq-governorate-hidd-56009196.html,2026-08-10T20:51:18.479280+00:00,2026-08-10T20:51:18.479280+00:00,0,2026-08-10T20:51:18.479280+00:00
2026-08-10,new,56009197,,,Apartment,FULL SEA VIEW | LUXURIOUS 1BHK | NAVY APPROVED,,100000.0,,,BHD,sell,,,,,,,,,,,26.241750717163086,50.5663948059082,,,,Rolin Faouri,,YES,completed,,,,https://www.propertyfinder.bh/en/plp/buy/apartment-for-sale-capital-governorate-reef-island-56009197.html,2026-08-10T20:51:18.479280+00:00,2026-08-10T20:51:18.479280+00:00,0,2026-08-10T20:51:18.479280+00:00
2026-08-10,new,56009200,,,Apartment,SEA VIEW | MODERN 2BHK | EWA and INTERNET,,650.0,,,BHD,monthly,,,,,,,,,,,26.241750717163086,50.5663948059082,,,,Rolin Faouri,,YES,,,,,https://www.propertyfinder.bh/en/plp/rent/apartment-for-rent-capital-governorate-reef-island-56009200.html,2026-08-10T20:51:18.479280+00:00,2026-08-10T20:51:18.479280+00:00,0,2026-08-10T20:51:18.479280+00:00
2026-08-10,new,56009201,,,Apartment,RCSI | Bright & Cosy | FREE INTERNET & HOUSE KEEPI,,450.0,,,BHD,monthly,,,,,,,,,,,26.27199935913086,50.60900115966797,,,,Charisse Villaruz,,YES,,,,,https://www.propertyfinder.bh/en/plp/rent/apartment-for-rent-muharraq-governorate-busaiteen-56009201.html,2026-08-10T20:51:18.479280+00:00,2026-08-10T20:51:18.479280+00:00,0,2026-08-10T20:51:18.479280+00:00
2026-08-10,new,56009202,,,Apartment,Cozy family Ensuite 3 Bdrooms near Lulu 4 washroms,,430.0,,,BHD,monthly,,,,,,,,,,,26.211111068725586,50.601112365722656,,,,Abdulghafar Darwish,,YES,,,,,https://www.propertyfinder.bh/en/plp/rent/apartment-for-rent-capital-governorate-al-juffair-56009202.html,2026-08-10T20:51:18.479280+00:00,2026-08-10T20:51:18.479280+00:00,0,2026-08-10T20:51:18.479280+00:00
2026-08-10,new,56009210,,,Apartment,High rise 1BR apartment | Stunning Sea view | Seef,,400.0,,,BHD,monthly,,,,,,,,,,,26.239999771118164,50.5369987487793,,,,JUNAID MUNAWAR,,YES,,,,,https://www.propertyfinder.bh/en/plp/rent/apartment-for-rent-capital-governorate-seef-56009210.html,2026-08-10T20:51:18.479280+00:00,2026-08-10T20:51:18.479280+00:00,0,2026-08-10T20:51:18.479280+00:00
2026-08-10,new,56009211,,,Apartment,BRAND NEW LUXURY STUDIO | SEA VIEW | BALCONY,,500.0,,,BHD,monthly,,,,,,,,Diyar Al Muharraq,Address Marassi Vista,,26.306358337402344,50.64693069458008,,,,Zuhair Tlili,,YES,,,,,https://www.propertyfinder.bh/en/plp/rent/apartment-for-rent-muharraq-governorate-diyar-al-muharraq-address-marassi-vista-56009211.html,2026-08-10T20:51:18.479280+00:00,2026-08-10T20:51:18.479280+00:00,0,2026-08-10T20:51:18.479280+00:00
2026-08-10,new,56009212,,,Apartment,Spacious 1 bed Great price near lulu family buildn,,260.0,,,BHD,monthly,,,,,,,,,,,26.211111068725586,50.601112365722656,,,,Abdulghafar Darwish,,YES,,,,,https://www.propertyfinder.bh/en/plp/rent/apartment-for-rent-capital-governorate-al-juffair-56009212.html,2026-08-10T20:51:18.479280+00:00,2026-08-10T20:51:18.479280+00:00,0,2026-08-10T20:51:18.479280+00:00
2026-08-10,new,56009214,,,Apartment,BRAND NEW LUXURY STUDIO | SEA VIEW | BALCONY,,115000.0,,,BHD,sell,,,,,,,,Diyar Al Muharraq,Address Marassi Vista,,26.306358337402344,50.64693069458008,,,,Zuhair Tlili,,YES,completed,,,,https://www.propertyfinder.bh/en/plp/buy/apartment-for-sale-muharraq-governorate-diyar-al-muharraq-address-marassi-vista-56009214.html,2026-08-10T20:51:18.479280+00:00,2026-08-10T20:51:18.479280+00:00,0,2026-08-10T20:51:18.479280+00:00
2026-08-10,new,56009215,,,Apartment,Pocket Saver Deal Modern 1 Bedroom l City View l,,270.0,,,BHD,monthly,,,,,,,,,,,26.211111068725586,50.601112365722656,,,,Abdulghafar Darwish,,YES,,,,,https://www.propertyfinder.bh/en/plp/rent/apartment-for-rent-capital-governorate-al-juffair-56009215.html,2026-08-10T20:51:18.479280+00:00,2026-08-10T20:51:18.479280+00:00,0,2026-08-10T20:51:18.479280+00:00
2026-08-10,new,56009231,,,Apartment,NEW | MODERN | SPACIOUS AND BRIGHT | BALCONY |,,450.0,,,BHD,monthly,,,,,,,,,,,26.239999771118164,50.5369987487793,,,,Anza Khurram,,YES,,,,,https://www.propertyfinder.bh/en/plp/rent/apartment-for-rent-capital-governorate-seef-56009231.html,2026-08-10T20:51:18.479280+00:00,2026-08-10T20:51:18.479280+00:00,0,2026-08-10T20:51:18.479280+00:00
2026-08-10,new,56009236,,,Villa,FURNISHED 5BR | RESORT-STYLE FACILITIES | HOT DEAL,,750.0,,,BHD,monthly,,,,,,,,,,,26.19164276123047,50.48757553100586,,,,Yumna Awad,,YES,,,,,https://www.propertyfinder.bh/en/plp/rent/villa-for-rent-northern-governorate-saar-56009236.html,2026-08-10T20:51:18.479280+00:00,2026-08-10T20:51:18.479280+00:00,0,2026-08-10T20:51:18.479280+00:00
2026-08-10,new,56009242,,,Compound,Private Pool | Spacious | Garden | Maid rooms,,1100.0,,,BHD,monthly,,,,,,,,,,,26.19164276123047,50.48757553100586,,,,Devesh Kumar,,PARTLY,,,,,https://www.propertyfinder.bh/en/plp/rent/compound-for-rent-northern-governorate-saar-56009242.html,2026-08-10T20:51:18.479280+00:00,2026-08-10T20:51:18.479280+00:00,0,2026-08-10T20:51:18.479280+00:00
2026-08-10,new,56009243,,,Apartment,GREAT VALUE I LUXURIY 4BR I ACCEPTS TASHEEL,,58500.0,,,BHD,sell,,,,,,,,,,,26.21263313293457,50.67418670654297,,,,Odai Ajamieh,,NO,completed_primary,,,,https://www.propertyfinder.bh/en/plp/buy/apartment-for-sale-muharraq-governorate-hidd-56009243.html,2026-08-10T20:51:18.479280+00:00,2026-08-10T20:51:18.479280+00:00,0,2026-08-10T20:51:18.479280+00:00
2026-08-10,new,56009260,,,Villa,ELEGANT VILLA | SPACIOUS 4BHK | LUXURIOUS,,1100.0,,,BHD,monthly,,,,,,,,,,,26.140336990356445,50.478271484375,,,,Yumna Awad,,PARTLY,,,,,https://www.propertyfinder.bh/en/plp/rent/villa-for-rent-northern-governorate-hamala-56009260.html,2026-08-10T20:51:18.479280+00:00,2026-08-10T20:51:18.479280+00:00,0,2026-08-10T20:51:18.479280+00:00
2026-08-10,new,56009261,,,Apartment,BRAND NEW I HOT DEAL I MAJLIS + 3BR I TASHEEL,,59000.0,,,BHD,sell,,,,,,,,,,,26.21263313293457,50.67418670654297,,,,Odai Ajamieh,,NO,completed_primary,,,,https://www.propertyfinder.bh/en/plp/buy/apartment-for-sale-muharraq-governorate-hidd-56009261.html,2026-08-10T20:51:18.479280+00:00,2026-08-10T20:51:18.479280+00:00,0,2026-08-10T20:51:18.479280+00:00
2026-08-10,new,56009273,,,Apartment,Best price 2 BHK| Gas option | Parking |Lift,,260.0,,,BHD,monthly,,,,,,,,,,,26.214487075805664,50.584754943847656,,,,Nayla Tabussam,,PARTLY,,,,,https://www.propertyfinder.bh/en/plp/rent/apartment-for-rent-capital-governorate-manama-adliya-56009273.html,2026-08-10T20:51:18.479280+00:00,2026-08-10T20:51:18.479280+00:00,0,2026-08-10T20:51:18.479280+00:00
2026-08-10,new,56009274,,,Apartment,RCSI | CITY VIEW | FREE INTERNET & HOUSE KEEPING,,450.0,,,BHD,monthly,,,,,,,,,,,26.27199935913086,50.60900115966797,,,,Charisse Villaruz,,YES,,,,,https://www.propertyfinder.bh/en/plp/rent/apartment-for-rent-muharraq-governorate-busaiteen-56009274.html,2026-08-10T20:51:18.479280+00:00,2026-08-10T20:51:18.479280+00:00,0,2026-08-10T20:51:18.479280+00:00
2026-08-10,new,56009275,,,Apartment,Stunning 2BR apartment | Sea view Balcony | Reef,,1080.0,,,BHD,monthly,,,,,,,,,,,26.241750717163086,50.5663948059082,,,,JUNAID MUNAWAR,,YES,,,,,https://www.propertyfinder.bh/en/plp/rent/apartment-for-rent-capital-governorate-reef-island-56009275.html,2026-08-10T20:51:18.479280+00:00,2026-08-10T20:51:18.479280+00:00,0,2026-08-10T20:51:18.479280+00:00
2026-08-10,new,56009281,,,Apartment,LIVE in LUXURY | 3BHK+MAIDS | NAVY APPROVED,,1700.0,,,BHD,monthly,,,,,,,,,,,26.239999771118164,50.5369987487793,,,,Rolin Faouri,,YES,,,,,https://www.propertyfinder.bh/en/plp/rent/apartment-for-rent-capital-governorate-seef-56009281.html,2026-08-10T20:51:18.479280+00:00,2026-08-10T20:51:18.479280+00:00,0,2026-08-10T20:51:18.479280+00:00
2026-08-10,new,56009292,,,Apartment,HUGE SPACE | LUXURY | 3BR | TOP-QUALITY | SEA VIEW,,1400.0,,,BHD,monthly,,,,,,,,,,,26.239999771118164,50.5369987487793,,,,Rolin Faouri,,YES,,,,,https://www.propertyfinder.bh/en/plp/rent/apartment-for-rent-capital-governorate-seef-56009292.html,2026-08-10T20:51:18.479280+00:00,2026-08-10T20:51:18.479280+00:00,0,2026-08-10T20:51:18.479280+00:00
2026-08-10,new,56009293,,,Villa,Family Compound Villa | 3 Beds | Private Garden,,730.0,,,BHD,monthly,,,,,,,,,,,26.19164276123047,50.48757553100586,,,,Raheel Saeed,,PARTLY,,,,,https://www.propertyfinder.bh/en/plp/rent/villa-for-rent-northern-governorate-saar-56009293.html,2026-08-10T20:51:18.479280+00:00,2026-08-10T20:51:18.479280+00:00,0,2026-08-10T20:51:18.479280+00:00
2026-08-10,new,56009294,,,Apartment,RCSI | FULLY FURNISHED| BRIGHT & COSY,,400.0,,,BHD,monthly,,,,,,,,,,,26.27199935913086,50.60900115966797,,,,Charisse Villaruz,,YES,,,,,https://www.propertyfinder.bh/en/plp/rent/apartment-for-rent-muharraq-governorate-busaiteen-56009294.html,2026-08-10T20:51:18.479280+00:00,2026-08-10T20:51:18.479280+00:00,0,2026-08-10T20:51:18.479280+00:00
2026-08-10,new,56009304,,,Apartment,An ideal home for Teachers | Comfortable stay,,250.0,,,BHD,monthly,,,,,,,,,,,26.211111068725586,50.601112365722656,,,,Zsuzsanna Gecse,,YES,,,,,https://www.propertyfinder.bh/en/plp/rent/apartment-for-rent-capital-governorate-al-juffair-56009304.html,2026-08-10T20:51:18.479280+00:00,2026-08-10T20:51:18.479280+00:00,0,2026-08-10T20:51:18.479280+00:00
2026-08-10,new,56009305,,,Apartment,Spacious 2 Bedroom | Semi Furnished | Lift | Lobby,,240.0,,,BHD,monthly,,,,,,,,,,,26.27199935913086,50.60900115966797,,,,Saika Rukanaldin,,PARTLY,,,,,https://www.propertyfinder.bh/en/plp/rent/apartment-for-rent-muharraq-governorate-busaiteen-56009305.html,2026-08-10T20:51:18.479280+00:00,2026-08-10T20:51:18.479280+00:00,0,2026-08-10T20:51:18.479280+00:00
2026-08-10,new,56009307,,,Land,RB ZONED LAND | STRATEGIC JID ALI AREA,,332700.0,,,BHD,sell,,,,,,,,,,,26.179166793823242,50.56222152709961,,,,Rolin Faouri,,,,,,,https://www.propertyfinder.bh/en/plp/buy/land-for-sale-central-governorate-jid-ali-56009307.html,2026-08-10T20:51:18.479280+00:00,2026-08-10T20:51:18.479280+00:00,0,2026-08-10T20:51:18.479280+00:00
2026-08-10,new,56009312,,,Apartment,BALCONY | SPACIOUS 2BHK | TOP-TIER FACILITIES,,650.0,,,BHD,monthly,,,,,,,,,,,26.239999771118164,50.5369987487793,,,,Zuhair Tlili,,YES,,,,,https://www.propertyfinder.bh/en/plp/rent/apartment-for-rent-capital-governorate-seef-56009312.html,2026-08-10T20:51:18.479280+00:00,2026-08-10T20:51:18.479280+00:00,0,2026-08-10T20:51:18.479280+00:00
2026-08-10,new,56009313,,,Apartment,Luxury 1BR Duplex | Sea View | EWA Included,,450.0,,,BHD,monthly,,,,,,,,,,,26.211111068725586,50.601112365722656,,,,Raheel Saeed,,YES,,,,,https://www.propertyfinder.bh/en/plp/rent/apartment-for-rent-capital-governorate-al-juffair-56009313.html,2026-08-10T20:51:18.479280+00:00,2026-08-10T20:51:18.479280+00:00,0,2026-08-10T20:51:18.479280+00:00
2026-08-10,new,56009314,,,Apartment,Studio apartment with close kitchen|Gas option,,180.0,,,BHD,monthly,,,,,,,,,,,26.214487075805664,50.584754943847656,,,,Nayla Tabussam,,PARTLY,,,,,https://www.propertyfinder.bh/en/plp/rent/apartment-for-rent-capital-governorate-manama-adliya-56009314.html,2026-08-10T20:51:18.479280+00:00,2026-08-10T20:51:18.479280+00:00,0,2026-08-10T20:51:18.479280+00:00
2026-08-10,new,56009315,,,Apartment,4Bedroom Fully Furnished Villa for Rent in Juffair,,800.0,,,BHD,monthly,,,,,,,,,,,26.211111068725586,50.601112365722656,,,,JUNAID MUNAWAR,,YES,,,,,https://www.propertyfinder.bh/en/plp/rent/apartment-for-rent-capital-governorate-al-juffair-56009315.html,2026-08-10T20:51:18.479280+00:00,2026-08-10T20:51:18.479280+00:00,0,2026-08-10T20:51:18.479280+00:00
2026-08-10,new,56009318,,,Apartment,2 YR PAYMENT PLAN | FREE FURNITURE | LIMITED OFFER,,110000.0,,,BHD,sell,,,,,,,,Diyar Al Muharraq,,,26.303447723388672,50.6461296081543,,,,Raheel Saeed,,YES,completed,,,,https://www.propertyfinder.bh/en/plp/buy/apartment-for-sale-muharraq-governorate-diyar-al-muharraq-marassi-al-bahrain-56009318.html,2026-08-10T20:51:18.479280+00:00,2026-08-10T20:51:18.479280+00:00,0,2026-08-10T20:51:18.479280+00:00
2026-08-10,new,56009319,,,Apartment,BRAND NEW I PRIME I 4BR + MAJLIS I ACCEPTS TASHEEL,,71500.0,,,BHD,sell,,,,,,,,,,,26.21263313293457,50.67418670654297,,,,Odai Ajamieh,,PARTLY,completed_primary,,,,https://www.propertyfinder.bh/en/plp/buy/apartment-for-sale-muharraq-governorate-hidd-56009319.html,2026-08-10T20:51:18.479280+00:00,2026-08-10T20:51:18.479280+00:00,0,2026-08-10T20:51:18.479280+00:00
2026-08-10,new,56009324,,,Villa,LUXURY AND COMFORT | PRESTIGIOUS AREA | MODERN 4BR,,270000.0,,,BHD,sell,,,,,,,,Saraya 2,,,26.19185447692871,50.509178161621094,,,,Yumna Awad,,NO,completed_primary,,,,https://www.propertyfinder.bh/en/plp/buy/villa-for-sale-northern-governorate-bu-quwah-saraya-2-56009324.html,2026-08-10T20:51:18.479280+00:00,2026-08-10T20:51:18.479280+00:00,0,2026-08-10T20:51:18.479280+00:00
2026-08-10,new,56009325,,,Apartment,Luxury|Very Spacious with Balcony|Pool|Gym|Parking,,400.0,,,BHD,monthly,,,,,,,,,,,26.214487075805664,50.584754943847656,,,,Nayla Tabussam,,YES,,,,,https://www.propertyfinder.bh/en/plp/rent/apartment-for-rent-capital-governorate-manama-adliya-56009325.html,2026-08-10T20:51:18.479280+00:00,2026-08-10T20:51:18.479280+00:00,0,2026-08-10T20:51:18.479280+00:00
2026-08-10,new,56009331,,,Villa,FULLY  RENOVATED VILLA  | SAAR | LUXURY COMPOUND,,900.0,,,BHD,monthly,,,,,,,,,,,26.19164276123047,50.48757553100586,,,,Yumna Awad,,NO,,,,,https://www.propertyfinder.bh/en/plp/rent/villa-for-rent-northern-governorate-saar-56009331.html,2026-08-10T20:51:18.479280+00:00,2026-08-10T20:51:18.479280+00:00,0,2026-08-10T20:51:18.479280+00:00
2026-08-10,new,56009334,,,Office Space,BRAND NEW OFFICE | PANORAMIC CITY VIEW | 90 SQM,,600.0,,,BHD,monthly,,,,,,,,,,,26.239999771118164,50.5369987487793,,,,Rolin Faouri,,NO,,,,,https://www.propertyfinder.bh/en/plp/commercial-rent/office-space-for-rent-capital-governorate-seef-56009334.html,2026-08-10T20:51:18.479280+00:00,2026-08-10T20:51:18.479280+00:00,0,2026-08-10T20:51:18.479280+00:00
2026-08-10,new,56009336,,,Office Space,BRAND NEW OFFICE | PANORAMIC VIEW | PRIME SEEF,,450.0,,,BHD,monthly,,,,,,,,,,,26.239999771118164,50.5369987487793,,,,Rolin Faouri,,PARTLY,,,,,https://www.propertyfinder.bh/en/plp/commercial-rent/office-space-for-rent-capital-governorate-seef-56009336.html,2026-08-10T20:51:18.479280+00:00,2026-08-10T20:51:18.479280+00:00,0,2026-08-10T20:51:18.479280+00:00
2026-08-10,new,56009340,,,Villa,SPACIOUS 4BHK | PRIVATE GARDEN | GREAT FACILITIES,,800.0,,,BHD,monthly,,,,,,,,,,,26.19164276123047,50.48757553100586,,,,Irina Matvievici,,PARTLY,,,,,https://www.propertyfinder.bh/en/plp/rent/villa-for-rent-northern-governorate-saar-56009340.html,2026-08-10T20:51:18.479280+00:00,2026-08-10T20:51:18.479280+00:00,0,2026-08-10T20:51:18.479280+00:00
2026-08-10,new,56009342,,,Villa,Modern Contemporary Private 4bed Villa with pool,,1500.0,,,BHD,monthly,,,,,,,,,,,26.214487075805664,50.584754943847656,,,,Jasmine Dhakan,,PARTLY,,,,,https://www.propertyfinder.bh/en/plp/rent/villa-for-rent-capital-governorate-manama-adliya-56009342.html,2026-08-10T20:51:18.479280+00:00,2026-08-10T20:51:18.479280+00:00,0,2026-08-10T20:51:18.479280+00:00
2026-08-10,new,56009343,,,Apartment,Spacious 2BHK apartment in Adliya|Security|Balcony,,200.0,,,BHD,monthly,,,,,,,,,,,26.214487075805664,50.584754943847656,,,,Nayla Tabussam,,PARTLY,,,,,https://www.propertyfinder.bh/en/plp/rent/apartment-for-rent-capital-governorate-manama-adliya-56009343.html,2026-08-10T20:51:18.479280+00:00,2026-08-10T20:51:18.479280+00:00,0,2026-08-10T20:51:18.479280+00:00
2026-08-10,new,56009344,,,Apartment,FONTANA 1 BEDROOM | HIGH FLOOR | 5 STAR AMENITIES,,430.0,,,BHD,monthly,,,,,,,,,,,26.211111068725586,50.601112365722656,,,,Raheel Saeed,,YES,,,,,https://www.propertyfinder.bh/en/plp/rent/apartment-for-rent-capital-governorate-al-juffair-56009344.html,2026-08-10T20:51:18.479280+00:00,2026-08-10T20:51:18.479280+00:00,0,2026-08-10T20:51:18.479280+00:00
2026-08-10,new,56009347,,,Villa,"Upgraded contemporary 5bed w/jaccuzi,BD1560 incl",,1560.0,,,BHD,monthly,,,,,,,,,,,26.213165283203125,50.447471618652344,,,,Jasmine Dhakan,,PARTLY,,,,,https://www.propertyfinder.bh/en/plp/rent/villa-for-rent-northern-governorate-budaiya-56009347.html,2026-08-10T20:51:18.479280+00:00,2026-08-10T20:51:18.479280+00:00,0,2026-08-10T20:51:18.479280+00:00
2026-08-10,new,56009349,,,Apartment,CONVINIENT 2BHD | OPEN KITCHEN | NEAR ST. CHRIS,,350.0,,,BHD,monthly,,,,,,,,,,,26.19164276123047,50.48757553100586,,,,Irina Matvievici,,PARTLY,,,,,https://www.propertyfinder.bh/en/plp/rent/apartment-for-rent-northern-governorate-saar-56009349.html,2026-08-10T20:51:18.479280+00:00,2026-08-10T20:51:18.479280+00:00,0,2026-08-10T20:51:18.479280+00:00
2026-08-10,new,56009351,,,Apartment,2 BHK Fully Renovatd | Sea View |  Discounted Rent,,400.0,,,BHD,monthly,,,,,,,,,,,26.211111068725586,50.601112365722656,,,,JUNAID MUNAWAR,,YES,,,,,https://www.propertyfinder.bh/en/plp/rent/apartment-for-rent-capital-governorate-al-juffair-56009351.html,2026-08-10T20:51:18.479280+00:00,2026-08-10T20:51:18.479280+00:00,0,2026-08-10T20:51:18.479280+00:00
2026-08-10,new,56009352,,,Villa,Superb Priced 4br villa pvt pool-comp-BD850!,,850.0,,,BHD,monthly,,,,,,,,,,,26.213165283203125,50.447471618652344,,,,Jasmine Dhakan,,PARTLY,,,,,https://www.propertyfinder.bh/en/plp/rent/villa-for-rent-northern-governorate-budaiya-56009352.html,2026-08-10T20:51:18.479280+00:00,2026-08-10T20:51:18.479280+00:00,0,2026-08-10T20:51:18.479280+00:00
2026-08-10,new,56009354,,,Villa,Lovely 3bed 1storey home with garden BD900incl,,900.0,,,BHD,monthly,,,,,,,,,,,26.213165283203125,50.447471618652344,,,,Jasmine Dhakan,,YES,,,,,https://www.propertyfinder.bh/en/plp/rent/villa-for-rent-northern-governorate-budaiya-56009354.html,2026-08-10T20:51:18.479280+00:00,2026-08-10T20:51:18.479280+00:00,0,2026-08-10T20:51:18.479280+00:00
2026-08-10,new,56009355,,,Villa,4 Story Beachfront Villa | Garden | Maid Room,,1700.0,,,BHD,monthly,,,,,,,,Amwaj Avenue,,,26.29302978515625,50.66474151611328,,,,Sadik Ali,,YES,,,,,https://www.propertyfinder.bh/en/plp/rent/villa-for-rent-muharraq-governorate-amwaj-islands-amwaj-avenue-56009355.html,2026-08-10T20:51:18.479280+00:00,2026-08-10T20:51:18.479280+00:00,0,2026-08-10T20:51:18.479280+00:00
2026-08-10,new,56009357,,,Villa,Lovely 4bed villa in a beautiful green compound,,1600.0,,,BHD,monthly,,,,,,,,,,,26.166685104370117,50.45078659057617,,,,Jasmine Dhakan,,PARTLY,,,,,https://www.propertyfinder.bh/en/plp/rent/villa-for-rent-northern-governorate-al-jasra-56009357.html,2026-08-10T20:51:18.479280+00:00,2026-08-10T20:51:18.479280+00:00,0,2026-08-10T20:51:18.479280+00:00
2026-08-10,new,56009360,,,Apartment,MODERN 1 BEDROOM | HIGH FLOOR | AMENITIES,,450.0,,,BHD,monthly,,,,,,,,,,,26.239999771118164,50.5369987487793,,,,Raheel Saeed,,YES,,,,,https://www.propertyfinder.bh/en/plp/rent/apartment-for-rent-capital-governorate-seef-56009360.html,2026-08-10T20:51:18.479280+00:00,2026-08-10T20:51:18.479280+00:00,0,2026-08-10T20:51:18.479280+00:00
2026-08-10,new,56009362,,,Villa,FAMILY COMPOUND | AFFORDABLE 4BHK | near BSB,,900.0,,,BHD,monthly,,,,,,,,,,,26.185943603515625,50.46711349487305,,,,Irina Matvievici,,PARTLY,,,,,https://www.propertyfinder.bh/en/plp/rent/villa-for-rent-northern-governorate-janabiya-56009362.html,2026-08-10T20:51:18.479280+00:00,2026-08-10T20:51:18.479280+00:00,0,2026-08-10T20:51:18.479280+00:00
2026-08-10,new,56009368,,,Apartment,Spacious 2 BHK apartment| Gym and Pool| inclusive,,325.0,,,BHD,monthly,,,,,,,,,,,26.214487075805664,50.584754943847656,,,,Nayla Tabussam,,YES,,,,,https://www.propertyfinder.bh/en/plp/rent/apartment-for-rent-capital-governorate-manama-adliya-56009368.html,2026-08-10T20:51:18.479280+00:00,2026-08-10T20:51:18.479280+00:00,0,2026-08-10T20:51:18.479280+00:00
2026-08-10,new,56009379,,,Apartment,Studio for rent in Busaiteen,,265.0,,,BHD,monthly,,,,,,,,,,,26.27199935913086,50.60900115966797,,,,AL LAGOON REAL ESTATE,,YES,,,,,https://www.propertyfinder.bh/en/plp/rent/apartment-for-rent-muharraq-governorate-busaiteen-56009379.html,2026-08-10T20:51:18.479280+00:00,2026-08-10T20:51:18.479280+00:00,0,2026-08-10T20:51:18.479280+00:00
2026-08-10,new,56009381,,,Villa,Manama-Spacious 4bed villa with superb facilities,,1300.0,,,BHD,monthly,,,,,,,,,,,26.203079223632812,50.594947814941406,,,,Jasmine Dhakan,,PARTLY,,,,,https://www.propertyfinder.bh/en/plp/rent/villa-for-rent-capital-governorate-manama-um-al-hasam-56009381.html,2026-08-10T20:51:18.479280+00:00,2026-08-10T20:51:18.479280+00:00,0,2026-08-10T20:51:18.479280+00:00
2026-08-10,new,56009390,,,Villa,Private Luxury 4br villa in compound 1400BD,,1400.0,,,BHD,monthly,,,,,,,,,,,26.203079223632812,50.594947814941406,,,,Jasmine Dhakan,,PARTLY,,,,,https://www.propertyfinder.bh/en/plp/rent/villa-for-rent-capital-governorate-manama-um-al-hasam-56009390.html,2026-08-10T20:51:18.479280+00:00,2026-08-10T20:51:18.479280+00:00,0,2026-08-10T20:51:18.479280+00:00
2026-08-10,new,56009391,,,Apartment,LUXURY MODERN DESIGN | HIGH FLOOR | PRIME LOCATION,,135000.0,,,BHD,sell,,,,,,,,Water Garden City,,,26.24260139465332,50.55380630493164,,,,Raheel Saeed,,YES,completed,,,,https://www.propertyfinder.bh/en/plp/buy/apartment-for-sale-capital-governorate-manama-water-garden-city-56009391.html,2026-08-10T20:51:18.479280+00:00,2026-08-10T20:51:18.479280+00:00,0,2026-08-10T20:51:18.479280+00:00
2026-08-10,new,56009398,,,Villa,An 4bed villa in amazing family oriented compound,,775.0,,,BHD,monthly,,,,,,,,,,,26.213165283203125,50.447471618652344,,,,Jasmine Dhakan,,PARTLY,,,,,https://www.propertyfinder.bh/en/plp/rent/villa-for-rent-northern-governorate-budaiya-56009398.html,2026-08-10T20:51:18.479280+00:00,2026-08-10T20:51:18.479280+00:00,0,2026-08-10T20:51:18.479280+00:00
2026-08-10,new,56009400,,,Apartment,LUXURY 1 BED | 5 STAR AMENITIES | SEA VIEW | WIFI,,500.0,,,BHD,monthly,,,,,,,,Water Garden City,,,26.24260139465332,50.55380630493164,,,,Raheel Saeed,,YES,,,,,https://www.propertyfinder.bh/en/plp/rent/apartment-for-rent-capital-governorate-manama-water-garden-city-56009400.html,2026-08-10T20:51:18.479280+00:00,2026-08-10T20:51:18.479280+00:00,0,2026-08-10T20:51:18.479280+00:00
2026-08-10,new,56009401,,,Villa,Directly Beach access-view Furnish Duplex 3bed,,1800.0,,,BHD,monthly,,,,,,,,Amwaj Avenue,,,26.29302978515625,50.66474151611328,,,,Jasmine Dhakan,,YES,,,,,https://www.propertyfinder.bh/en/plp/rent/villa-for-rent-muharraq-governorate-amwaj-islands-amwaj-avenue-56009401.html,2026-08-10T20:51:18.479280+00:00,2026-08-10T20:51:18.479280+00:00,0,2026-08-10T20:51:18.479280+00:00
2026-08-10,new,56009405,,,Villa,"Large comp, lovely renovated 4bed villa pvt pool",,1300.0,,,BHD,monthly,,,,,,,,,,,26.213165283203125,50.447471618652344,,,,Jasmine Dhakan,,PARTLY,,,,,https://www.propertyfinder.bh/en/plp/rent/villa-for-rent-northern-governorate-budaiya-56009405.html,2026-08-10T20:51:18.479280+00:00,2026-08-10T20:51:18.479280+00:00,0,2026-08-10T20:51:18.479280+00:00
2026-08-10,new,56009406,,,Apartment,STUDIO | AMENITIES | BALCONY | BEACH ACCESS,,320.0,,,BHD,monthly,,,,,,,,Water Garden City,,,26.24260139465332,50.55380630493164,,,,Raheel Saeed,,YES,,,,,https://www.propertyfinder.bh/en/plp/rent/apartment-for-rent-capital-governorate-manama-water-garden-city-56009406.html,2026-08-10T20:51:18.479280+00:00,2026-08-10T20:51:18.479280+00:00,0,2026-08-10T20:51:18.479280+00:00
2026-08-10,new,56009408,,,Villa,"Large comp, one storey 4bed villa large pvt garden",,1200.0,,,BHD,monthly,,,,,,,,,,,26.213165283203125,50.447471618652344,,,,Jasmine Dhakan,,PARTLY,,,,,https://www.propertyfinder.bh/en/plp/rent/villa-for-rent-northern-governorate-budaiya-56009408.html,2026-08-10T20:51:18.479280+00:00,2026-08-10T20:51:18.479280+00:00,0,2026-08-10T20:51:18.479280+00:00
2026-08-10,new,56009409,,,Apartment,LOWER FLOOR |LUXURY| BALCONY | SEA VIEW,,520.0,,,BHD,monthly,,,,,,,,,,,26.249584197998047,50.580360412597656,,,,Ismail Abdullah,,YES,,,,,https://www.propertyfinder.bh/en/plp/rent/apartment-for-rent-capital-governorate-bahrain-bay-56009409.html,2026-08-10T20:51:18.479280+00:00,2026-08-10T20:51:18.479280+00:00,0,2026-08-10T20:51:18.479280+00:00
2026-08-10,new,56009410,,,Apartment,LUXURY I FF BRIGHT 2BR I GYM I EASY ACCESS,,53000.0,,,BHD,sell,,,,,,,,,,,26.21263313293457,50.67418670654297,,,,Odai Ajamieh,,YES,completed,,,,https://www.propertyfinder.bh/en/plp/buy/apartment-for-sale-muharraq-governorate-hidd-56009410.html,2026-08-10T20:51:18.479280+00:00,2026-08-10T20:51:18.479280+00:00,0,2026-08-10T20:51:18.479280+00:00
2026-08-10,new,56009412,,,Apartment,Luxury Fully Furnished Studio in Prime Seef,,320.0,,,BHD,monthly,,,,,,,,,,,26.239999771118164,50.5369987487793,,,,Ahmed Zekrait,,YES,,,,,https://www.propertyfinder.bh/en/plp/rent/apartment-for-rent-capital-governorate-seef-56009412.html,2026-08-10T20:51:18.479280+00:00,2026-08-10T20:51:18.479280+00:00,0,2026-08-10T20:51:18.479280+00:00
2026-08-10,new,56009413,,,Apartment,Luxury 2-BHK | Pool Gym Lobby | Lift | Maintenance,,350.0,,,BHD,monthly,,,,,,,,Amwaj Avenue,,,26.29302978515625,50.66474151611328,,,,Abid Siddique,,YES,,,,,https://www.propertyfinder.bh/en/plp/rent/apartment-for-rent-muharraq-governorate-amwaj-islands-amwaj-avenue-56009413.html,2026-08-10T20:51:18.479280+00:00,2026-08-10T20:51:18.479280+00:00,0,2026-08-10T20:51:18.479280+00:00
2026-08-10,new,56009415,,,Apartment,Luxury Fully Furnished Studio for Sale in Seef,,44000.0,,,BHD,sell,,,,,,,,,,,26.239999771118164,50.5369987487793,,,,Ahmed Zekrait,,YES,completed,,,,https://www.propertyfinder.bh/en/plp/buy/apartment-for-sale-capital-governorate-seef-56009415.html,2026-08-10T20:51:18.479280+00:00,2026-08-10T20:51:18.479280+00:00,0,2026-08-10T20:51:18.479280+00:00
2026-08-10,new,56009417,,,Apartment,Luxury 3BR | Balcony Pool Gym Lobby | Lift | WiFi,,700.0,,,BHD,monthly,,,,,,,,Amwaj Avenue,,,26.29302978515625,50.66474151611328,,,,Abid Siddique,,YES,,,,,https://www.propertyfinder.bh/en/plp/rent/apartment-for-rent-muharraq-governorate-amwaj-islands-amwaj-avenue-56009417.html,2026-08-10T20:51:18.479280+00:00,2026-08-10T20:51:18.479280+00:00,0,2026-08-10T20:51:18.479280+00:00
2026-08-10,new,56009428,,,Apartment,1 Bedroom | Balcony Gym Pool | Lobby | Lift | WiFi,,300.0,,,BHD,monthly,,,,,,,,Amwaj Avenue,,,26.29302978515625,50.66474151611328,,,,Abid Siddique,,YES,,,,,https://www.propertyfinder.bh/en/plp/rent/apartment-for-rent-muharraq-governorate-amwaj-islands-amwaj-avenue-56009428.html,2026-08-10T20:51:18.479280+00:00,2026-08-10T20:51:18.479280+00:00,0,2026-08-10T20:51:18.479280+00:00
2026-08-10,new,56009453,,,Warehouse,Workshop | Warehouse | 2 Entrance | High Power,,1200.0,,,BHD,monthly,,,,,,,,,,,26.183332443237305,50.516666412353516,,,,Hasan ABDULELAH ABDULHUSAIN Ahmed,,YES,,,,,https://www.propertyfinder.bh/en/plp/commercial-rent/warehouse-for-rent-central-governorate-salmabad-56009453.html,2026-08-10T20:51:18.479280+00:00,2026-08-10T20:51:18.479280+00:00,0,2026-08-10T20:51:18.479280+00:00
2026-08-10,new,56009455,,,Apartment,Luxury 2BR | Balcony | Gym | Pool | Lobby | Lift,,350.0,,,BHD,monthly,,,,,,,,Amwaj Avenue,,,26.29302978515625,50.66474151611328,,,,Abid Siddique,,YES,,,,,https://www.propertyfinder.bh/en/plp/rent/apartment-for-rent-muharraq-governorate-amwaj-islands-amwaj-avenue-56009455.html,2026-08-10T20:51:18.479280+00:00,2026-08-10T20:51:18.479280+00:00,0,2026-08-10T20:51:18.479280+00:00
2026-08-10,new,56009458,,,Whole Building,Workshop | Warehouse | 2 Entrance | High Power,,1200.0,,,BHD,monthly,,,,,,,,,,,26.183332443237305,50.516666412353516,,,,Hasan ABDULELAH ABDULHUSAIN Ahmed,,YES,,,,,https://www.propertyfinder.bh/en/plp/commercial-rent/whole-building-for-rent-central-governorate-salmabad-56009458.html,2026-08-10T20:51:18.479280+00:00,2026-08-10T20:51:18.479280+00:00,0,2026-08-10T20:51:18.479280+00:00
2026-08-10,new,56009461,,,Apartment,BRAND NEW I WITH AC 3BR + MAJLIS I ACCEPTS TASHEEL,,64000.0,,,BHD,sell,,,,,,,,,,,26.21263313293457,50.67418670654297,,,,Odai Ajamieh,,PARTLY,completed_primary,,,,https://www.propertyfinder.bh/en/plp/buy/apartment-for-sale-muharraq-governorate-hidd-56009461.html,2026-08-10T20:51:18.479280+00:00,2026-08-10T20:51:18.479280+00:00,0,2026-08-10T20:51:18.479280+00:00
2026-08-10,new,56009468,,,Land,Land for sale in Saar,,170000.0,,,BHD,sell,,,,,,,,,,,26.19164276123047,50.48757553100586,,,,Aileen Camarillo,,,,,,,https://www.propertyfinder.bh/en/plp/commercial-buy/land-for-sale-northern-governorate-saar-56009468.html,2026-08-10T20:51:18.479280+00:00,2026-08-10T20:51:18.479280+00:00,0,2026-08-10T20:51:18.479280+00:00
2026-08-10,new,56009474,,,Villa,BRAND NEW CONTEMPORARY STYLE COMPUND VILLA,,2400.0,,,BHD,monthly,,,,,,,,,,,26.140336990356445,50.478271484375,,,,Ponmony Remesh,,PARTLY,,,,,https://www.propertyfinder.bh/en/plp/rent/villa-for-rent-northern-governorate-hamala-56009474.html,2026-08-10T20:51:18.479280+00:00,2026-08-10T20:51:18.479280+00:00,0,2026-08-10T20:51:18.479280+00:00
2026-08-10,new,56009477,,,Apartment,BRAND NEW I FREEHOLD 3BR + MAJLIS I TASHEEL,,62500.0,,,BHD,sell,,,,,,,,,,,26.21263313293457,50.67418670654297,,,,Odai Ajamieh,,NO,completed_primary,,,,https://www.propertyfinder.bh/en/plp/buy/apartment-for-sale-muharraq-governorate-hidd-56009477.html,2026-08-10T20:51:18.479280+00:00,2026-08-10T20:51:18.479280+00:00,0,2026-08-10T20:51:18.479280+00:00
2026-08-10,new,56009479,,,Villa,3 BEDROOM VILLA FOR RENT II PRIME LOCATION II EWA,,700.0,,,BHD,monthly,,,,,,,,,,,26.239999771118164,50.5369987487793,,,,Sheraz Butt,,PARTLY,,,,,https://www.propertyfinder.bh/en/plp/rent/villa-for-rent-capital-governorate-seef-56009479.html,2026-08-10T20:51:18.479280+00:00,2026-08-10T20:51:18.479280+00:00,0,2026-08-10T20:51:18.479280+00:00
2026-08-10,new,56009480,,,Apartment,Freehold - Brand New - Majlis - 2Hall - 4 bedrooms,,72000.0,,,BHD,sell,,,,,,,,,,,26.21263313293457,50.67418670654297,,,,Odai Ajamieh,,NO,completed_primary,,,,https://www.propertyfinder.bh/en/plp/buy/apartment-for-sale-muharraq-governorate-hidd-56009480.html,2026-08-10T20:51:18.479280+00:00,2026-08-10T20:51:18.479280+00:00,0,2026-08-10T20:51:18.479280+00:00
2026-08-10,new,56009481,,,Apartment,BUDGET FRIENDLY II ONE BEDROOM APARTMENT II TUBLI,,180.0,,,BHD,monthly,,,,,,,,,,,26.188888549804688,50.54999923706055,,,,Sheraz Butt,,PARTLY,,,,,https://www.propertyfinder.bh/en/plp/rent/apartment-for-rent-central-governorate-tubli-56009481.html,2026-08-10T20:51:18.479280+00:00,2026-08-10T20:51:18.479280+00:00,0,2026-08-10T20:51:18.479280+00:00
2026-08-10,new,56009487,,,Villa,SPACIOUS AND BRIGHT II PRIME LOCATION STANDALONE,,600.0,,,BHD,monthly,,,,,,,,,,,26.168216705322266,50.57180404663086,,,,Sheraz Butt,,PARTLY,,,,,https://www.propertyfinder.bh/en/plp/rent/villa-for-rent-central-governorate-jurdab-981176.html,2026-08-10T20:51:18.479280+00:00,2026-08-10T20:51:18.479280+00:00,0,2026-08-10T20:51:18.479280+00:00
2026-08-10,new,56009491,,,Apartment,Spacious Sea view 2 bedroom with closed kitchen,,350.0,,,BHD,monthly,,,,,,,,,,,26.211111068725586,50.601112365722656,,,,Abdulghafar Darwish,,YES,,,,,https://www.propertyfinder.bh/en/plp/rent/apartment-for-rent-capital-governorate-al-juffair-56009491.html,2026-08-10T20:51:18.479280+00:00,2026-08-10T20:51:18.479280+00:00,0,2026-08-10T20:51:18.479280+00:00
2026-08-10,new,56009496,,,Villa,Modern | Split AC | Closed Kitchen | Laundry Room,,750.0,,,BHD,monthly,,,,,,,,,,,26.166685104370117,50.45078659057617,,,,Aileen Camarillo,,YES,,,,,https://www.propertyfinder.bh/en/plp/rent/villa-for-rent-northern-governorate-al-jasra-56009496.html,2026-08-10T20:51:18.479280+00:00,2026-08-10T20:51:18.479280+00:00,0,2026-08-10T20:51:18.479280+00:00
2026-08-10,new,56009498,,,Apartment,Spacious. Brighter. Closed kitchen. Wi-Fi.  FU.,,380.0,,,BHD,monthly,,,,,,,,,,,26.27199935913086,50.60900115966797,,,,Nayla Tabussam,,YES,,,,,https://www.propertyfinder.bh/en/plp/rent/apartment-for-rent-muharraq-governorate-busaiteen-56009498.html,2026-08-10T20:51:18.479280+00:00,2026-08-10T20:51:18.479280+00:00,0,2026-08-10T20:51:18.479280+00:00
2026-08-10,new,56009499,,,Villa,HOT DEAL | 3BR | PRIVATE GARDEN | FREE BOAT SPACE,,900.0,,,BHD,monthly,,,,,,,,Al Marsa Floating City,,,26.2847957611084,50.669620513916016,,,,Fadi Eweida,,YES,,,,,https://www.propertyfinder.bh/en/plp/rent/villa-for-rent-muharraq-governorate-amwaj-islands-al-marsa-floating-city-56009499.html,2026-08-10T20:51:18.479280+00:00,2026-08-10T20:51:18.479280+00:00,0,2026-08-10T20:51:18.479280+00:00
2026-08-10,new,56009501,,,Apartment,SERENE FAMILY HOME | ELEGANT DESIGN | ARTESTIC,,500.0,,,BHD,monthly,,,,,,,,Amwaj Avenue,,,26.29302978515625,50.66474151611328,,,,Fadi Eweida,,YES,,,,,https://www.propertyfinder.bh/en/plp/rent/apartment-for-rent-muharraq-governorate-amwaj-islands-amwaj-avenue-56009501.html,2026-08-10T20:51:18.479280+00:00,2026-08-10T20:51:18.479280+00:00,0,2026-08-10T20:51:18.479280+00:00
2026-08-10,new,56009503,,,Apartment,RENOVATED | BALCONY SPACIOUS WITH OFFICE ROOM,,430.0,,,BHD,monthly,,,,,,,,Amwaj Marina,,,26.293058395385742,50.65943908691406,,,,Fadi Eweida,,YES,,,,,https://www.propertyfinder.bh/en/plp/rent/apartment-for-rent-muharraq-governorate-amwaj-islands-amwaj-marina-56009503.html,2026-08-10T20:51:18.479280+00:00,2026-08-10T20:51:18.479280+00:00,0,2026-08-10T20:51:18.479280+00:00
2026-08-10,new,56009504,,,Apartment,Premium 2-Bedroom Apartment for Rent in Fontana,,850.0,,,BHD,monthly,,,,,,,,,,,26.211111068725586,50.601112365722656,,,,Abbas  Altaraifi,,YES,,,,,https://www.propertyfinder.bh/en/plp/rent/apartment-for-rent-capital-governorate-al-juffair-56009504.html,2026-08-10T20:51:18.479280+00:00,2026-08-10T20:51:18.479280+00:00,0,2026-08-10T20:51:18.479280+00:00
2026-08-10,new,56009506,,,Apartment,Budget Friendly. Spacious. Close Kitchen. WiFi. FU,,350.0,,,BHD,monthly,,,,,,,,,,,26.27199935913086,50.60900115966797,,,,Nayla Tabussam,,YES,,,,,https://www.propertyfinder.bh/en/plp/rent/apartment-for-rent-muharraq-governorate-busaiteen-56009506.html,2026-08-10T20:51:18.479280+00:00,2026-08-10T20:51:18.479280+00:00,0,2026-08-10T20:51:18.479280+00:00
2026-08-10,new,56009512,,,Land,Light Industrial Land - Hot Deal,,280000.0,,,BHD,sell,,,,,,,,,,,26.188888549804688,50.54999923706055,,,,Sonali Fernandes,,,,,,,https://www.propertyfinder.bh/en/plp/commercial-buy/land-for-sale-central-governorate-tubli-56009512.html,2026-08-10T20:51:18.479280+00:00,2026-08-10T20:51:18.479280+00:00,0,2026-08-10T20:51:18.479280+00:00
2026-08-10,new,56009513,,,Apartment,Fontana 1 bed vibrant/balcony overlooking sea view,,65000.0,,,BHD,sell,,,,,,,,,,,26.211111068725586,50.601112365722656,,,,Abdulghafar Darwish,,YES,completed,,,,https://www.propertyfinder.bh/en/plp/buy/apartment-for-sale-capital-governorate-al-juffair-56009513.html,2026-08-10T20:51:18.479280+00:00,2026-08-10T20:51:18.479280+00:00,0,2026-08-10T20:51:18.479280+00:00
2026-08-10,new,56009514,,,Apartment,Luxury. Spacious. Bright. Amenities. Near RCSI. FU,,450.0,,,BHD,monthly,,,,,,,,,,,26.27199935913086,50.60900115966797,,,,Nayla Tabussam,,YES,,,,,https://www.propertyfinder.bh/en/plp/rent/apartment-for-rent-muharraq-governorate-busaiteen-56009514.html,2026-08-10T20:51:18.479280+00:00,2026-08-10T20:51:18.479280+00:00,0,2026-08-10T20:51:18.479280+00:00
2026-08-10,new,56009517,,,Apartment,BIG SIZE RAVISHING 1 BED NEAR HIGHWAY EASY ACCESS,,270.0,,,BHD,monthly,,,,,,,,,,,26.211111068725586,50.601112365722656,,,,Abdulghafar Darwish,,YES,,,,,https://www.propertyfinder.bh/en/plp/rent/apartment-for-rent-capital-governorate-al-juffair-56009517.html,2026-08-10T20:51:18.479280+00:00,2026-08-10T20:51:18.479280+00:00,0,2026-08-10T20:51:18.479280+00:00
2026-08-10,new,56009518,,,Land,Light Industrial Land - Prime Location,,379000.0,,,BHD,sell,,,,,,,,,,,26.188888549804688,50.54999923706055,,,,Sonali Fernandes,,,,,,,https://www.propertyfinder.bh/en/plp/commercial-buy/land-for-sale-central-governorate-tubli-56009518.html,2026-08-10T20:51:18.479280+00:00,2026-08-10T20:51:18.479280+00:00,0,2026-08-10T20:51:18.479280+00:00
2026-08-10,new,56009521,,,Compound,Pet Friendly | Private Garden | Closed Kitchen |,,750.0,,,BHD,monthly,,,,,,,,,,,26.19164276123047,50.48757553100586,,,,Aileen Camarillo,,PARTLY,,,,,https://www.propertyfinder.bh/en/plp/rent/compound-for-rent-northern-governorate-saar-56009521.html,2026-08-10T20:51:18.479280+00:00,2026-08-10T20:51:18.479280+00:00,0,2026-08-10T20:51:18.479280+00:00
2026-08-10,new,56009522,,,Apartment,Fontana sea view with housekeeping great facility,,279.0,,,BHD,monthly,,,,,,,,,,,26.211111068725586,50.601112365722656,,,,Abdulghafar Darwish,,YES,,,,,https://www.propertyfinder.bh/en/plp/rent/apartment-for-rent-capital-governorate-al-juffair-56009522.html,2026-08-10T20:51:18.479280+00:00,2026-08-10T20:51:18.479280+00:00,0,2026-08-10T20:51:18.479280+00:00
2026-08-10,new,56009525,,,Apartment,Great deal on studio with partition close to lulu,,225.0,,,BHD,monthly,,,,,,,,,,,26.211111068725586,50.601112365722656,,,,Abdulghafar Darwish,,YES,,,,,https://www.propertyfinder.bh/en/plp/rent/apartment-for-rent-capital-governorate-al-juffair-56009525.html,2026-08-10T20:51:18.479280+00:00,2026-08-10T20:51:18.479280+00:00,0,2026-08-10T20:51:18.479280+00:00
2026-08-10,new,56009527,,,Apartment,Seef Ave premium 1 bed great price ready to shift,,420.0,,,BHD,monthly,,,,,,,,,,,26.239999771118164,50.5369987487793,,,,Abdulghafar Darwish,,YES,,,,,https://www.propertyfinder.bh/en/plp/rent/apartment-for-rent-capital-governorate-seef-56009527.html,2026-08-10T20:51:18.479280+00:00,2026-08-10T20:51:18.479280+00:00,0,2026-08-10T20:51:18.479280+00:00
2026-08-10,new,56009528,,,Apartment,Luxury Fully Furnished 2 Bedroom Flat For Rent,,350.0,,,BHD,monthly,,,,,,,,,,,26.211111068725586,50.601112365722656,,,,JUNAID MUNAWAR,,YES,,,,,https://www.propertyfinder.bh/en/plp/rent/apartment-for-rent-capital-governorate-al-juffair-56009528.html,2026-08-10T20:51:18.479280+00:00,2026-08-10T20:51:18.479280+00:00,0,2026-08-10T20:51:18.479280+00:00
2026-08-10,new,56009530,,,Apartment,SEEF AVENUES l Premium 1 Bed l Sea View l Balconyl,,72000.0,,,BHD,sell,,,,,,,,,,,26.239999771118164,50.5369987487793,,,,Abdulghafar Darwish,,YES,completed,,,,https://www.propertyfinder.bh/en/plp/buy/apartment-for-sale-capital-governorate-seef-56009530.html,2026-08-10T20:51:18.479280+00:00,2026-08-10T20:51:18.479280+00:00,0,2026-08-10T20:51:18.479280+00:00
2026-08-10,new,56009553,,,Apartment,BRAND NEW | DIRECT ACCESS TO MALL | BEACH ACCESS,,600.0,,,BHD,monthly,,,,,,,,Diyar Al Muharraq,,,26.303447723388672,50.6461296081543,,,,Wilfred Pagalan,,YES,,,,,https://www.propertyfinder.bh/en/plp/rent/apartment-for-rent-muharraq-governorate-diyar-al-muharraq-marassi-al-bahrain-56009553.html,2026-08-10T20:51:18.479280+00:00,2026-08-10T20:51:18.479280+00:00,0,2026-08-10T20:51:18.479280+00:00
2026-08-10,new,56009555,,,Apartment,BRAND NEW | HIGH FLOOR | FREEHOLD | ACCESS TO MALL,,140000.0,,,BHD,sell,,,,,,,,Diyar Al Muharraq,,,26.303447723388672,50.6461296081543,,,,Hedia Al Sebaie,,YES,completed,,,,https://www.propertyfinder.bh/en/plp/buy/apartment-for-sale-muharraq-governorate-diyar-al-muharraq-marassi-al-bahrain-56009555.html,2026-08-10T20:51:18.479280+00:00,2026-08-10T20:51:18.479280+00:00,0,2026-08-10T20:51:18.479280+00:00
2026-08-10,new,56009567,,,Apartment,RENTED | FREEHOLD | JUFFAIR | GREAT PRICE,,60000.0,,,BHD,sell,,,,,,,,,,,26.211111068725586,50.601112365722656,,,,Hedia Al Sebaie,,YES,completed,,,,https://www.propertyfinder.bh/en/plp/buy/apartment-for-sale-capital-governorate-al-juffair-56009567.html,2026-08-10T20:51:18.479280+00:00,2026-08-10T20:51:18.479280+00:00,0,2026-08-10T20:51:18.479280+00:00
2026-08-10,new,56009569,,,Apartment,FULL SEA VIEWS | BRAND NEW FINISHES | 400BD ONLY,,400.0,,,BHD,monthly,,,,,,,,Amwaj Avenue,,,26.29302978515625,50.66474151611328,,,,Muhammad Sachal Khan Niazi,,YES,,,,,https://www.propertyfinder.bh/en/plp/rent/apartment-for-rent-muharraq-governorate-amwaj-islands-amwaj-avenue-56009569.html,2026-08-10T20:51:18.479280+00:00,2026-08-10T20:51:18.479280+00:00,0,2026-08-10T20:51:18.479280+00:00
2026-08-10,new,56009570,,,Apartment,Pets Allowed | 2 Balconies | Housekeeping | Bright,,550.0,,,BHD,monthly,,,,,,,,,,,26.211111068725586,50.601112365722656,,,,Aileen Camarillo,,YES,,,,,https://www.propertyfinder.bh/en/plp/rent/apartment-for-rent-capital-governorate-al-juffair-56009570.html,2026-08-10T20:51:18.479280+00:00,2026-08-10T20:51:18.479280+00:00,0,2026-08-10T20:51:18.479280+00:00
2026-08-10,new,56009571,,,Apartment,Housekeeping | Balcony | Spacious | Store Room |,,600.0,,,BHD,monthly,,,,,,,,,,,26.211111068725586,50.601112365722656,,,,Aileen Camarillo,,YES,,,,,https://www.propertyfinder.bh/en/plp/rent/apartment-for-rent-capital-governorate-al-juffair-56009571.html,2026-08-10T20:51:18.479280+00:00,2026-08-10T20:51:18.479280+00:00,0,2026-08-10T20:51:18.479280+00:00
2026-08-10,new,56009572,,,Apartment,Big Balcony | Store Room | Spacious | Bright |,,580.0,,,BHD,monthly,,,,,,,,,,,26.211111068725586,50.601112365722656,,,,Aileen Camarillo,,YES,,,,,https://www.propertyfinder.bh/en/plp/rent/apartment-for-rent-capital-governorate-al-juffair-56009572.html,2026-08-10T20:51:18.479280+00:00,2026-08-10T20:51:18.479280+00:00,0,2026-08-10T20:51:18.479280+00:00
2026-08-10,new,56009574,,,Apartment,Balcony | Spacious | Navy Approved | Guest Toilet,,320.0,,,BHD,monthly,,,,,,,,,,,26.211111068725586,50.601112365722656,,,,Aileen Camarillo,,YES,,,,,https://www.propertyfinder.bh/en/plp/rent/apartment-for-rent-capital-governorate-al-juffair-56009574.html,2026-08-10T20:51:18.479280+00:00,2026-08-10T20:51:18.479280+00:00,0,2026-08-10T20:51:18.479280+00:00
2026-08-10,new,56009575,,,Apartment,REDUCED PRICE | New Furniture | Renovated | Bright,,450.0,,,BHD,monthly,,,,,,,,,,,26.211111068725586,50.601112365722656,,,,Aileen Camarillo,,YES,,,,,https://www.propertyfinder.bh/en/plp/rent/apartment-for-rent-capital-governorate-al-juffair-56009575.html,2026-08-10T20:51:18.479280+00:00,2026-08-10T20:51:18.479280+00:00,0,2026-08-10T20:51:18.479280+00:00
2026-08-10,new,56009576,,,Apartment,Modern Interior | Balcony | Navy Approved | Bright,,575.0,,,BHD,monthly,,,,,,,,,,,26.211111068725586,50.601112365722656,,,,Aileen Camarillo,,YES,,,,,https://www.propertyfinder.bh/en/plp/rent/apartment-for-rent-capital-governorate-al-juffair-56009576.html,2026-08-10T20:51:18.479280+00:00,2026-08-10T20:51:18.479280+00:00,0,2026-08-10T20:51:18.479280+00:00
2026-08-10,new,56009577,,,Apartment,3 Balcony | Modern | Multi Purpose Hall | Bright |,,425.0,,,BHD,monthly,,,,,,,,,,,26.211111068725586,50.601112365722656,,,,Aileen Camarillo,,YES,,,,,https://www.propertyfinder.bh/en/plp/rent/apartment-for-rent-capital-governorate-al-juffair-56009577.html,2026-08-10T20:51:18.479280+00:00,2026-08-10T20:51:18.479280+00:00,0,2026-08-10T20:51:18.479280+00:00
2026-08-10,new,56009578,,,Apartment,Newly Refurbished | Bright | Modern | Pantry Area|,,500.0,,,BHD,monthly,,,,,,,,,,,26.211111068725586,50.601112365722656,,,,Aileen Camarillo,,YES,,,,,https://www.propertyfinder.bh/en/plp/rent/apartment-for-rent-capital-governorate-al-juffair-56009578.html,2026-08-10T20:51:18.479280+00:00,2026-08-10T20:51:18.479280+00:00,0,2026-08-10T20:51:18.479280+00:00
2026-08-10,new,56009585,,,Villa,Pool Villa | 5BR | Modern Family Home,,215000.0,,,BHD,sell,,,,,,,,Saraya 2,,,26.19185447692871,50.509178161621094,,,,Samar Kafri,,PARTLY,completed_primary,,,,https://www.propertyfinder.bh/en/plp/buy/villa-for-sale-northern-governorate-bu-quwah-saraya-2-56009585.html,2026-08-10T20:51:18.479280+00:00,2026-08-10T20:51:18.479280+00:00,0,2026-08-10T20:51:18.479280+00:00
2026-08-10,new,56009596,,,Land,Waterfront Land - Prime Location,,254674.0,,,BHD,sell,,,,,,,,,,,26.288480758666992,50.66381072998047,,,,Sonali Fernandes,,,,,,,https://www.propertyfinder.bh/en/plp/buy/land-for-sale-muharraq-governorate-amwaj-islands-56009596.html,2026-08-10T20:51:18.479280+00:00,2026-08-10T20:51:18.479280+00:00,0,2026-08-10T20:51:18.479280+00:00
2026-08-10,new,56009609,,,Apartment,Budget Friendly. Spacious. Close Kitchen. WiFi. FU,,360.0,,,BHD,monthly,,,,,,,,,,,26.27199935913086,50.60900115966797,,,,Nayla Tabussam,,YES,,,,,https://www.propertyfinder.bh/en/plp/rent/apartment-for-rent-muharraq-governorate-busaiteen-56009609.html,2026-08-10T20:51:18.479280+00:00,2026-08-10T20:51:18.479280+00:00,0,2026-08-10T20:51:18.479280+00:00
2026-08-10,new,56009610,,,Land,Waterfront Deal - Hot Deal,,251888.0,,,BHD,sell,,,,,,,,,,,26.288480758666992,50.66381072998047,,,,Sonali Fernandes,,,,,,,https://www.propertyfinder.bh/en/plp/buy/land-for-sale-muharraq-governorate-amwaj-islands-56009610.html,2026-08-10T20:51:18.479280+00:00,2026-08-10T20:51:18.479280+00:00,0,2026-08-10T20:51:18.479280+00:00
2026-08-10,new,56009616,,,Villa,Saar Villa | 4BR | Pool | Smart Home,,190000.0,,,BHD,sell,,,,,,,,,,,26.19164276123047,50.48757553100586,,,,Samar Kafri,,NO,completed,,,,https://www.propertyfinder.bh/en/plp/buy/villa-for-sale-northern-governorate-saar-56009616.html,2026-08-10T20:51:18.479280+00:00,2026-08-10T20:51:18.479280+00:00,0,2026-08-10T20:51:18.479280+00:00
2026-08-10,new,56009620,,,Apartment,SEA VIEW | PRIME LOCATION | NATURALLY WELL-LIT,,330.0,,,BHD,monthly,,,,,,,,,,,26.239999771118164,50.5369987487793,,,,Farhan Tariq,,YES,,,,,https://www.propertyfinder.bh/en/plp/rent/apartment-for-rent-capital-governorate-seef-56009620.html,2026-08-10T20:51:18.479280+00:00,2026-08-10T20:51:18.479280+00:00,0,2026-08-10T20:51:18.479280+00:00
2026-08-10,new,56009622,,,Villa,LUXURY| 5BHK| COMPOUND VILLA| POOL| SECURITY| MY,,450.0,,,BHD,monthly,,,,,,,,,,,26.1314754486084,50.568843841552734,,,,Nayla Tabussam,,NO,,,,,https://www.propertyfinder.bh/en/plp/rent/villa-for-rent-southern-governorate-riffa-bu-kowarah-56009622.html,2026-08-10T20:51:18.479280+00:00,2026-08-10T20:51:18.479280+00:00,0,2026-08-10T20:51:18.479280+00:00
2026-08-10,new,56009624,,,Apartment,Luxury. Spacious. Gym. Close kitchen. Wi-fi. FU,,400.0,,,BHD,monthly,,,,,,,,,,,26.27199935913086,50.60900115966797,,,,Nayla Tabussam,,YES,,,,,https://www.propertyfinder.bh/en/plp/rent/apartment-for-rent-muharraq-governorate-busaiteen-56009624.html,2026-08-10T20:51:18.479280+00:00,2026-08-10T20:51:18.479280+00:00,0,2026-08-10T20:51:18.479280+00:00
2026-08-10,new,56009625,,,Apartment,BRAND NEW | SEA VIEW | PRIVATE BALCONY | INC,,300.0,,,BHD,monthly,,,,,,,,,,,26.239999771118164,50.5369987487793,,,,Farhan Tariq,,YES,,,,,https://www.propertyfinder.bh/en/plp/rent/apartment-for-rent-capital-governorate-seef-56009625.html,2026-08-10T20:51:18.479280+00:00,2026-08-10T20:51:18.479280+00:00,0,2026-08-10T20:51:18.479280+00:00
2026-08-10,new,56009631,,,Apartment,SPACIOUS 3BR | BEACH & MALL ACCESS | MAIDS ROOM,,800.0,,,BHD,monthly,,,,,,,,Diyar Al Muharraq,,,26.303447723388672,50.6461296081543,,,,Farhan Tariq,,YES,,,,,https://www.propertyfinder.bh/en/plp/rent/apartment-for-rent-muharraq-governorate-diyar-al-muharraq-marassi-al-bahrain-56009631.html,2026-08-10T20:51:18.479280+00:00,2026-08-10T20:51:18.479280+00:00,0,2026-08-10T20:51:18.479280+00:00
2026-08-10,new,56009632,,,Villa,Luxury Villa | Private Pool | Spacious Garden,,330000.0,,,BHD,sell,,,,,,,,,,,26.19164276123047,50.48757553100586,,,,Samar Kafri,,NO,completed,,,,https://www.propertyfinder.bh/en/plp/buy/villa-for-sale-northern-governorate-saar-56009632.html,2026-08-10T20:51:18.479280+00:00,2026-08-10T20:51:18.479280+00:00,0,2026-08-10T20:51:18.479280+00:00
2026-08-10,new,56009638,,,Apartment,OPEN TERRACE APT CLOSED KITCHEN GAS PARKING,,260.0,,,BHD,monthly,,,,,,,,,,,26.207910537719727,50.587345123291016,,,,Raaf R,,YES,,,,,https://www.propertyfinder.bh/en/plp/rent/apartment-for-rent-capital-governorate-manama-mahooz-56009638.html,2026-08-10T20:51:18.479280+00:00,2026-08-10T20:51:18.479280+00:00,0,2026-08-10T20:51:18.479280+00:00
2026-08-10,new,56009639,,,Apartment,2-Bedroom Semi-Furnished Flat for Rent on Burhama,,220.0,,,BHD,monthly,,,,,,,,,,,26.21672821044922,50.55367660522461,,,,Ali  Alnoaimi,,PARTLY,,,,,https://www.propertyfinder.bh/en/plp/rent/apartment-for-rent-capital-governorate-manama-al-burhama-56009639.html,2026-08-10T20:51:18.479280+00:00,2026-08-10T20:51:18.479280+00:00,0,2026-08-10T20:51:18.479280+00:00
2026-08-10,new,56009640,,,Apartment,PRIME LOCATION | INVESTMENT OPPORTUNITY | HIGH ROI,,85000.0,,,BHD,sell,,,,,,,,Diyar Al Muharraq,,,26.303447723388672,50.6461296081543,,,,Farhan Tariq,,YES,completed,,,,https://www.propertyfinder.bh/en/plp/buy/apartment-for-sale-muharraq-governorate-diyar-al-muharraq-marassi-al-bahrain-56009640.html,2026-08-10T20:51:18.479280+00:00,2026-08-10T20:51:18.479280+00:00,0,2026-08-10T20:51:18.479280+00:00
2026-08-10,new,56009641,,,Apartment,UNLIMITED EWA MODERN FURNISHED STUDIO POOL GYM PAR,,230.0,,,BHD,monthly,,,,,,,,,,,26.203079223632812,50.594947814941406,,,,Raaf R,,YES,,,,,https://www.propertyfinder.bh/en/plp/rent/apartment-for-rent-capital-governorate-manama-um-al-hasam-56009641.html,2026-08-10T20:51:18.479280+00:00,2026-08-10T20:51:18.479280+00:00,0,2026-08-10T20:51:18.479280+00:00
2026-08-10,new,56009644,,,Villa,Naseem Villa | Sea View | Private Pool,,1200.0,,,BHD,monthly,,,,,,,,Diyar Al Muharraq,Al Naseem,,26.31142234802246,50.64306640625,,,,Samar Kafri,,PARTLY,,,,,https://www.propertyfinder.bh/en/plp/rent/villa-for-rent-muharraq-governorate-diyar-al-muharraq-al-naseem-56009644.html,2026-08-10T20:51:18.479280+00:00,2026-08-10T20:51:18.479280+00:00,0,2026-08-10T20:51:18.479280+00:00
2026-08-10,new,56009647,,,Apartment,Luxury. Spacious. Bright. Amenities Near RCSI. FU,,450.0,,,BHD,monthly,,,,,,,,,,,26.27199935913086,50.60900115966797,,,,Nayla Tabussam,,YES,,,,,https://www.propertyfinder.bh/en/plp/rent/apartment-for-rent-muharraq-governorate-busaiteen-56009647.html,2026-08-10T20:51:18.479280+00:00,2026-08-10T20:51:18.479280+00:00,0,2026-08-10T20:51:18.479280+00:00
2026-08-10,new,56009651,,,Apartment,SEA VIEW | 2 BATH | PRIME LOCATION | HOUSEKEEPING,,550.0,,,BHD,monthly,,,,,,,,,,,26.211111068725586,50.601112365722656,,,,Farhan Tariq,,YES,,,,,https://www.propertyfinder.bh/en/plp/rent/apartment-for-rent-capital-governorate-al-juffair-56009651.html,2026-08-10T20:51:18.479280+00:00,2026-08-10T20:51:18.479280+00:00,0,2026-08-10T20:51:18.479280+00:00
2026-08-10,new,56009667,,,Apartment,Spacious 2BHK apartment. closed kitchen. Wifi. FU,,450.0,,,BHD,monthly,,,,,,,,,,,26.27199935913086,50.60900115966797,,,,Nayla Tabussam,,YES,,,,,https://www.propertyfinder.bh/en/plp/rent/apartment-for-rent-muharraq-governorate-busaiteen-56009667.html,2026-08-10T20:51:18.479280+00:00,2026-08-10T20:51:18.479280+00:00,0,2026-08-10T20:51:18.479280+00:00
2026-08-10,new,56009668,,,Villa,ONLY AC PROVIDED | FURNITURE NOT INCLUDED,,500.0,,,BHD,monthly,,,,,,,,Diyar Al Muharraq,,,26.31142234802246,50.64306640625,,,,Muhammad,,PARTLY,,,,,https://www.propertyfinder.bh/en/plp/rent/villa-for-rent-muharraq-governorate-diyar-al-muharraq-56009668.html,2026-08-10T20:51:18.479280+00:00,2026-08-10T20:51:18.479280+00:00,0,2026-08-10T20:51:18.479280+00:00
2026-08-10,new,56009671,,,Apartment,MODERN | 1 BEDROOM | BALCONY | INTERNET |  JUFFAIR,,350.0,,,BHD,monthly,,,,,,,,,,,26.211111068725586,50.601112365722656,,,,Julius Sibal,,YES,,,,,https://www.propertyfinder.bh/en/plp/rent/apartment-for-rent-capital-governorate-al-juffair-56009671.html,2026-08-10T20:51:18.479280+00:00,2026-08-10T20:51:18.479280+00:00,0,2026-08-10T20:51:18.479280+00:00
2026-08-10,new,56009679,,,Apartment,Spacious. Bright. Prime Location. Open Kitchen. FU,,250.0,,,BHD,monthly,,,,,,,,,,,26.27199935913086,50.60900115966797,,,,Nayla Tabussam,,PARTLY,,,,,https://www.propertyfinder.bh/en/plp/rent/apartment-for-rent-muharraq-governorate-busaiteen-56009679.html,2026-08-10T20:51:18.479280+00:00,2026-08-10T20:51:18.479280+00:00,0,2026-08-10T20:51:18.479280+00:00
2026-08-10,new,56009686,,,Apartment,SEA VIEW | SPACIOUS 3BR + MAID | PRIME LOCATION,,950.0,,,BHD,monthly,,,,,,,,,,,26.211111068725586,50.601112365722656,,,,Farhan Tariq,,YES,,,,,https://www.propertyfinder.bh/en/plp/rent/apartment-for-rent-capital-governorate-al-juffair-56009686.html,2026-08-10T20:51:18.479280+00:00,2026-08-10T20:51:18.479280+00:00,0,2026-08-10T20:51:18.479280+00:00
2026-08-10,new,961187,,,Apartment,MODREN 3 BEDROOMS II BRIGHT AND SPECIOUS II TUBLI,,390.0,,,BHD,monthly,,,,,,,,,,,26.188888549804688,50.54999923706055,,,,Sheraz Butt,,NO,,,,,https://www.propertyfinder.bh/en/plp/rent/apartment-for-rent-central-governorate-tubli-961187.html,2026-05-31T13:58:31.068517+00:00,2026-08-10T20:51:18.479280+00:00,71,2026-08-10T20:51:18.479280+00:00
2026-08-10,new,987367,,,Apartment,Apartment for rent in a great location - janabiya,,180.0,,,BHD,monthly,,,,,,,,,,,26.185943603515625,50.46711349487305,,,,Muhammad Aamir Mansha,,NO,,,,,https://www.propertyfinder.bh/en/plp/rent/apartment-for-rent-northern-governorate-janabiya-987367.html,2026-05-31T13:58:31.068517+00:00,2026-08-10T20:51:18.479280+00:00,71,2026-08-10T20:51:18.479280+00:00
2026-08-10,new,994118,,,Villa,Villa for sale in Riffa 311 sqm,,110000.0,,,BHD,sell,,,,,,,,West Riffa,,,26.123153686523438,50.54193878173828,,,,Sayed Mohamed Adnan,,PARTLY,completed,,,,https://www.propertyfinder.bh/en/plp/buy/villa-for-sale-southern-governorate-riffa-west-riffa-994118.html,2026-08-10T20:51:18.479280+00:00,2026-08-10T20:51:18.479280+00:00,0,2026-08-10T20:51:18.479280+00:00
2026-08-10,removed,1000374,,,Apartment,NEAR LULU | AMENITIES | JUFFAIR @ 310 BD,310.0,,,,BHD,monthly,,,,,,,,,,,26.211111068725586,50.601112365722656,,,,JASIM AHMED ABDULLA MOHAMED HASAN,,YES,,,,,https://www.propertyfinder.bh/en/plp/rent/apartment-for-rent-capital-governorate-al-juffair-1000374.html,2026-05-31T21:39:42.444738+00:00,2026-08-09T20:40:10.613404+00:00,69,2026-08-09T20:40:10.613404+00:00
2026-08-10,removed,1000587,,,Apartment,SPACIOUS | AMPLE LIGHTING | GREAT VIEW | EWA BD 50,375.0,,,,BHD,monthly,,,,,,,,,,,26.207910537719727,50.587345123291016,,,,Fahim Naseer,,PARTLY,,,,,https://www.propertyfinder.bh/en/plp/rent/apartment-for-rent-capital-governorate-manama-mahooz-1000587.html,2026-05-31T13:58:31.068517+00:00,2026-08-09T20:40:10.613404+00:00,70,2026-08-09T20:40:10.613404+00:00
2026-08-10,removed,1001335,,,Villa,All-inclusive | Prime Location | Spacious | Quiet,115000.0,,,,BHD,sell,,,,,,,,,,,26.1634578704834,50.515289306640625,,,,Ali Almalek,,PARTLY,completed,,,,https://www.propertyfinder.bh/en/plp/buy/villa-for-sale-central-governorate-a-ali-1001335.html,2026-05-31T13:58:31.068517+00:00,2026-08-09T20:40:10.613404+00:00,70,2026-08-09T20:40:10.613404+00:00
2026-08-10,removed,51173828,,,Land,Sanabis | Unique | Prime Location,112300.0,,,,BHD,sell,,,,,,,,,,,26.239999771118164,50.5369987487793,,,,Ali Almalek,,,,,,,https://www.propertyfinder.bh/en/plp/buy/land-for-sale-capital-governorate-seef-2PUGN1wRTCy.html,2026-05-31T13:58:31.068517+00:00,2026-08-09T20:40:10.613404+00:00,70,2026-08-09T20:40:10.613404+00:00
2026-08-10,removed,51174468,,,Apartment,"LUXURY,NATURAL LIGHTS, SEA/CITY VIEW, SPACIOUS",600.0,,,,BHD,monthly,,,,,,,,,,,26.211111068725586,50.601112365722656,,,,SANAL KAKKAT,,YES,,,,,https://www.propertyfinder.bh/en/plp/rent/apartment-for-rent-capital-governorate-al-juffair-2PUatBosTyq.html,2026-07-16T13:23:22.641531+00:00,2026-08-09T20:40:10.613404+00:00,24,2026-08-09T20:40:10.613404+00:00
2026-08-10,removed,51204531,,,Apartment,SPACIOUS | CLOSED KITCHEN | AMENITIES @ 400 BD,400.0,,,,BHD,monthly,,,,,,,,,,,26.211111068725586,50.601112365722656,,,,JASIM AHMED ABDULLA MOHAMED HASAN,,YES,,,,,https://www.propertyfinder.bh/en/plp/rent/apartment-for-rent-capital-governorate-al-juffair-2PWjb4EP6Aa.html,2026-05-31T21:39:42.444738+00:00,2026-08-09T20:40:10.613404+00:00,69,2026-08-09T20:40:10.613404+00:00
2026-08-10,removed,51204563,,,Apartment,3BHK | NEAR RCSI | MODERN | ELEGANT | AMENITIES,530.0,,,,BHD,monthly,,,,,,,,,,,26.27199935913086,50.60900115966797,,,,JASIM AHMED ABDULLA MOHAMED HASAN,,YES,,,,,https://www.propertyfinder.bh/en/plp/rent/apartment-for-rent-muharraq-governorate-busaiteen-2PWmav4gReK.html,2026-05-31T13:58:31.068517+00:00,2026-08-09T20:40:10.613404+00:00,70,2026-08-09T20:40:10.613404+00:00
2026-08-10,removed,51233481,,,Villa,Spacious | Prime Location | All Services,165000.0,,,,BHD,sell,,,,,,,,,,,26.23795509338379,50.45539855957031,,,,Ali Almalek,,PARTLY,completed,,,,https://www.propertyfinder.bh/en/plp/buy/villa-for-sale-northern-governorate-northern-city-madinat-salman-2PXri5YxZQ0.html,2026-06-02T00:10:52.106132+00:00,2026-08-09T20:40:10.613404+00:00,68,2026-08-09T20:40:10.613404+00:00
2026-08-10,removed,51292441,,,Apartment,Sea View l House Keeping l Pet friendly,350.0,,,,BHD,monthly,,,,,,,,Amwaj Avenue,,,26.29302978515625,50.66474151611328,,,,Siwar Arfaoui,,YES,,,,,https://www.propertyfinder.bh/en/plp/rent/apartment-for-rent-muharraq-governorate-amwaj-islands-amwaj-avenue-2PazRHLIBWq.html,2026-05-31T13:58:31.068517+00:00,2026-08-09T20:40:10.613404+00:00,70,2026-08-09T20:40:10.613404+00:00
2026-08-10,removed,51383055,,,Apartment,MODERN | SEAVIEW | SPACIOUS | 2BHK I AMENITIES,350.0,,,,BHD,monthly,,,,,,,,,,,26.211111068725586,50.601112365722656,,,,JASIM AHMED ABDULLA MOHAMED HASAN,,YES,,,,,https://www.propertyfinder.bh/en/plp/rent/apartment-for-rent-capital-governorate-al-juffair-2PgbgcoQhyy.html,2026-05-31T21:39:42.444738+00:00,2026-08-09T20:40:10.613404+00:00,69,2026-08-09T20:40:10.613404+00:00
2026-08-10,removed,51411860,,,Villa,Villa For Sale In Durrat Al muharraq,145000.0,,,,BHD,sell,,,,,,,,,,,26.25,50.616668701171875,,,,Hussain Al Mesbah,,NO,completed,,,,https://www.propertyfinder.bh/en/plp/buy/villa-for-sale-muharraq-governorate-muharraq-2Phe3CwA7cW.html,2026-05-31T13:58:31.068517+00:00,2026-08-09T20:40:10.613404+00:00,70,2026-08-09T20:40:10.613404+00:00
2026-08-10,removed,51412038,,,Villa,House For Sale In Abu Saiba,100000.0,,,,BHD,sell,,,,,,,,,,,26.213165283203125,50.447471618652344,,,,Noaman Al Shajar,,YES,completed,,,,https://www.propertyfinder.bh/en/plp/buy/villa-for-sale-northern-governorate-budaiya-2PhhFL3CKTw.html,2026-05-31T13:58:31.068517+00:00,2026-08-09T20:40:10.613404+00:00,70,2026-08-09T20:40:10.613404+00:00
2026-08-10,removed,51412085,,,Villa,Distinctive villa for sale in Jidd Al Haj,125000.0,,,,BHD,sell,,,,,,,,,,,26.234378814697266,50.50168228149414,,,,Hussain Al Mesbah,,NO,completed,,,,https://www.propertyfinder.bh/en/plp/buy/villa-for-sale-northern-governorate-jid-al-haj-2PhhggZnpuy.html,2026-05-31T13:58:31.068517+00:00,2026-08-09T20:40:10.613404+00:00,70,2026-08-09T20:40:10.613404+00:00
2026-08-10,removed,51442255,,,Apartment,PETS ALLOWED | BIG BALCONY | INCLUSIVE,600.0,,,,BHD,monthly,,,,,,,,,,,26.241750717163086,50.5663948059082,,,,H2H,,YES,,,,,https://www.propertyfinder.bh/en/plp/rent/apartment-for-rent-capital-governorate-reef-island-2PjPV3CUkdc.html,2026-05-31T13:58:31.068517+00:00,2026-08-09T20:40:10.613404+00:00,70,2026-08-09T20:40:10.613404+00:00
2026-08-10,removed,51529184,,,Apartment,Apartment for rent in A'ali Overlooking the highwa,200.0,,,,BHD,monthly,,,,,,,,,,,26.1634578704834,50.515289306640625,,,,Abdulfattah ali,,NO,,,,,https://www.propertyfinder.bh/en/plp/rent/apartment-for-rent-central-governorate-a-ali-2PoVnxXJtgW.html,2026-05-31T13:58:31.068517+00:00,2026-08-09T20:40:10.613404+00:00,70,2026-08-09T20:40:10.613404+00:00
2026-08-10,removed,51745540,,,Villa,Spacious | Prime Location | Corner | garden,190000.0,,,,BHD,sell,,,,,,,,,,,26.19164276123047,50.48757553100586,,,,Ali Almalek,,YES,completed,,,,https://www.propertyfinder.bh/en/plp/buy/villa-for-sale-northern-governorate-saar-2Q1fm3sZXs0.html,2026-05-31T13:58:31.068517+00:00,2026-08-09T20:40:10.613404+00:00,70,2026-08-09T20:40:10.613404+00:00
2026-08-10,removed,51852263,,,Apartment,FREE HOLD | SEA VIEW | 171 SQM RENTED @450 BD,58000.0,,,,BHD,sell,,,,,,,,,,,26.211111068725586,50.601112365722656,,,,khan Mohammad khan,,YES,completed,,,,https://www.propertyfinder.bh/en/plp/buy/apartment-for-sale-capital-governorate-al-juffair-2Q97jr2nDbU.html,2026-05-31T13:58:31.068517+00:00,2026-08-09T20:40:10.613404+00:00,70,2026-08-09T20:40:10.613404+00:00
2026-08-10,removed,51877353,,,Villa,Prime Location Villa For Sale In Saar,174000.0,,,,BHD,sell,,,,,,,,,,,26.19164276123047,50.48757553100586,,,,Hussain Al Mesbah,,NO,completed_primary,,,,https://www.propertyfinder.bh/en/plp/buy/villa-for-sale-northern-governorate-saar-2Q9v1BFyGcS.html,2026-05-31T13:58:31.068517+00:00,2026-08-09T20:40:10.613404+00:00,70,2026-08-09T20:40:10.613404+00:00
2026-08-10,removed,51877361,,,Villa,Luxury Villa For Sale In Tubli,190000.0,,,,BHD,sell,,,,,,,,,,,26.188888549804688,50.54999923706055,,,,Hussain Al Mesbah,,NO,completed_primary,,,,https://www.propertyfinder.bh/en/plp/buy/villa-for-sale-central-governorate-tubli-2Q9vRdDAfEO.html,2026-05-31T13:58:31.068517+00:00,2026-08-09T20:40:10.613404+00:00,70,2026-08-09T20:40:10.613404+00:00
2026-08-10,removed,51984846,,,Apartment,CLOSED KITCHEN - CITY VIEW - ONE MONTH FREE,330.0,,,,BHD,monthly,,,,,,,,Manama Sea Front,,,26.24812126159668,50.57044219970703,,,,Muhammad Aamir Mansha,,PARTLY,,,,,https://www.propertyfinder.bh/en/plp/rent/apartment-for-rent-capital-governorate-manama-manama-sea-front-51984846.html,2026-07-16T13:23:22.641531+00:00,2026-08-09T20:40:10.613404+00:00,24,2026-08-09T20:40:10.613404+00:00
2026-08-10,removed,52248949,,,Apartment,GREAT DEAL / SEA VIEW / LUXURY / SPACIOUS,1000.0,,,,BHD,monthly,,,,,,,,The Treasure,,,26.27286720275879,50.672889709472656,,,,Kristina Rakikji,,YES,,,,,https://www.propertyfinder.bh/en/plp/rent/apartment-for-rent-muharraq-governorate-dilmunia-island-the-treasure-52248949.html,2026-05-31T13:58:31.068517+00:00,2026-08-09T20:40:10.613404+00:00,70,2026-08-09T20:40:10.613404+00:00
2026-08-10,removed,52274286,,,Apartment,SEA VIEW / LUXURY / MAID ROOM / BEST FACILITIES,750.0,,,,BHD,monthly,,,,,,,,The Treasure,,,26.27286720275879,50.672889709472656,,,,Kristina Rakikji,,YES,,,,,https://www.propertyfinder.bh/en/plp/rent/apartment-for-rent-muharraq-governorate-dilmunia-island-the-treasure-52274286.html,2026-05-31T13:58:31.068517+00:00,2026-08-09T20:40:10.613404+00:00,70,2026-08-09T20:40:10.613404+00:00
2026-08-10,removed,52275155,,,Villa,laundry room | Closed Kitchen | Al Ramli,124000.0,,,,BHD,sell,,,,,,,,,,,26.1634578704834,50.515289306640625,,,,Mohamed Abdali,,YES,completed,,,,https://www.propertyfinder.bh/en/plp/buy/villa-for-sale-central-governorate-a-ali-52275155.html,2026-05-31T13:58:31.068517+00:00,2026-08-09T20:40:10.613404+00:00,70,2026-08-09T20:40:10.613404+00:00
2026-08-10,removed,52354478,,,Show Room,Showroom for Rent in Al Qadam - 500 sq.m,2000.0,,,,BHD,monthly,,,,,,,,,,,26.212005615234375,50.520294189453125,,,,Sayed Ali Husain,,NO,,,,,https://www.propertyfinder.bh/en/plp/commercial-rent/show-room-for-rent-northern-governorate-al-qadam-52354478.html,2026-06-10T21:00:38.499992+00:00,2026-08-09T20:40:10.613404+00:00,59,2026-08-09T20:40:10.613404+00:00
2026-08-10,removed,52381966,,,Apartment,Sea & City View I Amazing Facilities,300.0,,,,BHD,monthly,,,,,,,,,,,26.211111068725586,50.601112365722656,,,,Saeed Hamueh,,YES,,,,,https://www.propertyfinder.bh/en/plp/rent/apartment-for-rent-capital-governorate-al-juffair-52381966.html,2026-06-02T13:15:39.812588+00:00,2026-08-09T20:40:10.613404+00:00,68,2026-08-09T20:40:10.613404+00:00
2026-08-10,removed,52381989,,,Apartment,Comfortable 2BR Apartment I High Glass Window,380.0,,,,BHD,monthly,,,,,,,,,,,26.211111068725586,50.601112365722656,,,,Saeed Hamueh,,YES,,,,,https://www.propertyfinder.bh/en/plp/rent/apartment-for-rent-capital-governorate-al-juffair-52381989.html,2026-07-10T21:12:15.222994+00:00,2026-08-09T20:40:10.613404+00:00,29,2026-08-09T20:40:10.613404+00:00
2026-08-10,removed,52382006,,,Apartment,Spacious | Pool | Gym | Fully Furnished Flat,350.0,,,,BHD,monthly,,,,,,,,,,,26.211111068725586,50.601112365722656,,,,Saeed Hamueh,,YES,,,,,https://www.propertyfinder.bh/en/plp/rent/apartment-for-rent-capital-governorate-al-juffair-52382006.html,2026-07-10T21:12:15.222994+00:00,2026-08-09T20:40:10.613404+00:00,29,2026-08-09T20:40:10.613404+00:00
2026-08-10,removed,52382030,,,Apartment,Modern Style | Sea & City view | Maid room,520.0,,,,BHD,monthly,,,,,,,,,,,26.211111068725586,50.601112365722656,,,,Saeed Hamueh,,YES,,,,,https://www.propertyfinder.bh/en/plp/rent/apartment-for-rent-capital-governorate-al-juffair-52382030.html,2026-07-10T21:12:15.222994+00:00,2026-08-09T20:40:10.613404+00:00,29,2026-08-09T20:40:10.613404+00:00
2026-08-10,removed,52382048,,,Apartment,PAYMENT PLAN! Stunning Sea View|High floor,53000.0,,,,BHD,sell,,,,,,,,,,,26.211111068725586,50.601112365722656,,,,Saeed Hamueh,,YES,completed_primary,,,,https://www.propertyfinder.bh/en/plp/buy/apartment-for-sale-capital-governorate-al-juffair-52382048.html,2026-05-31T13:58:31.068517+00:00,2026-08-09T20:40:10.613404+00:00,70,2026-08-09T20:40:10.613404+00:00
2026-08-10,removed,52382500,,,Land,Prime | Corner | Residential | RA | Al Qurayyah,129000.0,,,,BHD,sell,,,,,,,,,,,26.20011329650879,50.46629333496094,,,,Hussain Alhayki,,,,,,,https://www.propertyfinder.bh/en/plp/buy/land-for-sale-northern-governorate-al-qurayyah-52382500.html,2026-05-31T13:58:31.068517+00:00,2026-08-09T20:40:10.613404+00:00,70,2026-08-09T20:40:10.613404+00:00
2026-08-10,removed,52463068,,,Apartment,LUXURY / PRIME LOCATION / HOUSEKEEPING,500.0,,,,BHD,monthly,,,,,,,,,,,26.239999771118164,50.5369987487793,,,,Kristina Rakikji,,YES,,,,,https://www.propertyfinder.bh/en/plp/rent/apartment-for-rent-capital-governorate-seef-52463068.html,2026-05-31T13:58:31.068517+00:00,2026-08-09T20:40:10.613404+00:00,70,2026-08-09T20:40:10.613404+00:00
2026-08-10,removed,52489460,,,Villa,PREMIUM LIVING / BEACH ACCESS / PRIVATE POOL,2200.0,,,,BHD,monthly,,,,,,,,Amwaj Avenue,,,26.29302978515625,50.66474151611328,,,,Kristina Rakikji,,YES,,,,,https://www.propertyfinder.bh/en/plp/rent/villa-for-rent-muharraq-governorate-amwaj-islands-amwaj-avenue-52489460.html,2026-05-31T13:58:31.068517+00:00,2026-08-09T20:40:10.613404+00:00,70,2026-08-09T20:40:10.613404+00:00
2026-08-10,removed,52490662,,,Apartment,BRAND NEW | 3BHK | POOL | GYM | BALCONY,460.0,,,,BHD,monthly,,,,,,,,,,,26.212005615234375,50.520294189453125,,,,JASIM AHMED ABDULLA MOHAMED HASAN,,YES,,,,,https://www.propertyfinder.bh/en/plp/rent/apartment-for-rent-northern-governorate-al-qadam-52490662.html,2026-05-31T13:58:31.068517+00:00,2026-08-09T20:40:10.613404+00:00,70,2026-08-09T20:40:10.613404+00:00
2026-08-10,removed,52543532,,,Land,Prime location | Askar Area | RA,591000.0,,,,BHD,sell,,,,,,,,,,,26.05678367614746,50.61648178100586,,,,Zaid Alwaheb,,,,,,,https://www.propertyfinder.bh/en/plp/buy/land-for-sale-southern-governorate-askar-52543532.html,2026-05-31T13:58:31.068517+00:00,2026-08-09T20:40:10.613404+00:00,70,2026-08-09T20:40:10.613404+00:00
2026-08-10,removed,52543815,,,Apartment,HOT OFFER / 5 STAR AMENITIES / WITH MAID ROOM,600.0,,,,BHD,monthly,,,,,,,,Hanging Garden,,,26.27286720275879,50.672889709472656,,,,Kristina Rakikji,,YES,,,,,https://www.propertyfinder.bh/en/plp/rent/apartment-for-rent-muharraq-governorate-dilmunia-island-hanging-garden-52543815.html,2026-05-31T13:58:31.068517+00:00,2026-08-09T20:40:10.613404+00:00,70,2026-08-09T20:40:10.613404+00:00
2026-08-10,removed,52544322,,,Apartment,2 bed premium quality furnishing closed kitchen,350.0,,,,BHD,monthly,,,,,,,,,,,26.21263313293457,50.67418670654297,,,,Muhammad Aamir Mansha,,YES,,,,,https://www.propertyfinder.bh/en/plp/rent/apartment-for-rent-muharraq-governorate-hidd-52544322.html,2026-05-31T13:58:31.068517+00:00,2026-08-09T20:40:10.613404+00:00,70,2026-08-09T20:40:10.613404+00:00
2026-08-10,removed,52597634,,,Villa,MODERN | PRIVATE POOL | LUXURY | SPACIOUS,950.0,,,,BHD,monthly,,,,,,,,,,,26.203079223632812,50.594947814941406,,,,JASIM AHMED ABDULLA MOHAMED HASAN,,YES,,,,,https://www.propertyfinder.bh/en/plp/rent/villa-for-rent-capital-governorate-manama-um-al-hasam-52597634.html,2026-05-31T13:58:31.068517+00:00,2026-08-09T20:40:10.613404+00:00,70,2026-08-09T20:40:10.613404+00:00
2026-08-10,removed,52597635,,,Apartment,SPACIOUS 2 BHK SEMI FURNISHED | EASILY ACCESS,350.0,,,,BHD,monthly,,,,,,,,,,,26.149999618530273,50.58333206176758,,,,JASIM AHMED ABDULLA MOHAMED HASAN,,PARTLY,,,,,https://www.propertyfinder.bh/en/plp/rent/apartment-for-rent-central-governorate-sanad-52597635.html,2026-05-31T13:58:31.068517+00:00,2026-08-09T20:40:10.613404+00:00,70,2026-08-09T20:40:10.613404+00:00
2026-08-10,removed,52649574,,,Apartment,1BHK - TUBLI,200.0,,,,BHD,monthly,,,,,,,,,,,26.188888549804688,50.54999923706055,,,,Sayed Ali Husain,,YES,,,,,https://www.propertyfinder.bh/en/plp/rent/apartment-for-rent-central-governorate-tubli-52649574.html,2026-06-10T21:00:38.499992+00:00,2026-08-09T20:40:10.613404+00:00,59,2026-08-09T20:40:10.613404+00:00
2026-08-10,removed,52649809,,,Apartment,HOT DEAL / MODERN AND SPACIOUS APARTMENT,56500.0,,,,BHD,sell,,,,,,,,Amwaj Avenue,,,26.29302978515625,50.66474151611328,,,,Kristina Rakikji,,YES,completed,,,,https://www.propertyfinder.bh/en/plp/buy/apartment-for-sale-muharraq-governorate-amwaj-islands-amwaj-avenue-52649809.html,2026-05-31T13:58:31.068517+00:00,2026-08-09T20:40:10.613404+00:00,70,2026-08-09T20:40:10.613404+00:00
2026-08-10,removed,52650072,,,Apartment,Luxurious | High-End Amenities| With Housekeeping,450.0,,,,BHD,monthly,,,,,,,,,,,26.239999771118164,50.5369987487793,,,,Sonali Fernandes,,YES,,,,,https://www.propertyfinder.bh/en/plp/rent/apartment-for-rent-capital-governorate-seef-52650072.html,2026-05-31T13:58:31.068517+00:00,2026-08-09T20:40:10.613404+00:00,70,2026-08-09T20:40:10.613404+00:00
2026-08-10,removed,52650456,,,Apartment,good location | without deposit | ewa 40 bd wifi,260.0,,,,BHD,monthly,,,,,,,,,,,26.211111068725586,50.601112365722656,,,,khan Mohammad khan,,YES,,,,,https://www.propertyfinder.bh/en/plp/rent/apartment-for-rent-capital-governorate-al-juffair-52650456.html,2026-05-31T13:58:31.068517+00:00,2026-08-09T20:40:10.613404+00:00,70,2026-08-09T20:40:10.613404+00:00
2026-08-10,removed,52675195,,,Apartment,AMAZING VIEW / MODERN SEA VIEW APARTMENT,625.0,,,,BHD,monthly,,,,,,,,Canal View,,,26.273908615112305,50.67207336425781,,,,Kristina Rakikji,,YES,,,,,https://www.propertyfinder.bh/en/plp/rent/apartment-for-rent-muharraq-governorate-dilmunia-island-canal-view-52675195.html,2026-05-31T13:58:31.068517+00:00,2026-08-09T20:40:10.613404+00:00,70,2026-08-09T20:40:10.613404+00:00
2026-08-10,removed,52675804,,,Apartment,AMAZING OFFER / SEA VIEW BRAND NEW APARTMENT,600.0,,,,BHD,monthly,,,,,,,,Canal View,,,26.273908615112305,50.67207336425781,,,,Kristina Rakikji,,YES,,,,,https://www.propertyfinder.bh/en/plp/rent/apartment-for-rent-muharraq-governorate-dilmunia-island-canal-view-52675804.html,2026-05-31T13:58:31.068517+00:00,2026-08-09T20:40:10.613404+00:00,70,2026-08-09T20:40:10.613404+00:00
2026-08-10,removed,52701370,,,Apartment,RESORT STYLE LIVING / PREMIUM AMENITIES,650.0,,,,BHD,monthly,,,,,,,,Diyar Al Muharraq,The Address Residences,,26.30344581604004,50.646121978759766,,,,Kristina Rakikji,,YES,,,,,https://www.propertyfinder.bh/en/plp/rent/apartment-for-rent-muharraq-governorate-diyar-al-muharraq-the-address-residences-52701370.html,2026-05-31T13:58:31.068517+00:00,2026-08-09T20:40:10.613404+00:00,70,2026-08-09T20:40:10.613404+00:00
2026-08-10,removed,52702082,,,Apartment,PREMIUM LIVING / PAYMENT PLAN / GOLDEN VISA,141400.0,,,,BHD,sell,,,,,,,,Canal View,,,26.273908615112305,50.67207336425781,,,,Kristina Rakikji,,YES,completed,,,,https://www.propertyfinder.bh/en/plp/buy/apartment-for-sale-muharraq-governorate-dilmunia-island-canal-view-52702082.html,2026-05-31T14:33:55.753010+00:00,2026-08-09T20:40:10.613404+00:00,70,2026-08-09T20:40:10.613404+00:00
2026-08-10,removed,52702084,,,Apartment,BEST PAYMENT PLAN / FREE HOLD / LUXURY PROJECT,62700.0,,,,BHD,sell,,,,,,,,Canal View,,,26.273908615112305,50.67207336425781,,,,Kristina Rakikji,,YES,completed,,,,https://www.propertyfinder.bh/en/plp/buy/apartment-for-sale-muharraq-governorate-dilmunia-island-canal-view-52702084.html,2026-05-31T13:58:31.068517+00:00,2026-08-09T20:40:10.613404+00:00,70,2026-08-09T20:40:10.613404+00:00
2026-08-10,removed,52702086,,,Apartment,PAYMENT PLAN  /  READY LUXURY PROJECT / FREE HOLD,70300.0,,,,BHD,sell,,,,,,,,Canal View,,,26.273908615112305,50.67207336425781,,,,Kristina Rakikji,,PARTLY,completed,,,,https://www.propertyfinder.bh/en/plp/buy/apartment-for-sale-muharraq-governorate-dilmunia-island-canal-view-52702086.html,2026-05-31T13:58:31.068517+00:00,2026-08-09T20:40:10.613404+00:00,70,2026-08-09T20:40:10.613404+00:00
2026-08-10,removed,52702088,,,Apartment,BRAND NEW / FREE HOLD / LUXURY PROJECT,75000.0,,,,BHD,sell,,,,,,,,Canal View,,,26.273908615112305,50.67207336425781,,,,Kristina Rakikji,,YES,completed,,,,https://www.propertyfinder.bh/en/plp/buy/apartment-for-sale-muharraq-governorate-dilmunia-island-canal-view-52702088.html,2026-05-31T13:58:31.068517+00:00,2026-08-09T20:40:10.613404+00:00,70,2026-08-09T20:40:10.613404+00:00
2026-08-10,removed,52702091,,,Apartment,SPECIAL OFFER / LAGOON VIEW / UNIQUE AND SPACIOUS,57000.0,,,,BHD,sell,,,,,,,,The Lagoon,,,26.287778854370117,50.66339111328125,,,,Kristina Rakikji,,PARTLY,completed,,,,https://www.propertyfinder.bh/en/plp/buy/apartment-for-sale-muharraq-governorate-amwaj-islands-the-lagoon-52702091.html,2026-05-31T13:58:31.068517+00:00,2026-08-09T20:40:10.613404+00:00,70,2026-08-09T20:40:10.613404+00:00
2026-08-10,removed,52702095,,,Villa,BRAND NEW VILLA / HIGH QUALITY FINISH,156000.0,,,,BHD,sell,,,,,,,,,,,26.25,50.650001525878906,,,,Kristina Rakikji,,PARTLY,completed_primary,,,,https://www.propertyfinder.bh/en/plp/buy/villa-for-sale-muharraq-governorate-arad-52702095.html,2026-05-31T13:58:31.068517+00:00,2026-08-09T20:40:10.613404+00:00,70,2026-08-09T20:40:10.613404+00:00
2026-08-10,removed,52702098,,,Apartment,HOT DEAL / BRAND NEW / MAID ROOM,950.0,,,,BHD,monthly,,,,,,,,Canal View,,,26.273908615112305,50.67207336425781,,,,Kristina Rakikji,,YES,,,,,https://www.propertyfinder.bh/en/plp/rent/apartment-for-rent-muharraq-governorate-dilmunia-island-canal-view-52702098.html,2026-05-31T13:58:31.068517+00:00,2026-08-09T20:40:10.613404+00:00,70,2026-08-09T20:40:10.613404+00:00
2026-08-10,removed,52702100,,,Penthouse,SPECIAL PRICE / BEST COMMUNITY / FREE HOLD,82000.0,,,,BHD,sell,,,,,,,,Amwaj Avenue,,,26.29302978515625,50.66474151611328,,,,Kristina Rakikji,,YES,completed,,,,https://www.propertyfinder.bh/en/plp/buy/penthouse-for-sale-muharraq-governorate-amwaj-islands-amwaj-avenue-52702100.html,2026-05-31T13:58:31.068517+00:00,2026-08-09T20:40:10.613404+00:00,70,2026-08-09T20:40:10.613404+00:00
2026-08-10,removed,52702104,,,Apartment,BEST OFFER / MODERN APARTMENT / BEACH ACCESS /,500.0,,,,BHD,monthly,,,,,,,,Diyar Al Muharraq,Marassi Shores Residences,,26.303447723388672,50.6461296081543,,,,Kristina Rakikji,,YES,,,,,https://www.propertyfinder.bh/en/plp/rent/apartment-for-rent-muharraq-governorate-diyar-al-muharraq-marassi-shores-residences-52702104.html,2026-05-31T13:58:31.068517+00:00,2026-08-09T20:40:10.613404+00:00,70,2026-08-09T20:40:10.613404+00:00
2026-08-10,removed,52702115,,,Penthouse,BELOW MARKET PRICE / BEST COMMUNITY,82000.0,,,,BHD,sell,,,,,,,,Amwaj Avenue,,,26.29302978515625,50.66474151611328,,,,Kristina Rakikji,,YES,completed,,,,https://www.propertyfinder.bh/en/plp/buy/penthouse-for-sale-muharraq-governorate-amwaj-islands-amwaj-avenue-52702115.html,2026-06-23T20:51:22.852189+00:00,2026-08-09T20:40:10.613404+00:00,46,2026-08-09T20:40:10.613404+00:00
2026-08-10,removed,52702120,,,Apartment,SEA VIEW / FREE HOLD / BEST PAYMENT PLAN,122800.0,,,,BHD,sell,,,,,,,,Canal View,,,26.273908615112305,50.67207336425781,,,,Kristina Rakikji,,PARTLY,completed_primary,,,,https://www.propertyfinder.bh/en/plp/buy/apartment-for-sale-muharraq-governorate-dilmunia-island-canal-view-52702120.html,2026-05-31T14:33:55.753010+00:00,2026-08-09T20:40:10.613404+00:00,70,2026-08-09T20:40:10.613404+00:00
2026-08-10,removed,52702124,,,Apartment,HOTEL AMENITIES / MODERN /,49000.0,,,,BHD,sell,,,,,,,,Hanging Garden,,,26.27286720275879,50.672889709472656,,,,Kristina Rakikji,,YES,completed,,,,https://www.propertyfinder.bh/en/plp/buy/apartment-for-sale-muharraq-governorate-dilmunia-island-hanging-garden-52702124.html,2026-05-31T13:58:31.068517+00:00,2026-08-09T20:40:10.613404+00:00,70,2026-08-09T20:40:10.613404+00:00
2026-08-10,removed,52702127,,,Apartment,GOLDEN VISA / AMAZING SEA VIEW / BRAND NEW,123000.0,,,,BHD,sell,,,,,,,,,,,26.21263313293457,50.67418670654297,,,,Kristina Rakikji,,PARTLY,completed_primary,,,,https://www.propertyfinder.bh/en/plp/buy/apartment-for-sale-muharraq-governorate-hidd-52702127.html,2026-05-31T13:58:31.068517+00:00,2026-08-09T20:40:10.613404+00:00,70,2026-08-09T20:40:10.613404+00:00
2026-08-10,removed,52702129,,,Apartment,GOLDEN VISA / BRAND NEW / FULL SEA VIEW,123000.0,,,,BHD,sell,,,,,,,,,,,26.21263313293457,50.67418670654297,,,,Kristina Rakikji,,PARTLY,completed_primary,,,,https://www.propertyfinder.bh/en/plp/buy/apartment-for-sale-muharraq-governorate-hidd-52702129.html,2026-05-31T13:58:31.068517+00:00,2026-08-09T20:40:10.613404+00:00,70,2026-08-09T20:40:10.613404+00:00
2026-08-10,removed,52702135,,,Apartment,BEST PAYMENT PLAN / FREE HOLD / SEA VIEW,93500.0,,,,BHD,sell,,,,,,,,Canal View,,,26.273908615112305,50.67207336425781,,,,Kristina Rakikji,,PARTLY,completed_primary,,,,https://www.propertyfinder.bh/en/plp/buy/apartment-for-sale-muharraq-governorate-dilmunia-island-canal-view-52702135.html,2026-05-31T14:33:55.753010+00:00,2026-08-09T20:40:10.613404+00:00,70,2026-08-09T20:40:10.613404+00:00
2026-08-10,removed,52702137,,,Apartment,SEA VIEW / MODERN / BEST FACILITIES,290.0,,,,BHD,monthly,,,,,,,,Hanging Garden,,,26.27286720275879,50.672889709472656,,,,Kristina Rakikji,,YES,,,,,https://www.propertyfinder.bh/en/plp/rent/apartment-for-rent-muharraq-governorate-dilmunia-island-hanging-garden-52702137.html,2026-05-31T13:58:31.068517+00:00,2026-08-09T20:40:10.613404+00:00,70,2026-08-09T20:40:10.613404+00:00
2026-08-10,removed,52702139,,,Apartment,MODERN AND SPACIOUS BRAND NEW APARTMENT,420.0,,,,BHD,monthly,,,,,,,,Canal View,,,26.273908615112305,50.67207336425781,,,,Kristina Rakikji,,YES,,,,,https://www.propertyfinder.bh/en/plp/rent/apartment-for-rent-muharraq-governorate-dilmunia-island-canal-view-52702139.html,2026-05-31T13:58:31.068517+00:00,2026-08-09T20:40:10.613404+00:00,70,2026-08-09T20:40:10.613404+00:00
2026-08-10,removed,52702141,,,Apartment,REDUCED PRICE / BRAND NEW / MODERN APARTMENT,500.0,,,,BHD,monthly,,,,,,,,Canal View,,,26.273908615112305,50.67207336425781,,,,Kristina Rakikji,,YES,,,,,https://www.propertyfinder.bh/en/plp/rent/apartment-for-rent-muharraq-governorate-dilmunia-island-canal-view-52702141.html,2026-05-31T13:58:31.068517+00:00,2026-08-09T20:40:10.613404+00:00,70,2026-08-09T20:40:10.613404+00:00
2026-08-10,removed,52702143,,,Apartment,SPECIAL OFFER / SPACIOUS APARTMENT AND BRIGHT,450.0,,,,BHD,monthly,,,,,,,,Amwaj Avenue,,,26.29302978515625,50.66474151611328,,,,Kristina Rakikji,,YES,,,,,https://www.propertyfinder.bh/en/plp/rent/apartment-for-rent-muharraq-governorate-amwaj-islands-amwaj-avenue-52702143.html,2026-05-31T13:58:31.068517+00:00,2026-08-09T20:40:10.613404+00:00,70,2026-08-09T20:40:10.613404+00:00
2026-08-10,removed,52702150,,,Apartment,PANORAMIC SEA VIEW / LUXURY / ALL INCLUISVE,700.0,,,,BHD,monthly,,,,,,,,Canal View,,,26.273908615112305,50.67207336425781,,,,Kristina Rakikji,,YES,,,,,https://www.propertyfinder.bh/en/plp/rent/apartment-for-rent-muharraq-governorate-dilmunia-island-canal-view-52702150.html,2026-05-31T13:58:31.068517+00:00,2026-08-09T20:40:10.613404+00:00,70,2026-08-09T20:40:10.613404+00:00
2026-08-10,removed,52702152,,,Apartment,BEST VIEW / MODERN APARTMENT / LUXURY BUILDING,500.0,,,,BHD,monthly,,,,,,,,Canal View,,,26.273908615112305,50.67207336425781,,,,Kristina Rakikji,,YES,,,,,https://www.propertyfinder.bh/en/plp/rent/apartment-for-rent-muharraq-governorate-dilmunia-island-canal-view-52702152.html,2026-05-31T13:58:31.068517+00:00,2026-08-09T20:40:10.613404+00:00,70,2026-08-09T20:40:10.613404+00:00
2026-08-10,removed,52702161,,,Apartment,BEST PAYMENT PLAN / FREE HOLD / SEA VIEW,176300.0,,,,BHD,sell,,,,,,,,Canal View,,,26.273908615112305,50.67207336425781,,,,Kristina Rakikji,,PARTLY,completed_primary,,,,https://www.propertyfinder.bh/en/plp/buy/apartment-for-sale-muharraq-governorate-dilmunia-island-canal-view-52702161.html,2026-05-31T13:58:31.068517+00:00,2026-08-09T20:40:10.613404+00:00,70,2026-08-09T20:40:10.613404+00:00
2026-08-10,removed,52702163,,,Apartment,BEST PAYMENT PLAN / FREE HOLD / BEST PROJECT,176300.0,,,,BHD,sell,,,,,,,,Canal View,,,26.273908615112305,50.67207336425781,,,,Kristina Rakikji,,PARTLY,completed_primary,,,,https://www.propertyfinder.bh/en/plp/buy/apartment-for-sale-muharraq-governorate-dilmunia-island-canal-view-52702163.html,2026-05-31T13:58:31.068517+00:00,2026-08-09T20:40:10.613404+00:00,70,2026-08-09T20:40:10.613404+00:00
2026-08-10,removed,52880717,,,Apartment,HOT DEAL / MODERN FURNITURE / BEAUTIFUL VIEW,365.0,,,,BHD,monthly,,,,,,,,Canal View,,,26.273908615112305,50.67207336425781,,,,Kristina Rakikji,,YES,,,,,https://www.propertyfinder.bh/en/plp/rent/apartment-for-rent-muharraq-governorate-dilmunia-island-canal-view-52880717.html,2026-05-31T14:14:25.767990+00:00,2026-08-09T20:40:10.613404+00:00,70,2026-08-09T20:40:10.613404+00:00
2026-08-10,removed,52906407,,,Apartment,Great Opportunity Spacious flat for sale JANABIYA!,92000.0,,,,BHD,sell,,,,,,,,,,,26.185943603515625,50.46711349487305,,,,Dafina Muca,,PARTLY,completed,,,,https://www.propertyfinder.bh/en/plp/buy/apartment-for-sale-northern-governorate-janabiya-52906407.html,2026-05-31T13:58:31.068517+00:00,2026-08-09T20:40:10.613404+00:00,70,2026-08-09T20:40:10.613404+00:00
2026-08-10,removed,52981460,,,Apartment,Beautiful/Budget Friendly/family/Apartment,250.0,,,,BHD,monthly,,,,,,,,,,,26.21693992614746,50.57733154296875,,,,Rineesh Kumar,,YES,,,,,https://www.propertyfinder.bh/en/plp/rent/apartment-for-rent-capital-governorate-manama-segaya-52981460.html,2026-05-31T13:58:31.068517+00:00,2026-08-09T20:40:10.613404+00:00,70,2026-08-09T20:40:10.613404+00:00
2026-08-10,removed,52981473,,,Apartment,Beautiful/Pets Allowed/Gym/S-pool/New Family Build,475.0,,,,BHD,monthly,,,,,,,,,,,26.203079223632812,50.594947814941406,,,,Rineesh Kumar,,YES,,,,,https://www.propertyfinder.bh/en/plp/rent/apartment-for-rent-capital-governorate-manama-um-al-hasam-52981473.html,2026-05-31T13:58:31.068517+00:00,2026-08-09T20:40:10.613404+00:00,70,2026-08-09T20:40:10.613404+00:00
2026-08-10,removed,52981487,,,Apartment,Spacious/Beautiful/gym/S-pool/Family/Building,700.0,,,,BHD,monthly,,,,,,,,,,,26.214487075805664,50.584754943847656,,,,Rineesh Kumar,,YES,,,,,https://www.propertyfinder.bh/en/plp/rent/apartment-for-rent-capital-governorate-manama-adliya-52981487.html,2026-05-31T13:58:31.068517+00:00,2026-08-09T20:40:10.613404+00:00,70,2026-08-09T20:40:10.613404+00:00
2026-08-10,removed,52981497,,,Apartment,Brand New/gym/spool/Family building/Good Location,350.0,,,,BHD,monthly,,,,,,,,,,,26.203079223632812,50.594947814941406,,,,Rineesh Kumar,,PARTLY,,,,,https://www.propertyfinder.bh/en/plp/rent/apartment-for-rent-capital-governorate-manama-um-al-hasam-52981497.html,2026-05-31T13:58:31.068517+00:00,2026-08-09T20:40:10.613404+00:00,70,2026-08-09T20:40:10.613404+00:00
2026-08-10,removed,53007263,,,Apartment,RESORT LIVING / SEA VIEW APARTMENT / BEACH ACCESS,700.0,,,,BHD,monthly,,,,,,,,Amwaj Avenue,,,26.29302978515625,50.66474151611328,,,,Kristina Rakikji,,YES,,,,,https://www.propertyfinder.bh/en/plp/rent/apartment-for-rent-muharraq-governorate-amwaj-islands-amwaj-avenue-53007263.html,2026-05-31T13:58:31.068517+00:00,2026-08-09T20:40:10.613404+00:00,70,2026-08-09T20:40:10.613404+00:00
2026-08-10,removed,53008084,,,Apartment,Budget Freindly/Family Apartment/Good Location,200.0,,,,BHD,monthly,,,,,,,,,,,26.2102108001709,50.56403350830078,,,,Rineesh Kumar,,PARTLY,,,,,https://www.propertyfinder.bh/en/plp/rent/apartment-for-rent-capital-governorate-manama-zinj-53008084.html,2026-06-02T00:10:52.106132+00:00,2026-08-09T20:40:10.613404+00:00,68,2026-08-09T20:40:10.613404+00:00
2026-08-10,removed,53008317,,,Apartment,EWA 50BD LIMIT | FULLY FURNISHED | FAMILY BUILDING,350.0,,,,BHD,monthly,,,,,,,,,,,26.27199935913086,50.60900115966797,,,,JASIM AHMED ABDULLA MOHAMED HASAN,,YES,,,,,https://www.propertyfinder.bh/en/plp/rent/apartment-for-rent-muharraq-governorate-busaiteen-53008317.html,2026-05-31T13:58:31.068517+00:00,2026-08-09T20:40:10.613404+00:00,70,2026-08-09T20:40:10.613404+00:00
2026-08-10,removed,53008382,,,Apartment,3BHK | MODERN | CLOSED KITCHEN | BALCONY,500.0,,,,BHD,monthly,,,,,,,,The Lagoon,,,26.287778854370117,50.66339111328125,,,,JASIM AHMED ABDULLA MOHAMED HASAN,,YES,,,,,https://www.propertyfinder.bh/en/plp/rent/apartment-for-rent-muharraq-governorate-amwaj-islands-the-lagoon-53008382.html,2026-05-31T13:58:31.068517+00:00,2026-08-09T20:40:10.613404+00:00,70,2026-08-09T20:40:10.613404+00:00
2026-08-10,removed,53008428,,,Apartment,BEAUTIFUL 1BHK | MODERN | ELEGANT | WIFI,250.0,,,,BHD,monthly,,,,,,,,,,,26.21263313293457,50.67418670654297,,,,JASIM AHMED ABDULLA MOHAMED HASAN,,YES,,,,,https://www.propertyfinder.bh/en/plp/rent/apartment-for-rent-muharraq-governorate-hidd-53008428.html,2026-05-31T13:58:31.068517+00:00,2026-08-09T20:40:10.613404+00:00,70,2026-08-09T20:40:10.613404+00:00
2026-08-10,removed,53059331,,,Apartment,PERFECT  FLAT FOR YOUR FAMILY| 2 BEDROOM,400.0,,,,BHD,monthly,,,,,,,,Abraj Al Lulu,,,26.230030059814453,50.55890655517578,,,,Reina San Pascual,,YES,,,,,https://www.propertyfinder.bh/en/plp/rent/apartment-for-rent-capital-governorate-manama-abraj-al-lulu-53059331.html,2026-05-31T13:58:31.068517+00:00,2026-08-09T20:40:10.613404+00:00,70,2026-08-09T20:40:10.613404+00:00
2026-08-10,removed,53086001,,,Apartment,Prime Tower | Large Layout | Premium City Living,450.0,,,,BHD,monthly,,,,,,,,,,,26.239999771118164,50.5369987487793,,,,Puthu Veetil Sajahan,,YES,,,,,https://www.propertyfinder.bh/en/plp/rent/apartment-for-rent-capital-governorate-seef-53086001.html,2026-06-18T20:57:37.279688+00:00,2026-08-09T20:40:10.613404+00:00,51,2026-08-09T20:40:10.613404+00:00
2026-08-10,removed,53269190,,,Apartment,BEACH ACCESS / AMAZING FURNITURE,550.0,,,,BHD,monthly,,,,,,,,Diyar Al Muharraq,,,26.303447723388672,50.6461296081543,,,,Kristina Rakikji,,YES,,,,,https://www.propertyfinder.bh/en/plp/rent/apartment-for-rent-muharraq-governorate-diyar-al-muharraq-marassi-al-bahrain-53269190.html,2026-05-31T13:58:31.068517+00:00,2026-08-09T20:40:10.613404+00:00,70,2026-08-09T20:40:10.613404+00:00
2026-08-10,removed,53295297,,,Apartment,5 Star Amenities / Modern and Spacious,400.0,,,,BHD,monthly,,,,,,,,Canal View,,,26.273908615112305,50.67207336425781,,,,Kristina Rakikji,,YES,,,,,https://www.propertyfinder.bh/en/plp/rent/apartment-for-rent-muharraq-governorate-dilmunia-island-canal-view-53295297.html,2026-05-31T13:58:31.068517+00:00,2026-08-09T20:40:10.613404+00:00,70,2026-08-09T20:40:10.613404+00:00
2026-08-10,removed,53295817,,,Apartment,Sea View | Split AC | Bright |Modern Interior |,380.0,,,,BHD,monthly,,,,,,,,,,,26.207910537719727,50.587345123291016,,,,Christyl Lebosada,,YES,,,,,https://www.propertyfinder.bh/en/plp/rent/apartment-for-rent-capital-governorate-manama-mahooz-53295817.html,2026-05-31T13:58:31.068517+00:00,2026-08-09T20:40:10.613404+00:00,70,2026-08-09T20:40:10.613404+00:00
2026-08-10,removed,53322941,,,Apartment,BRAND NEW/ FREE HOLD / BEST VALUE,55000.0,,,,BHD,sell,,,,,,,,,,,26.288480758666992,50.66381072998047,,,,Kristina Rakikji,,PARTLY,completed_primary,,,,https://www.propertyfinder.bh/en/plp/buy/apartment-for-sale-muharraq-governorate-amwaj-islands-53322941.html,2026-05-31T13:58:31.068517+00:00,2026-08-09T20:40:10.613404+00:00,70,2026-08-09T20:40:10.613404+00:00
2026-08-10,removed,53322942,,,Villa,PRIME LOCATION / HIGH END VILLA / READY TO MOVE,199000.0,,,,BHD,sell,,,,,,,,,,,26.27199935913086,50.60900115966797,,,,Kristina Rakikji,,NO,completed_primary,,,,https://www.propertyfinder.bh/en/plp/buy/villa-for-sale-muharraq-governorate-busaiteen-53322942.html,2026-05-31T13:58:31.068517+00:00,2026-08-09T20:40:10.613404+00:00,70,2026-08-09T20:40:10.613404+00:00
2026-08-10,removed,53404833,,,Apartment,FURNISHED TWO BEDROOM NEAR TEA HOUSE HOORA,250.0,,,,BHD,monthly,,,,,,,,Exhibition Road,,,26.231962203979492,50.59507369995117,,,,Imad Hasan,,YES,,,,,https://www.propertyfinder.bh/en/plp/rent/apartment-for-rent-capital-governorate-hoora-exhibition-road-53404833.html,2026-05-31T13:58:31.068517+00:00,2026-08-09T20:40:10.613404+00:00,70,2026-08-09T20:40:10.613404+00:00
2026-08-10,removed,53405041,,,Land,للبيع أراضي تجارية في المقشع خلف محطة جواد,177606.0,,,,BHD,sell,,,,,,,,,,,26.221059799194336,50.51625442504883,,,,Ali Alshowaikh,,,,,,,https://www.propertyfinder.bh/en/plp/buy/land-for-sale-northern-governorate-al-maqsha-53405041.html,2026-05-31T13:58:31.068517+00:00,2026-08-09T20:40:10.613404+00:00,70,2026-08-09T20:40:10.613404+00:00
2026-08-10,removed,53405111,,,Villa,A villa at an distinctive price in Al-Busaytin.,128000.0,,,,BHD,sell,,,,,,,,,,,26.27199935913086,50.60900115966797,,,,Hussain Al Mesbah,,NO,completed,,,,https://www.propertyfinder.bh/en/plp/buy/villa-for-sale-muharraq-governorate-busaiteen-53405111.html,2026-05-31T13:58:31.068517+00:00,2026-08-09T20:40:10.613404+00:00,70,2026-08-09T20:40:10.613404+00:00
2026-08-10,removed,53405142,,,Apartment,Furnished Studios in Adliya | 200 BD Inclusive,200.0,,,,BHD,monthly,,,,,,,,,,,26.214487075805664,50.584754943847656,,,,Hamed Bu Hani,,YES,,,,,https://www.propertyfinder.bh/en/plp/rent/apartment-for-rent-capital-governorate-manama-adliya-53405142.html,2026-05-31T13:58:31.068517+00:00,2026-08-09T20:40:10.613404+00:00,70,2026-08-09T20:40:10.613404+00:00
2026-08-10,removed,53405143,,,Apartment,SEA VIEW / BRAND NEW LUXURY APARTMENT,850.0,,,,BHD,monthly,,,,,,,,,,,26.21263313293457,50.67418670654297,,,,Kristina Rakikji,,YES,,,,,https://www.propertyfinder.bh/en/plp/rent/apartment-for-rent-muharraq-governorate-hidd-53405143.html,2026-05-31T13:58:31.068517+00:00,2026-08-09T20:40:10.613404+00:00,70,2026-08-09T20:40:10.613404+00:00
2026-08-10,removed,53405153,,,Land,Residential land for sale in Aali,601000.0,,,,BHD,sell,,,,,,,,,,,26.1634578704834,50.515289306640625,,,,Hussain Al Mesbah,,,,,,,https://www.propertyfinder.bh/en/plp/buy/land-for-sale-central-governorate-a-ali-53405153.html,2026-05-31T13:58:31.068517+00:00,2026-08-09T20:40:10.613404+00:00,70,2026-08-09T20:40:10.613404+00:00
2026-08-10,removed,53432916,,,Apartment,MODERN AND BEAUTIFUL APARTMENT / BEST AMENITIES,400.0,,,,BHD,monthly,,,,,,,,Canal View,,,26.273908615112305,50.67207336425781,,,,Kristina Rakikji,,YES,,,,,https://www.propertyfinder.bh/en/plp/rent/apartment-for-rent-muharraq-governorate-dilmunia-island-canal-view-53432916.html,2026-05-31T14:14:25.767990+00:00,2026-08-09T20:40:10.613404+00:00,70,2026-08-09T20:40:10.613404+00:00
2026-08-10,removed,53461433,,,Apartment,Hot Deal | Semi-Furnished Apartment | Amenities,300.0,,,,BHD,monthly,,,,,,,,,,,26.211111068725586,50.601112365722656,,,,Saeed Hamueh,,PARTLY,,,,,https://www.propertyfinder.bh/en/plp/rent/apartment-for-rent-capital-governorate-al-juffair-53461433.html,2026-06-02T17:34:08.678888+00:00,2026-08-09T20:40:10.613404+00:00,68,2026-08-09T20:40:10.613404+00:00
2026-08-10,removed,53489638,,,Apartment,SPACIOUS AND MODERN / INCLUSIVE / BEST COMMUNITY,400.0,,,,BHD,monthly,,,,,,,,Amwaj Avenue,,,26.29302978515625,50.66474151611328,,,,Kristina Rakikji,,YES,,,,,https://www.propertyfinder.bh/en/plp/rent/apartment-for-rent-muharraq-governorate-amwaj-islands-amwaj-avenue-53489638.html,2026-05-31T13:58:31.068517+00:00,2026-08-09T20:40:10.613404+00:00,70,2026-08-09T20:40:10.613404+00:00
2026-08-10,removed,53490314,,,Apartment,2BHK | MODERN | GYM | NEAR SCHOOL,400.0,,,,BHD,monthly,,,,,,,,,,,26.19164276123047,50.48757553100586,,,,JASIM AHMED ABDULLA MOHAMED HASAN,,YES,,,,,https://www.propertyfinder.bh/en/plp/rent/apartment-for-rent-northern-governorate-saar-53490314.html,2026-05-31T13:58:31.068517+00:00,2026-08-09T20:40:10.613404+00:00,70,2026-08-09T20:40:10.613404+00:00
2026-08-10,removed,53490329,,,Villa,GARDEN | POOL | GYM| 4BHK+MAIDROOM| 2 KITCHEN,1000.0,,,,BHD,monthly,,,,,,,,,,,26.19164276123047,50.48757553100586,,,,JASIM AHMED ABDULLA MOHAMED HASAN,,YES,,,,,https://www.propertyfinder.bh/en/plp/rent/villa-for-rent-northern-governorate-saar-53490329.html,2026-05-31T13:58:31.068517+00:00,2026-08-09T20:40:10.613404+00:00,70,2026-08-09T20:40:10.613404+00:00
2026-08-10,removed,53523108,,,Villa,AMAZING HOME / MODERN / RIVATE POOL,1000.0,,,,BHD,monthly,,,,,,,,Al Marsa Floating City,,,26.2847957611084,50.669620513916016,,,,Kristina Rakikji,,YES,,,,,https://www.propertyfinder.bh/en/plp/rent/villa-for-rent-muharraq-governorate-amwaj-islands-al-marsa-floating-city-53523108.html,2026-05-31T13:58:31.068517+00:00,2026-08-09T20:40:10.613404+00:00,70,2026-08-09T20:40:10.613404+00:00
2026-08-10,removed,53523288,,,Apartment,BEST OFFER APARTMENT FOR SALE with BEACH ACCESS,175000.0,,,,BHD,sell,,,,,,,,Diyar Al Muharraq,,,26.303447723388672,50.6461296081543,,,,Kristina Rakikji,,YES,completed,,,,https://www.propertyfinder.bh/en/plp/buy/apartment-for-sale-muharraq-governorate-diyar-al-muharraq-marassi-al-bahrain-53523288.html,2026-05-31T13:58:31.068517+00:00,2026-08-09T20:40:10.613404+00:00,70,2026-08-09T20:40:10.613404+00:00
2026-08-10,removed,53523585,,,Villa,Villa for rent with electricity near Busaiteen,450.0,,,,BHD,monthly,,,,,,,,,,,26.285566329956055,50.623756408691406,,,,Mohammed Ali   ,,PARTLY,,,,,https://www.propertyfinder.bh/en/plp/rent/villa-for-rent-muharraq-governorate-al-dair-53523585.html,2026-05-31T13:58:31.068517+00:00,2026-08-09T20:40:10.613404+00:00,70,2026-08-09T20:40:10.613404+00:00
2026-08-10,removed,53574791,,,Apartment,BRIGHT AND SPACIOUS / NEXT TO LAGOON / SEA VIEW,400.0,,,,BHD,monthly,,,,,,,,The Lagoon,,,26.287778854370117,50.66339111328125,,,,Kristina Rakikji,,YES,,,,,https://www.propertyfinder.bh/en/plp/rent/apartment-for-rent-muharraq-governorate-amwaj-islands-the-lagoon-53574791.html,2026-05-31T13:58:31.068517+00:00,2026-08-09T20:40:10.613404+00:00,70,2026-08-09T20:40:10.613404+00:00
2026-08-10,removed,53601224,,,Apartment,Luxury | Sea View |Spacious| Balcony | Bright |,650000.0,,,,BHD,sell,,,,,,,,,,,26.241750717163086,50.5663948059082,,,,SANAL KAKKAT,,YES,completed_primary,,,,https://www.propertyfinder.bh/en/plp/buy/apartment-for-sale-capital-governorate-reef-island-53601224.html,2026-05-31T13:58:31.068517+00:00,2026-08-09T20:40:10.613404+00:00,70,2026-08-09T20:40:10.613404+00:00
2026-08-10,removed,53626644,,,Apartment,BUDGET FRIENDLY II 2 BEDROOOM II BALCONY II AMWAJ,330.0,,,,BHD,monthly,,,,,,,,Amwaj Avenue,,,26.29302978515625,50.66474151611328,,,,AHMED,,YES,,,,,https://www.propertyfinder.bh/en/plp/rent/apartment-for-rent-muharraq-governorate-amwaj-islands-amwaj-avenue-53626644.html,2026-05-31T13:58:31.068517+00:00,2026-08-09T20:40:10.613404+00:00,70,2026-08-09T20:40:10.613404+00:00
2026-08-10,removed,53626970,,,Apartment,Brand-New Apartment with Panoramic Sea Views,140000.0,,,,BHD,sell,,,,,,,,,,,26.249584197998047,50.580360412597656,,,,Puthu Veetil Sajahan,,YES,completed,,,,https://www.propertyfinder.bh/en/plp/buy/apartment-for-sale-capital-governorate-bahrain-bay-53626970.html,2026-05-31T13:58:31.068517+00:00,2026-08-09T20:40:10.613404+00:00,70,2026-08-09T20:40:10.613404+00:00
2026-08-10,removed,53654734,,,Apartment,Bright | Pool Access | Spacious | Luxury | Sale,64000.0,,,,BHD,sell,,,,,,,,Diyar Al Muharraq,,,26.303447723388672,50.6461296081543,,,,SANAL KAKKAT,,YES,completed_primary,,,,https://www.propertyfinder.bh/en/plp/buy/apartment-for-sale-muharraq-governorate-diyar-al-muharraq-marassi-al-bahrain-53654734.html,2026-05-31T13:58:31.068517+00:00,2026-08-09T20:40:10.613404+00:00,70,2026-08-09T20:40:10.613404+00:00
2026-08-10,removed,53654745,,,Villa,Luxury Beach Villa in Amwaj | Pool & Elevator,450000.0,,,,BHD,sell,,,,,,,,Amwaj Avenue,,,26.29302978515625,50.66474151611328,,,,SANAL KAKKAT,,PARTLY,completed,,,,https://www.propertyfinder.bh/en/plp/buy/villa-for-sale-muharraq-governorate-amwaj-islands-amwaj-avenue-53654745.html,2026-05-31T13:58:31.068517+00:00,2026-08-09T20:40:10.613404+00:00,70,2026-08-09T20:40:10.613404+00:00
2026-08-10,removed,53654749,,,Apartment,Luxury | Canal View | Dilmunia | Sea View | Bright,100000.0,,,,BHD,sell,,,,,,,,Essence of Dilmunia,,,26.27286720275879,50.672889709472656,,,,SANAL KAKKAT,,YES,completed_primary,,,,https://www.propertyfinder.bh/en/plp/buy/apartment-for-sale-muharraq-governorate-dilmunia-island-essence-of-dilmunia-53654749.html,2026-05-31T13:58:31.068517+00:00,2026-08-09T20:40:10.613404+00:00,70,2026-08-09T20:40:10.613404+00:00
2026-08-10,removed,53654764,,,Apartment,Luxury Apartment | Sea View | Amenities | Bright,125000.0,,,,BHD,sell,,,,,,,,,,,26.211111068725586,50.601112365722656,,,,SANAL KAKKAT,,YES,completed,,,,https://www.propertyfinder.bh/en/plp/buy/apartment-for-sale-capital-governorate-al-juffair-53654764.html,2026-05-31T13:58:31.068517+00:00,2026-08-09T20:40:10.613404+00:00,70,2026-08-09T20:40:10.613404+00:00
2026-08-10,removed,53654767,,,Apartment,SPACIOUS | SALE | BRIGHT | AMENITIES | GREAT PRICE,65000.0,,,,BHD,sell,,,,,,,,,,,26.211111068725586,50.601112365722656,,,,SANAL KAKKAT,,YES,completed,,,,https://www.propertyfinder.bh/en/plp/buy/apartment-for-sale-capital-governorate-al-juffair-53654767.html,2026-05-31T13:58:31.068517+00:00,2026-08-09T20:40:10.613404+00:00,70,2026-08-09T20:40:10.613404+00:00
2026-08-10,removed,53654782,,,Villa,Luxury Waterfront Villa | Private Beach & Pool,650000.0,,,,BHD,sell,,,,,,,,Amwaj Avenue,,,26.29302978515625,50.66474151611328,,,,SANAL KAKKAT,,PARTLY,completed,,,,https://www.propertyfinder.bh/en/plp/buy/villa-for-sale-muharraq-governorate-amwaj-islands-amwaj-avenue-53654782.html,2026-05-31T13:58:31.068517+00:00,2026-08-09T20:40:10.613404+00:00,70,2026-08-09T20:40:10.613404+00:00
2026-08-10,removed,53654785,,,Apartment,Luxury Island Living | Lagoon View | Amenities,55000.0,,,,BHD,sell,,,,,,,,Amwaj Avenue,,,26.29302978515625,50.66474151611328,,,,SANAL KAKKAT,,YES,completed_primary,,,,https://www.propertyfinder.bh/en/plp/buy/apartment-for-sale-muharraq-governorate-amwaj-islands-amwaj-avenue-53654785.html,2026-05-31T13:58:31.068517+00:00,2026-08-09T20:40:10.613404+00:00,70,2026-08-09T20:40:10.613404+00:00
2026-08-10,removed,53654793,,,Apartment,Luxury | Waterfront | Lagoon View | Bright | Amwaj,90000.0,,,,BHD,sell,,,,,,,,Amwaj Avenue,,,26.29302978515625,50.66474151611328,,,,SANAL KAKKAT,,YES,completed_primary,,,,https://www.propertyfinder.bh/en/plp/buy/apartment-for-sale-muharraq-governorate-amwaj-islands-amwaj-avenue-53654793.html,2026-05-31T13:58:31.068517+00:00,2026-08-09T20:40:10.613404+00:00,70,2026-08-09T20:40:10.613404+00:00
2026-08-10,removed,53655425,,,Apartment,BEST INVESTMENT / FREE HOLD / PAYMENT PLAN,70200.0,,,,BHD,sell,,,,,,,,Canal View,,,26.273908615112305,50.67207336425781,,,,Kristina Rakikji,,YES,completed_primary,,,,https://www.propertyfinder.bh/en/plp/buy/apartment-for-sale-muharraq-governorate-dilmunia-island-canal-view-53655425.html,2026-05-31T13:58:31.068517+00:00,2026-08-09T20:40:10.613404+00:00,70,2026-08-09T20:40:10.613404+00:00
2026-08-10,removed,53681736,,,Land,Special Price | Prime Location | Corner,75000.0,,,,BHD,sell,,,,,,,,,,,26.07509422302246,50.499610900878906,,,,Ali Almalek,,,,,,,https://www.propertyfinder.bh/en/plp/buy/land-for-sale-northern-governorate-shahrakan-53681736.html,2026-05-31T13:58:31.068517+00:00,2026-08-09T20:40:10.613404+00:00,70,2026-08-09T20:40:10.613404+00:00
2026-08-10,removed,53709238,,,Apartment,beautiful/Spacious/Family Apartment/Good Location,330.0,,,,BHD,monthly,,,,,,,,,,,26.214487075805664,50.584754943847656,,,,Rineesh Kumar,,YES,,,,,https://www.propertyfinder.bh/en/plp/rent/apartment-for-rent-capital-governorate-manama-adliya-53709238.html,2026-05-31T13:58:31.068517+00:00,2026-08-09T20:40:10.613404+00:00,70,2026-08-09T20:40:10.613404+00:00
2026-08-10,removed,53710106,,,Apartment,Spacious/Unfurnished/Family Building/Nice Location,270.0,,,,BHD,monthly,,,,,,,,,,,26.207910537719727,50.587345123291016,,,,Rineesh Kumar,,NO,,,,,https://www.propertyfinder.bh/en/plp/rent/apartment-for-rent-capital-governorate-manama-mahooz-53710106.html,2026-05-31T13:58:31.068517+00:00,2026-08-09T20:40:10.613404+00:00,70,2026-08-09T20:40:10.613404+00:00
2026-08-10,removed,53710302,,,Apartment,Beautiful/Gym/S-Pool/Balcony/Family Apartment,400.0,,,,BHD,monthly,,,,,,,,,,,26.203079223632812,50.594947814941406,,,,Rineesh Kumar,,YES,,,,,https://www.propertyfinder.bh/en/plp/rent/apartment-for-rent-capital-governorate-manama-um-al-hasam-53710302.html,2026-05-31T13:58:31.068517+00:00,2026-08-09T20:40:10.613404+00:00,70,2026-08-09T20:40:10.613404+00:00
2026-08-10,removed,53710549,,,Villa,Spacious villa | private garden | garage,550.0,,,,BHD,monthly,,,,,,,,,,,26.2102108001709,50.56403350830078,,,,Joyace  Joy,,PARTLY,,,,,https://www.propertyfinder.bh/en/plp/rent/villa-for-rent-capital-governorate-manama-zinj-53710549.html,2026-05-31T13:58:31.068517+00:00,2026-08-09T20:40:10.613404+00:00,70,2026-08-09T20:40:10.613404+00:00
2026-08-10,removed,53711114,,,Villa,PrimeLocation | Luxury Villa | Sea View | Spacious,141000.0,,,,BHD,sell,,,,,,,,,,,26.213165283203125,50.447471618652344,,,,SANAL KAKKAT,,YES,completed_primary,,,,https://www.propertyfinder.bh/en/plp/buy/villa-for-sale-northern-governorate-budaiya-53711114.html,2026-05-31T13:58:31.068517+00:00,2026-08-09T20:40:10.613404+00:00,70,2026-08-09T20:40:10.613404+00:00
2026-08-10,removed,53711129,,,Villa,PRIME LOCATION | LUXURY VILLA | PRIVATE GARDEN,193500.0,,,,BHD,sell,,,,,,,,,,,26.213165283203125,50.447471618652344,,,,SANAL KAKKAT,,YES,completed_primary,,,,https://www.propertyfinder.bh/en/plp/buy/villa-for-sale-northern-governorate-budaiya-53711129.html,2026-05-31T13:58:31.068517+00:00,2026-08-09T20:40:10.613404+00:00,70,2026-08-09T20:40:10.613404+00:00
2026-08-10,removed,53711131,,,Villa,BRAND NEW | INCLUSIVE | SPACIOUS | MAID ROOM,850.0,,,,BHD,monthly,,,,,,,,,,,26.213165283203125,50.447471618652344,,,,SANAL KAKKAT,,YES,,,,,https://www.propertyfinder.bh/en/plp/rent/villa-for-rent-northern-governorate-budaiya-53711131.html,2026-05-31T13:58:31.068517+00:00,2026-08-09T20:40:10.613404+00:00,70,2026-08-09T20:40:10.613404+00:00
2026-08-10,removed,53711137,,,Villa,Bright | Spacious | Maid Room | Luxury | Stylish,1100.0,,,,BHD,monthly,,,,,,,,,,,26.213165283203125,50.447471618652344,,,,SANAL KAKKAT,,YES,,,,,https://www.propertyfinder.bh/en/plp/rent/villa-for-rent-northern-governorate-budaiya-53711137.html,2026-05-31T13:58:31.068517+00:00,2026-08-09T20:40:10.613404+00:00,70,2026-08-09T20:40:10.613404+00:00
2026-08-10,removed,53766023,,,Apartment,Astonishing Sea View |  Direct Beach Access,550.0,,,,BHD,monthly,,,,,,,,Diyar Al Muharraq,Marassi Shores Residences,,26.303447723388672,50.6461296081543,,,,Sonali Fernandes,,YES,,,,,https://www.propertyfinder.bh/en/plp/rent/apartment-for-rent-muharraq-governorate-diyar-al-muharraq-marassi-shores-residences-53766023.html,2026-05-31T13:58:31.068517+00:00,2026-08-09T20:40:10.613404+00:00,70,2026-08-09T20:40:10.613404+00:00
2026-08-10,removed,53794002,,,Apartment,Beautyful/spacious/gym/pool/Family Apartment,460.0,,,,BHD,monthly,,,,,,,,,,,26.21693992614746,50.57733154296875,,,,Rineesh Kumar,,YES,,,,,https://www.propertyfinder.bh/en/plp/rent/apartment-for-rent-capital-governorate-manama-segaya-53794002.html,2026-05-31T13:58:31.068517+00:00,2026-08-09T20:40:10.613404+00:00,70,2026-08-09T20:40:10.613404+00:00
2026-08-10,removed,53822756,,,Apartment,Ultra Luxury 4 Bedroom Duplex with Full Sea View,525000.0,,,,BHD,sell,,,,,,,,,,,26.249584197998047,50.580360412597656,,,,Puthu Veetil Sajahan,,YES,completed,,,,https://www.propertyfinder.bh/en/plp/buy/apartment-for-sale-capital-governorate-bahrain-bay-53822756.html,2026-05-31T13:58:31.068517+00:00,2026-08-09T20:40:10.613404+00:00,70,2026-08-09T20:40:10.613404+00:00
2026-08-10,removed,53878188,,,Apartment,Luxury STUDIO / BALCONY/ Inclusive,300.0,,,,BHD,monthly,,,,,,,,,,,26.211111068725586,50.601112365722656,,,,Zsuzsanna Gecse,,YES,,,,,https://www.propertyfinder.bh/en/plp/rent/apartment-for-rent-capital-governorate-al-juffair-53878188.html,2026-05-31T13:58:31.068517+00:00,2026-08-09T20:40:10.613404+00:00,70,2026-08-09T20:40:10.613404+00:00
2026-08-10,removed,53933897,,,Apartment,SPECIAL PRICE / MODERN / BEACH ACCESS,500.0,,,,BHD,monthly,,,,,,,,Diyar Al Muharraq,,,26.303447723388672,50.6461296081543,,,,Kristina Rakikji,,YES,,,,,https://www.propertyfinder.bh/en/plp/rent/apartment-for-rent-muharraq-governorate-diyar-al-muharraq-marassi-al-bahrain-53933897.html,2026-05-31T13:58:31.068517+00:00,2026-08-09T20:40:10.613404+00:00,70,2026-08-09T20:40:10.613404+00:00
2026-08-10,removed,53933978,,,Penthouse,PREMIUM WATERFRONT PENTHOUSE FOR SALE,650000.0,,,,BHD,sell,,,,,,,,,,,26.241750717163086,50.5663948059082,,,,Kristina Rakikji,,YES,completed,,,,https://www.propertyfinder.bh/en/plp/buy/penthouse-for-sale-capital-governorate-reef-island-53933978.html,2026-05-31T13:58:31.068517+00:00,2026-08-09T20:40:10.613404+00:00,70,2026-08-09T20:40:10.613404+00:00
2026-08-10,removed,53934264,,,Apartment,AMAZING SEA VIEW APARTMENT / MODERN FURNITURE,900.0,,,,BHD,monthly,,,,,,,,Amwaj Avenue,,,26.29302978515625,50.66474151611328,,,,Kristina Rakikji,,YES,,,,,https://www.propertyfinder.bh/en/plp/rent/apartment-for-rent-muharraq-governorate-amwaj-islands-amwaj-avenue-53934264.html,2026-05-31T13:58:31.068517+00:00,2026-08-09T20:40:10.613404+00:00,70,2026-08-09T20:40:10.613404+00:00
2026-08-10,removed,53934287,,,Apartment,MODERN / SEA VIEW / AMAZING FACILITIES,500.0,,,,BHD,monthly,,,,,,,,Amwaj Avenue,,,26.29302978515625,50.66474151611328,,,,Kristina Rakikji,,YES,,,,,https://www.propertyfinder.bh/en/plp/rent/apartment-for-rent-muharraq-governorate-amwaj-islands-amwaj-avenue-53934287.html,2026-05-31T13:58:31.068517+00:00,2026-08-09T20:40:10.613404+00:00,70,2026-08-09T20:40:10.613404+00:00
2026-08-10,removed,53934320,,,Apartment,AMAZING SEA VIEW APARTMENT / PREMIUM LIFESTYLE,1250.0,,,,BHD,monthly,,,,,,,,,,,26.241750717163086,50.5663948059082,,,,Kristina Rakikji,,YES,,,,,https://www.propertyfinder.bh/en/plp/rent/apartment-for-rent-capital-governorate-reef-island-53934320.html,2026-05-31T13:58:31.068517+00:00,2026-08-09T20:40:10.613404+00:00,70,2026-08-09T20:40:10.613404+00:00
2026-08-10,removed,53960775,,,Apartment,AMAZING DEAL/ BRAND NEW / FREE HOLD,65000.0,,,,BHD,sell,,,,,,,,Amwaj Avenue,,,26.29302978515625,50.66474151611328,,,,Kristina Rakikji,,YES,completed_primary,,,,https://www.propertyfinder.bh/en/plp/buy/apartment-for-sale-muharraq-governorate-amwaj-islands-amwaj-avenue-53960775.html,2026-05-31T13:58:31.068517+00:00,2026-08-09T20:40:10.613404+00:00,70,2026-08-09T20:40:10.613404+00:00
2026-08-10,removed,53961299,,,Penthouse,PREMIUM LIFESTYLE / PANORAMIC VIEW PENTHOUSE,3000.0,,,,BHD,monthly,,,,,,,,,,,26.241750717163086,50.5663948059082,,,,Kristina Rakikji,,YES,,,,,https://www.propertyfinder.bh/en/plp/rent/penthouse-for-rent-capital-governorate-reef-island-53961299.html,2026-05-31T13:58:31.068517+00:00,2026-08-09T20:40:10.613404+00:00,70,2026-08-09T20:40:10.613404+00:00
2026-08-10,removed,53961303,,,Apartment,MODERN APARTMENT/ BRAND NEW FURNITURE/ GREAT PRICE,68000.0,,,,BHD,sell,,,,,,,,Amwaj Avenue,,,26.29302978515625,50.66474151611328,,,,Kristina Rakikji,,YES,completed,,,,https://www.propertyfinder.bh/en/plp/buy/apartment-for-sale-muharraq-governorate-amwaj-islands-amwaj-avenue-53961303.html,2026-05-31T13:58:31.068517+00:00,2026-08-09T20:40:10.613404+00:00,70,2026-08-09T20:40:10.613404+00:00
2026-08-10,removed,54013543,,,Apartment,5 STARS | BEACH ACCESS | DIRECT TO MALL | ADDRESS,650.0,,,,BHD,monthly,,,,,,,,Diyar Al Muharraq,The Address Residences,,26.30344581604004,50.646121978759766,,,,Husain Jaber Abdulla Zaid,,YES,,,,,https://www.propertyfinder.bh/en/plp/rent/apartment-for-rent-muharraq-governorate-diyar-al-muharraq-the-address-residences-54013543.html,2026-06-02T00:10:52.106132+00:00,2026-08-09T20:40:10.613404+00:00,68,2026-08-09T20:40:10.613404+00:00
2026-08-10,removed,54014019,,,Apartment,SEA VIEW APARTMENT /MODERN / HOUSEKEEPING INCLUDED,650.0,,,,BHD,monthly,,,,,,,,Canal View,,,26.273908615112305,50.67207336425781,,,,Kristina Rakikji,,YES,,,,,https://www.propertyfinder.bh/en/plp/rent/apartment-for-rent-muharraq-governorate-dilmunia-island-canal-view-54014019.html,2026-06-02T00:10:52.106132+00:00,2026-08-09T20:40:10.613404+00:00,68,2026-08-09T20:40:10.613404+00:00
2026-08-10,removed,54042043,,,Duplex,Spacious and Bright I | DUPLEX 2BHK | Sea View,500.0,,,,BHD,monthly,,,,,,,,,,,26.211111068725586,50.601112365722656,,,,Saeed Hamueh,,YES,,,,,https://www.propertyfinder.bh/en/plp/rent/duplex-for-rent-capital-governorate-al-juffair-54042043.html,2026-06-02T13:15:39.812588+00:00,2026-08-09T20:40:10.613404+00:00,68,2026-08-09T20:40:10.613404+00:00
2026-08-10,removed,54042156,,,Apartment,SPECIAL OFFER / BRAND NEW / HIGH END FURNITURE,600.0,,,,BHD,monthly,,,,,,,,,,,26.185943603515625,50.46711349487305,,,,Kristina Rakikji,,YES,,,,,https://www.propertyfinder.bh/en/plp/rent/apartment-for-rent-northern-governorate-janabiya-54042156.html,2026-06-02T17:34:08.678888+00:00,2026-08-09T20:40:10.613404+00:00,68,2026-08-09T20:40:10.613404+00:00
2026-08-10,removed,54095890,,,Apartment,SPECIAL OFFER / SPACIOUS SEA VIEW APARTMENT,850.0,,,,BHD,monthly,,,,,,,,,,,26.27286720275879,50.672889709472656,,,,Kristina Rakikji,,YES,,,,,https://www.propertyfinder.bh/en/plp/rent/apartment-for-rent-muharraq-governorate-dilmunia-island-54095890.html,2026-06-04T09:20:16.617738+00:00,2026-08-09T20:40:10.613404+00:00,66,2026-08-09T20:40:10.613404+00:00
2026-08-10,removed,54178645,,,Apartment,Recently Renovated | Spacious | Premium Location,430.0,,,,BHD,monthly,,,,,,,,,,,26.249584197998047,50.580360412597656,,,,Hatem  Kallel,,YES,,,,,https://www.propertyfinder.bh/en/plp/rent/apartment-for-rent-capital-governorate-bahrain-bay-54178645.html,2026-06-07T09:03:56.796196+00:00,2026-08-09T20:40:10.613404+00:00,63,2026-08-09T20:40:10.613404+00:00
2026-08-10,removed,54179083,,,Apartment,AMAZING OFFER / SEA VIEW / SPACIOUS /TOP AMENITIES,490.0,,,,BHD,monthly,,,,,,,,Canal View,,,26.273908615112305,50.67207336425781,,,,Kristina Rakikji,,PARTLY,,,,,https://www.propertyfinder.bh/en/plp/rent/apartment-for-rent-muharraq-governorate-dilmunia-island-canal-view-54179083.html,2026-06-07T12:33:32.749009+00:00,2026-08-09T20:40:10.613404+00:00,63,2026-08-09T20:40:10.613404+00:00
2026-08-10,removed,54206186,,,Apartment,Bright \ Store \ Great Price\ Balconies,700.0,,,,BHD,monthly,,,,,,,,,,,26.241750717163086,50.5663948059082,,,,Ali Sultani,,PARTLY,,,,,https://www.propertyfinder.bh/en/plp/rent/apartment-for-rent-capital-governorate-reef-island-54206186.html,2026-06-08T09:36:29.074314+00:00,2026-08-09T20:40:10.613404+00:00,62,2026-08-09T20:40:10.613404+00:00
2026-08-10,removed,54233999,,,Villa,Luxury Villa for Sale in North Riffa / MY,255000.0,,,,BHD,sell,,,,,,,,North Riffa,,,26.143957138061523,50.547142028808594,,,,Nayla Tabussam,,NO,completed,,,,https://www.propertyfinder.bh/en/plp/buy/villa-for-sale-southern-governorate-riffa-north-riffa-54233999.html,2026-06-09T13:03:47.398622+00:00,2026-08-09T20:40:10.613404+00:00,61,2026-08-09T20:40:10.613404+00:00
2026-08-10,removed,54235141,,,Apartment,SPECIAL PRICE /BRAND NEW /SPACIOUS AND MODERN,1200.0,,,,BHD,monthly,,,,,,,,Amwaj Avenue,,,26.29302978515625,50.66474151611328,,,,Kristina Rakikji,,YES,,,,,https://www.propertyfinder.bh/en/plp/rent/apartment-for-rent-muharraq-governorate-amwaj-islands-amwaj-avenue-54235141.html,2026-06-09T20:48:20.669724+00:00,2026-08-09T20:40:10.613404+00:00,60,2026-08-09T20:40:10.613404+00:00
2026-08-10,removed,54261656,,,Villa,COMMERCIAL WITH 10 PARK / INSTITUTE OFFICES CLINIC,1200.0,,,,BHD,monthly,,,,,,,,,,,26.203079223632812,50.594947814941406,,,,Najeeb Abdulwahed,,PARTLY,,,,,https://www.propertyfinder.bh/en/plp/rent/villa-for-rent-capital-governorate-manama-um-al-hasam-54261656.html,2026-06-10T21:00:38.499992+00:00,2026-08-09T20:40:10.613404+00:00,59,2026-08-09T20:40:10.613404+00:00
2026-08-10,removed,54261669,,,Villa,SINGLE STOREY | PRIVATE POOL | COMPOUND |CLEAN,1350.0,,,,BHD,monthly,,,,,,,,,,,26.140336990356445,50.478271484375,,,,Faustine Chantal,,PARTLY,,,,,https://www.propertyfinder.bh/en/plp/rent/villa-for-rent-northern-governorate-hamala-54261669.html,2026-06-10T21:00:38.499992+00:00,2026-08-09T20:40:10.613404+00:00,59,2026-08-09T20:40:10.613404+00:00
2026-08-10,removed,54261808,,,Villa,Commercial/Residential Villa for rent in Adliya,800.0,,,,BHD,monthly,,,,,,,,,,,26.214487075805664,50.584754943847656,,,,Raashid Kazi,,PARTLY,,,,,https://www.propertyfinder.bh/en/plp/commercial-rent/villa-for-rent-capital-governorate-manama-adliya-54261808.html,2026-06-10T21:00:38.499992+00:00,2026-08-09T20:40:10.613404+00:00,59,2026-08-09T20:40:10.613404+00:00
2026-08-10,removed,54261993,,,Apartment,Freehold | Pool | GYM | IDEAL INVESTEMENT,39000.0,,,,BHD,sell,,,,,,,,Amwaj Homes,,,26.288480758666992,50.66381072998047,,,,Faten Seyeh,,YES,completed,,,,https://www.propertyfinder.bh/en/plp/buy/apartment-for-sale-muharraq-governorate-amwaj-islands-amwaj-homes-54261993.html,2026-06-10T21:00:38.499992+00:00,2026-08-09T20:40:10.613404+00:00,59,2026-08-09T20:40:10.613404+00:00
2026-08-10,removed,54262021,,,Apartment,MODERN | CLEAN |   BRIGHT |   NEAR MAIN ROAD,350.0,,,,BHD,monthly,,,,,,,,,,,26.185943603515625,50.46711349487305,,,,Faustine Chantal,,YES,,,,,https://www.propertyfinder.bh/en/plp/rent/apartment-for-rent-northern-governorate-janabiya-54262021.html,2026-06-10T21:00:38.499992+00:00,2026-08-09T20:40:10.613404+00:00,59,2026-08-09T20:40:10.613404+00:00
2026-08-10,removed,54262290,,,Apartment,ELEGANT 1BR | CITY & SEA VIEW | BALCONY | SEEF,350.0,,,,BHD,monthly,,,,,,,,,,,26.211111068725586,50.601112365722656,,,,Shaji Pathrose,,YES,,,,,https://www.propertyfinder.bh/en/plp/rent/apartment-for-rent-capital-governorate-al-juffair-54262290.html,2026-07-16T13:23:22.641531+00:00,2026-08-09T20:40:10.613404+00:00,24,2026-08-09T20:40:10.613404+00:00
2026-08-10,removed,54262762,,,Apartment,IDEAL SPACE TO BALANCE LIFE- HOMEY PLACE-,410.0,,,,BHD,monthly,,,,,,,,Abraj Al Lulu,,,26.230030059814453,50.55890655517578,,,,Reina San Pascual,,YES,,,,,https://www.propertyfinder.bh/en/plp/rent/apartment-for-rent-capital-governorate-manama-abraj-al-lulu-54262762.html,2026-06-10T21:00:38.499992+00:00,2026-08-09T20:40:10.613404+00:00,59,2026-08-09T20:40:10.613404+00:00
2026-08-10,removed,54262884,,,Apartment,URBAN-CHIC LIVING AT ABRAJ AL LULU,62000.0,,,,BHD,sell,,,,,,,,Abraj Al Lulu,,,26.230030059814453,50.55890655517578,,,,Reina San Pascual,,YES,completed,,,,https://www.propertyfinder.bh/en/plp/buy/apartment-for-sale-capital-governorate-manama-abraj-al-lulu-54262884.html,2026-06-10T21:00:38.499992+00:00,2026-08-09T20:40:10.613404+00:00,59,2026-08-09T20:40:10.613404+00:00
2026-08-10,removed,54262989,,,Apartment,Spacious & Clean | EWA + Internet | Sea View,300.0,,,,BHD,monthly,,,,,,,,,,,26.21263313293457,50.67418670654297,,,,Ahmer Saleem,,YES,,,,,https://www.propertyfinder.bh/en/plp/rent/apartment-for-rent-muharraq-governorate-hidd-54262989.html,2026-06-10T21:00:38.499992+00:00,2026-08-09T20:40:10.613404+00:00,59,2026-08-09T20:40:10.613404+00:00
2026-08-10,removed,54263290,,,Apartment,Balcony Sea View | EWA + Internet | Maids Room,360.0,,,,BHD,monthly,,,,,,,,,,,26.21263313293457,50.67418670654297,,,,Ismail Abdullah,,YES,,,,,https://www.propertyfinder.bh/en/plp/rent/apartment-for-rent-muharraq-governorate-hidd-54263290.html,2026-06-10T21:00:38.499992+00:00,2026-08-09T20:40:10.613404+00:00,59,2026-08-09T20:40:10.613404+00:00
2026-08-10,removed,54287939,,,Apartment,STUDIO 4 SALE IN ONYX|HIGH FLOOR| HIGH ROI|BALCONY,67000.0,,,,BHD,monthly,,,,,,,,,,,26.249584197998047,50.580360412597656,,,,H2H,,YES,,,,,https://www.propertyfinder.bh/en/plp/rent/apartment-for-rent-capital-governorate-bahrain-bay-54287939.html,2026-06-11T20:57:11.134489+00:00,2026-08-09T20:40:10.613404+00:00,58,2026-08-09T20:40:10.613404+00:00
2026-08-10,removed,54290967,,,Apartment,CAT FRIENDLY 1 BR | SEA VIEW | BALCONY |CINEMA,620.0,,,,BHD,monthly,,,,,,,,,,,26.239999771118164,50.5369987487793,,,,Zsuzsanna Gecse,,YES,,,,,https://www.propertyfinder.bh/en/plp/rent/apartment-for-rent-capital-governorate-seef-54290967.html,2026-06-11T20:57:11.134489+00:00,2026-08-09T20:40:10.613404+00:00,58,2026-08-09T20:40:10.613404+00:00
2026-08-10,removed,54290998,,,Apartment,1 BR with  Terrace | Spacious | Ready to move,580.0,,,,BHD,monthly,,,,,,,,,,,26.239999771118164,50.5369987487793,,,,Zsuzsanna Gecse,,YES,,,,,https://www.propertyfinder.bh/en/plp/rent/apartment-for-rent-capital-governorate-seef-54290998.html,2026-06-11T20:57:11.134489+00:00,2026-08-09T20:40:10.613404+00:00,58,2026-08-09T20:40:10.613404+00:00
2026-08-10,removed,54291639,,,Villa,BIG SPACIOUS VILLA | STAND ALONE PVT GARDEN 6 CARS,430000.0,,,,BHD,sell,,,,,,,,,,,26.211111068725586,50.601112365722656,,,,khan Mohammad khan,,YES,completed,,,,https://www.propertyfinder.bh/en/plp/buy/villa-for-sale-capital-governorate-al-juffair-54291639.html,2026-06-12T20:52:20.984950+00:00,2026-08-09T20:40:10.613404+00:00,57,2026-08-09T20:40:10.613404+00:00
2026-08-10,removed,54291700,,,Apartment,GOOD INVESTMENT | LUXURY BRIGHT BALCONY FREE HOLD,57000.0,,,,BHD,sell,,,,,,,,,,,26.211111068725586,50.601112365722656,,,,khan Mohammad khan,,YES,completed,,,,https://www.propertyfinder.bh/en/plp/buy/apartment-for-sale-capital-governorate-al-juffair-54291700.html,2026-06-12T20:52:20.984950+00:00,2026-08-09T20:40:10.613404+00:00,57,2026-08-09T20:40:10.613404+00:00
2026-08-10,removed,54291711,,,Apartment,SEA VIEW | BEST PRICE FOR INVESTMENT | RENTED@270,32500.0,,,,BHD,sell,,,,,,,,,,,26.211111068725586,50.601112365722656,,,,khan Mohammad khan,,YES,completed,,,,https://www.propertyfinder.bh/en/plp/buy/apartment-for-sale-capital-governorate-al-juffair-54291711.html,2026-06-12T20:52:20.984950+00:00,2026-08-09T20:40:10.613404+00:00,57,2026-08-09T20:40:10.613404+00:00
2026-08-10,removed,54299595,,,Apartment,HOT PRICE FREE HOLD 148 SQM SPACIOUS BRIGHT,53000.0,,,,BHD,sell,,,,,,,,,,,26.211111068725586,50.601112365722656,,,,khan Mohammad khan,,YES,completed,,,,https://www.propertyfinder.bh/en/plp/buy/apartment-for-sale-capital-governorate-al-juffair-54299595.html,2026-06-12T20:52:20.984950+00:00,2026-08-09T20:40:10.613404+00:00,57,2026-08-09T20:40:10.613404+00:00
2026-08-10,removed,54302589,,,Apartment,SEA VIEW | ULTRA LUXURY | 5 STAR FACILITIES,350.0,,,,BHD,monthly,,,,,,,,,,,26.211111068725586,50.601112365722656,,,,khan Mohammad khan,,YES,,,,,https://www.propertyfinder.bh/en/plp/rent/apartment-for-rent-capital-governorate-al-juffair-54302589.html,2026-06-12T20:52:20.984950+00:00,2026-08-09T20:40:10.613404+00:00,57,2026-08-09T20:40:10.613404+00:00
2026-08-10,removed,54317378,,,Apartment,Elegant 1 BR with Balcony / SEA VIEW,520.0,,,,BHD,monthly,,,,,,,,,,,26.249584197998047,50.580360412597656,,,,Zsuzsanna Gecse,,YES,,,,,https://www.propertyfinder.bh/en/plp/rent/apartment-for-rent-capital-governorate-bahrain-bay-54317378.html,2026-06-12T20:52:20.984950+00:00,2026-08-09T20:40:10.613404+00:00,57,2026-08-09T20:40:10.613404+00:00
2026-08-10,removed,54317966,,,Apartment,READY TO MOVE 1 BR WITH BALCONY,400.0,,,,BHD,monthly,,,,,,,,,,,26.239999771118164,50.5369987487793,,,,Zsuzsanna Gecse,,YES,,,,,https://www.propertyfinder.bh/en/plp/rent/apartment-for-rent-capital-governorate-seef-54317966.html,2026-06-12T20:52:20.984950+00:00,2026-08-09T20:40:10.613404+00:00,57,2026-08-09T20:40:10.613404+00:00
2026-08-10,removed,54318398,,,Apartment,SEA VIEW LUXURY GREAT FACILITIES BRIGHT WIFI,260.0,,,,BHD,monthly,,,,,,,,,,,26.211111068725586,50.601112365722656,,,,khan Mohammad khan,,YES,,,,,https://www.propertyfinder.bh/en/plp/rent/apartment-for-rent-capital-governorate-al-juffair-54318398.html,2026-06-13T20:35:51.033624+00:00,2026-08-09T20:40:10.613404+00:00,57,2026-08-09T20:40:10.613404+00:00
2026-08-10,removed,54345317,,,Apartment,LUXURY APARTMENT /AMAZING VIEW / HOTEL AMENITIES,520.0,,,,BHD,monthly,,,,,,,,,,,26.249584197998047,50.580360412597656,,,,Kristina Rakikji,,YES,,,,,https://www.propertyfinder.bh/en/plp/rent/apartment-for-rent-capital-governorate-bahrain-bay-54345317.html,2026-06-13T20:35:51.033624+00:00,2026-08-09T20:40:10.613404+00:00,57,2026-08-09T20:40:10.613404+00:00
2026-08-10,removed,54396939,,,Apartment,Easy Paymentplan | No brokerage fee | Big Terraces,249888.0,,,,BHD,sell,,,,,,,,Diyar Al Muharraq,,,26.303447723388672,50.6461296081543,,,,SANAL KAKKAT,,PARTLY,completed_primary,,,,https://www.propertyfinder.bh/en/plp/buy/apartment-for-sale-muharraq-governorate-diyar-al-muharraq-marassi-al-bahrain-54396939.html,2026-06-15T21:06:46.439420+00:00,2026-08-09T20:40:10.613404+00:00,54,2026-08-09T20:40:10.613404+00:00
2026-08-10,removed,54397863,,,Apartment,LUXURIOUS LIVING | AMAZING VIEW | WIFI,310.0,,,,BHD,monthly,,,,,,,,Water Garden City,,,26.24260139465332,50.55380630493164,,,,Ali Sultani,,YES,,,,,https://www.propertyfinder.bh/en/plp/rent/apartment-for-rent-capital-governorate-manama-water-garden-city-54397863.html,2026-06-15T21:06:46.439420+00:00,2026-08-09T20:40:10.613404+00:00,54,2026-08-09T20:40:10.613404+00:00
2026-08-10,removed,54397896,,,Penthouse,LUXURIOUS \ VERY SPACIOUS \ BAY VIEW,1500.0,,,,BHD,monthly,,,,,,,,,,,26.241750717163086,50.5663948059082,,,,Ali Sultani,,YES,,,,,https://www.propertyfinder.bh/en/plp/rent/penthouse-for-rent-capital-governorate-reef-island-54397896.html,2026-06-15T21:06:46.439420+00:00,2026-08-09T20:40:10.613404+00:00,54,2026-08-09T20:40:10.613404+00:00
2026-08-10,removed,54398486,,,Apartment,Spacious City Living at an Attractive Price,240.0,,,,BHD,monthly,,,,,,,,,,,26.23387908935547,50.5939826965332,,,,Majeed Moosa,,YES,,,,,https://www.propertyfinder.bh/en/plp/rent/apartment-for-rent-capital-governorate-hoora-54398486.html,2026-06-15T21:06:46.439420+00:00,2026-08-09T20:40:10.613404+00:00,54,2026-08-09T20:40:10.613404+00:00
2026-08-10,removed,54398646,,,Apartment,25% DOWN PAYMENT | SIDE SEA VIEW 5 STAR FACILITIES,80000.0,,,,BHD,sell,,,,,,,,,,,26.211111068725586,50.601112365722656,,,,khan Mohammad khan,,YES,completed,,,,https://www.propertyfinder.bh/en/plp/buy/apartment-for-sale-capital-governorate-al-juffair-54398646.html,2026-06-15T21:06:46.439420+00:00,2026-08-09T20:40:10.613404+00:00,54,2026-08-09T20:40:10.613404+00:00
2026-08-10,removed,54398668,,,Apartment,PREMIUM 2+MAID FULL SEA VIEW 25% DOWN PAY READY M,102000.0,,,,BHD,sell,,,,,,,,,,,26.211111068725586,50.601112365722656,,,,khan Mohammad khan,,YES,completed,,,,https://www.propertyfinder.bh/en/plp/buy/apartment-for-sale-capital-governorate-al-juffair-54398668.html,2026-06-15T21:06:46.439420+00:00,2026-08-09T20:40:10.613404+00:00,54,2026-08-09T20:40:10.613404+00:00
2026-08-10,removed,54398961,,,Apartment,BEST INVESTMENT | HOT DEAL GOOD VIEW TOP FACILTIES,40000.0,,,,BHD,sell,,,,,,,,,,,26.211111068725586,50.601112365722656,,,,khan Mohammad khan,,YES,completed,,,,https://www.propertyfinder.bh/en/plp/buy/apartment-for-sale-capital-governorate-al-juffair-54398961.html,2026-06-16T21:07:55.403626+00:00,2026-08-09T20:40:10.613404+00:00,53,2026-08-09T20:40:10.613404+00:00
2026-08-10,removed,54451122,,,Apartment,LUXURY FURNISHINGS | SKYLINE VIEW | SEA VIEW,625.0,,,,BHD,monthly,,,,,,,,Canal View,,,26.273908615112305,50.67207336425781,,,,Princess Antonnette Caranto,,YES,,,,,https://www.propertyfinder.bh/en/plp/rent/apartment-for-rent-muharraq-governorate-dilmunia-island-canal-view-54451122.html,2026-06-17T20:50:56.644034+00:00,2026-08-09T20:40:10.613404+00:00,52,2026-08-09T20:40:10.613404+00:00
2026-08-10,removed,54484606,,,Apartment,Cozy One Bedroom Apartment In Sanabis,240.0,,,,BHD,monthly,,,,,,,,Sanabis,,,26.226558685302734,50.5459098815918,,,,Ehab Naser,,YES,,,,,https://www.propertyfinder.bh/en/plp/rent/apartment-for-rent-capital-governorate-manama-sanabis-54484606.html,2026-06-18T20:57:37.279688+00:00,2026-08-09T20:40:10.613404+00:00,51,2026-08-09T20:40:10.613404+00:00
2026-08-10,removed,54540500,,,Apartment,EASY PAYMENT PLAN | PRIVETBEACH ACCESSS | GOOD ROI,338000.0,,,,BHD,sell,,,,,,,,Amwaj Beachfront,,,26.28470230102539,50.664039611816406,,,,SANAL KAKKAT,,YES,completed_primary,,,,https://www.propertyfinder.bh/en/plp/buy/apartment-for-sale-muharraq-governorate-amwaj-islands-amwaj-beachfront-54540500.html,2026-06-20T20:35:32.453033+00:00,2026-08-09T20:40:10.613404+00:00,50,2026-08-09T20:40:10.613404+00:00
2026-08-10,removed,54540554,,,Apartment,BEACH FRONT APARTMENT | GOOD INVESTMENT | BALCONY,124348.0,,,,BHD,sell,,,,,,,,Amwaj Beachfront,,,26.28470230102539,50.664039611816406,,,,SANAL KAKKAT,,YES,completed_primary,,,,https://www.propertyfinder.bh/en/plp/buy/apartment-for-sale-muharraq-governorate-amwaj-islands-amwaj-beachfront-54540554.html,2026-06-20T20:35:32.453033+00:00,2026-08-09T20:40:10.613404+00:00,50,2026-08-09T20:40:10.613404+00:00
2026-08-10,removed,54569576,,,Apartment,SEA VIEW APARTMENT/PREMIUM LIVING /TOP AMENITIES,1150.0,,,,BHD,monthly,,,,,,,,Canal View,,,26.273908615112305,50.67207336425781,,,,Kristina Rakikji,,YES,,,,,https://www.propertyfinder.bh/en/plp/rent/apartment-for-rent-muharraq-governorate-dilmunia-island-canal-view-54569576.html,2026-06-21T11:17:16.187019+00:00,2026-08-09T20:40:10.613404+00:00,49,2026-08-09T20:40:10.613404+00:00
2026-08-10,removed,54625181,,,Apartment,3BHK | 400BD | 70 EWA | GAS | BALCONY | GYM/POOL,400.0,,,,BHD,monthly,,,,,,,,,,,26.27199935913086,50.60900115966797,,,,SANAL KAKKAT,,YES,,,,,https://www.propertyfinder.bh/en/plp/rent/apartment-for-rent-muharraq-governorate-busaiteen-54625181.html,2026-06-23T20:51:22.852189+00:00,2026-08-09T20:40:10.613404+00:00,46,2026-08-09T20:40:10.613404+00:00
2026-08-10,removed,54625206,,,Apartment,Spacious | Near RCSI | Balcony | Bright |,350.0,,,,BHD,monthly,,,,,,,,,,,26.27199935913086,50.60900115966797,,,,SANAL KAKKAT,,YES,,,,,https://www.propertyfinder.bh/en/plp/rent/apartment-for-rent-muharraq-governorate-busaiteen-54625206.html,2026-06-23T20:51:22.852189+00:00,2026-08-09T20:40:10.613404+00:00,46,2026-08-09T20:40:10.613404+00:00
2026-08-10,removed,54625694,,,Apartment,Luxury 2 Bedroom Apartment in Janabiya,375.0,,,,BHD,monthly,,,,,,,,,,,26.185943603515625,50.46711349487305,,,,Abbas  Altaraifi,,YES,,,,,https://www.propertyfinder.bh/en/plp/rent/apartment-for-rent-northern-governorate-janabiya-54625694.html,2026-06-23T20:51:22.852189+00:00,2026-08-09T20:40:10.613404+00:00,46,2026-08-09T20:40:10.613404+00:00
2026-08-10,removed,54626000,,,Shop,"GOOD LOCATION FOR RESTUARANT,OFFICE, CAFE, SHOP",770.0,,,,BHD,monthly,,,,,,,,Diplomatic Area,,,26.240070343017578,50.587345123291016,,,,Ezekiel Kagugube,,YES,,,,,https://www.propertyfinder.bh/en/plp/commercial-rent/shop-for-rent-capital-governorate-manama-diplomatic-area-54626000.html,2026-06-23T20:51:22.852189+00:00,2026-08-09T20:40:10.613404+00:00,46,2026-08-09T20:40:10.613404+00:00
2026-08-10,removed,54626083,,,Apartment,PREMIUM LIVING / PAYMENT PLAN / BY THE BEACH,249888.0,,,,BHD,sell,,,,,,,,Diyar Al Muharraq,,,26.303447723388672,50.6461296081543,,,,Kristina Rakikji,,PARTLY,completed_primary,,,,https://www.propertyfinder.bh/en/plp/buy/apartment-for-sale-muharraq-governorate-diyar-al-muharraq-marassi-al-bahrain-54626083.html,2026-06-23T20:51:22.852189+00:00,2026-08-09T20:40:10.613404+00:00,46,2026-08-09T20:40:10.613404+00:00
2026-08-10,removed,54626302,,,Villa,"Beautiful villa for rent with electricity, furnish",730.0,,,,BHD,monthly,,,,,,,,,,,26.266666412353516,50.650001525878906,,,,Mohammed Ali   ,,YES,,,,,https://www.propertyfinder.bh/en/plp/rent/villa-for-rent-muharraq-governorate-galali-54626302.html,2026-06-23T20:51:22.852189+00:00,2026-08-09T20:40:10.613404+00:00,46,2026-08-09T20:40:10.613404+00:00
2026-08-10,removed,54626306,,,Apartment,"Studio apartment for rent, semi-furnished, electri",120.0,,,,BHD,monthly,,,,,,,,,,,26.25,50.650001525878906,,,,Mohammed Ali   ,,PARTLY,,,,,https://www.propertyfinder.bh/en/plp/rent/apartment-for-rent-muharraq-governorate-arad-54626306.html,2026-06-23T20:51:22.852189+00:00,2026-08-09T20:40:10.613404+00:00,46,2026-08-09T20:40:10.613404+00:00
2026-08-10,removed,54626316,,,Apartment,"Large apartment for rent, entire floor, Abu Kuwara",220.0,,,,BHD,monthly,,,,,,,,,,,26.1314754486084,50.568843841552734,,,,Mohammed Ali   ,,NO,,,,,https://www.propertyfinder.bh/en/plp/rent/apartment-for-rent-southern-governorate-riffa-bu-kowarah-54626316.html,2026-06-23T20:51:22.852189+00:00,2026-08-09T20:40:10.613404+00:00,46,2026-08-09T20:40:10.613404+00:00
2026-08-10,removed,54626321,,,Shop,"Car garage or workshop for rent in Al Hadd, Dilmun",800.0,,,,BHD,monthly,,,,,,,,,,,26.21263313293457,50.67418670654297,,,,Mohammed Ali   ,,YES,,,,,https://www.propertyfinder.bh/en/plp/commercial-rent/shop-for-rent-muharraq-governorate-hidd-54626321.html,2026-06-23T20:51:22.852189+00:00,2026-08-09T20:40:10.613404+00:00,46,2026-08-09T20:40:10.613404+00:00
2026-08-10,removed,54626323,,,Warehouse,Industrial licensed warehouse for rent,900.0,,,,BHD,monthly,,,,,,,,,,,26.140336990356445,50.478271484375,,,,Mohammed Ali   ,,YES,,,,,https://www.propertyfinder.bh/en/plp/commercial-rent/warehouse-for-rent-northern-governorate-hamala-54626323.html,2026-06-23T20:51:22.852189+00:00,2026-08-09T20:40:10.613404+00:00,46,2026-08-09T20:40:10.613404+00:00
2026-08-10,removed,54626326,,,Villa,"Beautiful villa for rent with electricity, furnish",850.0,,,,BHD,monthly,,,,,,,,,,,26.266666412353516,50.650001525878906,,,,Mohammed Ali   ,,YES,,,,,https://www.propertyfinder.bh/en/plp/rent/villa-for-rent-muharraq-governorate-galali-54626326.html,2026-06-23T20:51:22.852189+00:00,2026-08-09T20:40:10.613404+00:00,46,2026-08-09T20:40:10.613404+00:00
2026-08-10,removed,54626328,,,Villa,"Luxury villa for rent, electricity included, semi-",650.0,,,,BHD,monthly,,,,,,,,,,,26.27199935913086,50.60900115966797,,,,Mohammed Ali   ,,PARTLY,,,,,https://www.propertyfinder.bh/en/plp/rent/villa-for-rent-muharraq-governorate-busaiteen-54626328.html,2026-06-23T20:51:22.852189+00:00,2026-08-09T20:40:10.613404+00:00,46,2026-08-09T20:40:10.613404+00:00
2026-08-10,removed,54626361,,,Villa,"House for rent in Isa Town, 4 bedrooms, excellent",350.0,,,,BHD,monthly,,,,,,,,,,,26.16529655456543,50.552181243896484,,,,Mohammed Ali   ,,NO,,,,,https://www.propertyfinder.bh/en/plp/rent/villa-for-rent-central-governorate-isa-town-54626361.html,2026-06-23T20:51:22.852189+00:00,2026-08-09T20:40:10.613404+00:00,46,2026-08-09T20:40:10.613404+00:00
2026-08-10,removed,54626384,,,Warehouse,"Licensed industrial building for rent, equipped wi",900.0,,,,BHD,monthly,,,,,,,,,,,26.05678367614746,50.61648178100586,,,,Mohammed Ali   ,,YES,,,,,https://www.propertyfinder.bh/en/plp/commercial-rent/warehouse-for-rent-southern-governorate-askar-54626384.html,2026-06-23T20:51:22.852189+00:00,2026-08-09T20:40:10.613404+00:00,46,2026-08-09T20:40:10.613404+00:00
2026-08-10,removed,54626387,,,Warehouse,Industrial warehouse for rent with workers' accomm,1200.0,,,,BHD,monthly,,,,,,,,,,,26.05678367614746,50.61648178100586,,,,Mohammed Ali   ,,YES,,,,,https://www.propertyfinder.bh/en/plp/commercial-rent/warehouse-for-rent-southern-governorate-askar-54626387.html,2026-06-23T20:51:22.852189+00:00,2026-08-09T20:40:10.613404+00:00,46,2026-08-09T20:40:10.613404+00:00
2026-08-10,removed,54626391,,,Apartment,"Apartment for rent in Arad, 3 bedrooms",180.0,,,,BHD,monthly,,,,,,,,,,,26.25,50.650001525878906,,,,Mohammed Ali   ,,NO,,,,,https://www.propertyfinder.bh/en/plp/rent/apartment-for-rent-muharraq-governorate-arad-54626391.html,2026-06-23T20:51:22.852189+00:00,2026-08-09T20:40:10.613404+00:00,46,2026-08-09T20:40:10.613404+00:00
2026-08-10,removed,54626394,,,Apartment,Apartment with electricity at an attractive price,230.0,,,,BHD,monthly,,,,,,,,,,,26.188888549804688,50.54999923706055,,,,Mohammed Ali   ,,NO,,,,,https://www.propertyfinder.bh/en/plp/rent/apartment-for-rent-central-governorate-tubli-54626394.html,2026-06-23T20:51:22.852189+00:00,2026-08-09T20:40:10.613404+00:00,46,2026-08-09T20:40:10.613404+00:00
2026-08-10,removed,54626396,,,Apartment,One bedroom and living room with electricity,160.0,,,,BHD,monthly,,,,,,,,,,,26.149999618530273,50.58333206176758,,,,Mohammed Ali   ,,NO,,,,,https://www.propertyfinder.bh/en/plp/rent/apartment-for-rent-central-governorate-sanad-54626396.html,2026-06-23T20:51:22.852189+00:00,2026-08-09T20:40:10.613404+00:00,46,2026-08-09T20:40:10.613404+00:00
2026-08-10,removed,54626399,,,Apartment,Large apartment for rent in Riffa Bu Kuwara 4 room,300.0,,,,BHD,monthly,,,,,,,,,,,26.130512237548828,50.55546569824219,,,,Mohammed Ali   ,,NO,,,,,https://www.propertyfinder.bh/en/plp/rent/apartment-for-rent-southern-governorate-riffa-54626399.html,2026-06-23T20:51:22.852189+00:00,2026-08-09T20:40:10.613404+00:00,46,2026-08-09T20:40:10.613404+00:00
2026-08-10,removed,54626402,,,Apartment,Large apartment for rent in Riffa Bu Kuwara 4 room,300.0,,,,BHD,monthly,,,,,,,,,,,26.1314754486084,50.568843841552734,,,,Mohammed Ali   ,,NO,,,,,https://www.propertyfinder.bh/en/plp/rent/apartment-for-rent-southern-governorate-riffa-bu-kowarah-54626402.html,2026-06-23T20:51:22.852189+00:00,2026-08-09T20:40:10.613404+00:00,46,2026-08-09T20:40:10.613404+00:00
2026-08-10,removed,54626403,,,Apartment,"Apartment for rent at an attractive price, 3 rooms",190.0,,,,BHD,monthly,,,,,,,,,,,26.21263313293457,50.67418670654297,,,,Mohammed Ali   ,,NO,,,,,https://www.propertyfinder.bh/en/plp/rent/apartment-for-rent-muharraq-governorate-hidd-54626403.html,2026-06-23T20:51:22.852189+00:00,2026-08-09T20:40:10.613404+00:00,46,2026-08-09T20:40:10.613404+00:00
2026-08-10,removed,54626404,,,Warehouse,"Workshop for rent in Salmabad, strategic location",650.0,,,,BHD,monthly,,,,,,,,,,,26.183332443237305,50.516666412353516,,,,Mohammed Ali   ,,YES,,,,,https://www.propertyfinder.bh/en/plp/commercial-rent/warehouse-for-rent-central-governorate-salmabad-54626404.html,2026-06-23T20:51:22.852189+00:00,2026-08-09T20:40:10.613404+00:00,46,2026-08-09T20:40:10.613404+00:00
2026-08-10,removed,54626406,,,Villa,House for rent with electricity included Hamad Ton,350.0,,,,BHD,monthly,,,,,,,,,,,26.12916374206543,50.49860763549805,,,,Mohammed Ali   ,,NO,,,,,https://www.propertyfinder.bh/en/plp/rent/villa-for-rent-northern-governorate-hamad-town-54626406.html,2026-06-23T20:51:22.852189+00:00,2026-08-09T20:40:10.613404+00:00,46,2026-08-09T20:40:10.613404+00:00
2026-08-10,removed,54626413,,,Apartment,"Apartment for rent, one bedroom and living room, w",160.0,,,,BHD,monthly,,,,,,,,,,,26.25,50.650001525878906,,,,Mohammed Ali   ,,NO,,,,,https://www.propertyfinder.bh/en/plp/rent/apartment-for-rent-muharraq-governorate-arad-54626413.html,2026-06-23T20:51:22.852189+00:00,2026-08-09T20:40:10.613404+00:00,46,2026-08-09T20:40:10.613404+00:00
2026-08-10,removed,54626416,,,Villa,Villa for rent with electricity near Busaiteen,450.0,,,,BHD,monthly,,,,,,,,,,,26.285566329956055,50.623756408691406,,,,Mohammed Ali   ,,PARTLY,,,,,https://www.propertyfinder.bh/en/plp/rent/villa-for-rent-muharraq-governorate-al-dair-54626416.html,2026-06-23T20:51:22.852189+00:00,2026-08-09T20:40:10.613404+00:00,46,2026-08-09T20:40:10.613404+00:00
2026-08-10,removed,54626418,,,Apartment,"Large apartment for rent in Arad, 3 bedrooms",260.0,,,,BHD,monthly,,,,,,,,,,,26.25,50.650001525878906,,,,Mohammed Ali   ,,NO,,,,,https://www.propertyfinder.bh/en/plp/rent/apartment-for-rent-muharraq-governorate-arad-54626418.html,2026-06-23T20:51:22.852189+00:00,2026-08-09T20:40:10.613404+00:00,46,2026-08-09T20:40:10.613404+00:00
2026-08-10,removed,54626420,,,Apartment,Spacious 3-bedroom apartment for rent,200.0,,,,BHD,monthly,,,,,,,,,,,26.25,50.650001525878906,,,,Mohammed Ali   ,,NO,,,,,https://www.propertyfinder.bh/en/plp/rent/apartment-for-rent-muharraq-governorate-arad-54626420.html,2026-06-23T20:51:22.852189+00:00,2026-08-09T20:40:10.613404+00:00,46,2026-08-09T20:40:10.613404+00:00
2026-08-10,removed,54626432,,,Apartment,"Apartment for rent in Arad, 3 bedrooms",180.0,,,,BHD,monthly,,,,,,,,,,,26.25,50.650001525878906,,,,Mohammed Ali   ,,NO,,,,,https://www.propertyfinder.bh/en/plp/rent/apartment-for-rent-muharraq-governorate-arad-54626432.html,2026-06-23T20:51:22.852189+00:00,2026-08-09T20:40:10.613404+00:00,46,2026-08-09T20:40:10.613404+00:00
2026-08-10,removed,54626446,,,Warehouse,Industrial licensed warehouse for rent in Al Hadd,1600.0,,,,BHD,monthly,,,,,,,,,,,26.21263313293457,50.67418670654297,,,,Mohammed Ali   ,,YES,,,,,https://www.propertyfinder.bh/en/plp/commercial-rent/warehouse-for-rent-muharraq-governorate-hidd-54626446.html,2026-06-23T20:51:22.852189+00:00,2026-08-09T20:40:10.613404+00:00,46,2026-08-09T20:40:10.613404+00:00
2026-08-10,removed,54626454,,,Villa,"Villa for rent, 5 rooms, Riffa, Al Hujaiyat",450.0,,,,BHD,monthly,,,,,,,,,,,26.130512237548828,50.55546569824219,,,,Mohammed Ali   ,,PARTLY,,,,,https://www.propertyfinder.bh/en/plp/rent/villa-for-rent-southern-governorate-riffa-54626454.html,2026-06-24T20:40:58.428770+00:00,2026-08-09T20:40:10.613404+00:00,45,2026-08-09T20:40:10.613404+00:00
2026-08-10,removed,54626455,,,Villa,"Villa for rent, 5 rooms, Riffa, Al Hujaiyat",450.0,,,,BHD,monthly,,,,,,,,Alhajiyat,,,26.128984451293945,50.58171463012695,,,,Mohammed Ali   ,,PARTLY,,,,,https://www.propertyfinder.bh/en/plp/rent/villa-for-rent-southern-governorate-riffa-alhajiyat-54626455.html,2026-06-24T20:40:58.428770+00:00,2026-08-09T20:40:10.613404+00:00,45,2026-08-09T20:40:10.613404+00:00
2026-08-10,removed,54626460,,,Apartment,"Furnished apartment for rent in Busaiteen, includi",380.0,,,,BHD,monthly,,,,,,,,,,,26.27199935913086,50.60900115966797,,,,Mohammed Ali   ,,YES,,,,,https://www.propertyfinder.bh/en/plp/rent/apartment-for-rent-muharraq-governorate-busaiteen-54626460.html,2026-06-24T20:40:58.428770+00:00,2026-08-09T20:40:10.613404+00:00,45,2026-08-09T20:40:10.613404+00:00
2026-08-10,removed,54626463,,,Apartment,"Apartment for rent, entire floor in Isa Town",250.0,,,,BHD,monthly,,,,,,,,,,,26.16529655456543,50.552181243896484,,,,Mohammed Ali   ,,NO,,,,,https://www.propertyfinder.bh/en/plp/rent/apartment-for-rent-central-governorate-isa-town-54626463.html,2026-06-24T20:40:58.428770+00:00,2026-08-09T20:40:10.613404+00:00,45,2026-08-09T20:40:10.613404+00:00
2026-08-10,removed,54653293,,,Villa,"Luxury villa for rent, 4 bedrooms, Riffa Bu Kuwara",380.0,,,,BHD,monthly,,,,,,,,,,,26.1314754486084,50.568843841552734,,,,Mohammed Ali   ,,NO,,,,,https://www.propertyfinder.bh/en/plp/rent/villa-for-rent-southern-governorate-riffa-bu-kowarah-54653293.html,2026-06-24T20:40:58.428770+00:00,2026-08-09T20:40:10.613404+00:00,45,2026-08-09T20:40:10.613404+00:00
2026-08-10,removed,54653471,,,Apartment,"Superb, Stylish Sea and City View Apartment",97000.0,,,,BHD,sell,,,,,,,,,,,26.211111068725586,50.601112365722656,,,,Bilal Mohamed,,YES,completed,,,,https://www.propertyfinder.bh/en/plp/buy/apartment-for-sale-capital-governorate-al-juffair-54653471.html,2026-06-24T20:40:58.428770+00:00,2026-08-09T20:40:10.613404+00:00,45,2026-08-09T20:40:10.613404+00:00
2026-08-10,removed,54654442,,,Apartment,LUXURY STUDIO APARTMENT II POOL AND GYM II,280.0,,,,BHD,monthly,,,,,,,,,,,26.27199935913086,50.60900115966797,,,,AHMED,,YES,,,,,https://www.propertyfinder.bh/en/plp/rent/apartment-for-rent-muharraq-governorate-busaiteen-54654442.html,2026-06-24T20:40:58.428770+00:00,2026-08-09T20:40:10.613404+00:00,45,2026-08-09T20:40:10.613404+00:00
2026-08-10,removed,54655287,,,Apartment,Stylish and Spacious Family Apartment    .,350.0,,,,BHD,monthly,,,,,,,,Sanabis,,,26.226558685302734,50.5459098815918,,,,Ehab Naser,,YES,,,,,https://www.propertyfinder.bh/en/plp/rent/apartment-for-rent-capital-governorate-manama-sanabis-54655287.html,2026-06-24T20:40:58.428770+00:00,2026-08-09T20:40:10.613404+00:00,45,2026-08-09T20:40:10.613404+00:00
2026-08-10,removed,54716182,,,Apartment,Apartments for Sale in Marassi | No Brokerage fee,223888.0,,,,BHD,sell,,,,,,,,Diyar Al Muharraq,,,26.303447723388672,50.6461296081543,,,,SANAL KAKKAT,,YES,completed_primary,,,,https://www.propertyfinder.bh/en/plp/buy/apartment-for-sale-muharraq-governorate-diyar-al-muharraq-marassi-al-bahrain-54716182.html,2026-06-26T20:41:07.599923+00:00,2026-08-09T20:40:10.613404+00:00,43,2026-08-09T20:40:10.613404+00:00
2026-08-10,removed,54716186,,,Apartment,BEACH ACCESS | HIGH ROI INVESTMENT | AMENITIES,129888.0,,,,BHD,sell,,,,,,,,Diyar Al Muharraq,,,26.303447723388672,50.6461296081543,,,,SANAL KAKKAT,,YES,completed_primary,,,,https://www.propertyfinder.bh/en/plp/buy/apartment-for-sale-muharraq-governorate-diyar-al-muharraq-marassi-al-bahrain-54716186.html,2026-06-26T20:41:07.599923+00:00,2026-08-09T20:40:10.613404+00:00,43,2026-08-09T20:40:10.613404+00:00
2026-08-10,removed,54716212,,,Hotel Apartment,HIGH ROI | INVESTMENT | PRIVET BEACH ACCESS,158888.0,,,,BHD,sell,,,,,,,,Diyar Al Muharraq,,,26.303447723388672,50.6461296081543,,,,SANAL KAKKAT,,YES,completed_primary,,,,https://www.propertyfinder.bh/en/plp/buy/hotel-apartment-for-sale-muharraq-governorate-diyar-al-muharraq-marassi-al-bahrain-54716212.html,2026-06-26T20:41:07.599923+00:00,2026-08-09T20:40:10.613404+00:00,43,2026-08-09T20:40:10.613404+00:00
2026-08-10,removed,54716809,,,Apartment,LUXURY 3BHK | HOUSE KEEPING | SEMI CLOSED KITCHEN,550.0,,,,BHD,monthly,,,,,,,,,,,26.21693992614746,50.57733154296875,,,,SANAL KAKKAT,,YES,,,,,https://www.propertyfinder.bh/en/plp/rent/apartment-for-rent-capital-governorate-manama-segaya-54716809.html,2026-06-26T20:41:07.599923+00:00,2026-08-09T20:40:10.613404+00:00,43,2026-08-09T20:40:10.613404+00:00
2026-08-10,removed,54716810,,,Apartment,SPACIOUS | HOUSE KEEPING | CITY VIEW | BALCONY,500.0,,,,BHD,monthly,,,,,,,,,,,26.207910537719727,50.587345123291016,,,,SANAL KAKKAT,,YES,,,,,https://www.propertyfinder.bh/en/plp/rent/apartment-for-rent-capital-governorate-manama-mahooz-54716810.html,2026-06-26T20:41:07.599923+00:00,2026-08-09T20:40:10.613404+00:00,43,2026-08-09T20:40:10.613404+00:00
2026-08-10,removed,54716811,,,Apartment,STUDIO | BRIGHT | MODERN | LUXURY | SPACIOUS | SEA,42000.0,,,,BHD,sell,,,,,,,,,,,26.239999771118164,50.5369987487793,,,,SANAL KAKKAT,,YES,completed_primary,,,,https://www.propertyfinder.bh/en/plp/buy/apartment-for-sale-capital-governorate-seef-54716811.html,2026-06-26T20:41:07.599923+00:00,2026-08-09T20:40:10.613404+00:00,43,2026-08-09T20:40:10.613404+00:00
2026-08-10,removed,54716818,,,Apartment,SEA VIEW | BALONY | SPACIOUS | BRIGHT | MODERN,70000.0,,,,BHD,sell,,,,,,,,,,,26.239999771118164,50.5369987487793,,,,SANAL KAKKAT,,YES,completed_primary,,,,https://www.propertyfinder.bh/en/plp/buy/apartment-for-sale-capital-governorate-seef-54716818.html,2026-06-26T20:41:07.599923+00:00,2026-08-09T20:40:10.613404+00:00,43,2026-08-09T20:40:10.613404+00:00
2026-08-10,removed,54772580,,,Apartment,GREAT OFFER / MODERN AND SPACIOUS/ TOP FACILITIES,340.0,,,,BHD,monthly,,,,,,,,The Treasure,,,26.27286720275879,50.672889709472656,,,,Kristina Rakikji,,YES,,,,,https://www.propertyfinder.bh/en/plp/rent/apartment-for-rent-muharraq-governorate-dilmunia-island-the-treasure-54772580.html,2026-06-28T20:33:34.411222+00:00,2026-08-09T20:40:10.613404+00:00,42,2026-08-09T20:40:10.613404+00:00
2026-08-10,removed,54801599,,,Apartment,BRAND NEW /SEA VIEW/ AMAZING AMENITIES,700.0,,,,BHD,monthly,,,,,,,,Canal View,,,26.273908615112305,50.67207336425781,,,,Kristina Rakikji,,YES,,,,,https://www.propertyfinder.bh/en/plp/rent/apartment-for-rent-muharraq-governorate-dilmunia-island-canal-view-54801599.html,2026-06-29T20:43:30.057141+00:00,2026-08-09T20:40:10.613404+00:00,40,2026-08-09T20:40:10.613404+00:00
2026-08-10,removed,54829375,,,Villa,"Villa for rent in Riffa Bu Kuwara, 4 bedrooms, sem",700.0,,,,BHD,monthly,,,,,,,,,,,26.1314754486084,50.568843841552734,,,,Mohammed Ali   ,,PARTLY,,,,,https://www.propertyfinder.bh/en/plp/rent/villa-for-rent-southern-governorate-riffa-bu-kowarah-54829375.html,2026-06-30T20:46:10.808700+00:00,2026-08-09T20:40:10.613404+00:00,39,2026-08-09T20:40:10.613404+00:00
2026-08-10,removed,54829472,,,Apartment,RENT IN ONYX SEA VIEW LUXURY APARTMENT,550.0,,,,BHD,monthly,,,,,,,,,,,26.249584197998047,50.580360412597656,,,,Kristina Rakikji,,YES,,,,,https://www.propertyfinder.bh/en/plp/rent/apartment-for-rent-capital-governorate-bahrain-bay-54829472.html,2026-06-30T20:46:10.808700+00:00,2026-08-09T20:40:10.613404+00:00,39,2026-08-09T20:40:10.613404+00:00
2026-08-10,removed,54856443,,,Apartment,Sea View | Split AC | Modern Interior | Parking |,280.0,,,,BHD,monthly,,,,,,,,,,,26.207910537719727,50.587345123291016,,,,Christyl Lebosada,,YES,,,,,https://www.propertyfinder.bh/en/plp/rent/apartment-for-rent-capital-governorate-manama-mahooz-54856443.html,2026-07-01T20:42:37.190448+00:00,2026-08-09T20:40:10.613404+00:00,38,2026-08-09T20:40:10.613404+00:00
2026-08-10,removed,54856778,,,Apartment,HOT DEAL / BEAUTIFUL APARTMENT/ TOP AMENITIES,425.0,,,,BHD,monthly,,,,,,,,,,,26.211111068725586,50.601112365722656,,,,Kristina Rakikji,,YES,,,,,https://www.propertyfinder.bh/en/plp/rent/apartment-for-rent-capital-governorate-al-juffair-54856778.html,2026-07-01T20:42:37.190448+00:00,2026-08-09T20:40:10.613404+00:00,38,2026-08-09T20:40:10.613404+00:00
2026-08-10,removed,54858429,,,Apartment,MODERN APARTMENT / NEXT TO LAGOON /KIDS PLAYGROUND,400.0,,,,BHD,monthly,,,,,,,,The Lagoon,,,26.287778854370117,50.66339111328125,,,,Kristina Rakikji,,YES,,,,,https://www.propertyfinder.bh/en/plp/rent/apartment-for-rent-muharraq-governorate-amwaj-islands-the-lagoon-54858429.html,2026-07-01T20:42:37.190448+00:00,2026-08-09T20:40:10.613404+00:00,38,2026-08-09T20:40:10.613404+00:00
2026-08-10,removed,54885927,,,Apartment,BEACH ACCESS - NEXT MALL - FURNISHED - BEST DEAL,620.0,,,,BHD,monthly,,,,,,,,Diyar Al Muharraq,,,26.303447723388672,50.6461296081543,,,,Husain Jaber Abdulla Zaid,,YES,,,,,https://www.propertyfinder.bh/en/plp/rent/apartment-for-rent-muharraq-governorate-diyar-al-muharraq-marassi-al-bahrain-54885927.html,2026-07-02T20:35:29.272680+00:00,2026-08-09T20:40:10.613404+00:00,38,2026-08-09T20:40:10.613404+00:00
2026-08-10,removed,54886438,,,Apartment,BEST OFFER ON THE MARKET / FREE HOLD / SPACIOUS,55000.0,,,,BHD,sell,,,,,,,,Amwaj Avenue,,,26.29302978515625,50.66474151611328,,,,Kristina Rakikji,,YES,completed,,,,https://www.propertyfinder.bh/en/plp/buy/apartment-for-sale-muharraq-governorate-amwaj-islands-amwaj-avenue-54886438.html,2026-07-02T20:35:29.272680+00:00,2026-08-09T20:40:10.613404+00:00,38,2026-08-09T20:40:10.613404+00:00
2026-08-10,removed,54941127,,,Villa,Modern - Bright - Spacious - Pool - Gym- Garden,1000.0,,,,BHD,monthly,,,,,,,,,,,26.185943603515625,50.46711349487305,,,,Irfan Ali,,PARTLY,,,,,https://www.propertyfinder.bh/en/plp/rent/villa-for-rent-northern-governorate-janabiya-54941127.html,2026-07-04T21:05:04.819049+00:00,2026-08-09T20:40:10.613404+00:00,35,2026-08-09T20:40:10.613404+00:00
2026-08-10,removed,54941785,,,Apartment,Brand New-Freehold-Luxury-Majlis - 2 Hall- 3 BHK,62000.0,,,,BHD,sell,,,,,,,,,,,26.21263313293457,50.67418670654297,,,,Odai Ajamieh,,NO,completed_primary,,,,https://www.propertyfinder.bh/en/plp/buy/apartment-for-sale-muharraq-governorate-hidd-54941785.html,2026-07-04T21:05:04.819049+00:00,2026-08-09T20:40:10.613404+00:00,35,2026-08-09T20:40:10.613404+00:00
2026-08-10,removed,54941836,,,Apartment,Brand new - a Prime location - majlis- hall 4 BDR,73000.0,,,,BHD,sell,,,,,,,,,,,26.21263313293457,50.67418670654297,,,,Odai Ajamieh,,PARTLY,completed_primary,,,,https://www.propertyfinder.bh/en/plp/buy/apartment-for-sale-muharraq-governorate-hidd-54941836.html,2026-07-04T21:05:04.819049+00:00,2026-08-09T20:40:10.613404+00:00,35,2026-08-09T20:40:10.613404+00:00
2026-08-10,removed,54941880,,,Apartment,Brand new- Huge Flat -Good price -A prime location,71000.0,,,,BHD,sell,,,,,,,,,,,26.21263313293457,50.67418670654297,,,,Odai Ajamieh,,NO,completed_primary,,,,https://www.propertyfinder.bh/en/plp/buy/apartment-for-sale-muharraq-governorate-hidd-54941880.html,2026-07-04T21:05:04.819049+00:00,2026-08-09T20:40:10.613404+00:00,35,2026-08-09T20:40:10.613404+00:00
2026-08-10,removed,54941904,,,Apartment,Hot deal - Mailis - Hall - 3 BDR - With AC,62000.0,,,,BHD,sell,,,,,,,,,,,26.21263313293457,50.67418670654297,,,,Odai Ajamieh,,PARTLY,completed_primary,,,,https://www.propertyfinder.bh/en/plp/buy/apartment-for-sale-muharraq-governorate-hidd-54941904.html,2026-07-04T21:05:04.819049+00:00,2026-08-09T20:40:10.613404+00:00,35,2026-08-09T20:40:10.613404+00:00
2026-08-10,removed,54941929,,,Apartment,Brand new-a prime location-4 Rooms- Accept Tasheel,60000.0,,,,BHD,sell,,,,,,,,,,,26.21263313293457,50.67418670654297,,,,Odai Ajamieh,,NO,completed_primary,,,,https://www.propertyfinder.bh/en/plp/buy/apartment-for-sale-muharraq-governorate-hidd-54941929.html,2026-07-04T21:05:04.819049+00:00,2026-08-09T20:40:10.613404+00:00,35,2026-08-09T20:40:10.613404+00:00
2026-08-10,removed,54942015,,,Apartment,Luxury Flat - 2 BHK - A Prime Location -Great Deal,43000.0,,,,BHD,sell,,,,,,,,,,,26.21263313293457,50.67418670654297,,,,Odai Ajamieh,,PARTLY,completed,,,,https://www.propertyfinder.bh/en/plp/buy/apartment-for-sale-muharraq-governorate-hidd-54942015.html,2026-07-04T21:05:04.819049+00:00,2026-08-09T20:40:10.613404+00:00,35,2026-08-09T20:40:10.613404+00:00
2026-08-10,removed,54942369,,,Apartment,Freehold - Brand New - Majlis - 2Hall - 4 bedrooms,70000.0,,,,BHD,sell,,,,,,,,,,,26.21263313293457,50.67418670654297,,,,Odai Ajamieh,,NO,completed_primary,,,,https://www.propertyfinder.bh/en/plp/buy/apartment-for-sale-muharraq-governorate-hidd-54942369.html,2026-07-04T21:05:04.819049+00:00,2026-08-09T20:40:10.613404+00:00,35,2026-08-09T20:40:10.613404+00:00
2026-08-10,removed,54942371,,,Apartment,Luxury Flat - Fully Furnished - nice view - Gym,56000.0,,,,BHD,sell,,,,,,,,,,,26.21263313293457,50.67418670654297,,,,Odai Ajamieh,,YES,completed,,,,https://www.propertyfinder.bh/en/plp/buy/apartment-for-sale-muharraq-governorate-hidd-54942371.html,2026-07-04T21:05:04.819049+00:00,2026-08-09T20:40:10.613404+00:00,35,2026-08-09T20:40:10.613404+00:00
2026-08-10,removed,54942391,,,Apartment,Brand new - Luxury Flat - AC - Accept Tasheel,65000.0,,,,BHD,sell,,,,,,,,,,,26.21263313293457,50.67418670654297,,,,Odai Ajamieh,,PARTLY,completed_primary,,,,https://www.propertyfinder.bh/en/plp/buy/apartment-for-sale-muharraq-governorate-hidd-54942391.html,2026-07-04T21:05:04.819049+00:00,2026-08-09T20:40:10.613404+00:00,35,2026-08-09T20:40:10.613404+00:00
2026-08-10,removed,54942394,,,Apartment,BEACH ACCESS - NEXT MALL - NICE FACILITIES - COZY,320.0,,,,BHD,monthly,,,,,,,,Diyar Al Muharraq,,,26.303447723388672,50.6461296081543,,,,Husain Jaber Abdulla Zaid,,PARTLY,,,,,https://www.propertyfinder.bh/en/plp/rent/apartment-for-rent-muharraq-governorate-diyar-al-muharraq-marassi-al-bahrain-54942394.html,2026-07-04T21:05:04.819049+00:00,2026-08-09T20:40:10.613404+00:00,35,2026-08-09T20:40:10.613404+00:00
2026-08-10,removed,54942411,,,Apartment,Brand new - Majlis - Hall - 3 Room- Accept TASHEEL,64500.0,,,,BHD,sell,,,,,,,,,,,26.21263313293457,50.67418670654297,,,,Odai Ajamieh,,PARTLY,completed_primary,,,,https://www.propertyfinder.bh/en/plp/buy/apartment-for-sale-muharraq-governorate-hidd-54942411.html,2026-07-04T21:05:04.819049+00:00,2026-08-09T20:40:10.613404+00:00,35,2026-08-09T20:40:10.613404+00:00
2026-08-10,removed,54942441,,,Apartment,Apartment for rent including electricity,160.0,,,,BHD,monthly,,,,,,,,,,,26.266666412353516,50.650001525878906,,,,AL LAGOON REAL ESTATE,,PARTLY,,,,,https://www.propertyfinder.bh/en/plp/rent/apartment-for-rent-muharraq-governorate-galali-54942441.html,2026-07-04T21:05:04.819049+00:00,2026-08-09T20:40:10.613404+00:00,35,2026-08-09T20:40:10.613404+00:00
2026-08-10,removed,54997819,,,Apartment,Unlimited EWA | Perfect for Families I Pool I Gym,450.0,,,,BHD,monthly,,,,,,,,Sanabis,,,26.226558685302734,50.5459098815918,,,,Antony Shaiju,,YES,,,,,https://www.propertyfinder.bh/en/plp/rent/apartment-for-rent-capital-governorate-manama-sanabis-54997819.html,2026-07-06T21:42:21.442506+00:00,2026-08-09T20:40:10.613404+00:00,33,2026-08-09T20:40:10.613404+00:00
2026-08-10,removed,54997841,,,Apartment,FREEHOLD - HOT DEAL - HIGH FLOOR - MODER,32000.0,,,,BHD,sell,,,,,,,,,,,26.211111068725586,50.601112365722656,,,,Husain Jaber Abdulla Zaid,,YES,completed,,,,https://www.propertyfinder.bh/en/plp/buy/apartment-for-sale-capital-governorate-al-juffair-54997841.html,2026-07-06T21:42:21.442506+00:00,2026-08-09T20:40:10.613404+00:00,33,2026-08-09T20:40:10.613404+00:00
2026-08-10,removed,54997879,,,Apartment,Premium Apartment for Rent in Onyx Rotana,700.0,,,,BHD,monthly,,,,,,,,,,,26.249584197998047,50.580360412597656,,,,Husain Jaber Abdulla Zaid,,YES,,,,,https://www.propertyfinder.bh/en/plp/rent/apartment-for-rent-capital-governorate-bahrain-bay-54997879.html,2026-07-06T21:42:21.442506+00:00,2026-08-09T20:40:10.613404+00:00,33,2026-08-09T20:40:10.613404+00:00
2026-08-10,removed,55026714,,,Apartment,Fontana Infinity B City View Balcony,73000.0,,,,BHD,sell,,,,,,,,,,,26.211111068725586,50.601112365722656,,,,Maher Alimadi,,YES,completed,,,,https://www.propertyfinder.bh/en/plp/buy/apartment-for-sale-capital-governorate-al-juffair-55026714.html,2026-07-07T21:36:02.082787+00:00,2026-08-09T20:40:10.613404+00:00,32,2026-08-09T20:40:10.613404+00:00
2026-08-10,removed,55027260,,,Apartment,BEAUTIFULL VIEW / SPACIOUS / TOP AMENITIES,400.0,,,,BHD,monthly,,,,,,,,Amwaj Avenue,,,26.29302978515625,50.66474151611328,,,,Kristina Rakikji,,YES,,,,,https://www.propertyfinder.bh/en/plp/rent/apartment-for-rent-muharraq-governorate-amwaj-islands-amwaj-avenue-55027260.html,2026-07-07T21:36:02.082787+00:00,2026-08-09T20:40:10.613404+00:00,32,2026-08-09T20:40:10.613404+00:00
2026-08-10,removed,55027614,,,Apartment,REDUCED PRICE | Closed Kitchen | Balcony |,375.0,,,,BHD,monthly,,,,,,,,,,,26.207910537719727,50.587345123291016,,,,Christyl Lebosada,,YES,,,,,https://www.propertyfinder.bh/en/plp/rent/apartment-for-rent-capital-governorate-manama-mahooz-55027614.html,2026-07-07T21:36:02.082787+00:00,2026-08-09T20:40:10.613404+00:00,32,2026-08-09T20:40:10.613404+00:00
2026-08-10,removed,55055652,,,Apartment,SEA VIEW STUDIO | BALCONY | PRIME SEEF,300.0,,,,BHD,monthly,,,,,,,,,,,26.239999771118164,50.5369987487793,,,,Farhan Tariq,,YES,,,,,https://www.propertyfinder.bh/en/plp/rent/apartment-for-rent-capital-governorate-seef-55055652.html,2026-07-08T21:15:46.223277+00:00,2026-08-09T20:40:10.613404+00:00,31,2026-08-09T20:40:10.613404+00:00
2026-08-10,removed,55055831,,,Apartment,SEA VIEW STUDIO | BALCONY | MODERN LIVING,330.0,,,,BHD,monthly,,,,,,,,,,,26.239999771118164,50.5369987487793,,,,Farhan Tariq,,YES,,,,,https://www.propertyfinder.bh/en/plp/rent/apartment-for-rent-capital-governorate-seef-55055831.html,2026-07-08T21:15:46.223277+00:00,2026-08-09T20:40:10.613404+00:00,31,2026-08-09T20:40:10.613404+00:00
2026-08-10,removed,55056175,,,Apartment,SPACIOUS 3BR | BEACH ACCESS | MARASSI LIVING,800.0,,,,BHD,monthly,,,,,,,,Diyar Al Muharraq,,,26.303447723388672,50.6461296081543,,,,Farhan Tariq,,YES,,,,,https://www.propertyfinder.bh/en/plp/rent/apartment-for-rent-muharraq-governorate-diyar-al-muharraq-marassi-al-bahrain-55056175.html,2026-07-08T21:15:46.223277+00:00,2026-08-09T20:40:10.613404+00:00,31,2026-08-09T20:40:10.613404+00:00
2026-08-10,removed,55056323,,,Apartment,HOT DEAL / SPACIOUS AND MODERN,400.0,,,,BHD,monthly,,,,,,,,Amwaj Avenue,,,26.29302978515625,50.66474151611328,,,,Kristina Rakikji,,YES,,,,,https://www.propertyfinder.bh/en/plp/rent/apartment-for-rent-muharraq-governorate-amwaj-islands-amwaj-avenue-55056323.html,2026-07-08T21:15:46.223277+00:00,2026-08-09T20:40:10.613404+00:00,31,2026-08-09T20:40:10.613404+00:00
2026-08-10,removed,55056392,,,Apartment,BRAND NEW - BEACH ACCESS - STEO TO MALL - TERRACES,750.0,,,,BHD,monthly,,,,,,,,Diyar Al Muharraq,,,26.303447723388672,50.6461296081543,,,,Husain Jaber Abdulla Zaid,,PARTLY,,,,,https://www.propertyfinder.bh/en/plp/rent/apartment-for-rent-muharraq-governorate-diyar-al-muharraq-marassi-al-bahrain-55056392.html,2026-07-08T21:15:46.223277+00:00,2026-08-09T20:40:10.613404+00:00,31,2026-08-09T20:40:10.613404+00:00
2026-08-10,removed,55056693,,,Apartment,HOT DEAL NEGOTIABLE SEAVIEW BALCONY PET FREE,120000.0,,,,BHD,sell,,,,,,,,,,,26.241750717163086,50.5663948059082,,,,Ezekiel Kagugube,,YES,completed,,,,https://www.propertyfinder.bh/en/plp/buy/apartment-for-sale-capital-governorate-reef-island-55056693.html,2026-07-08T21:15:46.223277+00:00,2026-08-09T20:40:10.613404+00:00,31,2026-08-09T20:40:10.613404+00:00
2026-08-10,removed,55083978,,,Apartment,1 BR Furnish | luxury living Panoramic Sea View |,310.0,,,,BHD,monthly,,,,,,,,,,,26.211111068725586,50.601112365722656,,,,JUNAID MUNAWAR,,YES,,,,,https://www.propertyfinder.bh/en/plp/rent/apartment-for-rent-capital-governorate-al-juffair-55083978.html,2026-07-09T21:28:23.078681+00:00,2026-08-09T20:40:10.613404+00:00,30,2026-08-09T20:40:10.613404+00:00
2026-08-10,removed,55084571,,,Apartment,HOT DEAL / LUXURIOUS SEA VIEW APARTMENT,94500.0,,,,BHD,sell,,,,,,,,Canal View,,,26.273908615112305,50.67207336425781,,,,Kristina Rakikji,,YES,completed,,,,https://www.propertyfinder.bh/en/plp/buy/apartment-for-sale-muharraq-governorate-dilmunia-island-canal-view-55084571.html,2026-07-09T21:28:23.078681+00:00,2026-08-09T20:40:10.613404+00:00,30,2026-08-09T20:40:10.613404+00:00
2026-08-10,removed,55085874,,,Apartment,Sea View | Housekeeping | Spacious | Internet |,430.0,,,,BHD,monthly,,,,,,,,,,,26.203079223632812,50.594947814941406,,,,Christyl Lebosada,,YES,,,,,https://www.propertyfinder.bh/en/plp/rent/apartment-for-rent-capital-governorate-manama-um-al-hasam-55085874.html,2026-07-09T21:28:23.078681+00:00,2026-08-09T20:40:10.613404+00:00,30,2026-08-09T20:40:10.613404+00:00
2026-08-10,removed,55113472,,,Apartment,Spacious | Elegant |Modern | Luxury | Housekeeping,325.0,,,,BHD,monthly,,,,,,,,,,,26.211111068725586,50.601112365722656,,,,Milkah Afandi,,YES,,,,,https://www.propertyfinder.bh/en/plp/rent/apartment-for-rent-capital-governorate-al-juffair-55113472.html,2026-07-16T13:23:22.641531+00:00,2026-08-09T20:40:10.613404+00:00,24,2026-08-09T20:40:10.613404+00:00
2026-08-10,removed,55113484,,,Apartment,| Elegant | Balcony | Luxury| Housekeeping,625.0,,,,BHD,monthly,,,,,,,,,,,26.211111068725586,50.601112365722656,,,,Milkah Afandi,,YES,,,,,https://www.propertyfinder.bh/en/plp/rent/apartment-for-rent-capital-governorate-al-juffair-55113484.html,2026-07-16T13:23:22.641531+00:00,2026-08-09T20:40:10.613404+00:00,24,2026-08-09T20:40:10.613404+00:00
2026-08-10,removed,55113500,,,Apartment,| Luxury | Internet | Balcony | Housekeeping,500.0,,,,BHD,monthly,,,,,,,,,,,26.211111068725586,50.601112365722656,,,,Milkah Afandi,,YES,,,,,https://www.propertyfinder.bh/en/plp/rent/apartment-for-rent-capital-governorate-al-juffair-55113500.html,2026-07-16T13:23:22.641531+00:00,2026-08-09T20:40:10.613404+00:00,24,2026-08-09T20:40:10.613404+00:00
2026-08-10,removed,55113540,,,Apartment,MODERN DESIGN | HOUSEKEEPING | PETS ALLOWED,330.0,,,,BHD,monthly,,,,,,,,The Lagoon,,,26.287778854370117,50.66339111328125,,,,Fadi Eweida,,YES,,,,,https://www.propertyfinder.bh/en/plp/rent/apartment-for-rent-muharraq-governorate-amwaj-islands-the-lagoon-55113540.html,2026-07-10T21:12:15.222994+00:00,2026-08-09T20:40:10.613404+00:00,29,2026-08-09T20:40:10.613404+00:00
2026-08-10,removed,55113545,,,Apartment,CLASSY SPACIOUS BRIGHT | HURRY UP LAST UNIT | WIFI,270.0,,,,BHD,monthly,,,,,,,,Amwaj Marina,,,26.293058395385742,50.65943908691406,,,,Fadi Eweida,,YES,,,,,https://www.propertyfinder.bh/en/plp/rent/apartment-for-rent-muharraq-governorate-amwaj-islands-amwaj-marina-55113545.html,2026-07-10T21:12:15.222994+00:00,2026-08-09T20:40:10.613404+00:00,29,2026-08-09T20:40:10.613404+00:00
2026-08-10,removed,55113738,,,Villa,Beach Access |Pet Friendly | Balcony |Private Pool,1000.0,,,,BHD,monthly,,,,,,,,,,,26.213165283203125,50.447471618652344,,,,Aileen Camarillo,,PARTLY,,,,,https://www.propertyfinder.bh/en/plp/rent/villa-for-rent-northern-governorate-budaiya-55113738.html,2026-07-10T21:12:15.222994+00:00,2026-08-09T20:40:10.613404+00:00,29,2026-08-09T20:40:10.613404+00:00
2026-08-10,removed,55113743,,,Apartment,Very Spacious I Big Kitchen I Pool I Gym I Wifi,400.0,,,,BHD,monthly,,,,,,,,,,,26.211111068725586,50.601112365722656,,,,Antony Shaiju,,YES,,,,,https://www.propertyfinder.bh/en/plp/rent/apartment-for-rent-capital-governorate-al-juffair-55113743.html,2026-07-10T21:12:15.222994+00:00,2026-08-09T20:40:10.613404+00:00,29,2026-08-09T20:40:10.613404+00:00
2026-08-10,removed,55113749,,,Apartment,Very Spacious I Big Kitchen I Swimming Pool I Gym,450.0,,,,BHD,monthly,,,,,,,,,,,26.211111068725586,50.601112365722656,,,,Antony Shaiju,,YES,,,,,https://www.propertyfinder.bh/en/plp/rent/apartment-for-rent-capital-governorate-al-juffair-55113749.html,2026-07-10T21:12:15.222994+00:00,2026-08-09T20:40:10.613404+00:00,29,2026-08-09T20:40:10.613404+00:00
2026-08-10,removed,55113755,,,Apartment,New | Great View |  Wifi | House Keeping | Pool,200.0,,,,BHD,monthly,,,,,,,,,,,26.211111068725586,50.601112365722656,,,,Antony Shaiju,,YES,,,,,https://www.propertyfinder.bh/en/plp/rent/apartment-for-rent-capital-governorate-al-juffair-55113755.html,2026-07-10T21:12:15.222994+00:00,2026-08-09T20:40:10.613404+00:00,29,2026-08-09T20:40:10.613404+00:00
2026-08-10,removed,55113783,,,Apartment,Modern I Luxurious | House Keeping I Wifi I Tax,400.0,,,,BHD,monthly,,,,,,,,,,,26.239999771118164,50.5369987487793,,,,Antony Shaiju,,YES,,,,,https://www.propertyfinder.bh/en/plp/rent/apartment-for-rent-capital-governorate-seef-55113783.html,2026-07-10T21:12:15.222994+00:00,2026-08-09T20:40:10.613404+00:00,29,2026-08-09T20:40:10.613404+00:00
2026-08-10,removed,55113792,,,Apartment,Modern I Luxurious | House Keeping I Wifi I Tax,450.0,,,,BHD,monthly,,,,,,,,,,,26.239999771118164,50.5369987487793,,,,Antony Shaiju,,YES,,,,,https://www.propertyfinder.bh/en/plp/rent/apartment-for-rent-capital-governorate-seef-55113792.html,2026-07-10T21:12:15.222994+00:00,2026-08-09T20:40:10.613404+00:00,29,2026-08-09T20:40:10.613404+00:00
2026-08-10,removed,55113793,,,Apartment,CLASSY | WELL RENOVATED | COZY | MID - FLOOR,300.0,,,,BHD,monthly,,,,,,,,,,,26.211111068725586,50.601112365722656,,,,Tarek Kseibi,,YES,,,,,https://www.propertyfinder.bh/en/plp/rent/apartment-for-rent-capital-governorate-al-juffair-55113793.html,2026-07-16T13:23:22.641531+00:00,2026-08-09T20:40:10.613404+00:00,24,2026-08-09T20:40:10.613404+00:00
2026-08-10,removed,55113795,,,Villa,Pet Friendly | Private Pool | Closed Kitchen |,600.0,,,,BHD,monthly,,,,,,,,,,,26.19164276123047,50.48757553100586,,,,Aileen Camarillo,,PARTLY,,,,,https://www.propertyfinder.bh/en/plp/rent/villa-for-rent-northern-governorate-saar-55113795.html,2026-07-10T21:12:15.222994+00:00,2026-08-09T20:40:10.613404+00:00,29,2026-08-09T20:40:10.613404+00:00
2026-08-10,removed,55113812,,,Apartment,Balcony | Best View | Spacious & Clean | Bright,320.0,,,,BHD,monthly,,,,,,,,The Lagoon,,,26.287778854370117,50.66339111328125,,,,Ismail Abdullah,,YES,,,,,https://www.propertyfinder.bh/en/plp/rent/apartment-for-rent-muharraq-governorate-amwaj-islands-the-lagoon-55113812.html,2026-07-10T21:12:15.222994+00:00,2026-08-09T20:40:10.613404+00:00,29,2026-08-09T20:40:10.613404+00:00
2026-08-10,removed,55113814,,,Apartment,UNIQE | ELEGANT | KNEAT | MID - FLOOR | SEA VIEW,480.0,,,,BHD,monthly,,,,,,,,,,,26.239999771118164,50.5369987487793,,,,Tarek Kseibi,,YES,,,,,https://www.propertyfinder.bh/en/plp/rent/apartment-for-rent-capital-governorate-seef-55113814.html,2026-07-16T13:23:22.641531+00:00,2026-08-09T20:40:10.613404+00:00,24,2026-08-09T20:40:10.613404+00:00
2026-08-10,removed,55113866,,,Apartment,LUXURY | NATURALLY WEL_LIT | GULF VIEW | BALCONY,380.0,,,,BHD,monthly,,,,,,,,,,,26.239999771118164,50.5369987487793,,,,Tarek Kseibi,,YES,,,,,https://www.propertyfinder.bh/en/plp/rent/apartment-for-rent-capital-governorate-seef-55113866.html,2026-07-16T13:23:22.641531+00:00,2026-08-09T20:40:10.613404+00:00,24,2026-08-09T20:40:10.613404+00:00
2026-08-10,removed,55113892,,,Apartment,HIGH FLOOR | OUTSTANDING | NATURALLY WEL-LIT | SEA,380.0,,,,BHD,monthly,,,,,,,,,,,26.239999771118164,50.5369987487793,,,,Tarek Kseibi,,YES,,,,,https://www.propertyfinder.bh/en/plp/rent/apartment-for-rent-capital-governorate-seef-55113892.html,2026-07-16T13:23:22.641531+00:00,2026-08-09T20:40:10.613404+00:00,24,2026-08-09T20:40:10.613404+00:00
2026-08-10,removed,55114097,,,Villa,Private Garden | Spacious | Kids Play Area |Bright,1000.0,,,,BHD,monthly,,,,,,,,,,,26.19164276123047,50.48757553100586,,,,Aileen Camarillo,,PARTLY,,,,,https://www.propertyfinder.bh/en/plp/rent/villa-for-rent-northern-governorate-saar-55114097.html,2026-07-10T21:12:15.222994+00:00,2026-08-09T20:40:10.613404+00:00,29,2026-08-09T20:40:10.613404+00:00
2026-08-10,removed,55114107,,,Villa,COMPOUND | Private Pool | Big Garden | Maids Room,1600.0,,,,BHD,monthly,,,,,,,,,,,26.22623634338379,50.49492263793945,,,,Aileen Camarillo,,PARTLY,,,,,https://www.propertyfinder.bh/en/plp/rent/villa-for-rent-northern-governorate-jannusan-55114107.html,2026-07-10T21:12:15.222994+00:00,2026-08-09T20:40:10.613404+00:00,29,2026-08-09T20:40:10.613404+00:00
2026-08-10,removed,55114168,,,Villa,COMPOUND | Private Pool | Maids Room | Garden |,1600.0,,,,BHD,monthly,,,,,,,,,,,26.140336990356445,50.478271484375,,,,Aileen Camarillo,,YES,,,,,https://www.propertyfinder.bh/en/plp/rent/villa-for-rent-northern-governorate-hamala-55114168.html,2026-07-10T21:12:15.222994+00:00,2026-08-09T20:40:10.613404+00:00,29,2026-08-09T20:40:10.613404+00:00
2026-08-10,removed,55114323,,,Apartment,ISLAND VIEW LAUNDRY & STORAGE ROOM MAID ROOM,850.0,,,,BHD,monthly,,,,,,,,,,,26.241750717163086,50.5663948059082,,,,Ezekiel Kagugube,,YES,,,,,https://www.propertyfinder.bh/en/plp/rent/apartment-for-rent-capital-governorate-reef-island-55114323.html,2026-07-10T21:12:15.222994+00:00,2026-08-09T20:40:10.613404+00:00,29,2026-08-09T20:40:10.613404+00:00
2026-08-10,removed,55114345,,,Apartment,AMAZING FULL SEA VIEW BALCONY BRANDED FURNITURE,500.0,,,,BHD,monthly,,,,,,,,,,,26.241750717163086,50.5663948059082,,,,Ezekiel Kagugube,,YES,,,,,https://www.propertyfinder.bh/en/plp/rent/apartment-for-rent-capital-governorate-reef-island-55114345.html,2026-07-10T21:12:15.222994+00:00,2026-08-09T20:40:10.613404+00:00,29,2026-08-09T20:40:10.613404+00:00
2026-08-10,removed,55114358,,,Apartment,Sea view studio next to the Beach,320.0,,,,BHD,monthly,,,,,,,,Water Garden City,,,26.24260139465332,50.55380630493164,,,,Mohammed Sajid Oddin,,YES,,,,,https://www.propertyfinder.bh/en/plp/rent/apartment-for-rent-capital-governorate-manama-water-garden-city-55114358.html,2026-07-10T21:12:15.222994+00:00,2026-08-09T20:40:10.613404+00:00,29,2026-08-09T20:40:10.613404+00:00
2026-08-10,removed,55114366,,,Warehouse,Store | Zinj | 122 sqmtr | 300 bd| Compound,300.0,,,,BHD,monthly,,,,,,,,,,,26.2102108001709,50.56403350830078,,,,Chandekode Rajesh Kumar,,PARTLY,,,,,https://www.propertyfinder.bh/en/plp/commercial-rent/warehouse-for-rent-capital-governorate-manama-zinj-55114366.html,2026-07-10T21:12:15.222994+00:00,2026-08-09T20:40:10.613404+00:00,29,2026-08-09T20:40:10.613404+00:00
2026-08-10,removed,55114392,,,Apartment,Freehold-rented flat for sale with monthly income,38000.0,,,,BHD,sell,,,,,,,,,,,26.211111068725586,50.601112365722656,,,,Mohammed Sajid Oddin,,YES,completed,,,,https://www.propertyfinder.bh/en/plp/buy/apartment-for-sale-capital-governorate-al-juffair-55114392.html,2026-07-10T21:12:15.222994+00:00,2026-08-09T20:40:10.613404+00:00,29,2026-08-09T20:40:10.613404+00:00
2026-08-10,removed,55141878,,,Penthouse,NAVY APPROVED / MODERN PENTHOUSE / HUGE TERRACE /,600.0,,,,BHD,monthly,,,,,,,,Amwaj Avenue,,,26.29302978515625,50.66474151611328,,,,Fadi Eweida,,YES,,,,,https://www.propertyfinder.bh/en/plp/rent/penthouse-for-rent-muharraq-governorate-amwaj-islands-amwaj-avenue-55141878.html,2026-07-11T20:58:11.932263+00:00,2026-08-09T20:40:10.613404+00:00,28,2026-08-09T20:40:10.613404+00:00
2026-08-10,removed,55141946,,,Apartment,LUXURY | BRIGHT | POOL | GYM | SAUNA | CINEMA,380.0,,,,BHD,monthly,,,,,,,,The Treasure,,,26.27286720275879,50.672889709472656,,,,Fadi Eweida,,YES,,,,,https://www.propertyfinder.bh/en/plp/rent/apartment-for-rent-muharraq-governorate-dilmunia-island-the-treasure-55141946.html,2026-07-11T20:58:11.932263+00:00,2026-08-09T20:40:10.613404+00:00,28,2026-08-09T20:40:10.613404+00:00
2026-08-10,removed,55141956,,,Apartment,HOT DEAL | MODERN | SEA VIEW | POOL | GYM | SAUNA,350.0,,,,BHD,monthly,,,,,,,,The Lagoon,,,26.287778854370117,50.66339111328125,,,,Fadi Eweida,,YES,,,,,https://www.propertyfinder.bh/en/plp/rent/apartment-for-rent-muharraq-governorate-amwaj-islands-the-lagoon-55141956.html,2026-07-11T20:58:11.932263+00:00,2026-08-09T20:40:10.613404+00:00,28,2026-08-09T20:40:10.613404+00:00
2026-08-10,removed,55141981,,,Apartment,BALCONY WITH VIEW  | LUXURY | POOL,350.0,,,,BHD,monthly,,,,,,,,,,,26.239999771118164,50.5369987487793,,,,Imad Hasan,,YES,,,,,https://www.propertyfinder.bh/en/plp/rent/apartment-for-rent-capital-governorate-seef-55141981.html,2026-07-11T20:58:11.932263+00:00,2026-08-09T20:40:10.613404+00:00,28,2026-08-09T20:40:10.613404+00:00
2026-08-10,removed,55142018,,,Apartment,ELEGANT NEW WITH SPECTACULAR SEA VIEW |GYM |SPA,430.0,,,,BHD,monthly,,,,,,,,The Lagoon,,,26.287778854370117,50.66339111328125,,,,Fadi Eweida,,YES,,,,,https://www.propertyfinder.bh/en/plp/rent/apartment-for-rent-muharraq-governorate-amwaj-islands-the-lagoon-55142018.html,2026-07-11T20:58:11.932263+00:00,2026-08-09T20:40:10.613404+00:00,28,2026-08-09T20:40:10.613404+00:00
2026-08-10,removed,55142045,,,Apartment,PET FRIENDLY | LOW USAGE EWA | MODERN FURNITURE,375.0,,,,BHD,monthly,,,,,,,,The Lagoon,,,26.287778854370117,50.66339111328125,,,,Fadi Eweida,,YES,,,,,https://www.propertyfinder.bh/en/plp/rent/apartment-for-rent-muharraq-governorate-amwaj-islands-the-lagoon-55142045.html,2026-07-11T20:58:11.932263+00:00,2026-08-09T20:40:10.613404+00:00,28,2026-08-09T20:40:10.613404+00:00
2026-08-10,removed,55142051,,,Apartment,LUXURY LIVING | CLOSE KITCHEN | CHEAPEST PRICE,280.0,,,,BHD,monthly,,,,,,,,,,,26.211111068725586,50.601112365722656,,,,Imad Hasan,,YES,,,,,https://www.propertyfinder.bh/en/plp/rent/apartment-for-rent-capital-governorate-al-juffair-55142051.html,2026-07-16T13:23:22.641531+00:00,2026-08-09T20:40:10.613404+00:00,24,2026-08-09T20:40:10.613404+00:00
2026-08-10,removed,55142097,,,Apartment,MODERN BRIGHT | BALCONY |GYM | POOL,350.0,,,,BHD,monthly,,,,,,,,Amwaj Avenue,,,26.29302978515625,50.66474151611328,,,,Fadi Eweida,,YES,,,,,https://www.propertyfinder.bh/en/plp/rent/apartment-for-rent-muharraq-governorate-amwaj-islands-amwaj-avenue-55142097.html,2026-07-11T20:58:11.932263+00:00,2026-08-09T20:40:10.613404+00:00,28,2026-08-09T20:40:10.613404+00:00
2026-08-10,removed,55142100,,,Apartment,BALCONY BRIGHT MODERN WITH POOL | GYM | SEA VIEW,380.0,,,,BHD,monthly,,,,,,,,Amwaj Avenue,,,26.29302978515625,50.66474151611328,,,,Fadi Eweida,,YES,,,,,https://www.propertyfinder.bh/en/plp/rent/apartment-for-rent-muharraq-governorate-amwaj-islands-amwaj-avenue-55142100.html,2026-07-11T20:58:11.932263+00:00,2026-08-09T20:40:10.613404+00:00,28,2026-08-09T20:40:10.613404+00:00
2026-08-10,removed,55142162,,,Apartment,BEST LOCATION | BRAND NEW MODERN DESIGN WIFI,700.0,,,,BHD,monthly,,,,,,,,Canal View,,,26.273908615112305,50.67207336425781,,,,Fadi Eweida,,YES,,,,,https://www.propertyfinder.bh/en/plp/rent/apartment-for-rent-muharraq-governorate-dilmunia-island-canal-view-55142162.html,2026-07-11T20:58:11.932263+00:00,2026-08-09T20:40:10.613404+00:00,28,2026-08-09T20:40:10.613404+00:00
2026-08-10,removed,55142178,,,Apartment,LUXURIOUS | 0% INTEREST | SEA VIEW | GYM | POOL,110000.0,,,,BHD,sell,,,,,,,,Breeze of Dilmunia,,,26.26974105834961,50.6783332824707,,,,Fadi Eweida,,PARTLY,completed,,,,https://www.propertyfinder.bh/en/plp/buy/apartment-for-sale-muharraq-governorate-dilmunia-island-breeze-of-dilmunia-55142178.html,2026-07-11T20:58:11.932263+00:00,2026-08-09T20:40:10.613404+00:00,28,2026-08-09T20:40:10.613404+00:00
2026-08-10,removed,55142591,,,Apartment,Beautiful 2BHK| Inclusive| Luxury,320.0,,,,BHD,monthly,,,,,,,,,,,26.21672821044922,50.55367660522461,,,,Muhammad Hamad,,YES,,,,,https://www.propertyfinder.bh/en/plp/rent/apartment-for-rent-capital-governorate-manama-al-burhama-55142591.html,2026-07-11T20:58:11.932263+00:00,2026-08-09T20:40:10.613404+00:00,28,2026-08-09T20:40:10.613404+00:00
2026-08-10,removed,55142601,,,Apartment,Spacious 2BHK|Inclusive|Semi Furnished|Luxury,320.0,,,,BHD,monthly,,,,,,,,,,,26.21672821044922,50.55367660522461,,,,Muhammad Hamad,,PARTLY,,,,,https://www.propertyfinder.bh/en/plp/rent/apartment-for-rent-capital-governorate-manama-al-burhama-55142601.html,2026-07-11T20:58:11.932263+00:00,2026-08-09T20:40:10.613404+00:00,28,2026-08-09T20:40:10.613404+00:00
2026-08-10,removed,55142627,,,Apartment,Luxury 2BHK\Close Kitchen|Exclusive |,260.0,,,,BHD,monthly,,,,,,,,,,,26.21672821044922,50.55367660522461,,,,Muhammad Hamad,,PARTLY,,,,,https://www.propertyfinder.bh/en/plp/rent/apartment-for-rent-capital-governorate-manama-al-burhama-55142627.html,2026-07-11T20:58:11.932263+00:00,2026-08-09T20:40:10.613404+00:00,28,2026-08-09T20:40:10.613404+00:00
2026-08-10,removed,55142634,,,Apartment,Beautiful 1BHK|Inclusive|Luxury Flat,250.0,,,,BHD,monthly,,,,,,,,,,,26.239999771118164,50.5369987487793,,,,Muhammad Hamad,,YES,,,,,https://www.propertyfinder.bh/en/plp/rent/apartment-for-rent-capital-governorate-seef-55142634.html,2026-07-11T20:58:11.932263+00:00,2026-08-09T20:40:10.613404+00:00,28,2026-08-09T20:40:10.613404+00:00
2026-08-10,removed,55142659,,,Apartment,Beautiful 1BHK|Housekeeping|WIFI|Sea View,400.0,,,,BHD,monthly,,,,,,,,,,,26.239999771118164,50.5369987487793,,,,Muhammad Hamad,,YES,,,,,https://www.propertyfinder.bh/en/plp/rent/apartment-for-rent-capital-governorate-seef-55142659.html,2026-07-11T20:58:11.932263+00:00,2026-08-09T20:40:10.613404+00:00,28,2026-08-09T20:40:10.613404+00:00
2026-08-10,removed,55142673,,,Apartment,Brand New Modern 1BHK|Housekeeping|WIFI|Inclusive,500.0,,,,BHD,monthly,,,,,,,,,,,26.239999771118164,50.5369987487793,,,,Muhammad Hamad,,PARTLY,,,,,https://www.propertyfinder.bh/en/plp/rent/apartment-for-rent-capital-governorate-seef-55142673.html,2026-07-11T20:58:11.932263+00:00,2026-08-09T20:40:10.613404+00:00,28,2026-08-09T20:40:10.613404+00:00
2026-08-10,removed,55142683,,,Apartment,Spacious 2BHK|Inclusive|Housekeeping|Close Kitchen,430.0,,,,BHD,monthly,,,,,,,,,,,26.239999771118164,50.5369987487793,,,,Muhammad Hamad,,YES,,,,,https://www.propertyfinder.bh/en/plp/rent/apartment-for-rent-capital-governorate-seef-55142683.html,2026-07-11T20:58:11.932263+00:00,2026-08-09T20:40:10.613404+00:00,28,2026-08-09T20:40:10.613404+00:00
2026-08-10,removed,55142695,,,Apartment,Beautiful 2BHK|City & Sea View|Modern Apart|WIFI,400.0,,,,BHD,monthly,,,,,,,,,,,26.239999771118164,50.5369987487793,,,,Muhammad Hamad,,YES,,,,,https://www.propertyfinder.bh/en/plp/rent/apartment-for-rent-capital-governorate-seef-55142695.html,2026-07-11T20:58:11.932263+00:00,2026-08-09T20:40:10.613404+00:00,28,2026-08-09T20:40:10.613404+00:00
2026-08-10,removed,55143214,,,Villa,PREMIUM VILLA FOR RENT / OPEN SEA VIEW,2900.0,,,,BHD,monthly,,,,,,,,Diyar Al Muharraq,Al Naseem,,26.31142234802246,50.64306640625,,,,Kristina Rakikji,,YES,,,,,https://www.propertyfinder.bh/en/plp/rent/villa-for-rent-muharraq-governorate-diyar-al-muharraq-al-naseem-55143214.html,2026-07-11T20:58:11.932263+00:00,2026-08-09T20:40:10.613404+00:00,28,2026-08-09T20:40:10.613404+00:00
2026-08-10,removed,55170399,,,Villa,HOT DEAL | 3BR | PRIVATE GARDEN | FREE BOAT SPACE,900.0,,,,BHD,monthly,,,,,,,,Al Marsa Floating City,,,26.2847957611084,50.669620513916016,,,,Fadi Eweida,,YES,,,,,https://www.propertyfinder.bh/en/plp/rent/villa-for-rent-muharraq-governorate-amwaj-islands-al-marsa-floating-city-55170399.html,2026-07-12T20:58:01.791743+00:00,2026-08-09T20:40:10.613404+00:00,27,2026-08-09T20:40:10.613404+00:00
2026-08-10,removed,55170432,,,Apartment,BRIGHT | SPACIOUS | SEA VIEW | AMENITIES | MODERN,33000.0,,,,BHD,sell,,,,,,,,,,,26.211111068725586,50.601112365722656,,,,SANAL KAKKAT,,YES,completed_primary,,,,https://www.propertyfinder.bh/en/plp/buy/apartment-for-sale-capital-governorate-al-juffair-55170432.html,2026-07-12T20:58:01.791743+00:00,2026-08-09T20:40:10.613404+00:00,27,2026-08-09T20:40:10.613404+00:00
2026-08-10,removed,55170433,,,Apartment,BRIGHT | SPACIOUS | BALCONY | GREATAMENITIES | SEA,85000.0,,,,BHD,sell,,,,,,,,Amwaj Avenue,,,26.29302978515625,50.66474151611328,,,,SANAL KAKKAT,,YES,completed_primary,,,,https://www.propertyfinder.bh/en/plp/buy/apartment-for-sale-muharraq-governorate-amwaj-islands-amwaj-avenue-55170433.html,2026-07-12T20:58:01.791743+00:00,2026-08-09T20:40:10.613404+00:00,27,2026-08-09T20:40:10.613404+00:00
2026-08-10,removed,55170435,,,Apartment,BRIGHT | SPACIOUS | SEA VIEW | READY TO MOVE,57000.0,,,,BHD,sell,,,,,,,,,,,26.239999771118164,50.5369987487793,,,,SANAL KAKKAT,,YES,completed_primary,,,,https://www.propertyfinder.bh/en/plp/buy/apartment-for-sale-capital-governorate-seef-55170435.html,2026-07-12T20:58:01.791743+00:00,2026-08-09T20:40:10.613404+00:00,27,2026-08-09T20:40:10.613404+00:00
2026-08-10,removed,55170449,,,Apartment,SEA VIEW | BALONY | SPACIOUS | BRIGHT | MODERN,70000.0,,,,BHD,sell,,,,,,,,,,,26.239999771118164,50.5369987487793,,,,SANAL KAKKAT,,YES,completed_primary,,,,https://www.propertyfinder.bh/en/plp/buy/apartment-for-sale-capital-governorate-seef-55170449.html,2026-07-12T20:58:01.791743+00:00,2026-08-09T20:40:10.613404+00:00,27,2026-08-09T20:40:10.613404+00:00
2026-08-10,removed,55170450,,,Apartment,STUDIO | BRIGHT | MODERN | LUXURY | SPACIOUS | SEA,42000.0,,,,BHD,sell,,,,,,,,,,,26.239999771118164,50.5369987487793,,,,SANAL KAKKAT,,YES,completed_primary,,,,https://www.propertyfinder.bh/en/plp/buy/apartment-for-sale-capital-governorate-seef-55170450.html,2026-07-12T20:58:01.791743+00:00,2026-08-09T20:40:10.613404+00:00,27,2026-08-09T20:40:10.613404+00:00
2026-08-10,removed,55170458,,,Apartment,BRIGHT | SPACIOUS | GREAT AMENITIES | MAID ROOM,1200.0,,,,BHD,monthly,,,,,,,,,,,26.241750717163086,50.5663948059082,,,,SANAL KAKKAT,,YES,,,,,https://www.propertyfinder.bh/en/plp/rent/apartment-for-rent-capital-governorate-reef-island-55170458.html,2026-07-12T20:58:01.791743+00:00,2026-08-09T20:40:10.613404+00:00,27,2026-08-09T20:40:10.613404+00:00
2026-08-10,removed,55170460,,,Apartment,NO BUYER COMMISSION | 25 YEARS PAYMENT PLAN,123000.0,,,,BHD,sell,,,,,,,,,,,26.21263313293457,50.67418670654297,,,,SANAL KAKKAT,,YES,completed_primary,,,,https://www.propertyfinder.bh/en/plp/buy/apartment-for-sale-muharraq-governorate-hidd-55170460.html,2026-07-12T20:58:01.791743+00:00,2026-08-09T20:40:10.613404+00:00,27,2026-08-09T20:40:10.613404+00:00
2026-08-10,removed,55170461,,,Apartment,Balcony | Pet Friendly | House keeping | Spacious,400.0,,,,BHD,monthly,,,,,,,,,,,26.211111068725586,50.601112365722656,,,,SANAL KAKKAT,,YES,,,,,https://www.propertyfinder.bh/en/plp/rent/apartment-for-rent-capital-governorate-al-juffair-55170461.html,2026-07-12T20:58:01.791743+00:00,2026-08-09T20:40:10.613404+00:00,27,2026-08-09T20:40:10.613404+00:00
2026-08-10,removed,55170466,,,Apartment,NO COMMISSION | ZERO DOWN PAYMENT FOR BAHRAINIS,123000.0,,,,BHD,sell,,,,,,,,,,,26.21263313293457,50.67418670654297,,,,SANAL KAKKAT,,YES,completed_primary,,,,https://www.propertyfinder.bh/en/plp/buy/apartment-for-sale-muharraq-governorate-hidd-55170466.html,2026-07-12T20:58:01.791743+00:00,2026-08-09T20:40:10.613404+00:00,27,2026-08-09T20:40:10.613404+00:00
2026-08-10,removed,55171345,,,Apartment,Luxury sea view 5 star Amenities balcony,290.0,,,,BHD,monthly,,,,,,,,,,,26.211111068725586,50.601112365722656,,,,khan Mohammad khan,,YES,,,,,https://www.propertyfinder.bh/en/plp/rent/apartment-for-rent-capital-governorate-al-juffair-55171345.html,2026-07-12T20:58:01.791743+00:00,2026-08-09T20:40:10.613404+00:00,27,2026-08-09T20:40:10.613404+00:00
2026-08-10,removed,55171450,,,Apartment,Spacious Studio|Unlimited EWA|Ground Floor,200.0,,,,BHD,monthly,,,,,,,,,,,26.211111068725586,50.601112365722656,,,,Muhammad Hamad,,YES,,,,,https://www.propertyfinder.bh/en/plp/rent/apartment-for-rent-capital-governorate-al-juffair-55171450.html,2026-07-12T20:58:01.791743+00:00,2026-08-09T20:40:10.613404+00:00,27,2026-08-09T20:40:10.613404+00:00
2026-08-10,removed,55171560,,,Apartment,SERENE FAMILY HOME | ELEGANT DESIGN | ARTESTIC,500.0,,,,BHD,monthly,,,,,,,,Amwaj Avenue,,,26.29302978515625,50.66474151611328,,,,Fadi Eweida,,YES,,,,,https://www.propertyfinder.bh/en/plp/rent/apartment-for-rent-muharraq-governorate-amwaj-islands-amwaj-avenue-55171560.html,2026-07-12T20:58:01.791743+00:00,2026-08-09T20:40:10.613404+00:00,27,2026-08-09T20:40:10.613404+00:00
2026-08-10,removed,55172200,,,Apartment,RENOVATED | BALCONY SPACIOUS WITH OFFICE ROOM,430.0,,,,BHD,monthly,,,,,,,,Amwaj Marina,,,26.293058395385742,50.65943908691406,,,,Fadi Eweida,,YES,,,,,https://www.propertyfinder.bh/en/plp/rent/apartment-for-rent-muharraq-governorate-amwaj-islands-amwaj-marina-55172200.html,2026-07-12T20:58:01.791743+00:00,2026-08-09T20:40:10.613404+00:00,27,2026-08-09T20:40:10.613404+00:00
2026-08-10,removed,55199009,,,Villa,"Luxurious furnished villa, electricity included",800.0,,,,BHD,monthly,,,,,,,,,,,26.27199935913086,50.60900115966797,,,,AL LAGOON REAL ESTATE,,YES,,,,,https://www.propertyfinder.bh/en/plp/rent/villa-for-rent-muharraq-governorate-busaiteen-55199009.html,2026-07-13T21:03:18.261017+00:00,2026-08-09T20:40:10.613404+00:00,26,2026-08-09T20:40:10.613404+00:00
2026-08-10,removed,55199549,,,Apartment,Experience luxury living with house keeping &balco,380.0,,,,BHD,monthly,,,,,,,,,,,26.288480758666992,50.66381072998047,,,,Maria,,YES,,,,,https://www.propertyfinder.bh/en/plp/rent/apartment-for-rent-muharraq-governorate-amwaj-islands-55199549.html,2026-07-16T13:23:22.641531+00:00,2026-08-09T20:40:10.613404+00:00,24,2026-08-09T20:40:10.613404+00:00
2026-08-10,removed,55199555,,,Apartment,SEA VIEW LUXURIOUS DUPLEX,450.0,,,,BHD,monthly,,,,,,,,,,,26.211111068725586,50.601112365722656,,,,Kristina Rakikji,,YES,,,,,https://www.propertyfinder.bh/en/plp/rent/apartment-for-rent-capital-governorate-al-juffair-55199555.html,2026-07-16T13:23:22.641531+00:00,2026-08-09T20:40:10.613404+00:00,24,2026-08-09T20:40:10.613404+00:00
2026-08-10,removed,55199837,,,Apartment,SEA VIEW | ELEGANT | STYLISH |SPACIOUS |FACILITIES,380.0,,,,BHD,monthly,,,,,,,,,,,26.239999771118164,50.5369987487793,,,,Portia Sioting,,YES,,,,,https://www.propertyfinder.bh/en/plp/rent/apartment-for-rent-capital-governorate-seef-55199837.html,2026-07-13T21:03:18.261017+00:00,2026-08-09T20:40:10.613404+00:00,26,2026-08-09T20:40:10.613404+00:00
2026-08-10,removed,55199839,,,Apartment,ELEGANT | CONVENIENT | PRACTICAL,340.0,,,,BHD,monthly,,,,,,,,Al Bahair,,,26.149368286132812,50.56598663330078,,,,Husain Kayed,,PARTLY,,,,,https://www.propertyfinder.bh/en/plp/rent/apartment-for-rent-southern-governorate-riffa-al-bahair-55199839.html,2026-07-13T21:03:18.261017+00:00,2026-08-09T20:40:10.613404+00:00,26,2026-08-09T20:40:10.613404+00:00
2026-08-10,removed,55199981,,,Apartment,COMFORTABLE | CONVENIENT | ELEGANT|20BD EWA LIMIT,300.0,,,,BHD,monthly,,,,,,,,,,,26.211111068725586,50.601112365722656,,,,Husain Kayed,,YES,,,,,https://www.propertyfinder.bh/en/plp/rent/apartment-for-rent-capital-governorate-al-juffair-55199981.html,2026-07-13T21:03:18.261017+00:00,2026-08-09T20:40:10.613404+00:00,26,2026-08-09T20:40:10.613404+00:00
2026-08-10,removed,55227827,,,Apartment,MODERN | ELEGANT | COZY | PRIME LOCATION,320.0,,,,BHD,monthly,,,,,,,,,,,26.185943603515625,50.46711349487305,,,,Sayed Eyad,,YES,,,,,https://www.propertyfinder.bh/en/plp/rent/apartment-for-rent-northern-governorate-janabiya-55227827.html,2026-07-16T13:23:22.641531+00:00,2026-08-09T20:40:10.613404+00:00,24,2026-08-09T20:40:10.613404+00:00
2026-08-10,removed,55227829,,,Office Space,MODERN | SPACIOUS | PROFESSIONAL,650.0,,,,BHD,monthly,,,,,,,,,,,26.239999771118164,50.5369987487793,,,,Husain Kayed,,PARTLY,,,,,https://www.propertyfinder.bh/en/plp/commercial-rent/office-space-for-rent-capital-governorate-seef-55227829.html,2026-07-14T21:06:25.485608+00:00,2026-08-09T20:40:10.613404+00:00,25,2026-08-09T20:40:10.613404+00:00
2026-08-10,removed,55228035,,,Villa,Private Luxury 4br villa in compound 1400BD,1400.0,,,,BHD,monthly,,,,,,,,,,,26.203079223632812,50.594947814941406,,,,Jasmine Dhakan,,PARTLY,,,,,https://www.propertyfinder.bh/en/plp/rent/villa-for-rent-capital-governorate-manama-um-al-hasam-55228035.html,2026-07-16T13:23:22.641531+00:00,2026-08-09T20:40:10.613404+00:00,24,2026-08-09T20:40:10.613404+00:00
2026-08-10,removed,55228412,,,Villa,Lovely 4bed villa in a beautiful green compound,1600.0,,,,BHD,monthly,,,,,,,,,,,26.166685104370117,50.45078659057617,,,,Jasmine Dhakan,,PARTLY,,,,,https://www.propertyfinder.bh/en/plp/rent/villa-for-rent-northern-governorate-al-jasra-55228412.html,2026-07-16T13:23:22.641531+00:00,2026-08-09T20:40:10.613404+00:00,24,2026-08-09T20:40:10.613404+00:00
2026-08-10,removed,55228438,,,Villa,An 4bed villa in amazing family oriented compound,775.0,,,,BHD,monthly,,,,,,,,,,,26.213165283203125,50.447471618652344,,,,Jasmine Dhakan,,PARTLY,,,,,https://www.propertyfinder.bh/en/plp/rent/villa-for-rent-northern-governorate-budaiya-55228438.html,2026-07-16T13:23:22.641531+00:00,2026-08-09T20:40:10.613404+00:00,24,2026-08-09T20:40:10.613404+00:00
2026-08-10,removed,55228451,,,Villa,"Large comp, lovely renovated 4bed villa pvt pool",1300.0,,,,BHD,monthly,,,,,,,,,,,26.213165283203125,50.447471618652344,,,,Jasmine Dhakan,,PARTLY,,,,,https://www.propertyfinder.bh/en/plp/rent/villa-for-rent-northern-governorate-budaiya-55228451.html,2026-07-16T13:23:22.641531+00:00,2026-08-09T20:40:10.613404+00:00,24,2026-08-09T20:40:10.613404+00:00
2026-08-10,removed,55228454,,,Villa,"Large comp, one storey 4bed villa large pvt garden",1200.0,,,,BHD,monthly,,,,,,,,,,,26.213165283203125,50.447471618652344,,,,Jasmine Dhakan,,PARTLY,,,,,https://www.propertyfinder.bh/en/plp/rent/villa-for-rent-northern-governorate-budaiya-55228454.html,2026-07-16T13:23:22.641531+00:00,2026-08-09T20:40:10.613404+00:00,24,2026-08-09T20:40:10.613404+00:00
2026-08-10,removed,55228671,,,Villa,Directly Beach access-view Furnish Duplex 3bed,1800.0,,,,BHD,monthly,,,,,,,,Amwaj Avenue,,,26.29302978515625,50.66474151611328,,,,Jasmine Dhakan,,YES,,,,,https://www.propertyfinder.bh/en/plp/rent/villa-for-rent-muharraq-governorate-amwaj-islands-amwaj-avenue-55228671.html,2026-07-16T13:23:22.641531+00:00,2026-08-09T20:40:10.613404+00:00,24,2026-08-09T20:40:10.613404+00:00
2026-08-10,removed,55228720,,,Apartment,PRIVATE POOL AND GARDEN II 3 BEDROOM II WITH EWA,600.0,,,,BHD,monthly,,,,,,,,,,,26.19164276123047,50.48757553100586,,,,Sheraz Butt,,PARTLY,,,,,https://www.propertyfinder.bh/en/plp/rent/apartment-for-rent-northern-governorate-saar-55228720.html,2026-07-16T13:23:22.641531+00:00,2026-08-09T20:40:10.613404+00:00,24,2026-08-09T20:40:10.613404+00:00
2026-08-10,removed,55256255,,,Villa,Manama-Spacious 4bed villa with superb facilities,1300.0,,,,BHD,monthly,,,,,,,,,,,26.203079223632812,50.594947814941406,,,,Jasmine Dhakan,,PARTLY,,,,,https://www.propertyfinder.bh/en/plp/rent/villa-for-rent-capital-governorate-manama-um-al-hasam-55256255.html,2026-07-16T13:23:22.641531+00:00,2026-08-09T20:40:10.613404+00:00,24,2026-08-09T20:40:10.613404+00:00
2026-08-10,removed,55256624,,,Apartment,Beautiful 2BHK| Balcony| Inclusive,300.0,,,,BHD,monthly,,,,,,,,,,,26.211111068725586,50.601112365722656,,,,Muhammad Hamad,,YES,,,,,https://www.propertyfinder.bh/en/plp/rent/apartment-for-rent-capital-governorate-al-juffair-55256624.html,2026-07-16T13:23:22.641531+00:00,2026-08-09T20:40:10.613404+00:00,24,2026-08-09T20:40:10.613404+00:00
2026-08-10,removed,55256662,,,Apartment,Beautiful Studio| Unlimited EWA| Luxury,200.0,,,,BHD,monthly,,,,,,,,,,,26.211111068725586,50.601112365722656,,,,Muhammad Hamad,,YES,,,,,https://www.propertyfinder.bh/en/plp/rent/apartment-for-rent-capital-governorate-al-juffair-55256662.html,2026-07-16T13:23:22.641531+00:00,2026-08-09T20:40:10.613404+00:00,24,2026-08-09T20:40:10.613404+00:00
2026-08-10,removed,55256733,,,Apartment,Beautiful 2BHK| Sea View| Close Kitchen,170.0,,,,BHD,monthly,,,,,,,,,,,26.25,50.616668701171875,,,,Muhammad Hamad,,NO,,,,,https://www.propertyfinder.bh/en/plp/rent/apartment-for-rent-muharraq-governorate-muharraq-55256733.html,2026-07-16T13:23:22.641531+00:00,2026-08-09T20:40:10.613404+00:00,24,2026-08-09T20:40:10.613404+00:00
2026-08-10,removed,55283746,,,Apartment,HOT DEAL / SEA VIEW / LAGOON,59500.0,,,,BHD,sell,,,,,,,,Amwaj Avenue,,,26.29302978515625,50.66474151611328,,,,Kristina Rakikji,,PARTLY,completed,,,,https://www.propertyfinder.bh/en/plp/buy/apartment-for-sale-muharraq-governorate-amwaj-islands-amwaj-avenue-55283746.html,2026-07-16T13:23:22.641531+00:00,2026-08-09T20:40:10.613404+00:00,24,2026-08-09T20:40:10.613404+00:00
2026-08-10,removed,55311514,,,Apartment,Luxury One BHK Sea View Gym Pool internet 360 Inc,360.0,,,,BHD,monthly,,,,,,,,,,,26.239999771118164,50.5369987487793,,,,JUNAID MUNAWAR,,YES,,,,,https://www.propertyfinder.bh/en/plp/rent/apartment-for-rent-capital-governorate-seef-55311514.html,2026-07-17T21:02:53.302860+00:00,2026-08-09T20:40:10.613404+00:00,22,2026-08-09T20:40:10.613404+00:00
2026-08-10,removed,55311536,,,Apartment,Modern 1BR Seef SeaView InfPool Balcony Gym HK,500.0,,,,BHD,monthly,,,,,,,,,,,26.239999771118164,50.5369987487793,,,,JUNAID MUNAWAR,,YES,,,,,https://www.propertyfinder.bh/en/plp/rent/apartment-for-rent-capital-governorate-seef-55311536.html,2026-07-17T21:02:53.302860+00:00,2026-08-09T20:40:10.613404+00:00,22,2026-08-09T20:40:10.613404+00:00
2026-08-10,removed,55311542,,,Apartment,2BHK Seef Best Offer Spacious  | BD 360 Inclusive,360.0,,,,BHD,monthly,,,,,,,,,,,26.239999771118164,50.5369987487793,,,,JUNAID MUNAWAR,,YES,,,,,https://www.propertyfinder.bh/en/plp/rent/apartment-for-rent-capital-governorate-seef-55311542.html,2026-07-17T21:02:53.302860+00:00,2026-08-09T20:40:10.613404+00:00,22,2026-08-09T20:40:10.613404+00:00
2026-08-10,removed,55311548,,,Apartment,Premium Studio 05 Star Facilities Prime Location,350.0,,,,BHD,monthly,,,,,,,,,,,26.239999771118164,50.5369987487793,,,,JUNAID MUNAWAR,,YES,,,,,https://www.propertyfinder.bh/en/plp/rent/apartment-for-rent-capital-governorate-seef-55311548.html,2026-07-17T21:02:53.302860+00:00,2026-08-09T20:40:10.613404+00:00,22,2026-08-09T20:40:10.613404+00:00
2026-08-10,removed,55311582,,,Apartment,Furnished 1BR Seef | Sea View EWA & Internet,500.0,,,,BHD,monthly,,,,,,,,,,,26.239999771118164,50.5369987487793,,,,JUNAID MUNAWAR,,YES,,,,,https://www.propertyfinder.bh/en/plp/rent/apartment-for-rent-capital-governorate-seef-55311582.html,2026-07-17T21:02:53.302860+00:00,2026-08-09T20:40:10.613404+00:00,22,2026-08-09T20:40:10.613404+00:00
2026-08-10,removed,55338385,,,Villa,2BR Villa for Rent in Saar – Spacious Outdoor Area,350.0,,,,BHD,monthly,,,,,,,,,,,26.19164276123047,50.48757553100586,,,,Abbas  Altaraifi,,NO,,,,,https://www.propertyfinder.bh/en/plp/rent/villa-for-rent-northern-governorate-saar-55338385.html,2026-07-18T20:57:18.053218+00:00,2026-08-09T20:40:10.613404+00:00,21,2026-08-09T20:40:10.613404+00:00
2026-08-10,removed,55339855,,,Villa,Modern Contemporary Private 4bed Villa with pool,1500.0,,,,BHD,monthly,,,,,,,,,,,26.214487075805664,50.584754943847656,,,,Jasmine Dhakan,,PARTLY,,,,,https://www.propertyfinder.bh/en/plp/rent/villa-for-rent-capital-governorate-manama-adliya-55339855.html,2026-07-18T20:57:18.053218+00:00,2026-08-09T20:40:10.613404+00:00,21,2026-08-09T20:40:10.613404+00:00
2026-08-10,removed,55339863,,,Villa,Lovely 3bed 1storey home with garden BD900incl,900.0,,,,BHD,monthly,,,,,,,,,,,26.213165283203125,50.447471618652344,,,,Jasmine Dhakan,,YES,,,,,https://www.propertyfinder.bh/en/plp/rent/villa-for-rent-northern-governorate-budaiya-55339863.html,2026-07-18T20:57:18.053218+00:00,2026-08-09T20:40:10.613404+00:00,21,2026-08-09T20:40:10.613404+00:00
2026-08-10,removed,55339879,,,Villa,Superb Priced 4br villa pvt pool-comp-BD850!,850.0,,,,BHD,monthly,,,,,,,,,,,26.213165283203125,50.447471618652344,,,,Jasmine Dhakan,,PARTLY,,,,,https://www.propertyfinder.bh/en/plp/rent/villa-for-rent-northern-governorate-budaiya-55339879.html,2026-07-18T20:57:18.053218+00:00,2026-08-09T20:40:10.613404+00:00,21,2026-08-09T20:40:10.613404+00:00
2026-08-10,removed,55339880,,,Villa,"Upgraded contemporary 5bed w/jaccuzi,BD1560 incl",1560.0,,,,BHD,monthly,,,,,,,,,,,26.213165283203125,50.447471618652344,,,,Jasmine Dhakan,,PARTLY,,,,,https://www.propertyfinder.bh/en/plp/rent/villa-for-rent-northern-governorate-budaiya-55339880.html,2026-07-18T20:57:18.053218+00:00,2026-08-09T20:40:10.613404+00:00,21,2026-08-09T20:40:10.613404+00:00
2026-08-10,removed,55366487,,,Apartment,BEST DEAL | 2BHK | FULL FURNISHED | REEF,94000.0,,,,BHD,sell,,,,,,,,,,,26.241750717163086,50.5663948059082,,,,Rolin Faouri,,YES,completed,,,,https://www.propertyfinder.bh/en/plp/buy/apartment-for-sale-capital-governorate-reef-island-55366487.html,2026-07-19T20:58:26.466026+00:00,2026-08-09T20:40:10.613404+00:00,20,2026-08-09T20:40:10.613404+00:00
2026-08-10,removed,55366493,,,Villa,PRIME LUXURY FAMILY VILLA | 4BHK | POOL & GYM,1700.0,,,,BHD,monthly,,,,,,,,,,,26.166685104370117,50.45078659057617,,,,Yumna Awad,,PARTLY,,,,,https://www.propertyfinder.bh/en/plp/rent/villa-for-rent-northern-governorate-al-jasra-55366493.html,2026-07-19T20:58:26.466026+00:00,2026-08-09T20:40:10.613404+00:00,20,2026-08-09T20:40:10.613404+00:00
2026-08-10,removed,55366497,,,Land,MOH ZONING | GREAT OPPORTUNITY | EXCELLENT VALUE,125000.0,,,,BHD,sell,,,,,,,,,,,26.16529655456543,50.552181243896484,,,,Rolin Faouri,,,,,,,https://www.propertyfinder.bh/en/plp/buy/land-for-sale-central-governorate-isa-town-55366497.html,2026-07-19T20:58:26.466026+00:00,2026-08-09T20:40:10.613404+00:00,20,2026-08-09T20:40:10.613404+00:00
2026-08-10,removed,55366500,,,Apartment,HIGH-END 3BHK | FAMILY-FRIENDLY AMENITIES | MODERN,900.0,,,,BHD,monthly,,,,,,,,,,,26.211111068725586,50.601112365722656,,,,Rolin Faouri,,YES,,,,,https://www.propertyfinder.bh/en/plp/rent/apartment-for-rent-capital-governorate-al-juffair-55366500.html,2026-07-19T20:58:26.466026+00:00,2026-08-09T20:40:10.613404+00:00,20,2026-08-09T20:40:10.613404+00:00
2026-08-10,removed,55366504,,,Penthouse,PENTHOUSE | 3BHK+MAID | PRIVATE POOL | SPACIOUS,510000.0,,,,BHD,sell,,,,,,,,,,,26.249584197998047,50.580360412597656,,,,Rolin Faouri,,PARTLY,completed_primary,,,,https://www.propertyfinder.bh/en/plp/buy/penthouse-for-sale-capital-governorate-bahrain-bay-55366504.html,2026-07-19T20:58:26.466026+00:00,2026-08-09T20:40:10.613404+00:00,20,2026-08-09T20:40:10.613404+00:00
2026-08-10,removed,55366507,,,Villa,PRIVATE POOL | MODERN 3BHK | BALCONY | SPACIOUS,950.0,,,,BHD,monthly,,,,,,,,,,,26.214487075805664,50.584754943847656,,,,Rolin Faouri,,YES,,,,,https://www.propertyfinder.bh/en/plp/rent/villa-for-rent-capital-governorate-manama-adliya-55366507.html,2026-07-19T20:58:26.466026+00:00,2026-08-09T20:40:10.613404+00:00,20,2026-08-09T20:40:10.613404+00:00
2026-08-10,removed,55366511,,,Apartment,BEST DEAL!! | 2BHK + MAIDS ROOM | BALCONY | MODERN,75000.0,,,,BHD,sell,,,,,,,,,,,26.211111068725586,50.601112365722656,,,,Rolin Faouri,,PARTLY,completed_primary,,,,https://www.propertyfinder.bh/en/plp/buy/apartment-for-sale-capital-governorate-al-juffair-55366511.html,2026-07-19T20:58:26.466026+00:00,2026-08-09T20:40:10.613404+00:00,20,2026-08-09T20:40:10.613404+00:00
2026-08-10,removed,55366516,,,Apartment,PAYMENT PLAN | MODERN 2BHK | ELEGANTLY FURNISHED,80000.0,,,,BHD,sell,,,,,,,,,,,26.211111068725586,50.601112365722656,,,,Rolin Faouri,,YES,completed,,,,https://www.propertyfinder.bh/en/plp/buy/apartment-for-sale-capital-governorate-al-juffair-55366516.html,2026-07-19T20:58:26.466026+00:00,2026-08-09T20:40:10.613404+00:00,20,2026-08-09T20:40:10.613404+00:00
2026-08-10,removed,55366529,,,Office Space,BRAND NEW OFFICE | PRIME SEEF LOCATION | HOT DEAL,400.0,,,,BHD,monthly,,,,,,,,,,,26.239999771118164,50.5369987487793,,,,Rolin Faouri,,PARTLY,,,,,https://www.propertyfinder.bh/en/plp/commercial-rent/office-space-for-rent-capital-governorate-seef-55366529.html,2026-07-19T20:58:26.466026+00:00,2026-08-09T20:40:10.613404+00:00,20,2026-08-09T20:40:10.613404+00:00
2026-08-10,removed,55366542,,,Villa,AFFORDABLE 3BHK | PRIVATE GARDEN | CENTRAL SAAR,600.0,,,,BHD,monthly,,,,,,,,,,,26.19164276123047,50.48757553100586,,,,Yumna Awad,,NO,,,,,https://www.propertyfinder.bh/en/plp/rent/villa-for-rent-northern-governorate-saar-55366542.html,2026-07-19T20:58:26.466026+00:00,2026-08-09T20:40:10.613404+00:00,20,2026-08-09T20:40:10.613404+00:00
2026-08-10,removed,55366547,,,Villa,BRIGHT 4BR | PRIVATE POOL and GARDEN | EASY ACCESS,1000.0,,,,BHD,monthly,,,,,,,,,,,26.140336990356445,50.478271484375,,,,Yumna Awad,,PARTLY,,,,,https://www.propertyfinder.bh/en/plp/rent/villa-for-rent-northern-governorate-hamala-55366547.html,2026-07-19T20:58:26.466026+00:00,2026-08-09T20:40:10.613404+00:00,20,2026-08-09T20:40:10.613404+00:00
2026-08-10,removed,55366553,,,Villa,FURNISHED 4BHK+OFFICE | PRIVATE POOL | INCLUSIVE,1250.0,,,,BHD,monthly,,,,,,,,,,,26.140336990356445,50.478271484375,,,,Yumna Awad,,YES,,,,,https://www.propertyfinder.bh/en/plp/rent/villa-for-rent-northern-governorate-hamala-55366553.html,2026-07-19T20:58:26.466026+00:00,2026-08-09T20:40:10.613404+00:00,20,2026-08-09T20:40:10.613404+00:00
2026-08-10,removed,55366570,,,Villa,PRIVATE POOL | ROOF TERRACE | LUXURY LIVING | 3BHK,1380.0,,,,BHD,monthly,,,,,,,,,,,26.211111068725586,50.601112365722656,,,,Rolin Faouri,,YES,,,,,https://www.propertyfinder.bh/en/plp/rent/villa-for-rent-capital-governorate-al-juffair-55366570.html,2026-07-19T20:58:26.466026+00:00,2026-08-09T20:40:10.613404+00:00,20,2026-08-09T20:40:10.613404+00:00
2026-08-10,removed,55366605,,,Apartment,SEA VIEW | BALCONY | CLOSED KITCHEN | LUXURY 2BHK,100000.0,,,,BHD,sell,,,,,,,,,,,26.211111068725586,50.601112365722656,,,,Rolin Faouri,,YES,completed,,,,https://www.propertyfinder.bh/en/plp/buy/apartment-for-sale-capital-governorate-al-juffair-55366605.html,2026-07-19T20:58:26.466026+00:00,2026-08-09T20:40:10.613404+00:00,20,2026-08-09T20:40:10.613404+00:00
2026-08-10,removed,55366610,,,Land,PRIME RA RESIDENTIAL LAND | TUBLI | 798 SQM,206000.0,,,,BHD,sell,,,,,,,,,,,26.188888549804688,50.54999923706055,,,,Rolin Faouri,,,,,,,https://www.propertyfinder.bh/en/plp/buy/land-for-sale-central-governorate-tubli-55366610.html,2026-07-19T20:58:26.466026+00:00,2026-08-09T20:40:10.613404+00:00,20,2026-08-09T20:40:10.613404+00:00
2026-08-10,removed,55366673,,,Whole Building,COMMERCIAL and RESIDENTIAL BUILDING | BEST DEAL!!!,500000.0,,,,BHD,sell,,,,,,,,,,,26.188888549804688,50.54999923706055,,,,Yumna Awad,,YES,completed,,,,https://www.propertyfinder.bh/en/plp/buy/whole-building-for-sale-central-governorate-tubli-55366673.html,2026-07-19T20:58:26.466026+00:00,2026-08-09T20:40:10.613404+00:00,20,2026-08-09T20:40:10.613404+00:00
2026-08-10,removed,55366677,,,Apartment,MODERN 4BHK | PRIME AREA | BALCONY | GOOD PRICE,76000.0,,,,BHD,sell,,,,,,,,North Riffa,,,26.143957138061523,50.547142028808594,,,,Yumna Awad,,NO,completed_primary,,,,https://www.propertyfinder.bh/en/plp/buy/apartment-for-sale-southern-governorate-riffa-north-riffa-55366677.html,2026-07-19T20:58:26.466026+00:00,2026-08-09T20:40:10.613404+00:00,20,2026-08-09T20:40:10.613404+00:00
2026-08-10,removed,55366687,,,Apartment,FREE HOLD | MARINA VIEW | BRAND NEW | MOVE NOW !!,74000.0,,,,BHD,sell,,,,,,,,The Lagoon,,,26.287778854370117,50.66339111328125,,,,Rolin Faouri,,PARTLY,completed_primary,,,,https://www.propertyfinder.bh/en/plp/buy/apartment-for-sale-muharraq-governorate-amwaj-islands-the-lagoon-55366687.html,2026-07-19T20:58:26.466026+00:00,2026-08-09T20:40:10.613404+00:00,20,2026-08-09T20:40:10.613404+00:00
2026-08-10,removed,55366693,,,Apartment,SEA VIEW | BALCONY | 1BHK | HIGH RENTAL DEMAND,85000.0,,,,BHD,sell,,,,,,,,Bahrain Financial Harbour,,,26.23778533935547,50.57342529296875,,,,Zuhair Tlili,,YES,completed,,,,https://www.propertyfinder.bh/en/plp/buy/apartment-for-sale-capital-governorate-manama-bahrain-financial-harbour-55366693.html,2026-07-19T20:58:26.466026+00:00,2026-08-09T20:40:10.613404+00:00,20,2026-08-09T20:40:10.613404+00:00
2026-08-10,removed,55366698,,,Apartment,BRAND NEW | 5-YEARS PAYMENT PLAN | PRIME LOCATION,229000.0,,,,BHD,sell,,,,,,,,Bahrain Financial Harbour,,,26.23778533935547,50.57342529296875,,,,Zuhair Tlili,,PARTLY,completed_primary,,,,https://www.propertyfinder.bh/en/plp/buy/apartment-for-sale-capital-governorate-manama-bahrain-financial-harbour-55366698.html,2026-07-19T20:58:26.466026+00:00,2026-08-09T20:40:10.613404+00:00,20,2026-08-09T20:40:10.613404+00:00
2026-08-10,removed,55366704,,,Apartment,CAPTIVATING SEA VIEWS | BALCONY | PRIME LOCATION,125000.0,,,,BHD,sell,,,,,,,,Bahrain Financial Harbour,,,26.23778533935547,50.57342529296875,,,,Zuhair Tlili,,YES,completed,,,,https://www.propertyfinder.bh/en/plp/buy/apartment-for-sale-capital-governorate-manama-bahrain-financial-harbour-55366704.html,2026-07-19T20:58:26.466026+00:00,2026-08-09T20:40:10.613404+00:00,20,2026-08-09T20:40:10.613404+00:00
2026-08-10,removed,55366720,,,Villa,5 BHK | LUXURIOUS VILLA | PRIVATE POOL,185000.0,,,,BHD,sell,,,,,,,,,,,26.20975685119629,50.50579833984375,,,,Yumna Awad,,PARTLY,completed,,,,https://www.propertyfinder.bh/en/plp/buy/villa-for-sale-northern-governorate-shakhura-55366720.html,2026-07-19T20:58:26.466026+00:00,2026-08-09T20:40:10.613404+00:00,20,2026-08-09T20:40:10.613404+00:00
2026-08-10,removed,55366815,,,Apartment,PREMIUM FACILITIES | HIGH-END FINISHES | BALCONY,117000.0,,,,BHD,sell,,,,,,,,,,,26.239999771118164,50.5369987487793,,,,Zuhair Tlili,,YES,completed,,,,https://www.propertyfinder.bh/en/plp/buy/apartment-for-sale-capital-governorate-seef-55366815.html,2026-07-19T20:58:26.466026+00:00,2026-08-09T20:40:10.613404+00:00,20,2026-08-09T20:40:10.613404+00:00
2026-08-10,removed,55366889,,,Duplex,PERFECT 3BR DUPLEX | SEA VIEW | PREMIUM FACILITIES,1600.0,,,,BHD,monthly,,,,,,,,,,,26.239999771118164,50.5369987487793,,,,Zuhair Tlili,,YES,,,,,https://www.propertyfinder.bh/en/plp/rent/duplex-for-rent-capital-governorate-seef-55366889.html,2026-07-19T20:58:26.466026+00:00,2026-08-09T20:40:10.613404+00:00,20,2026-08-09T20:40:10.613404+00:00
2026-08-10,removed,55366892,,,Villa,BRAND NEW 3BHK | SPACIOUS | PRIME AREA,140000.0,,,,BHD,sell,,,,,,,,Diyar Al Muharraq,,,26.31142234802246,50.64306640625,,,,Zuhair Tlili,,NO,completed_primary,,,,https://www.propertyfinder.bh/en/plp/buy/villa-for-sale-muharraq-governorate-diyar-al-muharraq-55366892.html,2026-07-19T20:58:26.466026+00:00,2026-08-09T20:40:10.613404+00:00,20,2026-08-09T20:40:10.613404+00:00
2026-08-10,removed,55366902,,,Apartment,BRAND NEW ELEGANT 2BHK | MAID ROOM | 2 BALCONIES,530.0,,,,BHD,monthly,,,,,,,,,,,26.239999771118164,50.5369987487793,,,,Zuhair Tlili,,YES,,,,,https://www.propertyfinder.bh/en/plp/rent/apartment-for-rent-capital-governorate-seef-55366902.html,2026-07-19T20:58:26.466026+00:00,2026-08-09T20:40:10.613404+00:00,20,2026-08-09T20:40:10.613404+00:00
2026-08-10,removed,55366908,,,Land,EXCLUSIVE WATERFRONT PLOT IN DILMUNIA | FREEHOLD,220000.0,,,,BHD,sell,,,,,,,,,,,26.27286720275879,50.672889709472656,,,,Zuhair Tlili,,,,,,,https://www.propertyfinder.bh/en/plp/buy/land-for-sale-muharraq-governorate-dilmunia-island-55366908.html,2026-07-19T20:58:26.466026+00:00,2026-08-09T20:40:10.613404+00:00,20,2026-08-09T20:40:10.613404+00:00
2026-08-10,removed,55366951,,,Land,652 SQM | RA ZONED LAND | PRESTIGIOUS SAAR,224500.0,,,,BHD,sell,,,,,,,,,,,26.19164276123047,50.48757553100586,,,,Yumna Awad,,,,,,,https://www.propertyfinder.bh/en/plp/buy/land-for-sale-northern-governorate-saar-55366951.html,2026-07-19T20:58:26.466026+00:00,2026-08-09T20:40:10.613404+00:00,20,2026-08-09T20:40:10.613404+00:00
2026-08-10,removed,55366960,,,Land,PRIME CORNER PLOT | RA RESIDENTIAL LAND | 652 SQM,224500.0,,,,BHD,sell,,,,,,,,,,,26.19164276123047,50.48757553100586,,,,Yumna Awad,,,,,,,https://www.propertyfinder.bh/en/plp/buy/land-for-sale-northern-governorate-saar-55366960.html,2026-07-19T20:58:26.466026+00:00,2026-08-09T20:40:10.613404+00:00,20,2026-08-09T20:40:10.613404+00:00
2026-08-10,removed,55366971,,,Land,373 SQM | CORNER PLOT | RA ZONED LAND,118000.0,,,,BHD,sell,,,,,,,,,,,26.21023941040039,50.49468231201172,,,,Yumna Awad,,,,,,,https://www.propertyfinder.bh/en/plp/buy/land-for-sale-northern-governorate-maqabah-55366971.html,2026-07-19T20:58:26.466026+00:00,2026-08-09T20:40:10.613404+00:00,20,2026-08-09T20:40:10.613404+00:00
2026-08-10,removed,55367021,,,Villa,8 BHK | SPACIOUS VILLA | PRIME HAMALA LOCATION,140000.0,,,,BHD,sell,,,,,,,,,,,26.140336990356445,50.478271484375,,,,Yumna Awad,,PARTLY,completed,,,,https://www.propertyfinder.bh/en/plp/buy/villa-for-sale-northern-governorate-hamala-55367021.html,2026-07-19T20:58:26.466026+00:00,2026-08-09T20:40:10.613404+00:00,20,2026-08-09T20:40:10.613404+00:00
2026-08-10,removed,55367027,,,Apartment,LUXURIOUS 2BHK | SEA VIEW | TOP-NOTCH FACILITIES,500.0,,,,BHD,monthly,,,,,,,,,,,26.211111068725586,50.601112365722656,,,,Rolin Faouri,,YES,,,,,https://www.propertyfinder.bh/en/plp/rent/apartment-for-rent-capital-governorate-al-juffair-55367027.html,2026-07-19T20:58:26.466026+00:00,2026-08-09T20:40:10.613404+00:00,20,2026-08-09T20:40:10.613404+00:00
2026-08-10,removed,55367074,,,Apartment,LUXURIOUS 4BR | SEA VIEW | BEACH ACCESS | SPACIOUS,300000.0,,,,BHD,sell,,,,,,,,Diyar Al Muharraq,Marassi Shores Residences,,26.303447723388672,50.6461296081543,,,,Rolin Faouri,,YES,completed,,,,https://www.propertyfinder.bh/en/plp/buy/apartment-for-sale-muharraq-governorate-diyar-al-muharraq-marassi-shores-residences-55367074.html,2026-07-19T20:58:26.466026+00:00,2026-08-09T20:40:10.613404+00:00,20,2026-08-09T20:40:10.613404+00:00
2026-08-10,removed,55367203,,,Apartment,STYLISH 2BHK | BEACH ACCESS | PREMIUM FACILITIES,580.0,,,,BHD,monthly,,,,,,,,Diyar Al Muharraq,Marassi Shores Residences,,26.303447723388672,50.6461296081543,,,,Rolin Faouri,,YES,,,,,https://www.propertyfinder.bh/en/plp/rent/apartment-for-rent-muharraq-governorate-diyar-al-muharraq-marassi-shores-residences-55367203.html,2026-07-19T20:58:26.466026+00:00,2026-08-09T20:40:10.613404+00:00,20,2026-08-09T20:40:10.613404+00:00
2026-08-10,removed,55367261,,,Villa,NURSERY FOR SALE | FULLY EQUIPPED | PRIME DIRAZ,225000.0,,,,BHD,sell,,,,,,,,,,,26.220962524414062,50.46446990966797,,,,Yumna Awad,,YES,completed,,,,https://www.propertyfinder.bh/en/plp/buy/villa-for-sale-northern-governorate-diraz-55367261.html,2026-07-19T20:58:26.466026+00:00,2026-08-09T20:40:10.613404+00:00,20,2026-08-09T20:40:10.613404+00:00
2026-08-10,removed,55368059,,,Villa,LUXURY 4BHK VILLA | PRIVATE POOL & GARDEN,1200.0,,,,BHD,monthly,,,,,,,,,,,26.19164276123047,50.48757553100586,,,,Irina Matvievici,,PARTLY,,,,,https://www.propertyfinder.bh/en/plp/rent/villa-for-rent-northern-governorate-saar-55368059.html,2026-07-19T20:58:26.466026+00:00,2026-08-09T20:40:10.613404+00:00,20,2026-08-09T20:40:10.613404+00:00
2026-08-10,removed,55368128,,,Apartment,BRAND NEW SPACIOUS 1BHK | SEA VIEW | 2 BALCONIES,450.0,,,,BHD,monthly,,,,,,,,,,,26.203079223632812,50.594947814941406,,,,Zuhair Tlili,,YES,,,,,https://www.propertyfinder.bh/en/plp/rent/apartment-for-rent-capital-governorate-manama-um-al-hasam-55368128.html,2026-07-19T20:58:26.466026+00:00,2026-08-09T20:40:10.613404+00:00,20,2026-08-09T20:40:10.613404+00:00
2026-08-10,removed,55368146,,,Villa,Fully Furnished LUXURY| MODERN|POOL|GYM,1600.0,,,,BHD,monthly,,,,,,,,,,,26.140336990356445,50.478271484375,,,,JASIM AHMED ABDULLA MOHAMED HASAN,,YES,,,,,https://www.propertyfinder.bh/en/plp/rent/villa-for-rent-northern-governorate-hamala-55368146.html,2026-07-19T20:58:26.466026+00:00,2026-08-09T20:40:10.613404+00:00,20,2026-08-09T20:40:10.613404+00:00
2026-08-10,removed,55368159,,,Apartment,BRAND NEW 2BHK | SPACIOUS | SEA & CITY VIEW,750.0,,,,BHD,monthly,,,,,,,,,,,26.239999771118164,50.5369987487793,,,,Zuhair Tlili,,YES,,,,,https://www.propertyfinder.bh/en/plp/rent/apartment-for-rent-capital-governorate-seef-55368159.html,2026-07-19T20:58:26.466026+00:00,2026-08-09T20:40:10.613404+00:00,20,2026-08-09T20:40:10.613404+00:00
2026-08-10,removed,55368176,,,Apartment,ELEGANT 2BHK | SEA VIEW | PRIME LOCATION,112000.0,,,,BHD,sell,,,,,,,,,,,26.239999771118164,50.5369987487793,,,,Zuhair Tlili,,YES,completed,,,,https://www.propertyfinder.bh/en/plp/buy/apartment-for-sale-capital-governorate-seef-55368176.html,2026-07-19T20:58:26.466026+00:00,2026-08-09T20:40:10.613404+00:00,20,2026-08-09T20:40:10.613404+00:00
2026-08-10,removed,55368178,,,Apartment,MODERN 1BHK | SEA VIEW | BALCONY,380.0,,,,BHD,monthly,,,,,,,,,,,26.211111068725586,50.601112365722656,,,,Zuhair Tlili,,YES,,,,,https://www.propertyfinder.bh/en/plp/rent/apartment-for-rent-capital-governorate-al-juffair-55368178.html,2026-07-19T20:58:26.466026+00:00,2026-08-09T20:40:10.613404+00:00,20,2026-08-09T20:40:10.613404+00:00
2026-08-10,removed,55368376,,,Apartment,3 BEDROOM BUDGET FRIENDLY II WITH EWA AND ACs,290.0,,,,BHD,monthly,,,,,,,,,,,26.188888549804688,50.54999923706055,,,,Sheraz Butt,,PARTLY,,,,,https://www.propertyfinder.bh/en/plp/rent/apartment-for-rent-central-governorate-tubli-55368376.html,2026-07-19T20:58:26.466026+00:00,2026-08-09T20:40:10.613404+00:00,20,2026-08-09T20:40:10.613404+00:00
2026-08-10,removed,55396402,,,Apartment,Luxury Seef 2BHK | Sea View Inclusive BD 550,550.0,,,,BHD,monthly,,,,,,,,,,,26.239999771118164,50.5369987487793,,,,JUNAID MUNAWAR,,YES,,,,,https://www.propertyfinder.bh/en/plp/rent/apartment-for-rent-capital-governorate-seef-55396402.html,2026-07-20T21:17:02.364062+00:00,2026-08-09T20:40:10.613404+00:00,19,2026-08-09T20:40:10.613404+00:00
2026-08-10,removed,55396444,,,Apartment,Cheap Luxury Seef 2BHK Flat with Balcony Gym Pool,550.0,,,,BHD,monthly,,,,,,,,,,,26.239999771118164,50.5369987487793,,,,JUNAID MUNAWAR,,YES,,,,,https://www.propertyfinder.bh/en/plp/rent/apartment-for-rent-capital-governorate-seef-55396444.html,2026-07-20T21:17:02.364062+00:00,2026-08-09T20:40:10.613404+00:00,19,2026-08-09T20:40:10.613404+00:00
2026-08-10,removed,55396894,,,Villa,FAMILY COMPOUND | AFFORDABLE 4BHK | near BSB,900.0,,,,BHD,monthly,,,,,,,,,,,26.185943603515625,50.46711349487305,,,,Irina Matvievici,,PARTLY,,,,,https://www.propertyfinder.bh/en/plp/rent/villa-for-rent-northern-governorate-janabiya-55396894.html,2026-07-20T21:17:02.364062+00:00,2026-08-09T20:40:10.613404+00:00,19,2026-08-09T20:40:10.613404+00:00
2026-08-10,removed,55396898,,,Apartment,CONVINIENT 2BHD | OPEN KITCHEN | NEAR ST. CHRIS,350.0,,,,BHD,monthly,,,,,,,,,,,26.19164276123047,50.48757553100586,,,,Irina Matvievici,,PARTLY,,,,,https://www.propertyfinder.bh/en/plp/rent/apartment-for-rent-northern-governorate-saar-55396898.html,2026-07-20T21:17:02.364062+00:00,2026-08-09T20:40:10.613404+00:00,19,2026-08-09T20:40:10.613404+00:00
2026-08-10,removed,55396902,,,Villa,SPACIOUS 4BHK | PRIVATE GARDEN | GREAT FACILITIES,800.0,,,,BHD,monthly,,,,,,,,,,,26.19164276123047,50.48757553100586,,,,Irina Matvievici,,PARTLY,,,,,https://www.propertyfinder.bh/en/plp/rent/villa-for-rent-northern-governorate-saar-55396902.html,2026-07-20T21:17:02.364062+00:00,2026-08-09T20:40:10.613404+00:00,19,2026-08-09T20:40:10.613404+00:00
2026-08-10,removed,55396940,,,Office Space,BRAND NEW OFFICE | PANORAMIC VIEW | PRIME SEEF,450.0,,,,BHD,monthly,,,,,,,,,,,26.239999771118164,50.5369987487793,,,,Rolin Faouri,,PARTLY,,,,,https://www.propertyfinder.bh/en/plp/commercial-rent/office-space-for-rent-capital-governorate-seef-55396940.html,2026-07-20T21:17:02.364062+00:00,2026-08-09T20:40:10.613404+00:00,19,2026-08-09T20:40:10.613404+00:00
2026-08-10,removed,55396943,,,Office Space,BRAND NEW OFFICE | PANORAMIC CITY VIEW | 90 SQM,600.0,,,,BHD,monthly,,,,,,,,,,,26.239999771118164,50.5369987487793,,,,Rolin Faouri,,NO,,,,,https://www.propertyfinder.bh/en/plp/commercial-rent/office-space-for-rent-capital-governorate-seef-55396943.html,2026-07-20T21:17:02.364062+00:00,2026-08-09T20:40:10.613404+00:00,19,2026-08-09T20:40:10.613404+00:00
2026-08-10,removed,55396948,,,Villa,FULLY  RENOVATED VILLA  | SAAR | LUXURY COMPOUND,900.0,,,,BHD,monthly,,,,,,,,,,,26.19164276123047,50.48757553100586,,,,Yumna Awad,,NO,,,,,https://www.propertyfinder.bh/en/plp/rent/villa-for-rent-northern-governorate-saar-55396948.html,2026-07-20T21:17:02.364062+00:00,2026-08-09T20:40:10.613404+00:00,19,2026-08-09T20:40:10.613404+00:00
2026-08-10,removed,55396955,,,Villa,LUXURY AND COMFORT | PRESTIGIOUS AREA | MODERN 4BR,270000.0,,,,BHD,sell,,,,,,,,Saraya 2,,,26.19185447692871,50.509178161621094,,,,Yumna Awad,,NO,completed_primary,,,,https://www.propertyfinder.bh/en/plp/buy/villa-for-sale-northern-governorate-bu-quwah-saraya-2-55396955.html,2026-07-20T21:17:02.364062+00:00,2026-08-09T20:40:10.613404+00:00,19,2026-08-09T20:40:10.613404+00:00
2026-08-10,removed,55396958,,,Apartment,BALCONY | SPACIOUS 2BHK | TOP-TIER FACILITIES,650.0,,,,BHD,monthly,,,,,,,,,,,26.239999771118164,50.5369987487793,,,,Zuhair Tlili,,YES,,,,,https://www.propertyfinder.bh/en/plp/rent/apartment-for-rent-capital-governorate-seef-55396958.html,2026-07-20T21:17:02.364062+00:00,2026-08-09T20:40:10.613404+00:00,19,2026-08-09T20:40:10.613404+00:00
2026-08-10,removed,55396960,,,Land,RB ZONED LAND | STRATEGIC JID ALI AREA,332700.0,,,,BHD,sell,,,,,,,,,,,26.179166793823242,50.56222152709961,,,,Rolin Faouri,,,,,,,https://www.propertyfinder.bh/en/plp/buy/land-for-sale-central-governorate-jid-ali-55396960.html,2026-07-20T21:17:02.364062+00:00,2026-08-09T20:40:10.613404+00:00,19,2026-08-09T20:40:10.613404+00:00
2026-08-10,removed,55396963,,,Apartment,HUGE SPACE | LUXURY | 3BR | TOP-QUALITY | SEA VIEW,1400.0,,,,BHD,monthly,,,,,,,,,,,26.239999771118164,50.5369987487793,,,,Rolin Faouri,,YES,,,,,https://www.propertyfinder.bh/en/plp/rent/apartment-for-rent-capital-governorate-seef-55396963.html,2026-07-20T21:17:02.364062+00:00,2026-08-09T20:40:10.613404+00:00,19,2026-08-09T20:40:10.613404+00:00
2026-08-10,removed,55396988,,,Apartment,LIVE in LUXURY | 3BHK+MAIDS | NAVY APPROVED,1700.0,,,,BHD,monthly,,,,,,,,,,,26.239999771118164,50.5369987487793,,,,Rolin Faouri,,YES,,,,,https://www.propertyfinder.bh/en/plp/rent/apartment-for-rent-capital-governorate-seef-55396988.html,2026-07-20T21:17:02.364062+00:00,2026-08-09T20:40:10.613404+00:00,19,2026-08-09T20:40:10.613404+00:00
2026-08-10,removed,55396993,,,Villa,ELEGANT VILLA | SPACIOUS 4BHK | LUXURIOUS,1100.0,,,,BHD,monthly,,,,,,,,,,,26.140336990356445,50.478271484375,,,,Yumna Awad,,PARTLY,,,,,https://www.propertyfinder.bh/en/plp/rent/villa-for-rent-northern-governorate-hamala-55396993.html,2026-07-20T21:17:02.364062+00:00,2026-08-09T20:40:10.613404+00:00,19,2026-08-09T20:40:10.613404+00:00
2026-08-10,removed,55397002,,,Villa,FURNISHED 5BR | RESORT-STYLE FACILITIES | HOT DEAL,750.0,,,,BHD,monthly,,,,,,,,,,,26.19164276123047,50.48757553100586,,,,Yumna Awad,,YES,,,,,https://www.propertyfinder.bh/en/plp/rent/villa-for-rent-northern-governorate-saar-55397002.html,2026-07-20T21:17:02.364062+00:00,2026-08-09T20:40:10.613404+00:00,19,2026-08-09T20:40:10.613404+00:00
2026-08-10,removed,55397077,,,Apartment,SEA VIEW | MODERN 2BHK | EWA and INTERNET,650.0,,,,BHD,monthly,,,,,,,,,,,26.241750717163086,50.5663948059082,,,,Rolin Faouri,,YES,,,,,https://www.propertyfinder.bh/en/plp/rent/apartment-for-rent-capital-governorate-reef-island-55397077.html,2026-07-20T21:17:02.364062+00:00,2026-08-09T20:40:10.613404+00:00,19,2026-08-09T20:40:10.613404+00:00
2026-08-10,removed,55397115,,,Apartment,FULL SEA VIEW | LUXURIOUS 1BHK | NAVY APPROVED,100000.0,,,,BHD,sell,,,,,,,,,,,26.241750717163086,50.5663948059082,,,,Rolin Faouri,,YES,completed,,,,https://www.propertyfinder.bh/en/plp/buy/apartment-for-sale-capital-governorate-reef-island-55397115.html,2026-07-20T21:17:02.364062+00:00,2026-08-09T20:40:10.613404+00:00,19,2026-08-09T20:40:10.613404+00:00
2026-08-10,removed,55397159,,,Apartment,BRAND NEW LUXURY STUDIO | SEA VIEW | BALCONY,115000.0,,,,BHD,sell,,,,,,,,Diyar Al Muharraq,Address Marassi Vista,,26.306358337402344,50.64693069458008,,,,Zuhair Tlili,,YES,completed,,,,https://www.propertyfinder.bh/en/plp/buy/apartment-for-sale-muharraq-governorate-diyar-al-muharraq-address-marassi-vista-55397159.html,2026-07-20T21:17:02.364062+00:00,2026-08-09T20:40:10.613404+00:00,19,2026-08-09T20:40:10.613404+00:00
2026-08-10,removed,55397160,,,Apartment,BRAND NEW LUXURY STUDIO | SEA VIEW | BALCONY,500.0,,,,BHD,monthly,,,,,,,,Diyar Al Muharraq,Address Marassi Vista,,26.306358337402344,50.64693069458008,,,,Zuhair Tlili,,YES,,,,,https://www.propertyfinder.bh/en/plp/rent/apartment-for-rent-muharraq-governorate-diyar-al-muharraq-address-marassi-vista-55397160.html,2026-07-20T21:17:02.364062+00:00,2026-08-09T20:40:10.613404+00:00,19,2026-08-09T20:40:10.613404+00:00
2026-08-10,removed,55397174,,,Villa,PRIVATE POOL | NEAR ST. CHRIS | SPACIOUS BEDROOMS,1150.0,,,,BHD,monthly,,,,,,,,,,,26.19164276123047,50.48757553100586,,,,Irina Matvievici,,PARTLY,,,,,https://www.propertyfinder.bh/en/plp/rent/villa-for-rent-northern-governorate-saar-55397174.html,2026-07-20T21:17:02.364062+00:00,2026-08-09T20:40:10.613404+00:00,19,2026-08-09T20:40:10.613404+00:00
2026-08-10,removed,55424894,,,Apartment,Bright 2BR Apartment | Amenities | Balcony,56000.0,,,,BHD,sell,,,,,,,,Amwaj Avenue,,,26.29302978515625,50.66474151611328,,,,SANAL KAKKAT,,YES,completed_primary,,,,https://www.propertyfinder.bh/en/plp/buy/apartment-for-sale-muharraq-governorate-amwaj-islands-amwaj-avenue-55424894.html,2026-07-21T21:17:21.978520+00:00,2026-08-09T20:40:10.613404+00:00,18,2026-08-09T20:40:10.613404+00:00
2026-08-10,removed,55425207,,,Apartment,Amazing open view full glass &balcony with natural,380.0,,,,BHD,monthly,,,,,,,,,,,26.288480758666992,50.66381072998047,,,,Maria,,YES,,,,,https://www.propertyfinder.bh/en/plp/rent/apartment-for-rent-muharraq-governorate-amwaj-islands-55425207.html,2026-07-21T21:17:21.978520+00:00,2026-08-09T20:40:10.613404+00:00,18,2026-08-09T20:40:10.613404+00:00
2026-08-10,removed,55426222,,,Apartment,New |Pool|Gym|clean|modern|Spacious,275.0,,,,BHD,monthly,,,,,,,,,,,26.214487075805664,50.584754943847656,,,,JASIM AHMED ABDULLA MOHAMED HASAN,,PARTLY,,,,,https://www.propertyfinder.bh/en/plp/rent/apartment-for-rent-capital-governorate-manama-adliya-55426222.html,2026-07-21T21:17:21.978520+00:00,2026-08-09T20:40:10.613404+00:00,18,2026-08-09T20:40:10.613404+00:00
2026-08-10,removed,55426254,,,Apartment,Modern | Closed Kitchen| GAS | GYM | Parking,350.0,,,,BHD,monthly,,,,,,,,,,,26.214487075805664,50.584754943847656,,,,JASIM AHMED ABDULLA MOHAMED HASAN,,YES,,,,,https://www.propertyfinder.bh/en/plp/rent/apartment-for-rent-capital-governorate-manama-adliya-55426254.html,2026-07-21T21:17:21.978520+00:00,2026-08-09T20:40:10.613404+00:00,18,2026-08-09T20:40:10.613404+00:00
2026-08-10,removed,55483058,,,Apartment,Sea View | Cinema | Fitness Club |,300.0,,,,BHD,monthly,,,,,,,,Breeze of Dilmunia,,,26.26974105834961,50.6783332824707,,,,Charisse Villaruz,,YES,,,,,https://www.propertyfinder.bh/en/plp/rent/apartment-for-rent-muharraq-governorate-dilmunia-island-breeze-of-dilmunia-55483058.html,2026-07-23T21:12:20.858482+00:00,2026-08-09T20:40:10.613404+00:00,16,2026-08-09T20:40:10.613404+00:00
2026-08-10,removed,55483193,,,Apartment,RCSI | Premium Amenities | Spacious | Busaiteen,550.0,,,,BHD,monthly,,,,,,,,,,,26.27199935913086,50.60900115966797,,,,SANAL KAKKAT,,YES,,,,,https://www.propertyfinder.bh/en/plp/rent/apartment-for-rent-muharraq-governorate-busaiteen-55483193.html,2026-07-23T21:12:20.858482+00:00,2026-08-09T20:40:10.613404+00:00,16,2026-08-09T20:40:10.613404+00:00
2026-08-10,removed,55483209,,,Apartment,Near RCSI | Luxury2BR | Premium Amenities | Bright,550.0,,,,BHD,monthly,,,,,,,,,,,26.27199935913086,50.60900115966797,,,,SANAL KAKKAT,,YES,,,,,https://www.propertyfinder.bh/en/plp/rent/apartment-for-rent-muharraq-governorate-busaiteen-55483209.html,2026-07-23T21:12:20.858482+00:00,2026-08-09T20:40:10.613404+00:00,16,2026-08-09T20:40:10.613404+00:00
2026-08-10,removed,55483224,,,Apartment,Near RCSI | Busaiteen | Bright | Spacious | Clean,450.0,,,,BHD,monthly,,,,,,,,,,,26.27199935913086,50.60900115966797,,,,SANAL KAKKAT,,YES,,,,,https://www.propertyfinder.bh/en/plp/rent/apartment-for-rent-muharraq-governorate-busaiteen-55483224.html,2026-07-23T21:12:20.858482+00:00,2026-08-09T20:40:10.613404+00:00,16,2026-08-09T20:40:10.613404+00:00
2026-08-10,removed,55483611,,,Apartment,2BHK Apartment for Rent in Shakhura,230.0,,,,BHD,monthly,,,,,,,,,,,26.20975685119629,50.50579833984375,,,,Abbas  Altaraifi,,NO,,,,,https://www.propertyfinder.bh/en/plp/rent/apartment-for-rent-northern-governorate-shakhura-55483611.html,2026-07-23T21:12:20.858482+00:00,2026-08-09T20:40:10.613404+00:00,16,2026-08-09T20:40:10.613404+00:00
2026-08-10,removed,55512039,,,Apartment,BALCONY | CLOSED KITCHEN | AMENITIES | NEAR RCSI,430.0,,,,BHD,monthly,,,,,,,,,,,26.27199935913086,50.60900115966797,,,,SANAL KAKKAT,,YES,,,,,https://www.propertyfinder.bh/en/plp/rent/apartment-for-rent-muharraq-governorate-busaiteen-55512039.html,2026-07-24T21:11:47.069485+00:00,2026-08-09T20:40:10.613404+00:00,15,2026-08-09T20:40:10.613404+00:00
2026-08-10,removed,55512050,,,Apartment,Bright | Near RCSI | Balcony | Easy Access,350.0,,,,BHD,monthly,,,,,,,,,,,26.27199935913086,50.60900115966797,,,,SANAL KAKKAT,,YES,,,,,https://www.propertyfinder.bh/en/plp/rent/apartment-for-rent-muharraq-governorate-busaiteen-55512050.html,2026-07-24T21:11:47.069485+00:00,2026-08-09T20:40:10.613404+00:00,15,2026-08-09T20:40:10.613404+00:00
2026-08-10,removed,55540295,,,Apartment,Beautiful/Spacious/pets Allowed/Family apartment,230.0,,,,BHD,monthly,,,,,,,,,,,26.2102108001709,50.56403350830078,,,,Rineesh Kumar,,PARTLY,,,,,https://www.propertyfinder.bh/en/plp/rent/apartment-for-rent-capital-governorate-manama-zinj-55540295.html,2026-07-25T21:00:21.405436+00:00,2026-08-09T20:40:10.613404+00:00,14,2026-08-09T20:40:10.613404+00:00
2026-08-10,removed,55540600,,,Apartment,Modern 2BHK | Busaiteen | Balcony | BD 380 | RCSI,380.0,,,,BHD,monthly,,,,,,,,,,,26.27199935913086,50.60900115966797,,,,SANAL KAKKAT,,YES,,,,,https://www.propertyfinder.bh/en/plp/rent/apartment-for-rent-muharraq-governorate-busaiteen-55540600.html,2026-07-25T21:00:21.405436+00:00,2026-08-09T20:40:10.613404+00:00,14,2026-08-09T20:40:10.613404+00:00
2026-08-10,removed,55540668,,,Apartment,Bright | Spacious | Easy Access RCSI | Amenities,380.0,,,,BHD,monthly,,,,,,,,,,,26.27199935913086,50.60900115966797,,,,SANAL KAKKAT,,YES,,,,,https://www.propertyfinder.bh/en/plp/rent/apartment-for-rent-muharraq-governorate-busaiteen-55540668.html,2026-07-25T21:00:21.405436+00:00,2026-08-09T20:40:10.613404+00:00,14,2026-08-09T20:40:10.613404+00:00
2026-08-10,removed,55540743,,,Apartment,Modern|Direct Mall Access|Beach Access|Balcony,350.0,,,,BHD,monthly,,,,,,,,Diyar Al Muharraq,Marassi Residences,,26.303447723388672,50.6461296081543,,,,Mohamed Jamal,,YES,,,,,https://www.propertyfinder.bh/en/plp/rent/apartment-for-rent-muharraq-governorate-diyar-al-muharraq-marassi-residences-55540743.html,2026-07-25T21:00:21.405436+00:00,2026-08-09T20:40:10.613404+00:00,14,2026-08-09T20:40:10.613404+00:00
2026-08-10,removed,55540750,,,Apartment,Compound Villa | 3+ Maid Room | Amenities | Saar,900.0,,,,BHD,monthly,,,,,,,,,,,26.19164276123047,50.48757553100586,,,,SANAL KAKKAT,,YES,,,,,https://www.propertyfinder.bh/en/plp/rent/apartment-for-rent-northern-governorate-saar-55540750.html,2026-07-25T21:00:21.405436+00:00,2026-08-09T20:40:10.613404+00:00,14,2026-08-09T20:40:10.613404+00:00
2026-08-10,removed,55541667,,,Apartment,2bhk+Maidroom | SPACIOUS | CLOSED KITCHEN,430.0,,,,BHD,monthly,,,,,,,,,,,26.27199935913086,50.60900115966797,,,,JASIM AHMED ABDULLA MOHAMED HASAN,,YES,,,,,https://www.propertyfinder.bh/en/plp/rent/apartment-for-rent-muharraq-governorate-busaiteen-55541667.html,2026-07-25T21:00:21.405436+00:00,2026-08-09T20:40:10.613404+00:00,14,2026-08-09T20:40:10.613404+00:00
2026-08-10,removed,55569352,,,Apartment,House Keeping | Amenities | Fontana Infinity,400.0,,,,BHD,monthly,,,,,,,,,,,26.211111068725586,50.601112365722656,,,,SANAL KAKKAT,,YES,,,,,https://www.propertyfinder.bh/en/plp/rent/apartment-for-rent-capital-governorate-al-juffair-55569352.html,2026-07-26T21:04:01.805629+00:00,2026-08-09T20:40:10.613404+00:00,13,2026-08-09T20:40:10.613404+00:00
2026-08-10,removed,55569877,,,Apartment,Sea-View I Modern I Duplex IGreat Facilities IWifi,450.0,,,,BHD,monthly,,,,,,,,,,,26.239999771118164,50.5369987487793,,,,Antony Shaiju,,YES,,,,,https://www.propertyfinder.bh/en/plp/rent/apartment-for-rent-capital-governorate-seef-55569877.html,2026-07-26T21:04:01.805629+00:00,2026-08-09T20:40:10.613404+00:00,13,2026-08-09T20:40:10.613404+00:00
2026-08-10,removed,55599519,,,Villa,SPACIOUS 4BHK VILLA | PRIVATE GARDEN | PRIME JASRA,1200.0,,,,BHD,monthly,,,,,,,,,,,26.166685104370117,50.45078659057617,,,,Irina Matvievici,,PARTLY,,,,,https://www.propertyfinder.bh/en/plp/rent/villa-for-rent-northern-governorate-al-jasra-55599519.html,2026-07-27T21:16:55.514144+00:00,2026-08-09T20:40:10.613404+00:00,12,2026-08-09T20:40:10.613404+00:00
2026-08-10,removed,55599602,,,Villa,ELEGANT 4 BEDROOM VILLA | POOL & GYM | PRIME AREA,1100.0,,,,BHD,monthly,,,,,,,,,,,26.185943603515625,50.46711349487305,,,,Irina Matvievici,,PARTLY,,,,,https://www.propertyfinder.bh/en/plp/rent/villa-for-rent-northern-governorate-janabiya-55599602.html,2026-07-27T21:16:55.514144+00:00,2026-08-09T20:40:10.613404+00:00,12,2026-08-09T20:40:10.613404+00:00
2026-08-10,removed,55599638,,,Villa,LARGE GARDEN | FAMILY-FRIENDLY LAYOUT | 3BHK VILLA,150000.0,,,,BHD,sell,,,,,,,,,,,26.000404357910156,50.616973876953125,,,,Yumna Awad,,NO,completed_primary,,,,https://www.propertyfinder.bh/en/plp/buy/villa-for-sale-southern-governorate-jaww-55599638.html,2026-07-27T21:16:55.514144+00:00,2026-08-09T20:40:10.613404+00:00,12,2026-08-09T20:40:10.613404+00:00
2026-08-10,removed,55599673,,,Villa,LUXURY BRAND NEW VILLA | PRIME LOCATION| SPACIOUS,142000.0,,,,BHD,sell,,,,,,,,,,,26.27199935913086,50.60900115966797,,,,Zuhair Tlili,,NO,completed_primary,,,,https://www.propertyfinder.bh/en/plp/buy/villa-for-sale-muharraq-governorate-busaiteen-55599673.html,2026-07-27T21:16:55.514144+00:00,2026-08-09T20:40:10.613404+00:00,12,2026-08-09T20:40:10.613404+00:00
2026-08-10,removed,55599678,,,Villa,MODERN VILLA | POOL & GARDEN | JIDHAFS,138000.0,,,,BHD,sell,,,,,,,,,,,26.234378814697266,50.50168228149414,,,,Yumna Awad,,YES,completed,,,,https://www.propertyfinder.bh/en/plp/buy/villa-for-sale-northern-governorate-jid-al-haj-55599678.html,2026-07-27T21:16:55.514144+00:00,2026-08-09T20:40:10.613404+00:00,12,2026-08-09T20:40:10.613404+00:00
2026-08-10,removed,55628147,,,Villa,BRAND NEW | 4BHK | LUXURY | MODERN,152000.0,,,,BHD,sell,,,,,,,,Diyar Al Muharraq,Al Sidra,,26.31142234802246,50.64306640625,,,,Zuhair Tlili,,NO,completed_primary,,,,https://www.propertyfinder.bh/en/plp/buy/villa-for-sale-muharraq-governorate-diyar-al-muharraq-al-sidra-55628147.html,2026-07-28T21:13:30.461515+00:00,2026-08-09T20:40:10.613404+00:00,11,2026-08-09T20:40:10.613404+00:00
2026-08-10,removed,55628199,,,Apartment,HOT SUMMER DEAL | LIMITED OFFER | LAST 2 UNITS,85000.0,,,,BHD,sell,,,,,,,,Sanabis,,,26.226558685302734,50.5459098815918,,,,Rolin Faouri,,NO,completed,,,,https://www.propertyfinder.bh/en/plp/buy/apartment-for-sale-capital-governorate-manama-sanabis-55628199.html,2026-07-28T21:13:30.461515+00:00,2026-08-09T20:40:10.613404+00:00,11,2026-08-09T20:40:10.613404+00:00
2026-08-10,removed,55628201,,,Apartment,BRAND NEW | 3BHK + MAIDS ROOM | GREAT FACILITIES,950.0,,,,BHD,monthly,,,,,,,,,,,26.214487075805664,50.584754943847656,,,,Zuhair Tlili,,YES,,,,,https://www.propertyfinder.bh/en/plp/rent/apartment-for-rent-capital-governorate-manama-adliya-55628201.html,2026-07-28T21:13:30.461515+00:00,2026-08-09T20:40:10.613404+00:00,11,2026-08-09T20:40:10.613404+00:00
2026-08-10,removed,55628203,,,Apartment,HOT DEAL | BRAND NEW 1BHK | SPACIOUS LAYOUT,52000.0,,,,BHD,sell,,,,,,,,Sanabis,,,26.226558685302734,50.5459098815918,,,,Rolin Faouri,,NO,completed,,,,https://www.propertyfinder.bh/en/plp/buy/apartment-for-sale-capital-governorate-manama-sanabis-55628203.html,2026-07-28T21:13:30.461515+00:00,2026-08-09T20:40:10.613404+00:00,11,2026-08-09T20:40:10.613404+00:00
2026-08-10,removed,55628211,,,Apartment,LUXURY 2BHK | MODERN TOWER | FAMILY RESIDENCE,500.0,,,,BHD,monthly,,,,,,,,Sanabis,,,26.226558685302734,50.5459098815918,,,,Rolin Faouri,,YES,,,,,https://www.propertyfinder.bh/en/plp/rent/apartment-for-rent-capital-governorate-manama-sanabis-55628211.html,2026-07-28T21:13:30.461515+00:00,2026-08-09T20:40:10.613404+00:00,11,2026-08-09T20:40:10.613404+00:00
2026-08-10,removed,55628214,,,Apartment,BRAND NEW | 1BHK | MODERN FACILITIES | PRIME AREA,330.0,,,,BHD,monthly,,,,,,,,Sanabis,,,26.226558685302734,50.5459098815918,,,,Rolin Faouri,,YES,,,,,https://www.propertyfinder.bh/en/plp/rent/apartment-for-rent-capital-governorate-manama-sanabis-55628214.html,2026-07-28T21:13:30.461515+00:00,2026-08-09T20:40:10.613404+00:00,11,2026-08-09T20:40:10.613404+00:00
2026-08-10,removed,55628246,,,Apartment,BRAND NEW | 2BHK | FULL FACILITIES | GOOD LOCATION,475.0,,,,BHD,monthly,,,,,,,,Sanabis,,,26.226558685302734,50.5459098815918,,,,Rolin Faouri,,YES,,,,,https://www.propertyfinder.bh/en/plp/rent/apartment-for-rent-capital-governorate-manama-sanabis-55628246.html,2026-07-28T21:13:30.461515+00:00,2026-08-09T20:40:10.613404+00:00,11,2026-08-09T20:40:10.613404+00:00
2026-08-10,removed,55630406,,,Villa,Spacious 4-Bedroom Apartment for Sale in Riffa,70000.0,,,,BHD,sell,,,,,,,,North Riffa,,,26.143957138061523,50.547142028808594,,,,ALOSTATH,,PARTLY,completed,,,,https://www.propertyfinder.bh/en/plp/buy/villa-for-sale-southern-governorate-riffa-north-riffa-55630406.html,2026-07-28T21:13:30.461515+00:00,2026-08-09T20:40:10.613404+00:00,11,2026-08-09T20:40:10.613404+00:00
2026-08-10,removed,55687219,,,Apartment,"Beautiful apartment for rent in Riffa, Al Hujaiyat",180.0,,,,BHD,monthly,,,,,,,,Alhajiyat,,,26.128984451293945,50.58171463012695,,,,Mohammed Ali   ,,NO,,,,,https://www.propertyfinder.bh/en/plp/rent/apartment-for-rent-southern-governorate-riffa-alhajiyat-55687219.html,2026-07-30T21:17:40.423408+00:00,2026-08-09T20:40:10.613404+00:00,9,2026-08-09T20:40:10.613404+00:00
2026-08-10,removed,55744857,,,Villa,Water Front I Free Hold I Ready to move in,205000.0,,,,BHD,sell,,,,,,,,Diyar Al Muharraq,Al Naseem,,26.31142234802246,50.64306640625,,,,Husain Jaber Abdulla Zaid,,PARTLY,completed,,,,https://www.propertyfinder.bh/en/plp/buy/villa-for-sale-muharraq-governorate-diyar-al-muharraq-al-naseem-55744857.html,2026-08-01T21:00:56.482799+00:00,2026-08-09T20:40:10.613404+00:00,7,2026-08-09T20:40:10.613404+00:00
2026-08-10,removed,55772983,,,Apartment,NEAT | CLEAN | FULL OF AMENITIES |,280.0,,,,BHD,monthly,,,,,,,,,,,26.211111068725586,50.601112365722656,,,,Ali Sultani,,YES,,,,,https://www.propertyfinder.bh/en/plp/rent/apartment-for-rent-capital-governorate-al-juffair-55772983.html,2026-08-02T21:01:45.450020+00:00,2026-08-09T20:40:10.613404+00:00,6,2026-08-09T20:40:10.613404+00:00
2026-08-10,removed,55773481,,,Apartment,High-Floor Luxury Studio for Rent | Fontana Jufair,350.0,,,,BHD,monthly,,,,,,,,,,,26.211111068725586,50.601112365722656,,,,Shameer  Palathil,,YES,,,,,https://www.propertyfinder.bh/en/plp/rent/apartment-for-rent-capital-governorate-al-juffair-55773481.html,2026-08-02T21:01:45.450020+00:00,2026-08-09T20:40:10.613404+00:00,6,2026-08-09T20:40:10.613404+00:00
2026-08-10,removed,55803339,,,Villa,Private Pool! Inclusive rent! Quality Built!,650.0,,,,BHD,monthly,,,,,,,,,,,26.166685104370117,50.45078659057617,,,,Ponmony Remesh,,PARTLY,,,,,https://www.propertyfinder.bh/en/plp/rent/villa-for-rent-northern-governorate-al-jasra-55803339.html,2026-08-03T21:12:00.704076+00:00,2026-08-09T20:40:10.613404+00:00,5,2026-08-09T20:40:10.613404+00:00
2026-08-10,removed,55862065,,,Apartment,Waterfront-Spacious Terrace-1BR-Cosy Apartment,550.0,,,,BHD,monthly,,,,,,,,,,,26.241750717163086,50.5663948059082,,,,Marshaleen Williamson,,YES,,,,,https://www.propertyfinder.bh/en/plp/rent/apartment-for-rent-capital-governorate-reef-island-55862065.html,2026-08-05T21:21:28.553228+00:00,2026-08-09T20:40:10.613404+00:00,3,2026-08-09T20:40:10.613404+00:00
2026-08-10,removed,55863671,,,Villa,Pool Villa | 5BR | Modern Family Home,215000.0,,,,BHD,sell,,,,,,,,,,,26.202558517456055,50.519554138183594,,,,Samar Kafri,,PARTLY,completed_primary,,,,https://www.propertyfinder.bh/en/plp/buy/villa-for-sale-northern-governorate-bu-quwah-55863671.html,2026-08-05T21:21:28.553228+00:00,2026-08-09T20:40:10.613404+00:00,3,2026-08-09T20:40:10.613404+00:00
2026-08-10,removed,55892342,,,Villa,An 4 Bed Villa with Garden and Pool in small comp!,950.0,,,,BHD,monthly,,,,,,,,,,,26.185943603515625,50.46711349487305,,,,Jasmine Dhakan,,PARTLY,,,,,https://www.propertyfinder.bh/en/plp/rent/villa-for-rent-northern-governorate-janabiya-55892342.html,2026-08-07T00:55:25.755875+00:00,2026-08-09T20:40:10.613404+00:00,2,2026-08-09T20:40:10.613404+00:00
2026-08-10,removed,55892894,,,Villa,An Modern Four Bed townhouse in amazing Compound,950.0,,,,BHD,monthly,,,,,,,,,,,26.185943603515625,50.46711349487305,,,,Jasmine Dhakan,,PARTLY,,,,,https://www.propertyfinder.bh/en/plp/rent/villa-for-rent-northern-governorate-janabiya-55892894.html,2026-08-07T00:55:25.755875+00:00,2026-08-09T20:40:10.613404+00:00,2,2026-08-09T20:40:10.613404+00:00
2026-08-10,removed,55892900,,,Villa,Small compound - brand new 4bed double story villa,850.0,,,,BHD,monthly,,,,,,,,,,,26.185943603515625,50.46711349487305,,,,Jasmine Dhakan,,PARTLY,,,,,https://www.propertyfinder.bh/en/plp/rent/villa-for-rent-northern-governorate-janabiya-55892900.html,2026-08-07T00:55:25.755875+00:00,2026-08-09T20:40:10.613404+00:00,2,2026-08-09T20:40:10.613404+00:00
2026-08-10,removed,55892962,,,Apartment,Modern and Sophisticated | Great Location | AGU,470.0,,,,BHD,monthly,,,,,,,,,,,26.21693992614746,50.57733154296875,,,,Abijeet    ,,YES,,,,,https://www.propertyfinder.bh/en/plp/rent/apartment-for-rent-capital-governorate-manama-segaya-55892962.html,2026-08-07T00:55:25.755875+00:00,2026-08-09T20:40:10.613404+00:00,2,2026-08-09T20:40:10.613404+00:00
2026-08-10,removed,55950887,,,Apartment,Wake Up to Iconic Views In Bahrain Luxury Living,550.0,,,,BHD,monthly,,,,,,,,,,,26.249584197998047,50.580360412597656,,,,Marshaleen Williamson,,YES,,,,,https://www.propertyfinder.bh/en/plp/rent/apartment-for-rent-capital-governorate-bahrain-bay-55950887.html,2026-08-08T20:37:26.992750+00:00,2026-08-09T20:40:10.613404+00:00,1,2026-08-09T20:40:10.613404+00:00
2026-08-10,removed,55978963,,,Apartment,A Home to Make Your Own Available for Sale or Rent,400.0,,,,BHD,monthly,,,,,,,,Bahrain Financial Harbour,,,26.23778533935547,50.57342529296875,,,,Marshaleen Williamson,,PARTLY,,,,,https://www.propertyfinder.bh/en/plp/rent/apartment-for-rent-capital-governorate-manama-bahrain-financial-harbour-55978963.html,2026-08-09T20:40:10.613404+00:00,2026-08-09T20:40:10.613404+00:00,0,2026-08-09T20:40:10.613404+00:00
2026-08-10,removed,55978966,,,Apartment,LUXURY WATERFRONT 3BR WITH MAID’S + WET KITCHEN,2000.0,,,,BHD,monthly,,,,,,,,,,,26.249584197998047,50.580360412597656,,,,Marshaleen Williamson,,YES,,,,,https://www.propertyfinder.bh/en/plp/rent/apartment-for-rent-capital-governorate-bahrain-bay-55978966.html,2026-08-09T20:40:10.613404+00:00,2026-08-09T20:40:10.613404+00:00,0,2026-08-09T20:40:10.613404+00:00
2026-08-10,removed,55978973,,,Apartment,WAKE UP TO ICONIC VIEWS IN BAHRAIN LUXURY LIVING,1000.0,,,,BHD,monthly,,,,,,,,,,,26.249584197998047,50.580360412597656,,,,Marshaleen Williamson,,YES,,,,,https://www.propertyfinder.bh/en/plp/rent/apartment-for-rent-capital-governorate-bahrain-bay-55978973.html,2026-08-09T20:40:10.613404+00:00,2026-08-09T20:40:10.613404+00:00,0,2026-08-09T20:40:10.613404+00:00
2026-08-10,removed,883348,,,Apartment,Brand New-Sea View-Two Balconies-Beach Opposite,125000.0,,,,BHD,sell,,,,,,,,,,,26.241750717163086,50.5663948059082,,,,Christine Dawn,,YES,completed,,,,https://www.propertyfinder.bh/en/plp/buy/apartment-for-sale-capital-governorate-reef-island-883348.html,2026-05-31T13:58:31.068517+00:00,2026-08-09T20:40:10.613404+00:00,70,2026-08-09T20:40:10.613404+00:00
2026-08-10,removed,917748,,,Apartment,Brand New-Sea View-Two Balconies-Beach Opposite,125000.0,,,,BHD,sell,,,,,,,,,,,26.241750717163086,50.5663948059082,,,,Christine Dawn,,YES,completed,,,,https://www.propertyfinder.bh/en/plp/buy/apartment-for-sale-capital-governorate-reef-island-917748.html,2026-05-31T13:58:31.068517+00:00,2026-08-09T20:40:10.613404+00:00,70,2026-08-09T20:40:10.613404+00:00
2026-08-10,removed,938827,,,Land,Lands for sale in the Al-Saya area,76123.0,,,,BHD,sell,,,,,,,,,,,26.27199935913086,50.60900115966797,,,,Hasan Almaknei,,,,,,,https://www.propertyfinder.bh/en/plp/buy/land-for-sale-muharraq-governorate-busaiteen-938827.html,2026-05-31T13:58:31.068517+00:00,2026-08-09T20:40:10.613404+00:00,70,2026-08-09T20:40:10.613404+00:00
2026-08-10,removed,951470,,,Apartment,City&amp;Sea View | Outstanding Amenities | Elegan,38500.0,,,,BHD,sell,,,,,,,,,,,26.211111068725586,50.601112365722656,,,,Hatem  Kallel,,YES,completed,,,,https://www.propertyfinder.bh/en/plp/buy/apartment-for-sale-capital-governorate-al-juffair-951470.html,2026-05-31T13:58:31.068517+00:00,2026-08-09T20:40:10.613404+00:00,70,2026-08-09T20:40:10.613404+00:00
2026-08-10,removed,951865,,,Land,"Land for sale in Qalali, area 536 square meters",144238.0,,,,BHD,sell,,,,,,,,,,,26.266666412353516,50.650001525878906,,,,Hasan Almaknei,,,,,,,https://www.propertyfinder.bh/en/plp/buy/land-for-sale-muharraq-governorate-galali-951865.html,2026-05-31T13:58:31.068517+00:00,2026-08-09T20:40:10.613404+00:00,70,2026-08-09T20:40:10.613404+00:00
2026-08-10,removed,957218,,,Apartment,Brand New-Spiral Orchid-Sea Views From All Rooms,110000.0,,,,BHD,sell,,,,,,,,,,,26.239999771118164,50.5369987487793,,,,Christine Dawn,,YES,completed,,,,https://www.propertyfinder.bh/en/plp/buy/apartment-for-sale-capital-governorate-seef-957218.html,2026-05-31T13:58:31.068517+00:00,2026-08-09T20:40:10.613404+00:00,70,2026-08-09T20:40:10.613404+00:00
2026-08-10,removed,959709,,,Apartment,LUXURY|FURNISHED|SPACIOUS|HOUSEKEEPING|WIFI|POOL|,450.0,,,,BHD,monthly,,,,,,,,,,,26.23387908935547,50.5939826965332,,,,Mohammed Shaheem,,YES,,,,,https://www.propertyfinder.bh/en/plp/rent/apartment-for-rent-capital-governorate-hoora-959709.html,2026-05-31T13:58:31.068517+00:00,2026-08-09T20:40:10.613404+00:00,70,2026-08-09T20:40:10.613404+00:00
2026-08-10,removed,962279,,,Villa,Swimming pool | Balcony | BBQ Area | Garden,475000.0,,,,BHD,sell,,,,,,,,,,,26.19164276123047,50.48757553100586,,,,Khalil Ebrahim,,NO,completed_primary,,,,https://www.propertyfinder.bh/en/plp/buy/villa-for-sale-northern-governorate-saar-962279.html,2026-05-31T13:58:31.068517+00:00,2026-08-09T20:40:10.613404+00:00,70,2026-08-09T20:40:10.613404+00:00
2026-08-10,removed,962988,,,Villa,Specious | Garden | Riffa Views,290000.0,,,,BHD,sell,,,,,,,,Riffa Views,,,26.097333908081055,50.56736373901367,,,,Maitham Salman,,PARTLY,completed_primary,,,,https://www.propertyfinder.bh/en/plp/buy/villa-for-sale-southern-governorate-riffa-riffa-views-962988.html,2026-05-31T13:58:31.068517+00:00,2026-08-09T20:40:10.613404+00:00,70,2026-08-09T20:40:10.613404+00:00
2026-08-10,removed,962990,,,Villa,Luxury  | Pool | Maid’s Room | Elevator | Garden,330000.0,,,,BHD,sell,,,,,,,,,,,26.05678367614746,50.61648178100586,,,,Mohamed Abdali,,PARTLY,completed,,,,https://www.propertyfinder.bh/en/plp/buy/villa-for-sale-southern-governorate-askar-962990.html,2026-05-31T13:58:31.068517+00:00,2026-08-09T20:40:10.613404+00:00,70,2026-08-09T20:40:10.613404+00:00
2026-08-10,removed,962993,,,Land,LD | SALMABAD AREA | Land      | ,1125311.0,,,,BHD,sell,,,,,,,,,,,26.183332443237305,50.516666412353516,,,,Husain Alsandy,,,,,,,https://www.propertyfinder.bh/en/plp/commercial-buy/land-for-sale-central-governorate-salmabad-962993.html,2026-05-31T13:58:31.068517+00:00,2026-08-09T20:40:10.613404+00:00,70,2026-08-09T20:40:10.613404+00:00
2026-08-10,removed,963807,,,Villa,luxurious | Closed kitchen | Garden |,340000.0,,,,BHD,sell,,,,,,,,,,,26.19164276123047,50.48757553100586,,,,Jaffer Mirza,,PARTLY,completed_primary,,,,https://www.propertyfinder.bh/en/plp/buy/villa-for-sale-northern-governorate-saar-963807.html,2026-06-14T20:36:23.817039+00:00,2026-08-09T20:40:10.613404+00:00,56,2026-08-09T20:40:10.613404+00:00
2026-08-10,removed,965828,,,Villa,Luxury | Maid’s room |  swimming pool,280000.0,,,,BHD,sell,,,,,,,,,,,26.20011329650879,50.46629333496094,,,,Mohamed Antar,,NO,completed_primary,,,,https://www.propertyfinder.bh/en/plp/buy/villa-for-sale-northern-governorate-al-qurayyah-965828.html,2026-05-31T13:58:31.068517+00:00,2026-08-09T20:40:10.613404+00:00,70,2026-08-09T20:40:10.613404+00:00
2026-08-10,removed,965830,,,Land,Residential | RA | Karzakan | one road,92000.0,,,,BHD,sell,,,,,,,,,,,26.113693237304688,50.48170471191406,,,,Mohamed Antar,,,,,,,https://www.propertyfinder.bh/en/plp/buy/land-for-sale-northern-governorate-karzakkan-965830.html,2026-05-31T13:58:31.068517+00:00,2026-08-09T20:40:10.613404+00:00,70,2026-08-09T20:40:10.613404+00:00
2026-08-10,removed,965846,,,Villa,Luxury | Balcony | Maid’s room,177000.0,,,,BHD,sell,,,,,,,,,,,26.19164276123047,50.48757553100586,,,,Mohamed Antar,,NO,completed_primary,,,,https://www.propertyfinder.bh/en/plp/buy/villa-for-sale-northern-governorate-saar-965846.html,2026-05-31T13:58:31.068517+00:00,2026-08-09T20:40:10.613404+00:00,70,2026-08-09T20:40:10.613404+00:00
2026-08-10,removed,965859,,,Land,RG | Prime Location | Damistan AREA |,342747.0,,,,BHD,sell,,,,,,,,,,,26.123769760131836,50.469722747802734,,,,Mohamed Antar,,,,,,,https://www.propertyfinder.bh/en/plp/buy/land-for-sale-northern-governorate-dumistan-965859.html,2026-05-31T13:58:31.068517+00:00,2026-08-09T20:40:10.613404+00:00,70,2026-08-09T20:40:10.613404+00:00
2026-08-10,removed,965864,,,Land,Prime location | Saar Area | - RA,300538.0,,,,BHD,sell,,,,,,,,,,,26.19164276123047,50.48757553100586,,,,Mohamed Antar,,,,,,,https://www.propertyfinder.bh/en/plp/buy/land-for-sale-northern-governorate-saar-965864.html,2026-05-31T13:58:31.068517+00:00,2026-08-09T20:40:10.613404+00:00,70,2026-08-09T20:40:10.613404+00:00
2026-08-10,removed,966024,,,Land,Prime location | RB | Al Malikiyah,140000.0,,,,BHD,sell,,,,,,,,,,,26.100860595703125,50.48801040649414,,,,Mohamed Antar,,,,,,,https://www.propertyfinder.bh/en/plp/buy/land-for-sale-northern-governorate-malkiyah-966024.html,2026-05-31T13:58:31.068517+00:00,2026-08-09T20:40:10.613404+00:00,70,2026-08-09T20:40:10.613404+00:00
2026-08-10,removed,967744,,,Land,Prime | Land | Al Malikiyah | Residential ,82000.0,,,,BHD,sell,,,,,,,,,,,26.100860595703125,50.48801040649414,,,,Husain Alsandy,,,,,,,https://www.propertyfinder.bh/en/plp/buy/land-for-sale-northern-governorate-malkiyah-967744.html,2026-05-31T13:58:31.068517+00:00,2026-08-09T20:40:10.613404+00:00,70,2026-08-09T20:40:10.613404+00:00
2026-08-10,removed,967781,,,Land,Industrial Land for Sale in Salmabad Bahrain,221764.0,,,,BHD,sell,,,,,,,,,,,26.183332443237305,50.516666412353516,,,,Husain Alsandy,,,,,,,https://www.propertyfinder.bh/en/plp/buy/land-for-sale-central-governorate-salmabad-967781.html,2026-05-31T13:58:31.068517+00:00,2026-08-09T20:40:10.613404+00:00,70,2026-08-09T20:40:10.613404+00:00
2026-08-10,removed,967869,,,Villa,Private pool | Garden | Maid room | Malkiyah,165000.0,,,,BHD,sell,,,,,,,,,,,26.100860595703125,50.48801040649414,,,,Mohamed Abdali,,YES,completed,,,,https://www.propertyfinder.bh/en/plp/buy/villa-for-sale-northern-governorate-malkiyah-967869.html,2026-05-31T13:58:31.068517+00:00,2026-08-09T20:40:10.613404+00:00,70,2026-08-09T20:40:10.613404+00:00
2026-08-10,removed,967877,,,Land,Residential |   Sitra |  RB  | prime ,109915500.0,,,,BHD,sell,,,,,,,,,,,26.162988662719727,50.6124267578125,,,,Mohamed Abdali,,,,,,,https://www.propertyfinder.bh/en/plp/buy/land-for-sale-central-governorate-sitra-967877.html,2026-05-31T13:58:31.068517+00:00,2026-08-09T20:40:10.613404+00:00,70,2026-08-09T20:40:10.613404+00:00
2026-08-10,removed,968069,,,Land,RHB | Residential | Askar | corner,86000.0,,,,BHD,sell,,,,,,,,,,,26.05678367614746,50.61648178100586,,,,Mohamed Abdali,,,,,,,https://www.propertyfinder.bh/en/plp/buy/land-for-sale-southern-governorate-askar-968069.html,2026-05-31T13:58:31.068517+00:00,2026-08-09T20:40:10.613404+00:00,70,2026-08-09T20:40:10.613404+00:00
2026-08-10,removed,968192,,,Apartment,LUXURIOUS|SPACIOUS|PRIMELOCATION|PARKING|GYM|POOL,500.0,,,,BHD,monthly,,,,,,,,,,,26.211111068725586,50.601112365722656,,,,Mohammed Shaheem,,YES,,,,,https://www.propertyfinder.bh/en/plp/rent/apartment-for-rent-capital-governorate-al-juffair-968192.html,2026-05-31T13:58:31.068517+00:00,2026-08-09T20:40:10.613404+00:00,70,2026-08-09T20:40:10.613404+00:00
2026-08-10,removed,970764,,,Villa,Exceptional Villa For Sale In Askar,158000.0,,,,BHD,sell,,,,,,,,,,,26.05678367614746,50.61648178100586,,,,Hussain Al Mesbah,,NO,completed_primary,,,,https://www.propertyfinder.bh/en/plp/buy/villa-for-sale-southern-governorate-askar-970764.html,2026-05-31T13:58:31.068517+00:00,2026-08-09T20:40:10.613404+00:00,70,2026-08-09T20:40:10.613404+00:00
2026-08-10,removed,975366,,,Apartment,ELEGANT & STYLISH| GREAT INVESTMENT!| MODERN,65000.0,,,,BHD,sell,,,,,,,,,,,26.249584197998047,50.580360412597656,,,,Violeta Abboud,,YES,completed_primary,,,,https://www.propertyfinder.bh/en/plp/buy/apartment-for-sale-capital-governorate-bahrain-bay-975366.html,2026-05-31T13:58:31.068517+00:00,2026-08-09T20:40:10.613404+00:00,70,2026-08-09T20:40:10.613404+00:00
2026-08-10,removed,978191,,,Shop,Shop for Rent in Bo Quwah -opposite to the highway,850.0,,,,BHD,monthly,,,,,,,,,,,26.202558517456055,50.519554138183594,,,,Ebrahim Al Sagheer,,PARTLY,,,,,https://www.propertyfinder.bh/en/plp/commercial-rent/shop-for-rent-northern-governorate-bu-quwah-978191.html,2026-06-10T21:00:38.499992+00:00,2026-08-09T20:40:10.613404+00:00,59,2026-08-09T20:40:10.613404+00:00
2026-08-10,removed,984455,,,Apartment,3 BEDROOM I FULLY FURNISHED I LUXURY APARTMENT,450.0,,,,BHD,monthly,,,,,,,,,,,26.211111068725586,50.601112365722656,,,,Sheraz Butt,,YES,,,,,https://www.propertyfinder.bh/en/plp/rent/apartment-for-rent-capital-governorate-al-juffair-984455.html,2026-06-15T21:06:46.439420+00:00,2026-08-09T20:40:10.613404+00:00,54,2026-08-09T20:40:10.613404+00:00
2026-08-10,removed,986880,,,Apartment,SEA SERENITY | MODERN 1BR | PREMIUM COMFORT,450.0,,,,BHD,monthly,,,,,,,,,,,26.239999771118164,50.5369987487793,,,,Farhan Tariq,,YES,,,,,https://www.propertyfinder.bh/en/plp/rent/apartment-for-rent-capital-governorate-seef-986880.html,2026-06-10T21:00:38.499992+00:00,2026-08-09T20:40:10.613404+00:00,59,2026-08-09T20:40:10.613404+00:00
2026-08-10,removed,986885,,,Duplex,URBAN DUPLEX | STYLISH 1BR | MODERN COMFORT,420.0,,,,BHD,monthly,,,,,,,,,,,26.239999771118164,50.5369987487793,,,,Farhan Tariq,,YES,,,,,https://www.propertyfinder.bh/en/plp/rent/duplex-for-rent-capital-governorate-seef-986885.html,2026-06-10T21:00:38.499992+00:00,2026-08-09T20:40:10.613404+00:00,59,2026-08-09T20:40:10.613404+00:00
2026-08-10,removed,990670,,,Apartment,ELEGANT ESCAPE WITH UNBROKEN SEA VISTA,630.0,,,,BHD,monthly,,,,,,,,,,,26.239999771118164,50.5369987487793,,,,Farhan Tariq,,YES,,,,,https://www.propertyfinder.bh/en/plp/rent/apartment-for-rent-capital-governorate-seef-990670.html,2026-06-10T21:00:38.499992+00:00,2026-08-09T20:40:10.613404+00:00,59,2026-08-09T20:40:10.613404+00:00
2026-08-10,removed,990742,,,Apartment,STEP INTO THE CITY WITHOUT LEAVING HOME,600.0,,,,BHD,monthly,,,,,,,,,,,26.239999771118164,50.5369987487793,,,,Farhan Tariq,,YES,,,,,https://www.propertyfinder.bh/en/plp/rent/apartment-for-rent-capital-governorate-seef-990742.html,2026-06-10T21:00:38.499992+00:00,2026-08-09T20:40:10.613404+00:00,59,2026-08-09T20:40:10.613404+00:00
2026-08-10,removed,991169,,,Apartment,SEA VIEW LUXURY | BRIGHT SPACES | ELEGANCE,550.0,,,,BHD,monthly,,,,,,,,,,,26.239999771118164,50.5369987487793,,,,Farhan Tariq,,YES,,,,,https://www.propertyfinder.bh/en/plp/rent/apartment-for-rent-capital-governorate-seef-991169.html,2026-06-10T21:00:38.499992+00:00,2026-08-09T20:40:10.613404+00:00,59,2026-08-09T20:40:10.613404+00:00
2026-08-10,removed,991263,,,Apartment,COASTAL LIVING | SEA BREEZE | URBAN STYLE,540.0,,,,BHD,monthly,,,,,,,,,,,26.239999771118164,50.5369987487793,,,,Farhan Tariq,,YES,,,,,https://www.propertyfinder.bh/en/plp/rent/apartment-for-rent-capital-governorate-seef-991263.html,2026-06-10T21:00:38.499992+00:00,2026-08-09T20:40:10.613404+00:00,59,2026-08-09T20:40:10.613404+00:00
2026-08-10,removed,993400,,,Land,Land For Sale In Bu Quwah - Saraya 2,66340.0,,,,BHD,sell,,,,,,,,Saraya 2,,,26.19185447692871,50.509178161621094,,,,Noaman Al Shajar,,,,,,,https://www.propertyfinder.bh/en/plp/buy/land-for-sale-northern-governorate-bu-quwah-saraya-2-993400.html,2026-05-31T13:58:31.068517+00:00,2026-08-09T20:40:10.613404+00:00,70,2026-08-09T20:40:10.613404+00:00
2026-08-10,removed,993423,,,Land,Land For Sale In Malkiyah 183.4 m2,65000.0,,,,BHD,sell,,,,,,,,,,,26.100860595703125,50.48801040649414,,,,Noaman Al Shajar,,,,,,,https://www.propertyfinder.bh/en/plp/buy/land-for-sale-northern-governorate-malkiyah-993423.html,2026-05-31T13:58:31.068517+00:00,2026-08-09T20:40:10.613404+00:00,70,2026-08-09T20:40:10.613404+00:00
2026-08-10,removed,993441,,,Land,Land For Sale In Malkiyah 220.6 M2,75985.0,,,,BHD,sell,,,,,,,,,,,26.100860595703125,50.48801040649414,,,,Noaman Al Shajar,,,,,,,https://www.propertyfinder.bh/en/plp/buy/land-for-sale-northern-governorate-malkiyah-993441.html,2026-05-31T13:58:31.068517+00:00,2026-08-09T20:40:10.613404+00:00,70,2026-08-09T20:40:10.613404+00:00
2026-08-10,removed,993464,,,Land,Land For Sale In Hamala 320.2 m2,94782.0,,,,BHD,sell,,,,,,,,,,,26.140336990356445,50.478271484375,,,,Noaman Al Shajar,,,,,,,https://www.propertyfinder.bh/en/plp/buy/land-for-sale-northern-governorate-hamala-993464.html,2026-05-31T13:58:31.068517+00:00,2026-08-09T20:40:10.613404+00:00,70,2026-08-09T20:40:10.613404+00:00
2026-08-10,removed,994129,,,Land,Land For Sale In Malikyah 150 m2,51000.0,,,,BHD,sell,,,,,,,,,,,26.100860595703125,50.48801040649414,,,,Noaman Al Shajar,,,,,,,https://www.propertyfinder.bh/en/plp/buy/land-for-sale-northern-governorate-malkiyah-994129.html,2026-05-31T13:58:31.068517+00:00,2026-08-09T20:40:10.613404+00:00,70,2026-08-09T20:40:10.613404+00:00
2026-08-10,removed,994143,,,Land,Two Adjacent Plots of Land for Sale In Hamala,54000.0,,,,BHD,sell,,,,,,,,,,,26.140336990356445,50.478271484375,,,,Noaman Al Shajar,,,,,,,https://www.propertyfinder.bh/en/plp/buy/land-for-sale-northern-governorate-hamala-994143.html,2026-05-31T13:58:31.068517+00:00,2026-08-09T20:40:10.613404+00:00,70,2026-08-09T20:40:10.613404+00:00
2026-08-10,removed,994148,,,Land,Land For Sale In Hamala 165.4 m2,50000.0,,,,BHD,sell,,,,,,,,,,,26.140336990356445,50.478271484375,,,,Noaman Al Shajar,,,,,,,https://www.propertyfinder.bh/en/plp/buy/land-for-sale-northern-governorate-hamala-994148.html,2026-05-31T13:58:31.068517+00:00,2026-08-09T20:40:10.613404+00:00,70,2026-08-09T20:40:10.613404+00:00
2026-08-10,removed,994151,,,Land,Land For Sale In Hamala 172.6 m2,52000.0,,,,BHD,sell,,,,,,,,,,,26.140336990356445,50.478271484375,,,,Noaman Al Shajar,,,,,,,https://www.propertyfinder.bh/en/plp/buy/land-for-sale-northern-governorate-hamala-994151.html,2026-05-31T13:58:31.068517+00:00,2026-08-09T20:40:10.613404+00:00,70,2026-08-09T20:40:10.613404+00:00
2026-08-10,removed,994161,,,Land,Land For Sale In Hamala 185.3 m2,56845.0,,,,BHD,sell,,,,,,,,,,,26.140336990356445,50.478271484375,,,,Noaman Al Shajar,,,,,,,https://www.propertyfinder.bh/en/plp/buy/land-for-sale-northern-governorate-hamala-994161.html,2026-05-31T13:58:31.068517+00:00,2026-08-09T20:40:10.613404+00:00,70,2026-08-09T20:40:10.613404+00:00
2026-08-10,removed,994167,,,Land,Land For Sale In Hamala 367.4 m2,103000.0,,,,BHD,sell,,,,,,,,,,,26.140336990356445,50.478271484375,,,,Noaman Al Shajar,,,,,,,https://www.propertyfinder.bh/en/plp/buy/land-for-sale-northern-governorate-hamala-994167.html,2026-05-31T13:58:31.068517+00:00,2026-08-09T20:40:10.613404+00:00,70,2026-08-09T20:40:10.613404+00:00
2026-08-10,removed,994171,,,Land,Land For Sale In Hamala 220.3 m2,68000.0,,,,BHD,sell,,,,,,,,,,,26.140336990356445,50.478271484375,,,,Noaman Al Shajar,,,,,,,https://www.propertyfinder.bh/en/plp/buy/land-for-sale-northern-governorate-hamala-994171.html,2026-05-31T13:58:31.068517+00:00,2026-08-09T20:40:10.613404+00:00,70,2026-08-09T20:40:10.613404+00:00
2026-08-10,removed,994778,,,Villa,Villa for Sale in Malkiyah | Near Al Reef Mall,175000.0,,,,BHD,sell,,,,,,,,,,,26.100860595703125,50.48801040649414,,,,Ali Almalek,,NO,completed,,,,https://www.propertyfinder.bh/en/plp/buy/villa-for-sale-northern-governorate-malkiyah-994778.html,2026-06-02T00:10:52.106132+00:00,2026-08-09T20:40:10.613404+00:00,68,2026-08-09T20:40:10.613404+00:00
2026-08-10,removed,995242,,,Land,"Nabih Saleh plots , areas starting from 214sqm",107819.0,,,,BHD,sell,,,,,,,,,,,26.17919921875,50.49909210205078,,,,Hasan Almaknei,,,,,,,https://www.propertyfinder.bh/en/plp/buy/land-for-sale-capital-governorate-nabih-saleh-995242.html,2026-05-31T13:58:31.068517+00:00,2026-08-09T20:40:10.613404+00:00,70,2026-08-09T20:40:10.613404+00:00
2026-08-10,removed,995449,,,Apartment,Freehold | Waterfront Community | Resort-Style,66500.0,,,,BHD,sell,,,,,,,,Diyar Al Muharraq,Marassi Park Residences,,26.307302474975586,50.645973205566406,,,,Puthu Veetil Sajahan,,YES,completed,,,,https://www.propertyfinder.bh/en/plp/buy/apartment-for-sale-muharraq-governorate-diyar-al-muharraq-marassi-park-residences-995449.html,2026-06-18T20:57:37.279688+00:00,2026-08-09T20:40:10.613404+00:00,51,2026-08-09T20:40:10.613404+00:00
2026-08-10,removed,995541,,,Apartment,HOT OFFER / BEST VIEW / MODERN APARTMENT,345.0,,,,BHD,monthly,,,,,,,,Canal View,,,26.273908615112305,50.67207336425781,,,,Kristina Rakikji,,YES,,,,,https://www.propertyfinder.bh/en/plp/rent/apartment-for-rent-muharraq-governorate-dilmunia-island-995541.html,2026-05-31T13:58:31.068517+00:00,2026-08-09T20:40:10.613404+00:00,70,2026-08-09T20:40:10.613404+00:00
2026-08-10,removed,996318,,,Apartment,Stunning New Apartment with Panoramic Sea Views,137000.0,,,,BHD,sell,,,,,,,,,,,26.249584197998047,50.580360412597656,,,,Puthu Veetil Sajahan,,YES,completed,,,,https://www.propertyfinder.bh/en/plp/buy/apartment-for-sale-capital-governorate-bahrain-bay-996318.html,2026-06-18T20:57:37.279688+00:00,2026-08-09T20:40:10.613404+00:00,51,2026-08-09T20:40:10.613404+00:00
2026-08-10,removed,997987,,,Apartment,Spacious/Beautiful/ Balcony/Family /Apartment,280.0,,,,BHD,monthly,,,,,,,,,,,26.203079223632812,50.594947814941406,,,,Rineesh Kumar,,PARTLY,,,,,https://www.propertyfinder.bh/en/plp/rent/apartment-for-rent-capital-governorate-manama-um-al-hasam-997987.html,2026-05-31T13:58:31.068517+00:00,2026-08-09T20:40:10.613404+00:00,70,2026-08-09T20:40:10.613404+00:00
2026-08-10,removed,998417,,,Apartment,PRIVATE GARDEN / SPACIOUS APARTMENT / BEST PRICE,350.0,,,,BHD,monthly,,,,,,,,Amwaj Avenue,,,26.29302978515625,50.66474151611328,,,,Kristina Rakikji,,YES,,,,,https://www.propertyfinder.bh/en/plp/rent/apartment-for-rent-muharraq-governorate-amwaj-islands-amwaj-avenue-998417.html,2026-06-03T21:04:42.207506+00:00,2026-08-09T20:40:10.613404+00:00,66,2026-08-09T20:40:10.613404+00:00
2026-08-10,removed,998751,,,Apartment,LUXURY | SEAVIEW | MODERN | PRIME LOCATION,550.0,,,,BHD,monthly,,,,,,,,,,,26.21263313293457,50.67418670654297,,,,JASIM AHMED ABDULLA MOHAMED HASAN,,YES,,,,,https://www.propertyfinder.bh/en/plp/rent/apartment-for-rent-muharraq-governorate-hidd-998751.html,2026-05-31T13:58:31.068517+00:00,2026-08-09T20:40:10.613404+00:00,70,2026-08-09T20:40:10.613404+00:00
2026-08-10,removed,998753,,,Penthouse,SEA VIEW | VERY  MODERN | READY TO MOVE IN,1700.0,,,,BHD,monthly,,,,,,,,Amwaj Avenue,,,26.29302978515625,50.66474151611328,,,,Moueen Charfi,,YES,,,,,https://www.propertyfinder.bh/en/plp/rent/penthouse-for-rent-muharraq-governorate-amwaj-islands-amwaj-avenue-998753.html,2026-05-31T13:58:31.068517+00:00,2026-08-09T20:40:10.613404+00:00,70,2026-08-09T20:40:10.613404+00:00
2026-08-10,removed,999314,,,Land,Corner|Prime Location|Residential,104000.0,,,,BHD,sell,,,,,,,,,,,26.100860595703125,50.48801040649414,,,,Ali Almalek,,,,,,,https://www.propertyfinder.bh/en/plp/buy/land-for-sale-northern-governorate-malkiyah-999314.html,2026-05-31T13:58:31.068517+00:00,2026-08-09T20:40:10.613404+00:00,70,2026-08-09T20:40:10.613404+00:00
2026-08-10,price_changed,1002712,,,Apartment,PRIME LOCATION l MADE BY INTERIOR DESIGNER l WIFI,470.0,450.0,-20.0,-4.26,BHD,monthly,,,,,,,,,,,26.239999771118164,50.5369987487793,,,,Hamad Buhameed,,YES,,,,,https://www.propertyfinder.bh/en/plp/rent/apartment-for-rent-capital-governorate-seef-1002712.html,2026-05-31T13:58:31.068517+00:00,2026-08-10T20:51:18.479280+00:00,71,2026-08-10T20:51:18.479280+00:00
2026-08-10,price_changed,51233288,,,Apartment,Kempinski  Resident Luxury Branded apartment,92232.0,78750.0,-13482.0,-14.62,BHD,sell,,,,,,,,Bahrain Financial Harbour,,,26.23778533935547,50.57342529296875,,,,Artyom Maulenov,,PARTLY,off_plan_primary,,,,https://www.propertyfinder.bh/en/plp/buy/apartment-for-sale-capital-governorate-manama-bahrain-financial-harbour-2PXnAguzYLA.html,2026-05-31T13:58:31.068517+00:00,2026-08-10T20:51:18.479280+00:00,71,2026-08-10T20:51:18.479280+00:00
2026-08-10,price_changed,51985031,,,Apartment,MODREN BRIGHT AND SPECIOUS II TWO BEDROOMS II,290.0,270.0,-20.0,-6.9,BHD,monthly,,,,,,,,,,,26.188888549804688,50.54999923706055,,,,Sheraz Butt,,PARTLY,,,,,https://www.propertyfinder.bh/en/plp/rent/apartment-for-rent-central-governorate-tubli-51985031.html,2026-05-31T13:58:31.068517+00:00,2026-08-10T20:51:18.479280+00:00,71,2026-08-10T20:51:18.479280+00:00
2026-08-10,price_changed,52829774,,,Apartment,GROUND FLOOR | 2 BEDROOM | 1 TOILET | BALCONY,140.0,160.0,20.0,14.29,BHD,monthly,,,,,,,,,,,26.179166793823242,50.56222152709961,,,,Muhammad,,NO,,,,,https://www.propertyfinder.bh/en/plp/rent/apartment-for-rent-central-governorate-jid-ali-52829774.html,2026-05-31T13:58:31.068517+00:00,2026-08-10T20:51:18.479280+00:00,71,2026-08-10T20:51:18.479280+00:00
2026-08-10,price_changed,52879783,,,Villa,Free Hold Brand New Villa Limited units Left,185000.0,175000.0,-10000.0,-5.41,BHD,sell,,,,,,,,Diyar Al Muharraq,Al Thurya villa Diyar Al Muharraq,,26.307880401611328,50.631385803222656,,,,Muhammad Jahengir Akram,,PARTLY,completed,,,,https://www.propertyfinder.bh/en/plp/buy/villa-for-sale-muharraq-governorate-diyar-al-muharraq-al-thurya-villa-diyar-al-muharraq-52879783.html,2026-05-31T13:58:31.068517+00:00,2026-08-10T20:51:18.479280+00:00,71,2026-08-10T20:51:18.479280+00:00
2026-08-10,price_changed,52879803,,,Villa,FreeHold Villa  30% advance 10 yrs Payment plan,185000.0,175000.0,-10000.0,-5.41,BHD,sell,,,,,,,,Diyar Al Muharraq,Al Thurya villa Diyar Al Muharraq,,26.307880401611328,50.631385803222656,,,,Muhammad Jahengir Akram,,NO,completed_primary,,,,https://www.propertyfinder.bh/en/plp/buy/villa-for-sale-muharraq-governorate-diyar-al-muharraq-al-thurya-villa-diyar-al-muharraq-52879803.html,2026-05-31T13:58:31.068517+00:00,2026-08-10T20:51:18.479280+00:00,71,2026-08-10T20:51:18.479280+00:00
2026-08-10,price_changed,52905573,,,Villa,amazing villa-fully renewed in jidhafs,240.0,270.0,30.0,12.5,BHD,monthly,,,,,,,,,,,26.21967315673828,50.53300476074219,,,,Ali Alshabani,,NO,,,,,https://www.propertyfinder.bh/en/plp/rent/villa-for-rent-northern-governorate-jidhafs-52905573.html,2026-05-31T13:58:31.068517+00:00,2026-08-10T20:51:18.479280+00:00,71,2026-08-10T20:51:18.479280+00:00
2026-08-10,price_changed,53350464,,,Villa,Contemporary 4 Bed SF Villa w/ large private pool,1500.0,1400.0,-100.0,-6.67,BHD,monthly,,,,,,,,Amwaj Avenue,,,26.29302978515625,50.66474151611328,,,,Marie Sharpe,,PARTLY,,,,,https://www.propertyfinder.bh/en/plp/rent/villa-for-rent-muharraq-governorate-amwaj-islands-amwaj-avenue-53350464.html,2026-05-31T13:58:31.068517+00:00,2026-08-10T20:51:18.479280+00:00,71,2026-08-10T20:51:18.479280+00:00
2026-08-10,price_changed,53682743,,,Apartment,Reduced rent - furnished 2 bed | Inclusive | Wifi,400.0,370.0,-30.0,-7.5,BHD,monthly,,,,,,,,,,,26.211111068725586,50.601112365722656,,,,Joyace  Joy,,YES,,,,,https://www.propertyfinder.bh/en/plp/rent/apartment-for-rent-capital-governorate-al-juffair-53682743.html,2026-07-20T21:17:02.364062+00:00,2026-08-10T20:51:18.479280+00:00,20,2026-08-10T20:51:18.479280+00:00
2026-08-10,price_changed,54151378,,,Villa,ELITE 4BR VILLA | POOL | OPEN PLAN | MODERN |,1350.0,1300.0,-50.0,-3.7,BHD,monthly,,,,,,,,,,,26.185943603515625,50.46711349487305,,,,Shaji Pathrose,,PARTLY,,,,,https://www.propertyfinder.bh/en/plp/rent/villa-for-rent-northern-governorate-janabiya-54151378.html,2026-06-06T12:27:28.042901+00:00,2026-08-10T20:51:18.479280+00:00,65,2026-08-10T20:51:18.479280+00:00
2026-08-10,price_changed,54370790,,,Office Space,REASONABLE | CITY CENTER | FULLY FITTED | IDEAL,480.0,420.0,-60.0,-12.5,BHD,monthly,,,,,,,,,,,26.239999771118164,50.5369987487793,,,,Anza Khurram,,YES,,,,,https://www.propertyfinder.bh/en/plp/commercial-rent/office-space-for-rent-capital-governorate-seef-54370790.html,2026-06-14T20:36:23.817039+00:00,2026-08-10T20:51:18.479280+00:00,57,2026-08-10T20:51:18.479280+00:00
2026-08-10,price_changed,54370917,,,Apartment,HOT DEAL 125SQM NAVY APPROVED RENTED AT 320 BD,43500.0,44000.0,500.0,1.15,BHD,sell,,,,,,,,,,,26.211111068725586,50.601112365722656,,,,khan Mohammad khan,,YES,completed,,,,https://www.propertyfinder.bh/en/plp/buy/apartment-for-sale-capital-governorate-al-juffair-54370917.html,2026-06-14T20:36:23.817039+00:00,2026-08-10T20:51:18.479280+00:00,57,2026-08-10T20:51:18.479280+00:00
2026-08-10,price_changed,54478816,,,Apartment,Great Investment l Spacious Layout l Maid's Room,69000.0,66000.0,-3000.0,-4.35,BHD,sell,,,,,,,,Essence of Dilmunia,,,26.27286720275879,50.672889709472656,,,,Siwar Arfaoui,,YES,completed,,,,https://www.propertyfinder.bh/en/plp/buy/apartment-for-sale-muharraq-governorate-dilmunia-island-essence-of-dilmunia-54478816.html,2026-06-18T20:57:37.279688+00:00,2026-08-10T20:51:18.479280+00:00,52,2026-08-10T20:51:18.479280+00:00
2026-08-10,price_changed,54626227,,,Villa,STUNNING FACING VILLA - PRIVATE POOL- PVT GARAGE,1500.0,1600.0,100.0,6.67,BHD,monthly,,,,,,,,,,,26.27286720275879,50.672889709472656,,,,Sheila  Mcewan,,PARTLY,,,,,https://www.propertyfinder.bh/en/plp/rent/villa-for-rent-muharraq-governorate-dilmunia-island-54626227.html,2026-06-23T20:51:22.852189+00:00,2026-08-10T20:51:18.479280+00:00,47,2026-08-10T20:51:18.479280+00:00
2026-08-10,price_changed,54743761,,,Villa,Seafront | Boat Docking | Largest Type,1600.0,1400.0,-200.0,-12.5,BHD,monthly,,,,,,,,Diyar Al Muharraq,Al Naseem,,26.31142234802246,50.64306640625,,,,Tariq Al Alaiwat,,PARTLY,,,,,https://www.propertyfinder.bh/en/plp/rent/villa-for-rent-muharraq-governorate-diyar-al-muharraq-al-naseem-54743761.html,2026-06-27T20:31:13.793073+00:00,2026-08-10T20:51:18.479280+00:00,44,2026-08-10T20:51:18.479280+00:00
2026-08-10,price_changed,54885784,,,Apartment,Sea View 2 beds + Maid Room + Study In Heart Seef,975.0,925.0,-50.0,-5.13,BHD,monthly,,,,,,,,,,,26.239999771118164,50.5369987487793,,,,Rawda Kahlaoui,,YES,,,,,https://www.propertyfinder.bh/en/plp/rent/apartment-for-rent-capital-governorate-seef-54885784.html,2026-07-02T20:35:29.272680+00:00,2026-08-10T20:51:18.479280+00:00,39,2026-08-10T20:51:18.479280+00:00
2026-08-10,price_changed,54997749,,,Apartment,FULL SEA VIEW - BEACH ACCESS - SHORES - HIGH FLOOR,650.0,620.0,-30.0,-4.62,BHD,monthly,,,,,,,,Diyar Al Muharraq,,,26.303447723388672,50.6461296081543,,,,Husain Jaber Abdulla Zaid,,YES,,,,,https://www.propertyfinder.bh/en/plp/rent/apartment-for-rent-muharraq-governorate-diyar-al-muharraq-marassi-al-bahrain-54997749.html,2026-07-06T21:42:21.442506+00:00,2026-08-10T20:51:18.479280+00:00,34,2026-08-10T20:51:18.479280+00:00
2026-08-10,price_changed,55027287,,,Apartment,BALCONY | MODERN | BEST PRICE | POOL | GYM | KIDS,330.0,310.0,-20.0,-6.06,BHD,monthly,,,,,,,,,,,26.211111068725586,50.601112365722656,,,,Imad Hasan,,YES,,,,,https://www.propertyfinder.bh/en/plp/rent/apartment-for-rent-capital-governorate-al-juffair-55027287.html,2026-07-09T21:28:23.078681+00:00,2026-08-10T20:51:18.479280+00:00,31,2026-08-10T20:51:18.479280+00:00
2026-08-10,price_changed,55366916,,,Apartment,3 Bedroom flat for Rent in Juffair,450.0,420.0,-30.0,-6.67,BHD,monthly,,,,,,,,,,,26.211111068725586,50.601112365722656,,,,Sayed Hashem Hasan,,YES,,,,,https://www.propertyfinder.bh/en/plp/rent/apartment-for-rent-capital-governorate-al-juffair-55366916.html,2026-07-19T20:58:26.466026+00:00,2026-08-10T20:51:18.479280+00:00,21,2026-08-10T20:51:18.479280+00:00
2026-08-10,price_changed,55396590,,,Apartment,Luxury Fully Furnished Interior | Ideal for Family,1050.0,950.0,-100.0,-9.52,BHD,monthly,,,,,,,,,,,26.211111068725586,50.601112365722656,,,,Bilal Mohamed,,YES,,,,,https://www.propertyfinder.bh/en/plp/rent/apartment-for-rent-capital-governorate-al-juffair-55396590.html,2026-07-20T21:17:02.364062+00:00,2026-08-10T20:51:18.479280+00:00,20,2026-08-10T20:51:18.479280+00:00
2026-08-10,price_changed,55483524,,,Apartment,Renovated House | Investment Opportunity,37000.0,39000.0,2000.0,5.41,BHD,sell,,,,,,,,,,,26.21263313293457,50.67418670654297,,,,Christian Brunet,,NO,completed,,,,https://www.propertyfinder.bh/en/plp/buy/apartment-for-sale-muharraq-governorate-hidd-55483524.html,2026-07-23T21:12:20.858482+00:00,2026-08-10T20:51:18.479280+00:00,17,2026-08-10T20:51:18.479280+00:00
2026-08-10,price_changed,55541540,,,Apartment,UNBELIEVABLE PRICE | HOT OFFER | DIRECT BEACH ACCE,59000.0,56000.0,-3000.0,-5.08,BHD,sell,,,,,,,,Diyar Al Muharraq,Marassi Shores Residences,,26.303447723388672,50.6461296081543,,,,Hamad Buhameed,,YES,completed,,,,https://www.propertyfinder.bh/en/plp/buy/apartment-for-sale-muharraq-governorate-diyar-al-muharraq-marassi-shores-residences-55541540.html,2026-07-25T21:00:21.405436+00:00,2026-08-10T20:51:18.479280+00:00,15,2026-08-10T20:51:18.479280+00:00
2026-08-10,price_changed,55598504,,,Apartment,Furnished 1-Bedroom Apartment in Prime Juffair,270.0,300.0,30.0,11.11,BHD,monthly,,,,,,,,,,,26.211111068725586,50.601112365722656,,,,Violeta Abboud,,YES,,,,,https://www.propertyfinder.bh/en/plp/rent/apartment-for-rent-capital-governorate-al-juffair-55598504.html,2026-07-27T21:16:55.514144+00:00,2026-08-10T20:51:18.479280+00:00,13,2026-08-10T20:51:18.479280+00:00
2026-08-10,price_changed,55600115,,,Apartment,LUXURY LIVING | SEA VIEW | ONE BR | JUFFAIR,310.0,300.0,-10.0,-3.23,BHD,monthly,,,,,,,,,,,26.211111068725586,50.601112365722656,,,,JUNAID MUNAWAR,,YES,,,,,https://www.propertyfinder.bh/en/plp/rent/apartment-for-rent-capital-governorate-al-juffair-55600115.html,2026-07-27T21:16:55.514144+00:00,2026-08-10T20:51:18.479280+00:00,13,2026-08-10T20:51:18.479280+00:00
2026-08-10,price_changed,55772702,,,Apartment,LOW FLOOR | NEW | STORE ROOM  | SEEF MALL,430.0,400.0,-30.0,-6.98,BHD,monthly,,,,,,,,,,,26.239999771118164,50.5369987487793,,,,Ismail Abdullah,,YES,,,,,https://www.propertyfinder.bh/en/plp/rent/apartment-for-rent-capital-governorate-seef-55772702.html,2026-08-02T21:01:45.450020+00:00,2026-08-10T20:51:18.479280+00:00,7,2026-08-10T20:51:18.479280+00:00
2026-08-10,price_changed,55772997,,,Apartment,Affordable Furnished flat 2 Bed for Rent/Janabiya,350.0,330.0,-20.0,-5.71,BHD,monthly,,,,,,,,,,,26.185943603515625,50.46711349487305,,,,Dafina Muca,,YES,,,,,https://www.propertyfinder.bh/en/plp/rent/apartment-for-rent-northern-governorate-janabiya-55772997.html,2026-08-02T21:01:45.450020+00:00,2026-08-10T20:51:18.479280+00:00,7,2026-08-10T20:51:18.479280+00:00
2026-08-10,price_changed,55803353,,,Apartment,Cozy Unit l Balcony with City View l Beach Access,430.0,400.0,-30.0,-6.98,BHD,monthly,,,,,,,,Diyar Al Muharraq,Marassi Boulevard,,26.303447723388672,50.6461296081543,,,,Siwar Arfaoui,,YES,,,,,https://www.propertyfinder.bh/en/plp/rent/apartment-for-rent-muharraq-governorate-diyar-al-muharraq-marassi-boulevard-55803353.html,2026-08-03T21:12:00.704076+00:00,2026-08-10T20:51:18.479280+00:00,6,2026-08-10T20:51:18.479280+00:00
2026-08-10,price_changed,55803389,,,Apartment,Great Value | Family Friendly | Balcony and Pool,270.0,280.0,10.0,3.7,BHD,monthly,,,,,,,,,,,26.21672821044922,50.55367660522461,,,,Anjum Jawaid,,YES,,,,,https://www.propertyfinder.bh/en/plp/rent/apartment-for-rent-capital-governorate-manama-al-burhama-55803389.html,2026-08-03T21:12:00.704076+00:00,2026-08-10T20:51:18.479280+00:00,6,2026-08-10T20:51:18.479280+00:00
2026-08-10,price_changed,55803419,,,Apartment,All Inclusive 1 BR Unlimited EWA | Internet,490.0,480.0,-10.0,-2.04,BHD,monthly,,,,,,,,,,,26.211111068725586,50.601112365722656,,,,Zsuzsanna Gecse,,YES,,,,,https://www.propertyfinder.bh/en/plp/rent/apartment-for-rent-capital-governorate-al-juffair-55803419.html,2026-08-03T21:12:00.704076+00:00,2026-08-10T20:51:18.479280+00:00,6,2026-08-10T20:51:18.479280+00:00
2026-08-10,price_changed,55803422,,,Apartment,Ideal Home for Teachers | Get Housekeeping Free,290.0,280.0,-10.0,-3.45,BHD,monthly,,,,,,,,,,,26.211111068725586,50.601112365722656,,,,Zsuzsanna Gecse,,YES,,,,,https://www.propertyfinder.bh/en/plp/rent/apartment-for-rent-capital-governorate-al-juffair-55803422.html,2026-08-03T21:12:00.704076+00:00,2026-08-10T20:51:18.479280+00:00,6,2026-08-10T20:51:18.479280+00:00
2026-08-10,price_changed,55892921,,,Apartment,LUXURY 01 BEDROOM 05 STAR FACILITIES |BAHRAIN BAY,515.0,520.0,5.0,0.97,BHD,monthly,,,,,,,,,,,26.249584197998047,50.580360412597656,,,,JUNAID MUNAWAR,,YES,,,,,https://www.propertyfinder.bh/en/plp/rent/apartment-for-rent-capital-governorate-bahrain-bay-55892921.html,2026-08-07T00:55:25.755875+00:00,2026-08-10T20:51:18.479280+00:00,3,2026-08-10T20:51:18.479280+00:00
2026-08-10,price_changed,55892937,,,Apartment,Prime Location l Balcony l Sea View l Beach Access,600.0,590.0,-10.0,-1.67,BHD,monthly,,,,,,,,Amwaj Avenue,,,26.29302978515625,50.66474151611328,,,,Siwar Arfaoui,,YES,,,,,https://www.propertyfinder.bh/en/plp/rent/apartment-for-rent-muharraq-governorate-amwaj-islands-amwaj-avenue-55892937.html,2026-08-07T00:55:25.755875+00:00,2026-08-10T20:51:18.479280+00:00,3,2026-08-10T20:51:18.479280+00:00
2026-08-10,price_changed,55949857,,,Apartment,SEA VIEW | LOW RENT | INCLUSIVE | COZY,625.0,500.0,-125.0,-20.0,BHD,monthly,,,,,,,,Canal View,,,26.273908615112305,50.67207336425781,,,,Wilfred Pagalan,,YES,,,,,https://www.propertyfinder.bh/en/plp/rent/apartment-for-rent-muharraq-governorate-dilmunia-island-canal-view-55949857.html,2026-08-08T20:37:26.992750+00:00,2026-08-10T20:51:18.479280+00:00,2,2026-08-10T20:51:18.479280+00:00
2026-08-10,price_changed,55950393,,,Penthouse,STUNNING |BIG TERRACE |SEMI FURNISHED | PENTHOUSE,1400.0,1300.0,-100.0,-7.14,BHD,monthly,,,,,,,,,,,26.241750717163086,50.5663948059082,,,,Anza Khurram,,PARTLY,,,,,https://www.propertyfinder.bh/en/plp/rent/penthouse-for-rent-capital-governorate-reef-island-55950393.html,2026-08-08T20:37:26.992750+00:00,2026-08-10T20:51:18.479280+00:00,2,2026-08-10T20:51:18.479280+00:00
2026-08-10,price_changed,55950805,,,Apartment,Fontana Infinity 1BR | Sea View | Unlimited EWA,470.0,480.0,10.0,2.13,BHD,monthly,,,,,,,,,,,26.211111068725586,50.601112365722656,,,,Owais Khan Suri,,YES,,,,,https://www.propertyfinder.bh/en/plp/rent/apartment-for-rent-capital-governorate-al-juffair-55950805.html,2026-08-08T20:37:26.992750+00:00,2026-08-10T20:51:18.479280+00:00,2,2026-08-10T20:51:18.479280+00:00
2026-08-10,price_changed,55950981,,,Apartment,Sea view 2 BR FF Apt / Unlimited EWA / Balcony,600.0,550.0,-50.0,-8.33,BHD,monthly,,,,,,,,Amwaj Avenue,,,26.29302978515625,50.66474151611328,,,,Mohammad Rizwan Ashraf,,YES,,,,,https://www.propertyfinder.bh/en/plp/rent/apartment-for-rent-muharraq-governorate-amwaj-islands-amwaj-avenue-55950981.html,2026-08-08T20:37:26.992750+00:00,2026-08-10T20:51:18.479280+00:00,2,2026-08-10T20:51:18.479280+00:00
2026-08-10,price_changed,55980145,,,Apartment,BRAND NEW FULLY FURNISHED LUXARY 1 BEDROOM,200.0,300.0,100.0,50.0,BHD,monthly,,,,,,,,,,,26.185943603515625,50.46711349487305,,,,OKA Real Estate,,YES,,,,,https://www.propertyfinder.bh/en/plp/rent/apartment-for-rent-northern-governorate-janabiya-55980145.html,2026-08-09T20:40:10.613404+00:00,2026-08-10T20:51:18.479280+00:00,1,2026-08-10T20:51:18.479280+00:00
2026-08-10,price_changed,55980206,,,Apartment,2 BR Furnished Apartment with Kids play area,300.0,320.0,20.0,6.67,BHD,monthly,,,,,,,,,,,26.211111068725586,50.601112365722656,,,,JUNAID MUNAWAR,,YES,,,,,https://www.propertyfinder.bh/en/plp/rent/apartment-for-rent-capital-governorate-al-juffair-55980206.html,2026-08-09T20:40:10.613404+00:00,2026-08-10T20:51:18.479280+00:00,1,2026-08-10T20:51:18.479280+00:00
2026-08-10,price_changed,923277,,,Villa,Renovated/Well maintained/4BR in Parks//,290000.0,280000.0,-10000.0,-3.45,BHD,sell,,,,,,,,Riffa Views,,,26.097333908081055,50.56736373901367,,,,Svetlana Resheliyan,,PARTLY,completed,,,,https://www.propertyfinder.bh/en/plp/buy/villa-for-sale-southern-governorate-riffa-riffa-views-923277.html,2026-05-31T13:58:31.068517+00:00,2026-08-10T20:51:18.479280+00:00,71,2026-08-10T20:51:18.479280+00:00
2026-08-10,price_changed,984211,,,Apartment,Furnished Two-Bedroom Apartment for Rent in Seef,450.0,430.0,-20.0,-4.44,BHD,monthly,,,,,,,,,,,26.239999771118164,50.5369987487793,,,,Abbas  Altaraifi,,YES,,,,,https://www.propertyfinder.bh/en/plp/rent/apartment-for-rent-capital-governorate-seef-984211.html,2026-05-31T13:58:31.068517+00:00,2026-08-10T20:51:18.479280+00:00,71,2026-08-10T20:51:18.479280+00:00
2026-08-10,price_changed,995474,,,Whole Building,16 apartments I Refurnished I Close to the Beach,625000.0,650000.0,25000.0,4.0,BHD,sell,,,,,,,,,,,26.239999771118164,50.5369987487793,,,,Bilal Mohamed,,YES,completed,,,,https://www.propertyfinder.bh/en/plp/buy/whole-building-for-sale-capital-governorate-seef-995474.html,2026-06-18T20:57:37.279688+00:00,2026-08-10T20:51:18.479280+00:00,52,2026-08-10T20:51:18.479280+00:00
2026-08-10,price_changed,995642,,,Apartment,Large Layout | Excellent Facilities | Big Balcony,42000.0,41000.0,-1000.0,-2.38,BHD,sell,,,,,,,,,,,26.211111068725586,50.601112365722656,,,,Iqbal Mayoddin,,YES,completed,,,,https://www.propertyfinder.bh/en/plp/buy/apartment-for-sale-capital-governorate-al-juffair-995642.html,2026-06-18T20:57:37.279688+00:00,2026-08-10T20:51:18.479280+00:00,52,2026-08-10T20:51:18.479280+00:00
2026-08-10,price_changed,997795,,,Apartment,HUGE / SPACIOUS/ FAMILY HOME/ QUITE NEIGHBORHOOD,300.0,330.0,30.0,10.0,BHD,monthly,,,,,,,,,,,26.188888549804688,50.54999923706055,,,,Muhammad Aamir Mansha,,NO,,,,,https://www.propertyfinder.bh/en/plp/rent/apartment-for-rent-central-governorate-tubli-997795.html,2026-08-05T21:21:28.553228+00:00,2026-08-10T20:51:18.479280+00:00,4,2026-08-10T20:51:18.479280+00:00
2026-08-10,price_changed,998418,,,Shop,Commercial Shop | Seef | High Visibility | 206 sqm,2700.0,2600.0,-100.0,-3.7,BHD,monthly,,,,,,,,,,,26.239999771118164,50.5369987487793,,,,Muhammad Aamir Mansha,,PARTLY,,,,,https://www.propertyfinder.bh/en/plp/commercial-rent/shop-for-rent-capital-governorate-seef-998418.html,2026-07-16T13:23:22.641531+00:00,2026-08-10T20:51:18.479280+00:00,25,2026-08-10T20:51:18.479280+00:00
