change_date,change_type,listing_id,category,listing_type,property_type,title,price_prev,price_curr,price_delta,price_delta_pct,currency,price_period,area_size,area_unit,beds_min,beds_max,baths_min,city,area,community,sub_community,compound,latitude,longitude,developer,project_name,agency_name,agent_name,agent_phone,furnished,completion_status,permit_number,rera_number,amenities,share_url,first_seen_at,last_seen_at,days_on_market,scraped_at
2026-08-21,new,1003037,,,Apartment,Furnished / Balconies / Prime Location,,46000.0,,,BHD,sell,,,,,,,,,,,26.211111068725586,50.601112365722656,,,,A. Mhaout,,YES,completed,,,,https://www.propertyfinder.bh/en/plp/buy/apartment-for-sale-capital-governorate-al-juffair-1003037.html,2026-05-31T13:58:31.068517+00:00,2026-08-21T20:32:39.293113+00:00,82,2026-08-21T20:32:39.293113+00:00
2026-08-21,new,1003039,,,Apartment,Bright 3 BHK Apartment / Prime Location,,250.0,,,BHD,monthly,,,,,,,,,,,26.21263313293457,50.67418670654297,,,,A. Mhaout,,NO,,,,,https://www.propertyfinder.bh/en/plp/rent/apartment-for-rent-muharraq-governorate-hidd-1003039.html,2026-05-31T13:58:31.068517+00:00,2026-08-21T20:32:39.293113+00:00,82,2026-08-21T20:32:39.293113+00:00
2026-08-21,new,1003128,,,Apartment,Spacious 3 BHK APRT / No Lift / Prime Location,,180.0,,,BHD,monthly,,,,,,,,,,,26.25,50.650001525878906,,,,A. Mhaout,,NO,,,,,https://www.propertyfinder.bh/en/plp/rent/apartment-for-rent-muharraq-governorate-arad-1003128.html,2026-05-31T13:58:31.068517+00:00,2026-08-21T20:32:39.293113+00:00,82,2026-08-21T20:32:39.293113+00:00
2026-08-21,new,56301806,,,Apartment,NEW| Marassi Park | Balcony | Beach Access|Pool,,380.0,,,BHD,monthly,,,,,,,,Diyar Al Muharraq,,,26.303447723388672,50.6461296081543,,,,Mohamed Jamal,,YES,,,,,https://www.propertyfinder.bh/en/plp/rent/apartment-for-rent-muharraq-governorate-diyar-al-muharraq-marassi-al-bahrain-56301806.html,2026-08-21T20:32:39.293113+00:00,2026-08-21T20:32:39.293113+00:00,0,2026-08-21T20:32:39.293113+00:00
2026-08-21,new,56301809,,,Apartment,Modern|Housekeeping|Prime Location|Gym|Parking,,410.0,,,BHD,monthly,,,,,,,,,,,26.19164276123047,50.48757553100586,,,,Mohamed Jamal,,YES,,,,,https://www.propertyfinder.bh/en/plp/rent/apartment-for-rent-northern-governorate-saar-56301809.html,2026-08-21T20:32:39.293113+00:00,2026-08-21T20:32:39.293113+00:00,0,2026-08-21T20:32:39.293113+00:00
2026-08-21,new,56301810,,,Villa,"Villa for Sale, Hamala, Private Build, 4 Bedrooms",,112000.0,,,BHD,sell,,,,,,,,,,,26.140336990356445,50.478271484375,,,,Mohammed Salman,,NO,completed_primary,,,,https://www.propertyfinder.bh/en/plp/buy/villa-for-sale-northern-governorate-hamala-56301810.html,2026-08-21T20:32:39.293113+00:00,2026-08-21T20:32:39.293113+00:00,0,2026-08-21T20:32:39.293113+00:00
2026-08-21,new,56301811,,,Villa,Spacious 5BHK Villa For Rent/ SALE / Prime Locati,,800.0,,,BHD,monthly,,,,,,,,,,,26.27199935913086,50.60900115966797,,,,A. Mhaout,,NO,,,,,https://www.propertyfinder.bh/en/plp/rent/villa-for-rent-muharraq-governorate-busaiteen-56301811.html,2026-08-21T20:32:39.293113+00:00,2026-08-21T20:32:39.293113+00:00,0,2026-08-21T20:32:39.293113+00:00
2026-08-21,new,56301813,,,Villa,Modern | Prime Location | Garden | Quality,,750.0,,,BHD,monthly,,,,,,,,,,,26.19164276123047,50.48757553100586,,,,Mohamed Jamal,,YES,,,,,https://www.propertyfinder.bh/en/plp/rent/villa-for-rent-northern-governorate-saar-56301813.html,2026-08-21T20:32:39.293113+00:00,2026-08-21T20:32:39.293113+00:00,0,2026-08-21T20:32:39.293113+00:00
2026-08-21,new,56301814,,,Villa,Modern | Prime Location | Garden | Quality,,650.0,,,BHD,monthly,,,,,,,,,,,26.19164276123047,50.48757553100586,,,,Mohamed Jamal,,PARTLY,,,,,https://www.propertyfinder.bh/en/plp/rent/villa-for-rent-northern-governorate-saar-56301814.html,2026-08-21T20:32:39.293113+00:00,2026-08-21T20:32:39.293113+00:00,0,2026-08-21T20:32:39.293113+00:00
2026-08-21,new,56301815,,,Villa,Spacious 5BHK Villa For Rent/ SALE / Prime Locati,,250000.0,,,BHD,sell,,,,,,,,,,,26.27199935913086,50.60900115966797,,,,A. Mhaout,,NO,completed,,,,https://www.propertyfinder.bh/en/plp/buy/villa-for-sale-muharraq-governorate-busaiteen-56301815.html,2026-08-21T20:32:39.293113+00:00,2026-08-21T20:32:39.293113+00:00,0,2026-08-21T20:32:39.293113+00:00
2026-08-21,new,56301820,,,Apartment,Near KHUH | Spacious | Balcony | Bright |WiFi,,380.0,,,BHD,monthly,,,,,,,,,,,26.27199935913086,50.60900115966797,,,,Mohamed Jamal,,YES,,,,,https://www.propertyfinder.bh/en/plp/rent/apartment-for-rent-muharraq-governorate-busaiteen-56301820.html,2026-08-21T20:32:39.293113+00:00,2026-08-21T20:32:39.293113+00:00,0,2026-08-21T20:32:39.293113+00:00
2026-08-21,new,56301823,,,Apartment,Modern | Gas Cooker | Prime Location |Car Parking,,250.0,,,BHD,monthly,,,,,,,,,,,26.207910537719727,50.587345123291016,,,,Mohamed Jamal,,YES,,,,,https://www.propertyfinder.bh/en/plp/rent/apartment-for-rent-capital-governorate-manama-mahooz-56301823.html,2026-08-21T20:32:39.293113+00:00,2026-08-21T20:32:39.293113+00:00,0,2026-08-21T20:32:39.293113+00:00
2026-08-21,new,56301825,,,Apartment,Modern | Gas Cooker | Prime Location | Parking,,250.0,,,BHD,monthly,,,,,,,,,,,26.21693992614746,50.57733154296875,,,,Mohamed Jamal,,YES,,,,,https://www.propertyfinder.bh/en/plp/rent/apartment-for-rent-capital-governorate-manama-segaya-56301825.html,2026-08-21T20:32:39.293113+00:00,2026-08-21T20:32:39.293113+00:00,0,2026-08-21T20:32:39.293113+00:00
2026-08-21,new,56301827,,,Villa,فيلا حديثة في موقع استراتيجي و بتشطيبات راقية,,135000.0,,,BHD,sell,,,,,,,,,,,26.185943603515625,50.46711349487305,,,,Mohamed Jamal,,PARTLY,completed,,,,https://www.propertyfinder.bh/en/plp/buy/villa-for-sale-northern-governorate-janabiya-56301827.html,2026-08-21T20:32:39.293113+00:00,2026-08-21T20:32:39.293113+00:00,0,2026-08-21T20:32:39.293113+00:00
2026-08-21,new,56329226,,,Apartment,LUXURY| SPACIOUS| 3BHK| LIFT|PARKING|SECURITY|MY,,350.0,,,BHD,monthly,,,,,,,,,,,26.149999618530273,50.58333206176758,,,,Nayla Tabussam,,PARTLY,,,,,https://www.propertyfinder.bh/en/plp/rent/apartment-for-rent-central-governorate-sanad-56329226.html,2026-08-21T20:32:39.293113+00:00,2026-08-21T20:32:39.293113+00:00,0,2026-08-21T20:32:39.293113+00:00
2026-08-21,new,56330288,,,Shop,Showroom for rent in Tubli,,1400.0,,,BHD,monthly,,,,,,,,,,,26.188888549804688,50.54999923706055,,,,Sadiq Al Majed,,NO,,,,,https://www.propertyfinder.bh/en/plp/commercial-rent/shop-for-rent-central-governorate-tubli-56330288.html,2026-08-21T20:32:39.293113+00:00,2026-08-21T20:32:39.293113+00:00,0,2026-08-21T20:32:39.293113+00:00
2026-08-21,new,56330289,,,Apartment,BEAUTIFULL| DELEX| STUDIO FLAT| UNLIMITED EWA| MY,,170.0,,,BHD,monthly,,,,,,,,Al Bahair,,,26.149368286132812,50.56598663330078,,,,Nayla Tabussam,,YES,,,,,https://www.propertyfinder.bh/en/plp/rent/apartment-for-rent-southern-governorate-riffa-al-bahair-56330289.html,2026-08-21T20:32:39.293113+00:00,2026-08-21T20:32:39.293113+00:00,0,2026-08-21T20:32:39.293113+00:00
2026-08-21,new,56330290,,,Apartment,Amazing stunningly Studio for rent in Gufool,,170.0,,,BHD,monthly,,,,,,,,,,,26.223421096801758,50.56662368774414,,,,Sadiq Al Majed,,YES,,,,,https://www.propertyfinder.bh/en/plp/rent/apartment-for-rent-capital-governorate-manama-gufool-56330290.html,2026-08-21T20:32:39.293113+00:00,2026-08-21T20:32:39.293113+00:00,0,2026-08-21T20:32:39.293113+00:00
2026-08-21,new,56330291,,,Shop,Shop for rent in Tubli,,1400.0,,,BHD,monthly,,,,,,,,,,,26.188888549804688,50.54999923706055,,,,Sadiq Al Majed,,NO,,,,,https://www.propertyfinder.bh/en/plp/commercial-rent/shop-for-rent-central-governorate-tubli-56330291.html,2026-08-21T20:32:39.293113+00:00,2026-08-21T20:32:39.293113+00:00,0,2026-08-21T20:32:39.293113+00:00
2026-08-21,new,56330292,,,Apartment,BRAND NEW| LUXURY| 3BHK| LIFT|PARKING|SECURITY|MY,,450.0,,,BHD,monthly,,,,,,,,Al Bahair,,,26.149368286132812,50.56598663330078,,,,Nayla Tabussam,,YES,,,,,https://www.propertyfinder.bh/en/plp/rent/apartment-for-rent-southern-governorate-riffa-al-bahair-56330292.html,2026-08-21T20:32:39.293113+00:00,2026-08-21T20:32:39.293113+00:00,0,2026-08-21T20:32:39.293113+00:00
2026-08-21,new,56330295,,,Office Space,Prestigious Seef Office – City View Space,,700.0,,,BHD,monthly,,,,,,,,,,,26.239999771118164,50.5369987487793,,,,Maydan Homes Leasing,,PARTLY,,,,,https://www.propertyfinder.bh/en/plp/commercial-rent/office-space-for-rent-capital-governorate-seef-56330295.html,2026-08-21T20:32:39.293113+00:00,2026-08-21T20:32:39.293113+00:00,0,2026-08-21T20:32:39.293113+00:00
2026-08-21,new,56330296,,,Apartment,POOL VIEW| MODERN | BRIGHT |BEACH ACCESS|,,600.0,,,BHD,monthly,,,,,,,,Diyar Al Muharraq,,,26.303447723388672,50.6461296081543,,,,Moueen Charfi,,YES,,,,,https://www.propertyfinder.bh/en/plp/rent/apartment-for-rent-muharraq-governorate-diyar-al-muharraq-marassi-al-bahrain-56330296.html,2026-08-21T20:32:39.293113+00:00,2026-08-21T20:32:39.293113+00:00,0,2026-08-21T20:32:39.293113+00:00
2026-08-21,new,56330297,,,Apartment,MODERN|ELEGANT | BEACH ACCESS| CLOSE TO MALL,,700.0,,,BHD,monthly,,,,,,,,Diyar Al Muharraq,,,26.303447723388672,50.6461296081543,,,,Moueen Charfi,,YES,,,,,https://www.propertyfinder.bh/en/plp/rent/apartment-for-rent-muharraq-governorate-diyar-al-muharraq-marassi-al-bahrain-56330297.html,2026-08-21T20:32:39.293113+00:00,2026-08-21T20:32:39.293113+00:00,0,2026-08-21T20:32:39.293113+00:00
2026-08-21,new,56330298,,,Apartment,BRAND NEW| PARK VIEW | BEACH ACCESS| MODERN,,380.0,,,BHD,monthly,,,,,,,,Diyar Al Muharraq,,,26.303447723388672,50.6461296081543,,,,Moueen Charfi,,YES,,,,,https://www.propertyfinder.bh/en/plp/rent/apartment-for-rent-muharraq-governorate-diyar-al-muharraq-marassi-al-bahrain-56330298.html,2026-08-21T20:32:39.293113+00:00,2026-08-21T20:32:39.293113+00:00,0,2026-08-21T20:32:39.293113+00:00
2026-08-21,new,56330334,,,Apartment,Spacious 3 BHK Apartment in Arad / Prime Location,,230.0,,,BHD,monthly,,,,,,,,,,,26.25,50.650001525878906,,,,A. Mhaout,,NO,,,,,https://www.propertyfinder.bh/en/plp/rent/apartment-for-rent-muharraq-governorate-arad-56330334.html,2026-08-21T20:32:39.293113+00:00,2026-08-21T20:32:39.293113+00:00,0,2026-08-21T20:32:39.293113+00:00
2026-08-21,new,56330370,,,Apartment,Spacious |5 Star Facilities| Balcony|Special Price,,299.0,,,BHD,monthly,,,,,,,,Hanging Garden,,,26.27286720275879,50.672889709472656,,,,Hazeeth,,YES,,,,,https://www.propertyfinder.bh/en/plp/rent/apartment-for-rent-muharraq-governorate-dilmunia-island-hanging-garden-56330370.html,2026-08-21T20:32:39.293113+00:00,2026-08-21T20:32:39.293113+00:00,0,2026-08-21T20:32:39.293113+00:00
2026-08-21,new,56330386,,,Apartment,PRIME LOCATION| SEA VIEW | STUNNING| 1 BHK | SEEF,,400.0,,,BHD,monthly,,,,,,,,,,,26.239999771118164,50.5369987487793,,,,Mustafa Al Halwachi,,YES,,,,,https://www.propertyfinder.bh/en/plp/rent/apartment-for-rent-capital-governorate-seef-56330386.html,2026-08-21T20:32:39.293113+00:00,2026-08-21T20:32:39.293113+00:00,0,2026-08-21T20:32:39.293113+00:00
2026-08-21,new,56330387,,,Apartment,SPACIOUS | PRIME LOCATION| AMAZING | 1BHK | SEEF,,360.0,,,BHD,monthly,,,,,,,,,,,26.239999771118164,50.5369987487793,,,,Mustafa Al Halwachi,,YES,,,,,https://www.propertyfinder.bh/en/plp/rent/apartment-for-rent-capital-governorate-seef-56330387.html,2026-08-21T20:32:39.293113+00:00,2026-08-21T20:32:39.293113+00:00,0,2026-08-21T20:32:39.293113+00:00
2026-08-21,new,56330388,,,Apartment,WONDERFUL | BALCONY | AMAZING | 1 BHK | SEEF,,360.0,,,BHD,monthly,,,,,,,,,,,26.239999771118164,50.5369987487793,,,,Mustafa Al Halwachi,,YES,,,,,https://www.propertyfinder.bh/en/plp/rent/apartment-for-rent-capital-governorate-seef-56330388.html,2026-08-21T20:32:39.293113+00:00,2026-08-21T20:32:39.293113+00:00,0,2026-08-21T20:32:39.293113+00:00
2026-08-21,new,56330389,,,Apartment,SPACIOUS | PRIME LOCATION | AMAZING | 2BHK | SEEF,,700.0,,,BHD,monthly,,,,,,,,,,,26.239999771118164,50.5369987487793,,,,Mustafa Al Halwachi,,YES,,,,,https://www.propertyfinder.bh/en/plp/rent/apartment-for-rent-capital-governorate-seef-56330389.html,2026-08-21T20:32:39.293113+00:00,2026-08-21T20:32:39.293113+00:00,0,2026-08-21T20:32:39.293113+00:00
2026-08-21,new,56330390,,,Apartment,STUNNING | BALCONY | AMAZING | 1 BHK | SEEF,,360.0,,,BHD,monthly,,,,,,,,,,,26.239999771118164,50.5369987487793,,,,Mustafa Al Halwachi,,YES,,,,,https://www.propertyfinder.bh/en/plp/rent/apartment-for-rent-capital-governorate-seef-56330390.html,2026-08-21T20:32:39.293113+00:00,2026-08-21T20:32:39.293113+00:00,0,2026-08-21T20:32:39.293113+00:00
2026-08-21,new,56330391,,,Apartment,ELEGANT | SPACIOUS | AMAZING | 1 BHK | SEEF,,460.0,,,BHD,monthly,,,,,,,,,,,26.239999771118164,50.5369987487793,,,,Mustafa Al Halwachi,,YES,,,,,https://www.propertyfinder.bh/en/plp/rent/apartment-for-rent-capital-governorate-seef-56330391.html,2026-08-21T20:32:39.293113+00:00,2026-08-21T20:32:39.293113+00:00,0,2026-08-21T20:32:39.293113+00:00
2026-08-21,new,56330392,,,Apartment,SPACIOUS | SEA VIEW | STUNNING | 2 BHK | SEEF,,600.0,,,BHD,monthly,,,,,,,,,,,26.239999771118164,50.5369987487793,,,,Mustafa Al Halwachi,,YES,,,,,https://www.propertyfinder.bh/en/plp/rent/apartment-for-rent-capital-governorate-seef-56330392.html,2026-08-21T20:32:39.293113+00:00,2026-08-21T20:32:39.293113+00:00,0,2026-08-21T20:32:39.293113+00:00
2026-08-21,new,56330393,,,Apartment,WONDERFUL | CITY VIEW | AMAZING | 1 BHK | SEEF,,400.0,,,BHD,monthly,,,,,,,,,,,26.239999771118164,50.5369987487793,,,,Mustafa Al Halwachi,,YES,,,,,https://www.propertyfinder.bh/en/plp/rent/apartment-for-rent-capital-governorate-seef-56330393.html,2026-08-21T20:32:39.293113+00:00,2026-08-21T20:32:39.293113+00:00,0,2026-08-21T20:32:39.293113+00:00
2026-08-21,new,56330394,,,Apartment,DUPLEX | CITY VIEW | AMAZING | 1 BHK | SEEF,,450.0,,,BHD,monthly,,,,,,,,,,,26.239999771118164,50.5369987487793,,,,Mustafa Al Halwachi,,YES,,,,,https://www.propertyfinder.bh/en/plp/rent/apartment-for-rent-capital-governorate-seef-56330394.html,2026-08-21T20:32:39.293113+00:00,2026-08-21T20:32:39.293113+00:00,0,2026-08-21T20:32:39.293113+00:00
2026-08-21,new,56330395,,,Apartment,WONDERFUL | SEA VIEW | AMAZING | 1 BHK | SEEF,,400.0,,,BHD,monthly,,,,,,,,,,,26.239999771118164,50.5369987487793,,,,Mustafa Al Halwachi,,YES,,,,,https://www.propertyfinder.bh/en/plp/rent/apartment-for-rent-capital-governorate-seef-56330395.html,2026-08-21T20:32:39.293113+00:00,2026-08-21T20:32:39.293113+00:00,0,2026-08-21T20:32:39.293113+00:00
2026-08-21,new,56330396,,,Apartment,STUNNING | 1 BHK | AMAZING | PRIME | JUFFAIR,,300.0,,,BHD,monthly,,,,,,,,,,,26.211111068725586,50.601112365722656,,,,Mustafa Al Halwachi,,YES,,,,,https://www.propertyfinder.bh/en/plp/rent/apartment-for-rent-capital-governorate-al-juffair-56330396.html,2026-08-21T20:32:39.293113+00:00,2026-08-21T20:32:39.293113+00:00,0,2026-08-21T20:32:39.293113+00:00
2026-08-21,new,56330397,,,Apartment,5 STARS FACILITIES | SEA VIEW | AMAZING | 1 BHK,,520.0,,,BHD,monthly,,,,,,,,,,,26.239999771118164,50.5369987487793,,,,Mustafa Al Halwachi,,YES,,,,,https://www.propertyfinder.bh/en/plp/rent/apartment-for-rent-capital-governorate-seef-56330397.html,2026-08-21T20:32:39.293113+00:00,2026-08-21T20:32:39.293113+00:00,0,2026-08-21T20:32:39.293113+00:00
2026-08-21,new,56330398,,,Apartment,SEMI FURNISHED| SEA VIEW | AMAZING | 1 BHK | SEEF,,350.0,,,BHD,monthly,,,,,,,,,,,26.239999771118164,50.5369987487793,,,,Mustafa Al Halwachi,,PARTLY,,,,,https://www.propertyfinder.bh/en/plp/rent/apartment-for-rent-capital-governorate-seef-56330398.html,2026-08-21T20:32:39.293113+00:00,2026-08-21T20:32:39.293113+00:00,0,2026-08-21T20:32:39.293113+00:00
2026-08-21,new,56330399,,,Villa,"Villa for Sale, Hamad Town, Private Build, 3 Beds",,129000.0,,,BHD,sell,,,,,,,,,,,26.12916374206543,50.49860763549805,,,,Mohammed Salman,,NO,completed_primary,,,,https://www.propertyfinder.bh/en/plp/buy/villa-for-sale-northern-governorate-hamad-town-56330399.html,2026-08-21T20:32:39.293113+00:00,2026-08-21T20:32:39.293113+00:00,0,2026-08-21T20:32:39.293113+00:00
2026-08-21,new,56330405,,,Villa,"Villa, Sale, Karzakan, 3 Bedrooms, 4 Bathrooms,",,106000.0,,,BHD,sell,,,,,,,,,,,26.113693237304688,50.48170471191406,,,,Mohammed Salman,,NO,completed_primary,,,,https://www.propertyfinder.bh/en/plp/buy/villa-for-sale-northern-governorate-karzakkan-56330405.html,2026-08-21T20:32:39.293113+00:00,2026-08-21T20:32:39.293113+00:00,0,2026-08-21T20:32:39.293113+00:00
2026-08-21,new,56330432,,,Villa,"Luxury Villa, Saar, 5 Master Suites, 458 sqm Land",,350000.0,,,BHD,sell,,,,,,,,,,,26.19164276123047,50.48757553100586,,,,Mohammed Salman,,NO,completed_primary,,,,https://www.propertyfinder.bh/en/plp/buy/villa-for-sale-northern-governorate-saar-56330432.html,2026-08-21T20:32:39.293113+00:00,2026-08-21T20:32:39.293113+00:00,0,2026-08-21T20:32:39.293113+00:00
2026-08-21,new,56330444,,,Apartment,2-BR  3-Bath| Semi Furnished | Closed Kitchen,,250.0,,,BHD,monthly,,,,,,,,,,,26.21263313293457,50.67418670654297,,,,Zain Jabbar,,PARTLY,,,,,https://www.propertyfinder.bh/en/plp/rent/apartment-for-rent-muharraq-governorate-hidd-56330444.html,2026-08-21T20:32:39.293113+00:00,2026-08-21T20:32:39.293113+00:00,0,2026-08-21T20:32:39.293113+00:00
2026-08-21,new,56330458,,,Apartment,1-BR 2Bath | Semi-Furnished | Closed Kitchen,,220.0,,,BHD,monthly,,,,,,,,,,,26.21263313293457,50.67418670654297,,,,Zain Jabbar,,PARTLY,,,,,https://www.propertyfinder.bh/en/plp/rent/apartment-for-rent-muharraq-governorate-hidd-56330458.html,2026-08-21T20:32:39.293113+00:00,2026-08-21T20:32:39.293113+00:00,0,2026-08-21T20:32:39.293113+00:00
2026-08-21,new,56330470,,,Villa,"Luxury Villa, Saar, Saraya 1, Pool, Garden, Elevat",,299000.0,,,BHD,sell,,,,,,,,,,,26.19164276123047,50.48757553100586,,,,Mohammed Salman,,NO,completed_primary,,,,https://www.propertyfinder.bh/en/plp/buy/villa-for-sale-northern-governorate-saar-56330470.html,2026-08-21T20:32:39.293113+00:00,2026-08-21T20:32:39.293113+00:00,0,2026-08-21T20:32:39.293113+00:00
2026-08-21,new,56330482,,,Villa,3 Bedroom Fully Furnished Villa | Floating City,,900.0,,,BHD,monthly,,,,,,,,Al Marsa Floating City,,,26.2847957611084,50.669620513916016,,,,JUNAID MUNAWAR,,YES,,,,,https://www.propertyfinder.bh/en/plp/rent/villa-for-rent-muharraq-governorate-amwaj-islands-al-marsa-floating-city-56330482.html,2026-08-21T20:32:39.293113+00:00,2026-08-21T20:32:39.293113+00:00,0,2026-08-21T20:32:39.293113+00:00
2026-08-21,new,56330523,,,Apartment,New | Modern | Spacious | Wifi | House Keeping,,300.0,,,BHD,monthly,,,,,,,,,,,26.211111068725586,50.601112365722656,,,,Antony Shaiju,,YES,,,,,https://www.propertyfinder.bh/en/plp/rent/apartment-for-rent-capital-governorate-al-juffair-56330523.html,2026-08-21T20:32:39.293113+00:00,2026-08-21T20:32:39.293113+00:00,0,2026-08-21T20:32:39.293113+00:00
2026-08-21,new,56330543,,,Villa,Private Beach Access | Maid Room | Garden | Pool,,140000.0,,,BHD,sell,,,,,,,,Najma,,,26.29715919494629,50.669647216796875,,,,Mohammad  Saiyed,,YES,completed,,,,https://www.propertyfinder.bh/en/plp/buy/villa-for-sale-muharraq-governorate-amwaj-islands-najma-56330543.html,2026-08-21T20:32:39.293113+00:00,2026-08-21T20:32:39.293113+00:00,0,2026-08-21T20:32:39.293113+00:00
2026-08-21,new,56330549,,,Apartment,Family Building I Pool I Gym I Spacious I Parking,,300.0,,,BHD,monthly,,,,,,,,,,,26.211111068725586,50.601112365722656,,,,Antony Shaiju,,YES,,,,,https://www.propertyfinder.bh/en/plp/rent/apartment-for-rent-capital-governorate-al-juffair-56330549.html,2026-08-21T20:32:39.293113+00:00,2026-08-21T20:32:39.293113+00:00,0,2026-08-21T20:32:39.293113+00:00
2026-08-21,new,56330552,,,Apartment,Newly Furnished | Closed Kitchen| Wifi | Pool,,400.0,,,BHD,monthly,,,,,,,,,,,26.211111068725586,50.601112365722656,,,,Antony Shaiju,,YES,,,,,https://www.propertyfinder.bh/en/plp/rent/apartment-for-rent-capital-governorate-al-juffair-56330552.html,2026-08-21T20:32:39.293113+00:00,2026-08-21T20:32:39.293113+00:00,0,2026-08-21T20:32:39.293113+00:00
2026-08-21,new,56330557,,,Apartment,"New Sea View Spacious Maids Room, Store Room",,675.0,,,BHD,monthly,,,,,,,,,,,26.211111068725586,50.601112365722656,,,,Antony Shaiju,,YES,,,,,https://www.propertyfinder.bh/en/plp/rent/apartment-for-rent-capital-governorate-al-juffair-56330557.html,2026-08-21T20:32:39.293113+00:00,2026-08-21T20:32:39.293113+00:00,0,2026-08-21T20:32:39.293113+00:00
2026-08-21,new,56330559,,,Apartment,Luxurious I Family Building I Spacious |Facilities,,500.0,,,BHD,monthly,,,,,,,,,,,26.211111068725586,50.601112365722656,,,,Antony Shaiju,,YES,,,,,https://www.propertyfinder.bh/en/plp/rent/apartment-for-rent-capital-governorate-al-juffair-56330559.html,2026-08-21T20:32:39.293113+00:00,2026-08-21T20:32:39.293113+00:00,0,2026-08-21T20:32:39.293113+00:00
2026-08-21,new,56330560,,,Apartment,Sea View Duplex Amazing Facilities Balcony Wifi,,450.0,,,BHD,monthly,,,,,,,,,,,26.211111068725586,50.601112365722656,,,,Antony Shaiju,,YES,,,,,https://www.propertyfinder.bh/en/plp/rent/apartment-for-rent-capital-governorate-al-juffair-56330560.html,2026-08-21T20:32:39.293113+00:00,2026-08-21T20:32:39.293113+00:00,0,2026-08-21T20:32:39.293113+00:00
2026-08-21,new,56330563,,,Apartment,New I Modern I Private Terrace I Great Facilities,,300.0,,,BHD,monthly,,,,,,,,,,,26.211111068725586,50.601112365722656,,,,Antony Shaiju,,YES,,,,,https://www.propertyfinder.bh/en/plp/rent/apartment-for-rent-capital-governorate-al-juffair-56330563.html,2026-08-21T20:32:39.293113+00:00,2026-08-21T20:32:39.293113+00:00,0,2026-08-21T20:32:39.293113+00:00
2026-08-21,new,56330571,,,Apartment,Sea View I Modernly Furnished I Premium Facilities,,280.0,,,BHD,monthly,,,,,,,,,,,26.211111068725586,50.601112365722656,,,,Antony Shaiju,,YES,,,,,https://www.propertyfinder.bh/en/plp/rent/apartment-for-rent-capital-governorate-al-juffair-56330571.html,2026-08-21T20:32:39.293113+00:00,2026-08-21T20:32:39.293113+00:00,0,2026-08-21T20:32:39.293113+00:00
2026-08-21,new,56330606,,,Apartment,Fontana|High Floor|Luxurious|Maid Room|2BR|Juffair,,650.0,,,BHD,monthly,,,,,,,,,,,26.211111068725586,50.601112365722656,,,,Hazeeth,,YES,,,,,https://www.propertyfinder.bh/en/plp/rent/apartment-for-rent-capital-governorate-al-juffair-56330606.html,2026-08-21T20:32:39.293113+00:00,2026-08-21T20:32:39.293113+00:00,0,2026-08-21T20:32:39.293113+00:00
2026-08-21,new,56330607,,,Villa,Premium 5BR Villa Near St. Christopher,,1600.0,,,BHD,monthly,,,,,,,,,,,26.19164276123047,50.48757553100586,,,,Husain Alsebea,,PARTLY,,,,,https://www.propertyfinder.bh/en/plp/rent/villa-for-rent-northern-governorate-saar-56330607.html,2026-08-21T20:32:39.293113+00:00,2026-08-21T20:32:39.293113+00:00,0,2026-08-21T20:32:39.293113+00:00
2026-08-21,new,56330608,,,Apartment,New I Sea View | House Keeping I EWA 80/ Per Month,,500.0,,,BHD,monthly,,,,,,,,,,,26.211111068725586,50.601112365722656,,,,Antony Shaiju,,YES,,,,,https://www.propertyfinder.bh/en/plp/rent/apartment-for-rent-capital-governorate-al-juffair-56330608.html,2026-08-21T20:32:39.293113+00:00,2026-08-21T20:32:39.293113+00:00,0,2026-08-21T20:32:39.293113+00:00
2026-08-21,new,56330671,,,Apartment,Near Alheli market | semi furnished | parking,,200.0,,,BHD,monthly,,,,,,,,,,,26.20975685119629,50.50579833984375,,,,AHMED ALI ,,PARTLY,,,,,https://www.propertyfinder.bh/en/plp/rent/apartment-for-rent-northern-governorate-shakhura-56330671.html,2026-08-21T20:32:39.293113+00:00,2026-08-21T20:32:39.293113+00:00,0,2026-08-21T20:32:39.293113+00:00
2026-08-21,new,56330690,,,Apartment,2 BHK flat | 225 BD rent | 40 BD EWA | ACs | Hhh,,225.0,,,BHD,monthly,,,,,,,,,,,26.188888549804688,50.54999923706055,,,,Abdul  Jabbar .,,NO,,,,,https://www.propertyfinder.bh/en/plp/rent/apartment-for-rent-central-governorate-tubli-56330690.html,2026-08-21T20:32:39.293113+00:00,2026-08-21T20:32:39.293113+00:00,0,2026-08-21T20:32:39.293113+00:00
2026-08-21,new,56330760,,,Apartment,Brand New 3BR | Private Garden | Sea View,,215000.0,,,BHD,sell,,,,,,,,,,,26.239999771118164,50.5369987487793,,,,Mohamed Abdulwahab,,NO,completed_primary,,,,https://www.propertyfinder.bh/en/plp/buy/apartment-for-sale-capital-governorate-seef-56330760.html,2026-08-21T20:32:39.293113+00:00,2026-08-21T20:32:39.293113+00:00,0,2026-08-21T20:32:39.293113+00:00
2026-08-21,new,56330800,,,Apartment,Unlimited Electricity | Spacious I House Keeping,,325.0,,,BHD,monthly,,,,,,,,,,,26.207910537719727,50.587345123291016,,,,Antony Shaiju,,YES,,,,,https://www.propertyfinder.bh/en/plp/rent/apartment-for-rent-capital-governorate-manama-mahooz-56330800.html,2026-08-21T20:32:39.293113+00:00,2026-08-21T20:32:39.293113+00:00,0,2026-08-21T20:32:39.293113+00:00
2026-08-21,new,56330842,,,Apartment,Waterfront Community |Luxury 1 Bed Marassi Shores,,370.0,,,BHD,monthly,,,,,,,,Diyar Al Muharraq,,,26.303447723388672,50.6461296081543,,,,JUNAID MUNAWAR,,YES,,,,,https://www.propertyfinder.bh/en/plp/rent/apartment-for-rent-muharraq-governorate-diyar-al-muharraq-marassi-al-bahrain-56330842.html,2026-08-21T20:32:39.293113+00:00,2026-08-21T20:32:39.293113+00:00,0,2026-08-21T20:32:39.293113+00:00
2026-08-21,new,56330859,,,Apartment,Brand new | Balcony | inclusive,,300.0,,,BHD,monthly,,,,,,,,,,,26.185943603515625,50.46711349487305,,,,AHMED ALI ,,YES,,,,,https://www.propertyfinder.bh/en/plp/rent/apartment-for-rent-northern-governorate-janabiya-56330859.html,2026-08-21T20:32:39.293113+00:00,2026-08-21T20:32:39.293113+00:00,0,2026-08-21T20:32:39.293113+00:00
2026-08-21,new,56330860,,,Apartment,Perfect location | shiny | near main road | inclus,,325.0,,,BHD,monthly,,,,,,,,,,,26.185943603515625,50.46711349487305,,,,AHMED ALI ,,YES,,,,,https://www.propertyfinder.bh/en/plp/rent/apartment-for-rent-northern-governorate-janabiya-56330860.html,2026-08-21T20:32:39.293113+00:00,2026-08-21T20:32:39.293113+00:00,0,2026-08-21T20:32:39.293113+00:00
2026-08-21,new,56330861,,,Apartment,Non free hold - behind almercado | clean and neat,,48000.0,,,BHD,sell,,,,,,,,,,,26.185943603515625,50.46711349487305,,,,AHMED ALI ,,PARTLY,completed,,,,https://www.propertyfinder.bh/en/plp/buy/apartment-for-sale-northern-governorate-janabiya-56330861.html,2026-08-21T20:32:39.293113+00:00,2026-08-21T20:32:39.293113+00:00,0,2026-08-21T20:32:39.293113+00:00
2026-08-21,new,56330862,,,Apartment,Pool | Brand new | near Mosque | Big balcony,,375.0,,,BHD,monthly,,,,,,,,,,,26.185943603515625,50.46711349487305,,,,AHMED ALI ,,PARTLY,,,,,https://www.propertyfinder.bh/en/plp/rent/apartment-for-rent-northern-governorate-janabiya-56330862.html,2026-08-21T20:32:39.293113+00:00,2026-08-21T20:32:39.293113+00:00,0,2026-08-21T20:32:39.293113+00:00
2026-08-21,new,56330865,,,Apartment,free internet | inclusive | gym,,250.0,,,BHD,monthly,,,,,,,,,,,26.185943603515625,50.46711349487305,,,,AHMED ALI ,,YES,,,,,https://www.propertyfinder.bh/en/plp/rent/apartment-for-rent-northern-governorate-janabiya-56330865.html,2026-08-21T20:32:39.293113+00:00,2026-08-21T20:32:39.293113+00:00,0,2026-08-21T20:32:39.293113+00:00
2026-08-21,new,56330870,,,Apartment,Balcony |Spaciuos I Closed Kitchen/Store/ Bright,,400.0,,,BHD,monthly,,,,,,,,,,,26.211111068725586,50.601112365722656,,,,Antony Shaiju,,YES,,,,,https://www.propertyfinder.bh/en/plp/rent/apartment-for-rent-capital-governorate-al-juffair-56330870.html,2026-08-21T20:32:39.293113+00:00,2026-08-21T20:32:39.293113+00:00,0,2026-08-21T20:32:39.293113+00:00
2026-08-21,new,56330871,,,Apartment,Brand new | Balcony  | inclusive | near delmoniya,,230.0,,,BHD,monthly,,,,,,,,,,,26.21263313293457,50.67418670654297,,,,AHMED ALI ,,YES,,,,,https://www.propertyfinder.bh/en/plp/rent/apartment-for-rent-muharraq-governorate-hidd-56330871.html,2026-08-21T20:32:39.293113+00:00,2026-08-21T20:32:39.293113+00:00,0,2026-08-21T20:32:39.293113+00:00
2026-08-21,new,56330872,,,Apartment,Brand new | semi furnished | inclusive,,190.0,,,BHD,monthly,,,,,,,,,,,26.21263313293457,50.67418670654297,,,,AHMED ALI ,,PARTLY,,,,,https://www.propertyfinder.bh/en/plp/rent/apartment-for-rent-muharraq-governorate-hidd-56330872.html,2026-08-21T20:32:39.293113+00:00,2026-08-21T20:32:39.293113+00:00,0,2026-08-21T20:32:39.293113+00:00
2026-08-21,new,56330873,,,Apartment,Modern | spacious | closed kitchen | parking,,260.0,,,BHD,monthly,,,,,,,,,,,26.21263313293457,50.67418670654297,,,,AHMED ALI ,,YES,,,,,https://www.propertyfinder.bh/en/plp/rent/apartment-for-rent-muharraq-governorate-hidd-56330873.html,2026-08-21T20:32:39.293113+00:00,2026-08-21T20:32:39.293113+00:00,0,2026-08-21T20:32:39.293113+00:00
2026-08-21,new,56330874,,,Apartment,unlimited ewa | almost furnished | near highway,,240.0,,,BHD,monthly,,,,,,,,,,,26.21263313293457,50.67418670654297,,,,AHMED ALI ,,YES,,,,,https://www.propertyfinder.bh/en/plp/rent/apartment-for-rent-muharraq-governorate-hidd-56330874.html,2026-08-21T20:32:39.293113+00:00,2026-08-21T20:32:39.293113+00:00,0,2026-08-21T20:32:39.293113+00:00
2026-08-21,new,56330911,,,Apartment,BEAUTIFUL CANAL + POOL VIEW | POOL | GYM+GAME ROOM,,350.0,,,BHD,monthly,,,,,,,,The Treasure,,,26.27286720275879,50.672889709472656,,,,Fadi Eweida,,YES,,,,,https://www.propertyfinder.bh/en/plp/rent/apartment-for-rent-muharraq-governorate-dilmunia-island-the-treasure-56330911.html,2026-08-21T20:32:39.293113+00:00,2026-08-21T20:32:39.293113+00:00,0,2026-08-21T20:32:39.293113+00:00
2026-08-21,new,56330931,,,Villa,Modernly Furnished Villa | Private Garden and Pool,,1700.0,,,BHD,monthly,,,,,,,,,,,26.140336990356445,50.478271484375,,,,Antony Shaiju,,YES,,,,,https://www.propertyfinder.bh/en/plp/rent/villa-for-rent-northern-governorate-hamala-56330931.html,2026-08-21T20:32:39.293113+00:00,2026-08-21T20:32:39.293113+00:00,0,2026-08-21T20:32:39.293113+00:00
2026-08-21,new,56330947,,,Villa,SEA VIEW | LUXURY MODERN DIRECT BEACH ACCESS VILLA,,1100.0,,,BHD,monthly,,,,,,,,Saraya al Bahar,,,26.2982234954834,50.65825271606445,,,,Fadi Eweida,,PARTLY,,,,,https://www.propertyfinder.bh/en/plp/rent/villa-for-rent-muharraq-governorate-amwaj-islands-saraya-al-bahar-56330947.html,2026-08-21T20:32:39.293113+00:00,2026-08-21T20:32:39.293113+00:00,0,2026-08-21T20:32:39.293113+00:00
2026-08-21,new,56330956,,,Apartment,SPACIOUS |3 BR WITH STORE|NR GRAND MOSQUE| JUFFAIR,,500.0,,,BHD,monthly,,,,,,,,,,,26.211111068725586,50.601112365722656,,,,JUNAID MUNAWAR,,YES,,,,,https://www.propertyfinder.bh/en/plp/rent/apartment-for-rent-capital-governorate-al-juffair-56330956.html,2026-08-21T20:32:39.293113+00:00,2026-08-21T20:32:39.293113+00:00,0,2026-08-21T20:32:39.293113+00:00
2026-08-21,new,56330957,,,Apartment,Newly furnished | Inclusive | House Keeping |wifi,,400.0,,,BHD,monthly,,,,,,,,,,,26.211111068725586,50.601112365722656,,,,Antony Shaiju,,YES,,,,,https://www.propertyfinder.bh/en/plp/rent/apartment-for-rent-capital-governorate-al-juffair-56330957.html,2026-08-21T20:32:39.293113+00:00,2026-08-21T20:32:39.293113+00:00,0,2026-08-21T20:32:39.293113+00:00
2026-08-21,new,56330960,,,Villa,Modernly Fully Furnished I Private Pool and Garden,,1550.0,,,BHD,monthly,,,,,,,,,,,26.185943603515625,50.46711349487305,,,,Antony Shaiju,,PARTLY,,,,,https://www.propertyfinder.bh/en/plp/rent/villa-for-rent-northern-governorate-janabiya-56330960.html,2026-08-21T20:32:39.293113+00:00,2026-08-21T20:32:39.293113+00:00,0,2026-08-21T20:32:39.293113+00:00
2026-08-21,new,56330961,,,Apartment,Very Spacious I House Keeping I Family Building,,450.0,,,BHD,monthly,,,,,,,,,,,26.211111068725586,50.601112365722656,,,,Antony Shaiju,,YES,,,,,https://www.propertyfinder.bh/en/plp/rent/apartment-for-rent-capital-governorate-al-juffair-56330961.html,2026-08-21T20:32:39.293113+00:00,2026-08-21T20:32:39.293113+00:00,0,2026-08-21T20:32:39.293113+00:00
2026-08-21,new,56330962,,,Apartment,Gas Cooking I Closed Kitchen  I Wifi I Pool I Gym,,425.0,,,BHD,monthly,,,,,,,,,,,26.211111068725586,50.601112365722656,,,,Antony Shaiju,,YES,,,,,https://www.propertyfinder.bh/en/plp/rent/apartment-for-rent-capital-governorate-al-juffair-56330962.html,2026-08-21T20:32:39.293113+00:00,2026-08-21T20:32:39.293113+00:00,0,2026-08-21T20:32:39.293113+00:00
2026-08-21,new,56330967,,,Apartment,Modern I Family Building I Amazing Facilities,,500.0,,,BHD,monthly,,,,,,,,,,,26.211111068725586,50.601112365722656,,,,Antony Shaiju,,YES,,,,,https://www.propertyfinder.bh/en/plp/rent/apartment-for-rent-capital-governorate-al-juffair-56330967.html,2026-08-21T20:32:39.293113+00:00,2026-08-21T20:32:39.293113+00:00,0,2026-08-21T20:32:39.293113+00:00
2026-08-21,new,56330968,,,Apartment,Very Bright  |Modernly Furnished I Big Balcony,,350.0,,,BHD,monthly,,,,,,,,,,,26.211111068725586,50.601112365722656,,,,Antony Shaiju,,YES,,,,,https://www.propertyfinder.bh/en/plp/rent/apartment-for-rent-capital-governorate-al-juffair-56330968.html,2026-08-21T20:32:39.293113+00:00,2026-08-21T20:32:39.293113+00:00,0,2026-08-21T20:32:39.293113+00:00
2026-08-21,new,56330978,,,Apartment,New Modern Hosue Keeping Balcony Great Facilites,,375.0,,,BHD,monthly,,,,,,,,,,,26.211111068725586,50.601112365722656,,,,Antony Shaiju,,YES,,,,,https://www.propertyfinder.bh/en/plp/rent/apartment-for-rent-capital-governorate-al-juffair-56330978.html,2026-08-21T20:32:39.293113+00:00,2026-08-21T20:32:39.293113+00:00,0,2026-08-21T20:32:39.293113+00:00
2026-08-21,new,56330992,,,Land,Prime Location – Negotiable – RB,,140000.0,,,BHD,sell,,,,,,,,,,,26.25,50.650001525878906,,,,Abdulrahman Mohammed,,,,,,,https://www.propertyfinder.bh/en/plp/buy/land-for-sale-muharraq-governorate-arad-56330992.html,2026-08-21T20:32:39.293113+00:00,2026-08-21T20:32:39.293113+00:00,0,2026-08-21T20:32:39.293113+00:00
2026-08-21,new,56331029,,,Apartment,Spacious fully furnished studio with close kichen,,220.0,,,BHD,monthly,,,,,,,,,,,26.2102108001709,50.56403350830078,,,,Aby N,,YES,,,,,https://www.propertyfinder.bh/en/plp/rent/apartment-for-rent-capital-governorate-manama-zinj-56331029.html,2026-08-21T20:32:39.293113+00:00,2026-08-21T20:32:39.293113+00:00,0,2026-08-21T20:32:39.293113+00:00
2026-08-21,new,56331039,,,Apartment,GYM | BALCONY | BEACH ACCESS |MODERN FURNITURE,,600.0,,,BHD,monthly,,,,,,,,Diyar Al Muharraq,,,26.303447723388672,50.6461296081543,,,,Fadi Eweida,,YES,,,,,https://www.propertyfinder.bh/en/plp/rent/apartment-for-rent-muharraq-governorate-diyar-al-muharraq-marassi-al-bahrain-56331039.html,2026-08-21T20:32:39.293113+00:00,2026-08-21T20:32:39.293113+00:00,0,2026-08-21T20:32:39.293113+00:00
2026-08-21,new,56331073,,,Villa,LUXURY VILLA + MAID ROOM | PRIVATE BEACH ACCESS,,1500.0,,,BHD,monthly,,,,,,,,Amwaj Beachfront,,,26.28470230102539,50.664039611816406,,,,Fadi Eweida,,YES,,,,,https://www.propertyfinder.bh/en/plp/rent/villa-for-rent-muharraq-governorate-amwaj-islands-amwaj-beachfront-56331073.html,2026-08-21T20:32:39.293113+00:00,2026-08-21T20:32:39.293113+00:00,0,2026-08-21T20:32:39.293113+00:00
2026-08-21,new,56331080,,,Penthouse,HUGE | SEA VIEW | DIRECT BEACH ACCESS | POOL | GYM,,186000.0,,,BHD,sell,,,,,,,,Tala Island,,,26.300025939941406,50.66316223144531,,,,Fadi Eweida,,PARTLY,completed,,,,https://www.propertyfinder.bh/en/plp/buy/penthouse-for-sale-muharraq-governorate-amwaj-islands-tala-island-56331080.html,2026-08-21T20:32:39.293113+00:00,2026-08-21T20:32:39.293113+00:00,0,2026-08-21T20:32:39.293113+00:00
2026-08-21,new,56331082,,,Apartment,MODERN | 0% INTEREST | PET-FRIENDLY | POOL + GYM,,129000.0,,,BHD,sell,,,,,,,,Breeze of Dilmunia,,,26.26974105834961,50.6783332824707,,,,Fadi Eweida,,YES,completed,,,,https://www.propertyfinder.bh/en/plp/buy/apartment-for-sale-muharraq-governorate-dilmunia-island-breeze-of-dilmunia-56331082.html,2026-08-21T20:32:39.293113+00:00,2026-08-21T20:32:39.293113+00:00,0,2026-08-21T20:32:39.293113+00:00
2026-08-21,new,56331084,,,Apartment,MODERN  LUXURY 5 STAR HOTEL APARTMENT | WIFI,,550.0,,,BHD,monthly,,,,,,,,The Lagoon,,,26.287778854370117,50.66339111328125,,,,Fadi Eweida,,YES,,,,,https://www.propertyfinder.bh/en/plp/rent/apartment-for-rent-muharraq-governorate-amwaj-islands-the-lagoon-56331084.html,2026-08-21T20:32:39.293113+00:00,2026-08-21T20:32:39.293113+00:00,0,2026-08-21T20:32:39.293113+00:00
2026-08-21,new,56331106,,,Apartment,SPACIOUS MODERN HOME BALCONY| WIFI | GYM | POOL,,399.0,,,BHD,monthly,,,,,,,,Amwaj Marina,,,26.293058395385742,50.65943908691406,,,,Fadi Eweida,,YES,,,,,https://www.propertyfinder.bh/en/plp/rent/apartment-for-rent-muharraq-governorate-amwaj-islands-amwaj-marina-56331106.html,2026-08-21T20:32:39.293113+00:00,2026-08-21T20:32:39.293113+00:00,0,2026-08-21T20:32:39.293113+00:00
2026-08-21,new,56331119,,,Apartment,GREAT PRICE | HOUSEKEEPING | PET FRIENDLY | WIFI,,399.0,,,BHD,monthly,,,,,,,,Amwaj Avenue,,,26.29302978515625,50.66474151611328,,,,Fadi Eweida,,YES,,,,,https://www.propertyfinder.bh/en/plp/rent/apartment-for-rent-muharraq-governorate-amwaj-islands-amwaj-avenue-56331119.html,2026-08-21T20:32:39.293113+00:00,2026-08-21T20:32:39.293113+00:00,0,2026-08-21T20:32:39.293113+00:00
2026-08-21,new,56331160,,,Apartment,1 Bedroom with Closed Kitchen inclusive Near NMS,,200.0,,,BHD,monthly,,,,,,,,,,,26.2102108001709,50.56403350830078,,,,Aby N,,PARTLY,,,,,https://www.propertyfinder.bh/en/plp/rent/apartment-for-rent-capital-governorate-manama-zinj-56331160.html,2026-08-21T20:32:39.293113+00:00,2026-08-21T20:32:39.293113+00:00,0,2026-08-21T20:32:39.293113+00:00
2026-08-21,new,56331163,,,Apartment,Modern Furnished 3 Bedroom Apt With Pool & GYM,,450.0,,,BHD,monthly,,,,,,,,,,,26.207910537719727,50.587345123291016,,,,Aby N,,YES,,,,,https://www.propertyfinder.bh/en/plp/rent/apartment-for-rent-capital-governorate-manama-mahooz-56331163.html,2026-08-21T20:32:39.293113+00:00,2026-08-21T20:32:39.293113+00:00,0,2026-08-21T20:32:39.293113+00:00
2026-08-21,new,56331186,,,Apartment,STYLISH STUDIO NEAR RCSI BUSAITEEN,,280.0,,,BHD,monthly,,,,,,,,,,,26.27199935913086,50.60900115966797,,,,Gaylee Cammayo,,YES,,,,,https://www.propertyfinder.bh/en/plp/rent/apartment-for-rent-muharraq-governorate-busaiteen-56331186.html,2026-08-21T20:32:39.293113+00:00,2026-08-21T20:32:39.293113+00:00,0,2026-08-21T20:32:39.293113+00:00
2026-08-21,new,56331200,,,Apartment,LUXURIOUS 2 BHK DUPLEX | 3 BALCONIES |VERY BRIGHT,,500.0,,,BHD,monthly,,,,,,,,,,,26.211111068725586,50.601112365722656,,,,JUNAID MUNAWAR,,YES,,,,,https://www.propertyfinder.bh/en/plp/rent/apartment-for-rent-capital-governorate-al-juffair-56331200.html,2026-08-21T20:32:39.293113+00:00,2026-08-21T20:32:39.293113+00:00,0,2026-08-21T20:32:39.293113+00:00
2026-08-21,new,56331209,,,Office Space,Office for Rent | Seef Sea View,,650.0,,,BHD,monthly,,,,,,,,,,,26.239999771118164,50.5369987487793,,,,Jafar Said,,PARTLY,,,,,https://www.propertyfinder.bh/en/plp/commercial-rent/office-space-for-rent-capital-governorate-seef-56331209.html,2026-08-21T20:32:39.293113+00:00,2026-08-21T20:32:39.293113+00:00,0,2026-08-21T20:32:39.293113+00:00
2026-08-21,new,56331210,,,Apartment,Renovated | Luxurious | Spacious | Balcony | Gym,,350.0,,,BHD,monthly,,,,,,,,The Lagoon,,,26.287778854370117,50.66339111328125,,,,Mohammad  Saiyed,,YES,,,,,https://www.propertyfinder.bh/en/plp/rent/apartment-for-rent-muharraq-governorate-amwaj-islands-the-lagoon-56331210.html,2026-08-21T20:32:39.293113+00:00,2026-08-21T20:32:39.293113+00:00,0,2026-08-21T20:32:39.293113+00:00
2026-08-21,new,56331211,,,Office Space,Office for Rent in Seef | Prime Location,,700.0,,,BHD,monthly,,,,,,,,,,,26.239999771118164,50.5369987487793,,,,Jafar Said,,YES,,,,,https://www.propertyfinder.bh/en/plp/commercial-rent/office-space-for-rent-capital-governorate-seef-56331211.html,2026-08-21T20:32:39.293113+00:00,2026-08-21T20:32:39.293113+00:00,0,2026-08-21T20:32:39.293113+00:00
2026-08-21,new,56331214,,,Apartment,Unlimited EWA / 2 + Maids Room / Spacious,,500.0,,,BHD,monthly,,,,,,,,Amwaj Avenue,,,26.29302978515625,50.66474151611328,,,,Muhammad Suleman,,YES,,,,,https://www.propertyfinder.bh/en/plp/rent/apartment-for-rent-muharraq-governorate-amwaj-islands-amwaj-avenue-56331214.html,2026-08-21T20:32:39.293113+00:00,2026-08-21T20:32:39.293113+00:00,0,2026-08-21T20:32:39.293113+00:00
2026-08-21,new,56331226,,,Apartment,2 bedrooms big flat with EWA and ACs,,220.0,,,BHD,monthly,,,,,,,,,,,26.130512237548828,50.55546569824219,,,,Abdul  Jabbar .,,PARTLY,,,,,https://www.propertyfinder.bh/en/plp/rent/apartment-for-rent-southern-governorate-riffa-56331226.html,2026-08-21T20:32:39.293113+00:00,2026-08-21T20:32:39.293113+00:00,0,2026-08-21T20:32:39.293113+00:00
2026-08-21,new,56331256,,,Apartment,ALL IN 1 SEA VIEW │INCLUSIVE│HOUSEKEEPING│BALCONY,,300.0,,,BHD,monthly,,,,,,,,,,,26.211111068725586,50.601112365722656,,,,Sahebaz Makki,,YES,,,,,https://www.propertyfinder.bh/en/plp/rent/apartment-for-rent-capital-governorate-al-juffair-56331256.html,2026-08-21T20:32:39.293113+00:00,2026-08-21T20:32:39.293113+00:00,0,2026-08-21T20:32:39.293113+00:00
2026-08-21,new,56331257,,,Apartment,First Occupant | Brand New | Pet Friendly| 5 Star,,750.0,,,BHD,monthly,,,,,,,,,,,26.214487075805664,50.584754943847656,,,,Milkah Afandi,,YES,,,,,https://www.propertyfinder.bh/en/plp/rent/apartment-for-rent-capital-governorate-manama-adliya-56331257.html,2026-08-21T20:32:39.293113+00:00,2026-08-21T20:32:39.293113+00:00,0,2026-08-21T20:32:39.293113+00:00
2026-08-21,new,56331258,,,Apartment,MODERN┃PETS FREINDLY┃INCLUSIV┃HS.KEEPING┃POOL ┃GYM,,290.0,,,BHD,monthly,,,,,,,,,,,26.211111068725586,50.601112365722656,,,,Sahebaz Makki,,YES,,,,,https://www.propertyfinder.bh/en/plp/rent/apartment-for-rent-capital-governorate-al-juffair-56331258.html,2026-08-21T20:32:39.293113+00:00,2026-08-21T20:32:39.293113+00:00,0,2026-08-21T20:32:39.293113+00:00
2026-08-21,new,56331261,,,Apartment,Brand New | First Occupant | Pet Friendly| 5 Star,,950.0,,,BHD,monthly,,,,,,,,,,,26.214487075805664,50.584754943847656,,,,Milkah Afandi,,YES,,,,,https://www.propertyfinder.bh/en/plp/rent/apartment-for-rent-capital-governorate-manama-adliya-56331261.html,2026-08-21T20:32:39.293113+00:00,2026-08-21T20:32:39.293113+00:00,0,2026-08-21T20:32:39.293113+00:00
2026-08-21,new,56331262,,,Apartment,PRIVATE TERRACE+PETS ALLOWED+SPACIOUS,,300.0,,,BHD,monthly,,,,,,,,,,,26.211111068725586,50.601112365722656,,,,Sahebaz Makki,,YES,,,,,https://www.propertyfinder.bh/en/plp/rent/apartment-for-rent-capital-governorate-al-juffair-56331262.html,2026-08-21T20:32:39.293113+00:00,2026-08-21T20:32:39.293113+00:00,0,2026-08-21T20:32:39.293113+00:00
2026-08-21,new,56331267,,,Apartment,MODERN┃SPACIOUS HOME┃BIG BALCONY┃GREAT VIEW┃BRIGHT,,300.0,,,BHD,monthly,,,,,,,,,,,26.211111068725586,50.601112365722656,,,,Sahebaz Makki,,YES,,,,,https://www.propertyfinder.bh/en/plp/rent/apartment-for-rent-capital-governorate-al-juffair-56331267.html,2026-08-21T20:32:39.293113+00:00,2026-08-21T20:32:39.293113+00:00,0,2026-08-21T20:32:39.293113+00:00
2026-08-21,new,56331270,,,Apartment,MODERN┃NEW┃BALCONY┃SPACIOUS┃SAFE ALL BILL┃POOL┃GYM,,299.0,,,BHD,monthly,,,,,,,,,,,26.211111068725586,50.601112365722656,,,,Sahebaz Makki,,YES,,,,,https://www.propertyfinder.bh/en/plp/rent/apartment-for-rent-capital-governorate-al-juffair-56331270.html,2026-08-21T20:32:39.293113+00:00,2026-08-21T20:32:39.293113+00:00,0,2026-08-21T20:32:39.293113+00:00
2026-08-21,new,56331273,,,Apartment,First Occupant | Brand New | Pet Friendly| 5 Star,,650.0,,,BHD,monthly,,,,,,,,,,,26.214487075805664,50.584754943847656,,,,Milkah Afandi,,YES,,,,,https://www.propertyfinder.bh/en/plp/rent/apartment-for-rent-capital-governorate-manama-adliya-56331273.html,2026-08-21T20:32:39.293113+00:00,2026-08-21T20:32:39.293113+00:00,0,2026-08-21T20:32:39.293113+00:00
2026-08-21,new,56331278,,,Apartment,MODERN┃PETS ┃BALCONY┃5*FACILITIES┃BRIGHT┃HOT CAKE,,299.0,,,BHD,monthly,,,,,,,,,,,26.211111068725586,50.601112365722656,,,,Sahebaz Makki,,YES,,,,,https://www.propertyfinder.bh/en/plp/rent/apartment-for-rent-capital-governorate-al-juffair-56331278.html,2026-08-21T20:32:39.293113+00:00,2026-08-21T20:32:39.293113+00:00,0,2026-08-21T20:32:39.293113+00:00
2026-08-21,new,56331280,,,Apartment,BEST HOT DEAL FROM 260┃SEA┃BRIGHT┃PREMIUM FACILITY,,275.0,,,BHD,monthly,,,,,,,,,,,26.211111068725586,50.601112365722656,,,,Sahebaz Makki,,YES,,,,,https://www.propertyfinder.bh/en/plp/rent/apartment-for-rent-capital-governorate-al-juffair-56331280.html,2026-08-21T20:32:39.293113+00:00,2026-08-21T20:32:39.293113+00:00,0,2026-08-21T20:32:39.293113+00:00
2026-08-21,new,56331283,,,Apartment,MODERN┃SEA VIEW┃BALCONY┃85BD EWA LIMIT┃HSKEPG,,499.0,,,BHD,monthly,,,,,,,,,,,26.211111068725586,50.601112365722656,,,,Sahebaz Makki,,YES,,,,,https://www.propertyfinder.bh/en/plp/rent/apartment-for-rent-capital-governorate-al-juffair-56331283.html,2026-08-21T20:32:39.293113+00:00,2026-08-21T20:32:39.293113+00:00,0,2026-08-21T20:32:39.293113+00:00
2026-08-21,new,56331285,,,Apartment,HOT CAKE┃ MODERN┃MAIDS ROOM┃SPACIOUS┃BALCONY┃SEA,,450.0,,,BHD,monthly,,,,,,,,,,,26.211111068725586,50.601112365722656,,,,Sahebaz Makki,,YES,,,,,https://www.propertyfinder.bh/en/plp/rent/apartment-for-rent-capital-governorate-al-juffair-56331285.html,2026-08-21T20:32:39.293113+00:00,2026-08-21T20:32:39.293113+00:00,0,2026-08-21T20:32:39.293113+00:00
2026-08-21,new,56331287,,,Apartment,MAIDS ROOM ┃ BALCONY ┃ CLOSE KITCHEN ┃HS KEEPING,,350.0,,,BHD,monthly,,,,,,,,,,,26.211111068725586,50.601112365722656,,,,Sahebaz Makki,,YES,,,,,https://www.propertyfinder.bh/en/plp/rent/apartment-for-rent-capital-governorate-al-juffair-56331287.html,2026-08-21T20:32:39.293113+00:00,2026-08-21T20:32:39.293113+00:00,0,2026-08-21T20:32:39.293113+00:00
2026-08-21,new,56331288,,,Apartment,EASY EXCESS┃UNLIMITED EWA┃BALCONY┃GAS┃CLOSE KITCHN,,399.0,,,BHD,monthly,,,,,,,,Diplomatic Area,,,26.240070343017578,50.587345123291016,,,,Sahebaz Makki,,YES,,,,,https://www.propertyfinder.bh/en/plp/rent/apartment-for-rent-capital-governorate-manama-diplomatic-area-56331288.html,2026-08-21T20:32:39.293113+00:00,2026-08-21T20:32:39.293113+00:00,0,2026-08-21T20:32:39.293113+00:00
2026-08-21,new,56331289,,,Apartment,MODERN┃GREAT VIEWS┃INCLUSIVE┃SPACIOUS┃FREE 1 MONTH,,400.0,,,BHD,monthly,,,,,,,,,,,26.211111068725586,50.601112365722656,,,,Sahebaz Makki,,YES,,,,,https://www.propertyfinder.bh/en/plp/rent/apartment-for-rent-capital-governorate-al-juffair-56331289.html,2026-08-21T20:32:39.293113+00:00,2026-08-21T20:32:39.293113+00:00,0,2026-08-21T20:32:39.293113+00:00
2026-08-21,new,56331291,,,Apartment,MODERN┃CLOSE KITCHEN┃INCLSUIVE BILLS┃SPACIOUS,,499.0,,,BHD,monthly,,,,,,,,,,,26.211111068725586,50.601112365722656,,,,Sahebaz Makki,,YES,,,,,https://www.propertyfinder.bh/en/plp/rent/apartment-for-rent-capital-governorate-al-juffair-56331291.html,2026-08-21T20:32:39.293113+00:00,2026-08-21T20:32:39.293113+00:00,0,2026-08-21T20:32:39.293113+00:00
2026-08-21,new,56331293,,,Apartment,MODERN/SPACIOUS/BALCONY/NEW/FAMILY,,500.0,,,BHD,monthly,,,,,,,,,,,26.211111068725586,50.601112365722656,,,,Sahebaz Makki,,YES,,,,,https://www.propertyfinder.bh/en/plp/rent/apartment-for-rent-capital-governorate-al-juffair-56331293.html,2026-08-21T20:32:39.293113+00:00,2026-08-21T20:32:39.293113+00:00,0,2026-08-21T20:32:39.293113+00:00
2026-08-21,new,56331294,,,Apartment,MODERN┃DUPLEX┃SEA VIEW┃BILLS┃LUXURY┃BALCONY,,450.0,,,BHD,monthly,,,,,,,,,,,26.211111068725586,50.601112365722656,,,,Sahebaz Makki,,YES,,,,,https://www.propertyfinder.bh/en/plp/rent/apartment-for-rent-capital-governorate-al-juffair-56331294.html,2026-08-21T20:32:39.293113+00:00,2026-08-21T20:32:39.293113+00:00,0,2026-08-21T20:32:39.293113+00:00
2026-08-21,new,56331296,,,Apartment,MODERN┃OFFER┃GYM┃UNLIMITED EWA┃SPACIOUS┃BRIGHT,,280.0,,,BHD,monthly,,,,,,,,,,,26.214487075805664,50.584754943847656,,,,Sahebaz Makki,,YES,,,,,https://www.propertyfinder.bh/en/plp/rent/apartment-for-rent-capital-governorate-manama-adliya-56331296.html,2026-08-21T20:32:39.293113+00:00,2026-08-21T20:32:39.293113+00:00,0,2026-08-21T20:32:39.293113+00:00
2026-08-21,new,56331297,,,Apartment,Beautiful Studio | Inclusive |Free WIFI |Luxury,,300.0,,,BHD,monthly,,,,,,,,,,,26.211111068725586,50.601112365722656,,,,Sayed Faisal ,,YES,,,,,https://www.propertyfinder.bh/en/plp/rent/apartment-for-rent-capital-governorate-al-juffair-56331297.html,2026-08-21T20:32:39.293113+00:00,2026-08-21T20:32:39.293113+00:00,0,2026-08-21T20:32:39.293113+00:00
2026-08-21,new,56331302,,,Apartment,MODERN ┃SPLIT AC ┃UNLIMTED EWA┃CLOSE KITCHEN vGYM,,349.0,,,BHD,monthly,,,,,,,,,,,26.214487075805664,50.584754943847656,,,,Sahebaz Makki,,YES,,,,,https://www.propertyfinder.bh/en/plp/rent/apartment-for-rent-capital-governorate-manama-adliya-56331302.html,2026-08-21T20:32:39.293113+00:00,2026-08-21T20:32:39.293113+00:00,0,2026-08-21T20:32:39.293113+00:00
2026-08-21,new,56331305,,,Apartment,MODERN┃HOT DEAL┃2 BALCONYS┃CPR ┃PET┃ BRIGHTS,,320.0,,,BHD,monthly,,,,,,,,,,,26.214487075805664,50.584754943847656,,,,Sahebaz Makki,,YES,,,,,https://www.propertyfinder.bh/en/plp/rent/apartment-for-rent-capital-governorate-manama-adliya-56331305.html,2026-08-21T20:32:39.293113+00:00,2026-08-21T20:32:39.293113+00:00,0,2026-08-21T20:32:39.293113+00:00
2026-08-21,new,56331307,,,Apartment,MODERN┃CLOSE KITCHEN┃GAS COOKING┃GYM┃NEW┃BRIGHT,,380.0,,,BHD,monthly,,,,,,,,,,,26.214487075805664,50.584754943847656,,,,Sahebaz Makki,,YES,,,,,https://www.propertyfinder.bh/en/plp/rent/apartment-for-rent-capital-governorate-manama-adliya-56331307.html,2026-08-21T20:32:39.293113+00:00,2026-08-21T20:32:39.293113+00:00,0,2026-08-21T20:32:39.293113+00:00
2026-08-21,new,56331308,,,Villa,Completely refurbished | Luxurious | Quiet area,,155000.0,,,BHD,sell,,,,,,,,Alhajiyat,,,26.128984451293945,50.58171463012695,,,,Al Lagoon Real Estate ,,NO,completed,,,,https://www.propertyfinder.bh/en/plp/buy/villa-for-sale-southern-governorate-riffa-alhajiyat-56331308.html,2026-08-21T20:32:39.293113+00:00,2026-08-21T20:32:39.293113+00:00,0,2026-08-21T20:32:39.293113+00:00
2026-08-21,new,56331310,,,Apartment,MODERN┃SPACIOUS┃HS.KEEPING┃BALCONY┃POOL┃GYM,,460.0,,,BHD,monthly,,,,,,,,,,,26.2102108001709,50.56403350830078,,,,Sahebaz Makki,,YES,,,,,https://www.propertyfinder.bh/en/plp/rent/apartment-for-rent-capital-governorate-manama-zinj-56331310.html,2026-08-21T20:32:39.293113+00:00,2026-08-21T20:32:39.293113+00:00,0,2026-08-21T20:32:39.293113+00:00
2026-08-21,new,56331311,,,Apartment,Beautiful Studio| Inclusive |Free WIFI |Luxury,,350.0,,,BHD,monthly,,,,,,,,,,,26.239999771118164,50.5369987487793,,,,Sayed Faisal ,,YES,,,,,https://www.propertyfinder.bh/en/plp/rent/apartment-for-rent-capital-governorate-seef-56331311.html,2026-08-21T20:32:39.293113+00:00,2026-08-21T20:32:39.293113+00:00,0,2026-08-21T20:32:39.293113+00:00
2026-08-21,new,56331312,,,Apartment,MODERN┃BALCONY┃STORE┃SPECIOUS┃5 STAR AMENITIES,,350.0,,,BHD,monthly,,,,,,,,,,,26.211111068725586,50.601112365722656,,,,Sahebaz Makki,,YES,,,,,https://www.propertyfinder.bh/en/plp/rent/apartment-for-rent-capital-governorate-al-juffair-56331312.html,2026-08-21T20:32:39.293113+00:00,2026-08-21T20:32:39.293113+00:00,0,2026-08-21T20:32:39.293113+00:00
2026-08-21,new,56331323,,,Apartment,SEA VIEW | RENTED | IMMEDIATE INCOME | LARGE AREA,,49900.0,,,BHD,sell,,,,,,,,The Lagoon,,,26.287778854370117,50.66339111328125,,,,Karine Nalbandyan ,,PARTLY,completed,,,,https://www.propertyfinder.bh/en/plp/buy/apartment-for-sale-muharraq-governorate-amwaj-islands-the-lagoon-56331323.html,2026-08-21T20:32:39.293113+00:00,2026-08-21T20:32:39.293113+00:00,0,2026-08-21T20:32:39.293113+00:00
2026-08-21,new,56331331,,,Apartment,Panoramic View | Bright | Modern | Guest Toilet |,,350.0,,,BHD,monthly,,,,,,,,,,,26.211111068725586,50.601112365722656,,,,Aileen Camarillo,,YES,,,,,https://www.propertyfinder.bh/en/plp/rent/apartment-for-rent-capital-governorate-al-juffair-56331331.html,2026-08-21T20:32:39.293113+00:00,2026-08-21T20:32:39.293113+00:00,0,2026-08-21T20:32:39.293113+00:00
2026-08-21,new,56331332,,,Apartment,Bright | 24 Hr Reception | Balcony | Navy Approved,,350.0,,,BHD,monthly,,,,,,,,,,,26.211111068725586,50.601112365722656,,,,Aileen Camarillo,,YES,,,,,https://www.propertyfinder.bh/en/plp/rent/apartment-for-rent-capital-governorate-al-juffair-56331332.html,2026-08-21T20:32:39.293113+00:00,2026-08-21T20:32:39.293113+00:00,0,2026-08-21T20:32:39.293113+00:00
2026-08-21,new,56331333,,,Apartment,PETS ALLOWED | Spacious Rooms | Guest Toilet |,,330.0,,,BHD,monthly,,,,,,,,,,,26.211111068725586,50.601112365722656,,,,Aileen Camarillo,,YES,,,,,https://www.propertyfinder.bh/en/plp/rent/apartment-for-rent-capital-governorate-al-juffair-56331333.html,2026-08-21T20:32:39.293113+00:00,2026-08-21T20:32:39.293113+00:00,0,2026-08-21T20:32:39.293113+00:00
2026-08-21,new,56331334,,,Apartment,Pets Allowed | Sea View | Navy Approved | Bright |,,350.0,,,BHD,monthly,,,,,,,,,,,26.211111068725586,50.601112365722656,,,,Aileen Camarillo,,YES,,,,,https://www.propertyfinder.bh/en/plp/rent/apartment-for-rent-capital-governorate-al-juffair-56331334.html,2026-08-21T20:32:39.293113+00:00,2026-08-21T20:32:39.293113+00:00,0,2026-08-21T20:32:39.293113+00:00
2026-08-21,new,56331335,,,Apartment,Pets Allowed | Function Hall | Balcony | Jacuzzi |,,350.0,,,BHD,monthly,,,,,,,,,,,26.211111068725586,50.601112365722656,,,,Aileen Camarillo,,YES,,,,,https://www.propertyfinder.bh/en/plp/rent/apartment-for-rent-capital-governorate-al-juffair-56331335.html,2026-08-21T20:32:39.293113+00:00,2026-08-21T20:32:39.293113+00:00,0,2026-08-21T20:32:39.293113+00:00
2026-08-21,new,56331336,,,Apartment,Closed Kitchen | Housekeeping | Patio | Bright |,,350.0,,,BHD,monthly,,,,,,,,,,,26.211111068725586,50.601112365722656,,,,Aileen Camarillo,,YES,,,,,https://www.propertyfinder.bh/en/plp/rent/apartment-for-rent-capital-governorate-al-juffair-56331336.html,2026-08-21T20:32:39.293113+00:00,2026-08-21T20:32:39.293113+00:00,0,2026-08-21T20:32:39.293113+00:00
2026-08-21,new,56331339,,,Apartment,BEACH APARTMENT | LOWEST PRICE | RESORT LIFESTYLE,,350.0,,,BHD,monthly,,,,,,,,,,,26.288480758666992,50.66381072998047,,,,Karine Nalbandyan ,,YES,,,,,https://www.propertyfinder.bh/en/plp/rent/apartment-for-rent-muharraq-governorate-amwaj-islands-56331339.html,2026-08-21T20:32:39.293113+00:00,2026-08-21T20:32:39.293113+00:00,0,2026-08-21T20:32:39.293113+00:00
2026-08-21,new,56331346,,,Penthouse,Unmissable Deal | Magnificent Penthouse for Sale,,250000.0,,,BHD,sell,,,,,,,,The Treasure,,,26.27286720275879,50.672889709472656,,,,Jafar Said,,PARTLY,completed,,,,https://www.propertyfinder.bh/en/plp/buy/penthouse-for-sale-muharraq-governorate-dilmunia-island-the-treasure-56331346.html,2026-08-21T20:32:39.293113+00:00,2026-08-21T20:32:39.293113+00:00,0,2026-08-21T20:32:39.293113+00:00
2026-08-21,removed,52169833,,,Office Space,Executive  Fully Furnished  Office Space,145.0,,,,BHD,monthly,,,,,,,,,,,26.239999771118164,50.5369987487793,,,,Abdelrahman Hassan,,YES,,,,,https://www.propertyfinder.bh/en/plp/commercial-rent/office-space-for-rent-capital-governorate-seef-52169833.html,2026-05-31T13:58:31.068517+00:00,2026-08-20T20:40:12.466755+00:00,81,2026-08-20T20:40:12.466755+00:00
2026-08-21,removed,52169845,,,Office Space,Fully Equipped Office | Prime Location in Seef,150.0,,,,BHD,monthly,,,,,,,,,,,26.239999771118164,50.5369987487793,,,,Abdelrahman Hassan,,YES,,,,,https://www.propertyfinder.bh/en/plp/commercial-rent/office-space-for-rent-capital-governorate-seef-52169845.html,2026-05-31T13:58:31.068517+00:00,2026-08-20T20:40:12.466755+00:00,81,2026-08-20T20:40:12.466755+00:00
2026-08-21,removed,52753802,,,Land,"Near main road, RA, excellent price.",258000.0,,,,BHD,sell,,,,,,,,,,,26.25,50.650001525878906,,,,Abdulla Murad,,,,,,,https://www.propertyfinder.bh/en/plp/buy/land-for-sale-muharraq-governorate-arad-52753802.html,2026-05-31T13:58:31.068517+00:00,2026-08-20T20:40:12.466755+00:00,81,2026-08-20T20:40:12.466755+00:00
2026-08-21,removed,52829778,,,Apartment,Semi-Furnished Studio n Jasra | Near Liwan |,220.0,,,,BHD,monthly,,,,,,,,,,,26.140336990356445,50.478271484375,,,,Ahmed Janahi,,PARTLY,,,,,https://www.propertyfinder.bh/en/plp/rent/apartment-for-rent-northern-governorate-hamala-52829778.html,2026-05-31T13:58:31.068517+00:00,2026-08-20T20:40:12.466755+00:00,81,2026-08-20T20:40:12.466755+00:00
2026-08-21,removed,52879713,,,Villa,Spacious Villa for Sale in Shahrakan,155000.0,,,,BHD,sell,,,,,,,,,,,26.07509422302246,50.499610900878906,,,,Ali Salah,,NO,completed,,,,https://www.propertyfinder.bh/en/plp/buy/villa-for-sale-northern-governorate-shahrakan-52879713.html,2026-05-31T13:58:31.068517+00:00,2026-08-20T20:40:12.466755+00:00,81,2026-08-20T20:40:12.466755+00:00
2026-08-21,removed,52880492,,,Apartment,Modern Apartment for Rent in Bahrain Harbor,500.0,,,,BHD,monthly,,,,,,,,Bahrain Financial Harbour,,,26.23778533935547,50.57342529296875,,,,Dafina Muca,,YES,,,,,https://www.propertyfinder.bh/en/plp/rent/apartment-for-rent-capital-governorate-manama-bahrain-financial-harbour-52880492.html,2026-05-31T13:58:31.068517+00:00,2026-08-20T20:40:12.466755+00:00,81,2026-08-20T20:40:12.466755+00:00
2026-08-21,removed,52880887,,,Land,Industrial Land for Sale in Salmabad – Strategic,330000.0,,,,BHD,sell,,,,,,,,,,,26.183332443237305,50.516666412353516,,,,Ali Salah,,,,,,,https://www.propertyfinder.bh/en/plp/commercial-buy/land-for-sale-central-governorate-salmabad-52880887.html,2026-05-31T13:58:31.068517+00:00,2026-08-20T20:40:12.466755+00:00,81,2026-08-20T20:40:12.466755+00:00
2026-08-21,removed,52931840,,,Apartment,LUXURIOUS | SPACIUOS APARTMENT | BALCONY CITY VIEW,250.0,,,,BHD,monthly,,,,,,,,,,,26.21263313293457,50.67418670654297,,,,Sameh Gabr,,PARTLY,,,,,https://www.propertyfinder.bh/en/plp/rent/apartment-for-rent-muharraq-governorate-hidd-52931840.html,2026-05-31T13:58:31.068517+00:00,2026-08-20T20:40:12.466755+00:00,81,2026-08-20T20:40:12.466755+00:00
2026-08-21,removed,53086475,,,Apartment,Modern | Gas Cooker | Prime Location | Car Parking,250.0,,,,BHD,monthly,,,,,,,,,,,26.207910537719727,50.587345123291016,,,,Mohamed Jamal,,YES,,,,,https://www.propertyfinder.bh/en/plp/rent/apartment-for-rent-capital-governorate-manama-mahooz-53086475.html,2026-05-31T13:58:31.068517+00:00,2026-08-20T20:40:12.466755+00:00,81,2026-08-20T20:40:12.466755+00:00
2026-08-21,removed,53708994,,,Apartment,Spacious 2 Bedroom 2 Bathroom | Semi Furnished,280.0,,,,BHD,monthly,,,,,,,,,,,26.19164276123047,50.48757553100586,,,,Zain Jabbar,,PARTLY,,,,,https://www.propertyfinder.bh/en/plp/rent/apartment-for-rent-northern-governorate-saar-53708994.html,2026-05-31T13:58:31.068517+00:00,2026-08-20T20:40:12.466755+00:00,81,2026-08-20T20:40:12.466755+00:00
2026-08-21,removed,53708995,,,Apartment,Spacious 2BHK | Mid Semi Furnished | Parking,300.0,,,,BHD,monthly,,,,,,,,,,,26.19164276123047,50.48757553100586,,,,Zain Jabbar,,PARTLY,,,,,https://www.propertyfinder.bh/en/plp/rent/apartment-for-rent-northern-governorate-saar-53708995.html,2026-05-31T13:58:31.068517+00:00,2026-08-20T20:40:12.466755+00:00,81,2026-08-20T20:40:12.466755+00:00
2026-08-21,removed,53708997,,,Apartment,Spacious 2Bedroom | Fully Furnished | Parking,350.0,,,,BHD,monthly,,,,,,,,,,,26.19164276123047,50.48757553100586,,,,Zain Jabbar,,YES,,,,,https://www.propertyfinder.bh/en/plp/rent/apartment-for-rent-northern-governorate-saar-53708997.html,2026-05-31T13:58:31.068517+00:00,2026-08-20T20:40:12.466755+00:00,81,2026-08-20T20:40:12.466755+00:00
2026-08-21,removed,53709681,,,Apartment,Brand new Large One bedroom in Reef Island,570.0,,,,BHD,monthly,,,,,,,,,,,26.241750717163086,50.5663948059082,,,,Artyom Maulenov,,YES,,,,,https://www.propertyfinder.bh/en/plp/rent/apartment-for-rent-capital-governorate-reef-island-53709681.html,2026-05-31T13:58:31.068517+00:00,2026-08-20T20:40:12.466755+00:00,81,2026-08-20T20:40:12.466755+00:00
2026-08-21,removed,53709743,,,Office Space,High Floor Office with Cabins Meeting Room,650.0,,,,BHD,monthly,,,,,,,,,,,26.239999771118164,50.5369987487793,,,,Anjum Jawaid,,NO,,,,,https://www.propertyfinder.bh/en/plp/commercial-rent/office-space-for-rent-capital-governorate-seef-53709743.html,2026-05-31T13:58:31.068517+00:00,2026-08-20T20:40:12.466755+00:00,81,2026-08-20T20:40:12.466755+00:00
2026-08-21,removed,53709796,,,Apartment,Bright&Spacious flat for rent/ Saar/Semi Furnished,320.0,,,,BHD,monthly,,,,,,,,,,,26.19164276123047,50.48757553100586,,,,Dafina Muca,,PARTLY,,,,,https://www.propertyfinder.bh/en/plp/rent/apartment-for-rent-northern-governorate-saar-53709796.html,2026-05-31T13:58:31.068517+00:00,2026-08-20T20:40:12.466755+00:00,81,2026-08-20T20:40:12.466755+00:00
2026-08-21,removed,53709802,,,Office Space,Ready office | Glass built partitions | City views,580.0,,,,BHD,monthly,,,,,,,,,,,26.239999771118164,50.5369987487793,,,,Anjum Jawaid,,NO,,,,,https://www.propertyfinder.bh/en/plp/commercial-rent/office-space-for-rent-capital-governorate-seef-53709802.html,2026-05-31T13:58:31.068517+00:00,2026-08-20T20:40:12.466755+00:00,81,2026-08-20T20:40:12.466755+00:00
2026-08-21,removed,53709979,,,Apartment,Sea View 1 Bed for Sale/ Investment Opportunity,52000.0,,,,BHD,sell,,,,,,,,Durrat Marina,,,25.860807418823242,50.604957580566406,,,,Dafina Muca,,YES,completed,,,,https://www.propertyfinder.bh/en/plp/buy/apartment-for-sale-southern-governorate-durrat-al-bahrain-durrat-marina-53709979.html,2026-05-31T13:58:31.068517+00:00,2026-08-20T20:40:12.466755+00:00,81,2026-08-20T20:40:12.466755+00:00
2026-08-21,removed,53710139,,,Apartment,EWA+INTERNET+HOUSEKEEPING | CITY AND SEA VIEWS,400.0,,,,BHD,monthly,,,,,,,,,,,26.239999771118164,50.5369987487793,,,,Anjum Jawaid,,YES,,,,,https://www.propertyfinder.bh/en/plp/rent/apartment-for-rent-capital-governorate-seef-53710139.html,2026-05-31T13:58:31.068517+00:00,2026-08-20T20:40:12.466755+00:00,81,2026-08-20T20:40:12.466755+00:00
2026-08-21,removed,53710327,,,Villa,New and Modern Villa for Sale; Located in Bu Quwa,220000.0,,,,BHD,sell,,,,,,,,,,,26.202558517456055,50.519554138183594,,,,Hassan Raed,,PARTLY,completed_primary,,,,https://www.propertyfinder.bh/en/plp/buy/villa-for-sale-northern-governorate-bu-quwah-53710327.html,2026-05-31T13:58:31.068517+00:00,2026-08-20T20:40:12.466755+00:00,81,2026-08-20T20:40:12.466755+00:00
2026-08-21,removed,53710748,,,Office Space,Open plan Layout | Renovated | Negotiable,350.0,,,,BHD,monthly,,,,,,,,,,,26.223421096801758,50.56662368774414,,,,Anjum Jawaid,,NO,,,,,https://www.propertyfinder.bh/en/plp/commercial-rent/office-space-for-rent-capital-governorate-manama-gufool-53710748.html,2026-05-31T13:58:31.068517+00:00,2026-08-20T20:40:12.466755+00:00,81,2026-08-20T20:40:12.466755+00:00
2026-08-21,removed,53737680,,,Apartment,Spacious | very good price | full renovated,190.0,,,,BHD,monthly,,,,,,,,,,,26.179166793823242,50.56222152709961,,,,AHMED ALI ,,NO,,,,,https://www.propertyfinder.bh/en/plp/rent/apartment-for-rent-central-governorate-jid-ali-53737680.html,2026-05-31T13:58:31.068517+00:00,2026-08-20T20:40:12.466755+00:00,81,2026-08-20T20:40:12.466755+00:00
2026-08-21,removed,53738237,,,Apartment,01 Month Rent Free |  Wifi & H/K | In Juffair,300.0,,,,BHD,monthly,,,,,,,,,,,26.211111068725586,50.601112365722656,,,, Karim,,YES,,,,,https://www.propertyfinder.bh/en/plp/rent/apartment-for-rent-capital-governorate-al-juffair-53738237.html,2026-07-22T21:16:12.940221+00:00,2026-08-20T20:40:12.466755+00:00,28,2026-08-20T20:40:12.466755+00:00
2026-08-21,removed,53934131,,,Apartment,Modern | Gas Cooker | Prime Location | Parking,250.0,,,,BHD,monthly,,,,,,,,,,,26.21693992614746,50.57733154296875,,,,Mohamed Jamal,,YES,,,,,https://www.propertyfinder.bh/en/plp/rent/apartment-for-rent-capital-governorate-manama-segaya-53934131.html,2026-05-31T13:58:31.068517+00:00,2026-08-20T20:40:12.466755+00:00,81,2026-08-20T20:40:12.466755+00:00
2026-08-21,removed,53987032,,,Apartment,Modern | Bright | Sea View | Balcony | Luxury,400.0,,,,BHD,monthly,,,,,,,,,,,26.241750717163086,50.5663948059082,,,,Hamza Rajhi,,YES,,,,,https://www.propertyfinder.bh/en/plp/rent/apartment-for-rent-capital-governorate-reef-island-53987032.html,2026-05-31T13:58:31.068517+00:00,2026-08-20T20:40:12.466755+00:00,81,2026-08-20T20:40:12.466755+00:00
2026-08-21,removed,54235169,,,Villa,FURNISHED | INCLUSIVE I MODERN I SPACIOUS |BRIGHT,1000.0,,,,BHD,monthly,,,,,,,,,,,26.19164276123047,50.48757553100586,,,,Mohamed Ali,,YES,,,,,https://www.propertyfinder.bh/en/plp/rent/villa-for-rent-northern-governorate-saar-54235169.html,2026-06-10T21:00:38.499992+00:00,2026-08-20T20:40:12.466755+00:00,70,2026-08-20T20:40:12.466755+00:00
2026-08-21,removed,54345406,,,Apartment,HIGH DEMAND NO DEPOSITE STUDIO FLAT UNLIMITED EWAA,150.0,,,,BHD,monthly,,,,,,,,,,,26.218677520751953,50.59382247924805,,,,Abdulla AlSamahiji,,YES,,,,,https://www.propertyfinder.bh/en/plp/rent/apartment-for-rent-capital-governorate-manama-gudaibiya-54345406.html,2026-06-13T20:35:51.033624+00:00,2026-08-20T20:40:12.466755+00:00,68,2026-08-20T20:40:12.466755+00:00
2026-08-21,removed,54569175,,,Villa,Spacious Villa | Best Community | Great Returns,155000.0,,,,BHD,sell,,,,,,,,Diyar Al Muharraq,Al Sidra,,26.31142234802246,50.64306640625,,,,Muhammad Islam Inam,,PARTLY,completed_primary,,,,https://www.propertyfinder.bh/en/plp/buy/villa-for-sale-muharraq-governorate-diyar-al-muharraq-al-sidra-54569175.html,2026-06-21T11:17:16.187019+00:00,2026-08-20T20:40:12.466755+00:00,60,2026-08-20T20:40:12.466755+00:00
2026-08-21,removed,54569184,,,Villa,Freehold Villa in Peaceful Community | Luxury,168000.0,,,,BHD,sell,,,,,,,,Diyar Al Muharraq,Al Sidra,,26.31142234802246,50.64306640625,,,,Muhammad Islam Inam,,YES,completed_primary,,,,https://www.propertyfinder.bh/en/plp/buy/villa-for-sale-muharraq-governorate-diyar-al-muharraq-al-sidra-54569184.html,2026-06-21T11:17:16.187019+00:00,2026-08-20T20:40:12.466755+00:00,60,2026-08-20T20:40:12.466755+00:00
2026-08-21,removed,54569289,,,Villa,Luxury Home in Bahrain’s Best Community | Spacious,115000.0,,,,BHD,sell,,,,,,,,Diyar Al Muharraq,Al Sidra,,26.31142234802246,50.64306640625,,,,Muhammad Islam Inam,,PARTLY,completed_primary,,,,https://www.propertyfinder.bh/en/plp/buy/villa-for-sale-muharraq-governorate-diyar-al-muharraq-al-sidra-54569289.html,2026-06-21T11:17:16.187019+00:00,2026-08-20T20:40:12.466755+00:00,60,2026-08-20T20:40:12.466755+00:00
2026-08-21,removed,54569360,,,Villa,Villa for Sale in Diyar Al Muharraq – Modern Desig,127000.0,,,,BHD,sell,,,,,,,,,,,26.25,50.616668701171875,,,,Ali Salah,,NO,completed_primary,,,,https://www.propertyfinder.bh/en/plp/buy/villa-for-sale-muharraq-governorate-muharraq-54569360.html,2026-06-21T11:17:16.187019+00:00,2026-08-20T20:40:12.466755+00:00,60,2026-08-20T20:40:12.466755+00:00
2026-08-21,removed,54569381,,,Villa,Fully Furnished New Villa for Sale in Jaw – Stunni,210000.0,,,,BHD,sell,,,,,,,,,,,26.000404357910156,50.616973876953125,,,,Ali Salah,,YES,completed_primary,,,,https://www.propertyfinder.bh/en/plp/buy/villa-for-sale-southern-governorate-jaww-54569381.html,2026-06-21T11:17:16.187019+00:00,2026-08-20T20:40:12.466755+00:00,60,2026-08-20T20:40:12.466755+00:00
2026-08-21,removed,54569382,,,Villa,Prime Location Villa Near Marassi | HIGH ROI,115000.0,,,,BHD,sell,,,,,,,,Diyar Al Muharraq,Al Sidra,,26.31142234802246,50.64306640625,,,,ElMehdi Rhora,,PARTLY,completed_primary,,,,https://www.propertyfinder.bh/en/plp/buy/villa-for-sale-muharraq-governorate-diyar-al-muharraq-al-sidra-54569382.html,2026-06-21T11:17:16.187019+00:00,2026-08-20T20:40:12.466755+00:00,60,2026-08-20T20:40:12.466755+00:00
2026-08-21,removed,54569401,,,Villa,Spacious Freehold Villa | Family-Friendly Location,150000.0,,,,BHD,sell,,,,,,,,Diyar Al Muharraq,Al Sidra,,26.31142234802246,50.64306640625,,,,ElMehdi Rhora,,PARTLY,completed_primary,,,,https://www.propertyfinder.bh/en/plp/buy/villa-for-sale-muharraq-governorate-diyar-al-muharraq-al-sidra-54569401.html,2026-06-21T11:17:16.187019+00:00,2026-08-20T20:40:12.466755+00:00,60,2026-08-20T20:40:12.466755+00:00
2026-08-21,removed,54569421,,,Villa,Luxury Villa for Sale in Saar – Al Markh | Premium,175000.0,,,,BHD,sell,,,,,,,,,,,26.19164276123047,50.48757553100586,,,,Ali Salah,,PARTLY,completed_primary,,,,https://www.propertyfinder.bh/en/plp/buy/villa-for-sale-northern-governorate-saar-54569421.html,2026-06-21T11:17:16.187019+00:00,2026-08-20T20:40:12.466755+00:00,60,2026-08-20T20:40:12.466755+00:00
2026-08-21,removed,54569423,,,Villa,Freehold Villa in Best Community | Visit Today,160000.0,,,,BHD,sell,,,,,,,,Diyar Al Muharraq,Al Sidra,,26.31142234802246,50.64306640625,,,,ElMehdi Rhora,,PARTLY,completed_primary,,,,https://www.propertyfinder.bh/en/plp/buy/villa-for-sale-muharraq-governorate-diyar-al-muharraq-al-sidra-54569423.html,2026-06-21T11:17:16.187019+00:00,2026-08-20T20:40:12.466755+00:00,60,2026-08-20T20:40:12.466755+00:00
2026-08-21,removed,54569442,,,Villa,Family Home in Diyar | Spacious | HIGH ROI | Visit,111000.0,,,,BHD,sell,,,,,,,,Diyar Al Muharraq,Al Sidra,,26.31142234802246,50.64306640625,,,,ElMehdi Rhora,,PARTLY,completed_primary,,,,https://www.propertyfinder.bh/en/plp/buy/villa-for-sale-muharraq-governorate-diyar-al-muharraq-al-sidra-54569442.html,2026-06-21T11:17:16.187019+00:00,2026-08-20T20:40:12.466755+00:00,60,2026-08-20T20:40:12.466755+00:00
2026-08-21,removed,54569445,,,Land,residential land for sale in salmaniya,135000.0,,,,BHD,sell,,,,,,,,,,,26.219327926635742,50.579288482666016,,,,Salah Hashem,,,,,,,https://www.propertyfinder.bh/en/plp/buy/land-for-sale-capital-governorate-manama-salmaniya-54569445.html,2026-06-21T11:17:16.187019+00:00,2026-08-20T20:40:12.466755+00:00,60,2026-08-20T20:40:12.466755+00:00
2026-08-21,removed,54569447,,,Villa,Luxury Villa | Best Community | Prime Location,126000.0,,,,BHD,sell,,,,,,,,Diyar Al Muharraq,Al Sidra,,26.31142234802246,50.64306640625,,,,ElMehdi Rhora,,PARTLY,completed_primary,,,,https://www.propertyfinder.bh/en/plp/buy/villa-for-sale-muharraq-governorate-diyar-al-muharraq-al-sidra-54569447.html,2026-06-21T11:17:16.187019+00:00,2026-08-20T20:40:12.466755+00:00,60,2026-08-20T20:40:12.466755+00:00
2026-08-21,removed,54569453,,,Villa,Family Villa in One of Bahrain’s Best Communities,111000.0,,,,BHD,sell,,,,,,,,Diyar Al Muharraq,Al Sidra,,26.31142234802246,50.64306640625,,,,ElMehdi Rhora,,PARTLY,completed_primary,,,,https://www.propertyfinder.bh/en/plp/buy/villa-for-sale-muharraq-governorate-diyar-al-muharraq-al-sidra-54569453.html,2026-06-21T11:17:16.187019+00:00,2026-08-20T20:40:12.466755+00:00,60,2026-08-20T20:40:12.466755+00:00
2026-08-21,removed,54569459,,,Apartment,Modern Apartment for Rent in Prime Location,500.0,,,,BHD,monthly,,,,,,,,,,,26.239999771118164,50.5369987487793,,,,Muhammad Islam Inam,,YES,,,,,https://www.propertyfinder.bh/en/plp/rent/apartment-for-rent-capital-governorate-seef-54569459.html,2026-06-21T11:17:16.187019+00:00,2026-08-20T20:40:12.466755+00:00,60,2026-08-20T20:40:12.466755+00:00
2026-08-21,removed,54569460,,,Apartment,Cozy Apartment for Rent – Move-In Ready,750.0,,,,BHD,monthly,,,,,,,,,,,26.239999771118164,50.5369987487793,,,,Muhammad Islam Inam,,YES,,,,,https://www.propertyfinder.bh/en/plp/rent/apartment-for-rent-capital-governorate-seef-54569460.html,2026-06-21T11:17:16.187019+00:00,2026-08-20T20:40:12.466755+00:00,60,2026-08-20T20:40:12.466755+00:00
2026-08-21,removed,54569461,,,Apartment,Spacious & Bright Apartment Available Now,500.0,,,,BHD,monthly,,,,,,,,,,,26.239999771118164,50.5369987487793,,,,Muhammad Islam Inam,,YES,,,,,https://www.propertyfinder.bh/en/plp/rent/apartment-for-rent-capital-governorate-seef-54569461.html,2026-06-21T11:17:16.187019+00:00,2026-08-20T20:40:12.466755+00:00,60,2026-08-20T20:40:12.466755+00:00
2026-08-21,removed,54569462,,,Apartment,Modern Apartment for Sale – Move-In Ready,52000.0,,,,BHD,sell,,,,,,,,,,,26.239999771118164,50.5369987487793,,,,Muhammad Islam Inam,,YES,completed,,,,https://www.propertyfinder.bh/en/plp/buy/apartment-for-sale-capital-governorate-seef-54569462.html,2026-06-21T11:17:16.187019+00:00,2026-08-20T20:40:12.466755+00:00,60,2026-08-20T20:40:12.466755+00:00
2026-08-21,removed,54569463,,,Apartment,Affordable Apartment–Great Investment Opportunity,100000.0,,,,BHD,sell,,,,,,,,,,,26.239999771118164,50.5369987487793,,,,Muhammad Islam Inam,,YES,completed,,,,https://www.propertyfinder.bh/en/plp/buy/apartment-for-sale-capital-governorate-seef-54569463.html,2026-06-21T11:17:16.187019+00:00,2026-08-20T20:40:12.466755+00:00,60,2026-08-20T20:40:12.466755+00:00
2026-08-21,removed,54569464,,,Apartment,Spacious Apartment with Excellent Amenities,88000.0,,,,BHD,sell,,,,,,,,,,,26.239999771118164,50.5369987487793,,,,Muhammad Islam Inam,,YES,completed,,,,https://www.propertyfinder.bh/en/plp/buy/apartment-for-sale-capital-governorate-seef-54569464.html,2026-06-21T11:17:16.187019+00:00,2026-08-20T20:40:12.466755+00:00,60,2026-08-20T20:40:12.466755+00:00
2026-08-21,removed,54569465,,,Apartment,Beautiful Apartment for Sale in a Prime Location,55000.0,,,,BHD,sell,,,,,,,,,,,26.239999771118164,50.5369987487793,,,,Muhammad Islam Inam,,YES,completed,,,,https://www.propertyfinder.bh/en/plp/buy/apartment-for-sale-capital-governorate-seef-54569465.html,2026-06-21T11:17:16.187019+00:00,2026-08-20T20:40:12.466755+00:00,60,2026-08-20T20:40:12.466755+00:00
2026-08-21,removed,54569585,,,Apartment,LUXURIOUS SEA VIEW 2BHK |CLOSED KITCHEN | BBQ AREA,600.0,,,,BHD,monthly,,,,,,,,Amwaj Avenue,,,26.29302978515625,50.66474151611328,,,,Osama Butt,,YES,,,,,https://www.propertyfinder.bh/en/plp/rent/apartment-for-rent-muharraq-governorate-amwaj-islands-amwaj-avenue-54569585.html,2026-06-21T20:39:42.027222+00:00,2026-08-20T20:40:12.466755+00:00,60,2026-08-20T20:40:12.466755+00:00
2026-08-21,removed,54569614,,,Apartment,1BR with Resort Amenities | Fontana Infinity,425.0,,,,BHD,monthly,,,,,,,,,,,26.211111068725586,50.601112365722656,,,,Soha Younes,,YES,,,,,https://www.propertyfinder.bh/en/plp/rent/apartment-for-rent-capital-governorate-al-juffair-54569614.html,2026-06-21T20:39:42.027222+00:00,2026-08-20T20:40:12.466755+00:00,60,2026-08-20T20:40:12.466755+00:00
2026-08-21,removed,54569636,,,Apartment,Sun-Drenched 2 Bedroom Apartment w Cozy Balcony,430.0,,,,BHD,monthly,,,,,,,,,,,26.211111068725586,50.601112365722656,,,,Soha Younes,,YES,,,,,https://www.propertyfinder.bh/en/plp/rent/apartment-for-rent-capital-governorate-al-juffair-54569636.html,2026-06-21T20:39:42.027222+00:00,2026-08-20T20:40:12.466755+00:00,60,2026-08-20T20:40:12.466755+00:00
2026-08-21,removed,54569769,,,Apartment,1 BHK+2Baths | Sea View Balcony | Fontana Infinity,470.0,,,,BHD,monthly,,,,,,,,,,,26.211111068725586,50.601112365722656,,,,Soha Younes,,YES,,,,,https://www.propertyfinder.bh/en/plp/rent/apartment-for-rent-capital-governorate-al-juffair-54569769.html,2026-06-21T20:39:42.027222+00:00,2026-08-20T20:40:12.466755+00:00,60,2026-08-20T20:40:12.466755+00:00
2026-08-21,removed,54569952,,,Apartment,Stylish One-Bedroom | Spacious Layout |  Balc,55000.0,,,,BHD,sell,,,,,,,,Essence of Dilmunia,,,26.27286720275879,50.672889709472656,,,,Anna Berdysheva,,YES,completed,,,,https://www.propertyfinder.bh/en/plp/buy/apartment-for-sale-muharraq-governorate-dilmunia-island-essence-of-dilmunia-54569952.html,2026-06-21T20:39:42.027222+00:00,2026-08-20T20:40:12.466755+00:00,60,2026-08-20T20:40:12.466755+00:00
2026-08-21,removed,54597156,,,Apartment,1BHK OFFERS ┃NEW┃BRIGHT┃2BATHS┃SPACIOUS┃INCLUSIVE,280.0,,,,BHD,monthly,,,,,,,,,,,26.211111068725586,50.601112365722656,,,,Sahebaz Makki,,YES,,,,,https://www.propertyfinder.bh/en/plp/rent/apartment-for-rent-capital-governorate-al-juffair-54597156.html,2026-06-22T21:07:15.511458+00:00,2026-08-20T20:40:12.466755+00:00,58,2026-08-20T20:40:12.466755+00:00
2026-08-21,removed,54625839,,,Apartment,GYM | BALCONY | BEACH ACCESS |MODERN FURNITURE,600.0,,,,BHD,monthly,,,,,,,,Diyar Al Muharraq,,,26.303447723388672,50.6461296081543,,,,Fadi Eweida,,YES,,,,,https://www.propertyfinder.bh/en/plp/rent/apartment-for-rent-muharraq-governorate-diyar-al-muharraq-marassi-al-bahrain-54625839.html,2026-06-23T20:51:22.852189+00:00,2026-08-20T20:40:12.466755+00:00,57,2026-08-20T20:40:12.466755+00:00
2026-08-21,removed,54653518,,,Apartment,ALL IN 1 SEA VIEW │INCLUSIVE│HOUSEKEEPING│BALCONY│,300.0,,,,BHD,monthly,,,,,,,,,,,26.211111068725586,50.601112365722656,,,,Sahebaz Makki,,YES,,,,,https://www.propertyfinder.bh/en/plp/rent/apartment-for-rent-capital-governorate-al-juffair-54653518.html,2026-06-24T20:40:58.428770+00:00,2026-08-20T20:40:12.466755+00:00,56,2026-08-20T20:40:12.466755+00:00
2026-08-21,removed,54941706,,,Apartment,FULLY FURTHER 1 BEDROOM FLAT FOR RENT NEAR LULUMAL,250.0,,,,BHD,monthly,,,,,,,,,,,26.185943603515625,50.46711349487305,,,,Kader CMA,,YES,,,,,https://www.propertyfinder.bh/en/plp/rent/apartment-for-rent-northern-governorate-janabiya-54941706.html,2026-07-04T21:05:04.819049+00:00,2026-08-20T20:40:12.466755+00:00,46,2026-08-20T20:40:12.466755+00:00
2026-08-21,removed,54969061,,,Apartment,2 Bedroom | Fully Furnished | Unlimited EWA,300.0,,,,BHD,monthly,,,,,,,,,,,26.21263313293457,50.67418670654297,,,,Muhammad Usman,,YES,,,,,https://www.propertyfinder.bh/en/plp/rent/apartment-for-rent-muharraq-governorate-hidd-54969061.html,2026-07-05T21:09:19.331111+00:00,2026-08-20T20:40:12.466755+00:00,45,2026-08-20T20:40:12.466755+00:00
2026-08-21,removed,55054686,,,Apartment,Spacious |5 Star Facilities| Balcony|Special Price,300.0,,,,BHD,monthly,,,,,,,,Hanging Garden,,,26.27286720275879,50.672889709472656,,,,Hazeeth,,YES,,,,,https://www.propertyfinder.bh/en/plp/rent/apartment-for-rent-muharraq-governorate-dilmunia-island-hanging-garden-55054686.html,2026-07-08T21:15:46.223277+00:00,2026-08-20T20:40:12.466755+00:00,42,2026-08-20T20:40:12.466755+00:00
2026-08-21,removed,55113542,,,Villa,4 BR with Private Pool and Gardens | GYM,1200.0,,,,BHD,monthly,,,,,,,,,,,26.19164276123047,50.48757553100586,,,,Zsuzsanna Gecse,,PARTLY,,,,,https://www.propertyfinder.bh/en/plp/rent/villa-for-rent-northern-governorate-saar-55113542.html,2026-07-10T21:12:15.222994+00:00,2026-08-20T20:40:12.466755+00:00,40,2026-08-20T20:40:12.466755+00:00
2026-08-21,removed,55141832,,,Apartment,APARTMENT SALE 3 BEDROOMS NEAR ALMERCADO MALL,66500.0,,,,BHD,sell,,,,,,,,,,,26.185943603515625,50.46711349487305,,,,Kader CMA,,PARTLY,completed,,,,https://www.propertyfinder.bh/en/plp/buy/apartment-for-sale-northern-governorate-janabiya-55141832.html,2026-07-11T20:58:11.932263+00:00,2026-08-20T20:40:12.466755+00:00,39,2026-08-20T20:40:12.466755+00:00
2026-08-21,removed,55171699,,,Apartment,MODERN┃SPACIOUS┃MAIDS ROOM┃HS.KEEPING┃4 BATHS┃PETS,460.0,,,,BHD,monthly,,,,,,,,,,,26.2102108001709,50.56403350830078,,,,Sahebaz Makki,,YES,,,,,https://www.propertyfinder.bh/en/plp/rent/apartment-for-rent-capital-governorate-manama-zinj-55171699.html,2026-07-12T20:58:01.791743+00:00,2026-08-20T20:40:12.466755+00:00,38,2026-08-20T20:40:12.466755+00:00
2026-08-21,removed,55172038,,,Villa,فيلا حديثة في موقع استراتيجي و بتشطيبات راقية,140000.0,,,,BHD,sell,,,,,,,,,,,26.185943603515625,50.46711349487305,,,,Mohamed Jamal,,PARTLY,completed,,,,https://www.propertyfinder.bh/en/plp/buy/villa-for-sale-northern-governorate-janabiya-55172038.html,2026-07-12T20:58:01.791743+00:00,2026-08-20T20:40:12.466755+00:00,38,2026-08-20T20:40:12.466755+00:00
2026-08-21,removed,55256094,,,Apartment,MODERN ┃SPLIT AC ┃UNLIMTED EWA┃ FRESH┃ EASY LIFE,349.0,,,,BHD,monthly,,,,,,,,,,,26.214487075805664,50.584754943847656,,,,Sahebaz Makki,,YES,,,,,https://www.propertyfinder.bh/en/plp/rent/apartment-for-rent-capital-governorate-manama-adliya-55256094.html,2026-07-16T13:23:22.641531+00:00,2026-08-20T20:40:12.466755+00:00,35,2026-08-20T20:40:12.466755+00:00
2026-08-21,removed,55368041,,,Apartment,STYLISH STUDIO NEAR RCSI BUSAITEEN,260.0,,,,BHD,monthly,,,,,,,,,,,26.27199935913086,50.60900115966797,,,,Gaylee Cammayo,,YES,,,,,https://www.propertyfinder.bh/en/plp/rent/apartment-for-rent-muharraq-governorate-busaiteen-55368041.html,2026-07-19T20:58:26.466026+00:00,2026-08-20T20:40:12.466755+00:00,31,2026-08-20T20:40:12.466755+00:00
2026-08-21,removed,55368242,,,Villa,MODERN | PRIVATE POOL | ELEVATOR | INCLUSIVE | PET,1400.0,,,,BHD,monthly,,,,,,,,Amwaj Avenue,,,26.29302978515625,50.66474151611328,,,,Edna Maundu,,PARTLY,,,,,https://www.propertyfinder.bh/en/plp/rent/villa-for-rent-muharraq-governorate-amwaj-islands-amwaj-avenue-55368242.html,2026-07-19T20:58:26.466026+00:00,2026-08-20T20:40:12.466755+00:00,31,2026-08-20T20:40:12.466755+00:00
2026-08-21,removed,55396928,,,Apartment,MODERN┃CLOSE KITCHEN┃GAS COOKING┃GYM┃NEW┃BRIGHT,380.0,,,,BHD,monthly,,,,,,,,,,,26.214487075805664,50.584754943847656,,,,Sahebaz Makki,,YES,,,,,https://www.propertyfinder.bh/en/plp/rent/apartment-for-rent-capital-governorate-manama-adliya-55396928.html,2026-07-20T21:17:02.364062+00:00,2026-08-20T20:40:12.466755+00:00,30,2026-08-20T20:40:12.466755+00:00
2026-08-21,removed,55397478,,,Apartment,Greatly furnished flat in Tala Island,450.0,,,,BHD,monthly,,,,,,,,Tala Island,,,26.300025939941406,50.66316223144531,,,,Anna Mechkovskaya,,YES,,,,,https://www.propertyfinder.bh/en/plp/rent/apartment-for-rent-muharraq-governorate-amwaj-islands-tala-island-55397478.html,2026-07-20T21:17:02.364062+00:00,2026-08-20T20:40:12.466755+00:00,30,2026-08-20T20:40:12.466755+00:00
2026-08-21,removed,55424885,,,Apartment,Cozy 2BR| Semi Furnished| Hot Deal | Prime Area**,600.0,,,,BHD,monthly,,,,,,,,,,,26.241750717163086,50.5663948059082,,,,Anna Berdysheva,,PARTLY,,,,,https://www.propertyfinder.bh/en/plp/rent/apartment-for-rent-capital-governorate-reef-island-55424885.html,2026-07-21T21:17:21.978520+00:00,2026-08-20T20:40:12.466755+00:00,29,2026-08-20T20:40:12.466755+00:00
2026-08-21,removed,55424995,,,Villa,ELEGANT 4BR VILLA WITH PRIVATE POOL,850.0,,,,BHD,monthly,,,,,,,,,,,26.19164276123047,50.48757553100586,,,,Oskar Laupsa,,PARTLY,,,,,https://www.propertyfinder.bh/en/plp/rent/villa-for-rent-northern-governorate-saar-55424995.html,2026-07-21T21:17:21.978520+00:00,2026-08-20T20:40:12.466755+00:00,29,2026-08-20T20:40:12.466755+00:00
2026-08-21,removed,55425036,,,Villa,Spacious Family Villa in Lovely Compound,680.0,,,,BHD,monthly,,,,,,,,,,,26.185943603515625,50.46711349487305,,,,Vikki Ann Lord,,PARTLY,,,,,https://www.propertyfinder.bh/en/plp/rent/villa-for-rent-northern-governorate-janabiya-55425036.html,2026-07-21T21:17:21.978520+00:00,2026-08-20T20:40:12.466755+00:00,29,2026-08-20T20:40:12.466755+00:00
2026-08-21,removed,55425081,,,Apartment,Comfortable Apartment for Rent in Janabiya,300.0,,,,BHD,monthly,,,,,,,,,,,26.185943603515625,50.46711349487305,,,,Dafina Muca,,YES,,,,,https://www.propertyfinder.bh/en/plp/rent/apartment-for-rent-northern-governorate-janabiya-55425081.html,2026-07-21T21:17:21.978520+00:00,2026-08-20T20:40:12.466755+00:00,29,2026-08-20T20:40:12.466755+00:00
2026-08-21,removed,55425116,,,Villa,4 BR Corner Villa | Brand New | Diyar Al Muharraq,147000.0,,,,BHD,sell,,,,,,,,Diyar Al Muharraq,Al Sidra,,26.31142234802246,50.64306640625,,,,Beshoy Milad,,PARTLY,completed_primary,,,,https://www.propertyfinder.bh/en/plp/buy/villa-for-sale-muharraq-governorate-diyar-al-muharraq-al-sidra-55425116.html,2026-07-21T21:17:21.978520+00:00,2026-08-20T20:40:12.466755+00:00,29,2026-08-20T20:40:12.466755+00:00
2026-08-21,removed,55425119,,,Villa,Corner Villa | Huge Garden | Ideal Family Home,194000.0,,,,BHD,sell,,,,,,,,Diyar Al Muharraq,Al Sidra,,26.31142234802246,50.64306640625,,,,Beshoy Milad,,PARTLY,completed_primary,,,,https://www.propertyfinder.bh/en/plp/buy/villa-for-sale-muharraq-governorate-diyar-al-muharraq-al-sidra-55425119.html,2026-07-21T21:17:21.978520+00:00,2026-08-20T20:40:12.466755+00:00,29,2026-08-20T20:40:12.466755+00:00
2026-08-21,removed,55425137,,,Office Space,sea view | Semi furnished | near the highway,240.0,,,,BHD,monthly,,,,,,,,,,,26.21263313293457,50.67418670654297,,,,AHMED ALI ,,PARTLY,,,,,https://www.propertyfinder.bh/en/plp/commercial-rent/office-space-for-rent-muharraq-governorate-hidd-55425137.html,2026-07-21T21:17:21.978520+00:00,2026-08-20T20:40:12.466755+00:00,29,2026-08-20T20:40:12.466755+00:00
2026-08-21,removed,55425140,,,Apartment,Spacious Partial Sea View 3 bedroom in Mahooz !!,550.0,,,,BHD,monthly,,,,,,,,,,,26.207910537719727,50.587345123291016,,,,Arun Kumar Mammaniya,,YES,,,,,https://www.propertyfinder.bh/en/plp/rent/apartment-for-rent-capital-governorate-manama-mahooz-55425140.html,2026-07-21T21:17:21.978520+00:00,2026-08-20T20:40:12.466755+00:00,29,2026-08-20T20:40:12.466755+00:00
2026-08-21,removed,55425159,,,Apartment,Unlimited Electricity | Spacious I House Keeping,325.0,,,,BHD,monthly,,,,,,,,,,,26.207910537719727,50.587345123291016,,,,Antony Shaiju,,YES,,,,,https://www.propertyfinder.bh/en/plp/rent/apartment-for-rent-capital-governorate-manama-mahooz-55425159.html,2026-07-21T21:17:21.978520+00:00,2026-08-20T20:40:12.466755+00:00,29,2026-08-20T20:40:12.466755+00:00
2026-08-21,removed,55425174,,,Villa,Modernly Furnished Villa | Private Garden and Pool,1700.0,,,,BHD,monthly,,,,,,,,,,,26.140336990356445,50.478271484375,,,,Antony Shaiju,,YES,,,,,https://www.propertyfinder.bh/en/plp/rent/villa-for-rent-northern-governorate-hamala-55425174.html,2026-07-21T21:17:21.978520+00:00,2026-08-20T20:40:12.466755+00:00,29,2026-08-20T20:40:12.466755+00:00
2026-08-21,removed,55425176,,,Apartment,Family building | facilities | big layout,50000.0,,,,BHD,sell,,,,,,,,,,,26.211111068725586,50.601112365722656,,,,AHMED ALI ,,YES,completed,,,,https://www.propertyfinder.bh/en/plp/buy/apartment-for-sale-capital-governorate-al-juffair-55425176.html,2026-07-21T21:17:21.978520+00:00,2026-08-20T20:40:12.466755+00:00,29,2026-08-20T20:40:12.466755+00:00
2026-08-21,removed,55425182,,,Apartment,Newly furnished | Inclusive | House Keeping |wifi,400.0,,,,BHD,monthly,,,,,,,,,,,26.211111068725586,50.601112365722656,,,,Antony Shaiju,,YES,,,,,https://www.propertyfinder.bh/en/plp/rent/apartment-for-rent-capital-governorate-al-juffair-55425182.html,2026-07-21T21:17:21.978520+00:00,2026-08-20T20:40:12.466755+00:00,29,2026-08-20T20:40:12.466755+00:00
2026-08-21,removed,55425186,,,Apartment,Best Price | Good income | family building,350.0,,,,BHD,monthly,,,,,,,,,,,26.211111068725586,50.601112365722656,,,,AHMED ALI ,,YES,,,,,https://www.propertyfinder.bh/en/plp/rent/apartment-for-rent-capital-governorate-al-juffair-55425186.html,2026-07-21T21:17:21.978520+00:00,2026-08-20T20:40:12.466755+00:00,29,2026-08-20T20:40:12.466755+00:00
2026-08-21,removed,55425203,,,Apartment,Gym | pool | Free internet | near mall,330.0,,,,BHD,monthly,,,,,,,,,,,26.211111068725586,50.601112365722656,,,,AHMED ALI ,,YES,,,,,https://www.propertyfinder.bh/en/plp/rent/apartment-for-rent-capital-governorate-al-juffair-55425203.html,2026-07-21T21:17:21.978520+00:00,2026-08-20T20:40:12.466755+00:00,29,2026-08-20T20:40:12.466755+00:00
2026-08-21,removed,55425204,,,Apartment,Brand new | semi furnished | inclusive | balcony,320.0,,,,BHD,monthly,,,,,,,,,,,26.21672821044922,50.55367660522461,,,,AHMED ALI ,,PARTLY,,,,,https://www.propertyfinder.bh/en/plp/rent/apartment-for-rent-capital-governorate-manama-al-burhama-55425204.html,2026-07-21T21:17:21.978520+00:00,2026-08-20T20:40:12.466755+00:00,29,2026-08-20T20:40:12.466755+00:00
2026-08-21,removed,55425209,,,Apartment,Ground floor | 2 master rooms | behind Alhelli m,250.0,,,,BHD,monthly,,,,,,,,,,,26.19164276123047,50.48757553100586,,,,AHMED ALI ,,PARTLY,,,,,https://www.propertyfinder.bh/en/plp/rent/apartment-for-rent-northern-governorate-saar-55425209.html,2026-07-21T21:17:21.978520+00:00,2026-08-20T20:40:12.466755+00:00,29,2026-08-20T20:40:12.466755+00:00
2026-08-21,removed,55425216,,,Apartment,quite location | parking | behind alhelli market,365.0,,,,BHD,monthly,,,,,,,,,,,26.20975685119629,50.50579833984375,,,,AHMED ALI ,,PARTLY,,,,,https://www.propertyfinder.bh/en/plp/rent/apartment-for-rent-northern-governorate-shakhura-55425216.html,2026-07-21T21:17:21.978520+00:00,2026-08-20T20:40:12.466755+00:00,29,2026-08-20T20:40:12.466755+00:00
2026-08-21,removed,55425219,,,Apartment,Duplex Bright City View Balcony,70000.0,,,,BHD,sell,,,,,,,,,,,26.211111068725586,50.601112365722656,,,,Maher Alimadi,,YES,completed,,,,https://www.propertyfinder.bh/en/plp/buy/apartment-for-sale-capital-governorate-al-juffair-55425219.html,2026-07-21T21:17:21.978520+00:00,2026-08-20T20:40:12.466755+00:00,29,2026-08-20T20:40:12.466755+00:00
2026-08-21,removed,55425221,,,Apartment,Fantastic facilities | amazing balcony | Sea view,300.0,,,,BHD,monthly,,,,,,,,,,,26.211111068725586,50.601112365722656,,,,AHMED ALI ,,YES,,,,,https://www.propertyfinder.bh/en/plp/rent/apartment-for-rent-capital-governorate-al-juffair-55425221.html,2026-07-21T21:17:21.978520+00:00,2026-08-20T20:40:12.466755+00:00,29,2026-08-20T20:40:12.466755+00:00
2026-08-21,removed,55425223,,,Apartment,Premium 3 Bedrooms Sea View + Maids Room,150000.0,,,,BHD,sell,,,,,,,,,,,26.211111068725586,50.601112365722656,,,,Maher Alimadi,,YES,completed,,,,https://www.propertyfinder.bh/en/plp/buy/apartment-for-sale-capital-governorate-al-juffair-55425223.html,2026-07-21T21:17:21.978520+00:00,2026-08-20T20:40:12.466755+00:00,29,2026-08-20T20:40:12.466755+00:00
2026-08-21,removed,55425225,,,Villa,Brand new | 3 stories | 5 rooms + maids'room,128000.0,,,,BHD,sell,,,,,,,,,,,26.27199935913086,50.60900115966797,,,,AHMED ALI ,,NO,completed_primary,,,,https://www.propertyfinder.bh/en/plp/buy/villa-for-sale-muharraq-governorate-busaiteen-55425225.html,2026-07-21T21:17:21.978520+00:00,2026-08-20T20:40:12.466755+00:00,29,2026-08-20T20:40:12.466755+00:00
2026-08-21,removed,55425229,,,Apartment,Infinity Tower A Top floors Balcony Sea View,130000.0,,,,BHD,sell,,,,,,,,,,,26.211111068725586,50.601112365722656,,,,Maher Alimadi,,YES,completed,,,,https://www.propertyfinder.bh/en/plp/buy/apartment-for-sale-capital-governorate-al-juffair-55425229.html,2026-07-21T21:17:21.978520+00:00,2026-08-20T20:40:12.466755+00:00,29,2026-08-20T20:40:12.466755+00:00
2026-08-21,removed,55425241,,,Villa,Brand new | 3 stories | 5 rooms + maids'room,950.0,,,,BHD,monthly,,,,,,,,,,,26.27199935913086,50.60900115966797,,,,AHMED ALI ,,YES,,,,,https://www.propertyfinder.bh/en/plp/rent/villa-for-rent-muharraq-governorate-busaiteen-55425241.html,2026-07-21T21:17:21.978520+00:00,2026-08-20T20:40:12.466755+00:00,29,2026-08-20T20:40:12.466755+00:00
2026-08-21,removed,55425244,,,Villa,Brand new | 3 stories | 5 rooms + maids'room,128000.0,,,,BHD,sell,,,,,,,,,,,26.27199935913086,50.60900115966797,,,,AHMED ALI ,,NO,completed_primary,,,,https://www.propertyfinder.bh/en/plp/buy/villa-for-sale-muharraq-governorate-busaiteen-55425244.html,2026-07-21T21:17:21.978520+00:00,2026-08-20T20:40:12.466755+00:00,29,2026-08-20T20:40:12.466755+00:00
2026-08-21,removed,55425245,,,Apartment,Family tower | good opportunity to stay or invest,57000.0,,,,BHD,sell,,,,,,,,,,,26.211111068725586,50.601112365722656,,,,AHMED ALI ,,YES,completed,,,,https://www.propertyfinder.bh/en/plp/buy/apartment-for-sale-capital-governorate-al-juffair-55425245.html,2026-07-21T21:17:21.978520+00:00,2026-08-20T20:40:12.466755+00:00,29,2026-08-20T20:40:12.466755+00:00
2026-08-21,removed,55425246,,,Apartment,Extremely Large Bright Modern Prime Location,67000.0,,,,BHD,sell,,,,,,,,,,,26.211111068725586,50.601112365722656,,,,Maher Alimadi,,YES,completed,,,,https://www.propertyfinder.bh/en/plp/buy/apartment-for-sale-capital-governorate-al-juffair-55425246.html,2026-07-21T21:17:21.978520+00:00,2026-08-20T20:40:12.466755+00:00,29,2026-08-20T20:40:12.466755+00:00
2026-08-21,removed,55425252,,,Apartment,Cozy&Modern flat for rent/ Janabiyah/Ready to Move,350.0,,,,BHD,monthly,,,,,,,,,,,26.185943603515625,50.46711349487305,,,,Dafina Muca,,YES,,,,,https://www.propertyfinder.bh/en/plp/rent/apartment-for-rent-northern-governorate-janabiya-55425252.html,2026-07-21T21:17:21.978520+00:00,2026-08-20T20:40:12.466755+00:00,29,2026-08-20T20:40:12.466755+00:00
2026-08-21,removed,55425253,,,Apartment,Fontana Infinity A Top Floor Full Sea View,69000.0,,,,BHD,sell,,,,,,,,,,,26.211111068725586,50.601112365722656,,,,Maher Alimadi,,YES,completed,,,,https://www.propertyfinder.bh/en/plp/buy/apartment-for-sale-capital-governorate-al-juffair-55425253.html,2026-07-21T21:17:21.978520+00:00,2026-08-20T20:40:12.466755+00:00,29,2026-08-20T20:40:12.466755+00:00
2026-08-21,removed,55425296,,,Apartment,near Saar mall | ground floor | closed kitchen,350.0,,,,BHD,monthly,,,,,,,,,,,26.19164276123047,50.48757553100586,,,,AHMED ALI ,,PARTLY,,,,,https://www.propertyfinder.bh/en/plp/rent/apartment-for-rent-northern-governorate-saar-55425296.html,2026-07-21T21:17:21.978520+00:00,2026-08-20T20:40:12.466755+00:00,29,2026-08-20T20:40:12.466755+00:00
2026-08-21,removed,55425299,,,Apartment,inclusive | fully furnished | near saar mall,230.0,,,,BHD,monthly,,,,,,,,,,,26.19164276123047,50.48757553100586,,,,AHMED ALI ,,YES,,,,,https://www.propertyfinder.bh/en/plp/rent/apartment-for-rent-northern-governorate-saar-55425299.html,2026-07-21T21:17:21.978520+00:00,2026-08-20T20:40:12.466755+00:00,29,2026-08-20T20:40:12.466755+00:00
2026-08-21,removed,55425304,,,Apartment,Maid Room | Balcony | near the highway,330.0,,,,BHD,monthly,,,,,,,,,,,26.21263313293457,50.67418670654297,,,,AHMED ALI ,,YES,,,,,https://www.propertyfinder.bh/en/plp/rent/apartment-for-rent-muharraq-governorate-hidd-55425304.html,2026-07-21T21:17:21.978520+00:00,2026-08-20T20:40:12.466755+00:00,29,2026-08-20T20:40:12.466755+00:00
2026-08-21,removed,55425310,,,Villa,2 stories | spacious | near the sea | modern,165000.0,,,,BHD,sell,,,,,,,,,,,26.25,50.650001525878906,,,,AHMED ALI ,,PARTLY,completed,,,,https://www.propertyfinder.bh/en/plp/buy/villa-for-sale-muharraq-governorate-arad-55425310.html,2026-07-21T21:17:21.978520+00:00,2026-08-20T20:40:12.466755+00:00,29,2026-08-20T20:40:12.466755+00:00
2026-08-21,removed,55425332,,,Apartment,Spacious | Prime Location | Excellent ROI,81000.0,,,,BHD,sell,,,,,,,,Sanabis,,,26.226558685302734,50.5459098815918,,,,Abubakar Abdulghafar,,YES,completed,,,,https://www.propertyfinder.bh/en/plp/buy/apartment-for-sale-capital-governorate-manama-sanabis-55425332.html,2026-07-21T21:17:21.978520+00:00,2026-08-20T20:40:12.466755+00:00,29,2026-08-20T20:40:12.466755+00:00
2026-08-21,removed,55425350,,,Apartment,Brand new | Balcony | inclusive,300.0,,,,BHD,monthly,,,,,,,,,,,26.185943603515625,50.46711349487305,,,,AHMED ALI ,,YES,,,,,https://www.propertyfinder.bh/en/plp/rent/apartment-for-rent-northern-governorate-janabiya-55425350.html,2026-07-21T21:17:21.978520+00:00,2026-08-20T20:40:12.466755+00:00,29,2026-08-20T20:40:12.466755+00:00
2026-08-21,removed,55425367,,,Apartment,Brand new | Balcony  | inclusive | near delmoniya,230.0,,,,BHD,monthly,,,,,,,,,,,26.21263313293457,50.67418670654297,,,,AHMED ALI ,,YES,,,,,https://www.propertyfinder.bh/en/plp/rent/apartment-for-rent-muharraq-governorate-hidd-55425367.html,2026-07-21T21:17:21.978520+00:00,2026-08-20T20:40:12.466755+00:00,29,2026-08-20T20:40:12.466755+00:00
2026-08-21,removed,55425372,,,Whole Building,9-Floor Whole Building with 71 Parking Slots,6500000.0,,,,BHD,sell,,,,,,,,,,,26.239999771118164,50.5369987487793,,,,Hasan Aljeshi,,PARTLY,completed,,,,https://www.propertyfinder.bh/en/plp/commercial-buy/whole-building-for-sale-capital-governorate-seef-55425372.html,2026-07-21T21:17:21.978520+00:00,2026-08-20T20:40:12.466755+00:00,29,2026-08-20T20:40:12.466755+00:00
2026-08-21,removed,55425374,,,Land,890 Sqft Land Plot for Mixed-Use Development,190000.0,,,,BHD,sell,,,,,,,,,,,26.08335304260254,50.48234558105469,,,,Hasan Aljeshi,,,,,,,https://www.propertyfinder.bh/en/plp/buy/land-for-sale-northern-governorate-sadad-55425374.html,2026-07-21T21:17:21.978520+00:00,2026-08-20T20:40:12.466755+00:00,29,2026-08-20T20:40:12.466755+00:00
2026-08-21,removed,55425386,,,Apartment,Brand  New 2 Bedroom Ready to move in/Janabiya,375.0,,,,BHD,monthly,,,,,,,,,,,26.185943603515625,50.46711349487305,,,,Dafina Muca,,YES,,,,,https://www.propertyfinder.bh/en/plp/rent/apartment-for-rent-northern-governorate-janabiya-55425386.html,2026-07-21T21:17:21.978520+00:00,2026-08-20T20:40:12.466755+00:00,29,2026-08-20T20:40:12.466755+00:00
2026-08-21,removed,55425417,,,Apartment,Brand New building/Ready to move in/Furnished,330.0,,,,BHD,monthly,,,,,,,,,,,26.185943603515625,50.46711349487305,,,,Dafina Muca,,YES,,,,,https://www.propertyfinder.bh/en/plp/rent/apartment-for-rent-northern-governorate-janabiya-55425417.html,2026-07-21T21:17:21.978520+00:00,2026-08-20T20:40:12.466755+00:00,29,2026-08-20T20:40:12.466755+00:00
2026-08-21,removed,55425441,,,Villa,Modernly Fully Furnished I Private Pool and Garden,1550.0,,,,BHD,monthly,,,,,,,,,,,26.185943603515625,50.46711349487305,,,,Antony Shaiju,,PARTLY,,,,,https://www.propertyfinder.bh/en/plp/rent/villa-for-rent-northern-governorate-janabiya-55425441.html,2026-07-21T21:17:21.978520+00:00,2026-08-20T20:40:12.466755+00:00,29,2026-08-20T20:40:12.466755+00:00
2026-08-21,removed,55425446,,,Apartment,hotel-style living l housekeeping l prestigious,825.0,,,,BHD,monthly,,,,,,,,,,,26.211111068725586,50.601112365722656,,,,Rawan Abdulwadood,,YES,,,,,https://www.propertyfinder.bh/en/plp/rent/apartment-for-rent-capital-governorate-al-juffair-55425446.html,2026-07-21T21:17:21.978520+00:00,2026-08-20T20:40:12.466755+00:00,29,2026-08-20T20:40:12.466755+00:00
2026-08-21,removed,55425457,,,Apartment,Rent a Semi Furnished flat in Janabiya/2 Bedroom,300.0,,,,BHD,monthly,,,,,,,,,,,26.185943603515625,50.46711349487305,,,,Dafina Muca,,YES,,,,,https://www.propertyfinder.bh/en/plp/rent/apartment-for-rent-northern-governorate-janabiya-55425457.html,2026-07-21T21:17:21.978520+00:00,2026-08-20T20:40:12.466755+00:00,29,2026-08-20T20:40:12.466755+00:00
2026-08-21,removed,55425540,,,Apartment,Very Spacious I House Keeping I Family Building,450.0,,,,BHD,monthly,,,,,,,,,,,26.211111068725586,50.601112365722656,,,,Antony Shaiju,,YES,,,,,https://www.propertyfinder.bh/en/plp/rent/apartment-for-rent-capital-governorate-al-juffair-55425540.html,2026-07-21T21:17:21.978520+00:00,2026-08-20T20:40:12.466755+00:00,29,2026-08-20T20:40:12.466755+00:00
2026-08-21,removed,55425543,,,Apartment,Gas Cooking I Closed Kitchen  I Wifi I Pool I Gym,425.0,,,,BHD,monthly,,,,,,,,,,,26.211111068725586,50.601112365722656,,,,Antony Shaiju,,YES,,,,,https://www.propertyfinder.bh/en/plp/rent/apartment-for-rent-capital-governorate-al-juffair-55425543.html,2026-07-21T21:17:21.978520+00:00,2026-08-20T20:40:12.466755+00:00,29,2026-08-20T20:40:12.466755+00:00
2026-08-21,removed,55425616,,,Apartment,MODERN | SEA VIEW | BRIGHT LIGHT | GREAT AMENITIES,800.0,,,,BHD,monthly,,,,,,,,,,,26.211111068725586,50.601112365722656,,,,Daniel Nwajiaku,,YES,,,,,https://www.propertyfinder.bh/en/plp/rent/apartment-for-rent-capital-governorate-al-juffair-55425616.html,2026-07-21T21:17:21.978520+00:00,2026-08-20T20:40:12.466755+00:00,29,2026-08-20T20:40:12.466755+00:00
2026-08-21,removed,55425648,,,Apartment,FULL CITY VIEW | BALCONY | MODERN | AMENITIES,250.0,,,,BHD,monthly,,,,,,,,,,,26.211111068725586,50.601112365722656,,,,Daniel Nwajiaku,,YES,,,,,https://www.propertyfinder.bh/en/plp/rent/apartment-for-rent-capital-governorate-al-juffair-55425648.html,2026-07-21T21:17:21.978520+00:00,2026-08-20T20:40:12.466755+00:00,29,2026-08-20T20:40:12.466755+00:00
2026-08-21,removed,55425657,,,Apartment,Invest Where Stabilized Income Generating 1BR,69000.0,,,,BHD,sell,,,,,,,,,,,26.211111068725586,50.601112365722656,,,,Arun Kumar Mammaniya,,YES,completed,,,,https://www.propertyfinder.bh/en/plp/buy/apartment-for-sale-capital-governorate-al-juffair-55425657.html,2026-07-21T21:17:21.978520+00:00,2026-08-20T20:40:12.466755+00:00,29,2026-08-20T20:40:12.466755+00:00
2026-08-21,removed,55425725,,,Apartment,Modern I Family Building I Amazing Facilities,500.0,,,,BHD,monthly,,,,,,,,,,,26.211111068725586,50.601112365722656,,,,Antony Shaiju,,YES,,,,,https://www.propertyfinder.bh/en/plp/rent/apartment-for-rent-capital-governorate-al-juffair-55425725.html,2026-07-21T21:17:21.978520+00:00,2026-08-20T20:40:12.466755+00:00,29,2026-08-20T20:40:12.466755+00:00
2026-08-21,removed,55425726,,,Apartment,Very Bright  |Modernly Furnished I Big Balcony,350.0,,,,BHD,monthly,,,,,,,,,,,26.211111068725586,50.601112365722656,,,,Antony Shaiju,,YES,,,,,https://www.propertyfinder.bh/en/plp/rent/apartment-for-rent-capital-governorate-al-juffair-55425726.html,2026-07-21T21:17:21.978520+00:00,2026-08-20T20:40:12.466755+00:00,29,2026-08-20T20:40:12.466755+00:00
2026-08-21,removed,55425738,,,Apartment,New Modern Hosue Keeping Balcony Great Facilites,375.0,,,,BHD,monthly,,,,,,,,,,,26.211111068725586,50.601112365722656,,,,Antony Shaiju,,YES,,,,,https://www.propertyfinder.bh/en/plp/rent/apartment-for-rent-capital-governorate-al-juffair-55425738.html,2026-07-21T21:17:21.978520+00:00,2026-08-20T20:40:12.466755+00:00,29,2026-08-20T20:40:12.466755+00:00
2026-08-21,removed,55425755,,,Duplex,Elegant 1Bedroom Duplex | Higher Floor | City View,400.0,,,,BHD,monthly,,,,,,,,,,,26.239999771118164,50.5369987487793,,,,Anna Berdysheva,,YES,,,,,https://www.propertyfinder.bh/en/plp/rent/duplex-for-rent-capital-governorate-seef-55425755.html,2026-07-21T21:17:21.978520+00:00,2026-08-20T20:40:12.466755+00:00,29,2026-08-20T20:40:12.466755+00:00
2026-08-21,removed,55425849,,,Penthouse,Spacious 3BR Penthouse Private Pool & Housekeeping,1600.0,,,,BHD,monthly,,,,,,,,,,,26.211111068725586,50.601112365722656,,,,Soha Younes,,YES,,,,,https://www.propertyfinder.bh/en/plp/rent/penthouse-for-rent-capital-governorate-al-juffair-55425849.html,2026-07-21T21:17:21.978520+00:00,2026-08-20T20:40:12.466755+00:00,29,2026-08-20T20:40:12.466755+00:00
2026-08-21,removed,55425863,,,Office Space,Modern Office | Stunning Skyline View | Free EWA,225.0,,,,BHD,monthly,,,,,,,,,,,26.239999771118164,50.5369987487793,,,,Abdelrahman Hassan,,YES,,,,,https://www.propertyfinder.bh/en/plp/commercial-rent/office-space-for-rent-capital-governorate-seef-55425863.html,2026-07-21T21:17:21.978520+00:00,2026-08-20T20:40:12.466755+00:00,29,2026-08-20T20:40:12.466755+00:00
2026-08-21,removed,55425867,,,Apartment,HARBOR WATER VIEW | FAMILY FRIENDLY BLDG | 3 BHK,525.0,,,,BHD,monthly,,,,,,,,Abraj Al Lulu,,,26.230030059814453,50.55890655517578,,,,Anza Khurram,,YES,,,,,https://www.propertyfinder.bh/en/plp/rent/apartment-for-rent-capital-governorate-manama-abraj-al-lulu-55425867.html,2026-07-21T21:17:21.978520+00:00,2026-08-20T20:40:12.466755+00:00,29,2026-08-20T20:40:12.466755+00:00
2026-08-21,removed,55425869,,,Apartment,MODERN & COZY SEA VIEW 2BHK| BALCONY| POOL & GYM,450.0,,,,BHD,monthly,,,,,,,,Amwaj Avenue,,,26.29302978515625,50.66474151611328,,,,Osama Butt,,YES,,,,,https://www.propertyfinder.bh/en/plp/rent/apartment-for-rent-muharraq-governorate-amwaj-islands-amwaj-avenue-55425869.html,2026-07-21T21:17:21.978520+00:00,2026-08-20T20:40:12.466755+00:00,29,2026-08-20T20:40:12.466755+00:00
2026-08-21,removed,55425878,,,Apartment,IDEAL LOCATION | NICELY FURNISHED | GOOD AMENITIES,420.0,,,,BHD,monthly,,,,,,,,Abraj Al Lulu,,,26.230030059814453,50.55890655517578,,,,Anza Khurram,,YES,,,,,https://www.propertyfinder.bh/en/plp/rent/apartment-for-rent-capital-governorate-manama-abraj-al-lulu-55425878.html,2026-07-21T21:17:21.978520+00:00,2026-08-20T20:40:12.466755+00:00,29,2026-08-20T20:40:12.466755+00:00
2026-08-21,removed,55426069,,,Staff Accommodation,STAFF ACCOMODATION | STAND ALONE | IDEAL LOCATION,1100.0,,,,BHD,monthly,,,,,,,,,,,26.2102108001709,50.56403350830078,,,,Anza Khurram,,PARTLY,,,,,https://www.propertyfinder.bh/en/plp/commercial-rent/staff-accommodation-for-rent-capital-governorate-manama-zinj-55426069.html,2026-07-21T21:17:21.978520+00:00,2026-08-20T20:40:12.466755+00:00,29,2026-08-20T20:40:12.466755+00:00
2026-08-21,removed,55454058,,,Apartment,Fontana|High Floor|Luxurious|Maid Room|2BR|Juffair,650.0,,,,BHD,monthly,,,,,,,,,,,26.211111068725586,50.601112365722656,,,,Hazeeth,,YES,,,,,https://www.propertyfinder.bh/en/plp/rent/apartment-for-rent-capital-governorate-al-juffair-55454058.html,2026-07-22T21:16:12.940221+00:00,2026-08-20T20:40:12.466755+00:00,28,2026-08-20T20:40:12.466755+00:00
2026-08-21,removed,55483055,,,Apartment,GREAT PRICE | HOUSEKEEPING | PET FRIENDLY | WIFI,399.0,,,,BHD,monthly,,,,,,,,Amwaj Avenue,,,26.29302978515625,50.66474151611328,,,,Fadi Eweida,,YES,,,,,https://www.propertyfinder.bh/en/plp/rent/apartment-for-rent-muharraq-governorate-amwaj-islands-amwaj-avenue-55483055.html,2026-07-23T21:12:20.858482+00:00,2026-08-20T20:40:12.466755+00:00,27,2026-08-20T20:40:12.466755+00:00
2026-08-21,removed,55483061,,,Apartment,MODERN  LUXURY 5 STAR HOTEL APARTMENT | WIFI,550.0,,,,BHD,monthly,,,,,,,,The Lagoon,,,26.287778854370117,50.66339111328125,,,,Fadi Eweida,,YES,,,,,https://www.propertyfinder.bh/en/plp/rent/apartment-for-rent-muharraq-governorate-amwaj-islands-the-lagoon-55483061.html,2026-07-23T21:12:20.858482+00:00,2026-08-20T20:40:12.466755+00:00,27,2026-08-20T20:40:12.466755+00:00
2026-08-21,removed,55483072,,,Apartment,SPACIOUS MODERN HOME BALCONY| WIFI | GYM | POOL,399.0,,,,BHD,monthly,,,,,,,,Amwaj Marina,,,26.293058395385742,50.65943908691406,,,,Fadi Eweida,,YES,,,,,https://www.propertyfinder.bh/en/plp/rent/apartment-for-rent-muharraq-governorate-amwaj-islands-amwaj-marina-55483072.html,2026-07-23T21:12:20.858482+00:00,2026-08-20T20:40:12.466755+00:00,27,2026-08-20T20:40:12.466755+00:00
2026-08-21,removed,55483548,,,Apartment,MODERN | 0% INTEREST | PET-FRIENDLY | POOL + GYM,129000.0,,,,BHD,sell,,,,,,,,Breeze of Dilmunia,,,26.26974105834961,50.6783332824707,,,,Fadi Eweida,,YES,completed,,,,https://www.propertyfinder.bh/en/plp/buy/apartment-for-sale-muharraq-governorate-dilmunia-island-breeze-of-dilmunia-55483548.html,2026-07-23T21:12:20.858482+00:00,2026-08-20T20:40:12.466755+00:00,27,2026-08-20T20:40:12.466755+00:00
2026-08-21,removed,55483562,,,Villa,LUXURY VILLA + MAID ROOM | PRIVATE BEACH ACCESS,1500.0,,,,BHD,monthly,,,,,,,,Amwaj Beachfront,,,26.28470230102539,50.664039611816406,,,,Fadi Eweida,,YES,,,,,https://www.propertyfinder.bh/en/plp/rent/villa-for-rent-muharraq-governorate-amwaj-islands-amwaj-beachfront-55483562.html,2026-07-23T21:12:20.858482+00:00,2026-08-20T20:40:12.466755+00:00,27,2026-08-20T20:40:12.466755+00:00
2026-08-21,removed,55483566,,,Penthouse,HUGE | SEA VIEW | DIRECT BEACH ACCESS | POOL | GYM,186000.0,,,,BHD,sell,,,,,,,,Tala Island,,,26.300025939941406,50.66316223144531,,,,Fadi Eweida,,PARTLY,completed,,,,https://www.propertyfinder.bh/en/plp/buy/penthouse-for-sale-muharraq-governorate-amwaj-islands-tala-island-55483566.html,2026-07-23T21:12:20.858482+00:00,2026-08-20T20:40:12.466755+00:00,27,2026-08-20T20:40:12.466755+00:00
2026-08-21,removed,55483584,,,Villa,SEA VIEW | LUXURY MODERN DIRECT BEACH ACCESS VILLA,1100.0,,,,BHD,monthly,,,,,,,,Saraya al Bahar,,,26.2982234954834,50.65825271606445,,,,Fadi Eweida,,PARTLY,,,,,https://www.propertyfinder.bh/en/plp/rent/villa-for-rent-muharraq-governorate-amwaj-islands-saraya-al-bahar-55483584.html,2026-07-23T21:12:20.858482+00:00,2026-08-20T20:40:12.466755+00:00,27,2026-08-20T20:40:12.466755+00:00
2026-08-21,removed,55512130,,,Apartment,New I Sea View | House Keeping I EWA 80/ Per Month,500.0,,,,BHD,monthly,,,,,,,,,,,26.211111068725586,50.601112365722656,,,,Antony Shaiju,,YES,,,,,https://www.propertyfinder.bh/en/plp/rent/apartment-for-rent-capital-governorate-al-juffair-55512130.html,2026-07-24T21:11:47.069485+00:00,2026-08-20T20:40:12.466755+00:00,26,2026-08-20T20:40:12.466755+00:00
2026-08-21,removed,55570202,,,Apartment,BEAUTIFULL| DELEX| STUDIO FLAT| UNLIMITED EWA| MY,170.0,,,,BHD,monthly,,,,,,,,Al Bahair,,,26.149368286132812,50.56598663330078,,,,Nayla Tabussam,,YES,,,,,https://www.propertyfinder.bh/en/plp/rent/apartment-for-rent-southern-governorate-riffa-al-bahair-55570202.html,2026-07-26T21:04:01.805629+00:00,2026-08-20T20:40:12.466755+00:00,24,2026-08-20T20:40:12.466755+00:00
2026-08-21,removed,55599958,,,Apartment,free internet | inclusive | gym,250.0,,,,BHD,monthly,,,,,,,,,,,26.185943603515625,50.46711349487305,,,,AHMED ALI ,,YES,,,,,https://www.propertyfinder.bh/en/plp/rent/apartment-for-rent-northern-governorate-janabiya-55599958.html,2026-07-27T21:16:55.514144+00:00,2026-08-20T20:40:12.466755+00:00,23,2026-08-20T20:40:12.466755+00:00
2026-08-21,removed,55628808,,,Apartment,Near Saar Mall | pool | semi furnished |,270.0,,,,BHD,monthly,,,,,,,,,,,26.19164276123047,50.48757553100586,,,,AHMED ALI ,,PARTLY,,,,,https://www.propertyfinder.bh/en/plp/rent/apartment-for-rent-northern-governorate-saar-55628808.html,2026-07-28T21:13:30.461515+00:00,2026-08-20T20:40:12.466755+00:00,22,2026-08-20T20:40:12.466755+00:00
2026-08-21,removed,55629890,,,Apartment,"OFFER: SEA VIEW 2,5 BEDROOM | BRAND NEW FURNITURE|",400.0,,,,BHD,monthly,,,,,,,,Amwaj Avenue,,,26.29302978515625,50.66474151611328,,,,Karine Nalbandyan ,,YES,,,,,https://www.propertyfinder.bh/en/plp/rent/apartment-for-rent-muharraq-governorate-amwaj-islands-amwaj-avenue-55629890.html,2026-07-28T21:13:30.461515+00:00,2026-08-20T20:40:12.466755+00:00,22,2026-08-20T20:40:12.466755+00:00
2026-08-21,removed,55630057,,,Apartment,RARE OPTION| FULL SEA VIEW| BEACH | 2 POOLS,450.0,,,,BHD,monthly,,,,,,,,,,,26.288480758666992,50.66381072998047,,,,Karine Nalbandyan ,,YES,,,,,https://www.propertyfinder.bh/en/plp/rent/apartment-for-rent-muharraq-governorate-amwaj-islands-55630057.html,2026-07-28T21:13:30.461515+00:00,2026-08-20T20:40:12.466755+00:00,22,2026-08-20T20:40:12.466755+00:00
2026-08-21,removed,55743982,,,Apartment,Amazing View | Balcony |Spaciuos I Closed Kitchen,420.0,,,,BHD,monthly,,,,,,,,,,,26.211111068725586,50.601112365722656,,,,Antony Shaiju,,YES,,,,,https://www.propertyfinder.bh/en/plp/rent/apartment-for-rent-capital-governorate-al-juffair-55743982.html,2026-08-01T21:00:56.482799+00:00,2026-08-20T20:40:12.466755+00:00,18,2026-08-20T20:40:12.466755+00:00
2026-08-21,removed,55744130,,,Apartment,Furnished 2 master BR | Balcony | Closed kitchen,350.0,,,,BHD,monthly,,,,,,,,,,,26.21263313293457,50.67418670654297,,,,AHMED ALI ,,YES,,,,,https://www.propertyfinder.bh/en/plp/rent/apartment-for-rent-muharraq-governorate-hidd-55744130.html,2026-08-01T21:00:56.482799+00:00,2026-08-20T20:40:12.466755+00:00,18,2026-08-20T20:40:12.466755+00:00
2026-08-21,removed,55803398,,,Villa,Modern | Prime Location | Garden | Quality,750.0,,,,BHD,monthly,,,,,,,,,,,26.19164276123047,50.48757553100586,,,,Mohamed Jamal,,YES,,,,,https://www.propertyfinder.bh/en/plp/rent/villa-for-rent-northern-governorate-saar-55803398.html,2026-08-03T21:12:00.704076+00:00,2026-08-20T20:40:12.466755+00:00,16,2026-08-20T20:40:12.466755+00:00
2026-08-21,removed,55803502,,,Apartment,Shakhura Apartment rent Near bhrainIndian school,270.0,,,,BHD,monthly,,,,,,,,,,,26.19164276123047,50.48757553100586,,,,Mohamed Ali,,PARTLY,,,,,https://www.propertyfinder.bh/en/plp/rent/apartment-for-rent-northern-governorate-saar-55803502.html,2026-08-03T21:12:00.704076+00:00,2026-08-20T20:40:12.466755+00:00,16,2026-08-20T20:40:12.466755+00:00
2026-08-21,removed,55831858,,,Apartment,SEA VIEW | LUXURY | SPACIOUS ROOM | BALCONY,82000.0,,,,BHD,sell,,,,,,,,,,,26.211111068725586,50.601112365722656,,,,Daniel Nwajiaku,,YES,completed,,,,https://www.propertyfinder.bh/en/plp/buy/apartment-for-sale-capital-governorate-al-juffair-55831858.html,2026-08-04T21:18:19.994716+00:00,2026-08-20T20:40:12.466755+00:00,15,2026-08-20T20:40:12.466755+00:00
2026-08-21,removed,55833027,,,Villa,PRIVATE POOL AND GARDEN II З BEDROOM II WITH EWA,600.0,,,,BHD,monthly,,,,,,,,,,,26.19164276123047,50.48757553100586,,,,Mohamed Ali,,PARTLY,,,,,https://www.propertyfinder.bh/en/plp/rent/villa-for-rent-northern-governorate-saar-55833027.html,2026-08-04T21:18:19.994716+00:00,2026-08-20T20:40:12.466755+00:00,15,2026-08-20T20:40:12.466755+00:00
2026-08-21,removed,55863247,,,Apartment,unlimited ewa | almost furnished | near highway,240.0,,,,BHD,monthly,,,,,,,,,,,26.21263313293457,50.67418670654297,,,,AHMED ALI ,,YES,,,,,https://www.propertyfinder.bh/en/plp/rent/apartment-for-rent-muharraq-governorate-hidd-55863247.html,2026-08-05T21:21:28.553228+00:00,2026-08-20T20:40:12.466755+00:00,14,2026-08-20T20:40:12.466755+00:00
2026-08-21,removed,55950015,,,Apartment,BEAUTIFUL CANAL + POOL VIEW | POOL | GYM+GAME ROOM,350.0,,,,BHD,monthly,,,,,,,,The Treasure,,,26.27286720275879,50.672889709472656,,,,Fadi Eweida,,YES,,,,,https://www.propertyfinder.bh/en/plp/rent/apartment-for-rent-muharraq-governorate-dilmunia-island-the-treasure-55950015.html,2026-08-08T20:37:26.992750+00:00,2026-08-20T20:40:12.466755+00:00,12,2026-08-20T20:40:12.466755+00:00
2026-08-21,removed,56008433,,,Apartment,Sea View I Modernly Furnished I Premium Facilities,280.0,,,,BHD,monthly,,,,,,,,,,,26.211111068725586,50.601112365722656,,,,Antony Shaiju,,YES,,,,,https://www.propertyfinder.bh/en/plp/rent/apartment-for-rent-capital-governorate-al-juffair-56008433.html,2026-08-10T20:51:18.479280+00:00,2026-08-20T20:40:12.466755+00:00,9,2026-08-20T20:40:12.466755+00:00
2026-08-21,removed,56125623,,,Apartment,MODERN┃PETS ┃BALCONY┃5*AMENITIES┃BRIGHT┃HOT CAKE,299.0,,,,BHD,monthly,,,,,,,,,,,26.211111068725586,50.601112365722656,,,,Sahebaz Makki,,YES,,,,,https://www.propertyfinder.bh/en/plp/rent/apartment-for-rent-capital-governorate-al-juffair-56125623.html,2026-08-14T20:37:52.052197+00:00,2026-08-20T20:40:12.466755+00:00,6,2026-08-20T20:40:12.466755+00:00
2026-08-21,removed,56125625,,,Apartment,BEST HOT DEAL FROM 260┃SEA┃BRIGHT┃PREMIUM FACILITY,275.0,,,,BHD,monthly,,,,,,,,,,,26.211111068725586,50.601112365722656,,,,Sahebaz Makki,,YES,,,,,https://www.propertyfinder.bh/en/plp/rent/apartment-for-rent-capital-governorate-al-juffair-56125625.html,2026-08-14T20:37:52.052197+00:00,2026-08-20T20:40:12.466755+00:00,6,2026-08-20T20:40:12.466755+00:00
2026-08-21,removed,56125634,,,Apartment,MAIDS ROOM ┃ BALCONY ┃ CLOSE KITCHEN ┃HS KEEPING,350.0,,,,BHD,monthly,,,,,,,,,,,26.211111068725586,50.601112365722656,,,,Sahebaz Makki,,YES,,,,,https://www.propertyfinder.bh/en/plp/rent/apartment-for-rent-capital-governorate-al-juffair-56125634.html,2026-08-14T20:37:52.052197+00:00,2026-08-20T20:40:12.466755+00:00,6,2026-08-20T20:40:12.466755+00:00
2026-08-21,removed,56125651,,,Apartment,NOW 430┃ MODERN┃MAID ROOM┃SPACIOUS┃BALCONY┃SEA,430.0,,,,BHD,monthly,,,,,,,,,,,26.211111068725586,50.601112365722656,,,,Sahebaz Makki,,YES,,,,,https://www.propertyfinder.bh/en/plp/rent/apartment-for-rent-capital-governorate-al-juffair-56125651.html,2026-08-14T20:37:52.052197+00:00,2026-08-20T20:40:12.466755+00:00,6,2026-08-20T20:40:12.466755+00:00
2026-08-21,removed,56125652,,,Apartment,MODERN┃CLOSE KITCHEN┃BALCONY┃UNLIMITED EWA┃HSKEPG,500.0,,,,BHD,monthly,,,,,,,,,,,26.211111068725586,50.601112365722656,,,,Sahebaz Makki,,YES,,,,,https://www.propertyfinder.bh/en/plp/rent/apartment-for-rent-capital-governorate-al-juffair-56125652.html,2026-08-14T20:37:52.052197+00:00,2026-08-20T20:40:12.466755+00:00,6,2026-08-20T20:40:12.466755+00:00
2026-08-21,removed,56125656,,,Apartment,MODERN┃HOT DEAL┃2 BALCONYS┃CPR ┃PET┃ BRIGHTS,320.0,,,,BHD,monthly,,,,,,,,,,,26.214487075805664,50.584754943847656,,,,Sahebaz Makki,,YES,,,,,https://www.propertyfinder.bh/en/plp/rent/apartment-for-rent-capital-governorate-manama-adliya-56125656.html,2026-08-14T20:37:52.052197+00:00,2026-08-20T20:40:12.466755+00:00,6,2026-08-20T20:40:12.466755+00:00
2026-08-21,removed,56300395,,,Apartment,MODERN┃NEW┃BALCONY┃SPACIOUS┃SAFE ALL BILL┃POOL┃GYM,299.0,,,,BHD,monthly,,,,,,,,,,,26.211111068725586,50.601112365722656,,,,Sahebaz Makki,,YES,,,,,https://www.propertyfinder.bh/en/plp/rent/apartment-for-rent-capital-governorate-al-juffair-56300395.html,2026-08-20T20:40:12.466755+00:00,2026-08-20T20:40:12.466755+00:00,0,2026-08-20T20:40:12.466755+00:00
2026-08-21,removed,56301333,,,Apartment,SEA VIEW | 2 BEDROOMS | BALCONY | JUFFAIR,420.0,,,,BHD,monthly,,,,,,,,,,,26.211111068725586,50.601112365722656,,,,JUNAID MUNAWAR,,YES,,,,,https://www.propertyfinder.bh/en/plp/rent/apartment-for-rent-capital-governorate-al-juffair-56301333.html,2026-08-20T20:40:12.466755+00:00,2026-08-20T20:40:12.466755+00:00,0,2026-08-20T20:40:12.466755+00:00
2026-08-21,removed,903172,,,Villa,Family Compound: Excellent Communal Facilities,1530.0,,,,BHD,monthly,,,,,,,,,,,26.140336990356445,50.478271484375,,,,Vikki Ann Lord,,PARTLY,,,,,https://www.propertyfinder.bh/en/plp/rent/villa-for-rent-northern-governorate-hamala-903172.html,2026-05-31T13:58:31.068517+00:00,2026-08-20T20:40:12.466755+00:00,81,2026-08-20T20:40:12.466755+00:00
2026-08-21,removed,903192,,,Apartment,Uniquely Designed Apartments on Reef Island,900.0,,,,BHD,monthly,,,,,,,,,,,26.241750717163086,50.5663948059082,,,,Vikki Ann Lord,,YES,,,,,https://www.propertyfinder.bh/en/plp/rent/apartment-for-rent-capital-governorate-reef-island-903192.html,2026-07-21T21:17:21.978520+00:00,2026-08-20T20:40:12.466755+00:00,29,2026-08-20T20:40:12.466755+00:00
2026-08-21,removed,914597,,,Apartment,"Luxurious apartment for rent in Saar ,Brand New",550.0,,,,BHD,monthly,,,,,,,,,,,26.19164276123047,50.48757553100586,,,,Dafina Muca,,YES,,,,,https://www.propertyfinder.bh/en/plp/rent/apartment-for-rent-northern-governorate-saar-914597.html,2026-05-31T13:58:31.068517+00:00,2026-08-20T20:40:12.466755+00:00,81,2026-08-20T20:40:12.466755+00:00
2026-08-21,removed,916269,,,Apartment,Stunning Studio for rent in Seef with nice View   ,300.0,,,,BHD,monthly,,,,,,,,,,,26.239999771118164,50.5369987487793,,,,Dafina Muca,,YES,,,,,https://www.propertyfinder.bh/en/plp/rent/apartment-for-rent-capital-governorate-seef-916269.html,2026-05-31T13:58:31.068517+00:00,2026-08-20T20:40:12.466755+00:00,81,2026-08-20T20:40:12.466755+00:00
2026-08-21,removed,916315,,,Land,land for sale in boughwa quietest location ,103575.0,,,,BHD,sell,,,,,,,,,,,26.202558517456055,50.519554138183594,,,,Salah Hashem,,,,,,,https://www.propertyfinder.bh/en/plp/buy/land-for-sale-northern-governorate-bu-quwah-916315.html,2026-05-31T13:58:31.068517+00:00,2026-08-20T20:40:12.466755+00:00,81,2026-08-20T20:40:12.466755+00:00
2026-08-21,removed,923610,,,Apartment,Furnished 2-bedroom flat for sale in Hidd,53000.0,,,,BHD,sell,,,,,,,,,,,26.21263313293457,50.67418670654297,,,,Dafina Muca,,PARTLY,completed,,,,https://www.propertyfinder.bh/en/plp/buy/apartment-for-sale-muharraq-governorate-hidd-923610.html,2026-05-31T13:58:31.068517+00:00,2026-08-20T20:40:12.466755+00:00,81,2026-08-20T20:40:12.466755+00:00
2026-08-21,removed,938124,,,Villa, Villa with Garden for Rent in Salman Town,650.0,,,,BHD,monthly,,,,,,,,,,,26.23795509338379,50.45539855957031,,,,Hassan Raed,,PARTLY,,,,,https://www.propertyfinder.bh/en/plp/rent/villa-for-rent-northern-governorate-northern-city-madinat-salman-938124.html,2026-05-31T13:58:31.068517+00:00,2026-08-20T20:40:12.466755+00:00,81,2026-08-20T20:40:12.466755+00:00
2026-08-21,removed,947173,,,Land,"Prime Location, Ideal Size, Investment Opportunity",165000.0,,,,BHD,sell,,,,,,,,,,,26.25,50.650001525878906,,,,Abdulla Murad,,,,,,,https://www.propertyfinder.bh/en/plp/buy/land-for-sale-muharraq-governorate-arad-947173.html,2026-05-31T13:58:31.068517+00:00,2026-08-20T20:40:12.466755+00:00,81,2026-08-20T20:40:12.466755+00:00
2026-08-21,removed,955061,,,Apartment,Brand new apartment for sale in Marassi *****,65000.0,,,,BHD,sell,,,,,,,,Diyar Al Muharraq,Marassi Boulevard,,26.303447723388672,50.6461296081543,,,,Dafina Muca,,NO,completed,,,,https://www.propertyfinder.bh/en/plp/buy/apartment-for-sale-muharraq-governorate-diyar-al-muharraq-marassi-boulevard-955061.html,2026-05-31T13:58:31.068517+00:00,2026-08-20T20:40:12.466755+00:00,81,2026-08-20T20:40:12.466755+00:00
2026-08-21,removed,964106,,,Land,Residential Land for Sale in Al Ramli Near Service,79000.0,,,,BHD,sell,,,,,,,,,,,26.1634578704834,50.515289306640625,,,,Qasim AlWatani ,,,,,,,https://www.propertyfinder.bh/en/plp/buy/land-for-sale-central-governorate-a-ali-964106.html,2026-05-31T13:58:31.068517+00:00,2026-08-20T20:40:12.466755+00:00,81,2026-08-20T20:40:12.466755+00:00
2026-08-21,removed,967167,,,Apartment,Spacious Apartments in Well-Maintained Building,390.0,,,,BHD,monthly,,,,,,,,,,,26.19164276123047,50.48757553100586,,,,Vikki Ann Lord,,PARTLY,,,,,https://www.propertyfinder.bh/en/plp/rent/apartment-for-rent-northern-governorate-saar-967167.html,2026-05-31T13:58:31.068517+00:00,2026-08-20T20:40:12.466755+00:00,81,2026-08-20T20:40:12.466755+00:00
2026-08-21,removed,981159,,,Villa,Elegant Single-Storey 4BR Villa Garden| Pool| Game,750.0,,,,BHD,monthly,,,,,,,,,,,26.185943603515625,50.46711349487305,,,,Javed Khan,,PARTLY,,,,,https://www.propertyfinder.bh/en/plp/rent/villa-for-rent-northern-governorate-janabiya-981159.html,2026-05-31T13:58:31.068517+00:00,2026-08-20T20:40:12.466755+00:00,81,2026-08-20T20:40:12.466755+00:00
2026-08-21,removed,982747,,,Apartment,Beautiful flat for rent in Janabiya/Ready to move ,350.0,,,,BHD,monthly,,,,,,,,,,,26.185943603515625,50.46711349487305,,,,Dafina Muca,,YES,,,,,https://www.propertyfinder.bh/en/plp/rent/apartment-for-rent-northern-governorate-janabiya-982747.html,2026-05-31T13:58:31.068517+00:00,2026-08-20T20:40:12.466755+00:00,81,2026-08-20T20:40:12.466755+00:00
2026-08-21,removed,982919,,,Apartment,Luxury Stylish Modern 1BR Ful Furnished Inclusive ,350.0,,,,BHD,monthly,,,,,,,,,,,26.239999771118164,50.5369987487793,,,,Javed Khan,,YES,,,,,https://www.propertyfinder.bh/en/plp/rent/apartment-for-rent-capital-governorate-seef-982919.html,2026-05-31T13:58:31.068517+00:00,2026-08-20T20:40:12.466755+00:00,81,2026-08-20T20:40:12.466755+00:00
2026-08-21,removed,989481,,,Villa,Fully Furnished Townhouse with Modern Amenities,1000.0,,,,BHD,monthly,,,,,,,,,,,26.19164276123047,50.48757553100586,,,,Vikki Ann Lord,,YES,,,,,https://www.propertyfinder.bh/en/plp/rent/villa-for-rent-northern-governorate-saar-989481.html,2026-07-21T21:17:21.978520+00:00,2026-08-20T20:40:12.466755+00:00,29,2026-08-20T20:40:12.466755+00:00
2026-08-21,removed,993647,,,Apartment,Modern 3 BR Fully Furnished Spacious | Pool |Gym,90000.0,,,,BHD,sell,,,,,,,,Amwaj Avenue,,,26.29302978515625,50.66474151611328,,,,Javed Khan,,YES,completed,,,,https://www.propertyfinder.bh/en/plp/buy/apartment-for-sale-muharraq-governorate-amwaj-islands-amwaj-avenue-993647.html,2026-05-31T13:58:31.068517+00:00,2026-08-20T20:40:12.466755+00:00,81,2026-08-20T20:40:12.466755+00:00
2026-08-21,price_changed,51958661,,,Duplex,Beautiful 3BHK Duplex/ Unlimited EWA/ Prime Locati,500.0,350.0,-150.0,-30.0,BHD,monthly,,,,,,,,,,,26.188888549804688,50.54999923706055,,,,A. Mhaout,,PARTLY,,,,,https://www.propertyfinder.bh/en/plp/rent/duplex-for-rent-central-governorate-tubli-51958661.html,2026-05-31T13:58:31.068517+00:00,2026-08-21T20:32:39.293113+00:00,82,2026-08-21T20:32:39.293113+00:00
2026-08-21,price_changed,52142532,,,Villa,Spacious 4 BHK Villa/ SF/ Prime Location,550.0,450.0,-100.0,-18.18,BHD,monthly,,,,,,,,,,,26.2102108001709,50.56403350830078,,,,A. Mhaout,,PARTLY,,,,,https://www.propertyfinder.bh/en/plp/rent/villa-for-rent-capital-governorate-manama-zinj-52142532.html,2026-05-31T13:58:31.068517+00:00,2026-08-21T20:32:39.293113+00:00,82,2026-08-21T20:32:39.293113+00:00
2026-08-21,price_changed,53189387,,,Apartment,Ready Q1 2027 prime Area! ROI 8% partial seaview,52500.0,60000.0,7500.0,14.29,BHD,sell,,,,,,,,,,,26.239999771118164,50.5369987487793,,,,Abdulla Hasan,,PARTLY,off_plan,,,,https://www.propertyfinder.bh/en/plp/buy/apartment-for-sale-capital-governorate-seef-53189387.html,2026-05-31T13:58:31.068517+00:00,2026-08-21T20:32:39.293113+00:00,82,2026-08-21T20:32:39.293113+00:00
2026-08-21,price_changed,53489932,,,Villa,Semi-furnished / Navy  Approved / Prime Location,950.0,900.0,-50.0,-5.26,BHD,monthly,,,,,,,,,,,26.19164276123047,50.48757553100586,,,,A. Mhaout,,PARTLY,,,,,https://www.propertyfinder.bh/en/plp/rent/villa-for-rent-northern-governorate-saar-53489932.html,2026-05-31T13:58:31.068517+00:00,2026-08-21T20:32:39.293113+00:00,82,2026-08-21T20:32:39.293113+00:00
2026-08-21,price_changed,53523361,,,Apartment,Furnished 2 BHK/ Premium Facilities / High Floor,330.0,320.0,-10.0,-3.03,BHD,monthly,,,,,,,,,,,26.211111068725586,50.601112365722656,,,,A. Mhaout,,YES,,,,,https://www.propertyfinder.bh/en/plp/rent/apartment-for-rent-capital-governorate-al-juffair-53523361.html,2026-07-25T21:00:21.405436+00:00,2026-08-21T20:32:39.293113+00:00,26,2026-08-21T20:32:39.293113+00:00
2026-08-21,price_changed,54041100,,,Apartment,RENTED STUDIO FOR SALE|OPPORTUNITY FOR INVESTMENT,30000.0,33000.0,3000.0,10.0,BHD,sell,,,,,,,,Sanabis,,,26.226558685302734,50.5459098815918,,,,H2H,,YES,completed,,,,https://www.propertyfinder.bh/en/plp/buy/apartment-for-sale-capital-governorate-manama-sanabis-54041100.html,2026-06-02T09:27:30.892318+00:00,2026-08-21T20:32:39.293113+00:00,80,2026-08-21T20:32:39.293113+00:00
2026-08-21,price_changed,55366978,,,Apartment,Lagoon View | Maid Room | Balcony | Kids Play Area,400.0,500.0,100.0,25.0,BHD,monthly,,,,,,,,The Lagoon,,,26.287778854370117,50.66339111328125,,,,Mohammad Rizwan Ashraf,,YES,,,,,https://www.propertyfinder.bh/en/plp/rent/apartment-for-rent-muharraq-governorate-amwaj-islands-the-lagoon-55366978.html,2026-07-19T20:58:26.466026+00:00,2026-08-21T20:32:39.293113+00:00,32,2026-08-21T20:32:39.293113+00:00
2026-08-21,price_changed,55367440,,,Apartment,Limited OFFER 2 BR | Balcony | SEA VIEW,550.0,530.0,-20.0,-3.64,BHD,monthly,,,,,,,,,,,26.239999771118164,50.5369987487793,,,,Zsuzsanna Gecse,,YES,,,,,https://www.propertyfinder.bh/en/plp/rent/apartment-for-rent-capital-governorate-seef-55367440.html,2026-07-19T20:58:26.466026+00:00,2026-08-21T20:32:39.293113+00:00,32,2026-08-21T20:32:39.293113+00:00
2026-08-21,price_changed,55368686,,,Villa,ULTRA MODERN | ELEVATOR | PRIVATE POOL| EXCLUSIVE.,1600.0,1400.0,-200.0,-12.5,BHD,monthly,,,,,,,,Essence of Dilmunia,,,26.27286720275879,50.672889709472656,,,,Edna Maundu,,PARTLY,,,,,https://www.propertyfinder.bh/en/plp/rent/villa-for-rent-muharraq-governorate-dilmunia-island-essence-of-dilmunia-55368686.html,2026-07-20T21:17:02.364062+00:00,2026-08-21T20:32:39.293113+00:00,31,2026-08-21T20:32:39.293113+00:00
2026-08-21,price_changed,55454818,,,Apartment,2 BR Furnished Apartment with Shared Pool and Gym,295.0,285.0,-10.0,-3.39,BHD,monthly,,,,,,,,,,,26.211111068725586,50.601112365722656,,,,JUNAID MUNAWAR,,YES,,,,,https://www.propertyfinder.bh/en/plp/rent/apartment-for-rent-capital-governorate-al-juffair-55454818.html,2026-07-22T21:16:12.940221+00:00,2026-08-21T20:32:39.293113+00:00,29,2026-08-21T20:32:39.293113+00:00
2026-08-21,price_changed,55455105,,,Villa,Modern / Spacious / Big Private Garden,600.0,700.0,100.0,16.67,BHD,monthly,,,,,,,,Salihiya,,,26.216516494750977,50.560699462890625,,,,A. Mhaout,,PARTLY,,,,,https://www.propertyfinder.bh/en/plp/rent/villa-for-rent-capital-governorate-manama-salihiya-55455105.html,2026-07-22T21:16:12.940221+00:00,2026-08-21T20:32:39.293113+00:00,29,2026-08-21T20:32:39.293113+00:00
2026-08-21,price_changed,55687954,,,Apartment,All Inclusive | Balcony | Spacious | Best offer,600.0,700.0,100.0,16.67,BHD,monthly,,,,,,,,,,,26.241750717163086,50.5663948059082,,,,Abdul Wahab,,YES,,,,,https://www.propertyfinder.bh/en/plp/rent/apartment-for-rent-capital-governorate-reef-island-55687954.html,2026-07-30T21:17:40.423408+00:00,2026-08-21T20:32:39.293113+00:00,21,2026-08-21T20:32:39.293113+00:00
2026-08-21,price_changed,55774114,,,Apartment,REDUCED RATE | Housekeeping | Balcony | Bright,600.0,550.0,-50.0,-8.33,BHD,monthly,,,,,,,,,,,26.211111068725586,50.601112365722656,,,,Aileen Camarillo,,YES,,,,,https://www.propertyfinder.bh/en/plp/rent/apartment-for-rent-capital-governorate-al-juffair-55774114.html,2026-08-02T21:01:45.450020+00:00,2026-08-21T20:32:39.293113+00:00,18,2026-08-21T20:32:39.293113+00:00
2026-08-21,price_changed,55950054,,,Apartment,Furnished 1 BR Apartment with Water View,275.0,260.0,-15.0,-5.45,BHD,monthly,,,,,,,,,,,26.211111068725586,50.601112365722656,,,,JUNAID MUNAWAR,,YES,,,,,https://www.propertyfinder.bh/en/plp/rent/apartment-for-rent-capital-governorate-al-juffair-55950054.html,2026-08-08T20:37:26.992750+00:00,2026-08-21T20:32:39.293113+00:00,12,2026-08-21T20:32:39.293113+00:00
2026-08-21,price_changed,55979943,,,Apartment,ROI 8% | SPACIOUS | LUXURY | SEA VIEW |FACILITIES,33000.0,32500.0,-500.0,-1.52,BHD,sell,,,,,,,,Sanabis,,,26.226558685302734,50.5459098815918,,,,Ismail Abdullah,,YES,completed,,,,https://www.propertyfinder.bh/en/plp/buy/apartment-for-sale-capital-governorate-manama-sanabis-55979943.html,2026-08-09T20:40:10.613404+00:00,2026-08-21T20:32:39.293113+00:00,11,2026-08-21T20:32:39.293113+00:00
2026-08-21,price_changed,56068676,,,Apartment,Luxury LIVING 5 star Amenities balcony,280.0,300.0,20.0,7.14,BHD,monthly,,,,,,,,,,,26.211111068725586,50.601112365722656,,,,khan Mohammad khan,,YES,,,,,https://www.propertyfinder.bh/en/plp/rent/apartment-for-rent-capital-governorate-al-juffair-56068676.html,2026-08-13T20:51:34.764467+00:00,2026-08-21T20:32:39.293113+00:00,7,2026-08-21T20:32:39.293113+00:00
2026-08-21,price_changed,56096381,,,Apartment,Ready Q4 2027 prime Aea next to city centre mall,60000.0,63000.0,3000.0,5.0,BHD,sell,,,,,,,,,,,26.239999771118164,50.5369987487793,,,,Abdulla Hasan,,PARTLY,off_plan,,,,https://www.propertyfinder.bh/en/plp/buy/apartment-for-sale-capital-governorate-seef-56096381.html,2026-08-13T20:51:34.764467+00:00,2026-08-21T20:32:39.293113+00:00,7,2026-08-21T20:32:39.293113+00:00
2026-08-21,price_changed,56096503,,,Apartment,Spacious 1-Bedroom Apartment Near RCSI,390.0,380.0,-10.0,-2.56,BHD,monthly,,,,,,,,,,,26.27199935913086,50.60900115966797,,,,Jafar Said,,YES,,,,,https://www.propertyfinder.bh/en/plp/rent/apartment-for-rent-muharraq-governorate-busaiteen-56096503.html,2026-08-13T20:51:34.764467+00:00,2026-08-21T20:32:39.293113+00:00,7,2026-08-21T20:32:39.293113+00:00
2026-08-21,price_changed,56269555,,,Apartment,Special Price|All Inclusive|Spacious|HouseKeeping,300.0,299.0,-1.0,-0.33,BHD,monthly,,,,,,,,,,,26.211111068725586,50.601112365722656,,,,Hazeeth,,YES,,,,,https://www.propertyfinder.bh/en/plp/rent/apartment-for-rent-capital-governorate-al-juffair-56269555.html,2026-08-19T20:36:20.718393+00:00,2026-08-21T20:32:39.293113+00:00,1,2026-08-21T20:32:39.293113+00:00
2026-08-21,price_changed,56299219,,,Apartment,LUXURY | SEA VIEW | FONTANA | HOUSEKEEPING,350.0,325.0,-25.0,-7.14,BHD,monthly,,,,,,,,,,,26.211111068725586,50.601112365722656,,,,Ismail Abdullah,,YES,,,,,https://www.propertyfinder.bh/en/plp/rent/apartment-for-rent-capital-governorate-al-juffair-56299219.html,2026-08-20T20:40:12.466755+00:00,2026-08-21T20:32:39.293113+00:00,0,2026-08-21T20:32:39.293113+00:00
2026-08-21,price_changed,56301407,,,Apartment,Walking Distance From LULU & Spacious,230.0,250.0,20.0,8.7,BHD,monthly,,,,,,,,,,,26.211111068725586,50.601112365722656,,,,Adeel Ajaz,,YES,,,,,https://www.propertyfinder.bh/en/plp/rent/apartment-for-rent-capital-governorate-al-juffair-56301407.html,2026-08-20T20:40:12.466755+00:00,2026-08-21T20:32:39.293113+00:00,0,2026-08-21T20:32:39.293113+00:00
2026-08-21,price_changed,992592,,,Villa,Furnished / Approved / Inclusive,1000.0,900.0,-100.0,-10.0,BHD,monthly,,,,,,,,,,,26.19164276123047,50.48757553100586,,,,A. Mhaout,,PARTLY,,,,,https://www.propertyfinder.bh/en/plp/rent/villa-for-rent-northern-governorate-saar-992592.html,2026-06-04T20:43:07.946899+00:00,2026-08-21T20:32:39.293113+00:00,77,2026-08-21T20:32:39.293113+00:00
