change_date,change_type,listing_id,category,listing_type,property_type,title,price_prev,price_curr,price_delta,price_delta_pct,currency,price_period,area_size,area_unit,beds_min,beds_max,baths_min,city,area,community,sub_community,compound,latitude,longitude,developer,project_name,agency_name,agent_name,agent_phone,furnished,completion_status,permit_number,rera_number,amenities,share_url,first_seen_at,last_seen_at,days_on_market,scraped_at
2026-06-04,new,1001240,,,,Cozy & Bright | Prime Location |  Best Price,,200.0,,,BHD,monthly,,,,,,,,,,,26.21263313293457,50.67418670654297,,,,Samer Mohammed,,YES,,,,,,2026-05-31T13:58:31.068517+00:00,2026-06-04T09:20:16.617738+00:00,3,2026-06-04T09:20:16.617738+00:00
2026-06-04,new,1001933,,,,Investment Building for Sale in Riffa,,550000.0,,,BHD,sell,,,,,,,,,,,26.128984451293945,50.58171463012695,,,,Ebrahim Alsaleem,,PARTLY,,,,,,2026-05-31T13:58:31.068517+00:00,2026-06-04T09:20:16.617738+00:00,3,2026-06-04T09:20:16.617738+00:00
2026-06-04,new,1001952,,,,Investment Building for Sale with Monthly Income,,600000.0,,,BHD,sell,,,,,,,,,,,26.231962203979492,50.59507369995117,,,,Ebrahim Alsaleem,,YES,,,,,,2026-05-31T13:58:31.068517+00:00,2026-06-04T09:20:16.617738+00:00,3,2026-06-04T09:20:16.617738+00:00
2026-06-04,new,1002572,,,,PREMIUM | AMPLE LIGHTING | WITH EWA,,310.0,,,BHD,monthly,,,,,,,,,,,26.21693992614746,50.57733154296875,,,,Fahim Naseer,,YES,,,,,,2026-05-31T13:58:31.068517+00:00,2026-06-04T09:20:16.617738+00:00,3,2026-06-04T09:20:16.617738+00:00
2026-06-04,new,1002595,,,,GREAT VENTILATION | BALCONY | GAS | EWA BHD 50,,390.0,,,BHD,monthly,,,,,,,,,,,26.21693992614746,50.57733154296875,,,,Fahim Naseer,,PARTLY,,,,,,2026-05-31T13:58:31.068517+00:00,2026-06-04T09:20:16.617738+00:00,3,2026-06-04T09:20:16.617738+00:00
2026-06-04,new,1002701,,,,modern l balcony l closed kitchen,,450.0,,,BHD,monthly,,,,,,,,,,,26.211111068725586,50.601112365722656,,,,Monica Medhat,,YES,,,,,,2026-06-04T09:20:16.617738+00:00,2026-06-04T09:20:16.617738+00:00,0,2026-06-04T09:20:16.617738+00:00
2026-06-04,new,1002861,,,,big balcony l open kitchen l well-spaced,,550.0,,,BHD,monthly,,,,,,,,,,,26.211111068725586,50.601112365722656,,,,Monica Medhat,,YES,,,,,,2026-06-04T09:20:16.617738+00:00,2026-06-04T09:20:16.617738+00:00,0,2026-06-04T09:20:16.617738+00:00
2026-06-04,new,1002938,,,,Office for sale in an iconic tower in Seef,,110000.0,,,BHD,sell,,,,,,,,,,,26.239999771118164,50.5369987487793,,,,Minguel Jacob Fernandes,,YES,,,,,,2026-05-31T13:58:31.068517+00:00,2026-06-04T09:20:16.617738+00:00,3,2026-06-04T09:20:16.617738+00:00
2026-06-04,new,51000266,,,,2 BR | LUXURY | BRAND NEW | IN JANABIYAH | FULLY F,,450.0,,,BHD,monthly,,,,,,,,,,,26.185943603515625,50.46711349487305,,,,Katherine Chapman,,YES,,,,,,2026-06-04T09:20:16.617738+00:00,2026-06-04T09:20:16.617738+00:00,0,2026-06-04T09:20:16.617738+00:00
2026-06-04,new,51000515,,,,2 BEDROOM FLAT | SPACIOUS | MODERN | IN JANABIYA,,360.0,,,BHD,monthly,,,,,,,,,,,26.185943603515625,50.46711349487305,,,,Katherine Chapman,,YES,,,,,,2026-06-04T09:20:16.617738+00:00,2026-06-04T09:20:16.617738+00:00,0,2026-06-04T09:20:16.617738+00:00
2026-06-04,new,51175114,,,,Luxury | Best Deal | Prime Location| Bargain Price,,46000.0,,,BHD,sell,,,,,,,,,,,26.21263313293457,50.67418670654297,,,,Samer Mohammed,,NO,,,,,,2026-05-31T13:58:31.068517+00:00,2026-06-04T09:20:16.617738+00:00,3,2026-06-04T09:20:16.617738+00:00
2026-06-04,new,51204580,,,,1BHK | WELL MAINTAINED | ELEGANT | NEAR KHUH,,400.0,,,BHD,monthly,,,,,,,,,,,26.27199935913086,50.60900115966797,,,,JASIM AHMED ABDULLA MOHAMED HASAN,,YES,,,,,,2026-06-04T09:20:16.617738+00:00,2026-06-04T09:20:16.617738+00:00,0,2026-06-04T09:20:16.617738+00:00
2026-06-04,new,51262815,,,,URGENT SALE | GREAT DEAL | PRIME LOCATION,,52000.0,,,BHD,sell,,,,,,,,,,,26.21263313293457,50.67418670654297,,,,Moueen Charfi,,PARTLY,,,,,,2026-05-31T13:58:31.068517+00:00,2026-06-04T09:20:16.617738+00:00,3,2026-06-04T09:20:16.617738+00:00
2026-06-04,new,51352385,,,,Beautiful flat for rent in/Ready to move in,,350.0,,,BHD,monthly,,,,,,,,,,,26.211111068725586,50.601112365722656,,,,Dafina Muca,,YES,,,,,,2026-06-02T00:10:52.106132+00:00,2026-06-04T09:20:16.617738+00:00,2,2026-06-04T09:20:16.617738+00:00
2026-06-04,new,51352481,,,,Residential Land for Sale in Karzakan,,84000.0,,,BHD,sell,,,,,,,,,,,26.113693237304688,50.48170471191406,,,,Hussain Mahfoodh,,,,,,,,2026-05-31T14:14:25.767990+00:00,2026-06-04T09:20:16.617738+00:00,3,2026-06-04T09:20:16.617738+00:00
2026-06-04,new,51442537,,,,Residential  | all services | Karzakkan,,92900.0,,,BHD,sell,,,,,,,,,,,26.113693237304688,50.48170471191406,,,,Ali Almalek,,,,,,,,2026-06-02T00:10:52.106132+00:00,2026-06-04T09:20:16.617738+00:00,2,2026-06-04T09:20:16.617738+00:00
2026-06-04,new,51442838,,,,Pool View Studio for rent in Juffair/Ready to move,,300.0,,,BHD,monthly,,,,,,,,,,,26.211111068725586,50.601112365722656,,,,Dafina Muca,,YES,,,,,,2026-06-02T00:10:52.106132+00:00,2026-06-04T09:20:16.617738+00:00,2,2026-06-04T09:20:16.617738+00:00
2026-06-04,new,51472889,,,,Great opportunity - Corner Land - Prime location,,104000.0,,,BHD,sell,,,,,,,,,,,26.100860595703125,50.48801040649414,,,,Ahmed Alkuwaiti,,,,,,,,2026-05-31T13:58:31.068517+00:00,2026-06-04T09:20:16.617738+00:00,3,2026-06-04T09:20:16.617738+00:00
2026-06-04,new,51500611,,,,Residential land for sale in Al-Malikiyah,,67000.0,,,BHD,sell,,,,,,,,,,,26.100860595703125,50.48801040649414,,,,Hussain Mahfoodh,,,,,,,,2026-05-31T13:58:31.068517+00:00,2026-06-04T09:20:16.617738+00:00,3,2026-06-04T09:20:16.617738+00:00
2026-06-04,new,51666002,,,,RESIDENTIAL | COMMERCIAL | AC PROVIDED,,200.0,,,BHD,monthly,,,,,,,,,,,26.266666412353516,50.650001525878906,,,,Muhammad,,PARTLY,,,,,,2026-05-31T13:58:31.068517+00:00,2026-06-04T09:20:16.617738+00:00,3,2026-06-04T09:20:16.617738+00:00
2026-06-04,new,51692701,,,,3 BEDROOM | MAID ROOM | 5 BATHROOM FLAT,,250.0,,,BHD,monthly,,,,,,,,,,,26.266666412353516,50.650001525878906,,,,Muhammad,,NO,,,,,,2026-05-31T13:58:31.068517+00:00,2026-06-04T09:20:16.617738+00:00,3,2026-06-04T09:20:16.617738+00:00
2026-06-04,new,51745211,,,,Luxury 02 BHK | EWA inclusive | Fully Furnished,,350.0,,,BHD,monthly,,,,,,,,,,,26.21263313293457,50.67418670654297,,,,Sherad  Maas ,,YES,,,,,,2026-05-31T13:58:31.068517+00:00,2026-06-04T09:20:16.617738+00:00,3,2026-06-04T09:20:16.617738+00:00
2026-06-04,new,51746088,,,,SPACIOUS | ALL INCLUSIVE | MODERN | PRIME LOCATION,,330.0,,,BHD,monthly,,,,,,,,,,,26.21693992614746,50.57733154296875,,,,Owais Khan Suri,,YES,,,,,,2026-05-31T13:58:31.068517+00:00,2026-06-04T09:20:16.617738+00:00,3,2026-06-04T09:20:16.617738+00:00
2026-06-04,new,51773481,,,,1 BHK | MODERN | CLASSY | FULLY FURNISHED,,250.0,,,BHD,monthly,,,,,,,,,,,26.21263313293457,50.67418670654297,,,,SILPA S,,YES,,,,,,2026-06-02T00:10:52.106132+00:00,2026-06-04T09:20:16.617738+00:00,2,2026-06-04T09:20:16.617738+00:00
2026-06-04,new,51798773,,,,"Residential Land for Sale | Total Price 87,374",,87374.0,,,BHD,sell,,,,,,,,,,,26.040000915527344,50.63138961791992,,,,Abid Siddique,,,,,,,,2026-05-31T13:58:31.068517+00:00,2026-06-04T09:20:16.617738+00:00,3,2026-06-04T09:20:16.617738+00:00
2026-06-04,new,51799004,,,,Prime Location|All Services|Near the Sea|Corner,,120000.0,,,BHD,sell,,,,,,,,,,,26.113693237304688,50.48170471191406,,,,Ali Almalek,,,,,,,,2026-05-31T14:14:25.767990+00:00,2026-06-04T09:20:16.617738+00:00,3,2026-06-04T09:20:16.617738+00:00
2026-06-04,new,51904623,,,,Luxury Apartments | Premium Full-Service Building,,94000.0,,,BHD,sell,,,,,,,,,,,26.21263313293457,50.67418670654297,,,,Mohamed Alaynati,,PARTLY,,,,,,2026-05-31T13:58:31.068517+00:00,2026-06-04T09:20:16.617738+00:00,3,2026-06-04T09:20:16.617738+00:00
2026-06-04,new,51931041,,,,Prime Office | Spacious | Opposite Seef Mall,,82000.0,,,BHD,sell,,,,,,,,,,,26.239999771118164,50.5369987487793,,,,Khalil Aryan,,YES,,,,,,2026-05-31T13:58:31.068517+00:00,2026-06-04T09:20:16.617738+00:00,3,2026-06-04T09:20:16.617738+00:00
2026-06-04,new,51958520,,,,Commercial Building Located at AL Zebara Road,,330000.0,,,BHD,sell,,,,,,,,,,,26.218677520751953,50.59382247924805,,,,Ehab Naser,,PARTLY,,,,,,2026-05-31T13:58:31.068517+00:00,2026-06-04T09:20:16.617738+00:00,3,2026-06-04T09:20:16.617738+00:00
2026-06-04,new,52170050,,,,luxurious freehold 1BHK on the waterfront | Hidd,,52000.0,,,BHD,sell,,,,,,,,,,,26.21263313293457,50.67418670654297,,,,Abdulla Alkhan,,YES,,,,,,2026-05-31T13:58:31.068517+00:00,2026-06-04T09:20:16.617738+00:00,3,2026-06-04T09:20:16.617738+00:00
2026-06-04,new,52196454,,,,Elegant Villa for Rent in Janusan – Brand New,,450.0,,,BHD,monthly,,,,,,,,,,,26.213165283203125,50.447471618652344,,,,MOHAMED ABDULLA   HAMADA ALHAYKI,,NO,,,,,,2026-06-04T09:20:16.617738+00:00,2026-06-04T09:20:16.617738+00:00,0,2026-06-04T09:20:16.617738+00:00
2026-06-04,new,52327935,,,,MODERN | BALCONY | PRIME LOCATION | FACILITY,,500.0,,,BHD,monthly,,,,,,,,,,,26.211111068725586,50.601112365722656,,,,Portia Sioting,,YES,,,,,,2026-06-04T09:20:16.617738+00:00,2026-06-04T09:20:16.617738+00:00,0,2026-06-04T09:20:16.617738+00:00
2026-06-04,new,52327961,,,,BALCONY | MODERN | PRIME LOCATION | GREAT FACILITY,,500.0,,,BHD,monthly,,,,,,,,,,,26.211111068725586,50.601112365722656,,,,Portia Sioting,,YES,,,,,,2026-06-04T09:20:16.617738+00:00,2026-06-04T09:20:16.617738+00:00,0,2026-06-04T09:20:16.617738+00:00
2026-06-04,new,52355614,,,,"Beyond Luxury, 5* Hotel Treatment, Brand New",,2100.0,,,BHD,monthly,,,,,,,,,,,26.249584197998047,50.580360412597656,,,,Eva Gavin,,YES,,,,,,2026-05-31T13:58:31.068517+00:00,2026-06-04T09:20:16.617738+00:00,3,2026-06-04T09:20:16.617738+00:00
2026-06-04,new,52382420,,,,Flat City Skyline Views/HouseKeeping/Linen,,750.0,,,BHD,monthly,,,,,,,,,,,26.27199935913086,50.60900115966797,,,,Amr El Moghazy,,YES,,,,,,2026-06-04T09:20:16.617738+00:00,2026-06-04T09:20:16.617738+00:00,0,2026-06-04T09:20:16.617738+00:00
2026-06-04,new,52382531,,,,Apartments for sale in a quiet area in Riffa,,55000.0,,,BHD,sell,,,,,,,,,,,26.149368286132812,50.56598663330078,,,,Mohamed Salamah,,PARTLY,,,,,,2026-05-31T13:58:31.068517+00:00,2026-06-04T09:20:16.617738+00:00,3,2026-06-04T09:20:16.617738+00:00
2026-06-04,new,52382558,,,,Apartments for sale in a quiet area in Riffa,,57000.0,,,BHD,sell,,,,,,,,,,,26.149368286132812,50.56598663330078,,,,Mohamed Salamah,,PARTLY,,,,,,2026-05-31T13:58:31.068517+00:00,2026-06-04T09:20:16.617738+00:00,3,2026-06-04T09:20:16.617738+00:00
2026-06-04,new,52436364,,,,Shops for Rent in Prime Mall Location – Zayed Town,,500.0,,,BHD,monthly,,,,,,,,,,,26.16546058654785,50.53887939453125,,,,Khalil Aryan,,NO,,,,,,2026-05-31T13:58:31.068517+00:00,2026-06-04T09:20:16.617738+00:00,3,2026-06-04T09:20:16.617738+00:00
2026-06-04,new,52436420,,,,Drive Thru Commercial Space in Prime Location,,2000.0,,,BHD,monthly,,,,,,,,,,,26.185943603515625,50.46711349487305,,,,Khalil Aryan,,NO,,,,,,2026-05-31T13:58:31.068517+00:00,2026-06-04T09:20:16.617738+00:00,3,2026-06-04T09:20:16.617738+00:00
2026-06-04,new,52463647,,,,Brand New Apartment Near Gulf University,,64000.0,,,BHD,sell,,,,,,,,,,,26.149368286132812,50.56598663330078,,,,Aysha Adil,,NO,,,,,,2026-05-31T13:58:31.068517+00:00,2026-06-04T09:20:16.617738+00:00,3,2026-06-04T09:20:16.617738+00:00
2026-06-04,new,52489664,,,,2BHK Brand New Fully Furnished Apt & Pool+Gym,,400.0,,,BHD,monthly,,,,,,,,,,,26.21693992614746,50.57733154296875,,,,Anu K H,,YES,,,,,,2026-05-31T14:33:55.753010+00:00,2026-06-04T09:20:16.617738+00:00,3,2026-06-04T09:20:16.617738+00:00
2026-06-04,new,52489699,,,,Brand New Furnished 2BR Apt+Pool/Gym/EWA/Internet,,400.0,,,BHD,monthly,,,,,,,,,,,26.21693992614746,50.57733154296875,,,,Anu K H,,YES,,,,,,2026-05-31T14:33:55.753010+00:00,2026-06-04T09:20:16.617738+00:00,3,2026-06-04T09:20:16.617738+00:00
2026-06-04,new,52489712,,,,Brand New Furnished 1BR Apt+Pool/Gym/Internet/EWA,,300.0,,,BHD,monthly,,,,,,,,,,,26.21693992614746,50.57733154296875,,,,Anu K H,,YES,,,,,,2026-05-31T14:33:55.753010+00:00,2026-06-04T09:20:16.617738+00:00,3,2026-06-04T09:20:16.617738+00:00
2026-06-04,new,52490846,,,,AMPLE LIGHTING | STORE | BALCONY | EWA LIMIT BD 30,,390.0,,,BHD,monthly,,,,,,,,,,,26.21693992614746,50.57733154296875,,,,Fahim Naseer,,YES,,,,,,2026-05-31T13:58:31.068517+00:00,2026-06-04T09:20:16.617738+00:00,3,2026-06-04T09:20:16.617738+00:00
2026-06-04,new,52517332,,,,LUXURIOUS | SPACIUOS APARTMENT | CITY VIEW,,250.0,,,BHD,monthly,,,,,,,,,,,26.21263313293457,50.67418670654297,,,,Sameh Gabr,,YES,,,,,,2026-05-31T13:58:31.068517+00:00,2026-06-04T09:20:16.617738+00:00,3,2026-06-04T09:20:16.617738+00:00
2026-06-04,new,52517635,,,,FAMILY-AFFORDABLE | HIDD REST. ROAD | NEAR LULU,,115.0,,,BHD,monthly,,,,,,,,,,,26.21263313293457,50.67418670654297,,,,Mohammed Abdullah,,NO,,,,,,2026-05-31T13:58:31.068517+00:00,2026-06-04T09:20:16.617738+00:00,3,2026-06-04T09:20:16.617738+00:00
2026-06-04,new,52544811,,,,SPACIOUS | UNLIMITED EWA | NEAR SALMANIA HOSPITAL,,250.0,,,BHD,monthly,,,,,,,,,,,26.21693992614746,50.57733154296875,,,,Owais Khan Suri,,YES,,,,,,2026-05-31T13:58:31.068517+00:00,2026-06-04T09:20:16.617738+00:00,3,2026-06-04T09:20:16.617738+00:00
2026-06-04,new,52570709,,,,Prime Corner Land for Sale in Malkiya,,105000.0,,,BHD,sell,,,,,,,,,,,26.100860595703125,50.48801040649414,,,,Husain Mansoor,,,,,,,,2026-05-31T13:58:31.068517+00:00,2026-06-04T09:20:16.617738+00:00,3,2026-06-04T09:20:16.617738+00:00
2026-06-04,new,52570726,,,,Corner Prime Residential Land in Hamad Town,,195156.0,,,BHD,sell,,,,,,,,,,,26.12916374206543,50.49860763549805,,,,Abdulla Hasan,,,,,,,,2026-05-31T13:58:31.068517+00:00,2026-06-04T09:20:16.617738+00:00,3,2026-06-04T09:20:16.617738+00:00
2026-06-04,new,52570752,,,,Prime Residential Land for Sale in Al Malkiyah,,67064.0,,,BHD,sell,,,,,,,,,,,26.100860595703125,50.48801040649414,,,,Abdulla Hasan,,,,,,,,2026-05-31T13:58:31.068517+00:00,2026-06-04T09:20:16.617738+00:00,3,2026-06-04T09:20:16.617738+00:00
2026-06-04,new,52570753,,,,Prime Residential Land for Sale in Al Malkiyah,,67064.0,,,BHD,sell,,,,,,,,,,,26.100860595703125,50.48801040649414,,,,Abdulla Hasan,,,,,,,,2026-05-31T13:58:31.068517+00:00,2026-06-04T09:20:16.617738+00:00,3,2026-06-04T09:20:16.617738+00:00
2026-06-04,new,52570754,,,,Prime Residential Land for Sale in Al Malkiyah,,67064.0,,,BHD,sell,,,,,,,,,,,26.100860595703125,50.48801040649414,,,,Abdulla Hasan,,,,,,,,2026-05-31T13:58:31.068517+00:00,2026-06-04T09:20:16.617738+00:00,3,2026-06-04T09:20:16.617738+00:00
2026-06-04,new,52571090,,,,“Prime Residential Land for Sale in North Sehla”,,201753.0,,,BHD,sell,,,,,,,,,,,26.20176887512207,50.53025436401367,,,,Abdulla Hasan,,,,,,,,2026-05-31T13:58:31.068517+00:00,2026-06-04T09:20:16.617738+00:00,3,2026-06-04T09:20:16.617738+00:00
2026-06-04,new,52571601,,,,Spacious 2BR Family Apartment with Pool & Gym,,300.0,,,BHD,monthly,,,,,,,,,,,26.21693992614746,50.57733154296875,,,,Owais Khan Suri,,PARTLY,,,,,,2026-05-31T13:58:31.068517+00:00,2026-06-04T09:20:16.617738+00:00,3,2026-06-04T09:20:16.617738+00:00
2026-06-04,new,52597637,,,,2 BHK | BALCONY | CLOSED KITCHEN | MODERN,,280.0,,,BHD,monthly,,,,,,,,,,,26.21263313293457,50.67418670654297,,,,JASIM AHMED ABDULLA MOHAMED HASAN,,YES,,,,,,2026-06-04T09:20:16.617738+00:00,2026-06-04T09:20:16.617738+00:00,0,2026-06-04T09:20:16.617738+00:00
2026-06-04,new,52598107,,,,HOT DEAL | PRIME LOCATION SPACIOUS,,65000.0,,,BHD,sell,,,,,,,,,,,26.143957138061523,50.547142028808594,,,,Ponmony Remesh,,NO,,,,,,2026-05-31T13:58:31.068517+00:00,2026-06-04T09:20:16.617738+00:00,3,2026-06-04T09:20:16.617738+00:00
2026-06-04,new,52650145,,,,Building for Sale in Malkiya Excellent Investment,,270000.0,,,BHD,sell,,,,,,,,,,,26.100860595703125,50.48801040649414,,,,Duaa Alsayegh,,YES,,,,,,2026-05-31T13:58:31.068517+00:00,2026-06-04T09:20:16.617738+00:00,3,2026-06-04T09:20:16.617738+00:00
2026-06-04,new,52650168,,,,LUXURY SPACIOUS RENOVATED EWA WIFI POOL GYM,,300.0,,,BHD,monthly,,,,,,,,,,,26.21693992614746,50.57733154296875,,,,khan Mohammad khan,,YES,,,,,,2026-05-31T13:58:31.068517+00:00,2026-06-04T09:20:16.617738+00:00,3,2026-06-04T09:20:16.617738+00:00
2026-06-04,new,52650450,,,,SPACIOUS BRIGHT BALCONY EWA 40 BD GOOD LOCATION,,260.0,,,BHD,monthly,,,,,,,,,,,26.21693992614746,50.57733154296875,,,,khan Mohammad khan,,YES,,,,,,2026-05-31T13:58:31.068517+00:00,2026-06-04T09:20:16.617738+00:00,3,2026-06-04T09:20:16.617738+00:00
2026-06-04,new,52675149,,,,Exclusive living in Amwaj | Seaview 2 Bedroom,,109000.0,,,BHD,sell,,,,,,,,,,,26.28470230102539,50.664039611816406,,,,Mohamad Abdou,,NO,,,,,,2026-05-31T13:58:31.068517+00:00,2026-06-04T09:20:16.617738+00:00,3,2026-06-04T09:20:16.617738+00:00
2026-06-04,new,52675202,,,,260 TO 280/MODERN/NEW/FRESH INTERIOR/SAFE/LOW RISE,,280.0,,,BHD,monthly,,,,,,,,,,,26.21693992614746,50.57733154296875,,,,Sahebaz Makki,,YES,,,,,,2026-05-31T13:58:31.068517+00:00,2026-06-04T09:20:16.617738+00:00,3,2026-06-04T09:20:16.617738+00:00
2026-06-04,new,52702229,,,,Sophisticated Sea View | Luxury | Housekeeping,,550.0,,,BHD,monthly,,,,,,,,,,,26.249584197998047,50.580360412597656,,,,Sonali Fernandes,,YES,,,,,,2026-05-31T13:58:31.068517+00:00,2026-06-04T09:20:16.617738+00:00,3,2026-06-04T09:20:16.617738+00:00
2026-06-04,new,52726881,,,,Commercial shops for rent in Jidhaf Al Hajj,,80.0,,,BHD,monthly,,,,,,,,,,,26.234378814697266,50.50168228149414,,,,Sayed Sadeq Jaafar,,NO,,,,,,2026-05-31T13:58:31.068517+00:00,2026-06-04T09:20:16.617738+00:00,3,2026-06-04T09:20:16.617738+00:00
2026-06-04,new,52752978,,,,furnished 1 bedroom flat for rent in seef,,250.0,,,BHD,monthly,,,,,,,,,,,26.239999771118164,50.5369987487793,,,,Mohamed Alnajjar,,YES,,,,,,2026-05-31T13:58:31.068517+00:00,2026-06-04T09:20:16.617738+00:00,3,2026-06-04T09:20:16.617738+00:00
2026-06-04,new,52753042,,,,Apartments for rent in Seef below market price,,580.0,,,BHD,monthly,,,,,,,,,,,26.239999771118164,50.5369987487793,,,,Mohamed Alnajjar,,YES,,,,,,2026-05-31T13:58:31.068517+00:00,2026-06-04T09:20:16.617738+00:00,3,2026-06-04T09:20:16.617738+00:00
2026-06-04,new,52804142,,,,Prime Location | Quiet Neighborhood | Luxury,,124000.0,,,BHD,sell,,,,,,,,,,,26.21263313293457,50.67418670654297,,,,Samer Mohammed,,YES,,,,,,2026-05-31T13:58:31.068517+00:00,2026-06-04T09:20:16.617738+00:00,3,2026-06-04T09:20:16.617738+00:00
2026-06-04,new,52805198,,,,Two shops for rent in East Riffa,,180.0,,,BHD,monthly,,,,,,,,,,,26.130512237548828,50.55546569824219,,,,Deewania estate agency,,YES,,,,,,2026-05-31T13:58:31.068517+00:00,2026-06-04T09:20:16.617738+00:00,3,2026-06-04T09:20:16.617738+00:00
2026-06-04,new,52830504,,,,Big flat in Fontana Infinity for rent! HOT DEAL!,,660.0,,,BHD,monthly,,,,,,,,,,,26.211111068725586,50.601112365722656,,,,Dafina Muca,,YES,,,,,,2026-06-02T00:10:52.106132+00:00,2026-06-04T09:20:16.617738+00:00,2,2026-06-04T09:20:16.617738+00:00
2026-06-04,new,52854589,,,,Brand New | Gas cooking | Easy Access,,280.0,,,BHD,monthly,,,,,,,,,,,26.21693992614746,50.57733154296875,,,,Lijas Ali,,PARTLY,,,,,,2026-05-31T13:58:31.068517+00:00,2026-06-04T09:20:16.617738+00:00,3,2026-06-04T09:20:16.617738+00:00
2026-06-04,new,52880544,,,,Investment opportunities in the Askar Square,,350.0,,,BHD,monthly,,,,,,,,,,,26.05678367614746,50.61648178100586,,,,Ahmed Saleh,,NO,,,,,,2026-05-31T13:58:31.068517+00:00,2026-06-04T09:20:16.617738+00:00,3,2026-06-04T09:20:16.617738+00:00
2026-06-04,new,52905532,,,,Great Price - Brand New - 2BR Apartment on Qalali,,200.0,,,BHD,monthly,,,,,,,,,,,26.266666412353516,50.650001525878906,,,,Husain Jaber Abdulla Zaid,,YES,,,,,,2026-05-31T13:58:31.068517+00:00,2026-06-04T09:20:16.617738+00:00,3,2026-06-04T09:20:16.617738+00:00
2026-06-04,new,52957120,,,,Close kitchen pool inclusive 2 bed in Hidd,,300.0,,,BHD,monthly,,,,,,,,,,,26.21263313293457,50.67418670654297,,,,Ayman Jnedi,,YES,,,,,,2026-05-31T13:58:31.068517+00:00,2026-06-04T09:20:16.617738+00:00,3,2026-06-04T09:20:16.617738+00:00
2026-06-04,new,52981329,,,,luxury l balcony with sea view l open kitchen,,420.0,,,BHD,monthly,,,,,,,,,,,26.211111068725586,50.601112365722656,,,,Monica Medhat,,NO,,,,,,2026-06-04T09:20:16.617738+00:00,2026-06-04T09:20:16.617738+00:00,0,2026-06-04T09:20:16.617738+00:00
2026-06-04,new,52982281,,,,COASTAL ELEGANCE | LUXURY LIVING | SEA SERENITY,,450.0,,,BHD,monthly,,,,,,,,,,,26.249584197998047,50.580360412597656,,,,Farhan Tariq,,YES,,,,,,2026-05-31T13:58:31.068517+00:00,2026-06-04T09:20:16.617738+00:00,3,2026-06-04T09:20:16.617738+00:00
2026-06-04,new,53007013,,,,Spacious 2 BHK / Open Kitchen/ Inclusive,,240.0,,,BHD,monthly,,,,,,,,,,,26.266666412353516,50.650001525878906,,,,A. Mhaout,,PARTLY,,,,,,2026-05-31T13:58:31.068517+00:00,2026-06-04T09:20:16.617738+00:00,3,2026-06-04T09:20:16.617738+00:00
2026-06-04,new,53008279,,,,FAMILY BUILDING | FULLY FURNISHED | WIFI | MODERN,,330.0,,,BHD,monthly,,,,,,,,,,,26.214487075805664,50.584754943847656,,,,JASIM AHMED ABDULLA MOHAMED HASAN,,YES,,,,,,2026-06-04T09:20:16.617738+00:00,2026-06-04T09:20:16.617738+00:00,0,2026-06-04T09:20:16.617738+00:00
2026-06-04,new,53008374,,,,MODERN LUXURY 3BHK | MAIDROOM | AMENITIES,,1050.0,,,BHD,monthly,,,,,,,,,,,26.28470230102539,50.664039611816406,,,,JASIM AHMED ABDULLA MOHAMED HASAN,,YES,,,,,,2026-06-04T09:20:16.617738+00:00,2026-06-04T09:20:16.617738+00:00,0,2026-06-04T09:20:16.617738+00:00
2026-06-04,new,53008397,,,,BRIGHT | COZY | PET FRIENDLY | 1BEDROOM |AMENITIES,,400.0,,,BHD,monthly,,,,,,,,,,,26.287778854370117,50.66339111328125,,,,JASIM AHMED ABDULLA MOHAMED HASAN,,YES,,,,,,2026-06-04T09:20:16.617738+00:00,2026-06-04T09:20:16.617738+00:00,0,2026-06-04T09:20:16.617738+00:00
2026-06-04,new,53008416,,,,3BHK | SEAVIEW | BALCONY | MAID ROOM,,450.0,,,BHD,monthly,,,,,,,,,,,26.287778854370117,50.66339111328125,,,,JASIM AHMED ABDULLA MOHAMED HASAN,,YES,,,,,,2026-06-04T09:20:16.617738+00:00,2026-06-04T09:20:16.617738+00:00,0,2026-06-04T09:20:16.617738+00:00
2026-06-04,new,53008425,,,,2 BHK FULLY FURNISHED | ODERN SPACIOUS,,350.0,,,BHD,monthly,,,,,,,,,,,26.226558685302734,50.5459098815918,,,,JASIM AHMED ABDULLA MOHAMED HASAN,,YES,,,,,,2026-06-04T09:20:16.617738+00:00,2026-06-04T09:20:16.617738+00:00,0,2026-06-04T09:20:16.617738+00:00
2026-06-04,new,53008460,,,,2BHK SEMI FURNISHED | BALCONY | CLOSED KITCHEN,,250.0,,,BHD,monthly,,,,,,,,,,,26.21263313293457,50.67418670654297,,,,JASIM AHMED ABDULLA MOHAMED HASAN,,PARTLY,,,,,,2026-06-04T09:20:16.617738+00:00,2026-06-04T09:20:16.617738+00:00,0,2026-06-04T09:20:16.617738+00:00
2026-06-04,new,53008495,,,,Modern-Bright Apartment With Balcony,,470.0,,,BHD,monthly,,,,,,,,,,,26.21693992614746,50.57733154296875,,,,Aysha Adil,,YES,,,,,,2026-05-31T13:58:31.068517+00:00,2026-06-04T09:20:16.617738+00:00,3,2026-06-04T09:20:16.617738+00:00
2026-06-04,new,53032456,,,,Sea View | Pool & Gym | Fully Furnished,,60000.0,,,BHD,sell,,,,,,,,,,,26.29302978515625,50.66474151611328,,,,Ebrahim Alsaleem,,YES,,,,,,2026-05-31T13:58:31.068517+00:00,2026-06-04T09:20:16.617738+00:00,3,2026-06-04T09:20:16.617738+00:00
2026-06-04,new,53032558,,,,Shop For Rent In Prime Location In Bu Qawah,,400.0,,,BHD,monthly,,,,,,,,,,,26.202558517456055,50.519554138183594,,,,Ayman Idrees,,NO,,,,,,2026-05-31T13:58:31.068517+00:00,2026-06-04T09:20:16.617738+00:00,3,2026-06-04T09:20:16.617738+00:00
2026-06-04,new,53032625,,,,Apartment in Brand New Building,,300.0,,,BHD,monthly,,,,,,,,,,,26.21693992614746,50.57733154296875,,,,Aysha Adil,,YES,,,,,,2026-05-31T13:58:31.068517+00:00,2026-06-04T09:20:16.617738+00:00,3,2026-06-04T09:20:16.617738+00:00
2026-06-04,new,53032640,,,,Apartment in Brand new Building,,400.0,,,BHD,monthly,,,,,,,,,,,26.21693992614746,50.57733154296875,,,,Aysha Adil,,YES,,,,,,2026-05-31T13:58:31.068517+00:00,2026-06-04T09:20:16.617738+00:00,3,2026-06-04T09:20:16.617738+00:00
2026-06-04,new,53032782,,,,Brand New | Luxury | Be the first tenant,,550.0,,,BHD,monthly,,,,,,,,,,,26.249584197998047,50.580360412597656,,,,Zyreen Zelaikh,,YES,,,,,,2026-05-31T13:58:31.068517+00:00,2026-06-04T09:20:16.617738+00:00,3,2026-06-04T09:20:16.617738+00:00
2026-06-04,new,53033376,,,,Premium Apartment for Rent in Onyx Rotana,,700.0,,,BHD,monthly,,,,,,,,,,,26.249584197998047,50.580360412597656,,,,Husain Jaber Abdulla Zaid,,YES,,,,,,2026-05-31T13:58:31.068517+00:00,2026-06-04T09:20:16.617738+00:00,3,2026-06-04T09:20:16.617738+00:00
2026-06-04,new,53059498,,,,Luxury Building | Prime Investment | Sea View,,1100000.0,,,BHD,sell,,,,,,,,,,,26.29302978515625,50.66474151611328,,,,Ebrahim Alsaleem,,YES,,,,,,2026-05-31T13:58:31.068517+00:00,2026-06-04T09:20:16.617738+00:00,3,2026-06-04T09:20:16.617738+00:00
2026-06-04,new,53059807,,,,Big flat in Fontana Infinity for rent! HOT DEAL!,,660.0,,,BHD,monthly,,,,,,,,,,,26.211111068725586,50.601112365722656,,,,Dafina Muca,,YES,,,,,,2026-06-02T00:10:52.106132+00:00,2026-06-04T09:20:16.617738+00:00,2,2026-06-04T09:20:16.617738+00:00
2026-06-04,new,53086326,,,,▐ OFFER OFFER ▐ 1 BEDROOM▐ HOTDEAL▐HIDD▐,,320.0,,,BHD,monthly,,,,,,,,,,,26.21263313293457,50.67418670654297,,,,Mohammed Ibrahim Khan,,YES,,,,,,2026-05-31T13:58:31.068517+00:00,2026-06-04T09:20:16.617738+00:00,3,2026-06-04T09:20:16.617738+00:00
2026-06-04,new,53163546,,,,"Studio for below Market Price, with GREAT location.",,700.0,,,BHD,monthly,,,,,,,,,,,26.27199935913086,50.60900115966797,,,,Amr El Moghazy,,YES,,,,,,2026-05-31T13:58:31.068517+00:00,2026-06-04T09:20:16.617738+00:00,3,2026-06-04T09:20:16.617738+00:00
2026-06-04,new,53163547,,,,"Studio for below Market Price, with GREAT location.",,700.0,,,BHD,monthly,,,,,,,,,,,26.27199935913086,50.60900115966797,,,,Amr El Moghazy,,YES,,,,,,2026-05-31T13:58:31.068517+00:00,2026-06-04T09:20:16.617738+00:00,3,2026-06-04T09:20:16.617738+00:00
2026-06-04,new,53163548,,,,Flat City Skyline Views/HouseKeeping/Linen,,750.0,,,BHD,monthly,,,,,,,,,,,26.27199935913086,50.60900115966797,,,,Amr El Moghazy,,YES,,,,,,2026-05-31T13:58:31.068517+00:00,2026-06-04T09:20:16.617738+00:00,3,2026-06-04T09:20:16.617738+00:00
2026-06-04,new,53163549,,,,Duplex pool Views/HouseKeeping/Linen,,750.0,,,BHD,monthly,,,,,,,,,,,26.27199935913086,50.60900115966797,,,,Amr El Moghazy,,YES,,,,,,2026-05-31T13:58:31.068517+00:00,2026-06-04T09:20:16.617738+00:00,3,2026-06-04T09:20:16.617738+00:00
2026-06-04,new,53163550,,,,Duplex pool Views/HouseKeeping/Linen,,750.0,,,BHD,monthly,,,,,,,,,,,26.27199935913086,50.60900115966797,,,,Amr El Moghazy,,YES,,,,,,2026-05-31T13:58:31.068517+00:00,2026-06-04T09:20:16.617738+00:00,3,2026-06-04T09:20:16.617738+00:00
2026-06-04,new,53163551,,,,Duplex pool Views/HouseKeeping/Linen,,750.0,,,BHD,monthly,,,,,,,,,,,26.27199935913086,50.60900115966797,,,,Amr El Moghazy,,YES,,,,,,2026-05-31T13:58:31.068517+00:00,2026-06-04T09:20:16.617738+00:00,3,2026-06-04T09:20:16.617738+00:00
2026-06-04,new,53163552,,,,Duplex pool Views/HouseKeeping/Linen,,750.0,,,BHD,monthly,,,,,,,,,,,26.27199935913086,50.60900115966797,,,,Amr El Moghazy,,YES,,,,,,2026-05-31T13:58:31.068517+00:00,2026-06-04T09:20:16.617738+00:00,3,2026-06-04T09:20:16.617738+00:00
2026-06-04,new,53163553,,,,Duplex pool Views/HouseKeeping/Linen,,750.0,,,BHD,monthly,,,,,,,,,,,26.27199935913086,50.60900115966797,,,,Amr El Moghazy,,YES,,,,,,2026-05-31T13:58:31.068517+00:00,2026-06-04T09:20:16.617738+00:00,3,2026-06-04T09:20:16.617738+00:00
2026-06-04,new,53163559,,,,Duplex City Skyline Views/HouseKeeping/Linen,,750.0,,,BHD,monthly,,,,,,,,,,,26.27199935913086,50.60900115966797,,,,Amr El Moghazy,,YES,,,,,,2026-05-31T13:58:31.068517+00:00,2026-06-04T09:20:16.617738+00:00,3,2026-06-04T09:20:16.617738+00:00
2026-06-04,new,53215324,,,,Avenue View| Luxurious | Balcony,,1200.0,,,BHD,monthly,,,,,,,,,,,26.249584197998047,50.580360412597656,,,, Mohamad Jamal,,YES,,,,,,2026-05-31T13:58:31.068517+00:00,2026-06-04T09:20:16.617738+00:00,3,2026-06-04T09:20:16.617738+00:00
2026-06-04,new,53241990,,,,2BHK | Near Korean Embassy | semi furnished,,330.0,,,BHD,monthly,,,,,,,,,,,26.21693992614746,50.57733154296875,,,,Ebrahim Alsaleem,,PARTLY,,,,,,2026-05-31T13:58:31.068517+00:00,2026-06-04T09:20:16.617738+00:00,3,2026-06-04T09:20:16.617738+00:00
2026-06-04,new,53268461,,,,Best Deal Freehold 3 BR Fully Refurbished Modern,,62000.0,,,BHD,sell,,,,,,,,,,,26.293058395385742,50.65943908691406,,,,Muhammad Jahengir Akram,,YES,,,,,,2026-05-31T13:58:31.068517+00:00,2026-06-04T09:20:16.617738+00:00,3,2026-06-04T09:20:16.617738+00:00
2026-06-04,new,53268866,,,,Residential Land for Sale in Malkiya,,86295.0,,,BHD,sell,,,,,,,,,,,26.100860595703125,50.48801040649414,,,,Husain Mansoor,,,,,,,,2026-05-31T13:58:31.068517+00:00,2026-06-04T09:20:16.617738+00:00,3,2026-06-04T09:20:16.617738+00:00
2026-06-04,new,53268868,,,,Residential Land for Sale in Malkiya,,193752.0,,,BHD,sell,,,,,,,,,,,26.100860595703125,50.48801040649414,,,,Husain Mansoor,,,,,,,,2026-05-31T13:58:31.068517+00:00,2026-06-04T09:20:16.617738+00:00,3,2026-06-04T09:20:16.617738+00:00
2026-06-04,new,53269035,,,,"Apartment for rent , in a great location:",,330.0,,,BHD,monthly,,,,,,,,,,,26.21263313293457,50.67418670654297,,,,Husain Al Hayk,,YES,,,,,,2026-05-31T13:58:31.068517+00:00,2026-06-04T09:20:16.617738+00:00,3,2026-06-04T09:20:16.617738+00:00
2026-06-04,new,53269158,,,,new shop for rent in maameer BD.130...,,130.0,,,BHD,monthly,,,,,,,,,,,26.134166717529297,50.61305618286133,,,,Sayed Hashem Hasan,,NO,,,,,,2026-05-31T13:58:31.068517+00:00,2026-06-04T09:20:16.617738+00:00,3,2026-06-04T09:20:16.617738+00:00
2026-06-04,new,53269177,,,,Sea View | Spacious | Very Bright | Renovated,,95000.0,,,BHD,sell,,,,,,,,,,,26.29302978515625,50.66474151611328,,,,Tariq Al Alaiwat,,YES,,,,,,2026-05-31T13:58:31.068517+00:00,2026-06-04T09:20:16.617738+00:00,3,2026-06-04T09:20:16.617738+00:00
2026-06-04,new,53269192,,,,Sea View | Spacious | Closed Kitchen | 2 Parking,,75000.0,,,BHD,sell,,,,,,,,,,,26.29302978515625,50.66474151611328,,,,Tariq Al Alaiwat,,PARTLY,,,,,,2026-05-31T13:58:31.068517+00:00,2026-06-04T09:20:16.617738+00:00,3,2026-06-04T09:20:16.617738+00:00
2026-06-04,new,53295321,,,,Prime Location Bright Rented 550 BD,,76000.0,,,BHD,sell,,,,,,,,,,,26.239999771118164,50.5369987487793,,,,Maher Alimadi,,YES,,,,,,2026-05-31T13:58:31.068517+00:00,2026-06-04T09:20:16.617738+00:00,3,2026-06-04T09:20:16.617738+00:00
2026-06-04,new,53296519,,,,SEA VIEW APARTMENT IN A LUXURY LIVING,,350.0,,,BHD,monthly,,,,,,,,,,,26.21263313293457,50.67418670654297,,,,Gaylee Cammayo,,YES,,,,,,2026-05-31T13:58:31.068517+00:00,2026-06-04T09:20:16.617738+00:00,3,2026-06-04T09:20:16.617738+00:00
2026-06-04,new,53322795,,,,Luxury flat for rent/ Fontana Suites/Ready to move,,500.0,,,BHD,monthly,,,,,,,,,,,26.211111068725586,50.601112365722656,,,,Dafina Muca,,YES,,,,,,2026-06-02T00:10:52.106132+00:00,2026-06-04T09:20:16.617738+00:00,2,2026-06-04T09:20:16.617738+00:00
2026-06-04,new,53322801,,,,Elegant Fully Furnished Flat with Stunning View,,300.0,,,BHD,monthly,,,,,,,,,,,26.211111068725586,50.601112365722656,,,,Dafina Muca,,YES,,,,,,2026-06-02T00:10:52.106132+00:00,2026-06-04T09:20:16.617738+00:00,2,2026-06-04T09:20:16.617738+00:00
2026-06-04,new,53349941,,,,FREEHOLD | BRAND NEW | SEA VIEW | BEST OFFER,,55000.0,,,BHD,sell,,,,,,,,,,,26.287778854370117,50.66339111328125,,,,Hedia Al Sebaie,,PARTLY,,,,,,2026-05-31T13:58:31.068517+00:00,2026-06-04T09:20:16.617738+00:00,3,2026-06-04T09:20:16.617738+00:00
2026-06-04,new,53350010,,,,FREEHOLD | BRAND NEW | SEA VIEW | LUXURY LIVING,,123000.0,,,BHD,sell,,,,,,,,,,,26.21263313293457,50.67418670654297,,,,Hedia Al Sebaie,,PARTLY,,,,,,2026-05-31T13:58:31.068517+00:00,2026-06-04T09:20:16.617738+00:00,3,2026-06-04T09:20:16.617738+00:00
2026-06-04,new,53350171,,,,RA Plot in Askar | Affordable Price | 461 SQM,,104000.0,,,BHD,sell,,,,,,,,,,,26.05678367614746,50.61648178100586,,,,Duaa Alsayegh,,,,,,,,2026-05-31T13:58:31.068517+00:00,2026-06-04T09:20:16.617738+00:00,3,2026-06-04T09:20:16.617738+00:00
2026-06-04,new,53350839,,,,SEA VIEW COMFORT | MODERN 1BR | PREMIUM HOME,,400.0,,,BHD,monthly,,,,,,,,,,,26.211111068725586,50.601112365722656,,,,Farhan Tariq,,YES,,,,,,2026-05-31T21:39:42.444738+00:00,2026-06-04T09:20:16.617738+00:00,3,2026-06-04T09:20:16.617738+00:00
2026-06-04,new,53376881,,,,"Land for sale in Al-Ghaynah, between Jaw and Askar",,134356.0,,,BHD,sell,,,,,,,,,,,26.05678367614746,50.61648178100586,,,,Abdulfattah Ali,,,,,,,,2026-05-31T13:58:31.068517+00:00,2026-06-04T09:20:16.617738+00:00,3,2026-06-04T09:20:16.617738+00:00
2026-06-04,new,53377479,,,,"Restaurant | Indian and Chinese cuisine, Clientele",,20000.0,,,BHD,sell,,,,,,,,,,,26.214487075805664,50.584754943847656,,,,ABDUL JABBAR TAHIR,,YES,,,,,,2026-05-31T13:58:31.068517+00:00,2026-06-04T09:20:16.617738+00:00,3,2026-06-04T09:20:16.617738+00:00
2026-06-04,new,53378055,,,,shop in riffa from 2 doors,,120.0,,,BHD,monthly,,,,,,,,,,,26.1162166595459,50.57211685180664,,,,Zakariya  Khalid,,PARTLY,,,,,,2026-05-31T13:58:31.068517+00:00,2026-06-04T09:20:16.617738+00:00,3,2026-06-04T09:20:16.617738+00:00
2026-06-04,new,53404634,,,,Residential Land for Sale in Ras Hayyan,,56000.0,,,BHD,sell,,,,,,,,,,,26.040000915527344,50.63138961791992,,,,Hussain Mahfoodh,,,,,,,,2026-05-31T13:58:31.068517+00:00,2026-06-04T09:20:16.617738+00:00,3,2026-06-04T09:20:16.617738+00:00
2026-06-04,new,53404703,,,,Residential Land for Sale in Al Buhair,,87362.0,,,BHD,sell,,,,,,,,,,,26.149368286132812,50.56598663330078,,,,Hussain Mahfoodh,,,,,,,,2026-05-31T13:58:31.068517+00:00,2026-06-04T09:20:16.617738+00:00,3,2026-06-04T09:20:16.617738+00:00
2026-06-04,new,53404795,,,,Free Hold Cozy Sea View Apartment With Balcony,,50000.0,,,BHD,sell,,,,,,,,,,,26.21263313293457,50.67418670654297,,,,Mohammed Obaida,,YES,,,,,,2026-05-31T13:58:31.068517+00:00,2026-06-04T09:20:16.617738+00:00,3,2026-06-04T09:20:16.617738+00:00
2026-06-04,new,53404998,,,,Residential land for sale in Ras Hayyan,,95930.0,,,BHD,sell,,,,,,,,,,,26.040000915527344,50.63138961791992,,,,Ahmed Salman,,,,,,,,2026-05-31T13:58:31.068517+00:00,2026-06-04T09:20:16.617738+00:00,3,2026-06-04T09:20:16.617738+00:00
2026-06-04,new,53405265,,,,PRIME LOCATION | HIGH INVESTMENT POTENTIAL | SP,,3160000.0,,,BHD,sell,,,,,,,,,,,26.203187942504883,50.54228591918945,,,,Rolin Faouri,,,,,,,,2026-05-31T13:58:31.068517+00:00,2026-06-04T09:20:16.617738+00:00,3,2026-06-04T09:20:16.617738+00:00
2026-06-04,new,53405273,,,,Land For Sale In Hamad Town,,163397.0,,,BHD,sell,,,,,,,,,,,26.12916374206543,50.49860763549805,,,,Noaman Al Shajar,,,,,,,,2026-05-31T13:58:31.068517+00:00,2026-06-04T09:20:16.617738+00:00,3,2026-06-04T09:20:16.617738+00:00
2026-06-04,new,53405627,,,,Luxury / Gym / Swimming pool / Sea View / Marina,,45000.0,,,BHD,sell,,,,,,,,,,,25.860807418823242,50.604957580566406,,,,Arshad Thasim,,YES,,,,,,2026-05-31T13:58:31.068517+00:00,2026-06-04T09:20:16.617738+00:00,3,2026-06-04T09:20:16.617738+00:00
2026-06-04,new,53432057,,,,Residential Land for Sale in Al Lawzi,,138935.0,,,BHD,sell,,,,,,,,,,,26.12916374206543,50.49860763549805,,,,Noaman Al Shajar,,,,,,,,2026-05-31T13:58:31.068517+00:00,2026-06-04T09:20:16.617738+00:00,3,2026-06-04T09:20:16.617738+00:00
2026-06-04,new,53432236,,,,Land for Sale in Al Lawzi – Karzakan,,89500.0,,,BHD,sell,,,,,,,,,,,26.113693237304688,50.48170471191406,,,,Husain Mansoor,,,,,,,,2026-05-31T14:14:25.767990+00:00,2026-06-04T09:20:16.617738+00:00,3,2026-06-04T09:20:16.617738+00:00
2026-06-04,new,53432254,,,,Prime Residential Land for Sale in Malkiya,,67000.0,,,BHD,sell,,,,,,,,,,,26.100860595703125,50.48801040649414,,,,Husain Mansoor,,,,,,,,2026-05-31T13:58:31.068517+00:00,2026-06-04T09:20:16.617738+00:00,3,2026-06-04T09:20:16.617738+00:00
2026-06-04,new,53432265,,,,Land on two roads (front and back) in Hamad Town.,,144254.0,,,BHD,sell,,,,,,,,,,,26.12916374206543,50.49860763549805,,,,Husain Mansoor,,,,,,,,2026-05-31T13:58:31.068517+00:00,2026-06-04T09:20:16.617738+00:00,3,2026-06-04T09:20:16.617738+00:00
2026-06-04,new,53432274,,,,Prime Residential Land for Sale in Al Malkiyah,,67064.0,,,BHD,sell,,,,,,,,,,,26.100860595703125,50.48801040649414,,,,Husain Mansoor,,,,,,,,2026-05-31T13:58:31.068517+00:00,2026-06-04T09:20:16.617738+00:00,3,2026-06-04T09:20:16.617738+00:00
2026-06-04,new,53432296,,,,Prime Residential Land for Sale in Al Malkiyah,,67064.0,,,BHD,sell,,,,,,,,,,,26.100860595703125,50.48801040649414,,,,Husain Mansoor,,,,,,,,2026-05-31T13:58:31.068517+00:00,2026-06-04T09:20:16.617738+00:00,3,2026-06-04T09:20:16.617738+00:00
2026-06-04,new,53432318,,,,Residential Land in Prime Hamad Town Location,,137240.0,,,BHD,sell,,,,,,,,,,,26.12916374206543,50.49860763549805,,,,Husain Mansoor,,,,,,,,2026-05-31T13:58:31.068517+00:00,2026-06-04T09:20:16.617738+00:00,3,2026-06-04T09:20:16.617738+00:00
2026-06-04,new,53432323,,,,Residential Corner Plot for Sale in Hamad Town,,142600.0,,,BHD,sell,,,,,,,,,,,26.12916374206543,50.49860763549805,,,,Husain Mansoor,,,,,,,,2026-05-31T13:58:31.068517+00:00,2026-06-04T09:20:16.617738+00:00,3,2026-06-04T09:20:16.617738+00:00
2026-06-04,new,53432325,,,,Spacious Residential Plot in Hamad Town,,151142.0,,,BHD,sell,,,,,,,,,,,26.12916374206543,50.49860763549805,,,,Husain Mansoor,,,,,,,,2026-05-31T13:58:31.068517+00:00,2026-06-04T09:20:16.617738+00:00,3,2026-06-04T09:20:16.617738+00:00
2026-06-04,new,53432347,,,,Prime Residential Land for Sale in Al Malkiyah,,67064.0,,,BHD,sell,,,,,,,,,,,26.100860595703125,50.48801040649414,,,,Husain Mansoor,,,,,,,,2026-05-31T13:58:31.068517+00:00,2026-06-04T09:20:16.617738+00:00,3,2026-06-04T09:20:16.617738+00:00
2026-06-04,new,53432353,,,,Special price \ 1 road \ Distinctive land,,14617512.0,,,BHD,sell,,,,,,,,,,,26.20176887512207,50.53025436401367,,,,Ali AlBanna,,,,,,,,2026-05-31T13:58:31.068517+00:00,2026-06-04T09:20:16.617738+00:00,3,2026-06-04T09:20:16.617738+00:00
2026-06-04,new,53432567,,,,Prime Office | For Sale | Al Burhama | Investment,,26500.0,,,BHD,sell,,,,,,,,,,,26.239999771118164,50.5369987487793,,,,Mohammed Salman,,PARTLY,,,,,,2026-05-31T13:58:31.068517+00:00,2026-06-04T09:20:16.617738+00:00,3,2026-06-04T09:20:16.617738+00:00
2026-06-04,new,53432589,,,,Commercial Shop for Rent in Riffa,,140.0,,,BHD,monthly,,,,,,,,,,,26.130512237548828,50.55546569824219,,,,Ahmed Saleh,,PARTLY,,,,,,2026-05-31T13:58:31.068517+00:00,2026-06-04T09:20:16.617738+00:00,3,2026-06-04T09:20:16.617738+00:00
2026-06-04,new,53432625,,,,Meliá Hotels International Management Homes,,70000.0,,,BHD,sell,,,,,,,,,,,26.28470230102539,50.664039611816406,,,,Mohamad Abdou,,PARTLY,,,,,,2026-05-31T13:58:31.068517+00:00,2026-06-04T09:20:16.617738+00:00,3,2026-06-04T09:20:16.617738+00:00
2026-06-04,new,53432917,,,,DRIVE 228 | Where Business Meets Visibility,,1.0,,,BHD,monthly,,,,,,,,,,,26.27199935913086,50.60900115966797,,,,Raashid Kazi,,NO,,,,,,2026-05-31T13:58:31.068517+00:00,2026-06-04T09:20:16.617738+00:00,3,2026-06-04T09:20:16.617738+00:00
2026-06-04,new,53433299,,,,LOWER FLOOOR | SEA VIEW | NEW | GREENERY,,400.0,,,BHD,monthly,,,,,,,,,,,26.249584197998047,50.580360412597656,,,,Ismail Abdullah,,YES,,,,,,2026-05-31T13:58:31.068517+00:00,2026-06-04T09:20:16.617738+00:00,3,2026-06-04T09:20:16.617738+00:00
2026-06-04,new,53460361,,,,"Prime on 2 roads & corner, S, spacious area",,132073.0,,,BHD,sell,,,,,,,,,,,26.1634578704834,50.515289306640625,,,,MOHAMED NADER,,,,,,,,2026-05-31T13:58:31.068517+00:00,2026-06-04T09:20:16.617738+00:00,3,2026-06-04T09:20:16.617738+00:00
2026-06-04,new,53460755,,,,Maid + Driver Room | Luxury | PRIME Location,,2100.0,,,BHD,monthly,,,,,,,,,,,26.249584197998047,50.580360412597656,,,,Rawan Abdulwadood,,YES,,,,,,2026-05-31T13:58:31.068517+00:00,2026-06-04T09:20:16.617738+00:00,3,2026-06-04T09:20:16.617738+00:00
2026-06-04,new,53460924,,,,FREEHOLD - SEA VIEW - BRAND NEW 3 BEDROOM,,123000.0,,,BHD,sell,,,,,,,,,,,26.21263313293457,50.67418670654297,,,,Amani Khalifa,,PARTLY,,,,,,2026-05-31T13:58:31.068517+00:00,2026-06-04T09:20:16.617738+00:00,3,2026-06-04T09:20:16.617738+00:00
2026-06-04,new,53461000,,,,20% DOWNPAYMENT - SEA VIEW - READY TO MOVE IN,,86900.0,,,BHD,sell,,,,,,,,,,,26.293058395385742,50.65943908691406,,,,Amani Khalifa,,YES,,,,,,2026-05-31T13:58:31.068517+00:00,2026-06-04T09:20:16.617738+00:00,3,2026-06-04T09:20:16.617738+00:00
2026-06-04,new,53461006,,,,ONE BEDROOM FOR RENT - FOUR SEASONS VIEW,,420.0,,,BHD,monthly,,,,,,,,,,,26.249584197998047,50.580360412597656,,,,Amani Khalifa,,YES,,,,,,2026-05-31T13:58:31.068517+00:00,2026-06-04T09:20:16.617738+00:00,3,2026-06-04T09:20:16.617738+00:00
2026-06-04,new,53461012,,,,Panoramic Sea View l Spacious l Golden Visa,,123000.0,,,BHD,sell,,,,,,,,,,,26.21263313293457,50.67418670654297,,,,Rawan Abdulwadood,,PARTLY,,,,,,2026-05-31T13:58:31.068517+00:00,2026-06-04T09:20:16.617738+00:00,3,2026-06-04T09:20:16.617738+00:00
2026-06-04,new,53461040,,,,PENTHOUSE FOR SALE -PAYMENT PLAN - SEA VIEW,,215000.0,,,BHD,sell,,,,,,,,,,,26.293058395385742,50.65943908691406,,,,Amani Khalifa,,YES,,,,,,2026-05-31T13:58:31.068517+00:00,2026-06-04T09:20:16.617738+00:00,3,2026-06-04T09:20:16.617738+00:00
2026-06-04,new,53461179,,,,SEMIFURNISHED | 2 BHK | CLOSED KITCHEN | BALCONY,,250.0,,,BHD,monthly,,,,,,,,,,,26.21263313293457,50.67418670654297,,,,SILPA S,,PARTLY,,,,,,2026-05-31T13:58:31.068517+00:00,2026-06-04T09:20:16.617738+00:00,3,2026-06-04T09:20:16.617738+00:00
2026-06-04,new,53461200,,,,2BHK | SEMI FURNISHED @240BD with EWA,,240.0,,,BHD,monthly,,,,,,,,,,,26.21263313293457,50.67418670654297,,,,SILPA S,,PARTLY,,,,,,2026-05-31T13:58:31.068517+00:00,2026-06-04T09:20:16.617738+00:00,3,2026-06-04T09:20:16.617738+00:00
2026-06-04,new,53461327,,,,Spacious Family Apartment for Sale – East Riffa,,55000.0,,,BHD,sell,,,,,,,,,,,26.1162166595459,50.57211685180664,,,,Talal Al Halal ,,YES,,,,,,2026-05-31T13:58:31.068517+00:00,2026-06-04T09:20:16.617738+00:00,3,2026-06-04T09:20:16.617738+00:00
2026-06-04,new,53461361,,,,Prime Residential Land in Scenic Ras Hayan,,53400.0,,,BHD,sell,,,,,,,,,,,26.040000915527344,50.63138961791992,,,,Mohamed Khaled,,,,,,,,2026-05-31T13:58:31.068517+00:00,2026-06-04T09:20:16.617738+00:00,3,2026-06-04T09:20:16.617738+00:00
2026-06-04,new,53461404,,,,PENTHOUSE 3 BEDROOM - FOURSEASONS VIEWS,,2000.0,,,BHD,monthly,,,,,,,,,,,26.249584197998047,50.580360412597656,,,,Amani Khalifa,,YES,,,,,,2026-05-31T13:58:31.068517+00:00,2026-06-04T09:20:16.617738+00:00,3,2026-06-04T09:20:16.617738+00:00
2026-06-04,new,53488706,,,,Spacious 3 BHK Apartment with Majlis for Sale / MY,,65000.0,,,BHD,sell,,,,,,,,,,,26.149368286132812,50.56598663330078,,,,Nayla Tabussam,,NO,,,,,,2026-05-31T13:58:31.068517+00:00,2026-06-04T09:20:16.617738+00:00,3,2026-06-04T09:20:16.617738+00:00
2026-06-04,new,53488771,,,,One Month Free for Luxurious Apartment In Hidd,,400.0,,,BHD,monthly,,,,,,,,,,,26.21263313293457,50.67418670654297,,,,Sreekuttan Sreenivasan,,YES,,,,,,2026-05-31T13:58:31.068517+00:00,2026-06-04T09:20:16.617738+00:00,3,2026-06-04T09:20:16.617738+00:00
2026-06-04,new,53488983,,,,Free Hold Brand New Spacious Apartment Sea View,,63500.0,,,BHD,sell,,,,,,,,,,,26.21263313293457,50.67418670654297,,,,Mohammed Obaida,,NO,,,,,,2026-05-31T13:58:31.068517+00:00,2026-06-04T09:20:16.617738+00:00,3,2026-06-04T09:20:16.617738+00:00
2026-06-04,new,53489025,,,,Free Hold Brand New Spacious Apartment Sea View,,70000.0,,,BHD,sell,,,,,,,,,,,26.21263313293457,50.67418670654297,,,,Mohammed Obaida,,NO,,,,,,2026-05-31T13:58:31.068517+00:00,2026-06-04T09:20:16.617738+00:00,3,2026-06-04T09:20:16.617738+00:00
2026-06-04,new,53489269,,,,Prime Commercial Showroom | Main Road | 360 SQM,,2000.0,,,BHD,monthly,,,,,,,,,,,26.100860595703125,50.48801040649414,,,,Mohammed Salman,,PARTLY,,,,,,2026-05-31T13:58:31.068517+00:00,2026-06-04T09:20:16.617738+00:00,3,2026-06-04T09:20:16.617738+00:00
2026-06-04,new,53489438,,,,new shop for rent in nuwaidrat BD.130..,,130.0,,,BHD,monthly,,,,,,,,,,,26.133333206176758,50.599998474121094,,,,Sayed Hashem Hasan,,PARTLY,,,,,,2026-05-31T13:58:31.068517+00:00,2026-06-04T09:20:16.617738+00:00,3,2026-06-04T09:20:16.617738+00:00
2026-06-04,new,53489618,,,,Corner Prime Residential Land at Karzakan,,144129.0,,,BHD,sell,,,,,,,,,,,26.113693237304688,50.48170471191406,,,,Husain Mansoor,,,,,,,,2026-05-31T14:14:25.767990+00:00,2026-06-04T09:20:16.617738+00:00,3,2026-06-04T09:20:16.617738+00:00
2026-06-04,new,53489623,,,,Prime Residential Land for Sale in Karzakan,,300000.0,,,BHD,sell,,,,,,,,,,,26.113693237304688,50.48170471191406,,,,Husain Mansoor,,,,,,,,2026-05-31T14:14:25.767990+00:00,2026-06-04T09:20:16.617738+00:00,3,2026-06-04T09:20:16.617738+00:00
2026-06-04,new,53489895,,,,Premium I Seafront I Freehold I Brand-new,,123000.0,,,BHD,sell,,,,,,,,,,,26.21263313293457,50.67418670654297,,,,Abdulwahab Waheed,,PARTLY,,,,,,2026-05-31T13:58:31.068517+00:00,2026-06-04T09:20:16.617738+00:00,3,2026-06-04T09:20:16.617738+00:00
2026-06-04,new,53517451,,,,Sea View | Lower Floor | Best Layout in Building,,475.0,,,BHD,monthly,,,,,,,,,,,26.21263313293457,50.67418670654297,,,,Zain Shamsi,,YES,,,,,,2026-05-31T13:58:31.068517+00:00,2026-06-04T09:20:16.617738+00:00,3,2026-06-04T09:20:16.617738+00:00
2026-06-04,new,53549817,,,,Luxury Tower!! | Top-Class Amenities | Brand New,,525.0,,,BHD,monthly,,,,,,,,,,,26.249584197998047,50.580360412597656,,,,Anna Gaydaburova,,YES,,,,,,2026-05-31T13:58:31.068517+00:00,2026-06-04T09:20:16.617738+00:00,3,2026-06-04T09:20:16.617738+00:00
2026-06-04,new,53574777,,,,cozy l good price l closed kitchen l balcony,,300.0,,,BHD,monthly,,,,,,,,,,,26.211111068725586,50.601112365722656,,,,Monica Medhat,,YES,,,,,,2026-06-02T00:10:52.106132+00:00,2026-06-04T09:20:16.617738+00:00,2,2026-06-04T09:20:16.617738+00:00
2026-06-04,new,53574787,,,,good price l semi-open kitchen l family building,,280.0,,,BHD,monthly,,,,,,,,,,,26.211111068725586,50.601112365722656,,,,Monica Medhat,,YES,,,,,,2026-06-02T00:10:52.106132+00:00,2026-06-04T09:20:16.617738+00:00,2,2026-06-04T09:20:16.617738+00:00
2026-06-04,new,53575350,,,,Attractive Price - Luxury 3 BHK - A prime location,,51500.0,,,BHD,sell,,,,,,,,,,,26.21263313293457,50.67418670654297,,,,Odai Ajamieh,,PARTLY,,,,,,2026-05-31T13:58:31.068517+00:00,2026-06-04T09:20:16.617738+00:00,3,2026-06-04T09:20:16.617738+00:00
2026-06-04,new,53575351,,,,Brand New-Freehold-Luxury-Majlis - 2 Hall- 3 BHK,,62000.0,,,BHD,sell,,,,,,,,,,,26.21263313293457,50.67418670654297,,,,Odai Ajamieh,,NO,,,,,,2026-05-31T13:58:31.068517+00:00,2026-06-04T09:20:16.617738+00:00,3,2026-06-04T09:20:16.617738+00:00
2026-06-04,new,53575352,,,,Freehold - Brand New - Majlis - 2Hall - 4 bedrooms,,70000.0,,,BHD,sell,,,,,,,,,,,26.21263313293457,50.67418670654297,,,,Odai Ajamieh,,NO,,,,,,2026-05-31T13:58:31.068517+00:00,2026-06-04T09:20:16.617738+00:00,3,2026-06-04T09:20:16.617738+00:00
2026-06-04,new,53601474,,,,BRAND NEW - LUXURY - A PRIME LOCATIION - HOT DEAL,,71000.0,,,BHD,sell,,,,,,,,,,,26.21263313293457,50.67418670654297,,,,Odai Ajamieh,,NO,,,,,,2026-05-31T13:58:31.068517+00:00,2026-06-04T09:20:16.617738+00:00,3,2026-06-04T09:20:16.617738+00:00
2026-06-04,new,53601483,,,,HOT DEAL -LUXURY - BRAND NEW - MALIS HALL 3 BHK,,66000.0,,,BHD,sell,,,,,,,,,,,26.21263313293457,50.67418670654297,,,,Odai Ajamieh,,NO,,,,,,2026-05-31T13:58:31.068517+00:00,2026-06-04T09:20:16.617738+00:00,3,2026-06-04T09:20:16.617738+00:00
2026-06-04,new,53601486,,,,LUXURY 3 BEDROOMS - BRAND NEW - A PRIME LOCATION,,50500.0,,,BHD,sell,,,,,,,,,,,26.21263313293457,50.67418670654297,,,,Odai Ajamieh,,NO,,,,,,2026-05-31T13:58:31.068517+00:00,2026-06-04T09:20:16.617738+00:00,3,2026-06-04T09:20:16.617738+00:00
2026-06-04,new,53627268,,,,Cozy - Fully Furnished Apartment in Prime Location,,550.0,,,BHD,monthly,,,,,,,,,,,26.239999771118164,50.5369987487793,,,,Hamza Rajhi,,YES,,,,,,2026-05-31T13:58:31.068517+00:00,2026-06-04T09:20:16.617738+00:00,3,2026-06-04T09:20:16.617738+00:00
2026-06-04,new,53654992,,,,Shops for Rent in a Prime Location – Isa Town,,390.0,,,BHD,monthly,,,,,,,,,,,26.16529655456543,50.552181243896484,,,,Mustafa  Ebrahim,,NO,,,,,,2026-05-31T13:58:31.068517+00:00,2026-06-04T09:20:16.617738+00:00,3,2026-06-04T09:20:16.617738+00:00
2026-06-04,new,53655477,,,,8% ROI Guarantee - 2 YEAR PAYMENT- READY HANDOVER,,86000.0,,,BHD,sell,,,,,,,,,,,26.29302978515625,50.66474151611328,,,,Khalid Alkhaja,,YES,,,,,,2026-05-31T13:58:31.068517+00:00,2026-06-04T09:20:16.617738+00:00,3,2026-06-04T09:20:16.617738+00:00
2026-06-04,new,53681542,,,,NICE SEA VIEW SERENE FAMILY COZY HOME KIDS AREA,,55000.0,,,BHD,sell,,,,,,,,,,,26.287778854370117,50.66339111328125,,,,Fadi Eweida,,YES,,,,,,2026-05-31T13:58:31.068517+00:00,2026-06-04T09:20:16.617738+00:00,3,2026-06-04T09:20:16.617738+00:00
2026-06-04,new,53681700,,,,Shops for Rent in Prime Location Isa Town,,400.0,,,BHD,monthly,,,,,,,,,,,26.16529655456543,50.552181243896484,,,,Sayed Hashem Hasan,,NO,,,,,,2026-05-31T13:58:31.068517+00:00,2026-06-04T09:20:16.617738+00:00,3,2026-06-04T09:20:16.617738+00:00
2026-06-04,new,53682209,,,,modern l sea view l balcony l open kitchen,,300.0,,,BHD,monthly,,,,,,,,,,,26.211111068725586,50.601112365722656,,,,Monica Medhat,,YES,,,,,,2026-06-02T00:10:52.106132+00:00,2026-06-04T09:20:16.617738+00:00,2,2026-06-04T09:20:16.617738+00:00
2026-06-04,new,53682415,,,,Opposite Hilton | Company Managed | City Views,,350.0,,,BHD,monthly,,,,,,,,,,,26.239999771118164,50.5369987487793,,,,Zain Shamsi,,YES,,,,,,2026-05-31T13:58:31.068517+00:00,2026-06-04T09:20:16.617738+00:00,3,2026-06-04T09:20:16.617738+00:00
2026-06-04,new,53682591,,,,Shops for Rent in a Prime Location – Isa Town,,660.0,,,BHD,monthly,,,,,,,,,,,26.16529655456543,50.552181243896484,,,,Sayed Hashem Hasan,,NO,,,,,,2026-05-31T13:58:31.068517+00:00,2026-06-04T09:20:16.617738+00:00,3,2026-06-04T09:20:16.617738+00:00
2026-06-04,new,53682769,,,,Prime location Shop In Isa Town,,420.0,,,BHD,monthly,,,,,,,,,,,26.16529655456543,50.552181243896484,,,,Mahmood  Saeed,,NO,,,,,,2026-05-31T13:58:31.068517+00:00,2026-06-04T09:20:16.617738+00:00,3,2026-06-04T09:20:16.617738+00:00
2026-06-04,new,53682925,,,,Marina Lifestyle with Boat or Jet Ski Access,,450.0,,,BHD,monthly,,,,,,,,,,,26.2847957611084,50.669620513916016,,,,Christian Brunet,,YES,,,,,,2026-05-31T13:58:31.068517+00:00,2026-06-04T09:20:16.617738+00:00,3,2026-06-04T09:20:16.617738+00:00
2026-06-04,new,53710109,,,,Last Unit | City View | Housekeeping | Internet,,550.0,,,BHD,monthly,,,,,,,,,,,26.21693992614746,50.57733154296875,,,,Abijeet    ,,YES,,,,,,2026-05-31T13:58:31.068517+00:00,2026-06-04T09:20:16.617738+00:00,3,2026-06-04T09:20:16.617738+00:00
2026-06-04,new,53764806,,,,LUXURY 2BHK | PAYMENT PLAN | ELEGANTLY FURNISHED,,93000.0,,,BHD,sell,,,,,,,,,,,26.29302978515625,50.66474151611328,,,,Loai Bitar,,YES,,,,,,2026-05-31T13:58:31.068517+00:00,2026-06-04T09:20:16.617738+00:00,3,2026-06-04T09:20:16.617738+00:00
2026-06-04,new,53764812,,,,LUXURY/ALL INCLUSIVE/HS.KEEPING/MODERN,,399.0,,,BHD,monthly,,,,,,,,,,,26.239999771118164,50.5369987487793,,,,Sahebaz Makki,,YES,,,,,,2026-05-31T13:58:31.068517+00:00,2026-06-04T09:20:16.617738+00:00,3,2026-06-04T09:20:16.617738+00:00
2026-06-04,new,53765029,,,,BRAND NEW| 2BHK | SEMIFURNISHED| NEAR IIPA,,250.0,,,BHD,monthly,,,,,,,,,,,26.21693992614746,50.57733154296875,,,,JASIM AHMED ABDULLA MOHAMED HASAN,,YES,,,,,,2026-05-31T13:58:31.068517+00:00,2026-06-04T09:20:16.617738+00:00,3,2026-06-04T09:20:16.617738+00:00
2026-06-04,new,53765192,,,,Spacious | Panoramic View | 2 bedroom for rent,,650.0,,,BHD,monthly,,,,,,,,,,,26.239999771118164,50.5369987487793,,,,Linda Mehdi,,YES,,,,,,2026-05-31T13:58:31.068517+00:00,2026-06-04T09:20:16.617738+00:00,3,2026-06-04T09:20:16.617738+00:00
2026-06-04,new,53765500,,,,Sea View | Boat Mooring | Big Patio,,950.0,,,BHD,monthly,,,,,,,,,,,26.2847957611084,50.669620513916016,,,,Sonali Fernandes,,YES,,,,,,2026-05-31T13:58:31.068517+00:00,2026-06-04T09:20:16.617738+00:00,3,2026-06-04T09:20:16.617738+00:00
2026-06-04,new,53792706,,,,Bright | Ready Unit | Well Maintained | Spacious,,105000.0,,,BHD,sell,,,,,,,,,,,26.29302978515625,50.66474151611328,,,,Lijas Ali,,YES,,,,,,2026-05-31T13:58:31.068517+00:00,2026-06-04T09:20:16.617738+00:00,3,2026-06-04T09:20:16.617738+00:00
2026-06-04,new,53792866,,,,Brand New Furniture | Walk to City Center - Hilton,,400.0,,,BHD,monthly,,,,,,,,,,,26.239999771118164,50.5369987487793,,,,Zain Shamsi,,YES,,,,,,2026-05-31T13:58:31.068517+00:00,2026-06-04T09:20:16.617738+00:00,3,2026-06-04T09:20:16.617738+00:00
2026-06-04,new,53792920,,,,Stunning Bahrain's View | Neat and Clean,,350.0,,,BHD,monthly,,,,,,,,,,,26.239999771118164,50.5369987487793,,,,Zain Shamsi,,YES,,,,,,2026-05-31T13:58:31.068517+00:00,2026-06-04T09:20:16.617738+00:00,3,2026-06-04T09:20:16.617738+00:00
2026-06-04,new,53793310,,,,Payment Plan | Hotel Facilities | Private cinema,,85000.0,,,BHD,sell,,,,,,,,,,,26.287778854370117,50.66339111328125,,,,AYCHA,,YES,,,,,,2026-05-31T13:58:31.068517+00:00,2026-06-04T09:20:16.617738+00:00,3,2026-06-04T09:20:16.617738+00:00
2026-06-04,new,53821273,,,,HOT PROPERTY | SEA VIEW BALCONY | PRIME 2BR,,600.0,,,BHD,monthly,,,,,,,,,,,26.239999771118164,50.5369987487793,,,,Farhan Tariq,,YES,,,,,,2026-05-31T13:58:31.068517+00:00,2026-06-04T09:20:16.617738+00:00,3,2026-06-04T09:20:16.617738+00:00
2026-06-04,new,53821284,,,,HOT PROPERTY | SEA VIEW | BEST DEAL,,550.0,,,BHD,monthly,,,,,,,,,,,26.239999771118164,50.5369987487793,,,,Farhan Tariq,,YES,,,,,,2026-05-31T13:58:31.068517+00:00,2026-06-04T09:20:16.617738+00:00,3,2026-06-04T09:20:16.617738+00:00
2026-06-04,new,53821426,,,,HOT DEAL/VERY SPACIOUS/STORE/BALCONY /TWO BHK,,350.0,,,BHD,monthly,,,,,,,,,,,26.211111068725586,50.601112365722656,,,,MD Washim MD Shamsul Haque Prodhan,,YES,,,,,,2026-05-31T21:39:42.444738+00:00,2026-06-04T09:20:16.617738+00:00,3,2026-06-04T09:20:16.617738+00:00
2026-06-04,new,53821618,,,,Fully Renovated 3 BR Balcony Madi's room Kids Area,,83000.0,,,BHD,sell,,,,,,,,,,,26.287778854370117,50.66339111328125,,,,Muhammad Jahengir Akram,,YES,,,,,,2026-05-31T13:58:31.068517+00:00,2026-06-04T09:20:16.617738+00:00,3,2026-06-04T09:20:16.617738+00:00
2026-06-04,new,53821631,,,,New I Luxury | Modern | House Keeping | Balcony,,550.0,,,BHD,monthly,,,,,,,,,,,26.211111068725586,50.601112365722656,,,,Antony Shaiju,,YES,,,,,,2026-05-31T21:39:42.444738+00:00,2026-06-04T09:20:16.617738+00:00,3,2026-06-04T09:20:16.617738+00:00
2026-06-04,new,53821862,,,,Safe Family Compound with Excellent Kids Faclts,,350.0,,,BHD,monthly,,,,,,,,,,,26.211111068725586,50.601112365722656,,,,Antony Shaiju,,YES,,,,,,2026-05-31T21:39:42.444738+00:00,2026-06-04T09:20:16.617738+00:00,3,2026-06-04T09:20:16.617738+00:00
2026-06-04,new,53821870,,,,Sea View I Modernly Furnished I Premium Facilities,,280.0,,,BHD,monthly,,,,,,,,,,,26.211111068725586,50.601112365722656,,,,Antony Shaiju,,YES,,,,,,2026-05-31T21:39:42.444738+00:00,2026-06-04T09:20:16.617738+00:00,3,2026-06-04T09:20:16.617738+00:00
2026-06-04,new,53822031,,,,STYLISH APARTMENT | EXCEPTIONAL FACILITIES,,67000.0,,,BHD,sell,,,,,,,,,,,26.287778854370117,50.66339111328125,,,,Faten Seyeh,,YES,,,,,,2026-05-31T13:58:31.068517+00:00,2026-06-04T09:20:16.617738+00:00,3,2026-06-04T09:20:16.617738+00:00
2026-06-04,new,53822063,,,,HOT DEAL/SEA VIEW/NEAR LULU/ONE BHK/BIG BALCONY,,300.0,,,BHD,monthly,,,,,,,,,,,26.211111068725586,50.601112365722656,,,,MD Washim MD Shamsul Haque Prodhan,,YES,,,,,,2026-05-31T21:39:42.444738+00:00,2026-06-04T09:20:16.617738+00:00,3,2026-06-04T09:20:16.617738+00:00
2026-06-04,new,53822615,,,,LOW FLOOR | SEA VIEW | BALCONY | SEEF AVENUE,,480.0,,,BHD,monthly,,,,,,,,,,,26.239999771118164,50.5369987487793,,,,Ismail Abdullah,,YES,,,,,,2026-05-31T13:58:31.068517+00:00,2026-06-04T09:20:16.617738+00:00,3,2026-06-04T09:20:16.617738+00:00
2026-06-04,new,53822638,,,,"ELEGANT SEA VIEW 3BR, GOOD FURNITURE",,97000.0,,,BHD,sell,,,,,,,,,,,26.287778854370117,50.66339111328125,,,,Fadi Eweida,,YES,,,,,,2026-05-31T13:58:31.068517+00:00,2026-06-04T09:20:16.617738+00:00,3,2026-06-04T09:20:16.617738+00:00
2026-06-04,new,53822655,,,,AFFORDABLE MODERN DESIGN | GYM | POOL | SEA VIEW,,54000.0,,,BHD,sell,,,,,,,,,,,26.29302978515625,50.66474151611328,,,,Fadi Eweida,,YES,,,,,,2026-05-31T13:58:31.068517+00:00,2026-06-04T09:20:16.617738+00:00,3,2026-06-04T09:20:16.617738+00:00
2026-06-04,new,53823047,,,,BRAND NEW FURNITURE AND FULLY RENOVATED | BALCONY,,600.0,,,BHD,monthly,,,,,,,,,,,26.239999771118164,50.5369987487793,,,,Anza Khurram,,YES,,,,,,2026-05-31T13:58:31.068517+00:00,2026-06-04T09:20:16.617738+00:00,3,2026-06-04T09:20:16.617738+00:00
2026-06-04,new,53849883,,,,Beach Access | Gem in the Sky | High Ceiling,,1600.0,,,BHD,monthly,,,,,,,,,,,26.239999771118164,50.5369987487793,,,,Adeel Ajaz,,YES,,,,,,2026-05-31T13:58:31.068517+00:00,2026-06-04T09:20:16.617738+00:00,3,2026-06-04T09:20:16.617738+00:00
2026-06-04,new,53850031,,,,spacious flat l sea view l balcony l storage,,450.0,,,BHD,monthly,,,,,,,,,,,26.211111068725586,50.601112365722656,,,,Monica Medhat,,YES,,,,,,2026-06-02T00:10:52.106132+00:00,2026-06-04T09:20:16.617738+00:00,2,2026-06-04T09:20:16.617738+00:00
2026-06-04,new,53850385,,,,Sea-View I Modern I Duplex IGreat Facilities IWifi,,450.0,,,BHD,monthly,,,,,,,,,,,26.239999771118164,50.5369987487793,,,,Antony Shaiju,,YES,,,,,,2026-05-31T13:58:31.068517+00:00,2026-06-04T09:20:16.617738+00:00,3,2026-06-04T09:20:16.617738+00:00
2026-06-04,new,53850549,,,,Brand New | Stylish IModernI Balcony I Great View,,300.0,,,BHD,monthly,,,,,,,,,,,26.211111068725586,50.601112365722656,,,,Antony Shaiju,,YES,,,,,,2026-05-31T21:39:42.444738+00:00,2026-06-04T09:20:16.617738+00:00,3,2026-06-04T09:20:16.617738+00:00
2026-06-04,new,53851486,,,,SPECIAL OFFER  * SPACIOUS* CLOSE CITY CENTER* GYM,,550.0,,,BHD,monthly,,,,,,,,,,,26.239999771118164,50.5369987487793,,,,Anna Gaydaburova,,YES,,,,,,2026-05-31T13:58:31.068517+00:00,2026-06-04T09:20:16.617738+00:00,3,2026-06-04T09:20:16.617738+00:00
2026-06-04,new,53878575,,,,Great View | Modern | Spacious I Great Facilities,,400.0,,,BHD,monthly,,,,,,,,,,,26.239999771118164,50.5369987487793,,,,Antony Shaiju,,YES,,,,,,2026-05-31T13:58:31.068517+00:00,2026-06-04T09:20:16.617738+00:00,3,2026-06-04T09:20:16.617738+00:00
2026-06-04,new,53906154,,,,Luxury 1BR Apartment | Prime Seef Location | Pool,,475.0,,,BHD,monthly,,,,,,,,,,,26.239999771118164,50.5369987487793,,,,Antony Shaiju,,YES,,,,,,2026-05-31T13:58:31.068517+00:00,2026-06-04T09:20:16.617738+00:00,3,2026-06-04T09:20:16.617738+00:00
2026-06-04,new,53906434,,,,Amazing Sea View | Big Balcony | Internet,,350.0,,,BHD,monthly,,,,,,,,,,,26.239999771118164,50.5369987487793,,,,Antony Shaiju,,YES,,,,,,2026-05-31T13:58:31.068517+00:00,2026-06-04T09:20:16.617738+00:00,3,2026-06-04T09:20:16.617738+00:00
2026-06-04,new,53906487,,,,Sea View 3BR Penthouse with Balconies,,1600.0,,,BHD,monthly,,,,,,,,,,,26.239999771118164,50.5369987487793,,,,Husain Alsebea,,YES,,,,,,2026-05-31T13:58:31.068517+00:00,2026-06-04T09:20:16.617738+00:00,3,2026-06-04T09:20:16.617738+00:00
2026-06-04,new,53933323,,,,5* AMENITIES/SPACIOUS/SAFE/2 BATHS/CPR TAX,,280.0,,,BHD,monthly,,,,,,,,,,,26.211111068725586,50.601112365722656,,,,Sahebaz Makki,,YES,,,,,,2026-05-31T21:39:42.444738+00:00,2026-06-04T09:20:16.617738+00:00,3,2026-06-04T09:20:16.617738+00:00
2026-06-04,new,53933413,,,,Safe Area I House Keeping I 3 Balcony I 3Bathroom,,350.0,,,BHD,monthly,,,,,,,,,,,26.211111068725586,50.601112365722656,,,,Antony Shaiju,,YES,,,,,,2026-05-31T21:39:42.444738+00:00,2026-06-04T09:20:16.617738+00:00,3,2026-06-04T09:20:16.617738+00:00
2026-06-04,new,53933519,,,,Sea View I Spacious | House Keeping I Balcony,,300.0,,,BHD,monthly,,,,,,,,,,,26.211111068725586,50.601112365722656,,,,Antony Shaiju,,YES,,,,,,2026-05-31T21:39:42.444738+00:00,2026-06-04T09:20:16.617738+00:00,3,2026-06-04T09:20:16.617738+00:00
2026-06-04,new,53933562,,,,Safe Area IClosed Kitchen I BalconyI House Keeping,,400.0,,,BHD,monthly,,,,,,,,,,,26.211111068725586,50.601112365722656,,,,Antony Shaiju,,YES,,,,,,2026-05-31T21:39:42.444738+00:00,2026-06-04T09:20:16.617738+00:00,3,2026-06-04T09:20:16.617738+00:00
2026-06-04,new,53933634,,,,Sea View|Balcony|Spacious|All Inclusive|High Floor,,250.0,,,BHD,monthly,,,,,,,,,,,26.211111068725586,50.601112365722656,,,,Hazeeth,,YES,,,,,,2026-05-31T21:39:42.444738+00:00,2026-06-04T09:20:16.617738+00:00,3,2026-06-04T09:20:16.617738+00:00
2026-06-04,new,53933667,,,,Elegant Luxury 2BR|Modern Living| Prime Location,,700.0,,,BHD,monthly,,,,,,,,,,,26.239999771118164,50.5369987487793,,,,Antony Shaiju,,YES,,,,,,2026-05-31T13:58:31.068517+00:00,2026-06-04T09:20:16.617738+00:00,3,2026-06-04T09:20:16.617738+00:00
2026-06-04,new,53933799,,,,Spacious Apartment | Large Terrace | Seef Center,,550.0,,,BHD,monthly,,,,,,,,,,,26.239999771118164,50.5369987487793,,,,Antony Shaiju,,YES,,,,,,2026-05-31T13:58:31.068517+00:00,2026-06-04T09:20:16.617738+00:00,3,2026-06-04T09:20:16.617738+00:00
2026-06-04,new,53934095,,,,Zawia2 | Freehold | Balcony | Seaview | Pool | Gym,,49000.0,,,BHD,sell,,,,,,,,,,,26.29302978515625,50.66474151611328,,,,Mohamed Jamal,,PARTLY,,,,,,2026-05-31T13:58:31.068517+00:00,2026-06-04T09:20:16.617738+00:00,3,2026-06-04T09:20:16.617738+00:00
2026-06-04,new,53934212,,,,Beautiful Studio|Balcony||Inclusive,,250.0,,,BHD,monthly,,,,,,,,,,,26.21263313293457,50.67418670654297,,,,Hammad Naseem,,YES,,,,,,2026-05-31T13:58:31.068517+00:00,2026-06-04T09:20:16.617738+00:00,3,2026-06-04T09:20:16.617738+00:00
2026-06-04,new,53934374,,,,1 BHK | Balcony | Living Room | Closed kitchen,,180.0,,,BHD,monthly,,,,,,,,,,,26.21263313293457,50.67418670654297,,,,Muhammad Usman,,PARTLY,,,,,,2026-05-31T13:58:31.068517+00:00,2026-06-04T09:20:16.617738+00:00,3,2026-06-04T09:20:16.617738+00:00
2026-06-04,new,53960283,,,,Majestic Villa | Private Pool | Outdoor Majlis,,450000.0,,,BHD,sell,,,,,,,,,,,26.097333908081055,50.56736373901367,,,,Majeed Moosa,,YES,,,,,,2026-05-31T13:58:31.068517+00:00,2026-06-04T09:20:16.617738+00:00,3,2026-06-04T09:20:16.617738+00:00
2026-06-04,new,53961113,,,,Best price | Sea View 2BR | All Inclusive | Luxury,,400.0,,,BHD,monthly,,,,,,,,,,,26.211111068725586,50.601112365722656,,,,Owais Khan Suri,,YES,,,,,,2026-05-31T21:39:42.444738+00:00,2026-06-04T09:20:16.617738+00:00,3,2026-06-04T09:20:16.617738+00:00
2026-06-04,new,53986849,,,,SEEF AVENUE | SUN SHINE | LUXURY | 5 STAR,,300.0,,,BHD,monthly,,,,,,,,,,,26.239999771118164,50.5369987487793,,,,Ismail Abdullah,,YES,,,,,,2026-05-31T13:58:31.068517+00:00,2026-06-04T09:20:16.617738+00:00,3,2026-06-04T09:20:16.617738+00:00
2026-06-04,new,53986910,,,,MODERN│SEA VIEW/BALCONY│BRIGHT│2 BATHS│SPACIOUS,,275.0,,,BHD,monthly,,,,,,,,,,,26.211111068725586,50.601112365722656,,,,Sahebaz Makki,,YES,,,,,,2026-05-31T21:39:42.444738+00:00,2026-06-04T09:20:16.617738+00:00,3,2026-06-04T09:20:16.617738+00:00
2026-06-04,new,53986949,,,,MODERN │ SPACIOUS│ CLOSE KITCHEN │VIEW │STORE,,390.0,,,BHD,monthly,,,,,,,,,,,26.211111068725586,50.601112365722656,,,,Sahebaz Makki,,YES,,,,,,2026-05-31T21:39:42.444738+00:00,2026-06-04T09:20:16.617738+00:00,3,2026-06-04T09:20:16.617738+00:00
2026-06-04,new,53986950,,,,MODERN│ SPACIOUS │BALCONY│ SAFE│ 3BATH│OWN JACUZI,,360.0,,,BHD,monthly,,,,,,,,,,,26.211111068725586,50.601112365722656,,,,Sahebaz Makki,,YES,,,,,,2026-05-31T21:39:42.444738+00:00,2026-06-04T09:20:16.617738+00:00,3,2026-06-04T09:20:16.617738+00:00
2026-06-04,new,53986964,,,,450 NOW 400┃INCLUSIVE│PRIVATE TERRACE│HS.KEEPING,,400.0,,,BHD,monthly,,,,,,,,,,,26.211111068725586,50.601112365722656,,,,Sahebaz Makki,,YES,,,,,,2026-05-31T21:39:42.444738+00:00,2026-06-04T09:20:16.617738+00:00,3,2026-06-04T09:20:16.617738+00:00
2026-06-04,new,53986979,,,,MODERN│VERY SPACIOUS │BALCONY│STORE│BRIGHT,,350.0,,,BHD,monthly,,,,,,,,,,,26.211111068725586,50.601112365722656,,,,Sahebaz Makki,,YES,,,,,,2026-05-31T13:58:31.068517+00:00,2026-06-04T09:20:16.617738+00:00,3,2026-06-04T09:20:16.617738+00:00
2026-06-04,new,53986988,,,,NEW/FAMILY/CLOSE KITCHEN/BALCONY/NO DEPOSIT,,320.0,,,BHD,monthly,,,,,,,,,,,26.211111068725586,50.601112365722656,,,,Sahebaz Makki,,YES,,,,,,2026-05-31T13:58:31.068517+00:00,2026-06-04T09:20:16.617738+00:00,3,2026-06-04T09:20:16.617738+00:00
2026-06-04,new,53986998,,,,SEA VIEW │MODERN/OFFER│DEAL │SPACIOUS │HS.KEEPING,,300.0,,,BHD,monthly,,,,,,,,,,,26.211111068725586,50.601112365722656,,,,Sahebaz Makki,,YES,,,,,,2026-05-31T13:58:31.068517+00:00,2026-06-04T09:20:16.617738+00:00,3,2026-06-04T09:20:16.617738+00:00
2026-06-04,new,53987005,,,,Stylish 1BR Furnished Apartment in Seef,,350.0,,,BHD,monthly,,,,,,,,,,,26.239999771118164,50.5369987487793,,,,Hamza Rajhi,,YES,,,,,,2026-05-31T13:58:31.068517+00:00,2026-06-04T09:20:16.617738+00:00,3,2026-06-04T09:20:16.617738+00:00
2026-06-04,new,53987214,,,,"Villa-like Fabulous 3 bed, maidsroom, Huge Terrace",,1200.0,,,BHD,monthly,,,,,,,,,,,26.239999771118164,50.5369987487793,,,,Eva Gavin,,PARTLY,,,,,,2026-05-31T13:58:31.068517+00:00,2026-06-04T09:20:16.617738+00:00,3,2026-06-04T09:20:16.617738+00:00
2026-06-04,new,54013482,,,,New Modern | Bright | Private Jacuzzi | Balcony,,360.0,,,BHD,monthly,,,,,,,,,,,26.211111068725586,50.601112365722656,,,,Antony Shaiju,,YES,,,,,,2026-06-02T00:10:52.106132+00:00,2026-06-04T09:20:16.617738+00:00,2,2026-06-04T09:20:16.617738+00:00
2026-06-04,new,54013763,,,,Special Deal| Without Cooker |Limited Units|Studio,,180.0,,,BHD,monthly,,,,,,,,,,,26.211111068725586,50.601112365722656,,,,Hazeeth,,YES,,,,,,2026-06-02T00:10:52.106132+00:00,2026-06-04T09:20:16.617738+00:00,2,2026-06-04T09:20:16.617738+00:00
2026-06-04,new,54014685,,,,Special Price|Sea View|Balcony|Bright-Modern|1BHK,,299.0,,,BHD,monthly,,,,,,,,,,,26.211111068725586,50.601112365722656,,,,Hazeeth,,YES,,,,,,2026-06-02T00:10:52.106132+00:00,2026-06-04T09:20:16.617738+00:00,2,2026-06-04T09:20:16.617738+00:00
2026-06-04,new,54041051,,,,Spacious I Balcony I Modern I 5 Star Facilities,,300.0,,,BHD,monthly,,,,,,,,,,,26.211111068725586,50.601112365722656,,,,Antony Shaiju,,YES,,,,,,2026-06-02T09:27:30.892318+00:00,2026-06-04T09:20:16.617738+00:00,1,2026-06-04T09:20:16.617738+00:00
2026-06-04,new,54041891,,,,MODERN┃ BRAND NEW┃SAFE┃BRIGHT┃SPACIOUS┃2BATHS,,280.0,,,BHD,monthly,,,,,,,,,,,26.211111068725586,50.601112365722656,,,,Sahebaz Makki,,YES,,,,,,2026-06-02T13:15:39.812588+00:00,2026-06-04T09:20:16.617738+00:00,1,2026-06-04T09:20:16.617738+00:00
2026-06-04,new,54042270,,,,Luxurious|Panoramic View|Balcony|1BR|Bright-Modern,,310.0,,,BHD,monthly,,,,,,,,,,,26.211111068725586,50.601112365722656,,,,Hazeeth,,YES,,,,,,2026-06-02T17:34:08.678888+00:00,2026-06-04T09:20:16.617738+00:00,1,2026-06-04T09:20:16.617738+00:00
2026-06-04,new,54068459,,,,LUXURIOUS | SPACIOUS APARTMENT | BALCONY SEAVIEWS,,290.0,,,BHD,monthly,,,,,,,,,,,26.21263313293457,50.67418670654297,,,,Sameh Gabr,,PARTLY,,,,,,2026-06-03T09:37:20.928181+00:00,2026-06-04T09:20:16.617738+00:00,0,2026-06-04T09:20:16.617738+00:00
2026-06-04,new,54069042,,,,3BHK WITH MAID ROOM UNLIMITED EWA INCLUDED,,450.0,,,BHD,monthly,,,,,,,,,,,26.21263313293457,50.67418670654297,,,,Osama Butt,,YES,,,,,,2026-06-03T13:37:01.156638+00:00,2026-06-04T09:20:16.617738+00:00,0,2026-06-04T09:20:16.617738+00:00
2026-06-04,new,54095276,,,,1 BEDROOM APARTMENT | LUXURY | BALCONY | IN SEEF,,400.0,,,BHD,monthly,,,,,,,,,,,26.239999771118164,50.5369987487793,,,,Mohamed Ali,,YES,,,,,,2026-06-04T09:20:16.617738+00:00,2026-06-04T09:20:16.617738+00:00,0,2026-06-04T09:20:16.617738+00:00
2026-06-04,new,54095277,,,,Luxury 1BR for Rent | Balcony | Navy Approved,,350.0,,,BHD,monthly,,,,,,,,,,,26.27286720275879,50.672889709472656,,,,Mohamed Ali,,YES,,,,,,2026-06-04T09:20:16.617738+00:00,2026-06-04T09:20:16.617738+00:00,0,2026-06-04T09:20:16.617738+00:00
2026-06-04,new,54095310,,,,Sea View 2BHK | Pool Gym | Sauna Steam | BBQ Area,,600.0,,,BHD,monthly,,,,,,,,,,,26.287778854370117,50.66339111328125,,,,Muhammad Usman,,YES,,,,,,2026-06-04T09:20:16.617738+00:00,2026-06-04T09:20:16.617738+00:00,0,2026-06-04T09:20:16.617738+00:00
2026-06-04,new,54095343,,,,Spacious And Fully Renovated 2 Bedroom | Sea view,,425.0,,,BHD,monthly,,,,,,,,,,,26.29302978515625,50.66474151611328,,,,Muhammad Usman,,YES,,,,,,2026-06-04T09:20:16.617738+00:00,2026-06-04T09:20:16.617738+00:00,0,2026-06-04T09:20:16.617738+00:00
2026-06-04,new,54095344,,,,Extra Huge 3BR + Store Room | Balcony  Garden View,,400.0,,,BHD,monthly,,,,,,,,,,,26.288480758666992,50.66381072998047,,,,Muhammad Usman,,YES,,,,,,2026-06-04T09:20:16.617738+00:00,2026-06-04T09:20:16.617738+00:00,0,2026-06-04T09:20:16.617738+00:00
2026-06-04,new,54095345,,,,SPACIOUS-MODERN-SEA VIEW-PRIVATE POOL-STAND ALONE,,2200.0,,,BHD,monthly,,,,,,,,,,,26.29302978515625,50.66474151611328,,,,Alice Muthoni,,YES,,,,,,2026-06-04T09:20:16.617738+00:00,2026-06-04T09:20:16.617738+00:00,0,2026-06-04T09:20:16.617738+00:00
2026-06-04,new,54095347,,,,BIG LAYOUT/ WELL MAINTAINED/ COZY AND CLEAN,,325.0,,,BHD,monthly,,,,,,,,,,,26.27286720275879,50.672889709472656,,,,Katarzyna Smolinska3668,,YES,,,,,,2026-06-04T09:20:16.617738+00:00,2026-06-04T09:20:16.617738+00:00,0,2026-06-04T09:20:16.617738+00:00
2026-06-04,new,54095348,,,,SPACIOUS DUPLEX-MODERN-PRIME AREA-NEAR DHL,,320.0,,,BHD,monthly,,,,,,,,,,,26.203079223632812,50.594947814941406,,,,Alice Muthoni,,YES,,,,,,2026-06-04T09:20:16.617738+00:00,2026-06-04T09:20:16.617738+00:00,0,2026-06-04T09:20:16.617738+00:00
2026-06-04,new,54095350,,,,SPACIOUS MODERN-KIDS PLAY AREA-FAMILY FRIENDLY,,400.0,,,BHD,monthly,,,,,,,,,,,26.203079223632812,50.594947814941406,,,,Alice Muthoni,,YES,,,,,,2026-06-04T09:20:16.617738+00:00,2026-06-04T09:20:16.617738+00:00,0,2026-06-04T09:20:16.617738+00:00
2026-06-04,new,54095352,,,,GATED COMPOUND-QUIET RESIDENTIAL AREA-FACILITIES,,900.0,,,BHD,monthly,,,,,,,,,,,26.21672821044922,50.55367660522461,,,,Alice Muthoni,,YES,,,,,,2026-06-04T09:20:16.617738+00:00,2026-06-04T09:20:16.617738+00:00,0,2026-06-04T09:20:16.617738+00:00
2026-06-04,new,54095353,,,,Beach Access / Resort Living / Maids Room/ MEENA 7,,700.0,,,BHD,monthly,,,,,,,,,,,26.2847957611084,50.669620513916016,,,,Katarzyna Smolinska3668,,YES,,,,,,2026-06-04T09:20:16.617738+00:00,2026-06-04T09:20:16.617738+00:00,0,2026-06-04T09:20:16.617738+00:00
2026-06-04,new,54095356,,,,BOAT MOORING-BEACH ACCESS-MAIDSROOM-READY FOR RENT,,1400.0,,,BHD,monthly,,,,,,,,,,,26.2847957611084,50.669620513916016,,,,Alice Muthoni,,YES,,,,,,2026-06-04T09:20:16.617738+00:00,2026-06-04T09:20:16.617738+00:00,0,2026-06-04T09:20:16.617738+00:00
2026-06-04,new,54095359,,,,MODERN URBAN LIVING -SECURED COMPOUND-PRIVATE POOL,,1800.0,,,BHD,monthly,,,,,,,,,,,26.140336990356445,50.478271484375,,,,Alice Muthoni,,PARTLY,,,,,,2026-06-04T09:20:16.617738+00:00,2026-06-04T09:20:16.617738+00:00,0,2026-06-04T09:20:16.617738+00:00
2026-06-04,new,54095360,,,,SPACIOUS-BRIGHT-PRIVATE POOL AND ELEVTAOR,,1500.0,,,BHD,monthly,,,,,,,,,,,26.29715919494629,50.669647216796875,,,,Alice Muthoni,,PARTLY,,,,,,2026-06-04T09:20:16.617738+00:00,2026-06-04T09:20:16.617738+00:00,0,2026-06-04T09:20:16.617738+00:00
2026-06-04,new,54095361,,,,SPACIOUS-BRIGHT WITH NATURAL SUNLIGHT-PRIVATE POOL,,1200.0,,,BHD,monthly,,,,,,,,,,,26.2102108001709,50.56403350830078,,,,Alice Muthoni,,PARTLY,,,,,,2026-06-04T09:20:16.617738+00:00,2026-06-04T09:20:16.617738+00:00,0,2026-06-04T09:20:16.617738+00:00
2026-06-04,new,54095363,,,,BEST OFFER-SPACIOUS-MAIDS ROOM-NEAR MOTHERCARE,,650.0,,,BHD,monthly,,,,,,,,,,,26.214487075805664,50.584754943847656,,,,Alice Muthoni,,PARTLY,,,,,,2026-06-04T09:20:16.617738+00:00,2026-06-04T09:20:16.617738+00:00,0,2026-06-04T09:20:16.617738+00:00
2026-06-04,new,54095365,,,,12 BED EXECUTIVE STAFF ACCOMODATION-UPTO 42 STAFFS,,1800.0,,,BHD,monthly,,,,,,,,,,,26.213165283203125,50.447471618652344,,,,Alice Muthoni,,YES,,,,,,2026-06-04T09:20:16.617738+00:00,2026-06-04T09:20:16.617738+00:00,0,2026-06-04T09:20:16.617738+00:00
2026-06-04,new,54095367,,,,SPACIOUS VILLA-RESIDENTIAL/COMMERCIAL-PRIVATE POOL,,1300.0,,,BHD,monthly,,,,,,,,,,,26.211111068725586,50.601112365722656,,,,Alice Muthoni,,PARTLY,,,,,,2026-06-04T09:20:16.617738+00:00,2026-06-04T09:20:16.617738+00:00,0,2026-06-04T09:20:16.617738+00:00
2026-06-04,new,54095369,,,,VILLA FRONT TO THE SEA/ BEACH ACCESS/ NAVY,,1300.0,,,BHD,monthly,,,,,,,,,,,26.29715919494629,50.669647216796875,,,,Katarzyna Smolinska3668,,YES,,,,,,2026-06-04T09:20:16.617738+00:00,2026-06-04T09:20:16.617738+00:00,0,2026-06-04T09:20:16.617738+00:00
2026-06-04,new,54095371,,,,MODERN SEA VIEW-PRIVATE POOL-NEAR MACDONALD,,1250.0,,,BHD,monthly,,,,,,,,,,,26.188888549804688,50.54999923706055,,,,Alice Muthoni,,PARTLY,,,,,,2026-06-04T09:20:16.617738+00:00,2026-06-04T09:20:16.617738+00:00,0,2026-06-04T09:20:16.617738+00:00
2026-06-04,new,54095375,,,,CANAL ACCESS-BOAT MOORING-PRIVATE GARDEN-MODERN,,1000.0,,,BHD,monthly,,,,,,,,,,,26.2847957611084,50.669620513916016,,,,Alice Muthoni,,YES,,,,,,2026-06-04T09:20:16.617738+00:00,2026-06-04T09:20:16.617738+00:00,0,2026-06-04T09:20:16.617738+00:00
2026-06-04,new,54095379,,,,Lowest Rent Ever Renovated 2 Bedroom | Maintenance,,230.0,,,BHD,monthly,,,,,,,,,,,26.288480758666992,50.66381072998047,,,,Muhammad Usman,,YES,,,,,,2026-06-04T09:20:16.617738+00:00,2026-06-04T09:20:16.617738+00:00,0,2026-06-04T09:20:16.617738+00:00
2026-06-04,new,54095391,,,,4-BEDROOM | PRIVATE POOL | ELEVATOR/ RENT&SALE,,1200.0,,,BHD,monthly,,,,,,,,,,,26.29715919494629,50.669647216796875,,,,Katarzyna Smolinska3668,,PARTLY,,,,,,2026-06-04T09:20:16.617738+00:00,2026-06-04T09:20:16.617738+00:00,0,2026-06-04T09:20:16.617738+00:00
2026-06-04,new,54095395,,,,Breathtaking Endless Sea View | Luxury 3BR | 4Bath,,580.0,,,BHD,monthly,,,,,,,,,,,26.287778854370117,50.66339111328125,,,,Muhammad Usman,,YES,,,,,,2026-06-04T09:20:16.617738+00:00,2026-06-04T09:20:16.617738+00:00,0,2026-06-04T09:20:16.617738+00:00
2026-06-04,new,54095398,,,,Couple / Uni Students / Family Building / Cozy,,300.0,,,BHD,monthly,,,,,,,,,,,26.207910537719727,50.587345123291016,,,,Arshad Thasim,,YES,,,,,,2026-06-04T09:20:16.617738+00:00,2026-06-04T09:20:16.617738+00:00,0,2026-06-04T09:20:16.617738+00:00
2026-06-04,new,54095400,,,,Spacious 3 Bedroom for Rent - Ewa inclusive,,280.0,,,BHD,monthly,,,,,,,,,,,26.179166793823242,50.56222152709961,,,,Abdulla Ebrahim,,PARTLY,,,,,,2026-06-04T09:20:16.617738+00:00,2026-06-04T09:20:16.617738+00:00,0,2026-06-04T09:20:16.617738+00:00
2026-06-04,new,54095401,,,,Brand New Office Space in Heart of Bahrain,,1035.0,,,BHD,monthly,,,,,,,,,,,26.207910537719727,50.587345123291016,,,,Arshad Thasim,,NO,,,,,,2026-06-04T09:20:16.617738+00:00,2026-06-04T09:20:16.617738+00:00,0,2026-06-04T09:20:16.617738+00:00
2026-06-04,new,54095405,,,,Brand New Office / Bright / Prime Location / Zinj,,435.0,,,BHD,monthly,,,,,,,,,,,26.207910537719727,50.587345123291016,,,,Arshad Thasim,,PARTLY,,,,,,2026-06-04T09:20:16.617738+00:00,2026-06-04T09:20:16.617738+00:00,0,2026-06-04T09:20:16.617738+00:00
2026-06-04,new,54095408,,,,Beautiful / Gym / Swimming pool / House Keeping,,240.0,,,BHD,monthly,,,,,,,,,,,26.207910537719727,50.587345123291016,,,,Arshad Thasim,,YES,,,,,,2026-06-04T09:20:16.617738+00:00,2026-06-04T09:20:16.617738+00:00,0,2026-06-04T09:20:16.617738+00:00
2026-06-04,new,54095411,,,,Luxury / Closed Kitchen / Beautiful / KSA / Gas,,400.0,,,BHD,monthly,,,,,,,,,,,26.185943603515625,50.46711349487305,,,,Arshad Thasim,,YES,,,,,,2026-06-04T09:20:16.617738+00:00,2026-06-04T09:20:16.617738+00:00,0,2026-06-04T09:20:16.617738+00:00
2026-06-04,new,54095413,,,,Luxury Flat / Balcony / Gym / Swimming Pool,,360.0,,,BHD,monthly,,,,,,,,,,,26.203079223632812,50.594947814941406,,,,Arshad Thasim,,YES,,,,,,2026-06-04T09:20:16.617738+00:00,2026-06-04T09:20:16.617738+00:00,0,2026-06-04T09:20:16.617738+00:00
2026-06-04,new,54095417,,,,House Keeping / Balcony / Swiming Pool / GYM / Gas,,340.0,,,BHD,monthly,,,,,,,,,,,26.203079223632812,50.594947814941406,,,,Arshad Thasim,,YES,,,,,,2026-06-04T09:20:16.617738+00:00,2026-06-04T09:20:16.617738+00:00,0,2026-06-04T09:20:16.617738+00:00
2026-06-04,new,54095420,,,,Unlimited EWA / Couples / Exec Bachelors / St. Chr,,180.0,,,BHD,monthly,,,,,,,,,,,26.19164276123047,50.48757553100586,,,,Arshad Thasim,,YES,,,,,,2026-06-04T09:20:16.617738+00:00,2026-06-04T09:20:16.617738+00:00,0,2026-06-04T09:20:16.617738+00:00
2026-06-04,new,54095422,,,,Duplex / Couples / KSA / Kuwaiti Students / GMUni,,320.0,,,BHD,monthly,,,,,,,,,,,26.203079223632812,50.594947814941406,,,,Arshad Thasim,,YES,,,,,,2026-06-04T09:20:16.617738+00:00,2026-06-04T09:20:16.617738+00:00,0,2026-06-04T09:20:16.617738+00:00
2026-06-04,new,54095423,,,,Bright / Prime Location /Al Kindi Hosp,,280.0,,,BHD,monthly,,,,,,,,,,,26.2102108001709,50.56403350830078,,,,Arshad Thasim,,YES,,,,,,2026-06-04T09:20:16.617738+00:00,2026-06-04T09:20:16.617738+00:00,0,2026-06-04T09:20:16.617738+00:00
2026-06-04,new,54095425,,,,Luxury | Modern | Spacious | Inclusive,,400.0,,,BHD,monthly,,,,,,,,,,,26.239999771118164,50.5369987487793,,,,Saeed Hamueh,,YES,,,,,,2026-06-04T09:20:16.617738+00:00,2026-06-04T09:20:16.617738+00:00,0,2026-06-04T09:20:16.617738+00:00
2026-06-04,new,54095426,,,,Beautiful / 1 BHK / Stunning / KSA / Janabiya,,320.0,,,BHD,monthly,,,,,,,,,,,26.185943603515625,50.46711349487305,,,,Arshad Thasim,,YES,,,,,,2026-06-04T09:20:16.617738+00:00,2026-06-04T09:20:16.617738+00:00,0,2026-06-04T09:20:16.617738+00:00
2026-06-04,new,54095430,,,,Bright / Beautiful / Maid Room / Closed Kitchen,,370.0,,,BHD,monthly,,,,,,,,,,,26.185943603515625,50.46711349487305,,,,Arshad Thasim,,YES,,,,,,2026-06-04T09:20:16.617738+00:00,2026-06-04T09:20:16.617738+00:00,0,2026-06-04T09:20:16.617738+00:00
2026-06-04,new,54095433,,,,Compound / Private Swimming Pool / Single Story,,500.0,,,BHD,monthly,,,,,,,,,,,26.19164276123047,50.48757553100586,,,,Arshad Thasim,,PARTLY,,,,,,2026-06-04T09:20:16.617738+00:00,2026-06-04T09:20:16.617738+00:00,0,2026-06-04T09:20:16.617738+00:00
2026-06-04,new,54095440,,,,Spacious Apartment with 2 Main entrances Majlis,,61000.0,,,BHD,sell,,,,,,,,,,,26.21263313293457,50.67418670654297,,,,Mohammed Obaida,,NO,,,,,,2026-06-04T09:20:16.617738+00:00,2026-06-04T09:20:16.617738+00:00,0,2026-06-04T09:20:16.617738+00:00
2026-06-04,new,54095442,,,,Residential Land for Sale in Al Maqsha,,94335.0,,,BHD,sell,,,,,,,,,,,26.221059799194336,50.51625442504883,,,,Husain A. Jalil,,,,,,,,2026-06-04T09:20:16.617738+00:00,2026-06-04T09:20:16.617738+00:00,0,2026-06-04T09:20:16.617738+00:00
2026-06-04,new,54095454,,,,RA Residential Land For Sale In Al Qurayah,,113780.0,,,BHD,sell,,,,,,,,,,,26.20011329650879,50.46629333496094,,,,Husain A. Jalil,,,,,,,,2026-06-04T09:20:16.617738+00:00,2026-06-04T09:20:16.617738+00:00,0,2026-06-04T09:20:16.617738+00:00
2026-06-04,new,54095455,,,,Residential Land for Sale in Malkiya,,140000.0,,,BHD,sell,,,,,,,,,,,26.100860595703125,50.48801040649414,,,,Husain A. Jalil,,,,,,,,2026-06-04T09:20:16.617738+00:00,2026-06-04T09:20:16.617738+00:00,0,2026-06-04T09:20:16.617738+00:00
2026-06-04,new,54095456,,,,PERFECT SEA VIEW STUDIO | BEST VALUE HOME,,230.0,,,BHD,monthly,,,,,,,,,,,26.211111068725586,50.601112365722656,,,,Farhan Tariq,,YES,,,,,,2026-06-04T09:20:16.617738+00:00,2026-06-04T09:20:16.617738+00:00,0,2026-06-04T09:20:16.617738+00:00
2026-06-04,new,54095457,,,,Residential Land For Sale In Bu Quwa,,108533.0,,,BHD,sell,,,,,,,,,,,26.202558517456055,50.519554138183594,,,,Husain A. Jalil,,,,,,,,2026-06-04T09:20:16.617738+00:00,2026-06-04T09:20:16.617738+00:00,0,2026-06-04T09:20:16.617738+00:00
2026-06-04,new,54095462,,,,Residential Land For Sale In Bu Quwa,,108533.0,,,BHD,sell,,,,,,,,,,,26.202558517456055,50.519554138183594,,,,Husain A. Jalil,,,,,,,,2026-06-04T09:20:16.617738+00:00,2026-06-04T09:20:16.617738+00:00,0,2026-06-04T09:20:16.617738+00:00
2026-06-04,new,54095464,,,,ELEGANT | MODERN| BEACH ACCESS| FAMILY BUILDING,,600.0,,,BHD,monthly,,,,,,,,,,,26.303447723388672,50.6461296081543,,,,Moueen Charfi,,YES,,,,,,2026-06-04T09:20:16.617738+00:00,2026-06-04T09:20:16.617738+00:00,0,2026-06-04T09:20:16.617738+00:00
2026-06-04,new,54095465,,,,Residential Land For Sale In Bu Quwa,,108533.0,,,BHD,sell,,,,,,,,,,,26.202558517456055,50.519554138183594,,,,Husain A. Jalil,,,,,,,,2026-06-04T09:20:16.617738+00:00,2026-06-04T09:20:16.617738+00:00,0,2026-06-04T09:20:16.617738+00:00
2026-06-04,new,54095466,,,,Beautiful / Neat & Clean / Family/ KSA / Janabiya,,350.0,,,BHD,monthly,,,,,,,,,,,26.185943603515625,50.46711349487305,,,,Arshad Thasim,,YES,,,,,,2026-06-04T09:20:16.617738+00:00,2026-06-04T09:20:16.617738+00:00,0,2026-06-04T09:20:16.617738+00:00
2026-06-04,new,54095468,,,,Modern Villa for Sale in Muqaba,,350000.0,,,BHD,sell,,,,,,,,,,,26.21023941040039,50.49468231201172,,,,Hameed Shehab,,PARTLY,,,,,,2026-06-04T09:20:16.617738+00:00,2026-06-04T09:20:16.617738+00:00,0,2026-06-04T09:20:16.617738+00:00
2026-06-04,new,54095469,,,,Prime Location / Semi Furnished / Split Ac,,300.0,,,BHD,monthly,,,,,,,,,,,26.207910537719727,50.587345123291016,,,,Arshad Thasim,,PARTLY,,,,,,2026-06-04T09:20:16.617738+00:00,2026-06-04T09:20:16.617738+00:00,0,2026-06-04T09:20:16.617738+00:00
2026-06-04,new,54095470,,,,Premium Residential Plot for Sale in Jablat Habshi,,113520.0,,,BHD,sell,,,,,,,,,,,26.21312713623047,50.528221130371094,,,,Hameed Shehab,,,,,,,,2026-06-04T09:20:16.617738+00:00,2026-06-04T09:20:16.617738+00:00,0,2026-06-04T09:20:16.617738+00:00
2026-06-04,new,54095471,,,,HOT DEAL in Spiral Orchid Beautiful 1BR High Floor,,80000.0,,,BHD,sell,,,,,,,,,,,26.239999771118164,50.5369987487793,,,,Mona Raz,,YES,,,,,,2026-06-04T09:20:16.617738+00:00,2026-06-04T09:20:16.617738+00:00,0,2026-06-04T09:20:16.617738+00:00
2026-06-04,new,54095472,,,,Bright / Spacious / Prime location,,280.0,,,BHD,monthly,,,,,,,,,,,26.2102108001709,50.56403350830078,,,,Arshad Thasim,,PARTLY,,,,,,2026-06-04T09:20:16.617738+00:00,2026-06-04T09:20:16.617738+00:00,0,2026-06-04T09:20:16.617738+00:00
2026-06-04,new,54095476,,,,Home for sale in sanabis,,40000.0,,,BHD,sell,,,,,,,,,,,26.226558685302734,50.5459098815918,,,,Ali Almawlani,,PARTLY,,,,,,2026-06-04T09:20:16.617738+00:00,2026-06-04T09:20:16.617738+00:00,0,2026-06-04T09:20:16.617738+00:00
2026-06-04,new,54095486,,,,Prime Location / Ready / Office / Zinj / Mahooz,,250.0,,,BHD,monthly,,,,,,,,,,,26.207910537719727,50.587345123291016,,,,Arshad Thasim,,PARTLY,,,,,,2026-06-04T09:20:16.617738+00:00,2026-06-04T09:20:16.617738+00:00,0,2026-06-04T09:20:16.617738+00:00
2026-06-04,new,54095488,,,,LAND FOR SALE IN JURDAB - AL NASFA,,99026.0,,,BHD,sell,,,,,,,,,,,26.168216705322266,50.57180404663086,,,,Ali Alawami,,,,,,,,2026-06-04T09:20:16.617738+00:00,2026-06-04T09:20:16.617738+00:00,0,2026-06-04T09:20:16.617738+00:00
2026-06-04,new,54095489,,,,PRIME LOCATION | MODERN 2BHK | AFFORDABLE FOR SALE,,56000.0,,,BHD,sell,,,,,,,,,,,26.226558685302734,50.5459098815918,,,,Loai Bitar,,YES,,,,,,2026-06-04T09:20:16.617738+00:00,2026-06-04T09:20:16.617738+00:00,0,2026-06-04T09:20:16.617738+00:00
2026-06-04,new,54095492,,,,"Apartment for rent , in a great location:",,150.0,,,BHD,monthly,,,,,,,,,,,26.188888549804688,50.54999923706055,,,,Husain Al Hayk,,NO,,,,,,2026-06-04T09:20:16.617738+00:00,2026-06-04T09:20:16.617738+00:00,0,2026-06-04T09:20:16.617738+00:00
2026-06-04,new,54095495,,,,Prime Land for Sale in Hamala – Great Opportunity,,50000.0,,,BHD,sell,,,,,,,,,,,26.140336990356445,50.478271484375,,,,Hameed Shehab,,,,,,,,2026-06-04T09:20:16.617738+00:00,2026-06-04T09:20:16.617738+00:00,0,2026-06-04T09:20:16.617738+00:00
2026-06-04,new,54095496,,,,MARINA VIEW | BEST PRICE | BEST FACILITIES | 2BHK,,72000.0,,,BHD,sell,,,,,,,,,,,26.29302978515625,50.66474151611328,,,,Loai Bitar,,YES,,,,,,2026-06-04T09:20:16.617738+00:00,2026-06-04T09:20:16.617738+00:00,0,2026-06-04T09:20:16.617738+00:00
2026-06-04,new,54095499,,,,Prime Location / Semi Furnished / Split Ac,,300.0,,,BHD,monthly,,,,,,,,,,,26.207910537719727,50.587345123291016,,,,Arshad Thasim,,PARTLY,,,,,,2026-06-04T09:20:16.617738+00:00,2026-06-04T09:20:16.617738+00:00,0,2026-06-04T09:20:16.617738+00:00
2026-06-04,new,54095501,,,,Free hold  villa in DYIAR AL MUHARRAQ,,127000.0,,,BHD,sell,,,,,,,,,,,26.31142234802246,50.64306640625,,,,Eman Asad,,NO,,,,,,2026-06-04T09:20:16.617738+00:00,2026-06-04T09:20:16.617738+00:00,0,2026-06-04T09:20:16.617738+00:00
2026-06-04,new,54095503,,,,"Office for rent , in a great location:",,170.0,,,BHD,monthly,,,,,,,,,,,26.226558685302734,50.5459098815918,,,,Husain Al Hayk,,PARTLY,,,,,,2026-06-04T09:20:16.617738+00:00,2026-06-04T09:20:16.617738+00:00,0,2026-06-04T09:20:16.617738+00:00
2026-06-04,new,54095510,,,,Spacious 3BR Villa | Fully Furnished | EWA Inc,,900.0,,,BHD,monthly,,,,,,,,,,,26.213165283203125,50.447471618652344,,,,Anup Simon,,YES,,,,,,2026-06-04T09:20:16.617738+00:00,2026-06-04T09:20:16.617738+00:00,0,2026-06-04T09:20:16.617738+00:00
2026-06-04,new,54095511,,,,LUXURY FAMILY VILLA | PRIVATE POOL | GARDEN | 5BHK,,1350.0,,,BHD,monthly,,,,,,,,,,,26.188888549804688,50.54999923706055,,,,Yumna Awad,,PARTLY,,,,,,2026-06-04T09:20:16.617738+00:00,2026-06-04T09:20:16.617738+00:00,0,2026-06-04T09:20:16.617738+00:00
2026-06-04,new,54095512,,,,"Office for rent , in a great location:",,300.0,,,BHD,monthly,,,,,,,,,,,26.203079223632812,50.594947814941406,,,,Husain Al Hayk,,PARTLY,,,,,,2026-06-04T09:20:16.617738+00:00,2026-06-04T09:20:16.617738+00:00,0,2026-06-04T09:20:16.617738+00:00
2026-06-04,new,54095515,,,,MODERN | 2BHK | PAYMENT PLAN | LUXURY FURNISHED,,87000.0,,,BHD,sell,,,,,,,,,,,26.29302978515625,50.66474151611328,,,,Loai Bitar,,YES,,,,,,2026-06-04T09:20:16.617738+00:00,2026-06-04T09:20:16.617738+00:00,0,2026-06-04T09:20:16.617738+00:00
2026-06-04,new,54095516,,,,"Apartment for rent , in a great location:",,200.0,,,BHD,monthly,,,,,,,,,,,26.229394912719727,50.48070526123047,,,,Husain Al Hayk,,PARTLY,,,,,,2026-06-04T09:20:16.617738+00:00,2026-06-04T09:20:16.617738+00:00,0,2026-06-04T09:20:16.617738+00:00
2026-06-04,new,54095519,,,,Beautiful Cozy One bedroom apartment in Janabiyah,,320.0,,,BHD,monthly,,,,,,,,,,,26.185943603515625,50.46711349487305,,,,Mostafa Awad,,YES,,,,,,2026-06-04T09:20:16.617738+00:00,2026-06-04T09:20:16.617738+00:00,0,2026-06-04T09:20:16.617738+00:00
2026-06-04,new,54095520,,,,3BHK DUPLEX | CURRENTLY RENTED (NAVY) | CITY VIEW,,90000.0,,,BHD,sell,,,,,,,,,,,26.211111068725586,50.601112365722656,,,,Rolin Faouri,,YES,,,,,,2026-06-04T09:20:16.617738+00:00,2026-06-04T09:20:16.617738+00:00,0,2026-06-04T09:20:16.617738+00:00
2026-06-04,new,54095521,,,,Luxury Villa for Rent in a Compound – Exclusive,,1250.0,,,BHD,monthly,,,,,,,,,,,26.25605010986328,50.60966491699219,,,,Abdulla Ebrahim,,PARTLY,,,,,,2026-06-04T09:20:16.617738+00:00,2026-06-04T09:20:16.617738+00:00,0,2026-06-04T09:20:16.617738+00:00
2026-06-04,new,54095528,,,,"Apartment for rent , in a great location:",,150.0,,,BHD,monthly,,,,,,,,,,,26.229394912719727,50.48070526123047,,,,Husain Al Hayk,,PARTLY,,,,,,2026-06-04T09:20:16.617738+00:00,2026-06-04T09:20:16.617738+00:00,0,2026-06-04T09:20:16.617738+00:00
2026-06-04,new,54095529,,,,MODERN 2BHK | BALCONY | BREATHTAKING SEA VIEWS,,90000.0,,,BHD,sell,,,,,,,,,,,26.239999771118164,50.5369987487793,,,,Zuhair Tlili,,YES,,,,,,2026-06-04T09:20:16.617738+00:00,2026-06-04T09:20:16.617738+00:00,0,2026-06-04T09:20:16.617738+00:00
2026-06-04,new,54095530,,,,Spacious / Internet / Cozy / Last Unit,,450.0,,,BHD,monthly,,,,,,,,,,,26.214487075805664,50.584754943847656,,,,Saeed Hamueh,,YES,,,,,,2026-06-04T09:20:16.617738+00:00,2026-06-04T09:20:16.617738+00:00,0,2026-06-04T09:20:16.617738+00:00
2026-06-04,new,54095531,,,,"Apartment for rent , in a great location:",,170.0,,,BHD,monthly,,,,,,,,,,,26.179166793823242,50.56222152709961,,,,Husain Al Hayk,,NO,,,,,,2026-06-04T09:20:16.617738+00:00,2026-06-04T09:20:16.617738+00:00,0,2026-06-04T09:20:16.617738+00:00
2026-06-04,new,54095534,,,,EASY ACCESS | BRAND NEW | LUXURY 4BHK + MAIDS,,169000.0,,,BHD,sell,,,,,,,,,,,26.21263313293457,50.67418670654297,,,,Loai Bitar,,NO,,,,,,2026-06-04T09:20:16.617738+00:00,2026-06-04T09:20:16.617738+00:00,0,2026-06-04T09:20:16.617738+00:00
2026-06-04,new,54095535,,,,Prime Location / Ready / Office / Partitions,,400.0,,,BHD,monthly,,,,,,,,,,,26.207910537719727,50.587345123291016,,,,Arshad Thasim,,PARTLY,,,,,,2026-06-04T09:20:16.617738+00:00,2026-06-04T09:20:16.617738+00:00,0,2026-06-04T09:20:16.617738+00:00
2026-06-04,new,54095536,,,,"Apartment for rent , in a great location:",,200.0,,,BHD,monthly,,,,,,,,,,,26.1634578704834,50.515289306640625,,,,Husain Al Hayk,,PARTLY,,,,,,2026-06-04T09:20:16.617738+00:00,2026-06-04T09:20:16.617738+00:00,0,2026-06-04T09:20:16.617738+00:00
2026-06-04,new,54095556,,,,MODERN STUDIO | STRONG ROI POTENTIAL | PRIME AREA,,43000.0,,,BHD,sell,,,,,,,,,,,26.239999771118164,50.5369987487793,,,,Zuhair Tlili,,YES,,,,,,2026-06-04T09:20:16.617738+00:00,2026-06-04T09:20:16.617738+00:00,0,2026-06-04T09:20:16.617738+00:00
2026-06-04,new,54095562,,,,"Apartment for rent , in a great location:",,400.0,,,BHD,monthly,,,,,,,,,,,26.21263313293457,50.67418670654297,,,,Husain Al Hayk,,YES,,,,,,2026-06-04T09:20:16.617738+00:00,2026-06-04T09:20:16.617738+00:00,0,2026-06-04T09:20:16.617738+00:00
2026-06-04,new,54095565,,,,LOWEST PRICE | BALCONY | GREAT FACILITIES | MODERN,,32500.0,,,BHD,sell,,,,,,,,,,,26.211111068725586,50.601112365722656,,,,Rolin Faouri,,YES,,,,,,2026-06-04T09:20:16.617738+00:00,2026-06-04T09:20:16.617738+00:00,0,2026-06-04T09:20:16.617738+00:00
2026-06-04,new,54095572,,,,"Apartment for rent , in a great location:",,230.0,,,BHD,monthly,,,,,,,,,,,26.185943603515625,50.46711349487305,,,,Husain Al Hayk,,PARTLY,,,,,,2026-06-04T09:20:16.617738+00:00,2026-06-04T09:20:16.617738+00:00,0,2026-06-04T09:20:16.617738+00:00
2026-06-04,new,54095575,,,,"Apartment for rent , in a great location:",,170.0,,,BHD,monthly,,,,,,,,,,,26.168216705322266,50.57180404663086,,,,Husain Al Hayk,,NO,,,,,,2026-06-04T09:20:16.617738+00:00,2026-06-04T09:20:16.617738+00:00,0,2026-06-04T09:20:16.617738+00:00
2026-06-04,new,54095578,,,,"Apartment for rent , in a great location:",,260.0,,,BHD,monthly,,,,,,,,,,,26.21672821044922,50.55367660522461,,,,Husain Al Hayk,,PARTLY,,,,,,2026-06-04T09:20:16.617738+00:00,2026-06-04T09:20:16.617738+00:00,0,2026-06-04T09:20:16.617738+00:00
2026-06-04,new,54095580,,,,Cozy Spacious Apartment With Open Plan Kitchen,,300.0,,,BHD,monthly,,,,,,,,,,,26.29302978515625,50.66474151611328,,,,Mohammed Obaida,,YES,,,,,,2026-06-04T09:20:16.617738+00:00,2026-06-04T09:20:16.617738+00:00,0,2026-06-04T09:20:16.617738+00:00
2026-06-04,new,54095586,,,,"Office for rent , in a great location:",,400.0,,,BHD,monthly,,,,,,,,,,,26.239999771118164,50.5369987487793,,,,Husain Al Hayk,,PARTLY,,,,,,2026-06-04T09:20:16.617738+00:00,2026-06-04T09:20:16.617738+00:00,0,2026-06-04T09:20:16.617738+00:00
2026-06-04,new,54095588,,,,Luxury Waterfront villa - Exclusive,,1500.0,,,BHD,monthly,,,,,,,,,,,26.19164276123047,50.48757553100586,,,,Abdulla Ebrahim,,YES,,,,,,2026-06-04T09:20:16.617738+00:00,2026-06-04T09:20:16.617738+00:00,0,2026-06-04T09:20:16.617738+00:00
2026-06-04,new,54095591,,,,"Apartment for rent , in a great location:",,160.0,,,BHD,monthly,,,,,,,,,,,26.168216705322266,50.57180404663086,,,,Husain Al Hayk,,NO,,,,,,2026-06-04T09:20:16.617738+00:00,2026-06-04T09:20:16.617738+00:00,0,2026-06-04T09:20:16.617738+00:00
2026-06-04,new,54095593,,,,"Shop for rent , in a great location:",,300.0,,,BHD,monthly,,,,,,,,,,,26.168216705322266,50.57180404663086,,,,Husain Al Hayk,,PARTLY,,,,,,2026-06-04T09:20:16.617738+00:00,2026-06-04T09:20:16.617738+00:00,0,2026-06-04T09:20:16.617738+00:00
2026-06-04,new,54095606,,,,"Shop for rent , in a great location:",,600.0,,,BHD,monthly,,,,,,,,,,,26.168216705322266,50.57180404663086,,,,Husain Al Hayk,,PARTLY,,,,,,2026-06-04T09:20:16.617738+00:00,2026-06-04T09:20:16.617738+00:00,0,2026-06-04T09:20:16.617738+00:00
2026-06-04,new,54095609,,,,brand new mall! elegant space! prime location...,,275.0,,,BHD,monthly,,,,,,,,,,,26.16529655456543,50.552181243896484,,,,Husain Al Hayk,,NO,,,,,,2026-06-04T09:20:16.617738+00:00,2026-06-04T09:20:16.617738+00:00,0,2026-06-04T09:20:16.617738+00:00
2026-06-04,new,54095612,,,,Shops in new plaza a great location:,,375.0,,,BHD,monthly,,,,,,,,,,,26.16529655456543,50.552181243896484,,,,Husain Al Hayk,,NO,,,,,,2026-06-04T09:20:16.617738+00:00,2026-06-04T09:20:16.617738+00:00,0,2026-06-04T09:20:16.617738+00:00
2026-06-04,new,54095615,,,,LUXURY WATERFRONT | 7BHK VILLA | PRIVATE POOL,,650000.0,,,BHD,sell,,,,,,,,,,,26.29302978515625,50.66474151611328,,,,Zuhair Tlili,,PARTLY,,,,,,2026-06-04T09:20:16.617738+00:00,2026-06-04T09:20:16.617738+00:00,0,2026-06-04T09:20:16.617738+00:00
2026-06-04,new,54095617,,,,BRAND NEW 4BHK VILLA | CORNER NEAR SEA | MODERN,,155000.0,,,BHD,sell,,,,,,,,,,,26.22623634338379,50.49492263793945,,,,Loai Bitar,,NO,,,,,,2026-06-04T09:20:16.617738+00:00,2026-06-04T09:20:16.617738+00:00,0,2026-06-04T09:20:16.617738+00:00
2026-06-04,new,54095618,,,,"Office for rent , in a great location:",,1200.0,,,BHD,monthly,,,,,,,,,,,26.22623634338379,50.49492263793945,,,,Husain Al Hayk,,PARTLY,,,,,,2026-06-04T09:20:16.617738+00:00,2026-06-04T09:20:16.617738+00:00,0,2026-06-04T09:20:16.617738+00:00
2026-06-04,new,54095621,,,,RESIDENTIAL LAND | PRIME LOCATION | HIGH-DEMAND,,120000.0,,,BHD,sell,,,,,,,,,,,26.21263313293457,50.67418670654297,,,,Zuhair Tlili,,,,,,,,2026-06-04T09:20:16.617738+00:00,2026-06-04T09:20:16.617738+00:00,0,2026-06-04T09:20:16.617738+00:00
2026-06-04,new,54095622,,,,"Office for rent , in a great location:",,300.0,,,BHD,monthly,,,,,,,,,,,26.239999771118164,50.5369987487793,,,,Husain Al Hayk,,PARTLY,,,,,,2026-06-04T09:20:16.617738+00:00,2026-06-04T09:20:16.617738+00:00,0,2026-06-04T09:20:16.617738+00:00
2026-06-04,new,54095625,,,,LUXURY WATERFRONT PLOT | PREMIUM | SEA VIEW | RARE,,1040800.0,,,BHD,sell,,,,,,,,,,,26.29302978515625,50.66474151611328,,,,Zuhair Tlili,,,,,,,,2026-06-04T09:20:16.617738+00:00,2026-06-04T09:20:16.617738+00:00,0,2026-06-04T09:20:16.617738+00:00
2026-06-04,new,54095632,,,,LARGE INVESTMENT PLOT | SP ZONED | HIGH POTENTIAL,,395000.0,,,BHD,sell,,,,,,,,,,,26.134166717529297,50.61305618286133,,,,Rolin Faouri,,,,,,,,2026-06-04T09:20:16.617738+00:00,2026-06-04T09:20:16.617738+00:00,0,2026-06-04T09:20:16.617738+00:00
2026-06-04,new,54095635,,,,"LAND for rent , in a great location:",,1400.0,,,BHD,monthly,,,,,,,,,,,26.211111068725586,50.601112365722656,,,,Husain Al Hayk,,,,,,,,2026-06-04T09:20:16.617738+00:00,2026-06-04T09:20:16.617738+00:00,0,2026-06-04T09:20:16.617738+00:00
2026-06-04,new,54095637,,,,Residential land for sale in Damistan,,89000.0,,,BHD,sell,,,,,,,,,,,26.123769760131836,50.469722747802734,,,,Hussain Alkhayaat,,,,,,,,2026-06-04T09:20:16.617738+00:00,2026-06-04T09:20:16.617738+00:00,0,2026-06-04T09:20:16.617738+00:00
2026-06-04,new,54095642,,,,NO COMMISSION | ZERO DOWN PAYMENT FOR BAHRAINIS,,123000.0,,,BHD,sell,,,,,,,,,,,26.21263313293457,50.67418670654297,,,,Chippy Jiji,,YES,,,,,,2026-06-04T09:20:16.617738+00:00,2026-06-04T09:20:16.617738+00:00,0,2026-06-04T09:20:16.617738+00:00
2026-06-04,new,54095643,,,,PRIME CORNER LAND | EXCLUSIVE | NEW DEVELOPMENT,,137700.0,,,BHD,sell,,,,,,,,,,,26.285566329956055,50.623756408691406,,,,Zuhair Tlili,,,,,,,,2026-06-04T09:20:16.617738+00:00,2026-06-04T09:20:16.617738+00:00,0,2026-06-04T09:20:16.617738+00:00
2026-06-04,new,54095648,,,,Luxury Fully Furnished Apartment In Seef,,480.0,,,BHD,monthly,,,,,,,,,,,26.239999771118164,50.5369987487793,,,,Mostafa Awad,,,,,,,,2026-06-04T09:20:16.617738+00:00,2026-06-04T09:20:16.617738+00:00,0,2026-06-04T09:20:16.617738+00:00
2026-06-04,new,54095649,,,,HUGE BALCONY | LUXURY | PREMIUM AMENITIES | 1.5BHK,,105000.0,,,BHD,sell,,,,,,,,,,,26.239999771118164,50.5369987487793,,,,Zuhair Tlili,,YES,,,,,,2026-06-04T09:20:16.617738+00:00,2026-06-04T09:20:16.617738+00:00,0,2026-06-04T09:20:16.617738+00:00
2026-06-04,new,54095650,,,,"Shop for rent , in a great location:",,150.0,,,BHD,monthly,,,,,,,,,,,26.140336990356445,50.478271484375,,,,Husain Al Hayk,,PARTLY,,,,,,2026-06-04T09:20:16.617738+00:00,2026-06-04T09:20:16.617738+00:00,0,2026-06-04T09:20:16.617738+00:00
2026-06-04,new,54095654,,,,EXCELLENT | MODERN ONE-BEDROOM | READY TO MOVE IN,,50000.0,,,BHD,sell,,,,,,,,,,,26.27286720275879,50.672889709472656,,,,Zuhair Tlili,,YES,,,,,,2026-06-04T09:20:16.617738+00:00,2026-06-04T09:20:16.617738+00:00,0,2026-06-04T09:20:16.617738+00:00
2026-06-04,new,54095661,,,,Balcony | Pet Friendly | House keeping | Spacious,,400.0,,,BHD,monthly,,,,,,,,,,,26.211111068725586,50.601112365722656,,,,Chippy Jiji,,YES,,,,,,2026-06-04T09:20:16.617738+00:00,2026-06-04T09:20:16.617738+00:00,0,2026-06-04T09:20:16.617738+00:00
2026-06-04,new,54095662,,,,"Shop for rent , in a great location:",,1350.0,,,BHD,monthly,,,,,,,,,,,26.168216705322266,50.57180404663086,,,,Husain Al Hayk,,PARTLY,,,,,,2026-06-04T09:20:16.617738+00:00,2026-06-04T09:20:16.617738+00:00,0,2026-06-04T09:20:16.617738+00:00
2026-06-04,new,54095664,,,,PREMIUM VILLA | SPACIOUS | PRIME HAMALA,,148000.0,,,BHD,sell,,,,,,,,,,,26.140336990356445,50.478271484375,,,,Rolin Faouri,,NO,,,,,,2026-06-04T09:20:16.617738+00:00,2026-06-04T09:20:16.617738+00:00,0,2026-06-04T09:20:16.617738+00:00
2026-06-04,new,54095665,,,,"Apartment for rent , in a great location:",,380.0,,,BHD,monthly,,,,,,,,,,,26.228374481201172,50.56666564941406,,,,Husain Al Hayk,,YES,,,,,,2026-06-04T09:20:16.617738+00:00,2026-06-04T09:20:16.617738+00:00,0,2026-06-04T09:20:16.617738+00:00
2026-06-04,new,54095673,,,,Bright | Spacious | Luxury | Sea View | Modern,,105000.0,,,BHD,sell,,,,,,,,,,,26.29302978515625,50.66474151611328,,,,GIRISH KUMAR,,YES,,,,,,2026-06-04T09:20:16.617738+00:00,2026-06-04T09:20:16.617738+00:00,0,2026-06-04T09:20:16.617738+00:00
2026-06-04,new,54095674,,,,Office for below Market Price brand new.,,380.0,,,BHD,monthly,,,,,,,,,,,26.21023941040039,50.49468231201172,,,,Husain Al Hayk,,PARTLY,,,,,,2026-06-04T09:20:16.617738+00:00,2026-06-04T09:20:16.617738+00:00,0,2026-06-04T09:20:16.617738+00:00
2026-06-04,new,54095676,,,,Spacious Stunning Apartment With Closed Kitchen,,550.0,,,BHD,monthly,,,,,,,,,,,26.29302978515625,50.66474151611328,,,,Mohammed Obaida,,YES,,,,,,2026-06-04T09:20:16.617738+00:00,2026-06-04T09:20:16.617738+00:00,0,2026-06-04T09:20:16.617738+00:00
2026-06-04,new,54095677,,,,BRIGHT | SPACIOUS | BALCONY | GREATAMENITIES | SEA,,85000.0,,,BHD,sell,,,,,,,,,,,26.29302978515625,50.66474151611328,,,,GIRISH KUMAR,,YES,,,,,,2026-06-04T09:20:16.617738+00:00,2026-06-04T09:20:16.617738+00:00,0,2026-06-04T09:20:16.617738+00:00
2026-06-04,new,54095678,,,,Luxurious Spacious Brand New In Great Location,,380.0,,,BHD,monthly,,,,,,,,,,,26.211111068725586,50.601112365722656,,,,Husain Al Hayk,,YES,,,,,,2026-06-04T09:20:16.617738+00:00,2026-06-04T09:20:16.617738+00:00,0,2026-06-04T09:20:16.617738+00:00
2026-06-04,new,54095680,,,,Shop with mezzanine for rent in Muharraq,,1200.0,,,BHD,monthly,,,,,,,,,,,26.25,50.616668701171875,,,,Husain Al Hayk,,PARTLY,,,,,,2026-06-04T09:20:16.617738+00:00,2026-06-04T09:20:16.617738+00:00,0,2026-06-04T09:20:16.617738+00:00
2026-06-04,new,54095682,,,,LUXURY | HIGH END AMENITIES | SPACIOUS | CITY VIEW,,1100.0,,,BHD,monthly,,,,,,,,,,,26.211111068725586,50.601112365722656,,,,Daniel Nwajiaku,,YES,,,,,,2026-06-04T09:20:16.617738+00:00,2026-06-04T09:20:16.617738+00:00,0,2026-06-04T09:20:16.617738+00:00
2026-06-04,new,54095684,,,,GOOD FOR COFFEE SHOP/FLOWER SHOP/ SUPERMARKET,,1100.0,,,BHD,monthly,,,,,,,,,,,26.214487075805664,50.584754943847656,,,,Faustine Chantal,,NO,,,,,,2026-06-04T09:20:16.617738+00:00,2026-06-04T09:20:16.617738+00:00,0,2026-06-04T09:20:16.617738+00:00
2026-06-04,new,54095685,,,,Office space for rent in RIFFA On highway,,400.0,,,BHD,monthly,,,,,,,,,,,26.128984451293945,50.58171463012695,,,,Husain Al Hayk,,NO,,,,,,2026-06-04T09:20:16.617738+00:00,2026-06-04T09:20:16.617738+00:00,0,2026-06-04T09:20:16.617738+00:00
2026-06-04,new,54095705,,,,SPACIOUS┃ UNLIMITED EWA┃ BRIGHT ┃CPR POOL┃ GYM,,240.0,,,BHD,monthly,,,,,,,,,,,26.214487075805664,50.584754943847656,,,,Sahebaz Makki,,YES,,,,,,2026-06-04T09:20:16.617738+00:00,2026-06-04T09:20:16.617738+00:00,0,2026-06-04T09:20:16.617738+00:00
2026-06-04,new,54095713,,,,Spacious Stunning Apartment With Closed Kitchen,,380.0,,,BHD,monthly,,,,,,,,,,,26.29302978515625,50.66474151611328,,,,Mohammed Obaida,,YES,,,,,,2026-06-04T09:20:16.617738+00:00,2026-06-04T09:20:16.617738+00:00,0,2026-06-04T09:20:16.617738+00:00
2026-06-04,new,54095716,,,,MODERN┃CINEMA┃PETS┃SPACIOUS┃SAFE┃5* AMENITIES,,270.0,,,BHD,monthly,,,,,,,,,,,26.211111068725586,50.601112365722656,,,,Sahebaz Makki,,YES,,,,,,2026-06-04T09:20:16.617738+00:00,2026-06-04T09:20:16.617738+00:00,0,2026-06-04T09:20:16.617738+00:00
2026-06-04,new,54095723,,,,NO DEPOSIT┃ SEA&CITY ┃VERY SPACIOUS┃BIG BALCONY,,270.0,,,BHD,monthly,,,,,,,,,,,26.211111068725586,50.601112365722656,,,,Sahebaz Makki,,YES,,,,,,2026-06-04T09:20:16.617738+00:00,2026-06-04T09:20:16.617738+00:00,0,2026-06-04T09:20:16.617738+00:00
2026-06-04,new,54095729,,,,Studio I Payment Plan I Ready to move in I Beach,,60888.0,,,BHD,sell,,,,,,,,,,,26.303447723388672,50.6461296081543,,,,Abdulwahab Waheed,,PARTLY,,,,,,2026-06-04T09:20:16.617738+00:00,2026-06-04T09:20:16.617738+00:00,0,2026-06-04T09:20:16.617738+00:00
2026-06-04,new,54095736,,,,MODERN┃KIDS PLAY AREA┃SPACIOUS┃LOW RISE HS KEEPING,,280.0,,,BHD,monthly,,,,,,,,,,,26.211111068725586,50.601112365722656,,,,Sahebaz Makki,,YES,,,,,,2026-06-04T09:20:16.617738+00:00,2026-06-04T09:20:16.617738+00:00,0,2026-06-04T09:20:16.617738+00:00
2026-06-04,new,54095739,,,,Spacious | Beach Access | 3-Year Payment Plan,,260000.0,,,BHD,sell,,,,,,,,,,,26.241750717163086,50.5663948059082,,,,Rawan Abdulwadood,,PARTLY,,,,,,2026-06-04T09:20:16.617738+00:00,2026-06-04T09:20:16.617738+00:00,0,2026-06-04T09:20:16.617738+00:00
2026-06-04,new,54095741,,,,Modern Villa for Sale in Hamala – Prime Location,,119.0,,,BHD,sell,,,,,,,,,,,26.140336990356445,50.478271484375,,,,Ali Salah,,NO,,,,,,2026-06-04T09:20:16.617738+00:00,2026-06-04T09:20:16.617738+00:00,0,2026-06-04T09:20:16.617738+00:00
2026-06-04,new,54095742,,,,LUXURY + MAID | SWIMMING POOLS | HOUSEKEEPING,,825.0,,,BHD,monthly,,,,,,,,,,,26.287778854370117,50.66339111328125,,,,Fadi Eweida,,YES,,,,,,2026-06-04T09:20:16.617738+00:00,2026-06-04T09:20:16.617738+00:00,0,2026-06-04T09:20:16.617738+00:00
2026-06-04,new,54095743,,,,BRIGHT | RENOVATED | DIRECT BEACH ACCESS | GYM,,750.0,,,BHD,monthly,,,,,,,,,,,26.300025939941406,50.66316223144531,,,,Fadi Eweida,,PARTLY,,,,,,2026-06-04T09:20:16.617738+00:00,2026-06-04T09:20:16.617738+00:00,0,2026-06-04T09:20:16.617738+00:00
2026-06-04,new,54095745,,,,MODERN┃LUXURY┃SPACIOUS┃OFFER┃BRIGHT┃BALCONY,,290.0,,,BHD,monthly,,,,,,,,,,,26.211111068725586,50.601112365722656,,,,Sahebaz Makki,,YES,,,,,,2026-06-04T09:20:16.617738+00:00,2026-06-04T09:20:16.617738+00:00,0,2026-06-04T09:20:16.617738+00:00
2026-06-04,new,54095757,,,,BRAND NEW | PET FRIENDLY | MAID ROOM |SPACIOUS,,950.0,,,BHD,monthly,,,,,,,,,,,26.214487075805664,50.584754943847656,,,,Faustine Chantal,,YES,,,,,,2026-06-04T09:20:16.617738+00:00,2026-06-04T09:20:16.617738+00:00,0,2026-06-04T09:20:16.617738+00:00
2026-06-04,new,54095758,,,,Amazing villa for rent in Riffa !!,,500.0,,,BHD,monthly,,,,,,,,,,,26.1314754486084,50.568843841552734,,,,Husain Al Hayk,,YES,,,,,,2026-06-04T09:20:16.617738+00:00,2026-06-04T09:20:16.617738+00:00,0,2026-06-04T09:20:16.617738+00:00
2026-06-04,new,54095761,,,,BRIGHT | SPACIOUS | BALCONY | GREATAMENITIES | SEA,,85000.0,,,BHD,sell,,,,,,,,,,,26.29302978515625,50.66474151611328,,,,Chippy Jiji,,YES,,,,,,2026-06-04T09:20:16.617738+00:00,2026-06-04T09:20:16.617738+00:00,0,2026-06-04T09:20:16.617738+00:00
2026-06-04,new,54095763,,,,"Apartment for rent , in a great location:",,170.0,,,BHD,monthly,,,,,,,,,,,26.179166793823242,50.56222152709961,,,,Husain Al Hayk,,NO,,,,,,2026-06-04T09:20:16.617738+00:00,2026-06-04T09:20:16.617738+00:00,0,2026-06-04T09:20:16.617738+00:00
2026-06-04,new,54095765,,,,Bright | Spacious | Luxury | Sea View | Modern,,105000.0,,,BHD,sell,,,,,,,,,,,26.29302978515625,50.66474151611328,,,,Chippy Jiji,,YES,,,,,,2026-06-04T09:20:16.617738+00:00,2026-06-04T09:20:16.617738+00:00,0,2026-06-04T09:20:16.617738+00:00
2026-06-04,new,54095766,,,,Luxury Villa | Modern Design | Elevator | Pool,,375000.0,,,BHD,sell,,,,,,,,,,,26.19164276123047,50.48757553100586,,,,Ali Almalek,,PARTLY,,,,,,2026-06-04T09:20:16.617738+00:00,2026-06-04T09:20:16.617738+00:00,0,2026-06-04T09:20:16.617738+00:00
2026-06-04,new,54095773,,,,MODERN┃NEW┃SAFE AREA JUFFAIR┃SPACIOUS┃INLCLUSIVE,,299.0,,,BHD,monthly,,,,,,,,,,,26.211111068725586,50.601112365722656,,,,Sahebaz Makki,,YES,,,,,,2026-06-04T09:20:16.617738+00:00,2026-06-04T09:20:16.617738+00:00,0,2026-06-04T09:20:16.617738+00:00
2026-06-04,new,54095775,,,,SPACIOUS APARTMENT | DIRECT BEACH ACCESS | POOL,,750.0,,,BHD,monthly,,,,,,,,,,,26.300025939941406,50.66316223144531,,,,Fadi Eweida,,PARTLY,,,,,,2026-06-04T09:20:16.617738+00:00,2026-06-04T09:20:16.617738+00:00,0,2026-06-04T09:20:16.617738+00:00
2026-06-04,new,54095776,,,,Balcony | Beach Access| Near Marassi Galleria Mall,,390.0,,,BHD,monthly,,,,,,,,,,,26.303447723388672,50.6461296081543,,,,Ivana Ivanova ,,YES,,,,,,2026-06-04T09:20:16.617738+00:00,2026-06-04T09:20:16.617738+00:00,0,2026-06-04T09:20:16.617738+00:00
2026-06-04,new,54095777,,,,"Apartment for rent , in a great location:",,170.0,,,BHD,monthly,,,,,,,,,,,26.183332443237305,50.516666412353516,,,,Husain Al Hayk,,PARTLY,,,,,,2026-06-04T09:20:16.617738+00:00,2026-06-04T09:20:16.617738+00:00,0,2026-06-04T09:20:16.617738+00:00
2026-06-04,new,54095780,,,,Sea View Luxury Apartment l Beautifully Furnished,,400.0,,,BHD,monthly,,,,,,,,,,,26.303447723388672,50.6461296081543,,,,Ivana Ivanova ,,YES,,,,,,2026-06-04T09:20:16.617738+00:00,2026-06-04T09:20:16.617738+00:00,0,2026-06-04T09:20:16.617738+00:00
2026-06-04,new,54095783,,,,MODERN┃CLOSE KITCHEN┃BALCONY┃SEA┃SPACIOUS┃SAFE,,290.0,,,BHD,monthly,,,,,,,,,,,26.211111068725586,50.601112365722656,,,,Sahebaz Makki,,YES,,,,,,2026-06-04T09:20:16.617738+00:00,2026-06-04T09:20:16.617738+00:00,0,2026-06-04T09:20:16.617738+00:00
2026-06-04,new,54095784,,,,"Apartment for rent , in a great location:",,480.0,,,BHD,monthly,,,,,,,,,,,26.239999771118164,50.5369987487793,,,,Husain Al Hayk,,YES,,,,,,2026-06-04T09:20:16.617738+00:00,2026-06-04T09:20:16.617738+00:00,0,2026-06-04T09:20:16.617738+00:00
2026-06-04,new,54095797,,,,1 bedroom hall with EWA | ACs | New building,,180.0,,,BHD,monthly,,,,,,,,,,,26.27286720275879,50.672889709472656,,,,Abdul  Jabbar .,,PARTLY,,,,,,2026-06-04T09:20:16.617738+00:00,2026-06-04T09:20:16.617738+00:00,0,2026-06-04T09:20:16.617738+00:00
2026-06-04,new,54095798,,,,"Apartment for rent , in a great location:",,140.0,,,BHD,monthly,,,,,,,,,,,26.179166793823242,50.56222152709961,,,,Husain Al Hayk,,NO,,,,,,2026-06-04T09:20:16.617738+00:00,2026-06-04T09:20:16.617738+00:00,0,2026-06-04T09:20:16.617738+00:00
2026-06-04,new,54095803,,,,Bright | Renovated | Balcony | Easy Access,,850.0,,,BHD,monthly,,,,,,,,,,,26.2847957611084,50.669620513916016,,,,Lijas Ali,,YES,,,,,,2026-06-04T09:20:16.617738+00:00,2026-06-04T09:20:16.617738+00:00,0,2026-06-04T09:20:16.617738+00:00
2026-06-04,new,54095804,,,,BRAND NEW | MAID ROOM | PET FRIENDLY | SPACIOUS,,750.0,,,BHD,monthly,,,,,,,,,,,26.214487075805664,50.584754943847656,,,,Faustine Chantal,,YES,,,,,,2026-06-04T09:20:16.617738+00:00,2026-06-04T09:20:16.617738+00:00,0,2026-06-04T09:20:16.617738+00:00
2026-06-04,new,54095811,,,,"Apartment for rent , in a great location:",,220.0,,,BHD,monthly,,,,,,,,,,,26.228374481201172,50.56666564941406,,,,Husain Al Hayk,,NO,,,,,,2026-06-04T09:20:16.617738+00:00,2026-06-04T09:20:16.617738+00:00,0,2026-06-04T09:20:16.617738+00:00
2026-06-04,new,54095812,,,,Ultra Luxury Penthouse for lease in Harbor,,1000.0,,,BHD,monthly,,,,,,,,,,,26.23778533935547,50.57342529296875,,,,Artyom Maulenov,,PARTLY,,,,,,2026-06-04T09:20:16.617738+00:00,2026-06-04T09:20:16.617738+00:00,0,2026-06-04T09:20:16.617738+00:00
2026-06-04,new,54095819,,,,open space office for rent at Sitra,,200.0,,,BHD,monthly,,,,,,,,,,,26.162988662719727,50.6124267578125,,,,Husain Al Hayk,,PARTLY,,,,,,2026-06-04T09:20:16.617738+00:00,2026-06-04T09:20:16.617738+00:00,0,2026-06-04T09:20:16.617738+00:00
2026-06-04,new,54095841,,,,Duplex Garden Ground floor / Linen provided,,3000.0,,,BHD,monthly,,,,,,,,,,,26.27199935913086,50.60900115966797,,,,Amr El Moghazy,,YES,,,,,,2026-06-04T09:20:16.617738+00:00,2026-06-04T09:20:16.617738+00:00,0,2026-06-04T09:20:16.617738+00:00
2026-06-04,new,54095842,,,,City View | Internet| Prime location,,550.0,,,BHD,monthly,,,,,,,,,,,26.21693992614746,50.57733154296875,,,,Husain Al Hayk,,YES,,,,,,2026-06-04T09:20:16.617738+00:00,2026-06-04T09:20:16.617738+00:00,0,2026-06-04T09:20:16.617738+00:00
2026-06-04,new,54095848,,,,Duplex City view with large balcony,,1000.0,,,BHD,monthly,,,,,,,,,,,26.27199935913086,50.60900115966797,,,,Amr El Moghazy,,YES,,,,,,2026-06-04T09:20:16.617738+00:00,2026-06-04T09:20:16.617738+00:00,0,2026-06-04T09:20:16.617738+00:00
2026-06-04,new,54095849,,,,SPACIOUS | BRIGHT | FREE BEACH ACCESS | POOL | GYM,,750.0,,,BHD,monthly,,,,,,,,,,,26.29302978515625,50.66474151611328,,,,Fadi Eweida,,PARTLY,,,,,,2026-06-04T09:20:16.617738+00:00,2026-06-04T09:20:16.617738+00:00,0,2026-06-04T09:20:16.617738+00:00
2026-06-04,new,54095851,,,,BRAND NEW | GAS | FULLY FURNISHED| INTERNET,,300.0,,,BHD,monthly,,,,,,,,,,,26.21672821044922,50.55367660522461,,,,JASIM AHMED ABDULLA MOHAMED HASAN,,YES,,,,,,2026-06-04T09:20:16.617738+00:00,2026-06-04T09:20:16.617738+00:00,0,2026-06-04T09:20:16.617738+00:00
2026-06-04,new,54095864,,,,LARGE | GATED COMMUNITY | BEACH ACCESS | POOL,,450.0,,,BHD,monthly,,,,,,,,,,,26.300025939941406,50.66316223144531,,,,Fadi Eweida,,PARTLY,,,,,,2026-06-04T09:20:16.617738+00:00,2026-06-04T09:20:16.617738+00:00,0,2026-06-04T09:20:16.617738+00:00
2026-06-04,new,54095865,,,,MODERN 2 BHK | GYM | SPACIOUS | NEW FURNITURE,,500.0,,,BHD,monthly,,,,,,,,,,,26.185943603515625,50.46711349487305,,,,JASIM AHMED ABDULLA MOHAMED HASAN,,YES,,,,,,2026-06-04T09:20:16.617738+00:00,2026-06-04T09:20:16.617738+00:00,0,2026-06-04T09:20:16.617738+00:00
2026-06-04,new,54095868,,,,Bright and Contemporary l City View l Beach Access,,350.0,,,BHD,monthly,,,,,,,,,,,26.303447723388672,50.6461296081543,,,,Siwar Arfaoui,,YES,,,,,,2026-06-04T09:20:16.617738+00:00,2026-06-04T09:20:16.617738+00:00,0,2026-06-04T09:20:16.617738+00:00
2026-06-04,new,54095871,,,,HOT DEAL | GYM | DIRECT BEACH ACCESS | POOL,,450.0,,,BHD,monthly,,,,,,,,,,,26.300025939941406,50.66316223144531,,,,Fadi Eweida,,PARTLY,,,,,,2026-06-04T09:20:16.617738+00:00,2026-06-04T09:20:16.617738+00:00,0,2026-06-04T09:20:16.617738+00:00
2026-06-04,new,54095883,,,,Spacious Offices in Prime Location :,,70.0,,,BHD,monthly,,,,,,,,,,,26.128984451293945,50.58171463012695,,,,Husain Al Hayk,,YES,,,,,,2026-06-04T09:20:16.617738+00:00,2026-06-04T09:20:16.617738+00:00,0,2026-06-04T09:20:16.617738+00:00
2026-06-04,new,54095885,,,,Stylish 2 bedroom flat in Bu Ashira (for families),,220.0,,,BHD,monthly,,,,,,,,,,,26.2103271484375,50.57957458496094,,,,Ali Tahoo,,PARTLY,,,,,,2026-06-04T09:20:16.617738+00:00,2026-06-04T09:20:16.617738+00:00,0,2026-06-04T09:20:16.617738+00:00
2026-06-04,new,54095886,,,,Spacious Offices in Prime Location :,,70.0,,,BHD,monthly,,,,,,,,,,,26.202558517456055,50.519554138183594,,,,Husain Al Hayk,,YES,,,,,,2026-06-04T09:20:16.617738+00:00,2026-06-04T09:20:16.617738+00:00,0,2026-06-04T09:20:16.617738+00:00
2026-06-04,new,54095890,,,,HOT OFFER / SEA VIEW / SPACIOUS / TOP AMENITIES,,850.0,,,BHD,monthly,,,,,,,,,,,26.27286720275879,50.672889709472656,,,,Kristina Rakikji,,YES,,,,,,2026-06-04T09:20:16.617738+00:00,2026-06-04T09:20:16.617738+00:00,0,2026-06-04T09:20:16.617738+00:00
2026-06-04,new,54095891,,,,"Apartment for rent , in a great location:",,200.0,,,BHD,monthly,,,,,,,,,,,26.2102108001709,50.56403350830078,,,,Husain Al Hayk,,NO,,,,,,2026-06-04T09:20:16.617738+00:00,2026-06-04T09:20:16.617738+00:00,0,2026-06-04T09:20:16.617738+00:00
2026-06-04,new,54095906,,,,Semi-Furnished 1 Bedroom Apartment for Rent | 250,,250.0,,,BHD,monthly,,,,,,,,,,,26.226558685302734,50.5459098815918,,,,Duaa Alsayegh,,PARTLY,,,,,,2026-06-04T09:20:16.617738+00:00,2026-06-04T09:20:16.617738+00:00,0,2026-06-04T09:20:16.617738+00:00
2026-06-04,new,54095908,,,,Shop For Rent In Prime Location In Galali Highway,,500.0,,,BHD,monthly,,,,,,,,,,,26.266666412353516,50.650001525878906,,,,Husain Al Hayk,,NO,,,,,,2026-06-04T09:20:16.617738+00:00,2026-06-04T09:20:16.617738+00:00,0,2026-06-04T09:20:16.617738+00:00
2026-06-04,new,54095922,,,,Work Shop/Showroom/Store for rent in Salmabad,,500.0,,,BHD,monthly,,,,,,,,,,,26.183332443237305,50.516666412353516,,,,Husain Al Hayk,,PARTLY,,,,,,2026-06-04T09:20:16.617738+00:00,2026-06-04T09:20:16.617738+00:00,0,2026-06-04T09:20:16.617738+00:00
2026-06-04,new,54095926,,,,"OFFICE for rent , in a great location:",,70.0,,,BHD,monthly,,,,,,,,,,,26.14974594116211,50.50010299682617,,,,Husain Al Hayk,,PARTLY,,,,,,2026-06-04T09:20:16.617738+00:00,2026-06-04T09:20:16.617738+00:00,0,2026-06-04T09:20:16.617738+00:00
2026-06-04,new,54095932,,,,"Shop for rent , in a great location:",,80.0,,,BHD,monthly,,,,,,,,,,,26.14974594116211,50.50010299682617,,,,Husain Al Hayk,,PARTLY,,,,,,2026-06-04T09:20:16.617738+00:00,2026-06-04T09:20:16.617738+00:00,0,2026-06-04T09:20:16.617738+00:00
2026-06-04,new,54095955,,,,Villas for Rent in Saar – Prime Location | 3 BDR,,750.0,,,BHD,monthly,,,,,,,,,,,26.19164276123047,50.48757553100586,,,,Duaa Alsayegh,,PARTLY,,,,,,2026-06-04T09:20:16.617738+00:00,2026-06-04T09:20:16.617738+00:00,0,2026-06-04T09:20:16.617738+00:00
2026-06-04,new,54095960,,,,SPACIOUS | BALCONY | JACUZZI | STEAM | SAUNA | GYM,,399.0,,,BHD,monthly,,,,,,,,,,,26.287778854370117,50.66339111328125,,,,Fadi Eweida,,YES,,,,,,2026-06-04T09:20:16.617738+00:00,2026-06-04T09:20:16.617738+00:00,0,2026-06-04T09:20:16.617738+00:00
2026-06-04,new,54095961,,,,EXCLUSIVE BEACHFRONT LAND | DESIRABLE AREA,,347000.0,,,BHD,sell,,,,,,,,,,,26.29302978515625,50.66474151611328,,,,Zuhair Tlili,,,,,,,,2026-06-04T09:20:16.617738+00:00,2026-06-04T09:20:16.617738+00:00,0,2026-06-04T09:20:16.617738+00:00
2026-06-04,new,54095965,,,,"Apartment for rent , in a great location:",,330.0,,,BHD,monthly,,,,,,,,,,,26.21263313293457,50.67418670654297,,,,Husain Al Hayk,,YES,,,,,,2026-06-04T09:20:16.617738+00:00,2026-06-04T09:20:16.617738+00:00,0,2026-06-04T09:20:16.617738+00:00
2026-06-04,new,54095968,,,,"Apartment for rent , in a great location:",,140.0,,,BHD,monthly,,,,,,,,,,,26.12916374206543,50.49860763549805,,,,Husain Al Hayk,,NO,,,,,,2026-06-04T09:20:16.617738+00:00,2026-06-04T09:20:16.617738+00:00,0,2026-06-04T09:20:16.617738+00:00
2026-06-04,new,54095969,,,,SEA VIEW | BALCONY | JACUZZI |STEAM | SAUNA | WIFI,,500.0,,,BHD,monthly,,,,,,,,,,,26.29302978515625,50.66474151611328,,,,Fadi Eweida,,YES,,,,,,2026-06-04T09:20:16.617738+00:00,2026-06-04T09:20:16.617738+00:00,0,2026-06-04T09:20:16.617738+00:00
2026-06-04,new,54095980,,,,"Shop for rent , in a great location:",,800.0,,,BHD,monthly,,,,,,,,,,,26.1314754486084,50.568843841552734,,,,Husain Al Hayk,,PARTLY,,,,,,2026-06-04T09:20:16.617738+00:00,2026-06-04T09:20:16.617738+00:00,0,2026-06-04T09:20:16.617738+00:00
2026-06-04,new,54095981,,,,Rent | Fully Fitted Office | Stunning Sea View,,400.0,,,BHD,monthly,,,,,,,,,,,26.21263313293457,50.67418670654297,,,,Samer Mohammed,,YES,,,,,,2026-06-04T09:20:16.617738+00:00,2026-06-04T09:20:16.617738+00:00,0,2026-06-04T09:20:16.617738+00:00
2026-06-04,new,54095984,,,,"Apartment for rent , in a great location:",,150.0,,,BHD,monthly,,,,,,,,,,,26.223421096801758,50.56662368774414,,,,Husain Al Hayk,,NO,,,,,,2026-06-04T09:20:16.617738+00:00,2026-06-04T09:20:16.617738+00:00,0,2026-06-04T09:20:16.617738+00:00
2026-06-04,new,54095985,,,,Brand new apartment below market price!!,,300.0,,,BHD,monthly,,,,,,,,,,,26.211111068725586,50.601112365722656,,,,Barath Nunavathi,,YES,,,,,,2026-06-04T09:20:16.617738+00:00,2026-06-04T09:20:16.617738+00:00,0,2026-06-04T09:20:16.617738+00:00
2026-06-04,new,54095994,,,,Shops for rent in Demistan great location,,450.0,,,BHD,monthly,,,,,,,,,,,26.123769760131836,50.469722747802734,,,,Husain Al Hayk,,NO,,,,,,2026-06-04T09:20:16.617738+00:00,2026-06-04T09:20:16.617738+00:00,0,2026-06-04T09:20:16.617738+00:00
2026-06-04,new,54095996,,,,FREEHOLD VILLA | GOLDEN VISA | CORNER VILLA,,130000.0,,,BHD,sell,,,,,,,,,,,26.31142234802246,50.64306640625,,,,Muhammad Saqib,,PARTLY,,,,,,2026-06-04T09:20:16.617738+00:00,2026-06-04T09:20:16.617738+00:00,0,2026-06-04T09:20:16.617738+00:00
2026-06-04,new,54095998,,,,CORNER VILLA | 5 BEDROOMS | SPACOUS GARDEN,,185000.0,,,BHD,sell,,,,,,,,,,,26.31142234802246,50.64306640625,,,,Muhammad Saqib,,PARTLY,,,,,,2026-06-04T09:20:16.617738+00:00,2026-06-04T09:20:16.617738+00:00,0,2026-06-04T09:20:16.617738+00:00
2026-06-04,new,54095999,,,,FREEHOLD | GOLDEN RESIDENCY | HIGH ROI,,155000.0,,,BHD,sell,,,,,,,,,,,26.31142234802246,50.64306640625,,,,Muhammad Saqib,,PARTLY,,,,,,2026-06-04T09:20:16.617738+00:00,2026-06-04T09:20:16.617738+00:00,0,2026-06-04T09:20:16.617738+00:00
2026-06-04,new,54096000,,,,"Apartment for rent , in a great location:",,250.0,,,BHD,monthly,,,,,,,,,,,26.21312713623047,50.528221130371094,,,,Husain Al Hayk,,PARTLY,,,,,,2026-06-04T09:20:16.617738+00:00,2026-06-04T09:20:16.617738+00:00,0,2026-06-04T09:20:16.617738+00:00
2026-06-04,new,54096002,,,,1 BHK Fully Furnished Renovated Apartment for Rent,,330.0,,,BHD,monthly,,,,,,,,,,,26.226558685302734,50.5459098815918,,,,Mohammed Anish,,YES,,,,,,2026-06-04T09:20:16.617738+00:00,2026-06-04T09:20:16.617738+00:00,0,2026-06-04T09:20:16.617738+00:00
2026-06-04,new,54096003,,,,Beach Access l Weekend gateway l Cozy interior,,81000.0,,,BHD,sell,,,,,,,,,,,26.303447723388672,50.6461296081543,,,,Rawan Abdulwadood,,YES,,,,,,2026-06-04T09:20:16.617738+00:00,2026-06-04T09:20:16.617738+00:00,0,2026-06-04T09:20:16.617738+00:00
2026-06-04,new,54096007,,,,1 BHK Fully Furnished Sea View Apartment for Rent,,300.0,,,BHD,monthly,,,,,,,,,,,26.226558685302734,50.5459098815918,,,,Mohammed Anish,,YES,,,,,,2026-06-04T09:20:16.617738+00:00,2026-06-04T09:20:16.617738+00:00,0,2026-06-04T09:20:16.617738+00:00
2026-06-04,new,54096008,,,,1 Bedroom City View Furnished Apartment for Rent,,300.0,,,BHD,monthly,,,,,,,,,,,26.226558685302734,50.5459098815918,,,,Mohammed Anish,,YES,,,,,,2026-06-04T09:20:16.617738+00:00,2026-06-04T09:20:16.617738+00:00,0,2026-06-04T09:20:16.617738+00:00
2026-06-04,new,54096009,,,,2 BHK Fully Furnished Sea View Apartment for Rent,,400.0,,,BHD,monthly,,,,,,,,,,,26.226558685302734,50.5459098815918,,,,Mohammed Anish,,YES,,,,,,2026-06-04T09:20:16.617738+00:00,2026-06-04T09:20:16.617738+00:00,0,2026-06-04T09:20:16.617738+00:00
2026-06-04,new,54096013,,,,2 BHK Fully Furnished Sea View Apartment for Sale,,52000.0,,,BHD,sell,,,,,,,,,,,26.226558685302734,50.5459098815918,,,,Mohammed Anish,,YES,,,,,,2026-06-04T09:20:16.617738+00:00,2026-06-04T09:20:16.617738+00:00,0,2026-06-04T09:20:16.617738+00:00
2026-06-04,new,54096014,,,,2 BHK Fully Furnished Sea View Apartment for Sale,,55000.0,,,BHD,sell,,,,,,,,,,,26.226558685302734,50.5459098815918,,,,Mohammed Anish,,YES,,,,,,2026-06-04T09:20:16.617738+00:00,2026-06-04T09:20:16.617738+00:00,0,2026-06-04T09:20:16.617738+00:00
2026-06-04,new,54096015,,,,1 BHK Fully Furnished Sea View Apartment for Sale,,41000.0,,,BHD,sell,,,,,,,,,,,26.226558685302734,50.5459098815918,,,,Mohammed Anish,,YES,,,,,,2026-06-04T09:20:16.617738+00:00,2026-06-04T09:20:16.617738+00:00,0,2026-06-04T09:20:16.617738+00:00
2026-06-04,new,54096016,,,,1 BHK Sea View Fully Furnished Apartment for Sale,,39888.0,,,BHD,sell,,,,,,,,,,,26.226558685302734,50.5459098815918,,,,Mohammed Anish,,YES,,,,,,2026-06-04T09:20:16.617738+00:00,2026-06-04T09:20:16.617738+00:00,0,2026-06-04T09:20:16.617738+00:00
2026-06-04,new,54096017,,,,1 Bedroom Fully Furnished Apartment for Sale,,40000.0,,,BHD,sell,,,,,,,,,,,26.226558685302734,50.5459098815918,,,,Mohammed Anish,,YES,,,,,,2026-06-04T09:20:16.617738+00:00,2026-06-04T09:20:16.617738+00:00,0,2026-06-04T09:20:16.617738+00:00
2026-06-04,new,54096018,,,,Shop | Store | Commercial Space for Rent – Askar,,200.0,,,BHD,monthly,,,,,,,,,,,26.05678367614746,50.61648178100586,,,,Abdul Saboor,,PARTLY,,,,,,2026-06-04T09:20:16.617738+00:00,2026-06-04T09:20:16.617738+00:00,0,2026-06-04T09:20:16.617738+00:00
2026-06-04,new,54096019,,,,Shop / Store / Commercial Shop for Rent – Askar,,180.0,,,BHD,monthly,,,,,,,,,,,26.05678367614746,50.61648178100586,,,,Abdul Saboor,,PARTLY,,,,,,2026-06-04T09:20:16.617738+00:00,2026-06-04T09:20:16.617738+00:00,0,2026-06-04T09:20:16.617738+00:00
2026-06-04,new,54096020,,,,"Shop for rent , in a great location:",,380.0,,,BHD,monthly,,,,,,,,,,,26.16529655456543,50.552181243896484,,,,Husain Al Hayk,,NO,,,,,,2026-06-04T09:20:16.617738+00:00,2026-06-04T09:20:16.617738+00:00,0,2026-06-04T09:20:16.617738+00:00
2026-06-04,new,54096022,,,,Rent | Prime Waterfront Shops | Ground + Mezzanine,,1400.0,,,BHD,monthly,,,,,,,,,,,26.21263313293457,50.67418670654297,,,,Samer Mohammed,,YES,,,,,,2026-06-04T09:20:16.617738+00:00,2026-06-04T09:20:16.617738+00:00,0,2026-06-04T09:20:16.617738+00:00
2026-06-04,new,54096023,,,,2 Washrooms l housekeeping l Indoor Pool,,550.0,,,BHD,monthly,,,,,,,,,,,26.239999771118164,50.5369987487793,,,,Rawan Abdulwadood,,YES,,,,,,2026-06-04T09:20:16.617738+00:00,2026-06-04T09:20:16.617738+00:00,0,2026-06-04T09:20:16.617738+00:00
2026-06-04,new,54096024,,,,Fully Furnished 1BHK Flat for Rent– Exhibiton Road,,220.0,,,BHD,monthly,,,,,,,,,,,26.231962203979492,50.59507369995117,,,,Abdul Saboor,,YES,,,,,,2026-06-04T09:20:16.617738+00:00,2026-06-04T09:20:16.617738+00:00,0,2026-06-04T09:20:16.617738+00:00
2026-06-04,new,54096031,,,,Premium Business Location- Shop Available for Rent,,950.0,,,BHD,monthly,,,,,,,,,,,26.231962203979492,50.59507369995117,,,,Abdul Saboor,,YES,,,,,,2026-06-04T09:20:16.617738+00:00,2026-06-04T09:20:16.617738+00:00,0,2026-06-04T09:20:16.617738+00:00
2026-06-04,new,54096033,,,,1 BHK FLAT FOR RENT | EXHIBITION ROAD | RENNOVATED,,220.0,,,BHD,monthly,,,,,,,,,,,26.231962203979492,50.59507369995117,,,,Abdul Saboor,,YES,,,,,,2026-06-04T09:20:16.617738+00:00,2026-06-04T09:20:16.617738+00:00,0,2026-06-04T09:20:16.617738+00:00
2026-06-04,new,54096034,,,,Invest in New Hidd | 4BR FreeHold Flat | Sea View,,70000.0,,,BHD,sell,,,,,,,,,,,26.21263313293457,50.67418670654297,,,,Asfand  Khan,,NO,,,,,,2026-06-04T09:20:16.617738+00:00,2026-06-04T09:20:16.617738+00:00,0,2026-06-04T09:20:16.617738+00:00
2026-06-04,new,54096035,,,,MODERN INTERIOR | HIGH FLOOR | CITY & SEA VIEWS,,700.0,,,BHD,monthly,,,,,,,,,,,26.239999771118164,50.5369987487793,,,,Muhammed  Abdulla,,YES,,,,,,2026-06-04T09:20:16.617738+00:00,2026-06-04T09:20:16.617738+00:00,0,2026-06-04T09:20:16.617738+00:00
2026-06-04,new,54096036,,,,HIGH FLOOR | CITY VIEW | SPACIOUS LAYOUT & BALCONY,,350.0,,,BHD,monthly,,,,,,,,,,,26.239999771118164,50.5369987487793,,,,Muhammed  Abdulla,,YES,,,,,,2026-06-04T09:20:16.617738+00:00,2026-06-04T09:20:16.617738+00:00,0,2026-06-04T09:20:16.617738+00:00
2026-06-04,new,54096037,,,,BRAND NEW | BIG BALCONY | MODERN FACILITIES,,400.0,,,BHD,monthly,,,,,,,,,,,26.239999771118164,50.5369987487793,,,,Muhammed  Abdulla,,YES,,,,,,2026-06-04T09:20:16.617738+00:00,2026-06-04T09:20:16.617738+00:00,0,2026-06-04T09:20:16.617738+00:00
2026-06-04,new,54096038,,,,"Shop for rent , in a great location:",,180.0,,,BHD,monthly,,,,,,,,,,,26.179166793823242,50.56222152709961,,,,Husain Al Hayk,,PARTLY,,,,,,2026-06-04T09:20:16.617738+00:00,2026-06-04T09:20:16.617738+00:00,0,2026-06-04T09:20:16.617738+00:00
2026-06-04,new,54096040,,,,Hot Deal | Move-In Ready | Family Living,,113000.0,,,BHD,sell,,,,,,,,,,,26.31142234802246,50.64306640625,,,,Beshoy Milad,,PARTLY,,,,,,2026-06-04T09:20:16.617738+00:00,2026-06-04T09:20:16.617738+00:00,0,2026-06-04T09:20:16.617738+00:00
2026-06-04,new,54096060,,,,FULLY SEA VIEW | BALCONY | SPACIOUS HALL | LUXURY,,600.0,,,BHD,monthly,,,,,,,,,,,26.241750717163086,50.5663948059082,,,,Imad Hasan,,YES,,,,,,2026-06-04T09:20:16.617738+00:00,2026-06-04T09:20:16.617738+00:00,0,2026-06-04T09:20:16.617738+00:00
2026-06-04,new,54096061,,,,Brand New Fully Furnished Apartment for Rent,,310.0,,,BHD,monthly,,,,,,,,,,,26.21672821044922,50.55367660522461,,,,Duaa Alsayegh,,YES,,,,,,2026-06-04T09:20:16.617738+00:00,2026-06-04T09:20:16.617738+00:00,0,2026-06-04T09:20:16.617738+00:00
2026-06-04,new,54096062,,,,Housekeeping l Indoor Pool l Prime Location,,700.0,,,BHD,monthly,,,,,,,,,,,26.239999771118164,50.5369987487793,,,,Rawan Abdulwadood,,YES,,,,,,2026-06-04T09:20:16.617738+00:00,2026-06-04T09:20:16.617738+00:00,0,2026-06-04T09:20:16.617738+00:00
2026-06-04,new,54096082,,,,HIGH LUXURIOUS TWO BEDROOM APARTMENT AND CITY VIEW,,480.0,,,BHD,monthly,,,,,,,,,,,26.239999771118164,50.5369987487793,,,,Abdulla Al Samahiji,,YES,,,,,,2026-06-04T09:20:16.617738+00:00,2026-06-04T09:20:16.617738+00:00,0,2026-06-04T09:20:16.617738+00:00
2026-06-04,new,54096083,,,,Spacious Family Villa | Upgraded | Garden |,,800.0,,,BHD,monthly,,,,,,,,,,,26.29302978515625,50.66474151611328,,,,Ehab Naser,,PARTLY,,,,,,2026-06-04T09:20:16.617738+00:00,2026-06-04T09:20:16.617738+00:00,0,2026-06-04T09:20:16.617738+00:00
2026-06-04,new,54096084,,,,Kidsarea l housekeeping l Pets Friendly l Security,,700.0,,,BHD,monthly,,,,,,,,,,,26.29302978515625,50.66474151611328,,,,Rawan Abdulwadood,,YES,,,,,,2026-06-04T09:20:16.617738+00:00,2026-06-04T09:20:16.617738+00:00,0,2026-06-04T09:20:16.617738+00:00
2026-06-04,new,54096101,,,,Beautifully Furnished Villa with Canal View,,850.0,,,BHD,monthly,,,,,,,,,,,26.29302978515625,50.66474151611328,,,,Siwar Arfaoui,,YES,,,,,,2026-06-04T09:20:16.617738+00:00,2026-06-04T09:20:16.617738+00:00,0,2026-06-04T09:20:16.617738+00:00
2026-06-04,new,54096103,,,,Great offer!!  villa with private pool,,1350.0,,,BHD,monthly,,,,,,,,,,,26.140336990356445,50.478271484375,,,,Vikki Ann Lord,,PARTLY,,,,,,2026-06-04T09:20:16.617738+00:00,2026-06-04T09:20:16.617738+00:00,0,2026-06-04T09:20:16.617738+00:00
2026-06-04,new,634304,,,,Duplex Ground garden view/Linen Provided,,1000.0,,,BHD,monthly,,,,,,,,,,,26.27199935913086,50.60900115966797,,,,Amr El Moghazy,,YES,,,,,,2026-05-31T13:58:31.068517+00:00,2026-06-04T09:20:16.617738+00:00,3,2026-06-04T09:20:16.617738+00:00
2026-06-04,new,634306,,,,Flat Skyline  &Linen provided,,1000.0,,,BHD,monthly,,,,,,,,,,,26.27199935913086,50.60900115966797,,,,Amr El Moghazy,,YES,,,,,,2026-06-04T09:20:16.617738+00:00,2026-06-04T09:20:16.617738+00:00,0,2026-06-04T09:20:16.617738+00:00
2026-06-04,new,634307,,,,Duplex City view with large balcony,,1000.0,,,BHD,monthly,,,,,,,,,,,26.27199935913086,50.60900115966797,,,,Amr El Moghazy,,YES,,,,,,2026-06-04T09:20:16.617738+00:00,2026-06-04T09:20:16.617738+00:00,0,2026-06-04T09:20:16.617738+00:00
2026-06-04,new,639712,,,,Flat City Skyline Views/HouseKeeping/Linen,,750.0,,,BHD,monthly,,,,,,,,,,,26.27199935913086,50.60900115966797,,,,Amr El Moghazy,,YES,,,,,,2026-06-04T09:20:16.617738+00:00,2026-06-04T09:20:16.617738+00:00,0,2026-06-04T09:20:16.617738+00:00
2026-06-04,new,640451,,,,Duplex City Skyline Views/HouseKeeping/Linen,,750.0,,,BHD,monthly,,,,,,,,,,,26.27199935913086,50.60900115966797,,,,Amr El Moghazy,,YES,,,,,,2026-06-04T09:20:16.617738+00:00,2026-06-04T09:20:16.617738+00:00,0,2026-06-04T09:20:16.617738+00:00
2026-06-04,new,642087,,,,Spacious Two bed apartment with large balcony and windows .,,1000.0,,,BHD,monthly,,,,,,,,,,,26.27199935913086,50.60900115966797,,,,Amr El Moghazy,,YES,,,,,,2026-05-31T13:58:31.068517+00:00,2026-06-04T09:20:16.617738+00:00,3,2026-06-04T09:20:16.617738+00:00
2026-06-04,new,656571,,,,"Studio for below Market Price, with GREAT location.",,700.0,,,BHD,monthly,,,,,,,,,,,26.27199935913086,50.60900115966797,,,,Amr El Moghazy,,YES,,,,,,2026-06-04T09:20:16.617738+00:00,2026-06-04T09:20:16.617738+00:00,0,2026-06-04T09:20:16.617738+00:00
2026-06-04,new,707567,,,,Fully Furnished Family Flat in HIDD,,400.0,,,BHD,monthly,,,,,,,,,,,26.21263313293457,50.67418670654297,,,,Sreejith Kunnil,,YES,,,,,,2026-05-31T13:58:31.068517+00:00,2026-06-04T09:20:16.617738+00:00,3,2026-06-04T09:20:16.617738+00:00
2026-06-04,new,719092,,,,Furnished / Bright / 2 BHK  @ Affordable Rent,,350.0,,,BHD,monthly,,,,,,,,,,,26.21263313293457,50.67418670654297,,,,Sreejith Kunnil,,YES,,,,,,2026-05-31T13:58:31.068517+00:00,2026-06-04T09:20:16.617738+00:00,3,2026-06-04T09:20:16.617738+00:00
2026-06-04,new,726162,,,,2 Bedroom 2 Bathroom Flat with Central AC & Curtains,,230.0,,,BHD,monthly,,,,,,,,,,,26.21263313293457,50.67418670654297,,,,Muhammad,,PARTLY,,,,,,2026-05-31T13:58:31.068517+00:00,2026-06-04T09:20:16.617738+00:00,3,2026-06-04T09:20:16.617738+00:00
2026-06-04,new,726186,,,,3 Bedroom 5 Bathroom Semi Furnished Big Flat,,300.0,,,BHD,monthly,,,,,,,,,,,26.21263313293457,50.67418670654297,,,,Muhammad,,PARTLY,,,,,,2026-05-31T13:58:31.068517+00:00,2026-06-04T09:20:16.617738+00:00,3,2026-06-04T09:20:16.617738+00:00
2026-06-04,new,822812,,,,Apartments for rent in hidd,,350.0,,,BHD,monthly,,,,,,,,,,,26.21263313293457,50.67418670654297,,,,Ayman Idrees,,YES,,,,,,2026-05-31T13:58:31.068517+00:00,2026-06-04T09:20:16.617738+00:00,3,2026-06-04T09:20:16.617738+00:00
2026-06-04,new,825210,,,,Own your dream house in the heart Busateen,,85000.0,,,BHD,sell,,,,,,,,,,,26.27199935913086,50.60900115966797,,,,Minguel Jacob Fernandes,,PARTLY,,,,,,2026-05-31T13:58:31.068517+00:00,2026-06-04T09:20:16.617738+00:00,3,2026-06-04T09:20:16.617738+00:00
2026-06-04,new,858750,,,,Unfurnished 3 BHK in Tubli / Prime Location,,330.0,,,BHD,monthly,,,,,,,,,,,26.188888549804688,50.54999923706055,,,,Sreejith Kunnil,,NO,,,,,,2026-06-04T09:20:16.617738+00:00,2026-06-04T09:20:16.617738+00:00,0,2026-06-04T09:20:16.617738+00:00
2026-06-04,new,879313,,,,Duplex Garden Ground floor / Linen provided,,3000.0,,,BHD,monthly,,,,,,,,,,,26.27199935913086,50.60900115966797,,,,Amr El Moghazy,,YES,,,,,,2026-06-04T09:20:16.617738+00:00,2026-06-04T09:20:16.617738+00:00,0,2026-06-04T09:20:16.617738+00:00
2026-06-04,new,899961,,,,Residential Land for Sale in North Sehla,,201753.0,,,BHD,sell,,,,,,,,,,,26.20176887512207,50.53025436401367,,,,Mahmood Al-Shaikh,,,,,,,,2026-05-31T13:58:31.068517+00:00,2026-06-04T09:20:16.617738+00:00,3,2026-06-04T09:20:16.617738+00:00
2026-06-04,new,900419,,,,RB Land for Sale in South Sehla,,135678.0,,,BHD,sell,,,,,,,,,,,26.20176887512207,50.53025436401367,,,,Mahmood Al-Shaikh,,,,,,,,2026-05-31T13:58:31.068517+00:00,2026-06-04T09:20:16.617738+00:00,3,2026-06-04T09:20:16.617738+00:00
2026-06-04,new,906606,,,,. RHA ارض للبيع في مخطط الربيع,,60000.0,,,BHD,sell,,,,,,,,,,,26.100860595703125,50.48801040649414,,,,Ehab Naser,,,,,,,,2026-05-31T13:58:31.068517+00:00,2026-06-04T09:20:16.617738+00:00,3,2026-06-04T09:20:16.617738+00:00
2026-06-04,new,907140,,,,Furnished | Luxury | Durrat Marina,,89000.0,,,BHD,sell,,,,,,,,,,,25.860807418823242,50.604957580566406,,,,Abdulla Alkhan,,YES,,,,,,2026-05-31T13:58:31.068517+00:00,2026-06-04T09:20:16.617738+00:00,3,2026-06-04T09:20:16.617738+00:00
2026-06-04,new,911664,,,,FLAT FOR SALE IN AL SAYAH BUSAITEEN,,48000.0,,,BHD,sell,,,,,,,,,,,26.27199935913086,50.60900115966797,,,,Ali Saleh,,YES,,,,,,2026-05-31T13:58:31.068517+00:00,2026-06-04T09:20:16.617738+00:00,3,2026-06-04T09:20:16.617738+00:00
2026-06-04,new,912646,,,,B3 PLOT FOR SALE IN THE CORNER | GOOD LOCATION,,144926.0,,,BHD,sell,,,,,,,,,,,26.185943603515625,50.46711349487305,,,,Hedia Al Sebaie,,,,,,,,2026-05-31T13:58:31.068517+00:00,2026-06-04T09:20:16.617738+00:00,3,2026-06-04T09:20:16.617738+00:00
2026-06-04,new,917954,,,,Villa for rent Eight Rooms Five Bath Two Kitchin,,800.0,,,BHD,monthly,,,,,,,,,,,26.223421096801758,50.56662368774414,,,,Brunilda Rrapa,,PARTLY,,,,,,2026-05-31T13:58:31.068517+00:00,2026-06-04T09:20:16.617738+00:00,3,2026-06-04T09:20:16.617738+00:00
2026-06-04,new,918041,,,,Spacious Flat | Prime Location,,120000.0,,,BHD,sell,,,,,,,,,,,26.27199935913086,50.60900115966797,,,,Yusuf Alsobaiei,,PARTLY,,,,,,2026-05-31T13:58:31.068517+00:00,2026-06-04T09:20:16.617738+00:00,3,2026-06-04T09:20:16.617738+00:00
2026-06-04,new,918063,,,,Amazing flat Sea View + Balcony,,68000.0,,,BHD,sell,,,,,,,,,,,25.860807418823242,50.604957580566406,,,,Yusuf Alsobaiei,,PARTLY,,,,,,2026-05-31T13:58:31.068517+00:00,2026-06-04T09:20:16.617738+00:00,3,2026-06-04T09:20:16.617738+00:00
2026-06-04,new,919338,,,,"Affordable Studio,City Skyline Views",,700.0,,,BHD,monthly,,,,,,,,,,,26.27199935913086,50.60900115966797,,,,Amr El Moghazy,,YES,,,,,,2026-06-04T09:20:16.617738+00:00,2026-06-04T09:20:16.617738+00:00,0,2026-06-04T09:20:16.617738+00:00
2026-06-04,new,919502,,,,For sale Industrial land in Askar,,75000.0,,,BHD,sell,,,,,,,,,,,26.05678367614746,50.61648178100586,,,,Hussain Mahfoodh,,,,,,,,2026-05-31T13:58:31.068517+00:00,2026-06-04T09:20:16.617738+00:00,3,2026-06-04T09:20:16.617738+00:00
2026-06-04,new,923467,,,,For sale residential land in Al-Malikiyah,,250000.0,,,BHD,sell,,,,,,,,,,,26.100860595703125,50.48801040649414,,,,Hussain Mahfoodh,,,,,,,,2026-05-31T13:58:31.068517+00:00,2026-06-04T09:20:16.617738+00:00,3,2026-06-04T09:20:16.617738+00:00
2026-06-04,new,926461,,,,Shops 3 month free grace period - Zallaq Springs,,504.0,,,BHD,monthly,,,,,,,,,,,26.049766540527344,50.48331069946289,,,,Shawn Admin,,PARTLY,,,,,,2026-05-31T13:58:31.068517+00:00,2026-06-04T09:20:16.617738+00:00,3,2026-06-04T09:20:16.617738+00:00
2026-06-04,new,929271,,,,LAND FOR SALE IN RAS HAYYAN      RA,,91668.0,,,BHD,sell,,,,,,,,,,,26.040000915527344,50.63138961791992,,,,Ahmed Shehab,,,,,,,,2026-05-31T13:58:31.068517+00:00,2026-06-04T09:20:16.617738+00:00,3,2026-06-04T09:20:16.617738+00:00
2026-06-04,new,929272,,,,LAND FOR SALE IN RAS HAYYAN   RA,,899340.0,,,BHD,sell,,,,,,,,,,,26.040000915527344,50.63138961791992,,,,Ahmed Shehab,,,,,,,,2026-05-31T13:58:31.068517+00:00,2026-06-04T09:20:16.617738+00:00,3,2026-06-04T09:20:16.617738+00:00
2026-06-04,new,930080,,,,Onyx Residence Luxury apartment in Bahrain Bay,,550.0,,,BHD,monthly,,,,,,,,,,,26.249584197998047,50.580360412597656,,,,Artyom Maulenov,,YES,,,,,,2026-05-31T13:58:31.068517+00:00,2026-06-04T09:20:16.617738+00:00,3,2026-06-04T09:20:16.617738+00:00
2026-06-04,new,930498,,,,2 BHK Affordable Apartments in Qufool ,,300.0,,,BHD,monthly,,,,,,,,,,,26.223421096801758,50.56662368774414,,,,Brunilda Rrapa,,YES,,,,,,2026-05-31T13:58:31.068517+00:00,2026-06-04T09:20:16.617738+00:00,3,2026-06-04T09:20:16.617738+00:00
2026-06-04,new,932188,,,,Commercial Land for sale in West Eker,,86000.0,,,BHD,sell,,,,,,,,,,,26.143688201904297,50.60297393798828,,,,Duaa Alsayegh,,,,,,,,2026-05-31T13:58:31.068517+00:00,2026-06-04T09:20:16.617738+00:00,3,2026-06-04T09:20:16.617738+00:00
2026-06-04,new,932189,,,,Commercial land for sale in Karzakkan  ,,102075.0,,,BHD,sell,,,,,,,,,,,26.113693237304688,50.48170471191406,,,,Duaa Alsayegh,,,,,,,,2026-05-31T13:58:31.068517+00:00,2026-06-04T09:20:16.617738+00:00,3,2026-06-04T09:20:16.617738+00:00
2026-06-04,new,932425,,,,Commercial Land for Sale Prime Investment ,,313878.0,,,BHD,sell,,,,,,,,,,,26.203079223632812,50.594947814941406,,,,Duaa Alsayegh,,,,,,,,2026-05-31T13:58:31.068517+00:00,2026-06-04T09:20:16.617738+00:00,3,2026-06-04T09:20:16.617738+00:00
2026-06-04,new,939423,,,,Residential Land in Hamad Town – Roundabout 1,,133000.0,,,BHD,sell,,,,,,,,,,,26.12916374206543,50.49860763549805,,,,Husain Mansoor,,,,,,,,2026-05-31T13:58:31.068517+00:00,2026-06-04T09:20:16.617738+00:00,3,2026-06-04T09:20:16.617738+00:00
2026-06-04,new,941430,,,,City View | Spacious and Bright I Navy Approved,,430.0,,,BHD,monthly,,,,,,,,,,,26.211111068725586,50.601112365722656,,,,Eardly Kent,,YES,,,,,,2026-06-02T00:10:52.106132+00:00,2026-06-04T09:20:16.617738+00:00,2,2026-06-04T09:20:16.617738+00:00
2026-06-04,new,941789,,,,2BHK | Maid Service | Balcony | Closed Kitchen |,,380.0,,,BHD,monthly,,,,,,,,,,,26.211111068725586,50.601112365722656,,,,Eardly Kent,,YES,,,,,,2026-06-02T00:10:52.106132+00:00,2026-06-04T09:20:16.617738+00:00,2,2026-06-04T09:20:16.617738+00:00
2026-06-04,new,944645,,,,Luxury living Semi furnished Two + maids room,,700.0,,,BHD,monthly,,,,,,,,,,,26.249584197998047,50.580360412597656,,,,Artyom Maulenov,,PARTLY,,,,,,2026-05-31T13:58:31.068517+00:00,2026-06-04T09:20:16.617738+00:00,3,2026-06-04T09:20:16.617738+00:00
2026-06-04,new,944658,,,,Luxury One bedroom apartment in Bahrain bay,,450.0,,,BHD,monthly,,,,,,,,,,,26.249584197998047,50.580360412597656,,,,Artyom Maulenov,,YES,,,,,,2026-06-02T00:10:52.106132+00:00,2026-06-04T09:20:16.617738+00:00,2,2026-06-04T09:20:16.617738+00:00
2026-06-04,new,946536,,,,ONYX | SEA VIEW | PREMIUM FACILITIES,,530.0,,,BHD,monthly,,,,,,,,,,,26.249584197998047,50.580360412597656,,,,Hamad Buhameed,,YES,,,,,,2026-05-31T13:58:31.068517+00:00,2026-06-04T09:20:16.617738+00:00,3,2026-06-04T09:20:16.617738+00:00
2026-06-04,new,947970,,,,Luxury | Investment | Prime Location,,39000.0,,,BHD,sell,,,,,,,,,,,26.27199935913086,50.60900115966797,,,,Ahmed Alkuwaiti,,YES,,,,,,2026-05-31T13:58:31.068517+00:00,2026-06-04T09:20:16.617738+00:00,3,2026-06-04T09:20:16.617738+00:00
2026-06-04,new,948066,,,,Spacious - Balcony - Opposite Hospital,,39000.0,,,BHD,sell,,,,,,,,,,,26.27199935913086,50.60900115966797,,,,Ahmed Alkuwaiti,,YES,,,,,,2026-05-31T13:58:31.068517+00:00,2026-06-04T09:20:16.617738+00:00,3,2026-06-04T09:20:16.617738+00:00
2026-06-04,new,948240,,,,Sea View - Luxury Furniture - Top Facilities,,750.0,,,BHD,monthly,,,,,,,,,,,26.211111068725586,50.601112365722656,,,,Sonali Fernandes,,YES,,,,,,2026-06-04T09:20:16.617738+00:00,2026-06-04T09:20:16.617738+00:00,0,2026-06-04T09:20:16.617738+00:00
2026-06-04,new,948513,,,,SPACIOUS FLAT | EXCELLENT OFFER | FAMILY BUILDING,,180.0,,,BHD,monthly,,,,,,,,,,,26.266666412353516,50.650001525878906,,,,Muhammad,,NO,,,,,,2026-05-31T13:58:31.068517+00:00,2026-06-04T09:20:16.617738+00:00,3,2026-06-04T09:20:16.617738+00:00
2026-06-04,new,950201,,,,Land for Sale in Malkiya | Prime Location,,130000.0,,,BHD,sell,,,,,,,,,,,26.100860595703125,50.48801040649414,,,,Duaa Alsayegh,,,,,,,,2026-05-31T13:58:31.068517+00:00,2026-06-04T09:20:16.617738+00:00,3,2026-06-04T09:20:16.617738+00:00
2026-06-04,new,950769,,,,Prime Commercial Land for Sale in Al Ramli,,137922.0,,,BHD,sell,,,,,,,,,,,26.183332443237305,50.516666412353516,,,,Duaa Alsayegh,,,,,,,,2026-05-31T13:58:31.068517+00:00,2026-06-04T09:20:16.617738+00:00,3,2026-06-04T09:20:16.617738+00:00
2026-06-04,new,952124,,,,Residential Land for Sale in Al Lawzi – Karzakan,,89500.0,,,BHD,sell,,,,,,,,,,,26.113693237304688,50.48170471191406,,,,Husain Mansoor,,,,,,,,2026-05-31T14:14:25.767990+00:00,2026-06-04T09:20:16.617738+00:00,3,2026-06-04T09:20:16.617738+00:00
2026-06-04,new,952125,,,,Residential Land for Sale in Al Lawzi – Karzakan,,89500.0,,,BHD,sell,,,,,,,,,,,26.113693237304688,50.48170471191406,,,,Husain Mansoor,,,,,,,,2026-05-31T14:14:25.767990+00:00,2026-06-04T09:20:16.617738+00:00,3,2026-06-04T09:20:16.617738+00:00
2026-06-04,new,954871,,,,Beautiful flat for rent/Juffair/Ready to move in ,,822.0,,,BHD,monthly,,,,,,,,,,,26.211111068725586,50.601112365722656,,,,Dafina Muca,,YES,,,,,,2026-06-02T00:10:52.106132+00:00,2026-06-04T09:20:16.617738+00:00,2,2026-06-04T09:20:16.617738+00:00
2026-06-04,new,954880,,,,Affordable flat for Rent/Juffair/Ready to move in!,,704.0,,,BHD,monthly,,,,,,,,,,,26.211111068725586,50.601112365722656,,,,Dafina Muca,,YES,,,,,,2026-06-02T00:10:52.106132+00:00,2026-06-04T09:20:16.617738+00:00,2,2026-06-04T09:20:16.617738+00:00
2026-06-04,new,954890,,,,Sea View flat for rent in Juffair/Ready to move in,,1000.0,,,BHD,monthly,,,,,,,,,,,26.211111068725586,50.601112365722656,,,,Dafina Muca,,YES,,,,,,2026-06-02T00:10:52.106132+00:00,2026-06-04T09:20:16.617738+00:00,2,2026-06-04T09:20:16.617738+00:00
2026-06-04,new,956181,,,,Sea View | Luxury 2 BR | Balcony | Gym | Cinema**,,60000.0,,,BHD,sell,,,,,,,,,,,25.860807418823242,50.604957580566406,,,,Sandeep Kumar,,PARTLY,,,,,,2026-05-31T13:58:31.068517+00:00,2026-06-04T09:20:16.617738+00:00,3,2026-06-04T09:20:16.617738+00:00
2026-06-04,new,956889,,,,FREEHOLD AREA! COMMERCIAL LAND FOR SALE! 2 ROADS,,219962.0,,,BHD,sell,,,,,,,,,,,26.31142234802246,50.64306640625,,,,Violeta Abboud,,,,,,,,2026-05-31T13:58:31.068517+00:00,2026-06-04T09:20:16.617738+00:00,3,2026-06-04T09:20:16.617738+00:00
2026-06-04,new,957020,,,,Al Raya Riffa- A Luxury destination in Riffa,,2000.0,,,BHD,monthly,,,,,,,,,,,26.130512237548828,50.55546569824219,,,,Augustine Mascarenhas,,NO,,,,,,2026-05-31T13:58:31.068517+00:00,2026-06-04T09:20:16.617738+00:00,3,2026-06-04T09:20:16.617738+00:00
2026-06-04,new,957954,,,,Luxury Three bedrooms Penthouse in Bahrain Bay,,1500.0,,,BHD,monthly,,,,,,,,,,,26.249584197998047,50.580360412597656,,,,Artyom Maulenov,,YES,,,,,,2026-06-02T00:10:52.106132+00:00,2026-06-04T09:20:16.617738+00:00,2,2026-06-04T09:20:16.617738+00:00
2026-06-04,new,959550,,,,"Near to highway, Ideal size, rare Opportunity ",,287500.0,,,BHD,sell,,,,,,,,,,,26.12916374206543,50.49860763549805,,,,Abdulla Murad,,,,,,,,2026-05-31T13:58:31.068517+00:00,2026-06-04T09:20:16.617738+00:00,3,2026-06-04T09:20:16.617738+00:00
2026-06-04,new,959699,,,,5YRS PAYMENT PLAN - NO INTEREST - BEACH ACCESS,,85000.0,,,BHD,sell,,,,,,,,,,,26.28470230102539,50.664039611816406,,,,Amani Khalifa,,PARTLY,,,,,,2026-05-31T21:39:42.444738+00:00,2026-06-04T09:20:16.617738+00:00,3,2026-06-04T09:20:16.617738+00:00
2026-06-04,new,961572,,,,Beautiful Furnished/Rent Juffair/Ready to move in,,704.0,,,BHD,monthly,,,,,,,,,,,26.211111068725586,50.601112365722656,,,,Dafina Muca,,YES,,,,,,2026-06-02T00:10:52.106132+00:00,2026-06-04T09:20:16.617738+00:00,2,2026-06-04T09:20:16.617738+00:00
2026-06-04,new,962040,,,,0% Commission / For sale《 Land 》in Ras Hayyan area,,53100.0,,,BHD,sell,,,,,,,,,,,26.040000915527344,50.63138961791992,,,,Zainab Mohammed,,,,,,,,2026-05-31T13:58:31.068517+00:00,2026-06-04T09:20:16.617738+00:00,3,2026-06-04T09:20:16.617738+00:00
2026-06-04,new,962437,,,,Shops 3 month free grace period - Zallaq Highway,,850.0,,,BHD,monthly,,,,,,,,,,,26.049766540527344,50.48331069946289,,,,Leasing Team,,YES,,,,,,2026-05-31T13:58:31.068517+00:00,2026-06-04T09:20:16.617738+00:00,3,2026-06-04T09:20:16.617738+00:00
2026-06-04,new,965251,,,,شقق راقية بتصميم عصري وراقي جدا في موقع رائع,,70000.0,,,BHD,sell,,,,,,,,,,,26.149368286132812,50.56598663330078,,,,Mohamed Salamah,,NO,,,,,,2026-05-31T13:58:31.068517+00:00,2026-06-04T09:20:16.617738+00:00,3,2026-06-04T09:20:16.617738+00:00
2026-06-04,new,966707,,,,OPEN KITCHEN WITH HALL | 2 AC PROVIDED,,180.0,,,BHD,monthly,,,,,,,,,,,26.266666412353516,50.650001525878906,,,,Muhammad,,NO,,,,,,2026-05-31T13:58:31.068517+00:00,2026-06-04T09:20:16.617738+00:00,3,2026-06-04T09:20:16.617738+00:00
2026-06-04,new,968894,,,,NEW UNFURNISHED FLAT | BIG LIVING HALL,,180.0,,,BHD,monthly,,,,,,,,,,,26.266666412353516,50.650001525878906,,,,Muhammad,,NO,,,,,,2026-05-31T13:58:31.068517+00:00,2026-06-04T09:20:16.617738+00:00,3,2026-06-04T09:20:16.617738+00:00
2026-06-04,new,970261,,,,Residential Land Near Bahrain National Stadium,,156760.0,,,BHD,sell,,,,,,,,,,,26.143957138061523,50.547142028808594,,,,Sayed Ahmed AlSharaf,,,,,,,,2026-05-31T13:58:31.068517+00:00,2026-06-04T09:20:16.617738+00:00,3,2026-06-04T09:20:16.617738+00:00
2026-06-04,new,970903,,,,Land for Sale – Al Lawzi (Lake-Front) Peacful,,95321.0,,,BHD,sell,,,,,,,,,,,26.12916374206543,50.49860763549805,,,,Duaa Alsayegh,,,,,,,,2026-05-31T13:58:31.068517+00:00,2026-06-04T09:20:16.617738+00:00,3,2026-06-04T09:20:16.617738+00:00
2026-06-04,new,971278,,,,2BHK SEMI FURNISHED NEW BUILDING IN HIDD,,250.0,,,BHD,monthly,,,,,,,,,,,26.21263313293457,50.67418670654297,,,,SILPA S,,PARTLY,,,,,,2026-06-02T00:10:52.106132+00:00,2026-06-04T09:20:16.617738+00:00,2,2026-06-04T09:20:16.617738+00:00
2026-06-04,new,971515,,,,FULLY FURNISHED 2BHK FLAT FOR RENT IN HIDD,,330.0,,,BHD,monthly,,,,,,,,,,,26.21263313293457,50.67418670654297,,,,SILPA S,,YES,,,,,,2026-06-02T00:10:52.106132+00:00,2026-06-04T09:20:16.617738+00:00,2,2026-06-04T09:20:16.617738+00:00
2026-06-04,new,971808,,,, SEA VIEW | SEMI FURNISHED | CLOSE KITCHEN ,,250.0,,,BHD,monthly,,,,,,,,,,,26.266666412353516,50.650001525878906,,,,Ismail Abdullah,,PARTLY,,,,,,2026-05-31T13:58:31.068517+00:00,2026-06-04T09:20:16.617738+00:00,3,2026-06-04T09:20:16.617738+00:00
2026-06-04,new,972676,,,,Prime Location | Wide Roads | Easy Access,,82500.0,,,BHD,sell,,,,,,,,,,,26.113693237304688,50.48170471191406,,,,Hesham Ismaeel,,,,,,,,2026-05-31T14:14:25.767990+00:00,2026-06-04T09:20:16.617738+00:00,3,2026-06-04T09:20:16.617738+00:00
2026-06-04,new,973506,,,,PANORAMIC*SEA VIEW*1BR*BALCONY*PRIME LOCATION*POOL,,55000.0,,,BHD,sell,,,,,,,,,,,25.860807418823242,50.604957580566406,,,,Sandeep Kumar,,YES,,,,,,2026-05-31T13:58:31.068517+00:00,2026-06-04T09:20:16.617738+00:00,3,2026-06-04T09:20:16.617738+00:00
2026-06-04,new,976980,,,,Elegant Marina View Apartment in Durrat Marina,,60000.0,,,BHD,sell,,,,,,,,,,,25.860807418823242,50.604957580566406,,,,Abdulla Alkhan,,YES,,,,,,2026-05-31T13:58:31.068517+00:00,2026-06-04T09:20:16.617738+00:00,3,2026-06-04T09:20:16.617738+00:00
2026-06-04,new,977774,,,,شقة واسعة من 3 غرف | قريبة من المطار | البسيتين,,65000.0,,,BHD,sell,,,,,,,,,,,26.27199935913086,50.60900115966797,,,,Abdulla Alkhan,,PARTLY,,,,,,2026-05-31T13:58:31.068517+00:00,2026-06-04T09:20:16.617738+00:00,3,2026-06-04T09:20:16.617738+00:00
2026-06-04,new,978822,,,,Land for Sale in Malkiya | Facing 1 road | 220 sq,,77000.0,,,BHD,sell,,,,,,,,,,,26.100860595703125,50.48801040649414,,,,Duaa Alsayegh,,,,,,,,2026-05-31T13:58:31.068517+00:00,2026-06-04T09:20:16.617738+00:00,3,2026-06-04T09:20:16.617738+00:00
2026-06-04,new,980998,,,,MODERN/SPACIOUS/NEW/LUXURY/EASY LIFE,,280.0,,,BHD,monthly,,,,,,,,,,,26.21693992614746,50.57733154296875,,,,Sahebaz Makki,,YES,,,,,,2026-05-31T13:58:31.068517+00:00,2026-06-04T09:20:16.617738+00:00,3,2026-06-04T09:20:16.617738+00:00
2026-06-04,new,982632,,,,Specious | Near King Abdulla M City | Great Prices,,55000.0,,,BHD,sell,,,,,,,,,,,25.860807418823242,50.604957580566406,,,,Abdulla Alkhan,,PARTLY,,,,,,2026-05-31T13:58:31.068517+00:00,2026-06-04T09:20:16.617738+00:00,3,2026-06-04T09:20:16.617738+00:00
2026-06-04,new,982696,,,,"Duplex 2 BR with Balcony , Partial SEA VIEW",,600.0,,,BHD,monthly,,,,,,,,,,,26.211111068725586,50.601112365722656,,,,Dafina Muca,,YES,,,,,,2026-06-02T00:10:52.106132+00:00,2026-06-04T09:20:16.617738+00:00,2,2026-06-04T09:20:16.617738+00:00
2026-06-04,new,983640,,,,commercial Land for sale in Askar,,75000.0,,,BHD,sell,,,,,,,,,,,26.05678367614746,50.61648178100586,,,,Deewania estate agency,,,,,,,,2026-05-31T13:58:31.068517+00:00,2026-06-04T09:20:16.617738+00:00,3,2026-06-04T09:20:16.617738+00:00
2026-06-04,new,983964,,,,Commercial | Service Areas (S) | Industrial Sitra,,192332.0,,,BHD,sell,,,,,,,,,,,26.162988662719727,50.6124267578125,,,,Khalil Aryan,,,,,,,,2026-05-31T13:58:31.068517+00:00,2026-06-04T09:20:16.617738+00:00,3,2026-06-04T09:20:16.617738+00:00
2026-06-04,new,984143,,,,1 BHK | FULLY FURNISHED |GYM & POOL|,,300.0,,,BHD,monthly,,,,,,,,,,,26.21693992614746,50.57733154296875,,,,JASIM AHMED ABDULLA MOHAMED HASAN,,YES,,,,,,2026-06-04T09:20:16.617738+00:00,2026-06-04T09:20:16.617738+00:00,0,2026-06-04T09:20:16.617738+00:00
2026-06-04,new,984462,,,,Brand New | Sea View | Freehold | Golden Visa,,123000.0,,,BHD,sell,,,,,,,,,,,26.21263313293457,50.67418670654297,,,,Juan Chiariello,,NO,,,,,,2026-05-31T13:58:31.068517+00:00,2026-06-04T09:20:16.617738+00:00,3,2026-06-04T09:20:16.617738+00:00
2026-06-04,new,985641,,,,*Residential Plot | Paved Road | Utilities Ready*,,240285.0,,,BHD,sell,,,,,,,,,,,26.12916374206543,50.49860763549805,,,,Ali Hasan,,,,,,,,2026-05-31T13:58:31.068517+00:00,2026-06-04T09:20:16.617738+00:00,3,2026-06-04T09:20:16.617738+00:00
2026-06-04,new,986643,,,,Modern Premium 1BHK | Fully Furnished | Balcony |,,270.0,,,BHD,monthly,,,,,,,,,,,26.21693992614746,50.57733154296875,,,,Anu K H,,YES,,,,,,2026-05-31T14:33:55.753010+00:00,2026-06-04T09:20:16.617738+00:00,3,2026-06-04T09:20:16.617738+00:00
2026-06-04,new,986721,,,,Premium LOCATION shop in JURDAB,,400.0,,,BHD,monthly,,,,,,,,,,,26.168216705322266,50.57180404663086,,,,Mohammed Alseba,,PARTLY,,,,,,2026-05-31T13:58:31.068517+00:00,2026-06-04T09:20:16.617738+00:00,3,2026-06-04T09:20:16.617738+00:00
2026-06-04,new,987018,,,,"Luxury Studio, Fully Furnished, Premium Amenitiese",,350.0,,,BHD,monthly,,,,,,,,,,,26.249584197998047,50.580360412597656,,,,Osama Ahmad,,YES,,,,,,2026-05-31T13:58:31.068517+00:00,2026-06-04T09:20:16.617738+00:00,3,2026-06-04T09:20:16.617738+00:00
2026-06-04,new,988713,,,,Building – Prime Location - in Central Manama,,140000.0,,,BHD,sell,,,,,,,,,,,26.23276138305664,50.57925033569336,,,,Khalil Aryan,,YES,,,,,,2026-05-31T13:58:31.068517+00:00,2026-06-04T09:20:16.617738+00:00,3,2026-06-04T09:20:16.617738+00:00
2026-06-04,new,988916,,,,Sukoon Tower | Services available | Luxurious,,290.0,,,BHD,monthly,,,,,,,,,,,26.211111068725586,50.601112365722656,,,,Al Lagoon Real Estate ,,YES,,,,,,2026-06-01T03:20:45.757236+00:00,2026-06-04T09:20:16.617738+00:00,3,2026-06-04T09:20:16.617738+00:00
2026-06-04,new,989326,,,,Brand New Building for Sale in A’ali | 9 Flats |,,300000.0,,,BHD,sell,,,,,,,,,,,26.1634578704834,50.515289306640625,,,,Duaa Alsayegh,,YES,,,,,,2026-05-31T13:58:31.068517+00:00,2026-06-04T09:20:16.617738+00:00,3,2026-06-04T09:20:16.617738+00:00
2026-06-04,new,989396,,,,Freehold - Sea and Marina View - Big Balcony,,61500.0,,,BHD,sell,,,,,,,,,,,25.860807418823242,50.604957580566406,,,,Ahmed Alkuwaiti,,PARTLY,,,,,,2026-05-31T13:58:31.068517+00:00,2026-06-04T09:20:16.617738+00:00,3,2026-06-04T09:20:16.617738+00:00
2026-06-04,new,989753,,,,Prime Commercial Shops in a New Complex –Isa Tow,,400.0,,,BHD,monthly,,,,,,,,,,,26.16529655456543,50.552181243896484,,,,Sayed Sadeq Jaafar,,NO,,,,,,2026-05-31T13:58:31.068517+00:00,2026-06-04T09:20:16.617738+00:00,3,2026-06-04T09:20:16.617738+00:00
2026-06-04,new,989933,,,,High ROI I Sea View I Freehold,,52000.0,,,BHD,sell,,,,,,,,,,,26.21263313293457,50.67418670654297,,,,Abdulwahab Waheed,,YES,,,,,,2026-05-31T13:58:31.068517+00:00,2026-06-04T09:20:16.617738+00:00,3,2026-06-04T09:20:16.617738+00:00
2026-06-04,new,990183,,,,MODERN LIVING | QUIET LOCALITY | BHD 30 EWA LIMIT,,380.0,,,BHD,monthly,,,,,,,,,,,26.21693992614746,50.57733154296875,,,,Fahim Naseer,,YES,,,,,,2026-05-31T14:33:55.753010+00:00,2026-06-04T09:20:16.617738+00:00,3,2026-06-04T09:20:16.617738+00:00
2026-06-04,new,990372,,,,INCLUSIVE | HOUSEKEEPING | NEAR CITY CENTRE,,400.0,,,BHD,monthly,,,,,,,,,,,26.239999771118164,50.5369987487793,,,,Andrada Dorovei,,YES,,,,,,2026-06-04T09:20:16.617738+00:00,2026-06-04T09:20:16.617738+00:00,0,2026-06-04T09:20:16.617738+00:00
2026-06-04,new,991828,,,,Great Price |Close to Walkway | Sea Nearby,,83609.0,,,BHD,sell,,,,,,,,,,,26.113693237304688,50.48170471191406,,,,Husain Mansoor,,,,,,,,2026-05-31T14:14:25.767990+00:00,2026-06-04T09:20:16.617738+00:00,3,2026-06-04T09:20:16.617738+00:00
2026-06-04,new,992249,,,,Prime land for sale in Ras Hayyan,,85000.0,,,BHD,sell,,,,,,,,,,,26.040000915527344,50.63138961791992,,,,Ahmed Alhayki ,,,,,,,,2026-05-31T13:58:31.068517+00:00,2026-06-04T09:20:16.617738+00:00,3,2026-06-04T09:20:16.617738+00:00
2026-06-04,new,992365,,,,Modern and beautiful flat for rent/Ready to Move,,450.0,,,BHD,monthly,,,,,,,,,,,26.211111068725586,50.601112365722656,,,,Dafina Muca,,YES,,,,,,2026-06-02T00:10:52.106132+00:00,2026-06-04T09:20:16.617738+00:00,2,2026-06-04T09:20:16.617738+00:00
2026-06-04,new,992415,,,,Top Floor Amazing View With Balcony,,85000.0,,,BHD,sell,,,,,,,,,,,26.239999771118164,50.5369987487793,,,,Maher Alimadi,,PARTLY,,,,,,2026-05-31T13:58:31.068517+00:00,2026-06-04T09:20:16.617738+00:00,3,2026-06-04T09:20:16.617738+00:00
2026-06-04,new,992433,,,,Freehold Property for Foreign Investors,,92870.0,,,BHD,sell,,,,,,,,,,,26.28470230102539,50.664039611816406,,,,Mohamad Abdou,,NO,,,,,,2026-05-31T13:58:31.068517+00:00,2026-06-04T09:20:16.617738+00:00,3,2026-06-04T09:20:16.617738+00:00
2026-06-04,new,993178,,,,2 BR | LUXURY | GLAMOROUS | FULLY F | IN JANABIYA,,500.0,,,BHD,monthly,,,,,,,,,,,26.185943603515625,50.46711349487305,,,,Katherine Chapman,,YES,,,,,,2026-06-04T09:20:16.617738+00:00,2026-06-04T09:20:16.617738+00:00,0,2026-06-04T09:20:16.617738+00:00
2026-06-04,new,994911,,,,Land for sale in askar,,95000.0,,,BHD,sell,,,,,,,,,,,26.040000915527344,50.63138961791992,,,,Deewania estate agency,,,,,,,,2026-05-31T13:58:31.068517+00:00,2026-06-04T09:20:16.617738+00:00,3,2026-06-04T09:20:16.617738+00:00
2026-06-04,new,995170,,,,Great Price |Prime Location |Sea View,,83501.0,,,BHD,sell,,,,,,,,,,,26.113693237304688,50.48170471191406,,,,Husain Mansoor,,,,,,,,2026-05-31T14:14:25.767990+00:00,2026-06-04T09:20:16.617738+00:00,3,2026-06-04T09:20:16.617738+00:00
2026-06-04,new,995673,,,,1 BEDROOM APARTMENT | LUXURY | BALCONY | IN SEEF,,400.0,,,BHD,monthly,,,,,,,,,,,26.239999771118164,50.5369987487793,,,,Mohamed Ali,,YES,,,,,,2026-06-04T09:20:16.617738+00:00,2026-06-04T09:20:16.617738+00:00,0,2026-06-04T09:20:16.617738+00:00
2026-06-04,new,995730,,,,"Luxury Studio, Inclusive, Pool and GYM/ Cinema",,300.0,,,BHD,monthly,,,,,,,,,,,26.211111068725586,50.601112365722656,,,,Dafina Muca,,YES,,,,,,2026-06-02T00:10:52.106132+00:00,2026-06-04T09:20:16.617738+00:00,2,2026-06-04T09:20:16.617738+00:00
2026-06-04,new,995954,,,,Luxury 2 BHK | Smart | Big Balcony,,400.0,,,BHD,monthly,,,,,,,,,,,26.287778854370117,50.66339111328125,,,,Mina Majdi,,YES,,,,,,2026-06-04T09:20:16.617738+00:00,2026-06-04T09:20:16.617738+00:00,0,2026-06-04T09:20:16.617738+00:00
2026-06-04,new,996059,,,,Freehold land for tower in prime location,,1160000.0,,,BHD,sell,,,,,,,,,,,26.203079223632812,50.594947814941406,,,,Yusuf Alsobaiei,,,,,,,,2026-05-31T13:58:31.068517+00:00,2026-06-04T09:20:16.617738+00:00,3,2026-06-04T09:20:16.617738+00:00
2026-06-04,new,997170,,,,well-spaced flat l balcony l sea-view,,650.0,,,BHD,monthly,,,,,,,,,,,26.211111068725586,50.601112365722656,,,,Monica Medhat,,YES,,,,,,2026-06-04T09:20:16.617738+00:00,2026-06-04T09:20:16.617738+00:00,0,2026-06-04T09:20:16.617738+00:00
2026-06-04,new,997186,,,,modern flat l closed kitchen l kids area,,400.0,,,BHD,monthly,,,,,,,,,,,26.211111068725586,50.601112365722656,,,,Monica Medhat,,YES,,,,,,2026-06-04T09:20:16.617738+00:00,2026-06-04T09:20:16.617738+00:00,0,2026-06-04T09:20:16.617738+00:00
2026-06-04,new,997270,,,,modern flat l good price l split ac,,330.0,,,BHD,monthly,,,,,,,,,,,26.211111068725586,50.601112365722656,,,,Monica Medhat,,YES,,,,,,2026-06-04T09:20:16.617738+00:00,2026-06-04T09:20:16.617738+00:00,0,2026-06-04T09:20:16.617738+00:00
2026-06-04,new,997503,,,,sea view l balcony l well-spaced,,640.0,,,BHD,monthly,,,,,,,,,,,26.211111068725586,50.601112365722656,,,,Monica Medhat,,YES,,,,,,2026-06-04T09:20:16.617738+00:00,2026-06-04T09:20:16.617738+00:00,0,2026-06-04T09:20:16.617738+00:00
2026-06-04,new,997514,,,,good price l well-spaced l dishwasher,,525.0,,,BHD,monthly,,,,,,,,,,,26.211111068725586,50.601112365722656,,,,Monica Medhat,,YES,,,,,,2026-06-04T09:20:16.617738+00:00,2026-06-04T09:20:16.617738+00:00,0,2026-06-04T09:20:16.617738+00:00
2026-06-04,new,997636,,,,Spacious 3-Bed Apartment | Prime Location,,52000.0,,,BHD,sell,,,,,,,,,,,26.128984451293945,50.58171463012695,,,,Masoud Ali Ebrahim,,NO,,,,,,2026-05-31T13:58:31.068517+00:00,2026-06-04T09:20:16.617738+00:00,3,2026-06-04T09:20:16.617738+00:00
2026-06-04,new,998129,,,,luxury flat l sea view l maid room,,875.0,,,BHD,monthly,,,,,,,,,,,26.211111068725586,50.601112365722656,,,,Monica Medhat,,YES,,,,,,2026-06-04T09:20:16.617738+00:00,2026-06-04T09:20:16.617738+00:00,0,2026-06-04T09:20:16.617738+00:00
2026-06-04,new,998731,,,,2 Bed room apartment at Galali,,180.0,,,BHD,monthly,,,,,,,,,,,26.266666412353516,50.650001525878906,,,,Abdulla Ebrahim,,NO,,,,,,2026-05-31T13:58:31.068517+00:00,2026-06-04T09:20:16.617738+00:00,3,2026-06-04T09:20:16.617738+00:00
2026-06-04,new,999235,,,,modern flat l balcony l open kitchen,,285.0,,,BHD,monthly,,,,,,,,,,,26.211111068725586,50.601112365722656,,,,Monica Medhat,,YES,,,,,,2026-06-04T09:20:16.617738+00:00,2026-06-04T09:20:16.617738+00:00,0,2026-06-04T09:20:16.617738+00:00
2026-06-04,removed,1000124,,,,luxurious apartment 2 bhk below market price!!,380.0,,,,BHD,monthly,,,,,,,,,,,26.211111068725586,50.601112365722656,,,,Barath Nunavathi,,YES,,,,,,2026-06-02T00:10:52.106132+00:00,2026-06-03T21:04:42.207506+00:00,1,2026-06-03T21:04:42.207506+00:00
2026-06-04,removed,1000877,,,,Gorgeous 1 bhk with facilities below market price,300.0,,,,BHD,monthly,,,,,,,,,,,26.211111068725586,50.601112365722656,,,,Barath Nunavathi,,YES,,,,,,2026-06-02T00:10:52.106132+00:00,2026-06-03T21:04:42.207506+00:00,1,2026-06-03T21:04:42.207506+00:00
2026-06-04,removed,51174715,,,,Best Location | Highway Access | Inclusive,400.0,,,,BHD,monthly,,,,,,,,,,,26.211111068725586,50.601112365722656,,,,Saeed Hamueh,,YES,,,,,,2026-06-02T17:34:08.678888+00:00,2026-06-03T21:04:42.207506+00:00,1,2026-06-03T21:04:42.207506+00:00
2026-06-04,removed,51233064,,,,"Prime RA land, great location, spacious",95000.0,,,,BHD,sell,,,,,,,,,,,26.08335304260254,50.48234558105469,,,,Abdulrahman Mohammed,,,,,,,,2026-05-31T13:58:31.068517+00:00,2026-06-03T21:04:42.207506+00:00,3,2026-06-03T21:04:42.207506+00:00
2026-06-04,removed,51323623,,,,STEP INTO COMFORT WITH RENTING THIS EXECUTIVE FLAT,450.0,,,,BHD,monthly,,,,,,,,,,,26.211111068725586,50.601112365722656,,,,Muthasamy Nanda Kumar ,,YES,,,,,,2026-05-31T13:58:31.068517+00:00,2026-06-03T21:04:42.207506+00:00,3,2026-06-03T21:04:42.207506+00:00
2026-06-04,removed,51352556,,,,Land for sale in Sadad Area: 314.6 square meters C,88000.0,,,,BHD,sell,,,,,,,,,,,26.08335304260254,50.48234558105469,,,,Abdulfattah Ali,,,,,,,,2026-05-31T13:58:31.068517+00:00,2026-06-03T21:04:42.207506+00:00,3,2026-06-03T21:04:42.207506+00:00
2026-06-04,removed,51353308,,,,APRIL MONTH KILLER UNIQUE OFFER–JUFFAIR HEIGHTS,325.0,,,,BHD,monthly,,,,,,,,,,,26.211111068725586,50.601112365722656,,,,Muthasamy Nanda Kumar ,,YES,,,,,,2026-05-31T13:58:31.068517+00:00,2026-06-03T21:04:42.207506+00:00,3,2026-06-03T21:04:42.207506+00:00
2026-06-04,removed,51583720,,,,Modern Furnished Apartment –Bright Views -Freehold,77600.0,,,,BHD,sell,,,,,,,,,,,26.303447723388672,50.6461296081543,,,,Mahmoud Marzouk,,YES,,,,,,2026-05-31T13:58:31.068517+00:00,2026-06-03T21:04:42.207506+00:00,3,2026-06-03T21:04:42.207506+00:00
2026-06-04,removed,51718670,,,,"Land For Sale In Sadad , The Price Is 95,000",95000.0,,,,BHD,sell,,,,,,,,,,,26.08335304260254,50.48234558105469,,,,Ali Najah,,,,,,,,2026-05-31T13:58:31.068517+00:00,2026-06-03T21:04:42.207506+00:00,3,2026-06-03T21:04:42.207506+00:00
2026-06-04,removed,51718865,,,,"Apartment for rent , in a great location:",220.0,,,,BHD,monthly,,,,,,,,,,,26.179166793823242,50.56222152709961,,,,Husain Al Hayk,,NO,,,,,,2026-05-31T13:58:31.068517+00:00,2026-06-03T21:04:42.207506+00:00,3,2026-06-03T21:04:42.207506+00:00
2026-06-04,removed,51745401,,,,"Office for rent , in a great location:",180.0,,,,BHD,monthly,,,,,,,,,,,26.226558685302734,50.5459098815918,,,,Husain Al Hayk,,PARTLY,,,,,,2026-05-31T13:58:31.068517+00:00,2026-06-03T21:04:42.207506+00:00,3,2026-06-03T21:04:42.207506+00:00
2026-06-04,removed,51957849,,,,AMAZING HOME / BEST PRICE / PRIVATE POOL,650.0,,,,BHD,monthly,,,,,,,,,,,26.29302978515625,50.66474151611328,,,,Kristina Rakikji,,PARTLY,,,,,,2026-05-31T13:58:31.068517+00:00,2026-06-03T21:04:42.207506+00:00,3,2026-06-03T21:04:42.207506+00:00
2026-06-04,removed,51984468,,,,NEW LUXURY SPACIOUS SEA VIEW 2 TERECCE MAID STORE,360.0,,,,BHD,monthly,,,,,,,,,,,26.21263313293457,50.67418670654297,,,,khan Mohammad khan,,YES,,,,,,2026-05-31T13:58:31.068517+00:00,2026-06-03T21:04:42.207506+00:00,3,2026-06-03T21:04:42.207506+00:00
2026-06-04,removed,52038816,,,,AMAZING VIEW / SPACIOUS APARTMENT/ BEST FACILITIES,650.0,,,,BHD,monthly,,,,,,,,,,,26.27286720275879,50.672889709472656,,,,Kristina Rakikji,,YES,,,,,,2026-05-31T13:58:31.068517+00:00,2026-06-03T21:04:42.207506+00:00,3,2026-06-03T21:04:42.207506+00:00
2026-06-04,removed,52143868,,,,Spacious | Elegant | Close to Nadeen School,140000.0,,,,BHD,sell,,,,,,,,,,,26.27286720275879,50.672889709472656,,,,Lina Sabrawi,,YES,,,,,,2026-05-31T14:33:55.753010+00:00,2026-06-03T21:04:42.207506+00:00,3,2026-06-03T21:04:42.207506+00:00
2026-06-04,removed,52249406,,,,Modern 1BR Apartment for Sale | Marassi,57000.0,,,,BHD,sell,,,,,,,,,,,26.303447723388672,50.6461296081543,,,,Ahmed Janahi,,YES,,,,,,2026-05-31T13:58:31.068517+00:00,2026-06-03T21:04:42.207506+00:00,3,2026-06-03T21:04:42.207506+00:00
2026-06-04,removed,52274780,,,,Luxury 1 BHK in Dilmunia for Sale,46000.0,,,,BHD,sell,,,,,,,,,,,26.27286720275879,50.672889709472656,,,,Pegasus Real Estate,,YES,,,,,,2026-05-31T14:33:55.753010+00:00,2026-06-03T21:04:42.207506+00:00,3,2026-06-03T21:04:42.207506+00:00
2026-06-04,removed,52302164,,,,Facilities | internet | luxury near zinj / mahooz,280.0,,,,BHD,monthly,,,,,,,,,,,26.21693992614746,50.57733154296875,,,,AHMED ALI ,,YES,,,,,,2026-05-31T13:58:31.068517+00:00,2026-06-03T21:04:42.207506+00:00,3,2026-06-03T21:04:42.207506+00:00
2026-06-04,removed,52302166,,,,Balcony | semi furnished | parking | safe,250.0,,,,BHD,monthly,,,,,,,,,,,26.21263313293457,50.67418670654297,,,,AHMED ALI ,,PARTLY,,,,,,2026-05-31T13:58:31.068517+00:00,2026-06-03T21:04:42.207506+00:00,3,2026-06-03T21:04:42.207506+00:00
2026-06-04,removed,52302172,,,,2BR Luxury Apartment | Private Garden & Pool,650.0,,,,BHD,monthly,,,,,,,,,,,26.19164276123047,50.48757553100586,,,,Katherine Chapman,,YES,,,,,,2026-05-31T13:58:31.068517+00:00,2026-06-03T21:04:42.207506+00:00,3,2026-06-03T21:04:42.207506+00:00
2026-06-04,removed,52381812,,,,Prime | Residential | RA | Sadad,88000.0,,,,BHD,sell,,,,,,,,,,,26.08335304260254,50.48234558105469,,,,Hussain Alhayki,,,,,,,,2026-05-31T13:58:31.068517+00:00,2026-06-03T21:04:42.207506+00:00,3,2026-06-03T21:04:42.207506+00:00
2026-06-04,removed,52435583,,,,balcony | closed kitchen | very spacious | safe ar,300.0,,,,BHD,monthly,,,,,,,,,,,26.239999771118164,50.5369987487793,,,,AHMED ALI ,,PARTLY,,,,,,2026-05-31T13:58:31.068517+00:00,2026-06-03T21:04:42.207506+00:00,3,2026-06-03T21:04:42.207506+00:00
2026-06-04,removed,52435609,,,,3 Balconies | FAMILIES building | very spacious,300.0,,,,BHD,monthly,,,,,,,,,,,26.239999771118164,50.5369987487793,,,,AHMED ALI ,,PARTLY,,,,,,2026-05-31T13:58:31.068517+00:00,2026-06-03T21:04:42.207506+00:00,3,2026-06-03T21:04:42.207506+00:00
2026-06-04,removed,52435736,,,,For rent nice and spacious house in zanj area,320.0,,,,BHD,monthly,,,,,,,,,,,26.2102108001709,50.56403350830078,,,,Ali Alkhunaizi,,NO,,,,,,2026-05-31T13:58:31.068517+00:00,2026-06-03T21:04:42.207506+00:00,3,2026-06-03T21:04:42.207506+00:00
2026-06-04,removed,52435746,,,,For rent nice 1bhk with EWA in Sitra ( semi furn ),135.0,,,,BHD,monthly,,,,,,,,,,,26.162988662719727,50.6124267578125,,,,Ali Alkhunaizi,,PARTLY,,,,,,2026-05-31T13:58:31.068517+00:00,2026-06-03T21:04:42.207506+00:00,3,2026-06-03T21:04:42.207506+00:00
2026-06-04,removed,52436255,,,,Beyond Luxury I Private Pool | Garden | Gated,1800.0,,,,BHD,monthly,,,,,,,,,,,26.185943603515625,50.46711349487305,,,,Eva Gavin,,PARTLY,,,,,,2026-05-31T13:58:31.068517+00:00,2026-06-03T21:04:42.207506+00:00,3,2026-06-03T21:04:42.207506+00:00
2026-06-04,removed,52462260,,,,BOAT MOORING-BEACH ACCESS-MAIDSROOM-READY FOR RENT,1400.0,,,,BHD,monthly,,,,,,,,,,,26.2847957611084,50.669620513916016,,,,Alice Muthoni,,YES,,,,,,2026-05-31T13:58:31.068517+00:00,2026-06-03T21:04:42.207506+00:00,3,2026-06-03T21:04:42.207506+00:00
2026-06-04,removed,52489670,,,,MODERN FURNISHED-BALCONY-PRIME LOCATION,650.0,,,,BHD,monthly,,,,,,,,,,,26.214487075805664,50.584754943847656,,,,Alice Muthoni,,YES,,,,,,2026-05-31T13:58:31.068517+00:00,2026-06-03T21:04:42.207506+00:00,3,2026-06-03T21:04:42.207506+00:00
2026-06-04,removed,52489675,,,,NAVY APPROVED PROPERTY-PRIVATE POOL-NEAR NSA,1300.0,,,,BHD,monthly,,,,,,,,,,,26.211111068725586,50.601112365722656,,,,Alice Muthoni,,PARTLY,,,,,,2026-05-31T13:58:31.068517+00:00,2026-06-03T21:04:42.207506+00:00,3,2026-06-03T21:04:42.207506+00:00
2026-06-04,removed,52489729,,,,WITHIN A COMPOUND-NEAR HIGHWAY-SPACIOUS,900.0,,,,BHD,monthly,,,,,,,,,,,26.21672821044922,50.55367660522461,,,,Alice Muthoni,,YES,,,,,,2026-05-31T13:58:31.068517+00:00,2026-06-03T21:04:42.207506+00:00,3,2026-06-03T21:04:42.207506+00:00
2026-06-04,removed,52571201,,,,2 bed apts with Outdoor terrace,575.0,,,,BHD,monthly,,,,,,,,,,,26.185943603515625,50.46711349487305,,,,Vikki Ann Lord,,PARTLY,,,,,,2026-05-31T13:58:31.068517+00:00,2026-06-03T21:04:42.207506+00:00,3,2026-06-03T21:04:42.207506+00:00
2026-06-04,removed,52702082,,,,DIRECT FROM DEVELOPER / GOLDEN VISA / PAYMENT PLAN,141400.0,,,,BHD,sell,,,,,,,,,,,26.273908615112305,50.67207336425781,,,,Kristina Rakikji,,YES,,,,,,2026-05-31T14:33:55.753010+00:00,2026-06-03T21:04:42.207506+00:00,3,2026-06-03T21:04:42.207506+00:00
2026-06-04,removed,52702120,,,,PAYMENT PLAN / BEST INVESTMENT/ SEA VIEW APARTMENT,122800.0,,,,BHD,sell,,,,,,,,,,,26.273908615112305,50.67207336425781,,,,Kristina Rakikji,,PARTLY,,,,,,2026-05-31T14:33:55.753010+00:00,2026-06-03T21:04:42.207506+00:00,3,2026-06-03T21:04:42.207506+00:00
2026-06-04,removed,52702135,,,,DIRECT FROM DEVELOPER / PAYMENT PLAN / BRAND NEW,93500.0,,,,BHD,sell,,,,,,,,,,,26.273908615112305,50.67207336425781,,,,Kristina Rakikji,,PARTLY,,,,,,2026-05-31T14:33:55.753010+00:00,2026-06-03T21:04:42.207506+00:00,3,2026-06-03T21:04:42.207506+00:00
2026-06-04,removed,52726841,,,,"Ultra-Modern 3BR + Study Villa with Garden,",1200.0,,,,BHD,monthly,,,,,,,,,,,26.185943603515625,50.46711349487305,,,,Eva Gavin,,PARTLY,,,,,,2026-05-31T13:58:31.068517+00:00,2026-06-03T21:04:42.207506+00:00,3,2026-06-03T21:04:42.207506+00:00
2026-06-04,removed,52727346,,,,Higher Floor* Lovely 1 BR*Balcony*Amazing Facility,320.0,,,,BHD,monthly,,,,,,,,,,,26.27286720275879,50.672889709472656,,,,Sandeep Kumar,,YES,,,,,,2026-05-31T13:58:31.068517+00:00,2026-06-03T21:04:42.207506+00:00,3,2026-06-03T21:04:42.207506+00:00
2026-06-04,removed,52727532,,,,Higher Floor Rented Modern 1BR Spacious Balcony **,49000.0,,,,BHD,sell,,,,,,,,,,,26.27286720275879,50.672889709472656,,,,Sandeep Kumar,,YES,,,,,,2026-05-31T14:33:55.753010+00:00,2026-06-03T21:04:42.207506+00:00,3,2026-06-03T21:04:42.207506+00:00
2026-06-04,removed,52805117,,,,Partial Sea View | High Floor | Big balcony,375.0,,,,BHD,monthly,,,,,,,,,,,26.211111068725586,50.601112365722656,,,,Anjum Jawaid,,YES,,,,,,2026-05-31T13:58:31.068517+00:00,2026-06-03T21:04:42.207506+00:00,3,2026-06-03T21:04:42.207506+00:00
2026-06-04,removed,52829700,,,,Beautifully Furnished Villa with Canal View,850.0,,,,BHD,monthly,,,,,,,,,,,26.29302978515625,50.66474151611328,,,,Siwar Arfaoui,,YES,,,,,,2026-05-31T13:58:31.068517+00:00,2026-06-03T21:04:42.207506+00:00,3,2026-06-03T21:04:42.207506+00:00
2026-06-04,removed,52854520,,,,HOT PRICE | BRIGHT | DIRECT BEACH ACCESS | RENTED,100000.0,,,,BHD,sell,,,,,,,,,,,26.303447723388672,50.6461296081543,,,,Lina Sabrawi,,YES,,,,,,2026-05-31T13:58:31.068517+00:00,2026-06-03T21:04:42.207506+00:00,3,2026-06-03T21:04:42.207506+00:00
2026-06-04,removed,52855439,,,,Reduced Price| Ready| Connected To Mall |Freehold,125000.0,,,,BHD,sell,,,,,,,,,,,26.303447723388672,50.6461296081543,,,,Lina Sabrawi,,YES,,,,,,2026-05-31T13:58:31.068517+00:00,2026-06-03T21:04:42.207506+00:00,3,2026-06-03T21:04:42.207506+00:00
2026-06-04,removed,52855475,,,,Couple / Uni Students / Family Building / Cozy,300.0,,,,BHD,monthly,,,,,,,,,,,26.207910537719727,50.587345123291016,,,,Arshad Thasim,,YES,,,,,,2026-05-31T13:58:31.068517+00:00,2026-06-03T21:04:42.207506+00:00,3,2026-06-03T21:04:42.207506+00:00
2026-06-04,removed,52855872,,,,Near st Christopher school | semi furnished |,210.0,,,,BHD,monthly,,,,,,,,,,,26.19164276123047,50.48757553100586,,,,AHMED ALI ,,PARTLY,,,,,,2026-05-31T13:58:31.068517+00:00,2026-06-03T21:04:42.207506+00:00,3,2026-06-03T21:04:42.207506+00:00
2026-06-04,removed,52906252,,,,Biggest One Bedroom Apartment In Seef Area,320.0,,,,BHD,monthly,,,,,,,,,,,26.239999771118164,50.5369987487793,,,,Mostafa Awad,,YES,,,,,,2026-05-31T13:58:31.068517+00:00,2026-06-03T21:04:42.207506+00:00,3,2026-06-03T21:04:42.207506+00:00
2026-06-04,removed,52930801,,,,Contemporary Apartment in Prime Location,64000.0,,,,BHD,sell,,,,,,,,,,,26.307302474975586,50.645973205566406,,,,Dafina Muca,,YES,,,,,,2026-05-31T13:58:31.068517+00:00,2026-06-03T21:04:42.207506+00:00,3,2026-06-03T21:04:42.207506+00:00
2026-06-04,removed,53006322,,,,Land for sale in Sadad area,130000.0,,,,BHD,sell,,,,,,,,,,,26.08335304260254,50.48234558105469,,,,Hussain Alkhayaat,,,,,,,,2026-05-31T13:58:31.068517+00:00,2026-06-03T21:04:42.207506+00:00,3,2026-06-03T21:04:42.207506+00:00
2026-06-04,removed,53007449,,,,Hidden Gem 1BR | Beach and Mall Access |Best Price,110000.0,,,,BHD,sell,,,,,,,,,,,26.30344581604004,50.646121978759766,,,,Lina Sabrawi,,YES,,,,,,2026-05-31T13:58:31.068517+00:00,2026-06-03T21:04:42.207506+00:00,3,2026-06-03T21:04:42.207506+00:00
2026-06-04,removed,53008443,,,,BRAND NEW | GAS | FULLY FURNISHED| INTERNET,300.0,,,,BHD,monthly,,,,,,,,,,,26.21672821044922,50.55367660522461,,,,JASIM AHMED ABDULLA MOHAMED HASAN,,YES,,,,,,2026-05-31T13:58:31.068517+00:00,2026-06-03T21:04:42.207506+00:00,3,2026-06-03T21:04:42.207506+00:00
2026-06-04,removed,53033751,,,,3 YRS PAYMENT PLAN - MARASSI TERRACES 2- FREEHOLD,108888.0,,,,BHD,sell,,,,,,,,,,,26.303447723388672,50.6461296081543,,,,Lina Sabrawi,,PARTLY,,,,,,2026-05-31T13:58:31.068517+00:00,2026-06-03T21:04:42.207506+00:00,3,2026-06-03T21:04:42.207506+00:00
2026-06-04,removed,53034220,,,,Modern - Bright - House Keeping - Gym - Pool,450.0,,,,BHD,monthly,,,,,,,,,,,26.185943603515625,50.46711349487305,,,,Irfan Ali,,YES,,,,,,2026-05-31T13:58:31.068517+00:00,2026-06-03T21:04:42.207506+00:00,3,2026-06-03T21:04:42.207506+00:00
2026-06-04,removed,53034224,,,,Luxury FLat With Closed Kitchen And Gas,370.0,,,,BHD,monthly,,,,,,,,,,,26.185943603515625,50.46711349487305,,,,Aysha Adil,,YES,,,,,,2026-05-31T13:58:31.068517+00:00,2026-06-03T21:04:42.207506+00:00,3,2026-06-03T21:04:42.207506+00:00
2026-06-04,removed,53059210,,,,Modern 3 Bedroom Flat With Pool Gym,450.0,,,,BHD,monthly,,,,,,,,,,,26.21312713623047,50.528221130371094,,,,Aysha Adil,,YES,,,,,,2026-05-31T13:58:31.068517+00:00,2026-06-03T21:04:42.207506+00:00,3,2026-06-03T21:04:42.207506+00:00
2026-06-04,removed,53059383,,,,READY FOR OCCUPANCY-BEST RENT INCLUSIVE,400.0,,,,BHD,monthly,,,,,,,,,,,26.230030059814453,50.55890655517578,,,,Reina San Pascual,,YES,,,,,,2026-05-31T13:58:31.068517+00:00,2026-06-03T21:04:42.207506+00:00,3,2026-06-03T21:04:42.207506+00:00
2026-06-04,removed,53059562,,,,Sea View Long Balcony Luxury Tower | Great Value,340.0,,,,BHD,monthly,,,,,,,,,,,26.211111068725586,50.601112365722656,,,,Iqbal Mayoddin,,YES,,,,,,2026-05-31T13:58:31.068517+00:00,2026-06-03T21:04:42.207506+00:00,3,2026-06-03T21:04:42.207506+00:00
2026-06-04,removed,53086322,,,,Prime Location / Semi Furnished / Split Ac,300.0,,,,BHD,monthly,,,,,,,,,,,26.207910537719727,50.587345123291016,,,,Arshad Thasim,,PARTLY,,,,,,2026-05-31T13:58:31.068517+00:00,2026-06-03T21:04:42.207506+00:00,3,2026-06-03T21:04:42.207506+00:00
2026-06-04,removed,53111732,,,,Modern And Elegant With Private Pool and Garden,800.0,,,,BHD,monthly,,,,,,,,,,,26.185943603515625,50.46711349487305,,,,Aysha Adil,,PARTLY,,,,,,2026-05-31T13:58:31.068517+00:00,2026-06-03T21:04:42.207506+00:00,3,2026-06-03T21:04:42.207506+00:00
2026-06-04,removed,53189706,,,,SEA VIEW | BALCONY | JACUZZI |STEAM | SAUNA | WIFI,520.0,,,,BHD,monthly,,,,,,,,,,,26.29302978515625,50.66474151611328,,,,Fadi Eweida,,YES,,,,,,2026-05-31T13:58:31.068517+00:00,2026-06-03T21:04:42.207506+00:00,3,2026-06-03T21:04:42.207506+00:00
2026-06-04,removed,53215015,,,,INCLUSIVE | LUXURIOUS | QUIET AREA,600.0,,,,BHD,monthly,,,,,,,,,,,26.211111068725586,50.601112365722656,,,,Al Lagoon Real Estate ,,YES,,,,,,2026-06-03T21:04:42.207506+00:00,2026-06-03T21:04:42.207506+00:00,0,2026-06-03T21:04:42.207506+00:00
2026-06-04,removed,53215151,,,,12 BED EXECUTIVE STAFF ACCOMODATION-UPTO 42 STAFFS,1800.0,,,,BHD,monthly,,,,,,,,,,,26.213165283203125,50.447471618652344,,,,Alice Muthoni,,YES,,,,,,2026-05-31T13:58:31.068517+00:00,2026-06-03T21:04:42.207506+00:00,3,2026-06-03T21:04:42.207506+00:00
2026-06-04,removed,53215244,,,,Ground floor | near st Christopher school | Semi F,280.0,,,,BHD,monthly,,,,,,,,,,,26.19164276123047,50.48757553100586,,,,AHMED ALI ,,PARTLY,,,,,,2026-05-31T13:58:31.068517+00:00,2026-06-03T21:04:42.207506+00:00,3,2026-06-03T21:04:42.207506+00:00
2026-06-04,removed,53215381,,,,READY TO MOVE IN | WELL MAINTAINED | MODERN LAYOUT,300.0,,,,BHD,monthly,,,,,,,,,,,26.211111068725586,50.601112365722656,,,,Moueen Charfi,,YES,,,,,,2026-05-31T13:58:31.068517+00:00,2026-06-03T21:04:42.207506+00:00,3,2026-06-03T21:04:42.207506+00:00
2026-06-04,removed,53215397,,,,FULLY RENOVATED | WELL MAINTAINED | MODERN,450.0,,,,BHD,monthly,,,,,,,,,,,26.211111068725586,50.601112365722656,,,,Moueen Charfi,,YES,,,,,,2026-05-31T13:58:31.068517+00:00,2026-06-03T21:04:42.207506+00:00,3,2026-06-03T21:04:42.207506+00:00
2026-06-04,removed,53215428,,,,DUPLEX LAYOUT | VERY SPCIOUS & BRIGHT,450.0,,,,BHD,monthly,,,,,,,,,,,26.211111068725586,50.601112365722656,,,,Moueen Charfi,,YES,,,,,,2026-05-31T13:58:31.068517+00:00,2026-06-03T21:04:42.207506+00:00,3,2026-06-03T21:04:42.207506+00:00
2026-06-04,removed,53215461,,,,SEA VIEW | MODERN AND SPECIOUS | READY TO MOVE IN,430.0,,,,BHD,monthly,,,,,,,,,,,26.211111068725586,50.601112365722656,,,,Moueen Charfi,,YES,,,,,,2026-05-31T13:58:31.068517+00:00,2026-06-03T21:04:42.207506+00:00,3,2026-06-03T21:04:42.207506+00:00
2026-06-04,removed,53215832,,,,Luxury Villa | Premium Finishing | swimming pool,1550.0,,,,BHD,monthly,,,,,,,,,,,26.185943603515625,50.46711349487305,,,,Ebrahim Alsaleem,,YES,,,,,,2026-05-31T13:58:31.068517+00:00,2026-06-03T21:04:42.207506+00:00,3,2026-06-03T21:04:42.207506+00:00
2026-06-04,removed,53240972,,,,Commercial Office Flats for Rent in Gufool Area,350.0,,,,BHD,monthly,,,,,,,,,,,26.223421096801758,50.56662368774414,,,,Ahmed Zekrait,,PARTLY,,,,,,2026-05-31T13:58:31.068517+00:00,2026-06-03T21:04:42.207506+00:00,3,2026-06-03T21:04:42.207506+00:00
2026-06-04,removed,53241015,,,,Spacious 3BR Apartment in Busaiten Al Sayah,50000.0,,,,BHD,sell,,,,,,,,,,,26.27199935913086,50.60900115966797,,,,Ahmed Zekrait,,YES,,,,,,2026-05-31T13:58:31.068517+00:00,2026-06-03T21:04:42.207506+00:00,3,2026-06-03T21:04:42.207506+00:00
2026-06-04,removed,53241036,,,,Brand new | Balcony | parking | Security,250.0,,,,BHD,monthly,,,,,,,,,,,26.185943603515625,50.46711349487305,,,,AHMED ALI ,,NO,,,,,,2026-05-31T13:58:31.068517+00:00,2026-06-03T21:04:42.207506+00:00,3,2026-06-03T21:04:42.207506+00:00
2026-06-04,removed,53241103,,,,BRAND NEW | BEACH ACCESS | BRIGHT | MALL,380.0,,,,BHD,monthly,,,,,,,,,,,26.303447723388672,50.6461296081543,,,,Hanna Yurkova,,YES,,,,,,2026-05-31T13:58:31.068517+00:00,2026-06-03T21:04:42.207506+00:00,3,2026-06-03T21:04:42.207506+00:00
2026-06-04,removed,53241114,,,,CONTEMPORARY VILLA / SPACIOUS GARDEN / PRIME LOCAL,1250.0,,,,BHD,monthly,,,,,,,,,,,26.140336990356445,50.478271484375,,,,Evan Van Vuuren,,PARTLY,,,,,,2026-05-31T13:58:31.068517+00:00,2026-06-03T21:04:42.207506+00:00,3,2026-06-03T21:04:42.207506+00:00
2026-06-04,removed,53241117,,,,GOOD DEAL / CLOSE TO ST CHRIS & BSB / SPACIOUS,400.0,,,,BHD,monthly,,,,,,,,,,,26.185943603515625,50.46711349487305,,,,Evan Van Vuuren,,YES,,,,,,2026-05-31T13:58:31.068517+00:00,2026-06-03T21:04:42.207506+00:00,3,2026-06-03T21:04:42.207506+00:00
2026-06-04,removed,53241119,,,,UNLIMITED EWA / HUGE TERRACE / CENTRAL LOCATION,700.0,,,,BHD,monthly,,,,,,,,,,,26.185943603515625,50.46711349487305,,,,Evan Van Vuuren,,YES,,,,,,2026-05-31T13:58:31.068517+00:00,2026-06-03T21:04:42.207506+00:00,3,2026-06-03T21:04:42.207506+00:00
2026-06-04,removed,53241121,,,,LUXURIOUS / SPACIOUS / EXCLUSIVE / PRIVATE POOL,1800.0,,,,BHD,monthly,,,,,,,,,,,26.185943603515625,50.46711349487305,,,,Evan Van Vuuren,,PARTLY,,,,,,2026-05-31T13:58:31.068517+00:00,2026-06-03T21:04:42.207506+00:00,3,2026-06-03T21:04:42.207506+00:00
2026-06-04,removed,53241123,,,,Spacious | Private Pool | Large Garden,1800.0,,,,BHD,monthly,,,,,,,,,,,26.19164276123047,50.48757553100586,,,,Evan Van Vuuren,,PARTLY,,,,,,2026-05-31T13:58:31.068517+00:00,2026-06-03T21:04:42.207506+00:00,3,2026-06-03T21:04:42.207506+00:00
2026-06-04,removed,53241124,,,,Resort-Style | Private Pool | Premium Amenities,1500.0,,,,BHD,monthly,,,,,,,,,,,26.19164276123047,50.48757553100586,,,,Gulnaz Amangeldinova,,YES,,,,,,2026-05-31T13:58:31.068517+00:00,2026-06-03T21:04:42.207506+00:00,3,2026-06-03T21:04:42.207506+00:00
2026-06-04,removed,53241125,,,,MODERN VILLA  / PETS ALLOWED /,1500.0,,,,BHD,monthly,,,,,,,,,,,26.19164276123047,50.48757553100586,,,,Elzara Lukpanova,,PARTLY,,,,,,2026-05-31T13:58:31.068517+00:00,2026-06-03T21:04:42.207506+00:00,3,2026-06-03T21:04:42.207506+00:00
2026-06-04,removed,53241130,,,,BAHRAIN BAY / MAID'S ROOM / BALCONY / FOUR SEASONS,700.0,,,,BHD,monthly,,,,,,,,,,,26.249584197998047,50.580360412597656,,,,Elzara Lukpanova,,YES,,,,,,2026-05-31T13:58:31.068517+00:00,2026-06-03T21:04:42.207506+00:00,3,2026-06-03T21:04:42.207506+00:00
2026-06-04,removed,53241133,,,,HOT DEAL / LUXURIOUS / WATERFRONT LIVING,350.0,,,,BHD,monthly,,,,,,,,,,,26.249584197998047,50.580360412597656,,,,Evan Van Vuuren,,YES,,,,,,2026-05-31T13:58:31.068517+00:00,2026-06-03T21:04:42.207506+00:00,3,2026-06-03T21:04:42.207506+00:00
2026-06-04,removed,53241273,,,,Closed Kitchen | Maids Room | Kids Play | Bright |,680.0,,,,BHD,monthly,,,,,,,,,,,26.185943603515625,50.46711349487305,,,,Aileen Camarillo,,PARTLY,,,,,,2026-05-31T13:58:31.068517+00:00,2026-06-03T21:04:42.207506+00:00,3,2026-06-03T21:04:42.207506+00:00
2026-06-04,removed,53241283,,,,Modern ISpacious | Family Compound I House Keeping,280.0,,,,BHD,monthly,,,,,,,,,,,26.211111068725586,50.601112365722656,,,,Antony Shaiju,,YES,,,,,,2026-05-31T13:58:31.068517+00:00,2026-06-03T21:04:42.207506+00:00,3,2026-06-03T21:04:42.207506+00:00
2026-06-04,removed,53241294,,,,Freehold  |  High Floor | Seaview |  Maids Room,64828.0,,,,BHD,sell,,,,,,,,,,,26.21263313293457,50.67418670654297,,,,Charisse Villaruz,,YES,,,,,,2026-05-31T13:58:31.068517+00:00,2026-06-03T21:04:42.207506+00:00,3,2026-06-03T21:04:42.207506+00:00
2026-06-04,removed,53241297,,,,Freehold | For Investment | High Floor | Rented,65000.0,,,,BHD,sell,,,,,,,,,,,26.29302978515625,50.66474151611328,,,,Charisse Villaruz,,YES,,,,,,2026-05-31T13:58:31.068517+00:00,2026-06-03T21:04:42.207506+00:00,3,2026-06-03T21:04:42.207506+00:00
2026-06-04,removed,53241329,,,,Balcony | Dishwasher | Cinema | Reserved Parking |,570.0,,,,BHD,monthly,,,,,,,,,,,26.249584197998047,50.580360412597656,,,,Prashanth Poojari,,YES,,,,,,2026-05-31T13:58:31.068517+00:00,2026-06-03T21:04:42.207506+00:00,3,2026-06-03T21:04:42.207506+00:00
2026-06-04,removed,53241368,,,,Commercial Shop for Rent – Sitra (Wadyan),100.0,,,,BHD,monthly,,,,,,,,,,,26.162988662719727,50.6124267578125,,,,Ali Alkhunaizi,,NO,,,,,,2026-05-31T13:58:31.068517+00:00,2026-06-03T21:04:42.207506+00:00,3,2026-06-03T21:04:42.207506+00:00
2026-06-04,removed,53241420,,,,Bright and Spacious Family building ISwimming Pool,300.0,,,,BHD,monthly,,,,,,,,,,,26.239999771118164,50.5369987487793,,,,Antony Shaiju,,YES,,,,,,2026-05-31T13:58:31.068517+00:00,2026-06-03T21:04:42.207506+00:00,3,2026-06-03T21:04:42.207506+00:00
2026-06-04,removed,53241434,,,,Modern and Stylish  | Balcony |  Laundry Room,450.0,,,,BHD,monthly,,,,,,,,,,,26.273908615112305,50.67207336425781,,,,Charisse Villaruz,,YES,,,,,,2026-05-31T13:58:31.068517+00:00,2026-06-03T21:04:42.207506+00:00,3,2026-06-03T21:04:42.207506+00:00
2026-06-04,removed,53241451,,,,Balcony | Spacious | Dishwasher | Kids Play Area,350.0,,,,BHD,monthly,,,,,,,,,,,26.29302978515625,50.66474151611328,,,,Charisse Villaruz,,YES,,,,,,2026-05-31T13:58:31.068517+00:00,2026-06-03T21:04:42.207506+00:00,3,2026-06-03T21:04:42.207506+00:00
2026-06-04,removed,53241461,,,,BRIGHT SPACIOUS CLOSE KITCHEN GAS | EWA EXCLUSIVE,240.0,,,,BHD,monthly,,,,,,,,,,,26.214487075805664,50.584754943847656,,,,khan Mohammad khan,,PARTLY,,,,,,2026-05-31T13:58:31.068517+00:00,2026-06-03T21:04:42.207506+00:00,3,2026-06-03T21:04:42.207506+00:00
2026-06-04,removed,53241497,,,,Spacious | Balcony  |  Canal View |  Dishwasher |,950.0,,,,BHD,monthly,,,,,,,,,,,26.23778533935547,50.57342529296875,,,,Prashanth Poojari,,YES,,,,,,2026-05-31T13:58:31.068517+00:00,2026-06-03T21:04:42.207506+00:00,3,2026-06-03T21:04:42.207506+00:00
2026-06-04,removed,53241562,,,,MODERN & ELEGENT | BALCONY | PRIME LOCATION,500.0,,,,BHD,monthly,,,,,,,,,,,26.211111068725586,50.601112365722656,,,,Moueen Charfi,,YES,,,,,,2026-05-31T13:58:31.068517+00:00,2026-06-03T21:04:42.207506+00:00,3,2026-06-03T21:04:42.207506+00:00
2026-06-04,removed,53241623,,,,BRAND NEW | MODERN AND SPECIOUS | READY TO MOVE IN,450.0,,,,BHD,monthly,,,,,,,,,,,26.211111068725586,50.601112365722656,,,,Moueen Charfi,,YES,,,,,,2026-05-31T13:58:31.068517+00:00,2026-06-03T21:04:42.207506+00:00,3,2026-06-03T21:04:42.207506+00:00
2026-06-04,removed,53241643,,,,VERY WELL MAINTAINED | BRIGHT AND MODERN,330.0,,,,BHD,monthly,,,,,,,,,,,26.211111068725586,50.601112365722656,,,,Moueen Charfi,,YES,,,,,,2026-05-31T13:58:31.068517+00:00,2026-06-03T21:04:42.207506+00:00,3,2026-06-03T21:04:42.207506+00:00
2026-06-04,removed,53241659,,,,Freehold | Beach Access | Private Pool | Spacious,299000.0,,,,BHD,sell,,,,,,,,,,,26.300025939941406,50.66316223144531,,,,Charisse Villaruz,,YES,,,,,,2026-05-31T13:58:31.068517+00:00,2026-06-03T21:04:42.207506+00:00,3,2026-06-03T21:04:42.207506+00:00
2026-06-04,removed,53241674,,,,Lagoon View | Balcony | VIP Parking | Free BTU |,490.0,,,,BHD,monthly,,,,,,,,,,,26.287778854370117,50.66339111328125,,,,Charisse Villaruz,,YES,,,,,,2026-05-31T13:58:31.068517+00:00,2026-06-03T21:04:42.207506+00:00,3,2026-06-03T21:04:42.207506+00:00
2026-06-04,removed,53241757,,,,VERY WELL MAINTAINED | BRIGHT AND MODERN,350.0,,,,BHD,monthly,,,,,,,,,,,26.211111068725586,50.601112365722656,,,,Moueen Charfi,,YES,,,,,,2026-05-31T13:58:31.068517+00:00,2026-06-03T21:04:42.207506+00:00,3,2026-06-03T21:04:42.207506+00:00
2026-06-04,removed,53241784,,,,Balcony | Beach Access| Near Marassi Galleria Mall,390.0,,,,BHD,monthly,,,,,,,,,,,26.303447723388672,50.6461296081543,,,,Ivana Ivanova ,,YES,,,,,,2026-05-31T13:58:31.068517+00:00,2026-06-03T21:04:42.207506+00:00,3,2026-06-03T21:04:42.207506+00:00
2026-06-04,removed,53241816,,,,Sea View Luxury Apartment l Beautifully Furnished,400.0,,,,BHD,monthly,,,,,,,,,,,26.303447723388672,50.6461296081543,,,,Ivana Ivanova ,,YES,,,,,,2026-05-31T13:58:31.068517+00:00,2026-06-03T21:04:42.207506+00:00,3,2026-06-03T21:04:42.207506+00:00
2026-06-04,removed,53242528,,,,BALCONY | PRIME LOCATION | MODERN | HIGH FLOOR,350.0,,,,BHD,monthly,,,,,,,,,,,26.211111068725586,50.601112365722656,,,,Yusuf Meshaal,,YES,,,,,,2026-05-31T13:58:31.068517+00:00,2026-06-03T21:04:42.207506+00:00,3,2026-06-03T21:04:42.207506+00:00
2026-06-04,removed,53267991,,,,Luxury Sea View Flat for Sale/Dilmunia Canal View!,100000.0,,,,BHD,sell,,,,,,,,,,,26.273908615112305,50.67207336425781,,,,Dafina Muca,,YES,,,,,,2026-05-31T14:33:55.753010+00:00,2026-06-03T21:04:42.207506+00:00,3,2026-06-03T21:04:42.207506+00:00
2026-06-04,removed,53268420,,,,NEAR BRITISH SCHOOL-PRIVATE POOL-COMPOUND,1800.0,,,,BHD,monthly,,,,,,,,,,,26.140336990356445,50.478271484375,,,,Alice Muthoni,,PARTLY,,,,,,2026-05-31T13:58:31.068517+00:00,2026-06-03T21:04:42.207506+00:00,3,2026-06-03T21:04:42.207506+00:00
2026-06-04,removed,53268516,,,,SPACIOUS MODERN-KIDS PLAY AREA-FAMILY FRIENDLY,400.0,,,,BHD,monthly,,,,,,,,,,,26.203079223632812,50.594947814941406,,,,Alice Muthoni,,YES,,,,,,2026-05-31T13:58:31.068517+00:00,2026-06-03T21:04:42.207506+00:00,3,2026-06-03T21:04:42.207506+00:00
2026-06-04,removed,53268524,,,,Modern Open Kitchen| Fully Equipped | Large Living,450.0,,,,BHD,monthly,,,,,,,,,,,26.19164276123047,50.48757553100586,,,,Charisse Villaruz,,YES,,,,,,2026-05-31T13:58:31.068517+00:00,2026-06-03T21:04:42.207506+00:00,3,2026-06-03T21:04:42.207506+00:00
2026-06-04,removed,53268948,,,,"Apartment for rent , in a great location:",250.0,,,,BHD,monthly,,,,,,,,,,,26.21312713623047,50.528221130371094,,,,Husain Al Hayk,,PARTLY,,,,,,2026-05-31T13:58:31.068517+00:00,2026-06-03T21:04:42.207506+00:00,3,2026-06-03T21:04:42.207506+00:00
2026-06-04,removed,53268962,,,,Shops for rent in Demistan great location,450.0,,,,BHD,monthly,,,,,,,,,,,26.123769760131836,50.469722747802734,,,,Husain Al Hayk,,NO,,,,,,2026-05-31T13:58:31.068517+00:00,2026-06-03T21:04:42.207506+00:00,3,2026-06-03T21:04:42.207506+00:00
2026-06-04,removed,53268965,,,,"Apartment for rent , in a great location:",180.0,,,,BHD,monthly,,,,,,,,,,,26.12916374206543,50.49860763549805,,,,Husain Al Hayk,,NO,,,,,,2026-05-31T13:58:31.068517+00:00,2026-06-03T21:04:42.207506+00:00,3,2026-06-03T21:04:42.207506+00:00
2026-06-04,removed,53268976,,,,"Apartment for rent , in a great location:",150.0,,,,BHD,monthly,,,,,,,,,,,26.223421096801758,50.56662368774414,,,,Husain Al Hayk,,NO,,,,,,2026-05-31T13:58:31.068517+00:00,2026-06-03T21:04:42.207506+00:00,3,2026-06-03T21:04:42.207506+00:00
2026-06-04,removed,53268980,,,,"Shop for rent , in a great location:",900.0,,,,BHD,monthly,,,,,,,,,,,26.1314754486084,50.568843841552734,,,,Husain Al Hayk,,PARTLY,,,,,,2026-05-31T13:58:31.068517+00:00,2026-06-03T21:04:42.207506+00:00,3,2026-06-03T21:04:42.207506+00:00
2026-06-04,removed,53268988,,,,"Apartment for rent , in a great location:",160.0,,,,BHD,monthly,,,,,,,,,,,26.229394912719727,50.48070526123047,,,,Husain Al Hayk,,PARTLY,,,,,,2026-05-31T13:58:31.068517+00:00,2026-06-03T21:04:42.207506+00:00,3,2026-06-03T21:04:42.207506+00:00
2026-06-04,removed,53268994,,,,"Apartment for rent , in a great location:",160.0,,,,BHD,monthly,,,,,,,,,,,26.12916374206543,50.49860763549805,,,,Husain Al Hayk,,NO,,,,,,2026-05-31T13:58:31.068517+00:00,2026-06-03T21:04:42.207506+00:00,3,2026-06-03T21:04:42.207506+00:00
2026-06-04,removed,53269036,,,,"Apartment for rent , in a great location:",140.0,,,,BHD,monthly,,,,,,,,,,,26.213165283203125,50.447471618652344,,,,Husain Al Hayk,,PARTLY,,,,,,2026-05-31T13:58:31.068517+00:00,2026-06-03T21:04:42.207506+00:00,3,2026-06-03T21:04:42.207506+00:00
2026-06-04,removed,53269044,,,,"Shop for rent , in a great location:",80.0,,,,BHD,monthly,,,,,,,,,,,26.14974594116211,50.50010299682617,,,,Husain Al Hayk,,PARTLY,,,,,,2026-05-31T13:58:31.068517+00:00,2026-06-03T21:04:42.207506+00:00,3,2026-06-03T21:04:42.207506+00:00
2026-06-04,removed,53269056,,,,"OFFICE for rent , in a great location:",70.0,,,,BHD,monthly,,,,,,,,,,,26.14974594116211,50.50010299682617,,,,Husain Al Hayk,,PARTLY,,,,,,2026-05-31T13:58:31.068517+00:00,2026-06-03T21:04:42.207506+00:00,3,2026-06-03T21:04:42.207506+00:00
2026-06-04,removed,53269070,,,,Work Shop/Showroom/Store for rent in Salmabad,500.0,,,,BHD,monthly,,,,,,,,,,,26.183332443237305,50.516666412353516,,,,Husain Al Hayk,,PARTLY,,,,,,2026-05-31T13:58:31.068517+00:00,2026-06-03T21:04:42.207506+00:00,3,2026-06-03T21:04:42.207506+00:00
2026-06-04,removed,53269079,,,,Commercial Office for Rent in the Arad ...,180.0,,,,BHD,monthly,,,,,,,,,,,26.25,50.650001525878906,,,,Husain Al Hayk,,PARTLY,,,,,,2026-05-31T13:58:31.068517+00:00,2026-06-03T21:04:42.207506+00:00,3,2026-06-03T21:04:42.207506+00:00
2026-06-04,removed,53269091,,,,Shop For Rent In Prime Location In Galali Highway,500.0,,,,BHD,monthly,,,,,,,,,,,26.266666412353516,50.650001525878906,,,,Husain Al Hayk,,NO,,,,,,2026-05-31T13:58:31.068517+00:00,2026-06-03T21:04:42.207506+00:00,3,2026-06-03T21:04:42.207506+00:00
2026-06-04,removed,53269105,,,,"Apartment for rent , in a great location:",200.0,,,,BHD,monthly,,,,,,,,,,,26.2102108001709,50.56403350830078,,,,Husain Al Hayk,,NO,,,,,,2026-05-31T13:58:31.068517+00:00,2026-06-03T21:04:42.207506+00:00,3,2026-06-03T21:04:42.207506+00:00
2026-06-04,removed,53269125,,,,Spacious Offices in Prime Location :,70.0,,,,BHD,monthly,,,,,,,,,,,26.202558517456055,50.519554138183594,,,,Husain Al Hayk,,YES,,,,,,2026-05-31T13:58:31.068517+00:00,2026-06-03T21:04:42.207506+00:00,3,2026-06-03T21:04:42.207506+00:00
2026-06-04,removed,53269126,,,,Spacious Offices in Prime Location :,70.0,,,,BHD,monthly,,,,,,,,,,,26.128984451293945,50.58171463012695,,,,Husain Al Hayk,,YES,,,,,,2026-05-31T13:58:31.068517+00:00,2026-06-03T21:04:42.207506+00:00,3,2026-06-03T21:04:42.207506+00:00
2026-06-04,removed,53269139,,,,City View | Internet| Prime location,550.0,,,,BHD,monthly,,,,,,,,,,,26.21693992614746,50.57733154296875,,,,Husain Al Hayk,,YES,,,,,,2026-05-31T13:58:31.068517+00:00,2026-06-03T21:04:42.207506+00:00,3,2026-06-03T21:04:42.207506+00:00
2026-06-04,removed,53269152,,,,open space office for rent at Sitra,200.0,,,,BHD,monthly,,,,,,,,,,,26.162988662719727,50.6124267578125,,,,Husain Al Hayk,,PARTLY,,,,,,2026-05-31T13:58:31.068517+00:00,2026-06-03T21:04:42.207506+00:00,3,2026-06-03T21:04:42.207506+00:00
2026-06-04,removed,53269157,,,,"Apartment for rent , in a great location:",220.0,,,,BHD,monthly,,,,,,,,,,,26.228374481201172,50.56666564941406,,,,Husain Al Hayk,,NO,,,,,,2026-05-31T13:58:31.068517+00:00,2026-06-03T21:04:42.207506+00:00,3,2026-06-03T21:04:42.207506+00:00
2026-06-04,removed,53269161,,,,"Apartment for rent , in a great location:",140.0,,,,BHD,monthly,,,,,,,,,,,26.179166793823242,50.56222152709961,,,,Husain Al Hayk,,NO,,,,,,2026-05-31T13:58:31.068517+00:00,2026-06-03T21:04:42.207506+00:00,3,2026-06-03T21:04:42.207506+00:00
2026-06-04,removed,53269186,,,,"Apartment for rent , in a great location:",480.0,,,,BHD,monthly,,,,,,,,,,,26.239999771118164,50.5369987487793,,,,Husain Al Hayk,,YES,,,,,,2026-05-31T13:58:31.068517+00:00,2026-06-03T21:04:42.207506+00:00,3,2026-06-03T21:04:42.207506+00:00
2026-06-04,removed,53269511,,,,Brand new | pool | gym | Balcony | near st Christo,450.0,,,,BHD,monthly,,,,,,,,,,,26.20975685119629,50.50579833984375,,,,AHMED ALI ,,YES,,,,,,2026-05-31T13:58:31.068517+00:00,2026-06-03T21:04:42.207506+00:00,3,2026-06-03T21:04:42.207506+00:00
2026-06-04,removed,53269619,,,,Unlimited ewa | near st Christopher school |,250.0,,,,BHD,monthly,,,,,,,,,,,26.19164276123047,50.48757553100586,,,,AHMED ALI ,,YES,,,,,,2026-05-31T13:58:31.068517+00:00,2026-06-03T21:04:42.207506+00:00,3,2026-06-03T21:04:42.207506+00:00
2026-06-04,removed,53269690,,,,LIMITED EID OFFER-ENORMOUS KIDS PLAY–JUFFAIR HEIGH,400.0,,,,BHD,monthly,,,,,,,,,,,26.211111068725586,50.601112365722656,,,,Muthasamy Nanda Kumar ,,YES,,,,,,2026-05-31T13:58:31.068517+00:00,2026-06-03T21:04:42.207506+00:00,3,2026-06-03T21:04:42.207506+00:00
2026-06-04,removed,53269706,,,,Last Flat /Sea View with Complementary Amenities,290.0,,,,BHD,monthly,,,,,,,,,,,26.211111068725586,50.601112365722656,,,,Muthasamy Nanda Kumar ,,YES,,,,,,2026-05-31T13:58:31.068517+00:00,2026-06-03T21:04:42.207506+00:00,3,2026-06-03T21:04:42.207506+00:00
2026-06-04,removed,53295080,,,,MODERN SEA VIEW-PRIVATE POOL-NEAR MACDONALD,1250.0,,,,BHD,monthly,,,,,,,,,,,26.188888549804688,50.54999923706055,,,,Alice Muthoni,,PARTLY,,,,,,2026-05-31T13:58:31.068517+00:00,2026-06-03T21:04:42.207506+00:00,3,2026-06-03T21:04:42.207506+00:00
2026-06-04,removed,53295267,,,,"Apartment for rent , in a great location:",170.0,,,,BHD,monthly,,,,,,,,,,,26.183332443237305,50.516666412353516,,,,Husain Al Hayk,,PARTLY,,,,,,2026-05-31T13:58:31.068517+00:00,2026-06-03T21:04:42.207506+00:00,3,2026-06-03T21:04:42.207506+00:00
2026-06-04,removed,53295268,,,,HUGE BALCONY | LUXURY | PREMIUM AMENITIES | 1.5BHK,105000.0,,,,BHD,sell,,,,,,,,,,,26.239999771118164,50.5369987487793,,,,Zuhair Tlili,,YES,,,,,,2026-05-31T13:58:31.068517+00:00,2026-06-03T21:04:42.207506+00:00,3,2026-06-03T21:04:42.207506+00:00
2026-06-04,removed,53295274,,,,"Apartment for rent , in a great location:",170.0,,,,BHD,monthly,,,,,,,,,,,26.179166793823242,50.56222152709961,,,,Husain Al Hayk,,NO,,,,,,2026-05-31T13:58:31.068517+00:00,2026-06-03T21:04:42.207506+00:00,3,2026-06-03T21:04:42.207506+00:00
2026-06-04,removed,53295293,,,,Amazing villa for rent in Riffa !!,500.0,,,,BHD,monthly,,,,,,,,,,,26.1314754486084,50.568843841552734,,,,Husain Al Hayk,,YES,,,,,,2026-05-31T13:58:31.068517+00:00,2026-06-03T21:04:42.207506+00:00,3,2026-06-03T21:04:42.207506+00:00
2026-06-04,removed,53295295,,,,EXCELLENT | MODERN ONE-BEDROOM | READY TO MOVE IN,50000.0,,,,BHD,sell,,,,,,,,,,,26.27286720275879,50.672889709472656,,,,Zuhair Tlili,,YES,,,,,,2026-05-31T13:58:31.068517+00:00,2026-06-03T21:04:42.207506+00:00,3,2026-06-03T21:04:42.207506+00:00
2026-06-04,removed,53295308,,,,Office space for rent in RIFFA On highway,400.0,,,,BHD,monthly,,,,,,,,,,,26.128984451293945,50.58171463012695,,,,Husain Al Hayk,,NO,,,,,,2026-05-31T13:58:31.068517+00:00,2026-06-03T21:04:42.207506+00:00,3,2026-06-03T21:04:42.207506+00:00
2026-06-04,removed,53295315,,,,Shop with mezzanine for rent in Muharraq,1200.0,,,,BHD,monthly,,,,,,,,,,,26.25,50.616668701171875,,,,Husain Al Hayk,,PARTLY,,,,,,2026-05-31T13:58:31.068517+00:00,2026-06-03T21:04:42.207506+00:00,3,2026-06-03T21:04:42.207506+00:00
2026-06-04,removed,53295337,,,,EXCLUSIVE BEACHFRONT LAND | DESIRABLE AREA,347000.0,,,,BHD,sell,,,,,,,,,,,26.29302978515625,50.66474151611328,,,,Zuhair Tlili,,,,,,,,2026-05-31T13:58:31.068517+00:00,2026-06-03T21:04:42.207506+00:00,3,2026-06-03T21:04:42.207506+00:00
2026-06-04,removed,53295340,,,,Luxurious Spacious Brand New In Great Location,380.0,,,,BHD,monthly,,,,,,,,,,,26.211111068725586,50.601112365722656,,,,Husain Al Hayk,,YES,,,,,,2026-05-31T13:58:31.068517+00:00,2026-06-03T21:04:42.207506+00:00,3,2026-06-03T21:04:42.207506+00:00
2026-06-04,removed,53295351,,,,Office for below Market Price brand new.,380.0,,,,BHD,monthly,,,,,,,,,,,26.21023941040039,50.49468231201172,,,,Husain Al Hayk,,PARTLY,,,,,,2026-05-31T13:58:31.068517+00:00,2026-06-03T21:04:42.207506+00:00,3,2026-06-03T21:04:42.207506+00:00
2026-06-04,removed,53295363,,,,PRIME CORNER LAND | EXCLUSIVE | NEW DEVELOPMENT,137700.0,,,,BHD,sell,,,,,,,,,,,26.285566329956055,50.623756408691406,,,,Zuhair Tlili,,,,,,,,2026-05-31T13:58:31.068517+00:00,2026-06-03T21:04:42.207506+00:00,3,2026-06-03T21:04:42.207506+00:00
2026-06-04,removed,53295402,,,,LARGE INVESTMENT PLOT | SP ZONED | HIGH POTENTIAL,395000.0,,,,BHD,sell,,,,,,,,,,,26.134166717529297,50.61305618286133,,,,Rolin Faouri,,,,,,,,2026-05-31T13:58:31.068517+00:00,2026-06-03T21:04:42.207506+00:00,3,2026-06-03T21:04:42.207506+00:00
2026-06-04,removed,53295414,,,,"Apartment for rent , in a great location:",380.0,,,,BHD,monthly,,,,,,,,,,,26.228374481201172,50.56666564941406,,,,Husain Al Hayk,,YES,,,,,,2026-05-31T13:58:31.068517+00:00,2026-06-03T21:04:42.207506+00:00,3,2026-06-03T21:04:42.207506+00:00
2026-06-04,removed,53295416,,,,"Apartment for rent , in a great location:",180.0,,,,BHD,monthly,,,,,,,,,,,26.188888549804688,50.54999923706055,,,,Husain Al Hayk,,NO,,,,,,2026-05-31T13:58:31.068517+00:00,2026-06-03T21:04:42.207506+00:00,3,2026-06-03T21:04:42.207506+00:00
2026-06-04,removed,53295427,,,,"Shop for rent , in a great location:",1300.0,,,,BHD,monthly,,,,,,,,,,,26.168216705322266,50.57180404663086,,,,Husain Al Hayk,,PARTLY,,,,,,2026-05-31T13:58:31.068517+00:00,2026-06-03T21:04:42.207506+00:00,3,2026-06-03T21:04:42.207506+00:00
2026-06-04,removed,53295437,,,,"Shop for rent , in a great location:",150.0,,,,BHD,monthly,,,,,,,,,,,26.140336990356445,50.478271484375,,,,Husain Al Hayk,,PARTLY,,,,,,2026-05-31T13:58:31.068517+00:00,2026-06-03T21:04:42.207506+00:00,3,2026-06-03T21:04:42.207506+00:00
2026-06-04,removed,53295450,,,,"LAND for rent , in a great location:",1400.0,,,,BHD,monthly,,,,,,,,,,,26.211111068725586,50.601112365722656,,,,Husain Al Hayk,,,,,,,,2026-05-31T13:58:31.068517+00:00,2026-06-03T21:04:42.207506+00:00,3,2026-06-03T21:04:42.207506+00:00
2026-06-04,removed,53295463,,,,"Office for rent , in a great location:",330.0,,,,BHD,monthly,,,,,,,,,,,26.239999771118164,50.5369987487793,,,,Husain Al Hayk,,PARTLY,,,,,,2026-05-31T13:58:31.068517+00:00,2026-06-03T21:04:42.207506+00:00,3,2026-06-03T21:04:42.207506+00:00
2026-06-04,removed,53295639,,,,LUXURY WATERFRONT PLOT | PREMIUM | SEA VIEW | RARE,1040800.0,,,,BHD,sell,,,,,,,,,,,26.29302978515625,50.66474151611328,,,,Zuhair Tlili,,,,,,,,2026-05-31T13:58:31.068517+00:00,2026-06-03T21:04:42.207506+00:00,3,2026-06-03T21:04:42.207506+00:00
2026-06-04,removed,53295662,,,,RESIDENTIAL LAND | PRIME LOCATION | HIGH-DEMAND,120000.0,,,,BHD,sell,,,,,,,,,,,26.21263313293457,50.67418670654297,,,,Zuhair Tlili,,,,,,,,2026-05-31T13:58:31.068517+00:00,2026-06-03T21:04:42.207506+00:00,3,2026-06-03T21:04:42.207506+00:00
2026-06-04,removed,53295667,,,,Prime | Residential | RA | Sadad,126000.0,,,,BHD,sell,,,,,,,,,,,26.08335304260254,50.48234558105469,,,,Husain Alsandy,,,,,,,,2026-05-31T13:58:31.068517+00:00,2026-06-03T21:04:42.207506+00:00,3,2026-06-03T21:04:42.207506+00:00
2026-06-04,removed,53295681,,,,BRAND NEW 4BHK VILLA | CORNER NEAR SEA | MODERN,155000.0,,,,BHD,sell,,,,,,,,,,,26.22623634338379,50.49492263793945,,,,Loai Bitar,,NO,,,,,,2026-05-31T13:58:31.068517+00:00,2026-06-03T21:04:42.207506+00:00,3,2026-06-03T21:04:42.207506+00:00
2026-06-04,removed,53295713,,,,LUXURY WATERFRONT | 7BHK VILLA | PRIVATE POOL,650000.0,,,,BHD,sell,,,,,,,,,,,26.29302978515625,50.66474151611328,,,,Zuhair Tlili,,PARTLY,,,,,,2026-05-31T13:58:31.068517+00:00,2026-06-03T21:04:42.207506+00:00,3,2026-06-03T21:04:42.207506+00:00
2026-06-04,removed,53295834,,,,Furnished Modern Layout | Bright with Balcony,280.0,,,,BHD,monthly,,,,,,,,,,,26.211111068725586,50.601112365722656,,,,Iqbal Mayoddin,,YES,,,,,,2026-05-31T13:58:31.068517+00:00,2026-06-03T21:04:42.207506+00:00,3,2026-06-03T21:04:42.207506+00:00
2026-06-04,removed,53295869,,,,LOWEST PRICE | BALCONY | GREAT FACILITIES | MODERN,32500.0,,,,BHD,sell,,,,,,,,,,,26.211111068725586,50.601112365722656,,,,Rolin Faouri,,YES,,,,,,2026-05-31T13:58:31.068517+00:00,2026-06-03T21:04:42.207506+00:00,3,2026-06-03T21:04:42.207506+00:00
2026-06-04,removed,53295967,,,,MODERN STUDIO | STRONG ROI POTENTIAL | PRIME AREA,43000.0,,,,BHD,sell,,,,,,,,,,,26.239999771118164,50.5369987487793,,,,Zuhair Tlili,,YES,,,,,,2026-05-31T13:58:31.068517+00:00,2026-06-03T21:04:42.207506+00:00,3,2026-06-03T21:04:42.207506+00:00
2026-06-04,removed,53295976,,,,EASY ACCESS | BRAND NEW | LUXURY 4BHK + MAIDS,169000.0,,,,BHD,sell,,,,,,,,,,,26.21263313293457,50.67418670654297,,,,Loai Bitar,,NO,,,,,,2026-05-31T13:58:31.068517+00:00,2026-06-03T21:04:42.207506+00:00,3,2026-06-03T21:04:42.207506+00:00
2026-06-04,removed,53295994,,,,MODERN 2BHK | BALCONY | BREATHTAKING SEA VIEWS,90000.0,,,,BHD,sell,,,,,,,,,,,26.239999771118164,50.5369987487793,,,,Zuhair Tlili,,YES,,,,,,2026-05-31T13:58:31.068517+00:00,2026-06-03T21:04:42.207506+00:00,3,2026-06-03T21:04:42.207506+00:00
2026-06-04,removed,53296003,,,,3BHK DUPLEX | CURRENTLY RENTED (NAVY) | CITY VIEW,90000.0,,,,BHD,sell,,,,,,,,,,,26.211111068725586,50.601112365722656,,,,Rolin Faouri,,YES,,,,,,2026-05-31T13:58:31.068517+00:00,2026-06-03T21:04:42.207506+00:00,3,2026-06-03T21:04:42.207506+00:00
2026-06-04,removed,53296010,,,,MODERN | 2BHK | PAYMENT PLAN | LUXURY FURNISHED,87000.0,,,,BHD,sell,,,,,,,,,,,26.29302978515625,50.66474151611328,,,,Loai Bitar,,YES,,,,,,2026-05-31T13:58:31.068517+00:00,2026-06-03T21:04:42.207506+00:00,3,2026-06-03T21:04:42.207506+00:00
2026-06-04,removed,53296015,,,,MARINA VIEW | BEST PRICE | BEST FACILITIES | 2BHK,72000.0,,,,BHD,sell,,,,,,,,,,,26.29302978515625,50.66474151611328,,,,Loai Bitar,,YES,,,,,,2026-05-31T13:58:31.068517+00:00,2026-06-03T21:04:42.207506+00:00,3,2026-06-03T21:04:42.207506+00:00
2026-06-04,removed,53296024,,,,PRIME LOCATION | MODERN 2BHK | AFFORDABLE FOR SALE,56000.0,,,,BHD,sell,,,,,,,,,,,26.226558685302734,50.5459098815918,,,,Loai Bitar,,YES,,,,,,2026-05-31T13:58:31.068517+00:00,2026-06-03T21:04:42.207506+00:00,3,2026-06-03T21:04:42.207506+00:00
2026-06-04,removed,53296084,,,,"Office for rent , in a great location:",1200.0,,,,BHD,monthly,,,,,,,,,,,26.22623634338379,50.49492263793945,,,,Husain Al Hayk,,PARTLY,,,,,,2026-05-31T13:58:31.068517+00:00,2026-06-03T21:04:42.207506+00:00,3,2026-06-03T21:04:42.207506+00:00
2026-06-04,removed,53296202,,,,Shops in new plaza a great location:,375.0,,,,BHD,monthly,,,,,,,,,,,26.16529655456543,50.552181243896484,,,,Husain Al Hayk,,NO,,,,,,2026-05-31T13:58:31.068517+00:00,2026-06-03T21:04:42.207506+00:00,3,2026-06-03T21:04:42.207506+00:00
2026-06-04,removed,53296368,,,,brand new mall! elegant space! prime location...,275.0,,,,BHD,monthly,,,,,,,,,,,26.16529655456543,50.552181243896484,,,,Husain Al Hayk,,NO,,,,,,2026-05-31T13:58:31.068517+00:00,2026-06-03T21:04:42.207506+00:00,3,2026-06-03T21:04:42.207506+00:00
2026-06-04,removed,53296385,,,,"Shop for rent , in a great location:",650.0,,,,BHD,monthly,,,,,,,,,,,26.168216705322266,50.57180404663086,,,,Husain Al Hayk,,YES,,,,,,2026-05-31T13:58:31.068517+00:00,2026-06-03T21:04:42.207506+00:00,3,2026-06-03T21:04:42.207506+00:00
2026-06-04,removed,53296393,,,,"Shop for rent , in a great location:",350.0,,,,BHD,monthly,,,,,,,,,,,26.168216705322266,50.57180404663086,,,,Husain Al Hayk,,PARTLY,,,,,,2026-05-31T13:58:31.068517+00:00,2026-06-03T21:04:42.207506+00:00,3,2026-06-03T21:04:42.207506+00:00
2026-06-04,removed,53296399,,,,"Apartment for rent , in a great location:",160.0,,,,BHD,monthly,,,,,,,,,,,26.168216705322266,50.57180404663086,,,,Husain Al Hayk,,NO,,,,,,2026-05-31T13:58:31.068517+00:00,2026-06-03T21:04:42.207506+00:00,3,2026-06-03T21:04:42.207506+00:00
2026-06-04,removed,53296402,,,,"Apartment for rent , in a great location:",330.0,,,,BHD,monthly,,,,,,,,,,,26.19164276123047,50.48757553100586,,,,Husain Al Hayk,,PARTLY,,,,,,2026-05-31T13:58:31.068517+00:00,2026-06-03T21:04:42.207506+00:00,3,2026-06-03T21:04:42.207506+00:00
2026-06-04,removed,53296430,,,,"Office for rent , in a great location:",400.0,,,,BHD,monthly,,,,,,,,,,,26.239999771118164,50.5369987487793,,,,Husain Al Hayk,,PARTLY,,,,,,2026-05-31T13:58:31.068517+00:00,2026-06-03T21:04:42.207506+00:00,3,2026-06-03T21:04:42.207506+00:00
2026-06-04,removed,53296435,,,,"Apartment for rent , in a great location:",260.0,,,,BHD,monthly,,,,,,,,,,,26.21672821044922,50.55367660522461,,,,Husain Al Hayk,,PARTLY,,,,,,2026-05-31T13:58:31.068517+00:00,2026-06-03T21:04:42.207506+00:00,3,2026-06-03T21:04:42.207506+00:00
2026-06-04,removed,53296453,,,,"Apartment for rent , in a great location:",170.0,,,,BHD,monthly,,,,,,,,,,,26.168216705322266,50.57180404663086,,,,Husain Al Hayk,,NO,,,,,,2026-05-31T13:58:31.068517+00:00,2026-06-03T21:04:42.207506+00:00,3,2026-06-03T21:04:42.207506+00:00
2026-06-04,removed,53296456,,,,FULLy RENOVATED PRIVATE VILLA-BEST LOCATION,650.0,,,,BHD,monthly,,,,,,,,,,,26.214487075805664,50.584754943847656,,,,Alice Muthoni,,PARTLY,,,,,,2026-05-31T13:58:31.068517+00:00,2026-06-03T21:04:42.207506+00:00,3,2026-06-03T21:04:42.207506+00:00
2026-06-04,removed,53296460,,,,"Apartment for rent , in a great location:",240.0,,,,BHD,monthly,,,,,,,,,,,26.185943603515625,50.46711349487305,,,,Husain Al Hayk,,PARTLY,,,,,,2026-05-31T13:58:31.068517+00:00,2026-06-03T21:04:42.207506+00:00,3,2026-06-03T21:04:42.207506+00:00
2026-06-04,removed,53296466,,,,"Apartment for rent , in a great location:",220.0,,,,BHD,monthly,,,,,,,,,,,26.179166793823242,50.56222152709961,,,,Husain Al Hayk,,NO,,,,,,2026-05-31T13:58:31.068517+00:00,2026-06-03T21:04:42.207506+00:00,3,2026-06-03T21:04:42.207506+00:00
2026-06-04,removed,53296766,,,,FULL SEA VIEW | GREAT FACILITY | PRIME LOCATION,900.0,,,,BHD,monthly,,,,,,,,,,,26.211111068725586,50.601112365722656,,,,Yusuf Meshaal,,YES,,,,,,2026-05-31T13:58:31.068517+00:00,2026-06-03T21:04:42.207506+00:00,3,2026-06-03T21:04:42.207506+00:00
2026-06-04,removed,53322732,,,,3BR Semi Furnished Flat | Al Lawzi | BD300,300.0,,,,BHD,monthly,,,,,,,,,,,26.12916374206543,50.49860763549805,,,,Mohammed Salman,,PARTLY,,,,,,2026-05-31T13:58:31.068517+00:00,2026-06-03T21:04:42.207506+00:00,3,2026-06-03T21:04:42.207506+00:00
2026-06-04,removed,53322858,,,,SEA VIEW 5 STAR LUXURY MODERN STYLE | H- KEEPING,600.0,,,,BHD,monthly,,,,,,,,,,,26.287778854370117,50.66339111328125,,,,Fadi Eweida,,YES,,,,,,2026-05-31T13:58:31.068517+00:00,2026-06-03T21:04:42.207506+00:00,3,2026-06-03T21:04:42.207506+00:00
2026-06-04,removed,53323036,,,,Sea and City View | Internet Included | Great View,350.0,,,,BHD,monthly,,,,,,,,,,,26.211111068725586,50.601112365722656,,,,Iqbal Mayoddin,,YES,,,,,,2026-05-31T13:58:31.068517+00:00,2026-06-03T21:04:42.207506+00:00,3,2026-06-03T21:04:42.207506+00:00
2026-06-04,removed,53323052,,,,LUXURY FAMILY VILLA | PRIVATE POOL | GARDEN | 5BHK,1350.0,,,,BHD,monthly,,,,,,,,,,,26.188888549804688,50.54999923706055,,,,Yumna Awad,,PARTLY,,,,,,2026-05-31T13:58:31.068517+00:00,2026-06-03T21:04:42.207506+00:00,3,2026-06-03T21:04:42.207506+00:00
2026-06-04,removed,53323096,,,,3 DAYS STUNNING OFFER / PRESTIGIOUS TOWER/ BD.350,350.0,,,,BHD,monthly,,,,,,,,,,,26.211111068725586,50.601112365722656,,,,Muthasamy Nanda Kumar ,,YES,,,,,,2026-05-31T13:58:31.068517+00:00,2026-06-03T21:04:42.207506+00:00,3,2026-06-03T21:04:42.207506+00:00
2026-06-04,removed,53323483,,,,Modern and Stylish Apartment l 2 Living Rooms,822.0,,,,BHD,monthly,,,,,,,,,,,26.211111068725586,50.601112365722656,,,,Siwar Arfaoui,,YES,,,,,,2026-05-31T13:58:31.068517+00:00,2026-06-03T21:04:42.207506+00:00,3,2026-06-03T21:04:42.207506+00:00
2026-06-04,removed,53323571,,,,Beautifully Designed l Luxury Apartment l Spacious,822.0,,,,BHD,monthly,,,,,,,,,,,26.211111068725586,50.601112365722656,,,,Siwar Arfaoui,,YES,,,,,,2026-05-31T13:58:31.068517+00:00,2026-06-03T21:04:42.207506+00:00,3,2026-06-03T21:04:42.207506+00:00
2026-06-04,removed,53323689,,,,BIG TERRACE | SEA AND CITY VIEW | HOUSEKEEPING.,399.0,,,,BHD,monthly,,,,,,,,,,,26.287778854370117,50.66339111328125,,,,Fadi Eweida,,YES,,,,,,2026-05-31T13:58:31.068517+00:00,2026-06-03T21:04:42.207506+00:00,3,2026-06-03T21:04:42.207506+00:00
2026-06-04,removed,53323704,,,,ARTS DESIGN MODERN LUXUERY FLAT AND FACILITIES,600.0,,,,BHD,monthly,,,,,,,,,,,26.287778854370117,50.66339111328125,,,,Fadi Eweida,,YES,,,,,,2026-05-31T13:58:31.068517+00:00,2026-06-03T21:04:42.207506+00:00,3,2026-06-03T21:04:42.207506+00:00
2026-06-04,removed,53349655,,,,SEA VIEW | GREAT PRICE | HOUSEKEEPING | PETS OK,700.0,,,,BHD,monthly,,,,,,,,,,,26.287778854370117,50.66339111328125,,,,Fadi Eweida,,YES,,,,,,2026-05-31T13:58:31.068517+00:00,2026-06-03T21:04:42.207506+00:00,3,2026-06-03T21:04:42.207506+00:00
2026-06-04,removed,53349848,,,,LUXURY | FREEHOLD | GREAT INVESTMENT | HIGH ROI,70200.0,,,,BHD,sell,,,,,,,,,,,26.273908615112305,50.67207336425781,,,,Hedia Al Sebaie,,YES,,,,,,2026-05-31T14:33:55.753010+00:00,2026-06-03T21:04:42.207506+00:00,3,2026-06-03T21:04:42.207506+00:00
2026-06-04,removed,53349850,,,,7 YRS PAYMENT PLAN - RENTED - LEADING INVESTMENT,61700.0,,,,BHD,sell,,,,,,,,,,,26.273908615112305,50.67207336425781,,,,Hedia Al Sebaie,,YES,,,,,,2026-05-31T14:33:55.753010+00:00,2026-06-03T21:04:42.207506+00:00,3,2026-06-03T21:04:42.207506+00:00
2026-06-04,removed,53349866,,,,7 YEARS PAYMENT PLAN | BEST INVESTMENT | FREEHOLD,95000.0,,,,BHD,sell,,,,,,,,,,,26.273908615112305,50.67207336425781,,,,Hedia Al Sebaie,,PARTLY,,,,,,2026-05-31T14:33:55.753010+00:00,2026-06-03T21:04:42.207506+00:00,3,2026-06-03T21:04:42.207506+00:00
2026-06-04,removed,53349869,,,,7 YEARS PAYMENT PLAN - NO COMMISSION - RENTED APT,96300.0,,,,BHD,sell,,,,,,,,,,,26.273908615112305,50.67207336425781,,,,Hedia Al Sebaie,,YES,,,,,,2026-05-31T14:33:55.753010+00:00,2026-06-03T21:04:42.207506+00:00,3,2026-06-03T21:04:42.207506+00:00
2026-06-04,removed,53349877,,,,GOLDEN VISA RESIDENCY | 7 YEARS PLAN | FREEHOLD,141400.0,,,,BHD,sell,,,,,,,,,,,26.273908615112305,50.67207336425781,,,,Hedia Al Sebaie,,YES,,,,,,2026-05-31T14:33:55.753010+00:00,2026-06-03T21:04:42.207506+00:00,3,2026-06-03T21:04:42.207506+00:00
2026-06-04,removed,53349896,,,,FREEHOLD - GOLDEN RESIDENCY - 7 YRS PAYMENT PLAN,176300.0,,,,BHD,sell,,,,,,,,,,,26.273908615112305,50.67207336425781,,,,Hedia Al Sebaie,,PARTLY,,,,,,2026-05-31T14:33:55.753010+00:00,2026-06-03T21:04:42.207506+00:00,3,2026-06-03T21:04:42.207506+00:00
2026-06-04,removed,53350427,,,,SPACIOUS | BALCONY | JACUZZI | STEAM | SAUNA | GYM,399.0,,,,BHD,monthly,,,,,,,,,,,26.287778854370117,50.66339111328125,,,,Fadi Eweida,,YES,,,,,,2026-05-31T13:58:31.068517+00:00,2026-06-03T21:04:42.207506+00:00,3,2026-06-03T21:04:42.207506+00:00
2026-06-04,removed,53377990,,,,Pool View | 3 years payment plan | Rented flat,120000.0,,,,BHD,sell,,,,,,,,,,,26.307302474975586,50.645973205566406,,,,Linda Mehdi,,YES,,,,,,2026-05-31T13:58:31.068517+00:00,2026-06-03T21:04:42.207506+00:00,3,2026-06-03T21:04:42.207506+00:00
2026-06-04,removed,53404426,,,,Prime Location / Ready / Office / Zinj / Mahooz,250.0,,,,BHD,monthly,,,,,,,,,,,26.207910537719727,50.587345123291016,,,,Arshad Thasim,,PARTLY,,,,,,2026-05-31T13:58:31.068517+00:00,2026-06-03T21:04:42.207506+00:00,3,2026-06-03T21:04:42.207506+00:00
2026-06-04,removed,53404715,,,,Renovated | Modern | WIFI | Municipality |,550.0,,,,BHD,monthly,,,,,,,,,,,26.211111068725586,50.601112365722656,,,,Hanaa Adel,,YES,,,,,,2026-05-31T13:58:31.068517+00:00,2026-06-03T21:04:42.207506+00:00,3,2026-06-03T21:04:42.207506+00:00
2026-06-04,removed,53405087,,,,"Apartment for rent , in a great location:",200.0,,,,BHD,monthly,,,,,,,,,,,26.1634578704834,50.515289306640625,,,,Husain Al Hayk,,PARTLY,,,,,,2026-05-31T13:58:31.068517+00:00,2026-06-03T21:04:42.207506+00:00,3,2026-06-03T21:04:42.207506+00:00
2026-06-04,removed,53405102,,,,"Apartment for rent , in a great location:",170.0,,,,BHD,monthly,,,,,,,,,,,26.179166793823242,50.56222152709961,,,,Husain Al Hayk,,NO,,,,,,2026-05-31T13:58:31.068517+00:00,2026-06-03T21:04:42.207506+00:00,3,2026-06-03T21:04:42.207506+00:00
2026-06-04,removed,53405617,,,,Beautiful / Neat & Clean /Family/ KSA / Janabiya,350.0,,,,BHD,monthly,,,,,,,,,,,26.185943603515625,50.46711349487305,,,,Arshad Thasim,,YES,,,,,,2026-05-31T13:58:31.068517+00:00,2026-06-03T21:04:42.207506+00:00,3,2026-06-03T21:04:42.207506+00:00
2026-06-04,removed,53432708,,,,Beautiful / 1 BHK / Stunning / KSA / Janabiya,320.0,,,,BHD,monthly,,,,,,,,,,,26.185943603515625,50.46711349487305,,,,Arshad Thasim,,YES,,,,,,2026-05-31T13:58:31.068517+00:00,2026-06-03T21:04:42.207506+00:00,3,2026-06-03T21:04:42.207506+00:00
2026-06-04,removed,53432714,,,,Bright / Beautiful / Maid Room / Closed Kitchen,370.0,,,,BHD,monthly,,,,,,,,,,,26.185943603515625,50.46711349487305,,,,Arshad Thasim,,YES,,,,,,2026-05-31T13:58:31.068517+00:00,2026-06-03T21:04:42.207506+00:00,3,2026-06-03T21:04:42.207506+00:00
2026-06-04,removed,53432827,,,,Beachfront | Brand New | With Marassi Sea View,640.0,,,,BHD,monthly,,,,,,,,,,,26.303447723388672,50.6461296081543,,,,Christian Brunet,,YES,,,,,,2026-05-31T13:58:31.068517+00:00,2026-06-03T21:04:42.207506+00:00,3,2026-06-03T21:04:42.207506+00:00
2026-06-04,removed,53460556,,,,"Spacious, Near St Chris, Common Pool, Updated",550.0,,,,BHD,monthly,,,,,,,,,,,26.19164276123047,50.48757553100586,,,,Eva Gavin,,YES,,,,,,2026-05-31T13:58:31.068517+00:00,2026-06-03T21:04:42.207506+00:00,3,2026-06-03T21:04:42.207506+00:00
2026-06-04,removed,53460822,,,,Luxury | Modern | Spacious | Inclusive,400.0,,,,BHD,monthly,,,,,,,,,,,26.239999771118164,50.5369987487793,,,,Saeed Hamueh,,YES,,,,,,2026-05-31T13:58:31.068517+00:00,2026-06-03T21:04:42.207506+00:00,3,2026-06-03T21:04:42.207506+00:00
2026-06-04,removed,53461203,,,,Brand New - Nice Interior - Bright - Elegant,1250.0,,,,BHD,monthly,,,,,,,,,,,26.185943603515625,50.46711349487305,,,,Irfan Ali,,YES,,,,,,2026-05-31T13:58:31.068517+00:00,2026-06-03T21:04:42.207506+00:00,3,2026-06-03T21:04:42.207506+00:00
2026-06-04,removed,53461423,,,,Move in now Pay later - Brand New - BEACH ACCESS,74888.0,,,,BHD,sell,,,,,,,,,,,26.303447723388672,50.6461296081543,,,,Rawan Abdulwadood,,PARTLY,,,,,,2026-05-31T13:58:31.068517+00:00,2026-06-03T21:04:42.207506+00:00,3,2026-06-03T21:04:42.207506+00:00
2026-06-04,removed,53461485,,,,"Apartment for rent , in a great location:",200.0,,,,BHD,monthly,,,,,,,,,,,26.229394912719727,50.48070526123047,,,,Husain Al Hayk,,PARTLY,,,,,,2026-05-31T13:58:31.068517+00:00,2026-06-03T21:04:42.207506+00:00,3,2026-06-03T21:04:42.207506+00:00
2026-06-04,removed,53461505,,,,"Office for rent , in a great location:",300.0,,,,BHD,monthly,,,,,,,,,,,26.203079223632812,50.594947814941406,,,,Husain Al Hayk,,PARTLY,,,,,,2026-05-31T13:58:31.068517+00:00,2026-06-03T21:04:42.207506+00:00,3,2026-06-03T21:04:42.207506+00:00
2026-06-04,removed,53461510,,,,"Office for rent , in a great location:",180.0,,,,BHD,monthly,,,,,,,,,,,26.226558685302734,50.5459098815918,,,,Husain Al Hayk,,PARTLY,,,,,,2026-05-31T13:58:31.068517+00:00,2026-06-03T21:04:42.207506+00:00,3,2026-06-03T21:04:42.207506+00:00
2026-06-04,removed,53461797,,,,Affordable - Modern - Nice - Private Pool,875.0,,,,BHD,monthly,,,,,,,,,,,26.185943603515625,50.46711349487305,,,,Irfan Ali,,YES,,,,,,2026-05-31T13:58:31.068517+00:00,2026-06-03T21:04:42.207506+00:00,3,2026-06-03T21:04:42.207506+00:00
2026-06-04,removed,53488917,,,,Spacious Sunny Sea View Apartment With Balcony,400.0,,,,BHD,monthly,,,,,,,,,,,26.29302978515625,50.66474151611328,,,,Mohammed Obaida,,YES,,,,,,2026-05-31T13:58:31.068517+00:00,2026-06-03T21:04:42.207506+00:00,3,2026-06-03T21:04:42.207506+00:00
2026-06-04,removed,53488937,,,,3 master bedrooms | near Almercado mall | shiny,400.0,,,,BHD,monthly,,,,,,,,,,,26.185943603515625,50.46711349487305,,,,AHMED ALI ,,PARTLY,,,,,,2026-05-31T13:58:31.068517+00:00,2026-06-03T21:04:42.207506+00:00,3,2026-06-03T21:04:42.207506+00:00
2026-06-04,removed,53489164,,,,Unlimited EWA / Couples / Exec Bachelors / St. Chr,180.0,,,,BHD,monthly,,,,,,,,,,,26.19164276123047,50.48757553100586,,,,Arshad Thasim,,YES,,,,,,2026-05-31T13:58:31.068517+00:00,2026-06-03T21:04:42.207506+00:00,3,2026-06-03T21:04:42.207506+00:00
2026-06-04,removed,53490077,,,,"2-Year Payment Plan -Studio for Sale BD51,888",52000.0,,,,BHD,sell,,,,,,,,,,,26.303447723388672,50.6461296081543,,,,Jasmine,,NO,,,,,,2026-05-31T13:58:31.068517+00:00,2026-06-03T21:04:42.207506+00:00,3,2026-06-03T21:04:42.207506+00:00
2026-06-04,removed,53490322,,,,MODERN 2BHK+MAID ROOM | GYM | PARKING,375.0,,,,BHD,monthly,,,,,,,,,,,26.19164276123047,50.48757553100586,,,,JASIM AHMED ABDULLA MOHAMED HASAN,,PARTLY,,,,,,2026-05-31T13:58:31.068517+00:00,2026-06-03T21:04:42.207506+00:00,3,2026-06-03T21:04:42.207506+00:00
2026-06-04,removed,53523138,,,,"Apartment for rent , in a great location:",150.0,,,,BHD,monthly,,,,,,,,,,,26.188888549804688,50.54999923706055,,,,Husain Al Hayk,,NO,,,,,,2026-05-31T13:58:31.068517+00:00,2026-06-03T21:04:42.207506+00:00,3,2026-06-03T21:04:42.207506+00:00
2026-06-04,removed,53523288,,,,HIGH END APARTMENT FOR SALE / BEACH ACCESS,180000.0,,,,BHD,sell,,,,,,,,,,,26.303447723388672,50.6461296081543,,,,Kristina Rakikji,,YES,,,,,,2026-05-31T13:58:31.068517+00:00,2026-06-03T21:04:42.207506+00:00,3,2026-06-03T21:04:42.207506+00:00
2026-06-04,removed,53523862,,,,6 Years Payment plan - Beach Front - Bigger layout,144888.0,,,,BHD,sell,,,,,,,,,,,26.303447723388672,50.6461296081543,,,,Rawan Abdulwadood,,PARTLY,,,,,,2026-05-31T13:58:31.068517+00:00,2026-06-03T21:04:42.207506+00:00,3,2026-06-03T21:04:42.207506+00:00
2026-06-04,removed,53523905,,,,Close kitchen l Kids water park l Huge Balcony,140000.0,,,,BHD,sell,,,,,,,,,,,26.27286720275879,50.672889709472656,,,,Rawan Abdulwadood,,PARTLY,,,,,,2026-05-31T14:33:55.753010+00:00,2026-06-03T21:04:42.207506+00:00,3,2026-06-03T21:04:42.207506+00:00
2026-06-04,removed,53549625,,,,Apartment In Dilmunia For Sale,49000.0,,,,BHD,sell,,,,,,,,,,,26.27286720275879,50.672889709472656,,,,Mohammed Radhi,,PARTLY,,,,,,2026-05-31T14:33:55.753010+00:00,2026-06-03T21:04:42.207506+00:00,3,2026-06-03T21:04:42.207506+00:00
2026-06-04,removed,53575539,,,,Direct Owner | Premium Apartment Luxury Facilities,49500.0,,,,BHD,sell,,,,,,,,,,,26.27286720275879,50.672889709472656,,,,Karine Nalbandyan ,,YES,,,,,,2026-05-31T14:33:55.753010+00:00,2026-06-03T21:04:42.207506+00:00,3,2026-06-03T21:04:42.207506+00:00
2026-06-04,removed,53600046,,,,للبيع أرض زراعية في كرزكان بسعر ممتاز,452396.0,,,,BHD,sell,,,,,,,,,,,26.113693237304688,50.48170471191406,,,,Ali Alshowaikh,,,,,,,,2026-05-31T13:58:31.068517+00:00,2026-06-03T21:04:42.207506+00:00,3,2026-06-03T21:04:42.207506+00:00
2026-06-04,removed,53600617,,,,SPACIOUS AND MODERN - CLOSED KITCHEN - WIFI - DEAL,280.0,,,,BHD,monthly,,,,,,,,,,,26.185943603515625,50.46711349487305,,,,Unus Sirajuddin,,YES,,,,,,2026-05-31T13:58:31.068517+00:00,2026-06-03T21:04:42.207506+00:00,3,2026-06-03T21:04:42.207506+00:00
2026-06-04,removed,53626959,,,,Brand New Office / Bright / Prime Location / Zinj,435.0,,,,BHD,monthly,,,,,,,,,,,26.207910537719727,50.587345123291016,,,,Arshad Thasim,,PARTLY,,,,,,2026-05-31T13:58:31.068517+00:00,2026-06-03T21:04:42.207506+00:00,3,2026-06-03T21:04:42.207506+00:00
2026-06-04,removed,53626965,,,,Brand New Office Space in Heart of Bahrain,1035.0,,,,BHD,monthly,,,,,,,,,,,26.207910537719727,50.587345123291016,,,,Arshad Thasim,,NO,,,,,,2026-05-31T13:58:31.068517+00:00,2026-06-03T21:04:42.207506+00:00,3,2026-06-03T21:04:42.207506+00:00
2026-06-04,removed,53626968,,,,Beautiful / Gym / Swimming pool / House Keeping,240.0,,,,BHD,monthly,,,,,,,,,,,26.207910537719727,50.587345123291016,,,,Arshad Thasim,,YES,,,,,,2026-05-31T13:58:31.068517+00:00,2026-06-03T21:04:42.207506+00:00,3,2026-06-03T21:04:42.207506+00:00
2026-06-04,removed,53627275,,,,Elegant and Modren | Private Pool | Maid | Driver,1300.0,,,,BHD,monthly,,,,,,,,,,,26.185943603515625,50.46711349487305,,,,Usman Ali,,PARTLY,,,,,,2026-05-31T13:58:31.068517+00:00,2026-06-03T21:04:42.207506+00:00,3,2026-06-03T21:04:42.207506+00:00
2026-06-04,removed,53627315,,,,Fully Renovated | Inclusive of EWA | Garden | Pool,1250.0,,,,BHD,monthly,,,,,,,,,,,26.185943603515625,50.46711349487305,,,,Usman Ali,,YES,,,,,,2026-05-31T13:58:31.068517+00:00,2026-06-03T21:04:42.207506+00:00,3,2026-06-03T21:04:42.207506+00:00
2026-06-04,removed,53628212,,,,MODREN | SPACIOUS | PVT POOL | IDEAL LOCATION,1100.0,,,,BHD,monthly,,,,,,,,,,,26.185943603515625,50.46711349487305,,,,Usman Ali,,PARTLY,,,,,,2026-05-31T13:58:31.068517+00:00,2026-06-03T21:04:42.207506+00:00,3,2026-06-03T21:04:42.207506+00:00
2026-06-04,removed,53628217,,,,BRAND NEW | BRIGHT | IDEAL LOCATATION | POOL GYM,1000.0,,,,BHD,monthly,,,,,,,,,,,26.185943603515625,50.46711349487305,,,,Usman Ali,,PARTLY,,,,,,2026-05-31T13:58:31.068517+00:00,2026-06-03T21:04:42.207506+00:00,3,2026-06-03T21:04:42.207506+00:00
2026-06-04,removed,53654613,,,,"Totally Renovated, New Furniture, Garden, Compound",1200.0,,,,BHD,monthly,,,,,,,,,,,26.185943603515625,50.46711349487305,,,,Eva Gavin,,YES,,,,,,2026-05-31T13:58:31.068517+00:00,2026-06-03T21:04:42.207506+00:00,3,2026-06-03T21:04:42.207506+00:00
2026-06-04,removed,53654856,,,,SPACIOUS | BRIGHT | JACCUZI | EWA LIMIT,350.0,,,,BHD,monthly,,,,,,,,,,,26.211111068725586,50.601112365722656,,,,Ali Sultani,,YES,,,,,,2026-06-02T13:15:39.812588+00:00,2026-06-03T21:04:42.207506+00:00,1,2026-06-03T21:04:42.207506+00:00
2026-06-04,removed,53655011,,,,AMAZING | NAVY APPROVED | GREAT DEAL,370.0,,,,BHD,monthly,,,,,,,,,,,26.211111068725586,50.601112365722656,,,,Ali Sultani,,YES,,,,,,2026-06-02T13:15:39.812588+00:00,2026-06-03T21:04:42.207506+00:00,1,2026-06-03T21:04:42.207506+00:00
2026-06-04,removed,53655918,,,,PRICE DROP ALERT| HIGH FLOOR | READY TO MOVE IN,270.0,,,,BHD,monthly,,,,,,,,,,,26.211111068725586,50.601112365722656,,,,Abdulghafar Darwish,,YES,,,,,,2026-05-31T13:58:31.068517+00:00,2026-06-03T21:04:42.207506+00:00,3,2026-06-03T21:04:42.207506+00:00
2026-06-04,removed,53681746,,,,Luxury apartment for sale in Marassi,142000.0,,,,BHD,sell,,,,,,,,,,,26.306358337402344,50.64693069458008,,,,Anna Berdysheva,,YES,,,,,,2026-05-31T13:58:31.068517+00:00,2026-06-03T21:04:42.207506+00:00,3,2026-06-03T21:04:42.207506+00:00
2026-06-04,removed,53683213,,,,Nice - Well Maintained- Bright - Inclusive,390.0,,,,BHD,monthly,,,,,,,,,,,26.19164276123047,50.48757553100586,,,,Irfan Ali,,PARTLY,,,,,,2026-05-31T13:58:31.068517+00:00,2026-06-03T21:04:42.207506+00:00,3,2026-06-03T21:04:42.207506+00:00
2026-06-04,removed,53709354,,,,Luxury / Closed Kitchen / Beautiful / KSA / Gas,400.0,,,,BHD,monthly,,,,,,,,,,,26.185943603515625,50.46711349487305,,,,Arshad Thasim,,YES,,,,,,2026-05-31T13:58:31.068517+00:00,2026-06-03T21:04:42.207506+00:00,3,2026-06-03T21:04:42.207506+00:00
2026-06-04,removed,53709475,,,,Compound / Private Swimming Pool / Single Story,500.0,,,,BHD,monthly,,,,,,,,,,,26.19164276123047,50.48757553100586,,,,Arshad Thasim,,PARTLY,,,,,,2026-05-31T13:58:31.068517+00:00,2026-06-03T21:04:42.207506+00:00,3,2026-06-03T21:04:42.207506+00:00
2026-06-04,removed,53709511,,,,Beachfront | Brand New | With Marassi Sea View,640.0,,,,BHD,monthly,,,,,,,,,,,26.303447723388672,50.6461296081543,,,,Christian Brunet,,YES,,,,,,2026-05-31T13:58:31.068517+00:00,2026-06-03T21:04:42.207506+00:00,3,2026-06-03T21:04:42.207506+00:00
2026-06-04,removed,53709806,,,,Apartment | Janabiya | 2BR | Maid Room | 280BHD,270.0,,,,BHD,monthly,,,,,,,,,,,26.185943603515625,50.46711349487305,,,,Mohammed Salman,,PARTLY,,,,,,2026-05-31T13:58:31.068517+00:00,2026-06-03T21:04:42.207506+00:00,3,2026-06-03T21:04:42.207506+00:00
2026-06-04,removed,53709956,,,,Brand New 2BR | Maids room | Only 1 Unit Left !,330.0,,,,BHD,monthly,,,,,,,,,,,26.19164276123047,50.48757553100586,,,,Sr Pegasus Agent Dridi,,PARTLY,,,,,,2026-05-31T13:58:31.068517+00:00,2026-06-03T21:04:42.207506+00:00,3,2026-06-03T21:04:42.207506+00:00
2026-06-04,removed,53710328,,,,MODERN/NEW/SAFE AREA JUFFAIR/SPACIOUS/INLCLUSIVE,299.0,,,,BHD,monthly,,,,,,,,,,,26.211111068725586,50.601112365722656,,,,Sahebaz Makki,,YES,,,,,,2026-05-31T13:58:31.068517+00:00,2026-06-03T21:04:42.207506+00:00,3,2026-06-03T21:04:42.207506+00:00
2026-06-04,removed,53710413,,,,FAMILY COMPLEX/DIRECT DEAL/KIDS PLAY AREA/LOW RISE,349.0,,,,BHD,monthly,,,,,,,,,,,26.211111068725586,50.601112365722656,,,,Sahebaz Makki,,YES,,,,,,2026-05-31T13:58:31.068517+00:00,2026-06-03T21:04:42.207506+00:00,3,2026-06-03T21:04:42.207506+00:00
2026-06-04,removed,53710518,,,,MODERN+LUXURY+SPACIOUS/OFFER/BRIGHT,300.0,,,,BHD,monthly,,,,,,,,,,,26.211111068725586,50.601112365722656,,,,Sahebaz Makki,,YES,,,,,,2026-05-31T13:58:31.068517+00:00,2026-06-03T21:04:42.207506+00:00,3,2026-06-03T21:04:42.207506+00:00
2026-06-04,removed,53710725,,,,MODERN+3 BALCONYS+SEA VIEW+HS.KEEPING+BRIGHT/SAFE,399.0,,,,BHD,monthly,,,,,,,,,,,26.211111068725586,50.601112365722656,,,,Sahebaz Makki,,YES,,,,,,2026-05-31T13:58:31.068517+00:00,2026-06-03T21:04:42.207506+00:00,3,2026-06-03T21:04:42.207506+00:00
2026-06-04,removed,53710755,,,,MODERN/CLOSE KITCHEN/BALCONY/SEA VIEW/SPACIOUS/SAF,290.0,,,,BHD,monthly,,,,,,,,,,,26.211111068725586,50.601112365722656,,,,Sahebaz Makki,,YES,,,,,,2026-05-31T13:58:31.068517+00:00,2026-06-03T21:04:42.207506+00:00,3,2026-06-03T21:04:42.207506+00:00
2026-06-04,removed,53710775,,,,PRIVATE POOL II LUXURY AND BRIGHT II 2 BEDROOM II,650.0,,,,BHD,monthly,,,,,,,,,,,26.19164276123047,50.48757553100586,,,,Sheraz Butt,,YES,,,,,,2026-05-31T13:58:31.068517+00:00,2026-06-03T21:04:42.207506+00:00,3,2026-06-03T21:04:42.207506+00:00
2026-06-04,removed,53710824,,,,NO DEPOSIT SEA&CITY VIEW/VERY SPACIOUS/BIG BALCONY,270.0,,,,BHD,monthly,,,,,,,,,,,26.211111068725586,50.601112365722656,,,,Sahebaz Makki,,YES,,,,,,2026-05-31T13:58:31.068517+00:00,2026-06-03T21:04:42.207506+00:00,3,2026-06-03T21:04:42.207506+00:00
2026-06-04,removed,53710847,,,,luxury studio Eagle Hills Marassi Terraces 1,60000.0,,,,BHD,sell,,,,,,,,,,,26.303447723388672,50.6461296081543,,,,Deewania estate agency,,YES,,,,,,2026-05-31T13:58:31.068517+00:00,2026-06-03T21:04:42.207506+00:00,3,2026-06-03T21:04:42.207506+00:00
2026-06-04,removed,53710873,,,,MODERN/KIDS PLAY AREA/SPACIOUS/LOW RISE/HS.KEEPING,280.0,,,,BHD,monthly,,,,,,,,,,,26.211111068725586,50.601112365722656,,,,Sahebaz Makki,,YES,,,,,,2026-05-31T13:58:31.068517+00:00,2026-06-03T21:04:42.207506+00:00,3,2026-06-03T21:04:42.207506+00:00
2026-06-04,removed,53764958,,,,Very Modern - Rooftop with Private Terrace - WIFI,300.0,,,,BHD,monthly,,,,,,,,,,,26.19164276123047,50.48757553100586,,,,Unus Sirajuddin,,YES,,,,,,2026-05-31T13:58:31.068517+00:00,2026-06-03T21:04:42.207506+00:00,3,2026-06-03T21:04:42.207506+00:00
2026-06-04,removed,53765969,,,,Prime residential land for sale in Sadad,105000.0,,,,BHD,sell,,,,,,,,,,,26.08335304260254,50.48234558105469,,,,سيد أحمد الموسوي,,,,,,,,2026-05-31T13:58:31.068517+00:00,2026-06-03T21:04:42.207506+00:00,3,2026-06-03T21:04:42.207506+00:00
2026-06-04,removed,53792640,,,,MODERN/CINEMA/PETS/SPACIOUS/SAFE/5* AMENITIES,270.0,,,,BHD,monthly,,,,,,,,,,,26.211111068725586,50.601112365722656,,,,Sahebaz Makki,,YES,,,,,,2026-05-31T13:58:31.068517+00:00,2026-06-03T21:04:42.207506+00:00,3,2026-06-03T21:04:42.207506+00:00
2026-06-04,removed,53793016,,,,Sea and City View l Modern and Elegant Apartment,420.0,,,,BHD,monthly,,,,,,,,,,,26.211111068725586,50.601112365722656,,,,Siwar Arfaoui,,YES,,,,,,2026-05-31T13:58:31.068517+00:00,2026-06-03T21:04:42.207506+00:00,3,2026-06-03T21:04:42.207506+00:00
2026-06-04,removed,53793331,,,,Huge Garden | Spacious and Bright | Private Pool,850.0,,,,BHD,monthly,,,,,,,,,,,26.185943603515625,50.46711349487305,,,,Usman Ali,,PARTLY,,,,,,2026-05-31T13:58:31.068517+00:00,2026-06-03T21:04:42.207506+00:00,3,2026-06-03T21:04:42.207506+00:00
2026-06-04,removed,53793485,,,,Semi/Fully Furnished WITH PRIVATE POOL AND GARDEN,700.0,,,,BHD,monthly,,,,,,,,,,,26.185943603515625,50.46711349487305,,,,Aysha Adil,,YES,,,,,,2026-05-31T13:58:31.068517+00:00,2026-06-03T21:04:42.207506+00:00,3,2026-06-03T21:04:42.207506+00:00
2026-06-04,removed,53821683,,,,GREAT INVESTMENT | 50% DP | 50% IN 2 YEARS | BEACH,139888.0,,,,BHD,sell,,,,,,,,,,,26.303447723388672,50.6461296081543,,,,Raheel Saeed,,YES,,,,,,2026-05-31T13:58:31.068517+00:00,2026-06-03T21:04:42.207506+00:00,3,2026-06-03T21:04:42.207506+00:00
2026-06-04,removed,53821980,,,,STUNNING 3BR | RENTED | MODERN FURNITURE | BEACH,185000.0,,,,BHD,sell,,,,,,,,,,,26.303447723388672,50.6461296081543,,,,Raheel Saeed,,YES,,,,,,2026-05-31T13:58:31.068517+00:00,2026-06-03T21:04:42.207506+00:00,3,2026-06-03T21:04:42.207506+00:00
2026-06-04,removed,53822099,,,,Mid Floor | Perfect Price | Managed,260.0,,,,BHD,monthly,,,,,,,,,,,26.211111068725586,50.601112365722656,,,,Zain Shamsi,,YES,,,,,,2026-06-02T00:10:52.106132+00:00,2026-06-03T21:04:42.207506+00:00,1,2026-06-03T21:04:42.207506+00:00
2026-06-04,removed,53822226,,,,Bright | Open Kitchen | Spacious Layout |,400.0,,,,BHD,monthly,,,,,,,,,,,26.19164276123047,50.48757553100586,,,,Charisse Villaruz,,YES,,,,,,2026-05-31T13:58:31.068517+00:00,2026-06-03T21:04:42.207506+00:00,3,2026-06-03T21:04:42.207506+00:00
2026-06-04,removed,53822648,,,,MODREN | SPACIOUS | IDEAL LOCATION POOL GARDEN,800.0,,,,BHD,monthly,,,,,,,,,,,26.185943603515625,50.46711349487305,,,,Usman Ali,,PARTLY,,,,,,2026-05-31T13:58:31.068517+00:00,2026-06-03T21:04:42.207506+00:00,3,2026-06-03T21:04:42.207506+00:00
2026-06-04,removed,53822654,,,,Modern / Luxury / Compound Villa / Pool / Garden,1500.0,,,,BHD,monthly,,,,,,,,,,,26.185943603515625,50.46711349487305,,,,Ismail Abdullah,,PARTLY,,,,,,2026-05-31T13:58:31.068517+00:00,2026-06-03T21:04:42.207506+00:00,3,2026-06-03T21:04:42.207506+00:00
2026-06-04,removed,53822666,,,,SPACIOUS | PRIME LOCATION | PRIVATE POOL GARDEN,900.0,,,,BHD,monthly,,,,,,,,,,,26.185943603515625,50.46711349487305,,,,Usman Ali,,PARTLY,,,,,,2026-05-31T13:58:31.068517+00:00,2026-06-03T21:04:42.207506+00:00,3,2026-06-03T21:04:42.207506+00:00
2026-06-04,removed,53822707,,,,GREAT INVESTMENT | 50% DP | 50% IN 2 YEARS | BEACH,135000.0,,,,BHD,sell,,,,,,,,,,,26.306358337402344,50.64693069458008,,,,Raheel Saeed,,YES,,,,,,2026-05-31T13:58:31.068517+00:00,2026-06-03T21:04:42.207506+00:00,3,2026-06-03T21:04:42.207506+00:00
2026-06-04,removed,53822759,,,,Partial Sea view | Marassi Bay | 2 bedroom | New,155000.0,,,,BHD,sell,,,,,,,,,,,26.303447723388672,50.6461296081543,,,,Linda Mehdi,,PARTLY,,,,,,2026-05-31T13:58:31.068517+00:00,2026-06-03T21:04:42.207506+00:00,3,2026-06-03T21:04:42.207506+00:00
2026-06-04,removed,53850884,,,,Elegant Flat | M Terraces with Pool & MG Mall View,149000.0,,,,BHD,sell,,,,,,,,,,,26.303447723388672,50.6461296081543,,,,Abdulla Alkhan,,PARTLY,,,,,,2026-05-31T13:58:31.068517+00:00,2026-06-03T21:04:42.207506+00:00,3,2026-06-03T21:04:42.207506+00:00
2026-06-04,removed,53878556,,,,301.9 SQM RA Land for Sale in Saddad 88K BHD,88000.0,,,,BHD,sell,,,,,,,,,,,26.08335304260254,50.48234558105469,,,,Ahmed Zekrait,,,,,,,,2026-05-31T13:58:31.068517+00:00,2026-06-03T21:04:42.207506+00:00,3,2026-06-03T21:04:42.207506+00:00
2026-06-04,removed,53906433,,,,Spacious Villa | Private Pool | Private Garden,550.0,,,,BHD,monthly,,,,,,,,,,,26.19164276123047,50.48757553100586,,,,Antony Shaiju,,PARTLY,,,,,,2026-05-31T13:58:31.068517+00:00,2026-06-03T21:04:42.207506+00:00,3,2026-06-03T21:04:42.207506+00:00
2026-06-04,removed,53906442,,,,Land for sale in Sadad Area: 314.6 square meters C,88000.0,,,,BHD,sell,,,,,,,,,,,26.08335304260254,50.48234558105469,,,,Abdulfattah Ali,,,,,,,,2026-05-31T13:58:31.068517+00:00,2026-06-03T21:04:42.207506+00:00,3,2026-06-03T21:04:42.207506+00:00
2026-06-04,removed,53906542,,,,Modern | Balcony | Internet | Housekeeping,400.0,,,,BHD,monthly,,,,,,,,,,,26.287778854370117,50.66339111328125,,,,Diana Valerya,,YES,,,,,,2026-05-31T13:58:31.068517+00:00,2026-06-03T21:04:42.207506+00:00,3,2026-06-03T21:04:42.207506+00:00
2026-06-04,removed,53933665,,,,Newly  Furnished  2BR Big Balcony  closed to lulu,399.0,,,,BHD,monthly,,,,,,,,,,,26.211111068725586,50.601112365722656,,,,Haroon Sorathia,,YES,,,,,,2026-05-31T13:58:31.068517+00:00,2026-06-03T21:04:42.207506+00:00,3,2026-06-03T21:04:42.207506+00:00
2026-06-04,removed,53933673,,,,Unlimited Ewa 2BHK Furnished Flat with Balcony,350.0,,,,BHD,monthly,,,,,,,,,,,26.211111068725586,50.601112365722656,,,,Haroon Sorathia,,YES,,,,,,2026-05-31T13:58:31.068517+00:00,2026-06-03T21:04:42.207506+00:00,3,2026-06-03T21:04:42.207506+00:00
2026-06-04,removed,53933676,,,,"Spacious Studio Apartment with Parking , Pool  Gym",200.0,,,,BHD,monthly,,,,,,,,,,,26.211111068725586,50.601112365722656,,,,Haroon Sorathia,,YES,,,,,,2026-05-31T13:58:31.068517+00:00,2026-06-03T21:04:42.207506+00:00,3,2026-06-03T21:04:42.207506+00:00
2026-06-04,removed,53934379,,,,"Beachfront- Move In Now, Pay the Rest Over 2 Year",117000.0,,,,BHD,sell,,,,,,,,,,,26.303447723388672,50.6461296081543,,,,Jasmine,,YES,,,,,,2026-05-31T13:58:31.068517+00:00,2026-06-03T21:04:42.207506+00:00,3,2026-06-03T21:04:42.207506+00:00
2026-06-04,removed,53960379,,,,Spacious | Pool + Gym | Maid room | Family Living,700.0,,,,BHD,monthly,,,,,,,,,,,26.230030059814453,50.55890655517578,,,,Bilal Mohamed,,YES,,,,,,2026-05-31T13:58:31.068517+00:00,2026-06-03T21:04:42.207506+00:00,3,2026-06-03T21:04:42.207506+00:00
2026-06-04,removed,54040941,,,,MODERN FURNISHED-POOL AND ELEVATOR-NEAR MOTHERCARE,2500.0,,,,BHD,monthly,,,,,,,,,,,26.207910537719727,50.587345123291016,,,,Alice Muthoni,,YES,,,,,,2026-06-02T09:27:30.892318+00:00,2026-06-03T21:04:42.207506+00:00,1,2026-06-03T21:04:42.207506+00:00
2026-06-04,removed,54041853,,,,Sea View | Balcony | Housekeeping | Maid room,825.0,,,,BHD,monthly,,,,,,,,,,,26.287778854370117,50.66339111328125,,,,Diana Valerya,,YES,,,,,,2026-06-02T13:15:39.812588+00:00,2026-06-03T21:04:42.207506+00:00,1,2026-06-03T21:04:42.207506+00:00
2026-06-04,removed,54042156,,,,BRAND NEW / HIGH END FURNITURE /PRIME LOCATION,600.0,,,,BHD,monthly,,,,,,,,,,,26.185943603515625,50.46711349487305,,,,Kristina Rakikji,,YES,,,,,,2026-06-02T17:34:08.678888+00:00,2026-06-03T21:04:42.207506+00:00,1,2026-06-03T21:04:42.207506+00:00
2026-06-04,removed,54069223,,,,Beautiful 2BHK||Housekeeping|3 Balconies,350.0,,,,BHD,monthly,,,,,,,,,,,26.211111068725586,50.601112365722656,,,,Hammad Naseem,,YES,,,,,,2026-06-03T17:41:25.016506+00:00,2026-06-03T21:04:42.207506+00:00,0,2026-06-03T21:04:42.207506+00:00
2026-06-04,removed,54069225,,,,Beautiful 3 BHK|Close Kitchen|3 Balconies|WIFI,375.0,,,,BHD,monthly,,,,,,,,,,,26.211111068725586,50.601112365722656,,,,Hammad Naseem,,YES,,,,,,2026-06-03T17:41:25.016506+00:00,2026-06-03T21:04:42.207506+00:00,0,2026-06-03T21:04:42.207506+00:00
2026-06-04,removed,54069227,,,,Beautiful Studio|Balcony|Free Internet|Inclusive,280.0,,,,BHD,monthly,,,,,,,,,,,26.211111068725586,50.601112365722656,,,,Hammad Naseem,,YES,,,,,,2026-06-03T17:41:25.016506+00:00,2026-06-03T21:04:42.207506+00:00,0,2026-06-03T21:04:42.207506+00:00
2026-06-04,removed,54069232,,,,Beautiful 2BHK|Balcony|Inclusive|Housekeeping,300.0,,,,BHD,monthly,,,,,,,,,,,26.211111068725586,50.601112365722656,,,,Hammad Naseem,,YES,,,,,,2026-06-03T17:41:25.016506+00:00,2026-06-03T21:04:42.207506+00:00,0,2026-06-03T21:04:42.207506+00:00
2026-06-04,removed,54069236,,,,Spacious Studio| Luxury Flat|Inclusive,260.0,,,,BHD,monthly,,,,,,,,,,,26.211111068725586,50.601112365722656,,,,Hammad Naseem,,YES,,,,,,2026-06-03T17:41:25.016506+00:00,2026-06-03T21:04:42.207506+00:00,0,2026-06-03T21:04:42.207506+00:00
2026-06-04,removed,54069369,,,,HIGH LUXURIOUS ONE BEDROOM APARTMENT SEA CITY VIEW,270.0,,,,BHD,monthly,,,,,,,,,,,26.211111068725586,50.601112365722656,,,,Abdulla Al Samahiji,,YES,,,,,,2026-06-03T21:04:42.207506+00:00,2026-06-03T21:04:42.207506+00:00,0,2026-06-03T21:04:42.207506+00:00
2026-06-04,removed,575155,,,,Hidd Plaza – Premium Commercial Spaces for Rent,1675.0,,,,BHD,monthly,,,,,,,,,,,26.21263313293457,50.67418670654297,,,,Bernard Ferrao,,NO,,,,,,2026-05-31T13:58:31.068517+00:00,2026-06-03T21:04:42.207506+00:00,3,2026-06-03T21:04:42.207506+00:00
2026-06-04,removed,871599,,,,Land for sale in Sadad,120000.0,,,,BHD,sell,,,,,,,,,,,26.08335304260254,50.48234558105469,,,,Talal Al Halal ,,,,,,,,2026-05-31T13:58:31.068517+00:00,2026-06-03T21:04:42.207506+00:00,3,2026-06-03T21:04:42.207506+00:00
2026-06-04,removed,900364,,,,Residential Land for Sale in Sadad,125000.0,,,,BHD,sell,,,,,,,,,,,26.08335304260254,50.48234558105469,,,,Mahmood Al-Shaikh,,,,,,,,2026-05-31T13:58:31.068517+00:00,2026-06-03T21:04:42.207506+00:00,3,2026-06-03T21:04:42.207506+00:00
2026-06-04,removed,903175,,,,Furnished and semi furnished with pool great area,800.0,,,,BHD,monthly,,,,,,,,,,,26.19164276123047,50.48757553100586,,,,Vikki Ann Lord,,PARTLY,,,,,,2026-05-31T13:58:31.068517+00:00,2026-06-03T21:04:42.207506+00:00,3,2026-06-03T21:04:42.207506+00:00
2026-06-04,removed,903253,,,,Spacious Apartments in a Central Location,480.0,,,,BHD,monthly,,,,,,,,,,,26.19164276123047,50.48757553100586,,,,Vikki Ann Lord,,YES,,,,,,2026-05-31T13:58:31.068517+00:00,2026-06-03T21:04:42.207506+00:00,3,2026-06-03T21:04:42.207506+00:00
2026-06-04,removed,904318,,,,Modern Villas: Family Compound,1200.0,,,,BHD,monthly,,,,,,,,,,,26.185943603515625,50.46711349487305,,,,Vikki Ann Lord,,PARTLY,,,,,,2026-05-31T13:58:31.068517+00:00,2026-06-03T21:04:42.207506+00:00,3,2026-06-03T21:04:42.207506+00:00
2026-06-04,removed,904325,,,,Luxurious Executive Villa with Private Pool,1300.0,,,,BHD,monthly,,,,,,,,,,,26.166685104370117,50.45078659057617,,,,Vikki Ann Lord,,PARTLY,,,,,,2026-05-31T13:58:31.068517+00:00,2026-06-03T21:04:42.207506+00:00,3,2026-06-03T21:04:42.207506+00:00
2026-06-04,removed,933711,,,,Immaculate design coupled with 1st-class amenities,139000.0,,,,BHD,sell,,,,,,,,,,,26.27286720275879,50.672889709472656,,,,Anil Kunnikal,,YES,,,,,,2026-05-31T14:33:55.753010+00:00,2026-06-03T21:04:42.207506+00:00,3,2026-06-03T21:04:42.207506+00:00
2026-06-04,removed,944117,,,,FLEXIBLE PAYMENT PLAN - STYLISH - HOT DEAL,67500.0,,,,BHD,sell,,,,,,,,,,,26.26974105834961,50.6783332824707,,,,Jessica Ricci,,PARTLY,,,,,,2026-05-31T14:33:55.753010+00:00,2026-06-03T21:04:42.207506+00:00,3,2026-06-03T21:04:42.207506+00:00
2026-06-04,removed,952563,,,,NEW REDUCED PRICE /NEWLY RENOVATED/RENTAL INCOME,92000.0,,,,BHD,sell,,,,,,,,,,,26.300025939941406,50.66316223144531,,,,Sheila  Mcewan,,YES,,,,,,2026-05-31T13:58:31.068517+00:00,2026-06-03T21:04:42.207506+00:00,3,2026-06-03T21:04:42.207506+00:00
2026-06-04,removed,953158,,,,Luxury Stunning Studio Apartment With Balcony ,300.0,,,,BHD,monthly,,,,,,,,,,,26.27286720275879,50.672889709472656,,,,Mohammed Obaida,,YES,,,,,,2026-05-31T13:58:31.068517+00:00,2026-06-03T21:04:42.207506+00:00,3,2026-06-03T21:04:42.207506+00:00
2026-06-04,removed,954074,,,,Stunning Modern Sea View Apartment With Balcony,500.0,,,,BHD,monthly,,,,,,,,,,,26.287778854370117,50.66339111328125,,,,Mohammed Obaida,,YES,,,,,,2026-05-31T13:58:31.068517+00:00,2026-06-03T21:04:42.207506+00:00,3,2026-06-03T21:04:42.207506+00:00
2026-06-04,removed,954121,,,,Luxury Stunning Sea View Apartment With Balcony ,700.0,,,,BHD,monthly,,,,,,,,,,,26.287778854370117,50.66339111328125,,,,Mohammed Obaida,,YES,,,,,,2026-05-31T13:58:31.068517+00:00,2026-06-03T21:04:42.207506+00:00,3,2026-06-03T21:04:42.207506+00:00
2026-06-04,removed,956852,,,,Stunning Sunny Sea View Apartment With Balcony ,500.0,,,,BHD,monthly,,,,,,,,,,,26.29302978515625,50.66474151611328,,,,Mohammed Obaida,,YES,,,,,,2026-05-31T13:58:31.068517+00:00,2026-06-03T21:04:42.207506+00:00,3,2026-06-03T21:04:42.207506+00:00
2026-06-04,removed,956856,,,,Sea View Stunning Apartment With Balcony,350.0,,,,BHD,monthly,,,,,,,,,,,26.27286720275879,50.672889709472656,,,,Mohammed Obaida,,YES,,,,,,2026-05-31T13:58:31.068517+00:00,2026-06-03T21:04:42.207506+00:00,3,2026-06-03T21:04:42.207506+00:00
2026-06-04,removed,961650,,,,4BR - SEMI FURNISHED - MAID ROOM - FACILITIES,630.0,,,,BHD,monthly,,,,,,,,,,,26.140336990356445,50.478271484375,,,,Vinay Sharma,,PARTLY,,,,,,2026-05-31T13:58:31.068517+00:00,2026-06-03T21:04:42.207506+00:00,3,2026-06-03T21:04:42.207506+00:00
2026-06-04,removed,964595,,,,Brand New | Ensuite Guest Room | Roof Deck,129000.0,,,,BHD,sell,,,,,,,,,,,26.123769760131836,50.469722747802734,,,,Kensington Real Estate,,NO,,,,,,2026-05-31T13:58:31.068517+00:00,2026-06-03T21:04:42.207506+00:00,3,2026-06-03T21:04:42.207506+00:00
2026-06-04,removed,965591,,,,Bargain 4 bedrooms penthouse for sale in dilmunia,275000.0,,,,BHD,sell,,,,,,,,,,,26.27286720275879,50.672889709472656,,,,Jafar Said,,PARTLY,,,,,,2026-05-31T14:33:55.753010+00:00,2026-06-03T21:04:42.207506+00:00,3,2026-06-03T21:04:42.207506+00:00
2026-06-04,removed,965735,,,,"BRIGHT,BRAND NEW STUDIO FOR SALE IN MARASSI",48000.0,,,,BHD,sell,,,,,,,,,,,26.303447723388672,50.6461296081543,,,,Violeta Abboud,,YES,,,,,,2026-05-31T13:58:31.068517+00:00,2026-06-03T21:04:42.207506+00:00,3,2026-06-03T21:04:42.207506+00:00
2026-06-04,removed,967723,,,,STUDIO | NICE VIEW | MODERN | FULL AMENITIES,50000.0,,,,BHD,sell,,,,,,,,,,,26.27286720275879,50.672889709472656,,,,Violeta Abboud,,YES,,,,,,2026-05-31T14:33:55.753010+00:00,2026-06-03T21:04:42.207506+00:00,3,2026-06-03T21:04:42.207506+00:00
2026-06-04,removed,970498,,,,Luxury Stunning Lagoon View Apartments Balcony,475.0,,,,BHD,monthly,,,,,,,,,,,26.287778854370117,50.66339111328125,,,,Mohammed Obaida,,YES,,,,,,2026-05-31T13:58:31.068517+00:00,2026-06-03T21:04:42.207506+00:00,3,2026-06-03T21:04:42.207506+00:00
2026-06-04,removed,972564,,,,Brand new great location Best price balcony,425.0,,,,BHD,monthly,,,,,,,,,,,26.239999771118164,50.5369987487793,,,,Mostafa Awad,,YES,,,,,,2026-05-31T13:58:31.068517+00:00,2026-06-03T21:04:42.207506+00:00,3,2026-06-03T21:04:42.207506+00:00
2026-06-04,removed,975032,,,,2 bedroom/perfect for families with kids and pets,450.0,,,,BHD,monthly,,,,,,,,,,,26.211111068725586,50.601112365722656,,,,Myrah Ganapathy,,YES,,,,,,2026-05-31T13:58:31.068517+00:00,2026-06-03T21:04:42.207506+00:00,3,2026-06-03T21:04:42.207506+00:00
2026-06-04,removed,982419,,,,Branded Residence | Hotel Facilities,140000.0,,,,BHD,sell,,,,,,,,,,,26.30344581604004,50.646121978759766,,,,Hatem  Kallel,,YES,,,,,,2026-05-31T13:58:31.068517+00:00,2026-06-03T21:04:42.207506+00:00,3,2026-06-03T21:04:42.207506+00:00
2026-06-04,removed,982886,,,,Hot Deal | Investment | Free Beach Access,58000.0,,,,BHD,sell,,,,,,,,,,,26.303447723388672,50.6461296081543,,,,Faten Seyeh,,YES,,,,,,2026-05-31T13:58:31.068517+00:00,2026-06-03T21:04:42.207506+00:00,3,2026-06-03T21:04:42.207506+00:00
2026-06-04,removed,985960,,,,ADDRESS RESORT HOTEL | HIGH ROI | PREMIUM LIVING |,375000.0,,,,BHD,sell,,,,,,,,,,,26.30344581604004,50.646121978759766,,,,Hamad Buhameed,,YES,,,,,,2026-05-31T13:58:31.068517+00:00,2026-06-03T21:04:42.207506+00:00,3,2026-06-03T21:04:42.207506+00:00
2026-06-04,removed,986973,,,,Best Price - High Floor - Freehold - Furnished,100000.0,,,,BHD,sell,,,,,,,,,,,26.303447723388672,50.6461296081543,,,,Lina Sabrawi,,YES,,,,,,2026-05-31T13:58:31.068517+00:00,2026-06-03T21:04:42.207506+00:00,3,2026-06-03T21:04:42.207506+00:00
2026-06-04,removed,987538,,,,Brand new with payment plan One bedroom Dilmunia,63000.0,,,,BHD,sell,,,,,,,,,,,26.26974105834961,50.6783332824707,,,,Artyom Maulenov,,NO,,,,,,2026-06-02T13:15:39.812588+00:00,2026-06-03T21:04:42.207506+00:00,1,2026-06-03T21:04:42.207506+00:00
2026-06-04,removed,998466,,,,SEAFRONT VILLA / PRIVATE POOL / MODERN,1800.0,,,,BHD,monthly,,,,,,,,,,,26.31142234802246,50.64306640625,,,,Kristina Rakikji,,YES,,,,,,2026-05-31T13:58:31.068517+00:00,2026-06-03T21:04:42.207506+00:00,3,2026-06-03T21:04:42.207506+00:00
2026-06-04,removed,998996,,,,GREAT INVESTMENT| LUXURIOUS| HUGE BALCONY|SEAVIEWS,240000.0,,,,BHD,sell,,,,,,,,,,,26.241750717163086,50.5663948059082,,,,Marie Sharpe,,YES,,,,,,2026-05-31T13:58:31.068517+00:00,2026-06-03T21:04:42.207506+00:00,3,2026-06-03T21:04:42.207506+00:00
2026-06-04,removed,999422,,,,WE HAVE A FANTASTIC NEW LISTING IN FLOATING CITY,900.0,,,,BHD,monthly,,,,,,,,,,,26.2847957611084,50.669620513916016,,,,Sheila  Mcewan,,YES,,,,,,2026-05-31T13:58:31.068517+00:00,2026-06-03T21:04:42.207506+00:00,3,2026-06-03T21:04:42.207506+00:00
2026-06-04,removed,999444,,,,NEWLY RENOVATED/SPECIOUS/GOOD LOCATION WITH POOL,1000.0,,,,BHD,monthly,,,,,,,,,,,26.27199935913086,50.60900115966797,,,,Sheila  Mcewan,,PARTLY,,,,,,2026-05-31T13:58:31.068517+00:00,2026-06-03T21:04:42.207506+00:00,3,2026-06-03T21:04:42.207506+00:00
